ISO-10303-21;
/* ALPHABETS_LICENSE_BEGIN */
/* SPDX-FileCopyrightText: 2014-2026 The Beach Lab <https://beachlab.org> */
/* SPDX-License-Identifier: MIT */
/* ALPHABETS_LICENSE_END */
HEADER;
FILE_DESCRIPTION(('Open CASCADE Model'),'2;1');
FILE_NAME('Open CASCADE Shape Model','1970-01-01T00:00:00',('Author'),(
    'Open CASCADE'),'Open CASCADE STEP processor 7.9','Open CASCADE 7.9'
  ,'Unknown');
FILE_SCHEMA(('AUTOMOTIVE_DESIGN { 1 0 10303 214 1 1 1 1 }'));
ENDSEC;
DATA;
#1 = APPLICATION_PROTOCOL_DEFINITION('international standard',
  'automotive_design',2000,#2);
#2 = APPLICATION_CONTEXT(
  'core data for automotive mechanical design processes');
#3 = SHAPE_DEFINITION_REPRESENTATION(#4,#10);
#4 = PRODUCT_DEFINITION_SHAPE('','',#5);
#5 = PRODUCT_DEFINITION('design','',#6,#9);
#6 = PRODUCT_DEFINITION_FORMATION('','',#7);
#7 = PRODUCT('Open CASCADE STEP translator 7.9 1',
  'Open CASCADE STEP translator 7.9 1','',(#8));
#8 = PRODUCT_CONTEXT('',#2,'mechanical');
#9 = PRODUCT_DEFINITION_CONTEXT('part definition',#2,'design');
#10 = ADVANCED_BREP_SHAPE_REPRESENTATION('',(#11,#15),#10841);
#11 = AXIS2_PLACEMENT_3D('',#12,#13,#14);
#12 = CARTESIAN_POINT('',(0.,0.,0.));
#13 = DIRECTION('',(0.,0.,1.));
#14 = DIRECTION('',(1.,0.,-0.));
#15 = MANIFOLD_SOLID_BREP('',#16);
#16 = CLOSED_SHELL('',(#17,#638,#3011,#3243,#3479,#3745,#3829,#4128,
    #4178,#4644,#4717,#4769,#4816,#4869,#4895,#4947,#5070,#5123,#5147,
    #5199,#5224,#5252,#5307,#5381,#5455,#5502,#5549,#5597,#5645,#5719,
    #5793,#5840,#5887,#5935,#5983,#6154,#6228,#6276,#6323,#6371,#6418,
    #6466,#6513,#6560,#6607,#6654,#6702,#6749,#6797,#6824,#6879,#6952,
    #6999,#7046,#7094,#7141,#7189,#7237,#7284,#7332,#7379,#7427,#7453,
    #7479,#7505,#7531,#7557,#7628,#7679,#7730,#7837,#7888,#7939,#7991,
    #8065,#8097,#8170,#8217,#8264,#8290,#8363,#8410,#8457,#8483,#8538,
    #8611,#8658,#8705,#8731,#8804,#8851,#8898,#8924,#8951,#9069,#9096,
    #9123,#9150,#9177,#9218,#9222,#9229,#9236,#9243,#9250,#9267,#9271,
    #9286,#9363,#9412,#9462,#9520,#9546,#9621,#9671,#9720,#9774,#9830,
    #9857,#9864,#9871,#9875,#9882,#9889,#9944,#9999,#10071,#10126,#10246
    ,#10275,#10310,#10345,#10380,#10415,#10470,#10525,#10580,#10630,
    #10680,#10735,#10742,#10749,#10784,#10814));
#17 = ADVANCED_FACE('',(#18,#261,#603),#32,.T.);
#18 = FACE_BOUND('',#19,.T.);
#19 = EDGE_LOOP('',(#20,#55,#88,#116,#145,#173,#206,#234));
#20 = ORIENTED_EDGE('',*,*,#21,.T.);
#21 = EDGE_CURVE('',#22,#24,#26,.T.);
#22 = VERTEX_POINT('',#23);
#23 = CARTESIAN_POINT('',(-30.15,40.301814675,74.32));
#24 = VERTEX_POINT('',#25);
#25 = CARTESIAN_POINT('',(30.15,40.301814675,74.32));
#26 = SURFACE_CURVE('',#27,(#31,#43),.PCURVE_S1.);
#27 = LINE('',#28,#29);
#28 = CARTESIAN_POINT('',(-30.15,40.301814675,74.32));
#29 = VECTOR('',#30,1.);
#30 = DIRECTION('',(1.,0.,0.));
#31 = PCURVE('',#32,#37);
#32 = PLANE('',#33);
#33 = AXIS2_PLACEMENT_3D('',#34,#35,#36);
#34 = CARTESIAN_POINT('',(-40.15,40.301814675,-83.));
#35 = DIRECTION('',(0.,1.,0.));
#36 = DIRECTION('',(0.,0.,1.));
#37 = DEFINITIONAL_REPRESENTATION('',(#38),#42);
#38 = LINE('',#39,#40);
#39 = CARTESIAN_POINT('',(157.32,10.));
#40 = VECTOR('',#41,1.);
#41 = DIRECTION('',(0.,1.));
#42 = ( GEOMETRIC_REPRESENTATION_CONTEXT(2)
PARAMETRIC_REPRESENTATION_CONTEXT() REPRESENTATION_CONTEXT('2D SPACE',''
  ) );
#43 = PCURVE('',#44,#49);
#44 = PLANE('',#45);
#45 = AXIS2_PLACEMENT_3D('',#46,#47,#48);
#46 = CARTESIAN_POINT('',(-40.15,-64.75,74.32));
#47 = DIRECTION('',(0.,0.,1.));
#48 = DIRECTION('',(1.,0.,0.));
#49 = DEFINITIONAL_REPRESENTATION('',(#50),#54);
#50 = LINE('',#51,#52);
#51 = CARTESIAN_POINT('',(10.,105.051814675));
#52 = VECTOR('',#53,1.);
#53 = DIRECTION('',(1.,0.));
#54 = ( GEOMETRIC_REPRESENTATION_CONTEXT(2)
PARAMETRIC_REPRESENTATION_CONTEXT() REPRESENTATION_CONTEXT('2D SPACE',''
  ) );
#55 = ORIENTED_EDGE('',*,*,#56,.F.);
#56 = EDGE_CURVE('',#57,#24,#59,.T.);
#57 = VERTEX_POINT('',#58);
#58 = CARTESIAN_POINT('',(40.15,40.301814675,64.32));
#59 = SURFACE_CURVE('',#60,(#65,#76),.PCURVE_S1.);
#60 = CIRCLE('',#61,10.);
#61 = AXIS2_PLACEMENT_3D('',#62,#63,#64);
#62 = CARTESIAN_POINT('',(30.15,40.301814675,64.32));
#63 = DIRECTION('',(-0.,-1.,0.));
#64 = DIRECTION('',(0.,-0.,1.));
#65 = PCURVE('',#32,#66);
#66 = DEFINITIONAL_REPRESENTATION('',(#67),#75);
#67 = ( BOUNDED_CURVE() B_SPLINE_CURVE(2,(#68,#69,#70,#71,#72,#73,#74),
.UNSPECIFIED.,.T.,.F.) B_SPLINE_CURVE_WITH_KNOTS((1,2,2,2,2,1),(
    -2.094395102393,0.,2.094395102393,4.188790204786,6.28318530718,
8.377580409573),.UNSPECIFIED.) CURVE() GEOMETRIC_REPRESENTATION_ITEM()
RATIONAL_B_SPLINE_CURVE((1.,0.5,1.,0.5,1.,0.5,1.)) REPRESENTATION_ITEM(
  '') );
#68 = CARTESIAN_POINT('',(157.32,70.3));
#69 = CARTESIAN_POINT('',(157.32,52.979491924311));
#70 = CARTESIAN_POINT('',(142.32,61.639745962156));
#71 = CARTESIAN_POINT('',(127.32,70.3));
#72 = CARTESIAN_POINT('',(142.32,78.960254037844));
#73 = CARTESIAN_POINT('',(157.32,87.620508075689));
#74 = CARTESIAN_POINT('',(157.32,70.3));
#75 = ( GEOMETRIC_REPRESENTATION_CONTEXT(2)
PARAMETRIC_REPRESENTATION_CONTEXT() REPRESENTATION_CONTEXT('2D SPACE',''
  ) );
#76 = PCURVE('',#77,#82);
#77 = CYLINDRICAL_SURFACE('',#78,10.);
#78 = AXIS2_PLACEMENT_3D('',#79,#80,#81);
#79 = CARTESIAN_POINT('',(30.15,-64.75,64.32));
#80 = DIRECTION('',(0.,1.,0.));
#81 = DIRECTION('',(1.,0.,-0.));
#82 = DEFINITIONAL_REPRESENTATION('',(#83),#87);
#83 = LINE('',#84,#85);
#84 = CARTESIAN_POINT('',(4.712388980385,105.051814675));
#85 = VECTOR('',#86,1.);
#86 = DIRECTION('',(-1.,0.));
#87 = ( GEOMETRIC_REPRESENTATION_CONTEXT(2)
PARAMETRIC_REPRESENTATION_CONTEXT() REPRESENTATION_CONTEXT('2D SPACE',''
  ) );
#88 = ORIENTED_EDGE('',*,*,#89,.F.);
#89 = EDGE_CURVE('',#90,#57,#92,.T.);
#90 = VERTEX_POINT('',#91);
#91 = CARTESIAN_POINT('',(40.15,40.301814675,-73.));
#92 = SURFACE_CURVE('',#93,(#97,#104),.PCURVE_S1.);
#93 = LINE('',#94,#95);
#94 = CARTESIAN_POINT('',(40.15,40.301814675,-83.));
#95 = VECTOR('',#96,1.);
#96 = DIRECTION('',(0.,0.,1.));
#97 = PCURVE('',#32,#98);
#98 = DEFINITIONAL_REPRESENTATION('',(#99),#103);
#99 = LINE('',#100,#101);
#100 = CARTESIAN_POINT('',(0.,80.3));
#101 = VECTOR('',#102,1.);
#102 = DIRECTION('',(1.,0.));
#103 = ( GEOMETRIC_REPRESENTATION_CONTEXT(2)
PARAMETRIC_REPRESENTATION_CONTEXT() REPRESENTATION_CONTEXT('2D SPACE',''
  ) );
#104 = PCURVE('',#105,#110);
#105 = PLANE('',#106);
#106 = AXIS2_PLACEMENT_3D('',#107,#108,#109);
#107 = CARTESIAN_POINT('',(40.15,-64.75,-83.));
#108 = DIRECTION('',(1.,0.,0.));
#109 = DIRECTION('',(0.,0.,1.));
#110 = DEFINITIONAL_REPRESENTATION('',(#111),#115);
#111 = LINE('',#112,#113);
#112 = CARTESIAN_POINT('',(0.,-105.051814675));
#113 = VECTOR('',#114,1.);
#114 = DIRECTION('',(1.,0.));
#115 = ( GEOMETRIC_REPRESENTATION_CONTEXT(2)
PARAMETRIC_REPRESENTATION_CONTEXT() REPRESENTATION_CONTEXT('2D SPACE',''
  ) );
#116 = ORIENTED_EDGE('',*,*,#117,.T.);
#117 = EDGE_CURVE('',#90,#118,#120,.T.);
#118 = VERTEX_POINT('',#119);
#119 = CARTESIAN_POINT('',(30.15,40.301814675,-83.));
#120 = SURFACE_CURVE('',#121,(#126,#133),.PCURVE_S1.);
#121 = CIRCLE('',#122,10.);
#122 = AXIS2_PLACEMENT_3D('',#123,#124,#125);
#123 = CARTESIAN_POINT('',(30.15,40.301814675,-73.));
#124 = DIRECTION('',(0.,1.,0.));
#125 = DIRECTION('',(0.,-0.,1.));
#126 = PCURVE('',#32,#127);
#127 = DEFINITIONAL_REPRESENTATION('',(#128),#132);
#128 = CIRCLE('',#129,10.);
#129 = AXIS2_PLACEMENT_2D('',#130,#131);
#130 = CARTESIAN_POINT('',(10.,70.3));
#131 = DIRECTION('',(1.,0.));
#132 = ( GEOMETRIC_REPRESENTATION_CONTEXT(2)
PARAMETRIC_REPRESENTATION_CONTEXT() REPRESENTATION_CONTEXT('2D SPACE',''
  ) );
#133 = PCURVE('',#134,#139);
#134 = CYLINDRICAL_SURFACE('',#135,10.);
#135 = AXIS2_PLACEMENT_3D('',#136,#137,#138);
#136 = CARTESIAN_POINT('',(30.15,-64.75,-73.));
#137 = DIRECTION('',(0.,1.,0.));
#138 = DIRECTION('',(1.,0.,-0.));
#139 = DEFINITIONAL_REPRESENTATION('',(#140),#144);
#140 = LINE('',#141,#142);
#141 = CARTESIAN_POINT('',(-1.570796326795,105.051814675));
#142 = VECTOR('',#143,1.);
#143 = DIRECTION('',(1.,0.));
#144 = ( GEOMETRIC_REPRESENTATION_CONTEXT(2)
PARAMETRIC_REPRESENTATION_CONTEXT() REPRESENTATION_CONTEXT('2D SPACE',''
  ) );
#145 = ORIENTED_EDGE('',*,*,#146,.F.);
#146 = EDGE_CURVE('',#147,#118,#149,.T.);
#147 = VERTEX_POINT('',#148);
#148 = CARTESIAN_POINT('',(-30.15,40.301814675,-83.));
#149 = SURFACE_CURVE('',#150,(#154,#161),.PCURVE_S1.);
#150 = LINE('',#151,#152);
#151 = CARTESIAN_POINT('',(-40.15,40.301814675,-83.));
#152 = VECTOR('',#153,1.);
#153 = DIRECTION('',(1.,0.,0.));
#154 = PCURVE('',#32,#155);
#155 = DEFINITIONAL_REPRESENTATION('',(#156),#160);
#156 = LINE('',#157,#158);
#157 = CARTESIAN_POINT('',(0.,0.));
#158 = VECTOR('',#159,1.);
#159 = DIRECTION('',(0.,1.));
#160 = ( GEOMETRIC_REPRESENTATION_CONTEXT(2)
PARAMETRIC_REPRESENTATION_CONTEXT() REPRESENTATION_CONTEXT('2D SPACE',''
  ) );
#161 = PCURVE('',#162,#167);
#162 = PLANE('',#163);
#163 = AXIS2_PLACEMENT_3D('',#164,#165,#166);
#164 = CARTESIAN_POINT('',(-40.15,-64.75,-83.));
#165 = DIRECTION('',(0.,0.,1.));
#166 = DIRECTION('',(1.,0.,0.));
#167 = DEFINITIONAL_REPRESENTATION('',(#168),#172);
#168 = LINE('',#169,#170);
#169 = CARTESIAN_POINT('',(0.,105.051814675));
#170 = VECTOR('',#171,1.);
#171 = DIRECTION('',(1.,0.));
#172 = ( GEOMETRIC_REPRESENTATION_CONTEXT(2)
PARAMETRIC_REPRESENTATION_CONTEXT() REPRESENTATION_CONTEXT('2D SPACE',''
  ) );
#173 = ORIENTED_EDGE('',*,*,#174,.F.);
#174 = EDGE_CURVE('',#175,#147,#177,.T.);
#175 = VERTEX_POINT('',#176);
#176 = CARTESIAN_POINT('',(-40.15,40.301814675,-73.));
#177 = SURFACE_CURVE('',#178,(#183,#194),.PCURVE_S1.);
#178 = CIRCLE('',#179,10.);
#179 = AXIS2_PLACEMENT_3D('',#180,#181,#182);
#180 = CARTESIAN_POINT('',(-30.15,40.301814675,-73.));
#181 = DIRECTION('',(-0.,-1.,0.));
#182 = DIRECTION('',(0.,-0.,1.));
#183 = PCURVE('',#32,#184);
#184 = DEFINITIONAL_REPRESENTATION('',(#185),#193);
#185 = ( BOUNDED_CURVE() B_SPLINE_CURVE(2,(#186,#187,#188,#189,#190,#191
,#192),.UNSPECIFIED.,.T.,.F.) B_SPLINE_CURVE_WITH_KNOTS((1,2,2,2,2,1),(
    -2.094395102393,0.,2.094395102393,4.188790204786,6.28318530718,
8.377580409573),.UNSPECIFIED.) CURVE() GEOMETRIC_REPRESENTATION_ITEM()
RATIONAL_B_SPLINE_CURVE((1.,0.5,1.,0.5,1.,0.5,1.)) REPRESENTATION_ITEM(
  '') );
#186 = CARTESIAN_POINT('',(20.,10.));
#187 = CARTESIAN_POINT('',(20.,-7.320508075689));
#188 = CARTESIAN_POINT('',(5.,1.339745962156));
#189 = CARTESIAN_POINT('',(-10.,10.));
#190 = CARTESIAN_POINT('',(5.,18.660254037844));
#191 = CARTESIAN_POINT('',(20.,27.320508075689));
#192 = CARTESIAN_POINT('',(20.,10.));
#193 = ( GEOMETRIC_REPRESENTATION_CONTEXT(2)
PARAMETRIC_REPRESENTATION_CONTEXT() REPRESENTATION_CONTEXT('2D SPACE',''
  ) );
#194 = PCURVE('',#195,#200);
#195 = CYLINDRICAL_SURFACE('',#196,10.);
#196 = AXIS2_PLACEMENT_3D('',#197,#198,#199);
#197 = CARTESIAN_POINT('',(-30.15,-64.75,-73.));
#198 = DIRECTION('',(0.,1.,0.));
#199 = DIRECTION('',(-1.,0.,0.));
#200 = DEFINITIONAL_REPRESENTATION('',(#201),#205);
#201 = LINE('',#202,#203);
#202 = CARTESIAN_POINT('',(1.570796326795,105.051814675));
#203 = VECTOR('',#204,1.);
#204 = DIRECTION('',(-1.,0.));
#205 = ( GEOMETRIC_REPRESENTATION_CONTEXT(2)
PARAMETRIC_REPRESENTATION_CONTEXT() REPRESENTATION_CONTEXT('2D SPACE',''
  ) );
#206 = ORIENTED_EDGE('',*,*,#207,.T.);
#207 = EDGE_CURVE('',#175,#208,#210,.T.);
#208 = VERTEX_POINT('',#209);
#209 = CARTESIAN_POINT('',(-40.15,40.301814675,64.32));
#210 = SURFACE_CURVE('',#211,(#215,#222),.PCURVE_S1.);
#211 = LINE('',#212,#213);
#212 = CARTESIAN_POINT('',(-40.15,40.301814675,-83.));
#213 = VECTOR('',#214,1.);
#214 = DIRECTION('',(0.,0.,1.));
#215 = PCURVE('',#32,#216);
#216 = DEFINITIONAL_REPRESENTATION('',(#217),#221);
#217 = LINE('',#218,#219);
#218 = CARTESIAN_POINT('',(0.,0.));
#219 = VECTOR('',#220,1.);
#220 = DIRECTION('',(1.,0.));
#221 = ( GEOMETRIC_REPRESENTATION_CONTEXT(2)
PARAMETRIC_REPRESENTATION_CONTEXT() REPRESENTATION_CONTEXT('2D SPACE',''
  ) );
#222 = PCURVE('',#223,#228);
#223 = PLANE('',#224);
#224 = AXIS2_PLACEMENT_3D('',#225,#226,#227);
#225 = CARTESIAN_POINT('',(-40.15,-64.75,-83.));
#226 = DIRECTION('',(1.,0.,0.));
#227 = DIRECTION('',(0.,0.,1.));
#228 = DEFINITIONAL_REPRESENTATION('',(#229),#233);
#229 = LINE('',#230,#231);
#230 = CARTESIAN_POINT('',(0.,-105.051814675));
#231 = VECTOR('',#232,1.);
#232 = DIRECTION('',(1.,0.));
#233 = ( GEOMETRIC_REPRESENTATION_CONTEXT(2)
PARAMETRIC_REPRESENTATION_CONTEXT() REPRESENTATION_CONTEXT('2D SPACE',''
  ) );
#234 = ORIENTED_EDGE('',*,*,#235,.T.);
#235 = EDGE_CURVE('',#208,#22,#236,.T.);
#236 = SURFACE_CURVE('',#237,(#242,#249),.PCURVE_S1.);
#237 = CIRCLE('',#238,10.);
#238 = AXIS2_PLACEMENT_3D('',#239,#240,#241);
#239 = CARTESIAN_POINT('',(-30.15,40.301814675,64.32));
#240 = DIRECTION('',(0.,1.,0.));
#241 = DIRECTION('',(0.,-0.,1.));
#242 = PCURVE('',#32,#243);
#243 = DEFINITIONAL_REPRESENTATION('',(#244),#248);
#244 = CIRCLE('',#245,10.);
#245 = AXIS2_PLACEMENT_2D('',#246,#247);
#246 = CARTESIAN_POINT('',(147.32,10.));
#247 = DIRECTION('',(1.,0.));
#248 = ( GEOMETRIC_REPRESENTATION_CONTEXT(2)
PARAMETRIC_REPRESENTATION_CONTEXT() REPRESENTATION_CONTEXT('2D SPACE',''
  ) );
#249 = PCURVE('',#250,#255);
#250 = CYLINDRICAL_SURFACE('',#251,10.);
#251 = AXIS2_PLACEMENT_3D('',#252,#253,#254);
#252 = CARTESIAN_POINT('',(-30.15,-64.75,64.32));
#253 = DIRECTION('',(0.,1.,0.));
#254 = DIRECTION('',(-1.,0.,0.));
#255 = DEFINITIONAL_REPRESENTATION('',(#256),#260);
#256 = LINE('',#257,#258);
#257 = CARTESIAN_POINT('',(-4.712388980385,105.051814675));
#258 = VECTOR('',#259,1.);
#259 = DIRECTION('',(1.,0.));
#260 = ( GEOMETRIC_REPRESENTATION_CONTEXT(2)
PARAMETRIC_REPRESENTATION_CONTEXT() REPRESENTATION_CONTEXT('2D SPACE',''
  ) );
#261 = FACE_BOUND('',#262,.T.);
#262 = EDGE_LOOP('',(#263,#294,#322,#351,#379,#408,#436,#465,#493,#521,
    #549,#577));
#263 = ORIENTED_EDGE('',*,*,#264,.F.);
#264 = EDGE_CURVE('',#265,#267,#269,.T.);
#265 = VERTEX_POINT('',#266);
#266 = CARTESIAN_POINT('',(-36.15,40.301814675,64.32));
#267 = VERTEX_POINT('',#268);
#268 = CARTESIAN_POINT('',(-30.15,40.301814675,70.32));
#269 = SURFACE_CURVE('',#270,(#275,#282),.PCURVE_S1.);
#270 = CIRCLE('',#271,6.);
#271 = AXIS2_PLACEMENT_3D('',#272,#273,#274);
#272 = CARTESIAN_POINT('',(-30.15,40.301814675,64.32));
#273 = DIRECTION('',(0.,1.,0.));
#274 = DIRECTION('',(-1.,0.,0.));
#275 = PCURVE('',#32,#276);
#276 = DEFINITIONAL_REPRESENTATION('',(#277),#281);
#277 = CIRCLE('',#278,6.);
#278 = AXIS2_PLACEMENT_2D('',#279,#280);
#279 = CARTESIAN_POINT('',(147.32,10.));
#280 = DIRECTION('',(0.,-1.));
#281 = ( GEOMETRIC_REPRESENTATION_CONTEXT(2)
PARAMETRIC_REPRESENTATION_CONTEXT() REPRESENTATION_CONTEXT('2D SPACE',''
  ) );
#282 = PCURVE('',#283,#288);
#283 = CONICAL_SURFACE('',#284,2.,0.785398163397);
#284 = AXIS2_PLACEMENT_3D('',#285,#286,#287);
#285 = CARTESIAN_POINT('',(-30.15,36.301814675,64.32));
#286 = DIRECTION('',(0.,1.,0.));
#287 = DIRECTION('',(-1.,0.,0.));
#288 = DEFINITIONAL_REPRESENTATION('',(#289),#293);
#289 = LINE('',#290,#291);
#290 = CARTESIAN_POINT('',(-0.,4.));
#291 = VECTOR('',#292,1.);
#292 = DIRECTION('',(1.,-0.));
#293 = ( GEOMETRIC_REPRESENTATION_CONTEXT(2)
PARAMETRIC_REPRESENTATION_CONTEXT() REPRESENTATION_CONTEXT('2D SPACE',''
  ) );
#294 = ORIENTED_EDGE('',*,*,#295,.F.);
#295 = EDGE_CURVE('',#296,#265,#298,.T.);
#296 = VERTEX_POINT('',#297);
#297 = CARTESIAN_POINT('',(-36.15,40.301814675,-73.));
#298 = SURFACE_CURVE('',#299,(#303,#310),.PCURVE_S1.);
#299 = LINE('',#300,#301);
#300 = CARTESIAN_POINT('',(-36.15,40.301814675,-73.));
#301 = VECTOR('',#302,1.);
#302 = DIRECTION('',(-0.,-0.,1.));
#303 = PCURVE('',#32,#304);
#304 = DEFINITIONAL_REPRESENTATION('',(#305),#309);
#305 = LINE('',#306,#307);
#306 = CARTESIAN_POINT('',(10.,4.));
#307 = VECTOR('',#308,1.);
#308 = DIRECTION('',(1.,0.));
#309 = ( GEOMETRIC_REPRESENTATION_CONTEXT(2)
PARAMETRIC_REPRESENTATION_CONTEXT() REPRESENTATION_CONTEXT('2D SPACE',''
  ) );
#310 = PCURVE('',#311,#316);
#311 = PLANE('',#312);
#312 = AXIS2_PLACEMENT_3D('',#313,#314,#315);
#313 = CARTESIAN_POINT('',(-34.15,38.301814675,-73.));
#314 = DIRECTION('',(0.707106781187,0.707106781187,1.415442289654E-17));
#315 = DIRECTION('',(-1.000868841393E-17,-1.000868841393E-17,1.));
#316 = DEFINITIONAL_REPRESENTATION('',(#317),#321);
#317 = LINE('',#318,#319);
#318 = CARTESIAN_POINT('',(0.,-2.828427124746));
#319 = VECTOR('',#320,1.);
#320 = DIRECTION('',(1.,0.));
#321 = ( GEOMETRIC_REPRESENTATION_CONTEXT(2)
PARAMETRIC_REPRESENTATION_CONTEXT() REPRESENTATION_CONTEXT('2D SPACE',''
  ) );
#322 = ORIENTED_EDGE('',*,*,#323,.F.);
#323 = EDGE_CURVE('',#324,#296,#326,.T.);
#324 = VERTEX_POINT('',#325);
#325 = CARTESIAN_POINT('',(-30.15,40.301814675,-79.));
#326 = SURFACE_CURVE('',#327,(#332,#339),.PCURVE_S1.);
#327 = CIRCLE('',#328,6.);
#328 = AXIS2_PLACEMENT_3D('',#329,#330,#331);
#329 = CARTESIAN_POINT('',(-30.15,40.301814675,-73.));
#330 = DIRECTION('',(0.,1.,0.));
#331 = DIRECTION('',(0.,0.,-1.));
#332 = PCURVE('',#32,#333);
#333 = DEFINITIONAL_REPRESENTATION('',(#334),#338);
#334 = CIRCLE('',#335,6.);
#335 = AXIS2_PLACEMENT_2D('',#336,#337);
#336 = CARTESIAN_POINT('',(10.,10.));
#337 = DIRECTION('',(-1.,0.));
#338 = ( GEOMETRIC_REPRESENTATION_CONTEXT(2)
PARAMETRIC_REPRESENTATION_CONTEXT() REPRESENTATION_CONTEXT('2D SPACE',''
  ) );
#339 = PCURVE('',#340,#345);
#340 = CONICAL_SURFACE('',#341,2.,0.785398163397);
#341 = AXIS2_PLACEMENT_3D('',#342,#343,#344);
#342 = CARTESIAN_POINT('',(-30.15,36.301814675,-73.));
#343 = DIRECTION('',(0.,1.,0.));
#344 = DIRECTION('',(0.,0.,-1.));
#345 = DEFINITIONAL_REPRESENTATION('',(#346),#350);
#346 = LINE('',#347,#348);
#347 = CARTESIAN_POINT('',(-0.,4.));
#348 = VECTOR('',#349,1.);
#349 = DIRECTION('',(1.,-0.));
#350 = ( GEOMETRIC_REPRESENTATION_CONTEXT(2)
PARAMETRIC_REPRESENTATION_CONTEXT() REPRESENTATION_CONTEXT('2D SPACE',''
  ) );
#351 = ORIENTED_EDGE('',*,*,#352,.F.);
#352 = EDGE_CURVE('',#353,#324,#355,.T.);
#353 = VERTEX_POINT('',#354);
#354 = CARTESIAN_POINT('',(30.15,40.301814675,-79.));
#355 = SURFACE_CURVE('',#356,(#360,#367),.PCURVE_S1.);
#356 = LINE('',#357,#358);
#357 = CARTESIAN_POINT('',(30.15,40.301814675,-79.));
#358 = VECTOR('',#359,1.);
#359 = DIRECTION('',(-1.,-0.,-0.));
#360 = PCURVE('',#32,#361);
#361 = DEFINITIONAL_REPRESENTATION('',(#362),#366);
#362 = LINE('',#363,#364);
#363 = CARTESIAN_POINT('',(4.,70.3));
#364 = VECTOR('',#365,1.);
#365 = DIRECTION('',(0.,-1.));
#366 = ( GEOMETRIC_REPRESENTATION_CONTEXT(2)
PARAMETRIC_REPRESENTATION_CONTEXT() REPRESENTATION_CONTEXT('2D SPACE',''
  ) );
#367 = PCURVE('',#368,#373);
#368 = PLANE('',#369);
#369 = AXIS2_PLACEMENT_3D('',#370,#371,#372);
#370 = CARTESIAN_POINT('',(30.15,38.301814675,-77.));
#371 = DIRECTION('',(1.415442289654E-17,0.707106781187,0.707106781187));
#372 = DIRECTION('',(-1.,1.000868841393E-17,1.000868841393E-17));
#373 = DEFINITIONAL_REPRESENTATION('',(#374),#378);
#374 = LINE('',#375,#376);
#375 = CARTESIAN_POINT('',(0.,-2.828427124746));
#376 = VECTOR('',#377,1.);
#377 = DIRECTION('',(1.,0.));
#378 = ( GEOMETRIC_REPRESENTATION_CONTEXT(2)
PARAMETRIC_REPRESENTATION_CONTEXT() REPRESENTATION_CONTEXT('2D SPACE',''
  ) );
#379 = ORIENTED_EDGE('',*,*,#380,.F.);
#380 = EDGE_CURVE('',#381,#353,#383,.T.);
#381 = VERTEX_POINT('',#382);
#382 = CARTESIAN_POINT('',(36.15,40.301814675,-73.));
#383 = SURFACE_CURVE('',#384,(#389,#396),.PCURVE_S1.);
#384 = CIRCLE('',#385,6.);
#385 = AXIS2_PLACEMENT_3D('',#386,#387,#388);
#386 = CARTESIAN_POINT('',(30.15,40.301814675,-73.));
#387 = DIRECTION('',(-0.,1.,0.));
#388 = DIRECTION('',(1.,0.,0.));
#389 = PCURVE('',#32,#390);
#390 = DEFINITIONAL_REPRESENTATION('',(#391),#395);
#391 = CIRCLE('',#392,6.);
#392 = AXIS2_PLACEMENT_2D('',#393,#394);
#393 = CARTESIAN_POINT('',(10.,70.3));
#394 = DIRECTION('',(0.,1.));
#395 = ( GEOMETRIC_REPRESENTATION_CONTEXT(2)
PARAMETRIC_REPRESENTATION_CONTEXT() REPRESENTATION_CONTEXT('2D SPACE',''
  ) );
#396 = PCURVE('',#397,#402);
#397 = CONICAL_SURFACE('',#398,2.,0.785398163397);
#398 = AXIS2_PLACEMENT_3D('',#399,#400,#401);
#399 = CARTESIAN_POINT('',(30.15,36.301814675,-73.));
#400 = DIRECTION('',(0.,1.,0.));
#401 = DIRECTION('',(1.,0.,0.));
#402 = DEFINITIONAL_REPRESENTATION('',(#403),#407);
#403 = LINE('',#404,#405);
#404 = CARTESIAN_POINT('',(-0.,4.));
#405 = VECTOR('',#406,1.);
#406 = DIRECTION('',(1.,-0.));
#407 = ( GEOMETRIC_REPRESENTATION_CONTEXT(2)
PARAMETRIC_REPRESENTATION_CONTEXT() REPRESENTATION_CONTEXT('2D SPACE',''
  ) );
#408 = ORIENTED_EDGE('',*,*,#409,.F.);
#409 = EDGE_CURVE('',#410,#381,#412,.T.);
#410 = VERTEX_POINT('',#411);
#411 = CARTESIAN_POINT('',(36.15,40.301814675,64.32));
#412 = SURFACE_CURVE('',#413,(#417,#424),.PCURVE_S1.);
#413 = LINE('',#414,#415);
#414 = CARTESIAN_POINT('',(36.15,40.301814675,64.32));
#415 = VECTOR('',#416,1.);
#416 = DIRECTION('',(0.,0.,-1.));
#417 = PCURVE('',#32,#418);
#418 = DEFINITIONAL_REPRESENTATION('',(#419),#423);
#419 = LINE('',#420,#421);
#420 = CARTESIAN_POINT('',(147.32,76.3));
#421 = VECTOR('',#422,1.);
#422 = DIRECTION('',(-1.,0.));
#423 = ( GEOMETRIC_REPRESENTATION_CONTEXT(2)
PARAMETRIC_REPRESENTATION_CONTEXT() REPRESENTATION_CONTEXT('2D SPACE',''
  ) );
#424 = PCURVE('',#425,#430);
#425 = PLANE('',#426);
#426 = AXIS2_PLACEMENT_3D('',#427,#428,#429);
#427 = CARTESIAN_POINT('',(34.15,38.301814675,64.32));
#428 = DIRECTION('',(0.707106781187,-0.707106781187,-1.415442289654E-17)
  );
#429 = DIRECTION('',(1.000868841393E-17,-1.000868841393E-17,1.));
#430 = DEFINITIONAL_REPRESENTATION('',(#431),#435);
#431 = LINE('',#432,#433);
#432 = CARTESIAN_POINT('',(-0.,-2.828427124746));
#433 = VECTOR('',#434,1.);
#434 = DIRECTION('',(-1.,0.));
#435 = ( GEOMETRIC_REPRESENTATION_CONTEXT(2)
PARAMETRIC_REPRESENTATION_CONTEXT() REPRESENTATION_CONTEXT('2D SPACE',''
  ) );
#436 = ORIENTED_EDGE('',*,*,#437,.F.);
#437 = EDGE_CURVE('',#438,#410,#440,.T.);
#438 = VERTEX_POINT('',#439);
#439 = CARTESIAN_POINT('',(30.15,40.301814675,70.32));
#440 = SURFACE_CURVE('',#441,(#446,#453),.PCURVE_S1.);
#441 = CIRCLE('',#442,6.);
#442 = AXIS2_PLACEMENT_3D('',#443,#444,#445);
#443 = CARTESIAN_POINT('',(30.15,40.301814675,64.32));
#444 = DIRECTION('',(0.,1.,0.));
#445 = DIRECTION('',(0.,-0.,1.));
#446 = PCURVE('',#32,#447);
#447 = DEFINITIONAL_REPRESENTATION('',(#448),#452);
#448 = CIRCLE('',#449,6.);
#449 = AXIS2_PLACEMENT_2D('',#450,#451);
#450 = CARTESIAN_POINT('',(147.32,70.3));
#451 = DIRECTION('',(1.,0.));
#452 = ( GEOMETRIC_REPRESENTATION_CONTEXT(2)
PARAMETRIC_REPRESENTATION_CONTEXT() REPRESENTATION_CONTEXT('2D SPACE',''
  ) );
#453 = PCURVE('',#454,#459);
#454 = CONICAL_SURFACE('',#455,2.,0.785398163397);
#455 = AXIS2_PLACEMENT_3D('',#456,#457,#458);
#456 = CARTESIAN_POINT('',(30.15,36.301814675,64.32));
#457 = DIRECTION('',(0.,1.,0.));
#458 = DIRECTION('',(0.,-0.,1.));
#459 = DEFINITIONAL_REPRESENTATION('',(#460),#464);
#460 = LINE('',#461,#462);
#461 = CARTESIAN_POINT('',(-0.,4.));
#462 = VECTOR('',#463,1.);
#463 = DIRECTION('',(1.,-0.));
#464 = ( GEOMETRIC_REPRESENTATION_CONTEXT(2)
PARAMETRIC_REPRESENTATION_CONTEXT() REPRESENTATION_CONTEXT('2D SPACE',''
  ) );
#465 = ORIENTED_EDGE('',*,*,#466,.F.);
#466 = EDGE_CURVE('',#467,#438,#469,.T.);
#467 = VERTEX_POINT('',#468);
#468 = CARTESIAN_POINT('',(7.,40.301814675,70.32));
#469 = SURFACE_CURVE('',#470,(#474,#481),.PCURVE_S1.);
#470 = LINE('',#471,#472);
#471 = CARTESIAN_POINT('',(-30.15,40.301814675,70.32));
#472 = VECTOR('',#473,1.);
#473 = DIRECTION('',(1.,0.,0.));
#474 = PCURVE('',#32,#475);
#475 = DEFINITIONAL_REPRESENTATION('',(#476),#480);
#476 = LINE('',#477,#478);
#477 = CARTESIAN_POINT('',(153.32,10.));
#478 = VECTOR('',#479,1.);
#479 = DIRECTION('',(0.,1.));
#480 = ( GEOMETRIC_REPRESENTATION_CONTEXT(2)
PARAMETRIC_REPRESENTATION_CONTEXT() REPRESENTATION_CONTEXT('2D SPACE',''
  ) );
#481 = PCURVE('',#482,#487);
#482 = PLANE('',#483);
#483 = AXIS2_PLACEMENT_3D('',#484,#485,#486);
#484 = CARTESIAN_POINT('',(-30.15,38.301814675,68.32));
#485 = DIRECTION('',(-1.415442289654E-17,-0.707106781187,0.707106781187)
  );
#486 = DIRECTION('',(-1.,1.000868841393E-17,-1.000868841393E-17));
#487 = DEFINITIONAL_REPRESENTATION('',(#488),#492);
#488 = LINE('',#489,#490);
#489 = CARTESIAN_POINT('',(-0.,-2.828427124746));
#490 = VECTOR('',#491,1.);
#491 = DIRECTION('',(-1.,0.));
#492 = ( GEOMETRIC_REPRESENTATION_CONTEXT(2)
PARAMETRIC_REPRESENTATION_CONTEXT() REPRESENTATION_CONTEXT('2D SPACE',''
  ) );
#493 = ORIENTED_EDGE('',*,*,#494,.F.);
#494 = EDGE_CURVE('',#495,#467,#497,.T.);
#495 = VERTEX_POINT('',#496);
#496 = CARTESIAN_POINT('',(7.,40.301814675,66.32));
#497 = SURFACE_CURVE('',#498,(#502,#509),.PCURVE_S1.);
#498 = LINE('',#499,#500);
#499 = CARTESIAN_POINT('',(7.,40.301814675,66.32));
#500 = VECTOR('',#501,1.);
#501 = DIRECTION('',(0.,0.,1.));
#502 = PCURVE('',#32,#503);
#503 = DEFINITIONAL_REPRESENTATION('',(#504),#508);
#504 = LINE('',#505,#506);
#505 = CARTESIAN_POINT('',(149.32,47.15));
#506 = VECTOR('',#507,1.);
#507 = DIRECTION('',(1.,0.));
#508 = ( GEOMETRIC_REPRESENTATION_CONTEXT(2)
PARAMETRIC_REPRESENTATION_CONTEXT() REPRESENTATION_CONTEXT('2D SPACE',''
  ) );
#509 = PCURVE('',#510,#515);
#510 = PLANE('',#511);
#511 = AXIS2_PLACEMENT_3D('',#512,#513,#514);
#512 = CARTESIAN_POINT('',(7.,36.301814675,66.32));
#513 = DIRECTION('',(1.,0.,0.));
#514 = DIRECTION('',(0.,0.,1.));
#515 = DEFINITIONAL_REPRESENTATION('',(#516),#520);
#516 = LINE('',#517,#518);
#517 = CARTESIAN_POINT('',(0.,-4.));
#518 = VECTOR('',#519,1.);
#519 = DIRECTION('',(1.,0.));
#520 = ( GEOMETRIC_REPRESENTATION_CONTEXT(2)
PARAMETRIC_REPRESENTATION_CONTEXT() REPRESENTATION_CONTEXT('2D SPACE',''
  ) );
#521 = ORIENTED_EDGE('',*,*,#522,.F.);
#522 = EDGE_CURVE('',#523,#495,#525,.T.);
#523 = VERTEX_POINT('',#524);
#524 = CARTESIAN_POINT('',(-7.,40.301814675,66.32));
#525 = SURFACE_CURVE('',#526,(#530,#537),.PCURVE_S1.);
#526 = LINE('',#527,#528);
#527 = CARTESIAN_POINT('',(-7.,40.301814675,66.32));
#528 = VECTOR('',#529,1.);
#529 = DIRECTION('',(1.,0.,0.));
#530 = PCURVE('',#32,#531);
#531 = DEFINITIONAL_REPRESENTATION('',(#532),#536);
#532 = LINE('',#533,#534);
#533 = CARTESIAN_POINT('',(149.32,33.15));
#534 = VECTOR('',#535,1.);
#535 = DIRECTION('',(0.,1.));
#536 = ( GEOMETRIC_REPRESENTATION_CONTEXT(2)
PARAMETRIC_REPRESENTATION_CONTEXT() REPRESENTATION_CONTEXT('2D SPACE',''
  ) );
#537 = PCURVE('',#538,#543);
#538 = PLANE('',#539);
#539 = AXIS2_PLACEMENT_3D('',#540,#541,#542);
#540 = CARTESIAN_POINT('',(-32.15,-64.8,66.32));
#541 = DIRECTION('',(0.,0.,1.));
#542 = DIRECTION('',(1.,0.,0.));
#543 = DEFINITIONAL_REPRESENTATION('',(#544),#548);
#544 = LINE('',#545,#546);
#545 = CARTESIAN_POINT('',(25.15,105.101814675));
#546 = VECTOR('',#547,1.);
#547 = DIRECTION('',(1.,0.));
#548 = ( GEOMETRIC_REPRESENTATION_CONTEXT(2)
PARAMETRIC_REPRESENTATION_CONTEXT() REPRESENTATION_CONTEXT('2D SPACE',''
  ) );
#549 = ORIENTED_EDGE('',*,*,#550,.T.);
#550 = EDGE_CURVE('',#523,#551,#553,.T.);
#551 = VERTEX_POINT('',#552);
#552 = CARTESIAN_POINT('',(-7.,40.301814675,70.32));
#553 = SURFACE_CURVE('',#554,(#558,#565),.PCURVE_S1.);
#554 = LINE('',#555,#556);
#555 = CARTESIAN_POINT('',(-7.,40.301814675,66.32));
#556 = VECTOR('',#557,1.);
#557 = DIRECTION('',(0.,0.,1.));
#558 = PCURVE('',#32,#559);
#559 = DEFINITIONAL_REPRESENTATION('',(#560),#564);
#560 = LINE('',#561,#562);
#561 = CARTESIAN_POINT('',(149.32,33.15));
#562 = VECTOR('',#563,1.);
#563 = DIRECTION('',(1.,0.));
#564 = ( GEOMETRIC_REPRESENTATION_CONTEXT(2)
PARAMETRIC_REPRESENTATION_CONTEXT() REPRESENTATION_CONTEXT('2D SPACE',''
  ) );
#565 = PCURVE('',#566,#571);
#566 = PLANE('',#567);
#567 = AXIS2_PLACEMENT_3D('',#568,#569,#570);
#568 = CARTESIAN_POINT('',(-7.,36.301814675,66.32));
#569 = DIRECTION('',(1.,0.,0.));
#570 = DIRECTION('',(0.,0.,1.));
#571 = DEFINITIONAL_REPRESENTATION('',(#572),#576);
#572 = LINE('',#573,#574);
#573 = CARTESIAN_POINT('',(0.,-4.));
#574 = VECTOR('',#575,1.);
#575 = DIRECTION('',(1.,0.));
#576 = ( GEOMETRIC_REPRESENTATION_CONTEXT(2)
PARAMETRIC_REPRESENTATION_CONTEXT() REPRESENTATION_CONTEXT('2D SPACE',''
  ) );
#577 = ORIENTED_EDGE('',*,*,#578,.F.);
#578 = EDGE_CURVE('',#267,#551,#579,.T.);
#579 = SURFACE_CURVE('',#580,(#584,#591),.PCURVE_S1.);
#580 = LINE('',#581,#582);
#581 = CARTESIAN_POINT('',(-30.15,40.301814675,70.32));
#582 = VECTOR('',#583,1.);
#583 = DIRECTION('',(1.,0.,0.));
#584 = PCURVE('',#32,#585);
#585 = DEFINITIONAL_REPRESENTATION('',(#586),#590);
#586 = LINE('',#587,#588);
#587 = CARTESIAN_POINT('',(153.32,10.));
#588 = VECTOR('',#589,1.);
#589 = DIRECTION('',(0.,1.));
#590 = ( GEOMETRIC_REPRESENTATION_CONTEXT(2)
PARAMETRIC_REPRESENTATION_CONTEXT() REPRESENTATION_CONTEXT('2D SPACE',''
  ) );
#591 = PCURVE('',#592,#597);
#592 = PLANE('',#593);
#593 = AXIS2_PLACEMENT_3D('',#594,#595,#596);
#594 = CARTESIAN_POINT('',(-30.15,38.301814675,68.32));
#595 = DIRECTION('',(-1.415442289654E-17,-0.707106781187,0.707106781187)
  );
#596 = DIRECTION('',(-1.,1.000868841393E-17,-1.000868841393E-17));
#597 = DEFINITIONAL_REPRESENTATION('',(#598),#602);
#598 = LINE('',#599,#600);
#599 = CARTESIAN_POINT('',(-0.,-2.828427124746));
#600 = VECTOR('',#601,1.);
#601 = DIRECTION('',(-1.,0.));
#602 = ( GEOMETRIC_REPRESENTATION_CONTEXT(2)
PARAMETRIC_REPRESENTATION_CONTEXT() REPRESENTATION_CONTEXT('2D SPACE',''
  ) );
#603 = FACE_BOUND('',#604,.T.);
#604 = EDGE_LOOP('',(#605));
#605 = ORIENTED_EDGE('',*,*,#606,.T.);
#606 = EDGE_CURVE('',#607,#607,#609,.T.);
#607 = VERTEX_POINT('',#608);
#608 = CARTESIAN_POINT('',(-3.184081677783E-16,40.301814675,69.02));
#609 = SURFACE_CURVE('',#610,(#615,#626),.PCURVE_S1.);
#610 = CIRCLE('',#611,1.3);
#611 = AXIS2_PLACEMENT_3D('',#612,#613,#614);
#612 = CARTESIAN_POINT('',(0.,40.301814675,70.32));
#613 = DIRECTION('',(0.,-1.,0.));
#614 = DIRECTION('',(0.,-0.,-1.));
#615 = PCURVE('',#32,#616);
#616 = DEFINITIONAL_REPRESENTATION('',(#617),#625);
#617 = ( BOUNDED_CURVE() B_SPLINE_CURVE(2,(#618,#619,#620,#621,#622,#623
,#624),.UNSPECIFIED.,.T.,.F.) B_SPLINE_CURVE_WITH_KNOTS((1,2,2,2,2,1),(
    -2.094395102393,0.,2.094395102393,4.188790204786,6.28318530718,
8.377580409573),.UNSPECIFIED.) CURVE() GEOMETRIC_REPRESENTATION_ITEM()
RATIONAL_B_SPLINE_CURVE((1.,0.5,1.,0.5,1.,0.5,1.)) REPRESENTATION_ITEM(
  '') );
#618 = CARTESIAN_POINT('',(152.02,40.15));
#619 = CARTESIAN_POINT('',(152.02,42.40166604984));
#620 = CARTESIAN_POINT('',(153.97,41.27583302492));
#621 = CARTESIAN_POINT('',(155.92,40.15));
#622 = CARTESIAN_POINT('',(153.97,39.02416697508));
#623 = CARTESIAN_POINT('',(152.02,37.89833395016));
#624 = CARTESIAN_POINT('',(152.02,40.15));
#625 = ( GEOMETRIC_REPRESENTATION_CONTEXT(2)
PARAMETRIC_REPRESENTATION_CONTEXT() REPRESENTATION_CONTEXT('2D SPACE',''
  ) );
#626 = PCURVE('',#627,#632);
#627 = CYLINDRICAL_SURFACE('',#628,1.3);
#628 = AXIS2_PLACEMENT_3D('',#629,#630,#631);
#629 = CARTESIAN_POINT('',(0.,40.351814675,70.32));
#630 = DIRECTION('',(0.,-1.,0.));
#631 = DIRECTION('',(0.,-0.,-1.));
#632 = DEFINITIONAL_REPRESENTATION('',(#633),#637);
#633 = LINE('',#634,#635);
#634 = CARTESIAN_POINT('',(0.,5.E-02));
#635 = VECTOR('',#636,1.);
#636 = DIRECTION('',(1.,0.));
#637 = ( GEOMETRIC_REPRESENTATION_CONTEXT(2)
PARAMETRIC_REPRESENTATION_CONTEXT() REPRESENTATION_CONTEXT('2D SPACE',''
  ) );
#638 = ADVANCED_FACE('',(#639,#1106,#2095,#2130),#44,.T.);
#639 = FACE_BOUND('',#640,.T.);
#640 = EDGE_LOOP('',(#641,#642,#665,#690,#715,#740,#763,#788,#813,#838,
    #861,#889,#912,#937,#962,#987,#1010,#1035,#1060,#1085));
#641 = ORIENTED_EDGE('',*,*,#21,.F.);
#642 = ORIENTED_EDGE('',*,*,#643,.F.);
#643 = EDGE_CURVE('',#644,#22,#646,.T.);
#644 = VERTEX_POINT('',#645);
#645 = CARTESIAN_POINT('',(-30.15,24.453427578226,74.32));
#646 = SURFACE_CURVE('',#647,(#651,#658),.PCURVE_S1.);
#647 = LINE('',#648,#649);
#648 = CARTESIAN_POINT('',(-30.15,-64.75,74.32));
#649 = VECTOR('',#650,1.);
#650 = DIRECTION('',(0.,1.,0.));
#651 = PCURVE('',#44,#652);
#652 = DEFINITIONAL_REPRESENTATION('',(#653),#657);
#653 = LINE('',#654,#655);
#654 = CARTESIAN_POINT('',(10.,0.));
#655 = VECTOR('',#656,1.);
#656 = DIRECTION('',(0.,1.));
#657 = ( GEOMETRIC_REPRESENTATION_CONTEXT(2)
PARAMETRIC_REPRESENTATION_CONTEXT() REPRESENTATION_CONTEXT('2D SPACE',''
  ) );
#658 = PCURVE('',#250,#659);
#659 = DEFINITIONAL_REPRESENTATION('',(#660),#664);
#660 = LINE('',#661,#662);
#661 = CARTESIAN_POINT('',(1.570796326795,0.));
#662 = VECTOR('',#663,1.);
#663 = DIRECTION('',(0.,1.));
#664 = ( GEOMETRIC_REPRESENTATION_CONTEXT(2)
PARAMETRIC_REPRESENTATION_CONTEXT() REPRESENTATION_CONTEXT('2D SPACE',''
  ) );
#665 = ORIENTED_EDGE('',*,*,#666,.T.);
#666 = EDGE_CURVE('',#644,#667,#669,.T.);
#667 = VERTEX_POINT('',#668);
#668 = CARTESIAN_POINT('',(-21.99838709677,24.453427578226,74.32));
#669 = SURFACE_CURVE('',#670,(#673,#679),.PCURVE_S1.);
#670 = B_SPLINE_CURVE_WITH_KNOTS('',1,(#671,#672),.UNSPECIFIED.,.F.,.F.,
  (2,2),(0.,1.),.PIECEWISE_BEZIER_KNOTS.);
#671 = CARTESIAN_POINT('',(-30.15,24.453427578226,74.32));
#672 = CARTESIAN_POINT('',(-21.99838709677,24.453427578226,74.32));
#673 = PCURVE('',#44,#674);
#674 = DEFINITIONAL_REPRESENTATION('',(#675),#678);
#675 = B_SPLINE_CURVE_WITH_KNOTS('',1,(#676,#677),.UNSPECIFIED.,.F.,.F.,
  (2,2),(0.,1.),.PIECEWISE_BEZIER_KNOTS.);
#676 = CARTESIAN_POINT('',(10.,89.203427578226));
#677 = CARTESIAN_POINT('',(18.151612903226,89.203427578226));
#678 = ( GEOMETRIC_REPRESENTATION_CONTEXT(2)
PARAMETRIC_REPRESENTATION_CONTEXT() REPRESENTATION_CONTEXT('2D SPACE',''
  ) );
#679 = PCURVE('',#680,#685);
#680 = B_SPLINE_SURFACE_WITH_KNOTS('',1,1,(
    (#681,#682)
    ,(#683,#684
  )),.UNSPECIFIED.,.F.,.F.,.F.,(2,2),(2,2),(0.,8.4),(0.,1.),
  .PIECEWISE_BEZIER_KNOTS.);
#681 = CARTESIAN_POINT('',(-24.95,21.501814675,71.27));
#682 = CARTESIAN_POINT('',(-21.95,24.501814675,74.37));
#683 = CARTESIAN_POINT('',(-27.35,21.501814675,71.27));
#684 = CARTESIAN_POINT('',(-30.35,24.501814675,74.37));
#685 = DEFINITIONAL_REPRESENTATION('',(#686),#689);
#686 = B_SPLINE_CURVE_WITH_KNOTS('',1,(#687,#688),.UNSPECIFIED.,.F.,.F.,
  (2,2),(0.,1.),.PIECEWISE_BEZIER_KNOTS.);
#687 = CARTESIAN_POINT('',(8.24662004662,0.983870967742));
#688 = CARTESIAN_POINT('',(0.,0.983870967742));
#689 = ( GEOMETRIC_REPRESENTATION_CONTEXT(2)
PARAMETRIC_REPRESENTATION_CONTEXT() REPRESENTATION_CONTEXT('2D SPACE',''
  ) );
#690 = ORIENTED_EDGE('',*,*,#691,.T.);
#691 = EDGE_CURVE('',#667,#692,#694,.T.);
#692 = VERTEX_POINT('',#693);
#693 = CARTESIAN_POINT('',(-21.99838709677,16.150201771774,74.32));
#694 = SURFACE_CURVE('',#695,(#698,#704),.PCURVE_S1.);
#695 = B_SPLINE_CURVE_WITH_KNOTS('',1,(#696,#697),.UNSPECIFIED.,.F.,.F.,
  (2,2),(0.,1.),.PIECEWISE_BEZIER_KNOTS.);
#696 = CARTESIAN_POINT('',(-21.99838709677,24.453427578226,74.32));
#697 = CARTESIAN_POINT('',(-21.99838709677,16.150201771774,74.32));
#698 = PCURVE('',#44,#699);
#699 = DEFINITIONAL_REPRESENTATION('',(#700),#703);
#700 = B_SPLINE_CURVE_WITH_KNOTS('',1,(#701,#702),.UNSPECIFIED.,.F.,.F.,
  (2,2),(0.,1.),.PIECEWISE_BEZIER_KNOTS.);
#701 = CARTESIAN_POINT('',(18.151612903226,89.203427578226));
#702 = CARTESIAN_POINT('',(18.151612903226,80.900201771774));
#703 = ( GEOMETRIC_REPRESENTATION_CONTEXT(2)
PARAMETRIC_REPRESENTATION_CONTEXT() REPRESENTATION_CONTEXT('2D SPACE',''
  ) );
#704 = PCURVE('',#705,#710);
#705 = B_SPLINE_SURFACE_WITH_KNOTS('',1,1,(
    (#706,#707)
    ,(#708,#709
  )),.UNSPECIFIED.,.F.,.F.,.F.,(2,2),(2,2),(0.,8.4),(0.,1.),
  .PIECEWISE_BEZIER_KNOTS.);
#706 = CARTESIAN_POINT('',(-24.95,19.101814675,71.27));
#707 = CARTESIAN_POINT('',(-21.95,16.101814675,74.37));
#708 = CARTESIAN_POINT('',(-24.95,21.501814675,71.27));
#709 = CARTESIAN_POINT('',(-21.95,24.501814675,74.37));
#710 = DEFINITIONAL_REPRESENTATION('',(#711),#714);
#711 = B_SPLINE_CURVE_WITH_KNOTS('',1,(#712,#713),.UNSPECIFIED.,.F.,.F.,
  (2,2),(0.,1.),.PIECEWISE_BEZIER_KNOTS.);
#712 = CARTESIAN_POINT('',(8.4,0.983870967742));
#713 = CARTESIAN_POINT('',(0.,0.983870967742));
#714 = ( GEOMETRIC_REPRESENTATION_CONTEXT(2)
PARAMETRIC_REPRESENTATION_CONTEXT() REPRESENTATION_CONTEXT('2D SPACE',''
  ) );
#715 = ORIENTED_EDGE('',*,*,#716,.T.);
#716 = EDGE_CURVE('',#692,#717,#719,.T.);
#717 = VERTEX_POINT('',#718);
#718 = CARTESIAN_POINT('',(-30.15,16.150201771774,74.32));
#719 = SURFACE_CURVE('',#720,(#723,#729),.PCURVE_S1.);
#720 = B_SPLINE_CURVE_WITH_KNOTS('',1,(#721,#722),.UNSPECIFIED.,.F.,.F.,
  (2,2),(0.,1.),.PIECEWISE_BEZIER_KNOTS.);
#721 = CARTESIAN_POINT('',(-21.99838709677,16.150201771774,74.32));
#722 = CARTESIAN_POINT('',(-30.15,16.150201771774,74.32));
#723 = PCURVE('',#44,#724);
#724 = DEFINITIONAL_REPRESENTATION('',(#725),#728);
#725 = B_SPLINE_CURVE_WITH_KNOTS('',1,(#726,#727),.UNSPECIFIED.,.F.,.F.,
  (2,2),(0.,1.),.PIECEWISE_BEZIER_KNOTS.);
#726 = CARTESIAN_POINT('',(18.151612903226,80.900201771774));
#727 = CARTESIAN_POINT('',(10.,80.900201771774));
#728 = ( GEOMETRIC_REPRESENTATION_CONTEXT(2)
PARAMETRIC_REPRESENTATION_CONTEXT() REPRESENTATION_CONTEXT('2D SPACE',''
  ) );
#729 = PCURVE('',#730,#735);
#730 = B_SPLINE_SURFACE_WITH_KNOTS('',1,1,(
    (#731,#732)
    ,(#733,#734
  )),.UNSPECIFIED.,.F.,.F.,.F.,(2,2),(2,2),(0.,8.4),(0.,1.),
  .PIECEWISE_BEZIER_KNOTS.);
#731 = CARTESIAN_POINT('',(-27.35,19.101814675,71.27));
#732 = CARTESIAN_POINT('',(-30.35,16.101814675,74.37));
#733 = CARTESIAN_POINT('',(-24.95,19.101814675,71.27));
#734 = CARTESIAN_POINT('',(-21.95,16.101814675,74.37));
#735 = DEFINITIONAL_REPRESENTATION('',(#736),#739);
#736 = B_SPLINE_CURVE_WITH_KNOTS('',1,(#737,#738),.UNSPECIFIED.,.F.,.F.,
  (2,2),(0.,1.),.PIECEWISE_BEZIER_KNOTS.);
#737 = CARTESIAN_POINT('',(8.4,0.983870967742));
#738 = CARTESIAN_POINT('',(0.15337995338,0.983870967742));
#739 = ( GEOMETRIC_REPRESENTATION_CONTEXT(2)
PARAMETRIC_REPRESENTATION_CONTEXT() REPRESENTATION_CONTEXT('2D SPACE',''
  ) );
#740 = ORIENTED_EDGE('',*,*,#741,.F.);
#741 = EDGE_CURVE('',#742,#717,#744,.T.);
#742 = VERTEX_POINT('',#743);
#743 = CARTESIAN_POINT('',(-30.15,-40.59838709677,74.32));
#744 = SURFACE_CURVE('',#745,(#749,#756),.PCURVE_S1.);
#745 = LINE('',#746,#747);
#746 = CARTESIAN_POINT('',(-30.15,-64.75,74.32));
#747 = VECTOR('',#748,1.);
#748 = DIRECTION('',(0.,1.,0.));
#749 = PCURVE('',#44,#750);
#750 = DEFINITIONAL_REPRESENTATION('',(#751),#755);
#751 = LINE('',#752,#753);
#752 = CARTESIAN_POINT('',(10.,0.));
#753 = VECTOR('',#754,1.);
#754 = DIRECTION('',(0.,1.));
#755 = ( GEOMETRIC_REPRESENTATION_CONTEXT(2)
PARAMETRIC_REPRESENTATION_CONTEXT() REPRESENTATION_CONTEXT('2D SPACE',''
  ) );
#756 = PCURVE('',#250,#757);
#757 = DEFINITIONAL_REPRESENTATION('',(#758),#762);
#758 = LINE('',#759,#760);
#759 = CARTESIAN_POINT('',(1.570796326795,0.));
#760 = VECTOR('',#761,1.);
#761 = DIRECTION('',(0.,1.));
#762 = ( GEOMETRIC_REPRESENTATION_CONTEXT(2)
PARAMETRIC_REPRESENTATION_CONTEXT() REPRESENTATION_CONTEXT('2D SPACE',''
  ) );
#763 = ORIENTED_EDGE('',*,*,#764,.T.);
#764 = EDGE_CURVE('',#742,#765,#767,.T.);
#765 = VERTEX_POINT('',#766);
#766 = CARTESIAN_POINT('',(-21.99838709677,-40.59838709677,74.32));
#767 = SURFACE_CURVE('',#768,(#771,#777),.PCURVE_S1.);
#768 = B_SPLINE_CURVE_WITH_KNOTS('',1,(#769,#770),.UNSPECIFIED.,.F.,.F.,
  (2,2),(0.,1.),.PIECEWISE_BEZIER_KNOTS.);
#769 = CARTESIAN_POINT('',(-30.15,-40.59838709677,74.32));
#770 = CARTESIAN_POINT('',(-21.99838709677,-40.59838709677,74.32));
#771 = PCURVE('',#44,#772);
#772 = DEFINITIONAL_REPRESENTATION('',(#773),#776);
#773 = B_SPLINE_CURVE_WITH_KNOTS('',1,(#774,#775),.UNSPECIFIED.,.F.,.F.,
  (2,2),(0.,1.),.PIECEWISE_BEZIER_KNOTS.);
#774 = CARTESIAN_POINT('',(10.,24.151612903226));
#775 = CARTESIAN_POINT('',(18.151612903226,24.151612903226));
#776 = ( GEOMETRIC_REPRESENTATION_CONTEXT(2)
PARAMETRIC_REPRESENTATION_CONTEXT() REPRESENTATION_CONTEXT('2D SPACE',''
  ) );
#777 = PCURVE('',#778,#783);
#778 = B_SPLINE_SURFACE_WITH_KNOTS('',1,1,(
    (#779,#780)
    ,(#781,#782
  )),.UNSPECIFIED.,.F.,.F.,.F.,(2,2),(2,2),(0.,8.4),(0.,1.),
  .PIECEWISE_BEZIER_KNOTS.);
#779 = CARTESIAN_POINT('',(-24.95,-43.55,71.27));
#780 = CARTESIAN_POINT('',(-21.95,-40.55,74.37));
#781 = CARTESIAN_POINT('',(-27.35,-43.55,71.27));
#782 = CARTESIAN_POINT('',(-30.35,-40.55,74.37));
#783 = DEFINITIONAL_REPRESENTATION('',(#784),#787);
#784 = B_SPLINE_CURVE_WITH_KNOTS('',1,(#785,#786),.UNSPECIFIED.,.F.,.F.,
  (2,2),(0.,1.),.PIECEWISE_BEZIER_KNOTS.);
#785 = CARTESIAN_POINT('',(8.24662004662,0.983870967742));
#786 = CARTESIAN_POINT('',(0.,0.983870967742));
#787 = ( GEOMETRIC_REPRESENTATION_CONTEXT(2)
PARAMETRIC_REPRESENTATION_CONTEXT() REPRESENTATION_CONTEXT('2D SPACE',''
  ) );
#788 = ORIENTED_EDGE('',*,*,#789,.T.);
#789 = EDGE_CURVE('',#765,#790,#792,.T.);
#790 = VERTEX_POINT('',#791);
#791 = CARTESIAN_POINT('',(-21.99838709677,-48.90161290322,74.32));
#792 = SURFACE_CURVE('',#793,(#796,#802),.PCURVE_S1.);
#793 = B_SPLINE_CURVE_WITH_KNOTS('',1,(#794,#795),.UNSPECIFIED.,.F.,.F.,
  (2,2),(0.,1.),.PIECEWISE_BEZIER_KNOTS.);
#794 = CARTESIAN_POINT('',(-21.99838709677,-40.59838709677,74.32));
#795 = CARTESIAN_POINT('',(-21.99838709677,-48.90161290322,74.32));
#796 = PCURVE('',#44,#797);
#797 = DEFINITIONAL_REPRESENTATION('',(#798),#801);
#798 = B_SPLINE_CURVE_WITH_KNOTS('',1,(#799,#800),.UNSPECIFIED.,.F.,.F.,
  (2,2),(0.,1.),.PIECEWISE_BEZIER_KNOTS.);
#799 = CARTESIAN_POINT('',(18.151612903226,24.151612903226));
#800 = CARTESIAN_POINT('',(18.151612903226,15.848387096774));
#801 = ( GEOMETRIC_REPRESENTATION_CONTEXT(2)
PARAMETRIC_REPRESENTATION_CONTEXT() REPRESENTATION_CONTEXT('2D SPACE',''
  ) );
#802 = PCURVE('',#803,#808);
#803 = B_SPLINE_SURFACE_WITH_KNOTS('',1,1,(
    (#804,#805)
    ,(#806,#807
  )),.UNSPECIFIED.,.F.,.F.,.F.,(2,2),(2,2),(0.,8.4),(0.,1.),
  .PIECEWISE_BEZIER_KNOTS.);
#804 = CARTESIAN_POINT('',(-24.95,-45.95,71.27));
#805 = CARTESIAN_POINT('',(-21.95,-48.95,74.37));
#806 = CARTESIAN_POINT('',(-24.95,-43.55,71.27));
#807 = CARTESIAN_POINT('',(-21.95,-40.55,74.37));
#808 = DEFINITIONAL_REPRESENTATION('',(#809),#812);
#809 = B_SPLINE_CURVE_WITH_KNOTS('',1,(#810,#811),.UNSPECIFIED.,.F.,.F.,
  (2,2),(0.,1.),.PIECEWISE_BEZIER_KNOTS.);
#810 = CARTESIAN_POINT('',(8.4,0.983870967742));
#811 = CARTESIAN_POINT('',(0.,0.983870967742));
#812 = ( GEOMETRIC_REPRESENTATION_CONTEXT(2)
PARAMETRIC_REPRESENTATION_CONTEXT() REPRESENTATION_CONTEXT('2D SPACE',''
  ) );
#813 = ORIENTED_EDGE('',*,*,#814,.T.);
#814 = EDGE_CURVE('',#790,#815,#817,.T.);
#815 = VERTEX_POINT('',#816);
#816 = CARTESIAN_POINT('',(-30.15,-48.90161290322,74.32));
#817 = SURFACE_CURVE('',#818,(#821,#827),.PCURVE_S1.);
#818 = B_SPLINE_CURVE_WITH_KNOTS('',1,(#819,#820),.UNSPECIFIED.,.F.,.F.,
  (2,2),(0.,1.),.PIECEWISE_BEZIER_KNOTS.);
#819 = CARTESIAN_POINT('',(-21.99838709677,-48.90161290322,74.32));
#820 = CARTESIAN_POINT('',(-30.15,-48.90161290322,74.32));
#821 = PCURVE('',#44,#822);
#822 = DEFINITIONAL_REPRESENTATION('',(#823),#826);
#823 = B_SPLINE_CURVE_WITH_KNOTS('',1,(#824,#825),.UNSPECIFIED.,.F.,.F.,
  (2,2),(0.,1.),.PIECEWISE_BEZIER_KNOTS.);
#824 = CARTESIAN_POINT('',(18.151612903226,15.848387096774));
#825 = CARTESIAN_POINT('',(10.,15.848387096774));
#826 = ( GEOMETRIC_REPRESENTATION_CONTEXT(2)
PARAMETRIC_REPRESENTATION_CONTEXT() REPRESENTATION_CONTEXT('2D SPACE',''
  ) );
#827 = PCURVE('',#828,#833);
#828 = B_SPLINE_SURFACE_WITH_KNOTS('',1,1,(
    (#829,#830)
    ,(#831,#832
  )),.UNSPECIFIED.,.F.,.F.,.F.,(2,2),(2,2),(0.,8.4),(0.,1.),
  .PIECEWISE_BEZIER_KNOTS.);
#829 = CARTESIAN_POINT('',(-27.35,-45.95,71.27));
#830 = CARTESIAN_POINT('',(-30.35,-48.95,74.37));
#831 = CARTESIAN_POINT('',(-24.95,-45.95,71.27));
#832 = CARTESIAN_POINT('',(-21.95,-48.95,74.37));
#833 = DEFINITIONAL_REPRESENTATION('',(#834),#837);
#834 = B_SPLINE_CURVE_WITH_KNOTS('',1,(#835,#836),.UNSPECIFIED.,.F.,.F.,
  (2,2),(0.,1.),.PIECEWISE_BEZIER_KNOTS.);
#835 = CARTESIAN_POINT('',(8.4,0.983870967742));
#836 = CARTESIAN_POINT('',(0.15337995338,0.983870967742));
#837 = ( GEOMETRIC_REPRESENTATION_CONTEXT(2)
PARAMETRIC_REPRESENTATION_CONTEXT() REPRESENTATION_CONTEXT('2D SPACE',''
  ) );
#838 = ORIENTED_EDGE('',*,*,#839,.F.);
#839 = EDGE_CURVE('',#840,#815,#842,.T.);
#840 = VERTEX_POINT('',#841);
#841 = CARTESIAN_POINT('',(-30.15,-64.75,74.32));
#842 = SURFACE_CURVE('',#843,(#847,#854),.PCURVE_S1.);
#843 = LINE('',#844,#845);
#844 = CARTESIAN_POINT('',(-30.15,-64.75,74.32));
#845 = VECTOR('',#846,1.);
#846 = DIRECTION('',(0.,1.,0.));
#847 = PCURVE('',#44,#848);
#848 = DEFINITIONAL_REPRESENTATION('',(#849),#853);
#849 = LINE('',#850,#851);
#850 = CARTESIAN_POINT('',(10.,0.));
#851 = VECTOR('',#852,1.);
#852 = DIRECTION('',(0.,1.));
#853 = ( GEOMETRIC_REPRESENTATION_CONTEXT(2)
PARAMETRIC_REPRESENTATION_CONTEXT() REPRESENTATION_CONTEXT('2D SPACE',''
  ) );
#854 = PCURVE('',#250,#855);
#855 = DEFINITIONAL_REPRESENTATION('',(#856),#860);
#856 = LINE('',#857,#858);
#857 = CARTESIAN_POINT('',(1.570796326795,0.));
#858 = VECTOR('',#859,1.);
#859 = DIRECTION('',(0.,1.));
#860 = ( GEOMETRIC_REPRESENTATION_CONTEXT(2)
PARAMETRIC_REPRESENTATION_CONTEXT() REPRESENTATION_CONTEXT('2D SPACE',''
  ) );
#861 = ORIENTED_EDGE('',*,*,#862,.T.);
#862 = EDGE_CURVE('',#840,#863,#865,.T.);
#863 = VERTEX_POINT('',#864);
#864 = CARTESIAN_POINT('',(30.15,-64.75,74.32));
#865 = SURFACE_CURVE('',#866,(#870,#877),.PCURVE_S1.);
#866 = LINE('',#867,#868);
#867 = CARTESIAN_POINT('',(-40.15,-64.75,74.32));
#868 = VECTOR('',#869,1.);
#869 = DIRECTION('',(1.,0.,0.));
#870 = PCURVE('',#44,#871);
#871 = DEFINITIONAL_REPRESENTATION('',(#872),#876);
#872 = LINE('',#873,#874);
#873 = CARTESIAN_POINT('',(0.,0.));
#874 = VECTOR('',#875,1.);
#875 = DIRECTION('',(1.,0.));
#876 = ( GEOMETRIC_REPRESENTATION_CONTEXT(2)
PARAMETRIC_REPRESENTATION_CONTEXT() REPRESENTATION_CONTEXT('2D SPACE',''
  ) );
#877 = PCURVE('',#878,#883);
#878 = PLANE('',#879);
#879 = AXIS2_PLACEMENT_3D('',#880,#881,#882);
#880 = CARTESIAN_POINT('',(-40.15,-64.75,-83.));
#881 = DIRECTION('',(0.,1.,0.));
#882 = DIRECTION('',(0.,0.,1.));
#883 = DEFINITIONAL_REPRESENTATION('',(#884),#888);
#884 = LINE('',#885,#886);
#885 = CARTESIAN_POINT('',(157.32,0.));
#886 = VECTOR('',#887,1.);
#887 = DIRECTION('',(0.,1.));
#888 = ( GEOMETRIC_REPRESENTATION_CONTEXT(2)
PARAMETRIC_REPRESENTATION_CONTEXT() REPRESENTATION_CONTEXT('2D SPACE',''
  ) );
#889 = ORIENTED_EDGE('',*,*,#890,.T.);
#890 = EDGE_CURVE('',#863,#891,#893,.T.);
#891 = VERTEX_POINT('',#892);
#892 = CARTESIAN_POINT('',(30.15,-48.90161290322,74.32));
#893 = SURFACE_CURVE('',#894,(#898,#905),.PCURVE_S1.);
#894 = LINE('',#895,#896);
#895 = CARTESIAN_POINT('',(30.15,-64.75,74.32));
#896 = VECTOR('',#897,1.);
#897 = DIRECTION('',(0.,1.,0.));
#898 = PCURVE('',#44,#899);
#899 = DEFINITIONAL_REPRESENTATION('',(#900),#904);
#900 = LINE('',#901,#902);
#901 = CARTESIAN_POINT('',(70.3,0.));
#902 = VECTOR('',#903,1.);
#903 = DIRECTION('',(0.,1.));
#904 = ( GEOMETRIC_REPRESENTATION_CONTEXT(2)
PARAMETRIC_REPRESENTATION_CONTEXT() REPRESENTATION_CONTEXT('2D SPACE',''
  ) );
#905 = PCURVE('',#77,#906);
#906 = DEFINITIONAL_REPRESENTATION('',(#907),#911);
#907 = LINE('',#908,#909);
#908 = CARTESIAN_POINT('',(-1.570796326795,0.));
#909 = VECTOR('',#910,1.);
#910 = DIRECTION('',(-0.,1.));
#911 = ( GEOMETRIC_REPRESENTATION_CONTEXT(2)
PARAMETRIC_REPRESENTATION_CONTEXT() REPRESENTATION_CONTEXT('2D SPACE',''
  ) );
#912 = ORIENTED_EDGE('',*,*,#913,.T.);
#913 = EDGE_CURVE('',#891,#914,#916,.T.);
#914 = VERTEX_POINT('',#915);
#915 = CARTESIAN_POINT('',(21.998387096774,-48.90161290322,74.32));
#916 = SURFACE_CURVE('',#917,(#920,#926),.PCURVE_S1.);
#917 = B_SPLINE_CURVE_WITH_KNOTS('',1,(#918,#919),.UNSPECIFIED.,.F.,.F.,
  (2,2),(0.,1.),.PIECEWISE_BEZIER_KNOTS.);
#918 = CARTESIAN_POINT('',(30.15,-48.90161290322,74.32));
#919 = CARTESIAN_POINT('',(21.998387096774,-48.90161290322,74.32));
#920 = PCURVE('',#44,#921);
#921 = DEFINITIONAL_REPRESENTATION('',(#922),#925);
#922 = B_SPLINE_CURVE_WITH_KNOTS('',1,(#923,#924),.UNSPECIFIED.,.F.,.F.,
  (2,2),(0.,1.),.PIECEWISE_BEZIER_KNOTS.);
#923 = CARTESIAN_POINT('',(70.3,15.848387096774));
#924 = CARTESIAN_POINT('',(62.148387096774,15.848387096774));
#925 = ( GEOMETRIC_REPRESENTATION_CONTEXT(2)
PARAMETRIC_REPRESENTATION_CONTEXT() REPRESENTATION_CONTEXT('2D SPACE',''
  ) );
#926 = PCURVE('',#927,#932);
#927 = B_SPLINE_SURFACE_WITH_KNOTS('',1,1,(
    (#928,#929)
    ,(#930,#931
  )),.UNSPECIFIED.,.F.,.F.,.F.,(2,2),(2,2),(0.,8.4),(0.,1.),
  .PIECEWISE_BEZIER_KNOTS.);
#928 = CARTESIAN_POINT('',(24.95,-45.95,71.27));
#929 = CARTESIAN_POINT('',(21.95,-48.95,74.37));
#930 = CARTESIAN_POINT('',(27.35,-45.95,71.27));
#931 = CARTESIAN_POINT('',(30.35,-48.95,74.37));
#932 = DEFINITIONAL_REPRESENTATION('',(#933),#936);
#933 = B_SPLINE_CURVE_WITH_KNOTS('',1,(#934,#935),.UNSPECIFIED.,.F.,.F.,
  (2,2),(0.,1.),.PIECEWISE_BEZIER_KNOTS.);
#934 = CARTESIAN_POINT('',(8.24662004662,0.983870967742));
#935 = CARTESIAN_POINT('',(0.,0.983870967742));
#936 = ( GEOMETRIC_REPRESENTATION_CONTEXT(2)
PARAMETRIC_REPRESENTATION_CONTEXT() REPRESENTATION_CONTEXT('2D SPACE',''
  ) );
#937 = ORIENTED_EDGE('',*,*,#938,.T.);
#938 = EDGE_CURVE('',#914,#939,#941,.T.);
#939 = VERTEX_POINT('',#940);
#940 = CARTESIAN_POINT('',(21.998387096774,-40.59838709677,74.32));
#941 = SURFACE_CURVE('',#942,(#945,#951),.PCURVE_S1.);
#942 = B_SPLINE_CURVE_WITH_KNOTS('',1,(#943,#944),.UNSPECIFIED.,.F.,.F.,
  (2,2),(0.,1.),.PIECEWISE_BEZIER_KNOTS.);
#943 = CARTESIAN_POINT('',(21.998387096774,-48.90161290322,74.32));
#944 = CARTESIAN_POINT('',(21.998387096774,-40.59838709677,74.32));
#945 = PCURVE('',#44,#946);
#946 = DEFINITIONAL_REPRESENTATION('',(#947),#950);
#947 = B_SPLINE_CURVE_WITH_KNOTS('',1,(#948,#949),.UNSPECIFIED.,.F.,.F.,
  (2,2),(0.,1.),.PIECEWISE_BEZIER_KNOTS.);
#948 = CARTESIAN_POINT('',(62.148387096774,15.848387096774));
#949 = CARTESIAN_POINT('',(62.148387096774,24.151612903226));
#950 = ( GEOMETRIC_REPRESENTATION_CONTEXT(2)
PARAMETRIC_REPRESENTATION_CONTEXT() REPRESENTATION_CONTEXT('2D SPACE',''
  ) );
#951 = PCURVE('',#952,#957);
#952 = B_SPLINE_SURFACE_WITH_KNOTS('',1,1,(
    (#953,#954)
    ,(#955,#956
  )),.UNSPECIFIED.,.F.,.F.,.F.,(2,2),(2,2),(0.,8.4),(0.,1.),
  .PIECEWISE_BEZIER_KNOTS.);
#953 = CARTESIAN_POINT('',(24.95,-43.55,71.27));
#954 = CARTESIAN_POINT('',(21.95,-40.55,74.37));
#955 = CARTESIAN_POINT('',(24.95,-45.95,71.27));
#956 = CARTESIAN_POINT('',(21.95,-48.95,74.37));
#957 = DEFINITIONAL_REPRESENTATION('',(#958),#961);
#958 = B_SPLINE_CURVE_WITH_KNOTS('',1,(#959,#960),.UNSPECIFIED.,.F.,.F.,
  (2,2),(0.,1.),.PIECEWISE_BEZIER_KNOTS.);
#959 = CARTESIAN_POINT('',(8.4,0.983870967742));
#960 = CARTESIAN_POINT('',(0.,0.983870967742));
#961 = ( GEOMETRIC_REPRESENTATION_CONTEXT(2)
PARAMETRIC_REPRESENTATION_CONTEXT() REPRESENTATION_CONTEXT('2D SPACE',''
  ) );
#962 = ORIENTED_EDGE('',*,*,#963,.T.);
#963 = EDGE_CURVE('',#939,#964,#966,.T.);
#964 = VERTEX_POINT('',#965);
#965 = CARTESIAN_POINT('',(30.15,-40.59838709677,74.32));
#966 = SURFACE_CURVE('',#967,(#970,#976),.PCURVE_S1.);
#967 = B_SPLINE_CURVE_WITH_KNOTS('',1,(#968,#969),.UNSPECIFIED.,.F.,.F.,
  (2,2),(0.,1.),.PIECEWISE_BEZIER_KNOTS.);
#968 = CARTESIAN_POINT('',(21.998387096774,-40.59838709677,74.32));
#969 = CARTESIAN_POINT('',(30.15,-40.59838709677,74.32));
#970 = PCURVE('',#44,#971);
#971 = DEFINITIONAL_REPRESENTATION('',(#972),#975);
#972 = B_SPLINE_CURVE_WITH_KNOTS('',1,(#973,#974),.UNSPECIFIED.,.F.,.F.,
  (2,2),(0.,1.),.PIECEWISE_BEZIER_KNOTS.);
#973 = CARTESIAN_POINT('',(62.148387096774,24.151612903226));
#974 = CARTESIAN_POINT('',(70.3,24.151612903226));
#975 = ( GEOMETRIC_REPRESENTATION_CONTEXT(2)
PARAMETRIC_REPRESENTATION_CONTEXT() REPRESENTATION_CONTEXT('2D SPACE',''
  ) );
#976 = PCURVE('',#977,#982);
#977 = B_SPLINE_SURFACE_WITH_KNOTS('',1,1,(
    (#978,#979)
    ,(#980,#981
  )),.UNSPECIFIED.,.F.,.F.,.F.,(2,2),(2,2),(0.,8.4),(0.,1.),
  .PIECEWISE_BEZIER_KNOTS.);
#978 = CARTESIAN_POINT('',(27.35,-43.55,71.27));
#979 = CARTESIAN_POINT('',(30.35,-40.55,74.37));
#980 = CARTESIAN_POINT('',(24.95,-43.55,71.27));
#981 = CARTESIAN_POINT('',(21.95,-40.55,74.37));
#982 = DEFINITIONAL_REPRESENTATION('',(#983),#986);
#983 = B_SPLINE_CURVE_WITH_KNOTS('',1,(#984,#985),.UNSPECIFIED.,.F.,.F.,
  (2,2),(0.,1.),.PIECEWISE_BEZIER_KNOTS.);
#984 = CARTESIAN_POINT('',(8.4,0.983870967742));
#985 = CARTESIAN_POINT('',(0.15337995338,0.983870967742));
#986 = ( GEOMETRIC_REPRESENTATION_CONTEXT(2)
PARAMETRIC_REPRESENTATION_CONTEXT() REPRESENTATION_CONTEXT('2D SPACE',''
  ) );
#987 = ORIENTED_EDGE('',*,*,#988,.T.);
#988 = EDGE_CURVE('',#964,#989,#991,.T.);
#989 = VERTEX_POINT('',#990);
#990 = CARTESIAN_POINT('',(30.15,16.150201771774,74.32));
#991 = SURFACE_CURVE('',#992,(#996,#1003),.PCURVE_S1.);
#992 = LINE('',#993,#994);
#993 = CARTESIAN_POINT('',(30.15,-64.75,74.32));
#994 = VECTOR('',#995,1.);
#995 = DIRECTION('',(0.,1.,0.));
#996 = PCURVE('',#44,#997);
#997 = DEFINITIONAL_REPRESENTATION('',(#998),#1002);
#998 = LINE('',#999,#1000);
#999 = CARTESIAN_POINT('',(70.3,0.));
#1000 = VECTOR('',#1001,1.);
#1001 = DIRECTION('',(0.,1.));
#1002 = ( GEOMETRIC_REPRESENTATION_CONTEXT(2)
PARAMETRIC_REPRESENTATION_CONTEXT() REPRESENTATION_CONTEXT('2D SPACE',''
  ) );
#1003 = PCURVE('',#77,#1004);
#1004 = DEFINITIONAL_REPRESENTATION('',(#1005),#1009);
#1005 = LINE('',#1006,#1007);
#1006 = CARTESIAN_POINT('',(-1.570796326795,0.));
#1007 = VECTOR('',#1008,1.);
#1008 = DIRECTION('',(-0.,1.));
#1009 = ( GEOMETRIC_REPRESENTATION_CONTEXT(2)
PARAMETRIC_REPRESENTATION_CONTEXT() REPRESENTATION_CONTEXT('2D SPACE',''
  ) );
#1010 = ORIENTED_EDGE('',*,*,#1011,.T.);
#1011 = EDGE_CURVE('',#989,#1012,#1014,.T.);
#1012 = VERTEX_POINT('',#1013);
#1013 = CARTESIAN_POINT('',(21.998387096774,16.150201771774,74.32));
#1014 = SURFACE_CURVE('',#1015,(#1018,#1024),.PCURVE_S1.);
#1015 = B_SPLINE_CURVE_WITH_KNOTS('',1,(#1016,#1017),.UNSPECIFIED.,.F.,
  .F.,(2,2),(0.,1.),.PIECEWISE_BEZIER_KNOTS.);
#1016 = CARTESIAN_POINT('',(30.15,16.150201771774,74.32));
#1017 = CARTESIAN_POINT('',(21.998387096774,16.150201771774,74.32));
#1018 = PCURVE('',#44,#1019);
#1019 = DEFINITIONAL_REPRESENTATION('',(#1020),#1023);
#1020 = B_SPLINE_CURVE_WITH_KNOTS('',1,(#1021,#1022),.UNSPECIFIED.,.F.,
  .F.,(2,2),(0.,1.),.PIECEWISE_BEZIER_KNOTS.);
#1021 = CARTESIAN_POINT('',(70.3,80.900201771774));
#1022 = CARTESIAN_POINT('',(62.148387096774,80.900201771774));
#1023 = ( GEOMETRIC_REPRESENTATION_CONTEXT(2)
PARAMETRIC_REPRESENTATION_CONTEXT() REPRESENTATION_CONTEXT('2D SPACE',''
  ) );
#1024 = PCURVE('',#1025,#1030);
#1025 = B_SPLINE_SURFACE_WITH_KNOTS('',1,1,(
    (#1026,#1027)
    ,(#1028,#1029
    )),.UNSPECIFIED.,.F.,.F.,.F.,(2,2),(2,2),(0.,8.4),(0.,1.),
  .PIECEWISE_BEZIER_KNOTS.);
#1026 = CARTESIAN_POINT('',(24.95,19.101814675,71.27));
#1027 = CARTESIAN_POINT('',(21.95,16.101814675,74.37));
#1028 = CARTESIAN_POINT('',(27.35,19.101814675,71.27));
#1029 = CARTESIAN_POINT('',(30.35,16.101814675,74.37));
#1030 = DEFINITIONAL_REPRESENTATION('',(#1031),#1034);
#1031 = B_SPLINE_CURVE_WITH_KNOTS('',1,(#1032,#1033),.UNSPECIFIED.,.F.,
  .F.,(2,2),(0.,1.),.PIECEWISE_BEZIER_KNOTS.);
#1032 = CARTESIAN_POINT('',(8.24662004662,0.983870967742));
#1033 = CARTESIAN_POINT('',(0.,0.983870967742));
#1034 = ( GEOMETRIC_REPRESENTATION_CONTEXT(2)
PARAMETRIC_REPRESENTATION_CONTEXT() REPRESENTATION_CONTEXT('2D SPACE',''
  ) );
#1035 = ORIENTED_EDGE('',*,*,#1036,.T.);
#1036 = EDGE_CURVE('',#1012,#1037,#1039,.T.);
#1037 = VERTEX_POINT('',#1038);
#1038 = CARTESIAN_POINT('',(21.998387096774,24.453427578226,74.32));
#1039 = SURFACE_CURVE('',#1040,(#1043,#1049),.PCURVE_S1.);
#1040 = B_SPLINE_CURVE_WITH_KNOTS('',1,(#1041,#1042),.UNSPECIFIED.,.F.,
  .F.,(2,2),(0.,1.),.PIECEWISE_BEZIER_KNOTS.);
#1041 = CARTESIAN_POINT('',(21.998387096774,16.150201771774,74.32));
#1042 = CARTESIAN_POINT('',(21.998387096774,24.453427578226,74.32));
#1043 = PCURVE('',#44,#1044);
#1044 = DEFINITIONAL_REPRESENTATION('',(#1045),#1048);
#1045 = B_SPLINE_CURVE_WITH_KNOTS('',1,(#1046,#1047),.UNSPECIFIED.,.F.,
  .F.,(2,2),(0.,1.),.PIECEWISE_BEZIER_KNOTS.);
#1046 = CARTESIAN_POINT('',(62.148387096774,80.900201771774));
#1047 = CARTESIAN_POINT('',(62.148387096774,89.203427578226));
#1048 = ( GEOMETRIC_REPRESENTATION_CONTEXT(2)
PARAMETRIC_REPRESENTATION_CONTEXT() REPRESENTATION_CONTEXT('2D SPACE',''
  ) );
#1049 = PCURVE('',#1050,#1055);
#1050 = B_SPLINE_SURFACE_WITH_KNOTS('',1,1,(
    (#1051,#1052)
    ,(#1053,#1054
    )),.UNSPECIFIED.,.F.,.F.,.F.,(2,2),(2,2),(0.,8.4),(0.,1.),
  .PIECEWISE_BEZIER_KNOTS.);
#1051 = CARTESIAN_POINT('',(24.95,21.501814675,71.27));
#1052 = CARTESIAN_POINT('',(21.95,24.501814675,74.37));
#1053 = CARTESIAN_POINT('',(24.95,19.101814675,71.27));
#1054 = CARTESIAN_POINT('',(21.95,16.101814675,74.37));
#1055 = DEFINITIONAL_REPRESENTATION('',(#1056),#1059);
#1056 = B_SPLINE_CURVE_WITH_KNOTS('',1,(#1057,#1058),.UNSPECIFIED.,.F.,
  .F.,(2,2),(0.,1.),.PIECEWISE_BEZIER_KNOTS.);
#1057 = CARTESIAN_POINT('',(8.4,0.983870967742));
#1058 = CARTESIAN_POINT('',(0.,0.983870967742));
#1059 = ( GEOMETRIC_REPRESENTATION_CONTEXT(2)
PARAMETRIC_REPRESENTATION_CONTEXT() REPRESENTATION_CONTEXT('2D SPACE',''
  ) );
#1060 = ORIENTED_EDGE('',*,*,#1061,.T.);
#1061 = EDGE_CURVE('',#1037,#1062,#1064,.T.);
#1062 = VERTEX_POINT('',#1063);
#1063 = CARTESIAN_POINT('',(30.15,24.453427578226,74.32));
#1064 = SURFACE_CURVE('',#1065,(#1068,#1074),.PCURVE_S1.);
#1065 = B_SPLINE_CURVE_WITH_KNOTS('',1,(#1066,#1067),.UNSPECIFIED.,.F.,
  .F.,(2,2),(0.,1.),.PIECEWISE_BEZIER_KNOTS.);
#1066 = CARTESIAN_POINT('',(21.998387096774,24.453427578226,74.32));
#1067 = CARTESIAN_POINT('',(30.15,24.453427578226,74.32));
#1068 = PCURVE('',#44,#1069);
#1069 = DEFINITIONAL_REPRESENTATION('',(#1070),#1073);
#1070 = B_SPLINE_CURVE_WITH_KNOTS('',1,(#1071,#1072),.UNSPECIFIED.,.F.,
  .F.,(2,2),(0.,1.),.PIECEWISE_BEZIER_KNOTS.);
#1071 = CARTESIAN_POINT('',(62.148387096774,89.203427578226));
#1072 = CARTESIAN_POINT('',(70.3,89.203427578226));
#1073 = ( GEOMETRIC_REPRESENTATION_CONTEXT(2)
PARAMETRIC_REPRESENTATION_CONTEXT() REPRESENTATION_CONTEXT('2D SPACE',''
  ) );
#1074 = PCURVE('',#1075,#1080);
#1075 = B_SPLINE_SURFACE_WITH_KNOTS('',1,1,(
    (#1076,#1077)
    ,(#1078,#1079
    )),.UNSPECIFIED.,.F.,.F.,.F.,(2,2),(2,2),(0.,8.4),(0.,1.),
  .PIECEWISE_BEZIER_KNOTS.);
#1076 = CARTESIAN_POINT('',(27.35,21.501814675,71.27));
#1077 = CARTESIAN_POINT('',(30.35,24.501814675,74.37));
#1078 = CARTESIAN_POINT('',(24.95,21.501814675,71.27));
#1079 = CARTESIAN_POINT('',(21.95,24.501814675,74.37));
#1080 = DEFINITIONAL_REPRESENTATION('',(#1081),#1084);
#1081 = B_SPLINE_CURVE_WITH_KNOTS('',1,(#1082,#1083),.UNSPECIFIED.,.F.,
  .F.,(2,2),(0.,1.),.PIECEWISE_BEZIER_KNOTS.);
#1082 = CARTESIAN_POINT('',(8.4,0.983870967742));
#1083 = CARTESIAN_POINT('',(0.15337995338,0.983870967742));
#1084 = ( GEOMETRIC_REPRESENTATION_CONTEXT(2)
PARAMETRIC_REPRESENTATION_CONTEXT() REPRESENTATION_CONTEXT('2D SPACE',''
  ) );
#1085 = ORIENTED_EDGE('',*,*,#1086,.T.);
#1086 = EDGE_CURVE('',#1062,#24,#1087,.T.);
#1087 = SURFACE_CURVE('',#1088,(#1092,#1099),.PCURVE_S1.);
#1088 = LINE('',#1089,#1090);
#1089 = CARTESIAN_POINT('',(30.15,-64.75,74.32));
#1090 = VECTOR('',#1091,1.);
#1091 = DIRECTION('',(0.,1.,0.));
#1092 = PCURVE('',#44,#1093);
#1093 = DEFINITIONAL_REPRESENTATION('',(#1094),#1098);
#1094 = LINE('',#1095,#1096);
#1095 = CARTESIAN_POINT('',(70.3,0.));
#1096 = VECTOR('',#1097,1.);
#1097 = DIRECTION('',(0.,1.));
#1098 = ( GEOMETRIC_REPRESENTATION_CONTEXT(2)
PARAMETRIC_REPRESENTATION_CONTEXT() REPRESENTATION_CONTEXT('2D SPACE',''
  ) );
#1099 = PCURVE('',#77,#1100);
#1100 = DEFINITIONAL_REPRESENTATION('',(#1101),#1105);
#1101 = LINE('',#1102,#1103);
#1102 = CARTESIAN_POINT('',(-1.570796326795,0.));
#1103 = VECTOR('',#1104,1.);
#1104 = DIRECTION('',(-0.,1.));
#1105 = ( GEOMETRIC_REPRESENTATION_CONTEXT(2)
PARAMETRIC_REPRESENTATION_CONTEXT() REPRESENTATION_CONTEXT('2D SPACE',''
  ) );
#1106 = FACE_BOUND('',#1107,.T.);
#1107 = EDGE_LOOP('',(#1108,#1221,#1246,#1321,#1346,#1382,#1463,#1565,
    #1667,#1748,#1773,#1860,#1947,#2022));
#1108 = ORIENTED_EDGE('',*,*,#1109,.T.);
#1109 = EDGE_CURVE('',#1110,#1112,#1114,.T.);
#1110 = VERTEX_POINT('',#1111);
#1111 = CARTESIAN_POINT('',(-12.303671875,-28.59947867731,74.32));
#1112 = VERTEX_POINT('',#1113);
#1113 = CARTESIAN_POINT('',(-14.6493359375,-36.56588492731,74.32));
#1114 = SURFACE_CURVE('',#1115,(#1146,#1180),.PCURVE_S1.);
#1115 = B_SPLINE_CURVE_WITH_KNOTS('',8,(#1116,#1117,#1118,#1119,#1120,
    #1121,#1122,#1123,#1124,#1125,#1126,#1127,#1128,#1129,#1130,#1131,
    #1132,#1133,#1134,#1135,#1136,#1137,#1138,#1139,#1140,#1141,#1142,
    #1143,#1144,#1145),.UNSPECIFIED.,.F.,.F.,(9,7,7,7,9),(0.,
    7.262476342664E-02,0.21969336467,0.522960717801,1.),.UNSPECIFIED.);
#1116 = CARTESIAN_POINT('',(-12.303671875,-28.59947867731,74.32));
#1117 = CARTESIAN_POINT('',(-12.31788811834,-28.67055989401,74.32));
#1118 = CARTESIAN_POINT('',(-12.33308135569,-28.74200138804,74.32));
#1119 = CARTESIAN_POINT('',(-12.34898373977,-28.81367672767,74.32));
#1120 = CARTESIAN_POINT('',(-12.36545755077,-28.8855110112,74.32));
#1121 = CARTESIAN_POINT('',(-12.38240483325,-28.9574536271,74.32));
#1122 = CARTESIAN_POINT('',(-12.39974961321,-29.02947357322,74.32));
#1123 = CARTESIAN_POINT('',(-12.41744400423,-29.10156164389,74.32));
#1124 = CARTESIAN_POINT('',(-12.47191152102,-29.31985558276,74.32));
#1125 = CARTESIAN_POINT('',(-12.50962707316,-29.46619970707,74.32));
#1126 = CARTESIAN_POINT('',(-12.54825567305,-29.61267236479,74.32));
#1127 = CARTESIAN_POINT('',(-12.58762301421,-29.75922110579,74.32));
#1128 = CARTESIAN_POINT('',(-12.62760536584,-29.90581111789,74.32));
#1129 = CARTESIAN_POINT('',(-12.66810631555,-30.05242306402,74.32));
#1130 = CARTESIAN_POINT('',(-12.70906412271,-30.19905425322,74.32));
#1131 = CARTESIAN_POINT('',(-12.83572346977,-30.64814110163,74.32));
#1132 = CARTESIAN_POINT('',(-12.92272245436,-30.95060690063,74.32));
#1133 = CARTESIAN_POINT('',(-13.01095944957,-31.25307548562,74.32));
#1134 = CARTESIAN_POINT('',(-13.10020909915,-31.55551783469,74.32));
#1135 = CARTESIAN_POINT('',(-13.19029027509,-31.85791632487,74.32));
#1136 = CARTESIAN_POINT('',(-13.28108779853,-32.16026492123,74.32));
#1137 = CARTESIAN_POINT('',(-13.37250790086,-32.46256923145,74.32));
#1138 = CARTESIAN_POINT('',(-13.60916099708,-33.24032955988,74.32));
#1139 = CARTESIAN_POINT('',(-13.7551984055,-33.71570006367,74.32));
#1140 = CARTESIAN_POINT('',(-13.90231389451,-34.19096742207,74.32));
#1141 = CARTESIAN_POINT('',(-14.05033542627,-34.66613397085,74.32));
#1142 = CARTESIAN_POINT('',(-14.19913650192,-35.14120238515,74.32));
#1143 = CARTESIAN_POINT('',(-14.3486175239,-35.61617781276,74.32));
#1144 = CARTESIAN_POINT('',(-14.49870438841,-36.09106808781,74.32));
#1145 = CARTESIAN_POINT('',(-14.6493359375,-36.56588492731,74.32));
#1146 = PCURVE('',#44,#1147);
#1147 = DEFINITIONAL_REPRESENTATION('',(#1148),#1179);
#1148 = B_SPLINE_CURVE_WITH_KNOTS('',8,(#1149,#1150,#1151,#1152,#1153,
    #1154,#1155,#1156,#1157,#1158,#1159,#1160,#1161,#1162,#1163,#1164,
    #1165,#1166,#1167,#1168,#1169,#1170,#1171,#1172,#1173,#1174,#1175,
    #1176,#1177,#1178),.UNSPECIFIED.,.F.,.F.,(9,7,7,7,9),(0.,
    7.262476342664E-02,0.21969336467,0.522960717801,1.),.UNSPECIFIED.);
#1149 = CARTESIAN_POINT('',(27.846328125,36.150521322689));
#1150 = CARTESIAN_POINT('',(27.832111881658,36.079440105981));
#1151 = CARTESIAN_POINT('',(27.816918644309,36.007998611957));
#1152 = CARTESIAN_POINT('',(27.801016260223,35.936323272321));
#1153 = CARTESIAN_POINT('',(27.784542449222,35.864488988796));
#1154 = CARTESIAN_POINT('',(27.767595166745,35.792546372891));
#1155 = CARTESIAN_POINT('',(27.750250386788,35.720526426779));
#1156 = CARTESIAN_POINT('',(27.732555995762,35.648438356105));
#1157 = CARTESIAN_POINT('',(27.678088478976,35.430144417235));
#1158 = CARTESIAN_POINT('',(27.640372926831,35.283800292925));
#1159 = CARTESIAN_POINT('',(27.601744326944,35.137327635209));
#1160 = CARTESIAN_POINT('',(27.562376985789,34.990778894205));
#1161 = CARTESIAN_POINT('',(27.522394634156,34.844188882109));
#1162 = CARTESIAN_POINT('',(27.481893684441,34.697576935978));
#1163 = CARTESIAN_POINT('',(27.440935877282,34.550945746772));
#1164 = CARTESIAN_POINT('',(27.314276530224,34.101858898363));
#1165 = CARTESIAN_POINT('',(27.227277545638,33.799393099368));
#1166 = CARTESIAN_POINT('',(27.139040550424,33.496924514371));
#1167 = CARTESIAN_POINT('',(27.049790900842,33.194482165306));
#1168 = CARTESIAN_POINT('',(26.959709724905,32.892083675124));
#1169 = CARTESIAN_POINT('',(26.868912201462,32.589735078764));
#1170 = CARTESIAN_POINT('',(26.777492099133,32.287430768544));
#1171 = CARTESIAN_POINT('',(26.540839002917,31.509670440115));
#1172 = CARTESIAN_POINT('',(26.394801594496,31.034299936328));
#1173 = CARTESIAN_POINT('',(26.247686105486,30.559032577927));
#1174 = CARTESIAN_POINT('',(26.099664573724,30.083866029143));
#1175 = CARTESIAN_POINT('',(25.950863498075,29.60879761485));
#1176 = CARTESIAN_POINT('',(25.801382476096,29.133822187239));
#1177 = CARTESIAN_POINT('',(25.651295611583,28.658931912189));
#1178 = CARTESIAN_POINT('',(25.5006640625,28.184115072689));
#1179 = ( GEOMETRIC_REPRESENTATION_CONTEXT(2)
PARAMETRIC_REPRESENTATION_CONTEXT() REPRESENTATION_CONTEXT('2D SPACE',''
  ) );
#1180 = PCURVE('',#1181,#1188);
#1181 = B_SPLINE_SURFACE_WITH_KNOTS('',2,1,(
    (#1182,#1183)
    ,(#1184,#1185)
    ,(#1186,#1187
    )),.UNSPECIFIED.,.F.,.F.,.F.,(3,3),(2,2),(0.,1.),(0.,1.),
  .PIECEWISE_BEZIER_KNOTS.);
#1182 = CARTESIAN_POINT('',(-14.5458984375,-36.39400995986,74.12));
#1183 = CARTESIAN_POINT('',(-14.6751953125,-36.60885366917,74.37));
#1184 = CARTESIAN_POINT('',(-12.5244140625,-30.02193964736,74.12));
#1185 = CARTESIAN_POINT('',(-12.6357421875,-30.18014273167,74.37));
#1186 = CARTESIAN_POINT('',(-12.216796875,-28.48385370986,74.12));
#1187 = CARTESIAN_POINT('',(-12.325390625,-28.62838491917,74.37));
#1188 = DEFINITIONAL_REPRESENTATION('',(#1189),#1220);
#1189 = B_SPLINE_CURVE_WITH_KNOTS('',8,(#1190,#1191,#1192,#1193,#1194,
    #1195,#1196,#1197,#1198,#1199,#1200,#1201,#1202,#1203,#1204,#1205,
    #1206,#1207,#1208,#1209,#1210,#1211,#1212,#1213,#1214,#1215,#1216,
    #1217,#1218,#1219),.UNSPECIFIED.,.F.,.F.,(9,7,7,7,9),(0.,
    7.262476342664E-02,0.21969336467,0.522960717801,1.),.UNSPECIFIED.);
#1190 = CARTESIAN_POINT('',(1.,0.8));
#1191 = CARTESIAN_POINT('',(0.977056119686,0.8));
#1192 = CARTESIAN_POINT('',(0.955886004458,0.8));
#1193 = CARTESIAN_POINT('',(0.936023851101,0.8));
#1194 = CARTESIAN_POINT('',(0.917237482723,0.8));
#1195 = CARTESIAN_POINT('',(0.899359787408,0.8));
#1196 = CARTESIAN_POINT('',(0.882255042928,0.8));
#1197 = CARTESIAN_POINT('',(0.865830050433,0.8));
#1198 = CARTESIAN_POINT('',(0.81794339472,0.8));
#1199 = CARTESIAN_POINT('',(0.788347706267,0.8));
#1200 = CARTESIAN_POINT('',(0.760563831983,0.8));
#1201 = CARTESIAN_POINT('',(0.734266554489,0.8));
#1202 = CARTESIAN_POINT('',(0.709223227946,0.8));
#1203 = CARTESIAN_POINT('',(0.685246804366,0.8));
#1204 = CARTESIAN_POINT('',(0.662210324771,0.8));
#1205 = CARTESIAN_POINT('',(0.594200513579,0.8));
#1206 = CARTESIAN_POINT('',(0.551929519548,0.8));
#1207 = CARTESIAN_POINT('',(0.512242174476,0.8));
#1208 = CARTESIAN_POINT('',(0.474689289607,0.8));
#1209 = CARTESIAN_POINT('',(0.438905610403,0.8));
#1210 = CARTESIAN_POINT('',(0.404655042943,0.8));
#1211 = CARTESIAN_POINT('',(0.371737589344,0.8));
#1212 = CARTESIAN_POINT('',(0.290076799619,0.8));
#1213 = CARTESIAN_POINT('',(0.243076889464,0.8));
#1214 = CARTESIAN_POINT('',(0.198405040669,0.8));
#1215 = CARTESIAN_POINT('',(0.155700204942,0.8));
#1216 = CARTESIAN_POINT('',(0.114696195506,0.8));
#1217 = CARTESIAN_POINT('',(7.518118068301E-02,0.8));
#1218 = CARTESIAN_POINT('',(3.699458590621E-02,0.8));
#1219 = CARTESIAN_POINT('',(0.,0.8));
#1220 = ( GEOMETRIC_REPRESENTATION_CONTEXT(2)
PARAMETRIC_REPRESENTATION_CONTEXT() REPRESENTATION_CONTEXT('2D SPACE',''
  ) );
#1221 = ORIENTED_EDGE('',*,*,#1222,.T.);
#1222 = EDGE_CURVE('',#1112,#1223,#1225,.T.);
#1223 = VERTEX_POINT('',#1224);
#1224 = CARTESIAN_POINT('',(-22.7927734375,-36.56588492731,74.32));
#1225 = SURFACE_CURVE('',#1226,(#1229,#1235),.PCURVE_S1.);
#1226 = B_SPLINE_CURVE_WITH_KNOTS('',1,(#1227,#1228),.UNSPECIFIED.,.F.,
  .F.,(2,2),(0.,1.),.PIECEWISE_BEZIER_KNOTS.);
#1227 = CARTESIAN_POINT('',(-14.6493359375,-36.56588492731,74.32));
#1228 = CARTESIAN_POINT('',(-22.7927734375,-36.56588492731,74.32));
#1229 = PCURVE('',#44,#1230);
#1230 = DEFINITIONAL_REPRESENTATION('',(#1231),#1234);
#1231 = B_SPLINE_CURVE_WITH_KNOTS('',1,(#1232,#1233),.UNSPECIFIED.,.F.,
  .F.,(2,2),(0.,1.),.PIECEWISE_BEZIER_KNOTS.);
#1232 = CARTESIAN_POINT('',(25.5006640625,28.184115072689));
#1233 = CARTESIAN_POINT('',(17.3572265625,28.184115072689));
#1234 = ( GEOMETRIC_REPRESENTATION_CONTEXT(2)
PARAMETRIC_REPRESENTATION_CONTEXT() REPRESENTATION_CONTEXT('2D SPACE',''
  ) );
#1235 = PCURVE('',#1236,#1241);
#1236 = B_SPLINE_SURFACE_WITH_KNOTS('',1,1,(
    (#1237,#1238)
    ,(#1239,#1240
    )),.UNSPECIFIED.,.F.,.F.,.F.,(2,2),(2,2),(-8.1578125,0.),(0.,1.),
  .PIECEWISE_BEZIER_KNOTS.);
#1237 = CARTESIAN_POINT('',(-22.6318359375,-36.39400995986,74.12));
#1238 = CARTESIAN_POINT('',(-22.8330078125,-36.60885366917,74.37));
#1239 = CARTESIAN_POINT('',(-14.5458984375,-36.39400995986,74.12));
#1240 = CARTESIAN_POINT('',(-14.6751953125,-36.60885366917,74.37));
#1241 = DEFINITIONAL_REPRESENTATION('',(#1242),#1245);
#1242 = B_SPLINE_CURVE_WITH_KNOTS('',1,(#1243,#1244),.UNSPECIFIED.,.F.,
  .F.,(2,2),(0.,1.),.PIECEWISE_BEZIER_KNOTS.);
#1243 = CARTESIAN_POINT('',(0.,0.8));
#1244 = CARTESIAN_POINT('',(-8.1578125,0.8));
#1245 = ( GEOMETRIC_REPRESENTATION_CONTEXT(2)
PARAMETRIC_REPRESENTATION_CONTEXT() REPRESENTATION_CONTEXT('2D SPACE',''
  ) );
#1246 = ORIENTED_EDGE('',*,*,#1247,.T.);
#1247 = EDGE_CURVE('',#1223,#1248,#1250,.T.);
#1248 = VERTEX_POINT('',#1249);
#1249 = CARTESIAN_POINT('',(-17.11374163193,-13.2240926625,74.32));
#1250 = SURFACE_CURVE('',#1251,(#1270,#1292),.PCURVE_S1.);
#1251 = B_SPLINE_CURVE_WITH_KNOTS('',5,(#1252,#1253,#1254,#1255,#1256,
    #1257,#1258,#1259,#1260,#1261,#1262,#1263,#1264,#1265,#1266,#1267,
    #1268,#1269),.UNSPECIFIED.,.F.,.F.,(6,4,4,4,6),(0.,0.221829226039,
    0.461053607186,0.720686196784,1.),.UNSPECIFIED.);
#1252 = CARTESIAN_POINT('',(-22.7927734375,-36.56588492731,74.32));
#1253 = CARTESIAN_POINT('',(-22.46954403101,-35.55002107834,74.32));
#1254 = CARTESIAN_POINT('',(-22.15722129428,-34.53062635641,74.32));
#1255 = CARTESIAN_POINT('',(-21.85482958839,-33.50818144115,74.32));
#1256 = CARTESIAN_POINT('',(-21.56159843726,-32.48305231112,74.32));
#1257 = CARTESIAN_POINT('',(-20.9698090411,-30.3474103619,74.32));
#1258 = CARTESIAN_POINT('',(-20.67263778809,-29.23651105469,74.32));
#1259 = CARTESIAN_POINT('',(-20.38453010751,-28.12317612618,74.32));
#1260 = CARTESIAN_POINT('',(-20.10482483801,-27.00768067117,74.32));
#1261 = CARTESIAN_POINT('',(-19.53788687497,-24.67746865382,74.32));
#1262 = CARTESIAN_POINT('',(-19.25204860813,-23.46240951758,74.32));
#1263 = CARTESIAN_POINT('',(-18.97471278048,-22.24533769302,74.32));
#1264 = CARTESIAN_POINT('',(-18.70529013135,-21.02647022769,74.32));
#1265 = CARTESIAN_POINT('',(-18.16138943152,-18.49296837954,74.32));
#1266 = CARTESIAN_POINT('',(-17.88807693774,-17.17808097296,74.32));
#1267 = CARTESIAN_POINT('',(-17.62270070834,-15.86153086845,74.32));
#1268 = CARTESIAN_POINT('',(-17.36473993959,-14.54348918005,74.32));
#1269 = CARTESIAN_POINT('',(-17.11374163193,-13.2240926625,74.32));
#1270 = PCURVE('',#44,#1271);
#1271 = DEFINITIONAL_REPRESENTATION('',(#1272),#1291);
#1272 = B_SPLINE_CURVE_WITH_KNOTS('',5,(#1273,#1274,#1275,#1276,#1277,
    #1278,#1279,#1280,#1281,#1282,#1283,#1284,#1285,#1286,#1287,#1288,
    #1289,#1290),.UNSPECIFIED.,.F.,.F.,(6,4,4,4,6),(0.,0.221829226039,
    0.461053607186,0.720686196784,1.),.UNSPECIFIED.);
#1273 = CARTESIAN_POINT('',(17.3572265625,28.184115072689));
#1274 = CARTESIAN_POINT('',(17.680455968988,29.199978921652));
#1275 = CARTESIAN_POINT('',(17.992778705718,30.219373643581));
#1276 = CARTESIAN_POINT('',(18.295170411602,31.241818558844));
#1277 = CARTESIAN_POINT('',(18.588401562734,32.266947688872));
#1278 = CARTESIAN_POINT('',(19.180190958898,34.402589638093));
#1279 = CARTESIAN_POINT('',(19.477362211904,35.513488945303));
#1280 = CARTESIAN_POINT('',(19.76546989249,36.626823873814));
#1281 = CARTESIAN_POINT('',(20.04517516199,37.742319328821));
#1282 = CARTESIAN_POINT('',(20.612113125029,40.072531346179));
#1283 = CARTESIAN_POINT('',(20.897951391867,41.287590482413));
#1284 = CARTESIAN_POINT('',(21.175287219516,42.504662306976));
#1285 = CARTESIAN_POINT('',(21.444709868641,43.723529772308));
#1286 = CARTESIAN_POINT('',(21.988610568476,46.257031620458));
#1287 = CARTESIAN_POINT('',(22.261923062257,47.571919027034));
#1288 = CARTESIAN_POINT('',(22.527299291656,48.888469131547));
#1289 = CARTESIAN_POINT('',(22.785260060406,50.20651081995));
#1290 = CARTESIAN_POINT('',(23.036258368069,51.5259073375));
#1291 = ( GEOMETRIC_REPRESENTATION_CONTEXT(2)
PARAMETRIC_REPRESENTATION_CONTEXT() REPRESENTATION_CONTEXT('2D SPACE',''
  ) );
#1292 = PCURVE('',#1293,#1300);
#1293 = B_SPLINE_SURFACE_WITH_KNOTS('',2,1,(
    (#1294,#1295)
    ,(#1296,#1297)
    ,(#1298,#1299
    )),.UNSPECIFIED.,.F.,.F.,.F.,(3,3),(2,2),(0.,1.),(0.,1.),
  .PIECEWISE_BEZIER_KNOTS.);
#1294 = CARTESIAN_POINT('',(-16.99424651772,-13.2240926625,74.12));
#1295 = CARTESIAN_POINT('',(-17.14361541048,-13.2240926625,74.37));
#1296 = CARTESIAN_POINT('',(-19.57425454256,-26.78446843293,74.12));
#1297 = CARTESIAN_POINT('',(-19.74724583434,-26.91074459496,74.37));
#1298 = CARTESIAN_POINT('',(-22.6318359375,-36.39400995986,74.12));
#1299 = CARTESIAN_POINT('',(-22.8330078125,-36.60885366917,74.37));
#1300 = DEFINITIONAL_REPRESENTATION('',(#1301),#1320);
#1301 = B_SPLINE_CURVE_WITH_KNOTS('',5,(#1302,#1303,#1304,#1305,#1306,
    #1307,#1308,#1309,#1310,#1311,#1312,#1313,#1314,#1315,#1316,#1317,
    #1318,#1319),.UNSPECIFIED.,.F.,.F.,(6,4,4,4,6),(0.,0.221829226039,
    0.461053607186,0.720686196784,1.),.UNSPECIFIED.);
#1302 = CARTESIAN_POINT('',(1.,0.8));
#1303 = CARTESIAN_POINT('',(0.947529837899,0.8));
#1304 = CARTESIAN_POINT('',(0.896292518358,0.8));
#1305 = CARTESIAN_POINT('',(0.846180103308,0.8));
#1306 = CARTESIAN_POINT('',(0.797107158813,0.8));
#1307 = CARTESIAN_POINT('',(0.697120428037,0.8));
#1308 = CARTESIAN_POINT('',(0.646364310494,0.8));
#1309 = CARTESIAN_POINT('',(0.596639789611,0.8));
#1310 = CARTESIAN_POINT('',(0.547872998773,0.8));
#1311 = CARTESIAN_POINT('',(0.448042960405,0.8));
#1312 = CARTESIAN_POINT('',(0.397138880689,0.8));
#1313 = CARTESIAN_POINT('',(0.347206400521,0.8));
#1314 = CARTESIAN_POINT('',(0.298179286186,0.8));
#1315 = CARTESIAN_POINT('',(0.198168526603,0.8));
#1316 = CARTESIAN_POINT('',(0.147318398522,0.8));
#1317 = CARTESIAN_POINT('',(9.737824253915E-02,0.8));
#1318 = CARTESIAN_POINT('',(4.828922497887E-02,0.8));
#1319 = CARTESIAN_POINT('',(0.,0.8));
#1320 = ( GEOMETRIC_REPRESENTATION_CONTEXT(2)
PARAMETRIC_REPRESENTATION_CONTEXT() REPRESENTATION_CONTEXT('2D SPACE',''
  ) );
#1321 = ORIENTED_EDGE('',*,*,#1322,.T.);
#1322 = EDGE_CURVE('',#1248,#1323,#1325,.T.);
#1323 = VERTEX_POINT('',#1324);
#1324 = CARTESIAN_POINT('',(-10.48817119721,-13.2240926625,74.32));
#1325 = SURFACE_CURVE('',#1326,(#1329,#1335),.PCURVE_S1.);
#1326 = B_SPLINE_CURVE_WITH_KNOTS('',1,(#1327,#1328),.UNSPECIFIED.,.F.,
  .F.,(2,2),(0.,1.),.PIECEWISE_BEZIER_KNOTS.);
#1327 = CARTESIAN_POINT('',(-17.11374163193,-13.2240926625,74.32));
#1328 = CARTESIAN_POINT('',(-10.48817119721,-13.2240926625,74.32));
#1329 = PCURVE('',#44,#1330);
#1330 = DEFINITIONAL_REPRESENTATION('',(#1331),#1334);
#1331 = B_SPLINE_CURVE_WITH_KNOTS('',1,(#1332,#1333),.UNSPECIFIED.,.F.,
  .F.,(2,2),(0.,1.),.PIECEWISE_BEZIER_KNOTS.);
#1332 = CARTESIAN_POINT('',(23.036258368069,51.5259073375));
#1333 = CARTESIAN_POINT('',(29.661828802786,51.5259073375));
#1334 = ( GEOMETRIC_REPRESENTATION_CONTEXT(2)
PARAMETRIC_REPRESENTATION_CONTEXT() REPRESENTATION_CONTEXT('2D SPACE',''
  ) );
#1335 = PCURVE('',#1336,#1341);
#1336 = B_SPLINE_SURFACE_WITH_KNOTS('',1,1,(
    (#1337,#1338)
    ,(#1339,#1340
    )),.UNSPECIFIED.,.F.,.F.,.F.,(2,2),(2,2),(73.63011116216,
    80.267052910482),(0.,1.),.PIECEWISE_BEZIER_KNOTS.);
#1337 = CARTESIAN_POINT('',(-10.41416133743,-13.2240926625,74.12));
#1338 = CARTESIAN_POINT('',(-10.50667366216,-13.2240926625,74.37));
#1339 = CARTESIAN_POINT('',(-16.99424651772,-13.2240926625,74.12));
#1340 = CARTESIAN_POINT('',(-17.14361541048,-13.2240926625,74.37));
#1341 = DEFINITIONAL_REPRESENTATION('',(#1342),#1345);
#1342 = B_SPLINE_CURVE_WITH_KNOTS('',1,(#1343,#1344),.UNSPECIFIED.,.F.,
  .F.,(2,2),(0.,1.),.PIECEWISE_BEZIER_KNOTS.);
#1343 = CARTESIAN_POINT('',(80.267052910482,0.8));
#1344 = CARTESIAN_POINT('',(73.63011116216,0.8));
#1345 = ( GEOMETRIC_REPRESENTATION_CONTEXT(2)
PARAMETRIC_REPRESENTATION_CONTEXT() REPRESENTATION_CONTEXT('2D SPACE',''
  ) );
#1346 = ORIENTED_EDGE('',*,*,#1347,.T.);
#1347 = EDGE_CURVE('',#1323,#1348,#1350,.T.);
#1348 = VERTEX_POINT('',#1349);
#1349 = CARTESIAN_POINT('',(-10.4891015625,-13.50756461481,74.32));
#1350 = SURFACE_CURVE('',#1351,(#1357,#1366),.PCURVE_S1.);
#1351 = B_SPLINE_CURVE_WITH_KNOTS('',4,(#1352,#1353,#1354,#1355,#1356),
  .UNSPECIFIED.,.F.,.F.,(5,5),(0.,1.),.PIECEWISE_BEZIER_KNOTS.);
#1352 = CARTESIAN_POINT('',(-10.48817119721,-13.2240926625,74.32));
#1353 = CARTESIAN_POINT('',(-10.48863650853,-13.29471536346,74.32));
#1354 = CARTESIAN_POINT('',(-10.48894658771,-13.36550173504,74.32));
#1355 = CARTESIAN_POINT('',(-10.4891015625,-13.4364515588,74.32));
#1356 = CARTESIAN_POINT('',(-10.4891015625,-13.50756461481,74.32));
#1357 = PCURVE('',#44,#1358);
#1358 = DEFINITIONAL_REPRESENTATION('',(#1359),#1365);
#1359 = B_SPLINE_CURVE_WITH_KNOTS('',4,(#1360,#1361,#1362,#1363,#1364),
  .UNSPECIFIED.,.F.,.F.,(5,5),(0.,1.),.PIECEWISE_BEZIER_KNOTS.);
#1360 = CARTESIAN_POINT('',(29.661828802786,51.5259073375));
#1361 = CARTESIAN_POINT('',(29.661363491461,51.455284636537));
#1362 = CARTESIAN_POINT('',(29.661053412288,51.384498264958));
#1363 = CARTESIAN_POINT('',(29.6608984375,51.313548441193));
#1364 = CARTESIAN_POINT('',(29.6608984375,51.242435385189));
#1365 = ( GEOMETRIC_REPRESENTATION_CONTEXT(2)
PARAMETRIC_REPRESENTATION_CONTEXT() REPRESENTATION_CONTEXT('2D SPACE',''
  ) );
#1366 = PCURVE('',#1367,#1374);
#1367 = B_SPLINE_SURFACE_WITH_KNOTS('',2,1,(
    (#1368,#1369)
    ,(#1370,#1371)
    ,(#1372,#1373
    )),.UNSPECIFIED.,.F.,.F.,.F.,(3,3),(2,2),(0.,1.),(0.,1.),
  .PIECEWISE_BEZIER_KNOTS.);
#1368 = CARTESIAN_POINT('',(-10.4150390625,-13.49850214736,74.12));
#1369 = CARTESIAN_POINT('',(-10.5076171875,-13.50983023167,74.37));
#1370 = CARTESIAN_POINT('',(-10.4150390625,-13.36079773614,74.12));
#1371 = CARTESIAN_POINT('',(-10.5076171875,-13.3664243197,74.37));
#1372 = CARTESIAN_POINT('',(-10.41416133743,-13.2240926625,74.12));
#1373 = CARTESIAN_POINT('',(-10.50667366216,-13.2240926625,74.37));
#1374 = DEFINITIONAL_REPRESENTATION('',(#1375),#1381);
#1375 = B_SPLINE_CURVE_WITH_KNOTS('',4,(#1376,#1377,#1378,#1379,#1380),
  .UNSPECIFIED.,.F.,.F.,(5,5),(0.,1.),.PIECEWISE_BEZIER_KNOTS.);
#1376 = CARTESIAN_POINT('',(1.,0.8));
#1377 = CARTESIAN_POINT('',(0.74993084335,0.8));
#1378 = CARTESIAN_POINT('',(0.499907620514,0.8));
#1379 = CARTESIAN_POINT('',(0.249930587921,0.8));
#1380 = CARTESIAN_POINT('',(0.,0.8));
#1381 = ( GEOMETRIC_REPRESENTATION_CONTEXT(2)
PARAMETRIC_REPRESENTATION_CONTEXT() REPRESENTATION_CONTEXT('2D SPACE',''
  ) );
#1382 = ORIENTED_EDGE('',*,*,#1383,.T.);
#1383 = EDGE_CURVE('',#1348,#1384,#1386,.T.);
#1384 = VERTEX_POINT('',#1385);
#1385 = CARTESIAN_POINT('',(-7.05912109375,-26.60787711481,74.32));
#1386 = SURFACE_CURVE('',#1387,(#1408,#1432),.PCURVE_S1.);
#1387 = B_SPLINE_CURVE_WITH_KNOTS('',7,(#1388,#1389,#1390,#1391,#1392,
    #1393,#1394,#1395,#1396,#1397,#1398,#1399,#1400,#1401,#1402,#1403,
    #1404,#1405,#1406,#1407),.UNSPECIFIED.,.F.,.F.,(8,6,6,8),(0.,
    0.339740935722,0.634128393922,1.),.UNSPECIFIED.);
#1388 = CARTESIAN_POINT('',(-10.4891015625,-13.50756461481,74.32));
#1389 = CARTESIAN_POINT('',(-10.4891015625,-14.1772110343,74.32));
#1390 = CARTESIAN_POINT('',(-10.47717784362,-14.84677025549,74.32));
#1391 = CARTESIAN_POINT('',(-10.45238984982,-15.51604400706,74.32));
#1392 = CARTESIAN_POINT('',(-10.41366071498,-16.18469625641,74.32));
#1393 = CARTESIAN_POINT('',(-10.35976565902,-16.85225254845,74.32));
#1394 = CARTESIAN_POINT('',(-10.28930191755,-17.51809784498,74.32));
#1395 = CARTESIAN_POINT('',(-10.12381432561,-18.75629110243,74.32));
#1396 = CARTESIAN_POINT('',(-10.03333472424,-19.32918012409,74.32));
#1397 = CARTESIAN_POINT('',(-9.928143225424,-19.89967492553,74.32));
#1398 = CARTESIAN_POINT('',(-9.807068997745,-20.46709068347,74.32));
#1399 = CARTESIAN_POINT('',(-9.668831038514,-21.03052325108,74.32));
#1400 = CARTESIAN_POINT('',(-9.512048110778,-21.58885147942,74.32));
#1401 = CARTESIAN_POINT('',(-9.115534935056,-22.82664299927,74.32));
#1402 = CARTESIAN_POINT('',(-8.864923510033,-23.50255009979,74.32));
#1403 = CARTESIAN_POINT('',(-8.580643277522,-24.16583404202,74.32));
#1404 = CARTESIAN_POINT('',(-8.25991302319,-24.81282120935,74.32));
#1405 = CARTESIAN_POINT('',(-7.900254575632,-25.43895912566,74.32));
#1406 = CARTESIAN_POINT('',(-7.49995265452,-26.03906219768,74.32));
#1407 = CARTESIAN_POINT('',(-7.05912109375,-26.60787711481,74.32));
#1408 = PCURVE('',#44,#1409);
#1409 = DEFINITIONAL_REPRESENTATION('',(#1410),#1431);
#1410 = B_SPLINE_CURVE_WITH_KNOTS('',7,(#1411,#1412,#1413,#1414,#1415,
    #1416,#1417,#1418,#1419,#1420,#1421,#1422,#1423,#1424,#1425,#1426,
    #1427,#1428,#1429,#1430),.UNSPECIFIED.,.F.,.F.,(8,6,6,8),(0.,
    0.339740935722,0.634128393922,1.),.UNSPECIFIED.);
#1411 = CARTESIAN_POINT('',(29.6608984375,51.242435385189));
#1412 = CARTESIAN_POINT('',(29.6608984375,50.5727889657));
#1413 = CARTESIAN_POINT('',(29.672822156376,49.903229744502));
#1414 = CARTESIAN_POINT('',(29.697610150179,49.233955992935));
#1415 = CARTESIAN_POINT('',(29.736339285017,48.565303743585));
#1416 = CARTESIAN_POINT('',(29.790234340972,47.897747451549));
#1417 = CARTESIAN_POINT('',(29.860698082441,47.23190215502));
#1418 = CARTESIAN_POINT('',(30.026185674386,45.993708897563));
#1419 = CARTESIAN_POINT('',(30.116665275755,45.42081987591));
#1420 = CARTESIAN_POINT('',(30.221856774576,44.850325074469));
#1421 = CARTESIAN_POINT('',(30.342931002255,44.282909316526));
#1422 = CARTESIAN_POINT('',(30.481168961486,43.719476748913));
#1423 = CARTESIAN_POINT('',(30.637951889222,43.161148520576));
#1424 = CARTESIAN_POINT('',(31.034465064944,41.923357000724));
#1425 = CARTESIAN_POINT('',(31.285076489967,41.24744990021));
#1426 = CARTESIAN_POINT('',(31.569356722478,40.584165957977));
#1427 = CARTESIAN_POINT('',(31.89008697681,39.937178790648));
#1428 = CARTESIAN_POINT('',(32.249745424368,39.311040874337));
#1429 = CARTESIAN_POINT('',(32.65004734548,38.710937802312));
#1430 = CARTESIAN_POINT('',(33.09087890625,38.142122885189));
#1431 = ( GEOMETRIC_REPRESENTATION_CONTEXT(2)
PARAMETRIC_REPRESENTATION_CONTEXT() REPRESENTATION_CONTEXT('2D SPACE',''
  ) );
#1432 = PCURVE('',#1433,#1440);
#1433 = B_SPLINE_SURFACE_WITH_KNOTS('',2,1,(
    (#1434,#1435)
    ,(#1436,#1437)
    ,(#1438,#1439
    )),.UNSPECIFIED.,.F.,.F.,.F.,(3,3),(2,2),(0.,1.),(0.,1.),
  .PIECEWISE_BEZIER_KNOTS.);
#1434 = CARTESIAN_POINT('',(-7.00927734375,-26.50631464736,74.12));
#1435 = CARTESIAN_POINT('',(-7.07158203125,-26.63326773167,74.37));
#1436 = CARTESIAN_POINT('',(-10.4150390625,-22.11178339736,74.12));
#1437 = CARTESIAN_POINT('',(-10.5076171875,-22.19967398167,74.37));
#1438 = CARTESIAN_POINT('',(-10.4150390625,-13.49850214736,74.12));
#1439 = CARTESIAN_POINT('',(-10.5076171875,-13.50983023167,74.37));
#1440 = DEFINITIONAL_REPRESENTATION('',(#1441),#1462);
#1441 = B_SPLINE_CURVE_WITH_KNOTS('',7,(#1442,#1443,#1444,#1445,#1446,
    #1447,#1448,#1449,#1450,#1451,#1452,#1453,#1454,#1455,#1456,#1457,
    #1458,#1459,#1460,#1461),.UNSPECIFIED.,.F.,.F.,(8,6,6,8),(0.,
    0.339740935722,0.634128393922,1.),.UNSPECIFIED.);
#1442 = CARTESIAN_POINT('',(1.,0.8));
#1443 = CARTESIAN_POINT('',(0.961401578933,0.8));
#1444 = CARTESIAN_POINT('',(0.921956839648,0.8));
#1445 = CARTESIAN_POINT('',(0.881610055528,0.8));
#1446 = CARTESIAN_POINT('',(0.840303708082,0.8));
#1447 = CARTESIAN_POINT('',(0.797977696552,0.8));
#1448 = CARTESIAN_POINT('',(0.754567315444,0.8));
#1449 = CARTESIAN_POINT('',(0.671382167019,0.8));
#1450 = CARTESIAN_POINT('',(0.631900668842,0.8));
#1451 = CARTESIAN_POINT('',(0.591506755395,0.8));
#1452 = CARTESIAN_POINT('',(0.550156303435,0.8));
#1453 = CARTESIAN_POINT('',(0.507809965383,0.8));
#1454 = CARTESIAN_POINT('',(0.464433745016,0.8));
#1455 = CARTESIAN_POINT('',(0.364776704306,0.8));
#1456 = CARTESIAN_POINT('',(0.307923955175,0.8));
#1457 = CARTESIAN_POINT('',(0.249394878036,0.8));
#1458 = CARTESIAN_POINT('',(0.189202643603,0.8));
#1459 = CARTESIAN_POINT('',(0.127432717079,0.8));
#1460 = CARTESIAN_POINT('',(6.426152638282E-02,0.8));
#1461 = CARTESIAN_POINT('',(0.,0.8));
#1462 = ( GEOMETRIC_REPRESENTATION_CONTEXT(2)
PARAMETRIC_REPRESENTATION_CONTEXT() REPRESENTATION_CONTEXT('2D SPACE',''
  ) );
#1463 = ORIENTED_EDGE('',*,*,#1464,.T.);
#1464 = EDGE_CURVE('',#1384,#1465,#1467,.T.);
#1465 = VERTEX_POINT('',#1466);
#1466 = CARTESIAN_POINT('',(1.9030859375,-31.03365836481,74.32));
#1467 = SURFACE_CURVE('',#1468,(#1496,#1527),.PCURVE_S1.);
#1468 = B_SPLINE_CURVE_WITH_KNOTS('',6,(#1469,#1470,#1471,#1472,#1473,
    #1474,#1475,#1476,#1477,#1478,#1479,#1480,#1481,#1482,#1483,#1484,
    #1485,#1486,#1487,#1488,#1489,#1490,#1491,#1492,#1493,#1494,#1495),
  .UNSPECIFIED.,.F.,.F.,(7,5,5,5,5,7),(0.,0.185831004998,0.29279525333,
    0.517096422983,0.829182158536,1.),.UNSPECIFIED.);
#1469 = CARTESIAN_POINT('',(-7.05912109375,-26.60787711481,74.32));
#1470 = CARTESIAN_POINT('',(-6.862017381001,-26.8622044861,74.32));
#1471 = CARTESIAN_POINT('',(-6.658086623411,-27.11119710941,74.32));
#1472 = CARTESIAN_POINT('',(-6.447160517279,-27.35435770907,74.32));
#1473 = CARTESIAN_POINT('',(-6.229109479092,-27.59113782093,74.32));
#1474 = CARTESIAN_POINT('',(-6.00386474689,-27.82095812641,74.32));
#1475 = CARTESIAN_POINT('',(-5.637657172302,-28.17116768526,74.32));
#1476 = CARTESIAN_POINT('',(-5.50149541774,-28.29660514281,74.32));
#1477 = CARTESIAN_POINT('',(-5.362958757711,-28.41942825418,74.32));
#1478 = CARTESIAN_POINT('',(-5.222059578149,-28.53952374284,74.32));
#1479 = CARTESIAN_POINT('',(-5.078820753257,-28.65677987026,74.32));
#1480 = CARTESIAN_POINT('',(-4.628076530411,-29.01079016199,74.32));
#1481 = CARTESIAN_POINT('',(-4.31271695667,-29.23754968913,74.32));
#1482 = CARTESIAN_POINT('',(-3.987561120188,-29.45033112444,74.32));
#1483 = CARTESIAN_POINT('',(-3.653138484793,-29.64824011382,74.32));
#1484 = CARTESIAN_POINT('',(-3.310178822898,-29.83057741352,74.32));
#1485 = CARTESIAN_POINT('',(-2.471924509066,-30.22829831137,74.32));
#1486 = CARTESIAN_POINT('',(-1.969403511323,-30.42875226339,74.32));
#1487 = CARTESIAN_POINT('',(-1.454760977492,-30.59695910846,74.32));
#1488 = CARTESIAN_POINT('',(-0.93075181598,-30.73298807561,74.32));
#1489 = CARTESIAN_POINT('',(-0.400084928015,-30.83785482302,74.32));
#1490 = CARTESIAN_POINT('',(0.427387127373,-30.95438774878,74.32));
#1491 = CARTESIAN_POINT('',(0.721360397981,-30.98676057078,74.32));
#1492 = CARTESIAN_POINT('',(1.016228136565,-31.01055047851,74.32));
#1493 = CARTESIAN_POINT('',(1.311656691236,-31.02607019033,74.32));
#1494 = CARTESIAN_POINT('',(1.607356933665,-31.03365836481,74.32));
#1495 = CARTESIAN_POINT('',(1.9030859375,-31.03365836481,74.32));
#1496 = PCURVE('',#44,#1497);
#1497 = DEFINITIONAL_REPRESENTATION('',(#1498),#1526);
#1498 = B_SPLINE_CURVE_WITH_KNOTS('',6,(#1499,#1500,#1501,#1502,#1503,
    #1504,#1505,#1506,#1507,#1508,#1509,#1510,#1511,#1512,#1513,#1514,
    #1515,#1516,#1517,#1518,#1519,#1520,#1521,#1522,#1523,#1524,#1525),
  .UNSPECIFIED.,.F.,.F.,(7,5,5,5,5,7),(0.,0.185831004998,0.29279525333,
    0.517096422983,0.829182158536,1.),.UNSPECIFIED.);
#1499 = CARTESIAN_POINT('',(33.09087890625,38.142122885189));
#1500 = CARTESIAN_POINT('',(33.287982618999,37.8877955139));
#1501 = CARTESIAN_POINT('',(33.491913376589,37.638802890584));
#1502 = CARTESIAN_POINT('',(33.702839482721,37.395642290921));
#1503 = CARTESIAN_POINT('',(33.920890520908,37.15886217907));
#1504 = CARTESIAN_POINT('',(34.14613525311,36.929041873583));
#1505 = CARTESIAN_POINT('',(34.512342827698,36.578832314731));
#1506 = CARTESIAN_POINT('',(34.64850458226,36.45339485719));
#1507 = CARTESIAN_POINT('',(34.787041242289,36.330571745817));
#1508 = CARTESIAN_POINT('',(34.927940421851,36.210476257152));
#1509 = CARTESIAN_POINT('',(35.071179246743,36.09322012974));
#1510 = CARTESIAN_POINT('',(35.521923469589,35.739209838009));
#1511 = CARTESIAN_POINT('',(35.83728304333,35.512450310869));
#1512 = CARTESIAN_POINT('',(36.162438879812,35.299668875557));
#1513 = CARTESIAN_POINT('',(36.496861515207,35.101759886174));
#1514 = CARTESIAN_POINT('',(36.839821177102,34.919422586475));
#1515 = CARTESIAN_POINT('',(37.678075490934,34.521701688628));
#1516 = CARTESIAN_POINT('',(38.180596488677,34.321247736608));
#1517 = CARTESIAN_POINT('',(38.695239022508,34.15304089154));
#1518 = CARTESIAN_POINT('',(39.21924818402,34.017011924386));
#1519 = CARTESIAN_POINT('',(39.749915071985,33.912145176976));
#1520 = CARTESIAN_POINT('',(40.577387127373,33.795612251219));
#1521 = CARTESIAN_POINT('',(40.871360397981,33.763239429218));
#1522 = CARTESIAN_POINT('',(41.166228136565,33.739449521489));
#1523 = CARTESIAN_POINT('',(41.461656691236,33.72392980967));
#1524 = CARTESIAN_POINT('',(41.757356933665,33.716341635189));
#1525 = CARTESIAN_POINT('',(42.0530859375,33.716341635189));
#1526 = ( GEOMETRIC_REPRESENTATION_CONTEXT(2)
PARAMETRIC_REPRESENTATION_CONTEXT() REPRESENTATION_CONTEXT('2D SPACE',''
  ) );
#1527 = PCURVE('',#1528,#1535);
#1528 = B_SPLINE_SURFACE_WITH_KNOTS('',2,1,(
    (#1529,#1530)
    ,(#1531,#1532)
    ,(#1533,#1534
    )),.UNSPECIFIED.,.F.,.F.,.F.,(3,3),(2,2),(0.,1.),(0.,1.),
  .PIECEWISE_BEZIER_KNOTS.);
#1529 = CARTESIAN_POINT('',(1.8896484375,-30.90084589736,74.12));
#1530 = CARTESIAN_POINT('',(1.9064453125,-31.06686148167,74.37));
#1531 = CARTESIAN_POINT('',(-3.603515625,-30.90084589736,74.12));
#1532 = CARTESIAN_POINT('',(-3.635546875,-31.06686148167,74.37));
#1533 = CARTESIAN_POINT('',(-7.00927734375,-26.50631464736,74.12));
#1534 = CARTESIAN_POINT('',(-7.07158203125,-26.63326773167,74.37));
#1535 = DEFINITIONAL_REPRESENTATION('',(#1536),#1564);
#1536 = B_SPLINE_CURVE_WITH_KNOTS('',6,(#1537,#1538,#1539,#1540,#1541,
    #1542,#1543,#1544,#1545,#1546,#1547,#1548,#1549,#1550,#1551,#1552,
    #1553,#1554,#1555,#1556,#1557,#1558,#1559,#1560,#1561,#1562,#1563),
  .UNSPECIFIED.,.F.,.F.,(7,5,5,5,5,7),(0.,0.185831004998,0.29279525333,
    0.517096422983,0.829182158536,1.),.UNSPECIFIED.);
#1537 = CARTESIAN_POINT('',(1.,0.8));
#1538 = CARTESIAN_POINT('',(0.971267516748,0.8));
#1539 = CARTESIAN_POINT('',(0.942147030626,0.8));
#1540 = CARTESIAN_POINT('',(0.912644678609,0.8));
#1541 = CARTESIAN_POINT('',(0.882772294716,0.8));
#1542 = CARTESIAN_POINT('',(0.852548534578,0.8));
#1543 = CARTESIAN_POINT('',(0.804416276343,0.8));
#1544 = CARTESIAN_POINT('',(0.786724977489,0.8));
#1545 = CARTESIAN_POINT('',(0.768931270407,0.8));
#1546 = CARTESIAN_POINT('',(0.751041137524,0.8));
#1547 = CARTESIAN_POINT('',(0.733061443167,0.8));
#1548 = CARTESIAN_POINT('',(0.677125636451,0.8));
#1549 = CARTESIAN_POINT('',(0.638888739937,0.8));
#1550 = CARTESIAN_POINT('',(0.600366545171,0.8));
#1551 = CARTESIAN_POINT('',(0.561645299709,0.8));
#1552 = CARTESIAN_POINT('',(0.52282097876,0.8));
#1553 = CARTESIAN_POINT('',(0.429985686432,0.8));
#1554 = CARTESIAN_POINT('',(0.375962535157,0.8));
#1555 = CARTESIAN_POINT('',(0.322228222351,0.8));
#1556 = CARTESIAN_POINT('',(0.269028763304,0.8));
#1557 = CARTESIAN_POINT('',(0.216565384732,0.8));
#1558 = CARTESIAN_POINT('',(0.136776064361,0.8));
#1559 = CARTESIAN_POINT('',(0.108817126168,0.8));
#1560 = CARTESIAN_POINT('',(8.114581324392E-02,0.8));
#1561 = CARTESIAN_POINT('',(5.377885580253E-02,0.8));
#1562 = CARTESIAN_POINT('',(2.672784641899E-02,0.8));
#1563 = CARTESIAN_POINT('',(0.,0.8));
#1564 = ( GEOMETRIC_REPRESENTATION_CONTEXT(2)
PARAMETRIC_REPRESENTATION_CONTEXT() REPRESENTATION_CONTEXT('2D SPACE',''
  ) );
#1565 = ORIENTED_EDGE('',*,*,#1566,.T.);
#1566 = EDGE_CURVE('',#1465,#1567,#1569,.T.);
#1567 = VERTEX_POINT('',#1568);
#1568 = CARTESIAN_POINT('',(10.9316796875,-26.43084586481,74.32));
#1569 = SURFACE_CURVE('',#1570,(#1598,#1629),.PCURVE_S1.);
#1570 = B_SPLINE_CURVE_WITH_KNOTS('',6,(#1571,#1572,#1573,#1574,#1575,
    #1576,#1577,#1578,#1579,#1580,#1581,#1582,#1583,#1584,#1585,#1586,
    #1587,#1588,#1589,#1590,#1591,#1592,#1593,#1594,#1595,#1596,#1597),
  .UNSPECIFIED.,.F.,.F.,(7,5,5,5,5,7),(0.,0.183894626729,0.288719320589,
    0.507574827424,0.823120256945,1.),.UNSPECIFIED.);
#1571 = CARTESIAN_POINT('',(1.9030859375,-31.03365836481,74.32));
#1572 = CARTESIAN_POINT('',(2.22696310777,-31.03365836481,74.32));
#1573 = CARTESIAN_POINT('',(2.550804889096,-31.024770672,74.32));
#1574 = CARTESIAN_POINT('',(2.874308841495,-31.00652534008,74.32));
#1575 = CARTESIAN_POINT('',(3.197101038245,-30.97844823095,74.32));
#1576 = CARTESIAN_POINT('',(3.518738973098,-30.94009442724,74.32));
#1577 = CARTESIAN_POINT('',(4.021108775806,-30.86314309105,74.32));
#1578 = CARTESIAN_POINT('',(4.202962498498,-30.83174126743,74.32));
#1579 = CARTESIAN_POINT('',(4.384180492366,-30.79680585505,74.32));
#1580 = CARTESIAN_POINT('',(4.564661356346,-30.75827350073,74.32));
#1581 = CARTESIAN_POINT('',(4.744297999158,-30.7160905345,74.32));
#1582 = CARTESIAN_POINT('',(5.296031024932,-30.57443708147,74.32));
#1583 = CARTESIAN_POINT('',(5.664947338713,-30.4625572135,74.32));
#1584 = CARTESIAN_POINT('',(6.028648085707,-30.33421010128,74.32));
#1585 = CARTESIAN_POINT('',(6.386062961976,-30.18925729593,74.32));
#1586 = CARTESIAN_POINT('',(6.73615519748,-30.02785313808,74.32));
#1587 = CARTESIAN_POINT('',(7.570740100588,-29.59481705563,74.32));
#1588 = CARTESIAN_POINT('',(8.046439709395,-29.30590653777,74.32));
#1589 = CARTESIAN_POINT('',(8.501959405274,-28.98533910747,74.32));
#1590 = CARTESIAN_POINT('',(8.935513823266,-28.6357563055,74.32));
#1591 = CARTESIAN_POINT('',(9.346264548509,-28.26041084555,74.32));
#1592 = CARTESIAN_POINT('',(9.95140334576,-27.63988838203,74.32));
#1593 = CARTESIAN_POINT('',(10.161588134527,-27.40995401259,74.32));
#1594 = CARTESIAN_POINT('',(10.364596689348,-27.17354532213,74.32));
#1595 = CARTESIAN_POINT('',(10.560513932486,-26.93121717577,74.32));
#1596 = CARTESIAN_POINT('',(10.749482259622,-26.6834929648,74.32));
#1597 = CARTESIAN_POINT('',(10.9316796875,-26.43084586481,74.32));
#1598 = PCURVE('',#44,#1599);
#1599 = DEFINITIONAL_REPRESENTATION('',(#1600),#1628);
#1600 = B_SPLINE_CURVE_WITH_KNOTS('',6,(#1601,#1602,#1603,#1604,#1605,
    #1606,#1607,#1608,#1609,#1610,#1611,#1612,#1613,#1614,#1615,#1616,
    #1617,#1618,#1619,#1620,#1621,#1622,#1623,#1624,#1625,#1626,#1627),
  .UNSPECIFIED.,.F.,.F.,(7,5,5,5,5,7),(0.,0.183894626729,0.288719320589,
    0.507574827424,0.823120256945,1.),.UNSPECIFIED.);
#1601 = CARTESIAN_POINT('',(42.0530859375,33.716341635189));
#1602 = CARTESIAN_POINT('',(42.37696310777,33.716341635189));
#1603 = CARTESIAN_POINT('',(42.700804889096,33.725229327997));
#1604 = CARTESIAN_POINT('',(43.024308841495,33.743474659914));
#1605 = CARTESIAN_POINT('',(43.347101038245,33.771551769041));
#1606 = CARTESIAN_POINT('',(43.668738973098,33.809905572756));
#1607 = CARTESIAN_POINT('',(44.171108775806,33.886856908941));
#1608 = CARTESIAN_POINT('',(44.352962498498,33.918258732562));
#1609 = CARTESIAN_POINT('',(44.534180492366,33.953194144947));
#1610 = CARTESIAN_POINT('',(44.714661356346,33.991726499262));
#1611 = CARTESIAN_POINT('',(44.894297999158,34.033909465492));
#1612 = CARTESIAN_POINT('',(45.446031024932,34.175562918527));
#1613 = CARTESIAN_POINT('',(45.814947338713,34.287442786492));
#1614 = CARTESIAN_POINT('',(46.178648085707,34.415789898714));
#1615 = CARTESIAN_POINT('',(46.536062961976,34.560742704068));
#1616 = CARTESIAN_POINT('',(46.88615519748,34.722146861911));
#1617 = CARTESIAN_POINT('',(47.720740100588,35.155182944364));
#1618 = CARTESIAN_POINT('',(48.196439709395,35.444093462229));
#1619 = CARTESIAN_POINT('',(48.651959405274,35.764660892521));
#1620 = CARTESIAN_POINT('',(49.085513823266,36.114243694497));
#1621 = CARTESIAN_POINT('',(49.496264548509,36.489589154446));
#1622 = CARTESIAN_POINT('',(50.10140334576,37.110111617961));
#1623 = CARTESIAN_POINT('',(50.311588134527,37.340045987409));
#1624 = CARTESIAN_POINT('',(50.514596689348,37.576454677864));
#1625 = CARTESIAN_POINT('',(50.710513932486,37.81878282423));
#1626 = CARTESIAN_POINT('',(50.899482259622,38.066507035198));
#1627 = CARTESIAN_POINT('',(51.0816796875,38.319154135189));
#1628 = ( GEOMETRIC_REPRESENTATION_CONTEXT(2)
PARAMETRIC_REPRESENTATION_CONTEXT() REPRESENTATION_CONTEXT('2D SPACE',''
  ) );
#1629 = PCURVE('',#1630,#1637);
#1630 = B_SPLINE_SURFACE_WITH_KNOTS('',2,1,(
    (#1631,#1632)
    ,(#1633,#1634)
    ,(#1635,#1636
    )),.UNSPECIFIED.,.F.,.F.,.F.,(3,3),(2,2),(0.,1.),(0.,1.),
  .PIECEWISE_BEZIER_KNOTS.);
#1631 = CARTESIAN_POINT('',(10.8544921875,-26.33053339736,74.12));
#1632 = CARTESIAN_POINT('',(10.9509765625,-26.45592398167,74.37));
#1633 = CARTESIAN_POINT('',(7.55859375,-30.90084589736,74.12));
#1634 = CARTESIAN_POINT('',(7.62578125,-31.06686148167,74.37));
#1635 = CARTESIAN_POINT('',(1.8896484375,-30.90084589736,74.12));
#1636 = CARTESIAN_POINT('',(1.9064453125,-31.06686148167,74.37));
#1637 = DEFINITIONAL_REPRESENTATION('',(#1638),#1666);
#1638 = B_SPLINE_CURVE_WITH_KNOTS('',6,(#1639,#1640,#1641,#1642,#1643,
    #1644,#1645,#1646,#1647,#1648,#1649,#1650,#1651,#1652,#1653,#1654,
    #1655,#1656,#1657,#1658,#1659,#1660,#1661,#1662,#1663,#1664,#1665),
  .UNSPECIFIED.,.F.,.F.,(7,5,5,5,5,7),(0.,0.183894626729,0.288719320589,
    0.507574827424,0.823120256945,1.),.UNSPECIFIED.);
#1639 = CARTESIAN_POINT('',(1.,0.8));
#1640 = CARTESIAN_POINT('',(0.971635790421,0.8));
#1641 = CARTESIAN_POINT('',(0.942870532686,0.8));
#1642 = CARTESIAN_POINT('',(0.913709343871,0.8));
#1643 = CARTESIAN_POINT('',(0.884163411038,0.8));
#1644 = CARTESIAN_POINT('',(0.854251255984,0.8));
#1645 = CARTESIAN_POINT('',(0.806756001609,0.8));
#1646 = CARTESIAN_POINT('',(0.789401861874,0.8));
#1647 = CARTESIAN_POINT('',(0.771942715566,0.8));
#1648 = CARTESIAN_POINT('',(0.754384562253,0.8));
#1649 = CARTESIAN_POINT('',(0.736734340155,0.8));
#1650 = CARTESIAN_POINT('',(0.681973819813,0.8));
#1651 = CARTESIAN_POINT('',(0.644577734568,0.8));
#1652 = CARTESIAN_POINT('',(0.606889603208,0.8));
#1653 = CARTESIAN_POINT('',(0.56899686416,0.8));
#1654 = CARTESIAN_POINT('',(0.530997332979,0.8));
#1655 = CARTESIAN_POINT('',(0.438215521744,0.8));
#1656 = CARTESIAN_POINT('',(0.383417607568,0.8));
#1657 = CARTESIAN_POINT('',(0.328947465412,0.8));
#1658 = CARTESIAN_POINT('',(0.275081570284,0.8));
#1659 = CARTESIAN_POINT('',(0.222041257775,0.8));
#1660 = CARTESIAN_POINT('',(0.140828148842,0.8));
#1661 = CARTESIAN_POINT('',(0.111965046219,0.8));
#1662 = CARTESIAN_POINT('',(8.343601217307E-02,0.8));
#1663 = CARTESIAN_POINT('',(5.525884067822E-02,0.8));
#1664 = CARTESIAN_POINT('',(2.744486115726E-02,0.8));
#1665 = CARTESIAN_POINT('',(0.,0.8));
#1666 = ( GEOMETRIC_REPRESENTATION_CONTEXT(2)
PARAMETRIC_REPRESENTATION_CONTEXT() REPRESENTATION_CONTEXT('2D SPACE',''
  ) );
#1667 = ORIENTED_EDGE('',*,*,#1668,.T.);
#1668 = EDGE_CURVE('',#1567,#1669,#1671,.T.);
#1669 = VERTEX_POINT('',#1670);
#1670 = CARTESIAN_POINT('',(14.25096042768,-13.2240926625,74.32));
#1671 = SURFACE_CURVE('',#1672,(#1693,#1717),.PCURVE_S1.);
#1672 = B_SPLINE_CURVE_WITH_KNOTS('',7,(#1673,#1674,#1675,#1676,#1677,
    #1678,#1679,#1680,#1681,#1682,#1683,#1684,#1685,#1686,#1687,#1688,
    #1689,#1690,#1691,#1692),.UNSPECIFIED.,.F.,.F.,(8,6,6,8),(0.,
    0.365108229592,0.661346922779,1.),.UNSPECIFIED.);
#1673 = CARTESIAN_POINT('',(10.9316796875,-26.43084586481,74.32));
#1674 = CARTESIAN_POINT('',(11.353286000211,-25.84621844451,74.32));
#1675 = CARTESIAN_POINT('',(11.736121094887,-25.2337189838,74.32));
#1676 = CARTESIAN_POINT('',(12.080554616637,-24.59808709445,74.32));
#1677 = CARTESIAN_POINT('',(12.388355776269,-23.94388206414,74.32));
#1678 = CARTESIAN_POINT('',(12.661867303778,-23.27506786746,74.32));
#1679 = CARTESIAN_POINT('',(12.903647344341,-22.59483238287,74.32));
#1680 = CARTESIAN_POINT('',(13.288708449453,-21.34612745184,74.32));
#1681 = CARTESIAN_POINT('',(13.441951937214,-20.78082621122,74.32));
#1682 = CARTESIAN_POINT('',(13.577320256341,-20.21076899209,74.32));
#1683 = CARTESIAN_POINT('',(13.696098288152,-19.63697656704,74.32));
#1684 = CARTESIAN_POINT('',(13.799479393402,-19.06027741323,74.32));
#1685 = CARTESIAN_POINT('',(13.888557473933,-18.48130591821,74.32));
#1686 = CARTESIAN_POINT('',(14.050940263971,-17.23654057998,74.32));
#1687 = CARTESIAN_POINT('',(14.120149662256,-16.5702682631,74.32));
#1688 = CARTESIAN_POINT('',(14.173437901591,-15.90237839233,74.32));
#1689 = CARTESIAN_POINT('',(14.21209445036,-15.23343659867,74.32));
#1690 = CARTESIAN_POINT('',(14.237252629433,-14.56388366586,74.32));
#1691 = CARTESIAN_POINT('',(14.249914365375,-13.89403728634,74.32));
#1692 = CARTESIAN_POINT('',(14.25096042768,-13.2240926625,74.32));
#1693 = PCURVE('',#44,#1694);
#1694 = DEFINITIONAL_REPRESENTATION('',(#1695),#1716);
#1695 = B_SPLINE_CURVE_WITH_KNOTS('',7,(#1696,#1697,#1698,#1699,#1700,
    #1701,#1702,#1703,#1704,#1705,#1706,#1707,#1708,#1709,#1710,#1711,
    #1712,#1713,#1714,#1715),.UNSPECIFIED.,.F.,.F.,(8,6,6,8),(0.,
    0.365108229592,0.661346922779,1.),.UNSPECIFIED.);
#1696 = CARTESIAN_POINT('',(51.0816796875,38.319154135189));
#1697 = CARTESIAN_POINT('',(51.503286000211,38.903781555481));
#1698 = CARTESIAN_POINT('',(51.886121094887,39.516281016193));
#1699 = CARTESIAN_POINT('',(52.230554616637,40.151912905541));
#1700 = CARTESIAN_POINT('',(52.538355776269,40.80611793586));
#1701 = CARTESIAN_POINT('',(52.811867303778,41.474932132538));
#1702 = CARTESIAN_POINT('',(53.053647344341,42.155167617128));
#1703 = CARTESIAN_POINT('',(53.438708449453,43.403872548157));
#1704 = CARTESIAN_POINT('',(53.591951937214,43.969173788774));
#1705 = CARTESIAN_POINT('',(53.727320256341,44.539231007901));
#1706 = CARTESIAN_POINT('',(53.846098288152,45.113023432956));
#1707 = CARTESIAN_POINT('',(53.949479393402,45.689722586764));
#1708 = CARTESIAN_POINT('',(54.038557473933,46.268694081788));
#1709 = CARTESIAN_POINT('',(54.200940263971,47.513459420019));
#1710 = CARTESIAN_POINT('',(54.270149662256,48.179731736894));
#1711 = CARTESIAN_POINT('',(54.323437901591,48.847621607664));
#1712 = CARTESIAN_POINT('',(54.36209445036,49.516563401323));
#1713 = CARTESIAN_POINT('',(54.387252629433,50.186116334135));
#1714 = CARTESIAN_POINT('',(54.399914365375,50.855962713656));
#1715 = CARTESIAN_POINT('',(54.40096042768,51.5259073375));
#1716 = ( GEOMETRIC_REPRESENTATION_CONTEXT(2)
PARAMETRIC_REPRESENTATION_CONTEXT() REPRESENTATION_CONTEXT('2D SPACE',''
  ) );
#1717 = PCURVE('',#1718,#1725);
#1718 = B_SPLINE_SURFACE_WITH_KNOTS('',2,1,(
    (#1719,#1720)
    ,(#1721,#1722)
    ,(#1723,#1724
    )),.UNSPECIFIED.,.F.,.F.,.F.,(3,3),(2,2),(0.,1.),(0.,1.),
  .PIECEWISE_BEZIER_KNOTS.);
#1719 = CARTESIAN_POINT('',(14.150324373332,-13.2240926625,74.12));
#1720 = CARTESIAN_POINT('',(14.276119441268,-13.2240926625,74.37));
#1721 = CARTESIAN_POINT('',(14.135613657427,-21.78071162573,74.12));
#1722 = CARTESIAN_POINT('',(14.262967618073,-21.86329638461,74.37));
#1723 = CARTESIAN_POINT('',(10.8544921875,-26.33053339736,74.12));
#1724 = CARTESIAN_POINT('',(10.9509765625,-26.45592398167,74.37));
#1725 = DEFINITIONAL_REPRESENTATION('',(#1726),#1747);
#1726 = B_SPLINE_CURVE_WITH_KNOTS('',7,(#1727,#1728,#1729,#1730,#1731,
    #1732,#1733,#1734,#1735,#1736,#1737,#1738,#1739,#1740,#1741,#1742,
    #1743,#1744,#1745,#1746),.UNSPECIFIED.,.F.,.F.,(8,6,6,8),(0.,
    0.365108229592,0.661346922779,1.),.UNSPECIFIED.);
#1727 = CARTESIAN_POINT('',(1.,0.8));
#1728 = CARTESIAN_POINT('',(0.93623266275,0.8));
#1729 = CARTESIAN_POINT('',(0.873604743242,0.8));
#1730 = CARTESIAN_POINT('',(0.812364307236,0.8));
#1731 = CARTESIAN_POINT('',(0.752649623042,0.8));
#1732 = CARTESIAN_POINT('',(0.694523788256,0.8));
#1733 = CARTESIAN_POINT('',(0.637989690127,0.8));
#1734 = CARTESIAN_POINT('',(0.538382890273,0.8));
#1735 = CARTESIAN_POINT('',(0.494786276354,0.8));
#1736 = CARTESIAN_POINT('',(0.452183440262,0.8));
#1737 = CARTESIAN_POINT('',(0.410542240805,0.8));
#1738 = CARTESIAN_POINT('',(0.369825904987,0.8));
#1739 = CARTESIAN_POINT('',(0.329993487743,0.8));
#1740 = CARTESIAN_POINT('',(0.246423565796,0.8));
#1741 = CARTESIAN_POINT('',(0.202949112473,0.8));
#1742 = CARTESIAN_POINT('',(0.160511352171,0.8));
#1743 = CARTESIAN_POINT('',(0.119051476399,0.8));
#1744 = CARTESIAN_POINT('',(7.851453661013E-02,0.8));
#1745 = CARTESIAN_POINT('',(3.884778849611E-02,0.8));
#1746 = CARTESIAN_POINT('',(0.,0.8));
#1747 = ( GEOMETRIC_REPRESENTATION_CONTEXT(2)
PARAMETRIC_REPRESENTATION_CONTEXT() REPRESENTATION_CONTEXT('2D SPACE',''
  ) );
#1748 = ORIENTED_EDGE('',*,*,#1749,.T.);
#1749 = EDGE_CURVE('',#1669,#1750,#1752,.T.);
#1750 = VERTEX_POINT('',#1751);
#1751 = CARTESIAN_POINT('',(23.014012833943,-13.2240926625,74.32));
#1752 = SURFACE_CURVE('',#1753,(#1756,#1762),.PCURVE_S1.);
#1753 = B_SPLINE_CURVE_WITH_KNOTS('',1,(#1754,#1755),.UNSPECIFIED.,.F.,
  .F.,(2,2),(0.,1.),.PIECEWISE_BEZIER_KNOTS.);
#1754 = CARTESIAN_POINT('',(14.25096042768,-13.2240926625,74.32));
#1755 = CARTESIAN_POINT('',(23.014012833943,-13.2240926625,74.32));
#1756 = PCURVE('',#44,#1757);
#1757 = DEFINITIONAL_REPRESENTATION('',(#1758),#1761);
#1758 = B_SPLINE_CURVE_WITH_KNOTS('',1,(#1759,#1760),.UNSPECIFIED.,.F.,
  .F.,(2,2),(0.,1.),.PIECEWISE_BEZIER_KNOTS.);
#1759 = CARTESIAN_POINT('',(54.40096042768,51.5259073375));
#1760 = CARTESIAN_POINT('',(63.164012833943,51.5259073375));
#1761 = ( GEOMETRIC_REPRESENTATION_CONTEXT(2)
PARAMETRIC_REPRESENTATION_CONTEXT() REPRESENTATION_CONTEXT('2D SPACE',''
  ) );
#1762 = PCURVE('',#1763,#1768);
#1763 = B_SPLINE_SURFACE_WITH_KNOTS('',1,1,(
    (#1764,#1765)
    ,(#1766,#1767
    )),.UNSPECIFIED.,.F.,.F.,.F.,(2,2),(2,2),(40.068797180182,
    48.847318058732),(0.,1.),.PIECEWISE_BEZIER_KNOTS.);
#1764 = CARTESIAN_POINT('',(22.851502890443,-13.2240926625,74.12));
#1765 = CARTESIAN_POINT('',(23.054640319818,-13.2240926625,74.37));
#1766 = CARTESIAN_POINT('',(14.150324373332,-13.2240926625,74.12));
#1767 = CARTESIAN_POINT('',(14.276119441268,-13.2240926625,74.37));
#1768 = DEFINITIONAL_REPRESENTATION('',(#1769),#1772);
#1769 = B_SPLINE_CURVE_WITH_KNOTS('',1,(#1770,#1771),.UNSPECIFIED.,.F.,
  .F.,(2,2),(0.,1.),.PIECEWISE_BEZIER_KNOTS.);
#1770 = CARTESIAN_POINT('',(48.847318058732,0.8));
#1771 = CARTESIAN_POINT('',(40.068797180182,0.8));
#1772 = ( GEOMETRIC_REPRESENTATION_CONTEXT(2)
PARAMETRIC_REPRESENTATION_CONTEXT() REPRESENTATION_CONTEXT('2D SPACE',''
  ) );
#1773 = ORIENTED_EDGE('',*,*,#1774,.T.);
#1774 = EDGE_CURVE('',#1750,#1775,#1777,.T.);
#1775 = VERTEX_POINT('',#1776);
#1776 = CARTESIAN_POINT('',(17.59248046875,-31.23281852106,74.32));
#1777 = SURFACE_CURVE('',#1778,(#1801,#1827),.PCURVE_S1.);
#1778 = B_SPLINE_CURVE_WITH_KNOTS('',6,(#1779,#1780,#1781,#1782,#1783,
    #1784,#1785,#1786,#1787,#1788,#1789,#1790,#1791,#1792,#1793,#1794,
    #1795,#1796,#1797,#1798,#1799,#1800),.UNSPECIFIED.,.F.,.F.,(7,5,5,5,
    7),(0.,0.274516196707,0.522192880209,0.76879338114,1.),
  .UNSPECIFIED.);
#1779 = CARTESIAN_POINT('',(23.014012833943,-13.2240926625,74.32));
#1780 = CARTESIAN_POINT('',(23.012778308386,-14.10302597995,74.32));
#1781 = CARTESIAN_POINT('',(22.99306037626,-14.98187494199,74.32));
#1782 = CARTESIAN_POINT('',(22.953446207558,-15.86020194581,74.32));
#1783 = CARTESIAN_POINT('',(22.892343913783,-16.73734413337,74.32));
#1784 = CARTESIAN_POINT('',(22.807978197082,-17.61241310273,74.32));
#1785 = CARTESIAN_POINT('',(22.599508656646,-19.27093207467,74.32));
#1786 = CARTESIAN_POINT('',(22.480101973753,-20.05493151954,74.32));
#1787 = CARTESIAN_POINT('',(22.338727595621,-20.83547855473,74.32));
#1788 = CARTESIAN_POINT('',(22.173842194354,-21.61146680574,74.32));
#1789 = CARTESIAN_POINT('',(21.983834897543,-22.38150546618,74.32));
#1790 = CARTESIAN_POINT('',(21.551358109984,-23.90306135312,74.32));
#1791 = CARTESIAN_POINT('',(21.309127193023,-24.65462033077,74.32));
#1792 = CARTESIAN_POINT('',(21.038887894864,-25.39694375941,74.32));
#1793 = CARTESIAN_POINT('',(20.739175394192,-26.1279790512,74.32));
#1794 = CARTESIAN_POINT('',(20.408749356308,-26.84535107552,74.32));
#1795 = CARTESIAN_POINT('',(19.707633461982,-28.20384769218,74.32));
#1796 = CARTESIAN_POINT('',(19.340725422946,-28.84697390897,74.32));
#1797 = CARTESIAN_POINT('',(18.945633373665,-29.47363339245,74.32));
#1798 = CARTESIAN_POINT('',(18.522194447687,-30.08157367727,74.32));
#1799 = CARTESIAN_POINT('',(18.070777985776,-30.66862267444,74.32));
#1800 = CARTESIAN_POINT('',(17.59248046875,-31.23281852106,74.32));
#1801 = PCURVE('',#44,#1802);
#1802 = DEFINITIONAL_REPRESENTATION('',(#1803),#1826);
#1803 = B_SPLINE_CURVE_WITH_KNOTS('',6,(#1804,#1805,#1806,#1807,#1808,
    #1809,#1810,#1811,#1812,#1813,#1814,#1815,#1816,#1817,#1818,#1819,
    #1820,#1821,#1822,#1823,#1824,#1825),.UNSPECIFIED.,.F.,.F.,(7,5,5,5,
    7),(0.,0.274516196707,0.522192880209,0.76879338114,1.),
  .UNSPECIFIED.);
#1804 = CARTESIAN_POINT('',(63.164012833943,51.5259073375));
#1805 = CARTESIAN_POINT('',(63.162778308386,50.64697402005));
#1806 = CARTESIAN_POINT('',(63.14306037626,49.768125058006));
#1807 = CARTESIAN_POINT('',(63.103446207558,48.88979805419));
#1808 = CARTESIAN_POINT('',(63.042343913783,48.012655866628));
#1809 = CARTESIAN_POINT('',(62.957978197082,47.137586897267));
#1810 = CARTESIAN_POINT('',(62.749508656646,45.479067925329));
#1811 = CARTESIAN_POINT('',(62.630101973753,44.695068480455));
#1812 = CARTESIAN_POINT('',(62.488727595621,43.914521445262));
#1813 = CARTESIAN_POINT('',(62.323842194354,43.138533194259));
#1814 = CARTESIAN_POINT('',(62.133834897543,42.368494533811));
#1815 = CARTESIAN_POINT('',(61.701358109984,40.846938646877));
#1816 = CARTESIAN_POINT('',(61.459127193023,40.095379669228));
#1817 = CARTESIAN_POINT('',(61.188887894864,39.353056240585));
#1818 = CARTESIAN_POINT('',(60.889175394192,38.622020948793));
#1819 = CARTESIAN_POINT('',(60.558749356308,37.904648924474));
#1820 = CARTESIAN_POINT('',(59.857633461982,36.546152307813));
#1821 = CARTESIAN_POINT('',(59.490725422946,35.903026091021));
#1822 = CARTESIAN_POINT('',(59.095633373665,35.276366607542));
#1823 = CARTESIAN_POINT('',(58.672194447687,34.668426322723));
#1824 = CARTESIAN_POINT('',(58.220777985776,34.081377325553));
#1825 = CARTESIAN_POINT('',(57.74248046875,33.517181478939));
#1826 = ( GEOMETRIC_REPRESENTATION_CONTEXT(2)
PARAMETRIC_REPRESENTATION_CONTEXT() REPRESENTATION_CONTEXT('2D SPACE',''
  ) );
#1827 = PCURVE('',#1828,#1835);
#1828 = B_SPLINE_SURFACE_WITH_KNOTS('',2,1,(
    (#1829,#1830)
    ,(#1831,#1832)
    ,(#1833,#1834
    )),.UNSPECIFIED.,.F.,.F.,.F.,(3,3),(2,2),(0.,1.),(0.,1.),
  .PIECEWISE_BEZIER_KNOTS.);
#1829 = CARTESIAN_POINT('',(17.46826171875,-31.09859980361,74.12));
#1830 = CARTESIAN_POINT('',(17.62353515625,-31.26637320042,74.37));
#1831 = CARTESIAN_POINT('',(22.833648924818,-24.76963285441,74.12));
#1832 = CARTESIAN_POINT('',(23.03867991561,-24.87871264754,74.37));
#1833 = CARTESIAN_POINT('',(22.851502890443,-13.2240926625,74.12));
#1834 = CARTESIAN_POINT('',(23.054640319818,-13.2240926625,74.37));
#1835 = DEFINITIONAL_REPRESENTATION('',(#1836),#1859);
#1836 = B_SPLINE_CURVE_WITH_KNOTS('',6,(#1837,#1838,#1839,#1840,#1841,
    #1842,#1843,#1844,#1845,#1846,#1847,#1848,#1849,#1850,#1851,#1852,
    #1853,#1854,#1855,#1856,#1857,#1858),.UNSPECIFIED.,.F.,.F.,(7,5,5,5,
    7),(0.,0.274516196707,0.522192880209,0.76879338114,1.),
  .UNSPECIFIED.);
#1837 = CARTESIAN_POINT('',(1.,0.8));
#1838 = CARTESIAN_POINT('',(0.962221777507,0.8));
#1839 = CARTESIAN_POINT('',(0.923673240299,0.8));
#1840 = CARTESIAN_POINT('',(0.884314013749,0.8));
#1841 = CARTESIAN_POINT('',(0.844105894361,0.8));
#1842 = CARTESIAN_POINT('',(0.803012679978,0.8));
#1843 = CARTESIAN_POINT('',(0.723094909638,0.8));
#1844 = CARTESIAN_POINT('',(0.684443448172,0.8));
#1845 = CARTESIAN_POINT('',(0.645020345458,0.8));
#1846 = CARTESIAN_POINT('',(0.604808468419,0.8));
#1847 = CARTESIAN_POINT('',(0.563800064456,0.8));
#1848 = CARTESIAN_POINT('',(0.480381561446,0.8));
#1849 = CARTESIAN_POINT('',(0.437979659851,0.8));
#1850 = CARTESIAN_POINT('',(0.394801412145,0.8));
#1851 = CARTESIAN_POINT('',(0.350873586869,0.8));
#1852 = CARTESIAN_POINT('',(0.306246196779,0.8));
#1853 = CARTESIAN_POINT('',(0.218578268763,0.8));
#1854 = CARTESIAN_POINT('',(0.175610166852,0.8));
#1855 = CARTESIAN_POINT('',(0.132168749654,0.8));
#1856 = CARTESIAN_POINT('',(8.834388040358E-02,0.8));
#1857 = CARTESIAN_POINT('',(4.424425686733E-02,0.8));
#1858 = CARTESIAN_POINT('',(0.,0.8));
#1859 = ( GEOMETRIC_REPRESENTATION_CONTEXT(2)
PARAMETRIC_REPRESENTATION_CONTEXT() REPRESENTATION_CONTEXT('2D SPACE',''
  ) );
#1860 = ORIENTED_EDGE('',*,*,#1861,.T.);
#1861 = EDGE_CURVE('',#1775,#1862,#1864,.T.);
#1862 = VERTEX_POINT('',#1863);
#1863 = CARTESIAN_POINT('',(3.2308203125,-37.62807242731,74.32));
#1864 = SURFACE_CURVE('',#1865,(#1888,#1914),.PCURVE_S1.);
#1865 = B_SPLINE_CURVE_WITH_KNOTS('',6,(#1866,#1867,#1868,#1869,#1870,
    #1871,#1872,#1873,#1874,#1875,#1876,#1877,#1878,#1879,#1880,#1881,
    #1882,#1883,#1884,#1885,#1886,#1887),.UNSPECIFIED.,.F.,.F.,(7,5,5,5,
    7),(0.,0.134549160173,0.404273477428,0.778818255635,1.),
  .UNSPECIFIED.);
#1866 = CARTESIAN_POINT('',(17.59248046875,-31.23281852106,74.32));
#1867 = CARTESIAN_POINT('',(17.356587265955,-31.51107621741,74.32));
#1868 = CARTESIAN_POINT('',(17.114791810023,-31.78431758062,74.32));
#1869 = CARTESIAN_POINT('',(16.867048824134,-32.05223344507,74.32));
#1870 = CARTESIAN_POINT('',(16.613338129756,-32.31450486463,74.32));
#1871 = CARTESIAN_POINT('',(16.35367174301,-32.57080990128,74.32));
#1872 = CARTESIAN_POINT('',(15.555723845365,-33.32203467209,74.32));
#1873 = CARTESIAN_POINT('',(14.999548477101,-33.79805031475,74.32));
#1874 = CARTESIAN_POINT('',(14.420102327757,-34.2461866862,74.32));
#1875 = CARTESIAN_POINT('',(13.818387260438,-34.66404536056,74.32));
#1876 = CARTESIAN_POINT('',(13.196011902758,-35.04970138824,74.32));
#1877 = CARTESIAN_POINT('',(11.665651520381,-35.89093337121,74.32));
#1878 = CARTESIAN_POINT('',(10.740292689415,-36.31564430058,74.32));
#1879 = CARTESIAN_POINT('',(9.785740334852,-36.67236493971,74.32));
#1880 = CARTESIAN_POINT('',(8.808826854726,-36.96138527202,74.32));
#1881 = CARTESIAN_POINT('',(7.816229375932,-37.18546408048,74.32));
#1882 = CARTESIAN_POINT('',(6.222278319567,-37.44513044351,74.32));
#1883 = CARTESIAN_POINT('',(5.627003127649,-37.52035234083,74.32));
#1884 = CARTESIAN_POINT('',(5.029356769042,-37.57524325144,74.32));
#1885 = CARTESIAN_POINT('',(4.430284737139,-37.61080357612,74.32));
#1886 = CARTESIAN_POINT('',(3.830568362843,-37.62807242731,74.32));
#1887 = CARTESIAN_POINT('',(3.2308203125,-37.62807242731,74.32));
#1888 = PCURVE('',#44,#1889);
#1889 = DEFINITIONAL_REPRESENTATION('',(#1890),#1913);
#1890 = B_SPLINE_CURVE_WITH_KNOTS('',6,(#1891,#1892,#1893,#1894,#1895,
    #1896,#1897,#1898,#1899,#1900,#1901,#1902,#1903,#1904,#1905,#1906,
    #1907,#1908,#1909,#1910,#1911,#1912),.UNSPECIFIED.,.F.,.F.,(7,5,5,5,
    7),(0.,0.134549160173,0.404273477428,0.778818255635,1.),
  .UNSPECIFIED.);
#1891 = CARTESIAN_POINT('',(57.74248046875,33.517181478939));
#1892 = CARTESIAN_POINT('',(57.506587265955,33.238923782581));
#1893 = CARTESIAN_POINT('',(57.264791810023,32.965682419375));
#1894 = CARTESIAN_POINT('',(57.017048824134,32.697766554924));
#1895 = CARTESIAN_POINT('',(56.763338129756,32.435495135366));
#1896 = CARTESIAN_POINT('',(56.50367174301,32.179190098717));
#1897 = CARTESIAN_POINT('',(55.705723845365,31.427965327903));
#1898 = CARTESIAN_POINT('',(55.149548477101,30.951949685244));
#1899 = CARTESIAN_POINT('',(54.570102327757,30.503813313793));
#1900 = CARTESIAN_POINT('',(53.968387260438,30.085954639433));
#1901 = CARTESIAN_POINT('',(53.346011902758,29.70029861176));
#1902 = CARTESIAN_POINT('',(51.815651520381,28.859066628785));
#1903 = CARTESIAN_POINT('',(50.890292689415,28.434355699419));
#1904 = CARTESIAN_POINT('',(49.935740334852,28.07763506029));
#1905 = CARTESIAN_POINT('',(48.958826854726,27.78861472798));
#1906 = CARTESIAN_POINT('',(47.966229375932,27.564535919517));
#1907 = CARTESIAN_POINT('',(46.372278319567,27.304869556484));
#1908 = CARTESIAN_POINT('',(45.777003127649,27.229647659167));
#1909 = CARTESIAN_POINT('',(45.179356769042,27.174756748558));
#1910 = CARTESIAN_POINT('',(44.580284737139,27.139196423878));
#1911 = CARTESIAN_POINT('',(43.980568362843,27.121927572689));
#1912 = CARTESIAN_POINT('',(43.3808203125,27.121927572689));
#1913 = ( GEOMETRIC_REPRESENTATION_CONTEXT(2)
PARAMETRIC_REPRESENTATION_CONTEXT() REPRESENTATION_CONTEXT('2D SPACE',''
  ) );
#1914 = PCURVE('',#1915,#1922);
#1915 = B_SPLINE_SURFACE_WITH_KNOTS('',2,1,(
    (#1916,#1917)
    ,(#1918,#1919)
    ,(#1920,#1921
    )),.UNSPECIFIED.,.F.,.F.,.F.,(3,3),(2,2),(0.,1.),(0.,1.),
  .PIECEWISE_BEZIER_KNOTS.);
#1916 = CARTESIAN_POINT('',(3.2080078125,-37.44869745986,74.12));
#1917 = CARTESIAN_POINT('',(3.2365234375,-37.67291616917,74.37));
#1918 = CARTESIAN_POINT('',(12.0849609375,-37.44869745986,74.12));
#1919 = CARTESIAN_POINT('',(12.1923828125,-37.67291616917,74.37));
#1920 = CARTESIAN_POINT('',(17.46826171875,-31.09859980361,74.12));
#1921 = CARTESIAN_POINT('',(17.62353515625,-31.26637320042,74.37));
#1922 = DEFINITIONAL_REPRESENTATION('',(#1923),#1946);
#1923 = B_SPLINE_CURVE_WITH_KNOTS('',6,(#1924,#1925,#1926,#1927,#1928,
    #1929,#1930,#1931,#1932,#1933,#1934,#1935,#1936,#1937,#1938,#1939,
    #1940,#1941,#1942,#1943,#1944,#1945),.UNSPECIFIED.,.F.,.F.,(7,5,5,5,
    7),(0.,0.134549160173,0.404273477428,0.778818255635,1.),
  .UNSPECIFIED.);
#1924 = CARTESIAN_POINT('',(1.,0.8));
#1925 = CARTESIAN_POINT('',(0.97824498445,0.8));
#1926 = CARTESIAN_POINT('',(0.956314220881,0.8));
#1927 = CARTESIAN_POINT('',(0.934214690092,0.8));
#1928 = CARTESIAN_POINT('',(0.911955077522,0.8));
#1929 = CARTESIAN_POINT('',(0.889545961252,0.8));
#1930 = CARTESIAN_POINT('',(0.821803181248,0.8));
#1931 = CARTESIAN_POINT('',(0.776050430772,0.8));
#1932 = CARTESIAN_POINT('',(0.729854039961,0.8));
#1933 = CARTESIAN_POINT('',(0.683343840583,0.8));
#1934 = CARTESIAN_POINT('',(0.636669030602,0.8));
#1935 = CARTESIAN_POINT('',(0.525194416678,0.8));
#1936 = CARTESIAN_POINT('',(0.460372649725,0.8));
#1937 = CARTESIAN_POINT('',(0.396010213157,0.8));
#1938 = CARTESIAN_POINT('',(0.332480306006,0.8));
#1939 = CARTESIAN_POINT('',(0.270071478264,0.8));
#1940 = CARTESIAN_POINT('',(0.172935163753,0.8));
#1941 = CARTESIAN_POINT('',(0.137328078406,0.8));
#1942 = CARTESIAN_POINT('',(0.102213963777,0.8));
#1943 = CARTESIAN_POINT('',(6.761491698285E-02,0.8));
#1944 = CARTESIAN_POINT('',(3.354266271266E-02,0.8));
#1945 = CARTESIAN_POINT('',(0.,0.8));
#1946 = ( GEOMETRIC_REPRESENTATION_CONTEXT(2)
PARAMETRIC_REPRESENTATION_CONTEXT() REPRESENTATION_CONTEXT('2D SPACE',''
  ) );
#1947 = ORIENTED_EDGE('',*,*,#1948,.T.);
#1948 = EDGE_CURVE('',#1862,#1949,#1951,.T.);
#1949 = VERTEX_POINT('',#1950);
#1950 = CARTESIAN_POINT('',(-5.7977734375,-35.39305289606,74.32));
#1951 = SURFACE_CURVE('',#1952,(#1971,#1993),.PCURVE_S1.);
#1952 = B_SPLINE_CURVE_WITH_KNOTS('',5,(#1953,#1954,#1955,#1956,#1957,
    #1958,#1959,#1960,#1961,#1962,#1963,#1964,#1965,#1966,#1967,#1968,
    #1969,#1970),.UNSPECIFIED.,.F.,.F.,(6,4,4,4,6),(0.,0.280103729129,
    0.536000150267,0.774176891796,1.),.UNSPECIFIED.);
#1953 = CARTESIAN_POINT('',(3.2308203125,-37.62807242731,74.32));
#1954 = CARTESIAN_POINT('',(2.701830600645,-37.62807242731,74.32));
#1955 = CARTESIAN_POINT('',(2.172945574819,-37.61530045928,74.32));
#1956 = CARTESIAN_POINT('',(1.64455448288,-37.58864344277,74.32));
#1957 = CARTESIAN_POINT('',(1.117274233005,-37.54681754479,74.32));
#1958 = CARTESIAN_POINT('',(0.112022318318,-37.43499987586,74.32));
#1959 = CARTESIAN_POINT('',(-0.366254662844,-37.36775637407,74.32));
#1960 = CARTESIAN_POINT('',(-0.842240232361,-37.28556035801,74.32));
#1961 = CARTESIAN_POINT('',(-1.315015916199,-37.18721695274,74.32));
#1962 = CARTESIAN_POINT('',(-2.219371393489,-36.96389310026,74.32));
#1963 = CARTESIAN_POINT('',(-2.651526417154,-36.84123107324,74.32));
#1964 = CARTESIAN_POINT('',(-3.078919511412,-36.70262601502,74.32));
#1965 = CARTESIAN_POINT('',(-3.500326687041,-36.54717160697,74.32));
#1966 = CARTESIAN_POINT('',(-4.306871552123,-36.2102472122,74.32));
#1967 = CARTESIAN_POINT('',(-4.692761822217,-36.03054285903,74.32));
#1968 = CARTESIAN_POINT('',(-5.070775996276,-35.83457862156,74.32));
#1969 = CARTESIAN_POINT('',(-5.439561713291,-35.62203634001,74.32));
#1970 = CARTESIAN_POINT('',(-5.7977734375,-35.39305289606,74.32));
#1971 = PCURVE('',#44,#1972);
#1972 = DEFINITIONAL_REPRESENTATION('',(#1973),#1992);
#1973 = B_SPLINE_CURVE_WITH_KNOTS('',5,(#1974,#1975,#1976,#1977,#1978,
    #1979,#1980,#1981,#1982,#1983,#1984,#1985,#1986,#1987,#1988,#1989,
    #1990,#1991),.UNSPECIFIED.,.F.,.F.,(6,4,4,4,6),(0.,0.280103729129,
    0.536000150267,0.774176891796,1.),.UNSPECIFIED.);
#1974 = CARTESIAN_POINT('',(43.3808203125,27.121927572689));
#1975 = CARTESIAN_POINT('',(42.851830600645,27.121927572689));
#1976 = CARTESIAN_POINT('',(42.322945574819,27.134699540717));
#1977 = CARTESIAN_POINT('',(41.79455448288,27.161356557225));
#1978 = CARTESIAN_POINT('',(41.267274233005,27.203182455206));
#1979 = CARTESIAN_POINT('',(40.262022318318,27.315000124131));
#1980 = CARTESIAN_POINT('',(39.783745337156,27.382243625922));
#1981 = CARTESIAN_POINT('',(39.307759767639,27.464439641986));
#1982 = CARTESIAN_POINT('',(38.834984083801,27.562783047254));
#1983 = CARTESIAN_POINT('',(37.930628606511,27.786106899732));
#1984 = CARTESIAN_POINT('',(37.498473582846,27.908768926759));
#1985 = CARTESIAN_POINT('',(37.071080488588,28.047373984972));
#1986 = CARTESIAN_POINT('',(36.649673312959,28.202828393021));
#1987 = CARTESIAN_POINT('',(35.843128447877,28.539752787796));
#1988 = CARTESIAN_POINT('',(35.457238177783,28.719457140961));
#1989 = CARTESIAN_POINT('',(35.079224003724,28.915421378439));
#1990 = CARTESIAN_POINT('',(34.710438286709,29.127963659982));
#1991 = CARTESIAN_POINT('',(34.3522265625,29.356947103939));
#1992 = ( GEOMETRIC_REPRESENTATION_CONTEXT(2)
PARAMETRIC_REPRESENTATION_CONTEXT() REPRESENTATION_CONTEXT('2D SPACE',''
  ) );
#1993 = PCURVE('',#1994,#2001);
#1994 = B_SPLINE_SURFACE_WITH_KNOTS('',2,1,(
    (#1995,#1996)
    ,(#1997,#1998)
    ,(#1999,#2000
    )),.UNSPECIFIED.,.F.,.F.,.F.,(3,3),(2,2),(0.,1.),(0.,1.),
  .PIECEWISE_BEZIER_KNOTS.);
#1995 = CARTESIAN_POINT('',(-5.7568359375,-35.22945917861,74.12));
#1996 = CARTESIAN_POINT('',(-5.8080078125,-35.43395132542,74.37));
#1997 = CARTESIAN_POINT('',(-2.28515625,-37.44869745986,74.12));
#1998 = CARTESIAN_POINT('',(-2.30546875,-37.67291616917,74.37));
#1999 = CARTESIAN_POINT('',(3.2080078125,-37.44869745986,74.12));
#2000 = CARTESIAN_POINT('',(3.2365234375,-37.67291616917,74.37));
#2001 = DEFINITIONAL_REPRESENTATION('',(#2002),#2021);
#2002 = B_SPLINE_CURVE_WITH_KNOTS('',5,(#2003,#2004,#2005,#2006,#2007,
    #2008,#2009,#2010,#2011,#2012,#2013,#2014,#2015,#2016,#2017,#2018,
    #2019,#2020),.UNSPECIFIED.,.F.,.F.,(6,4,4,4,6),(0.,0.280103729129,
    0.536000150267,0.774176891796,1.),.UNSPECIFIED.);
#2003 = CARTESIAN_POINT('',(1.,0.8));
#2004 = CARTESIAN_POINT('',(0.952190161965,0.8));
#2005 = CARTESIAN_POINT('',(0.903338321608,0.8));
#2006 = CARTESIAN_POINT('',(0.853388023614,0.8));
#2007 = CARTESIAN_POINT('',(0.802289331139,0.8));
#2008 = CARTESIAN_POINT('',(0.702229651694,0.8));
#2009 = CARTESIAN_POINT('',(0.653467324117,0.8));
#2010 = CARTESIAN_POINT('',(0.603681114,0.8));
#2011 = CARTESIAN_POINT('',(0.552855663432,0.8));
#2012 = CARTESIAN_POINT('',(0.452735108717,0.8));
#2013 = CARTESIAN_POINT('',(0.403578881571,0.8));
#2014 = CARTESIAN_POINT('',(0.353540510904,0.8));
#2015 = CARTESIAN_POINT('',(0.302656006779,0.8));
#2016 = CARTESIAN_POINT('',(0.202023261409,0.8));
#2017 = CARTESIAN_POINT('',(0.152352359661,0.8));
#2018 = CARTESIAN_POINT('',(0.102054686069,0.8));
#2019 = CARTESIAN_POINT('',(5.122627358618E-02,0.8));
#2020 = CARTESIAN_POINT('',(0.,0.8));
#2021 = ( GEOMETRIC_REPRESENTATION_CONTEXT(2)
PARAMETRIC_REPRESENTATION_CONTEXT() REPRESENTATION_CONTEXT('2D SPACE',''
  ) );
#2022 = ORIENTED_EDGE('',*,*,#2023,.T.);
#2023 = EDGE_CURVE('',#1949,#1110,#2024,.T.);
#2024 = SURFACE_CURVE('',#2025,(#2044,#2066),.PCURVE_S1.);
#2025 = B_SPLINE_CURVE_WITH_KNOTS('',5,(#2026,#2027,#2028,#2029,#2030,
    #2031,#2032,#2033,#2034,#2035,#2036,#2037,#2038,#2039,#2040,#2041,
    #2042,#2043),.UNSPECIFIED.,.F.,.F.,(6,4,4,4,6),(0.,0.226373947754,
    0.466365772048,0.723821794541,1.),.UNSPECIFIED.);
#2026 = CARTESIAN_POINT('',(-5.7977734375,-35.39305289606,74.32));
#2027 = CARTESIAN_POINT('',(-6.158614500408,-35.1623886723,74.32));
#2028 = CARTESIAN_POINT('',(-6.51156152538,-34.91923095279,74.32));
#2029 = CARTESIAN_POINT('',(-6.85646062662,-34.66458439028,74.32));
#2030 = CARTESIAN_POINT('',(-7.193326510988,-34.39944044462,74.32));
#2031 = CARTESIAN_POINT('',(-7.871019343352,-33.83340750436,74.32));
#2032 = CARTESIAN_POINT('',(-8.210861266343,-33.53133136391,74.32));
#2033 = CARTESIAN_POINT('',(-8.54195400166,-33.21951685405,74.32));
#2034 = CARTESIAN_POINT('',(-8.864545097402,-32.89892105692,74.32));
#2035 = CARTESIAN_POINT('',(-9.516207300623,-32.21787646028,74.32));
#2036 = CARTESIAN_POINT('',(-9.84403535757,-31.85623203178,74.32));
#2037 = CARTESIAN_POINT('',(-10.16279714895,-31.48642102259,74.32));
#2038 = CARTESIAN_POINT('',(-10.47289467739,-31.10930187381,74.32));
#2039 = CARTESIAN_POINT('',(-11.09853755981,-30.31394852829,74.32));
#2040 = CARTESIAN_POINT('',(-11.41283314882,-29.89472658393,74.32));
#2041 = CARTESIAN_POINT('',(-11.71813694421,-29.46878193661,74.32));
#2042 = CARTESIAN_POINT('',(-12.0149296397,-29.03683823959,74.32));
#2043 = CARTESIAN_POINT('',(-12.303671875,-28.59947867731,74.32));
#2044 = PCURVE('',#44,#2045);
#2045 = DEFINITIONAL_REPRESENTATION('',(#2046),#2065);
#2046 = B_SPLINE_CURVE_WITH_KNOTS('',5,(#2047,#2048,#2049,#2050,#2051,
    #2052,#2053,#2054,#2055,#2056,#2057,#2058,#2059,#2060,#2061,#2062,
    #2063,#2064),.UNSPECIFIED.,.F.,.F.,(6,4,4,4,6),(0.,0.226373947754,
    0.466365772048,0.723821794541,1.),.UNSPECIFIED.);
#2047 = CARTESIAN_POINT('',(34.3522265625,29.356947103939));
#2048 = CARTESIAN_POINT('',(33.991385499592,29.587611327696));
#2049 = CARTESIAN_POINT('',(33.63843847462,29.830769047202));
#2050 = CARTESIAN_POINT('',(33.29353937338,30.08541560972));
#2051 = CARTESIAN_POINT('',(32.956673489012,30.350559555371));
#2052 = CARTESIAN_POINT('',(32.278980656648,30.916592495636));
#2053 = CARTESIAN_POINT('',(31.939138733657,31.218668636081));
#2054 = CARTESIAN_POINT('',(31.60804599834,31.530483145946));
#2055 = CARTESIAN_POINT('',(31.285454902598,31.851078943073));
#2056 = CARTESIAN_POINT('',(30.633792699377,32.532123539718));
#2057 = CARTESIAN_POINT('',(30.30596464243,32.89376796822));
#2058 = CARTESIAN_POINT('',(29.987202851047,33.263578977402));
#2059 = CARTESIAN_POINT('',(29.677105322601,33.640698126186));
#2060 = CARTESIAN_POINT('',(29.051462440184,34.436051471703));
#2061 = CARTESIAN_POINT('',(28.737166851178,34.855273416067));
#2062 = CARTESIAN_POINT('',(28.431863055783,35.281218063382));
#2063 = CARTESIAN_POINT('',(28.135070360292,35.713161760408));
#2064 = CARTESIAN_POINT('',(27.846328125,36.150521322689));
#2065 = ( GEOMETRIC_REPRESENTATION_CONTEXT(2)
PARAMETRIC_REPRESENTATION_CONTEXT() REPRESENTATION_CONTEXT('2D SPACE',''
  ) );
#2066 = PCURVE('',#2067,#2074);
#2067 = B_SPLINE_SURFACE_WITH_KNOTS('',2,1,(
    (#2068,#2069)
    ,(#2070,#2071)
    ,(#2072,#2073
    )),.UNSPECIFIED.,.F.,.F.,.F.,(3,3),(2,2),(0.,1.),(0.,1.),
  .PIECEWISE_BEZIER_KNOTS.);
#2068 = CARTESIAN_POINT('',(-12.216796875,-28.48385370986,74.12));
#2069 = CARTESIAN_POINT('',(-12.325390625,-28.62838491917,74.37));
#2070 = CARTESIAN_POINT('',(-9.228515625,-33.01022089736,74.12));
#2071 = CARTESIAN_POINT('',(-9.310546875,-33.19498648167,74.37));
#2072 = CARTESIAN_POINT('',(-5.7568359375,-35.22945917861,74.12));
#2073 = CARTESIAN_POINT('',(-5.8080078125,-35.43395132542,74.37));
#2074 = DEFINITIONAL_REPRESENTATION('',(#2075),#2094);
#2075 = B_SPLINE_CURVE_WITH_KNOTS('',5,(#2076,#2077,#2078,#2079,#2080,
    #2081,#2082,#2083,#2084,#2085,#2086,#2087,#2088,#2089,#2090,#2091,
    #2092,#2093),.UNSPECIFIED.,.F.,.F.,(6,4,4,4,6),(0.,0.226373947754,
    0.466365772048,0.723821794541,1.),.UNSPECIFIED.);
#2076 = CARTESIAN_POINT('',(1.,0.8));
#2077 = CARTESIAN_POINT('',(0.948397716321,0.8));
#2078 = CARTESIAN_POINT('',(0.8974608563,0.8));
#2079 = CARTESIAN_POINT('',(0.847235374033,0.8));
#2080 = CARTESIAN_POINT('',(0.797745613062,0.8));
#2081 = CARTESIAN_POINT('',(0.697322018849,0.8));
#2082 = CARTESIAN_POINT('',(0.646481042277,0.8));
#2083 = CARTESIAN_POINT('',(0.59648613731,0.8));
#2084 = CARTESIAN_POINT('',(0.547331374482,0.8));
#2085 = CARTESIAN_POINT('',(0.447151552778,0.8));
#2086 = CARTESIAN_POINT('',(0.396251667125,0.8));
#2087 = CARTESIAN_POINT('',(0.346279374008,0.8));
#2088 = CARTESIAN_POINT('',(0.297206658546,0.8));
#2089 = CARTESIAN_POINT('',(0.1972877568,0.8));
#2090 = CARTESIAN_POINT('',(0.146573083573,0.8));
#2091 = CARTESIAN_POINT('',(9.681476385692E-02,0.8));
#2092 = CARTESIAN_POINT('',(4.797129707361E-02,0.8));
#2093 = CARTESIAN_POINT('',(0.,0.8));
#2094 = ( GEOMETRIC_REPRESENTATION_CONTEXT(2)
PARAMETRIC_REPRESENTATION_CONTEXT() REPRESENTATION_CONTEXT('2D SPACE',''
  ) );
#2095 = FACE_BOUND('',#2096,.T.);
#2096 = EDGE_LOOP('',(#2097));
#2097 = ORIENTED_EDGE('',*,*,#2098,.T.);
#2098 = EDGE_CURVE('',#2099,#2099,#2101,.T.);
#2099 = VERTEX_POINT('',#2100);
#2100 = CARTESIAN_POINT('',(-1.7,-12.2240926625,74.32));
#2101 = SURFACE_CURVE('',#2102,(#2107,#2118),.PCURVE_S1.);
#2102 = CIRCLE('',#2103,1.7);
#2103 = AXIS2_PLACEMENT_3D('',#2104,#2105,#2106);
#2104 = CARTESIAN_POINT('',(0.,-12.2240926625,74.32));
#2105 = DIRECTION('',(0.,0.,-1.));
#2106 = DIRECTION('',(-1.,0.,-0.));
#2107 = PCURVE('',#44,#2108);
#2108 = DEFINITIONAL_REPRESENTATION('',(#2109),#2117);
#2109 = ( BOUNDED_CURVE() B_SPLINE_CURVE(2,(#2110,#2111,#2112,#2113,
#2114,#2115,#2116),.UNSPECIFIED.,.T.,.F.) B_SPLINE_CURVE_WITH_KNOTS((1,2
    ,2,2,2,1),(-2.094395102393,0.,2.094395102393,4.188790204786,
6.28318530718,8.377580409573),.UNSPECIFIED.) CURVE()
GEOMETRIC_REPRESENTATION_ITEM() RATIONAL_B_SPLINE_CURVE((1.,0.5,1.,0.5,
1.,0.5,1.)) REPRESENTATION_ITEM('') );
#2110 = CARTESIAN_POINT('',(38.45,52.5259073375));
#2111 = CARTESIAN_POINT('',(38.45,55.470393710367));
#2112 = CARTESIAN_POINT('',(41.,53.998150523934));
#2113 = CARTESIAN_POINT('',(43.55,52.5259073375));
#2114 = CARTESIAN_POINT('',(41.,51.053664151066));
#2115 = CARTESIAN_POINT('',(38.45,49.581420964633));
#2116 = CARTESIAN_POINT('',(38.45,52.5259073375));
#2117 = ( GEOMETRIC_REPRESENTATION_CONTEXT(2)
PARAMETRIC_REPRESENTATION_CONTEXT() REPRESENTATION_CONTEXT('2D SPACE',''
  ) );
#2118 = PCURVE('',#2119,#2124);
#2119 = CYLINDRICAL_SURFACE('',#2120,1.7);
#2120 = AXIS2_PLACEMENT_3D('',#2121,#2122,#2123);
#2121 = CARTESIAN_POINT('',(0.,-12.2240926625,74.37));
#2122 = DIRECTION('',(0.,0.,-1.));
#2123 = DIRECTION('',(-1.,0.,-0.));
#2124 = DEFINITIONAL_REPRESENTATION('',(#2125),#2129);
#2125 = LINE('',#2126,#2127);
#2126 = CARTESIAN_POINT('',(0.,5.E-02));
#2127 = VECTOR('',#2128,1.);
#2128 = DIRECTION('',(1.,0.));
#2129 = ( GEOMETRIC_REPRESENTATION_CONTEXT(2)
PARAMETRIC_REPRESENTATION_CONTEXT() REPRESENTATION_CONTEXT('2D SPACE',''
  ) );
#2130 = FACE_BOUND('',#2131,.T.);
#2131 = EDGE_LOOP('',(#2132,#2159,#2270,#2295,#2358,#2475,#2562,#2634,
    #2659,#2734,#2836,#2938));
#2132 = ORIENTED_EDGE('',*,*,#2133,.T.);
#2133 = EDGE_CURVE('',#2134,#2136,#2138,.T.);
#2134 = VERTEX_POINT('',#2135);
#2135 = CARTESIAN_POINT('',(-10.42531759062,-11.2240926625,74.32));
#2136 = VERTEX_POINT('',#2137);
#2137 = CARTESIAN_POINT('',(-17.4217059497,-11.2240926625,74.32));
#2138 = SURFACE_CURVE('',#2139,(#2142,#2148),.PCURVE_S1.);
#2139 = B_SPLINE_CURVE_WITH_KNOTS('',1,(#2140,#2141),.UNSPECIFIED.,.F.,
  .F.,(2,2),(0.,1.),.PIECEWISE_BEZIER_KNOTS.);
#2140 = CARTESIAN_POINT('',(-10.42531759062,-11.2240926625,74.32));
#2141 = CARTESIAN_POINT('',(-17.4217059497,-11.2240926625,74.32));
#2142 = PCURVE('',#44,#2143);
#2143 = DEFINITIONAL_REPRESENTATION('',(#2144),#2147);
#2144 = B_SPLINE_CURVE_WITH_KNOTS('',1,(#2145,#2146),.UNSPECIFIED.,.F.,
  .F.,(2,2),(0.,1.),.PIECEWISE_BEZIER_KNOTS.);
#2145 = CARTESIAN_POINT('',(29.724682409376,53.5259073375));
#2146 = CARTESIAN_POINT('',(22.728294050296,53.5259073375));
#2147 = ( GEOMETRIC_REPRESENTATION_CONTEXT(2)
PARAMETRIC_REPRESENTATION_CONTEXT() REPRESENTATION_CONTEXT('2D SPACE',''
  ) );
#2148 = PCURVE('',#2149,#2154);
#2149 = B_SPLINE_SURFACE_WITH_KNOTS('',1,1,(
    (#2150,#2151)
    ,(#2152,#2153
    )),.UNSPECIFIED.,.F.,.F.,.F.,(2,2),(2,2),(-80.57556806105,
    -73.56726010859),(0.,1.),.PIECEWISE_BEZIER_KNOTS.);
#2150 = CARTESIAN_POINT('',(-17.3000075043,-11.2240926625,74.12));
#2151 = CARTESIAN_POINT('',(-17.45213056105,-11.2240926625,74.37));
#2152 = CARTESIAN_POINT('',(-10.35129751875,-11.2240926625,74.12));
#2153 = CARTESIAN_POINT('',(-10.44382260859,-11.2240926625,74.37));
#2154 = DEFINITIONAL_REPRESENTATION('',(#2155),#2158);
#2155 = B_SPLINE_CURVE_WITH_KNOTS('',1,(#2156,#2157),.UNSPECIFIED.,.F.,
  .F.,(2,2),(0.,1.),.PIECEWISE_BEZIER_KNOTS.);
#2156 = CARTESIAN_POINT('',(-73.56726010859,0.8));
#2157 = CARTESIAN_POINT('',(-80.57556806105,0.8));
#2158 = ( GEOMETRIC_REPRESENTATION_CONTEXT(2)
PARAMETRIC_REPRESENTATION_CONTEXT() REPRESENTATION_CONTEXT('2D SPACE',''
  ) );
#2159 = ORIENTED_EDGE('',*,*,#2160,.T.);
#2160 = EDGE_CURVE('',#2136,#2161,#2163,.T.);
#2161 = VERTEX_POINT('',#2162);
#2162 = CARTESIAN_POINT('',(-22.7927734375,10.435911947689,74.32));
#2163 = SURFACE_CURVE('',#2164,(#2195,#2229),.PCURVE_S1.);
#2164 = B_SPLINE_CURVE_WITH_KNOTS('',8,(#2165,#2166,#2167,#2168,#2169,
    #2170,#2171,#2172,#2173,#2174,#2175,#2176,#2177,#2178,#2179,#2180,
    #2181,#2182,#2183,#2184,#2185,#2186,#2187,#2188,#2189,#2190,#2191,
    #2192,#2193,#2194),.UNSPECIFIED.,.F.,.F.,(9,7,7,7,9),(0.,
    0.340409500078,0.623013727878,0.926456034924,1.),.UNSPECIFIED.);
#2165 = CARTESIAN_POINT('',(-17.4217059497,-11.2240926625,74.32));
#2166 = CARTESIAN_POINT('',(-17.59582279016,-10.28876636709,74.32));
#2167 = CARTESIAN_POINT('',(-17.77259589182,-9.353957206014,74.32));
#2168 = CARTESIAN_POINT('',(-17.95221309136,-8.419707363611,74.32));
#2169 = CARTESIAN_POINT('',(-18.13489004235,-7.486069688205,74.32));
#2170 = CARTESIAN_POINT('',(-18.32087359193,-6.55310836857,74.32));
#2171 = CARTESIAN_POINT('',(-18.51045201126,-5.620901051997,74.32));
#2172 = CARTESIAN_POINT('',(-18.70397207976,-4.689542403976,74.32));
#2173 = CARTESIAN_POINT('',(-19.06614991052,-2.986746816121,74.32));
#2174 = CARTESIAN_POINT('',(-19.23344792549,-2.21501895276,74.32));
#2175 = CARTESIAN_POINT('',(-19.40400243444,-1.444025880317,74.32));
#2176 = CARTESIAN_POINT('',(-19.57810229526,-0.673848668472,74.32));
#2177 = CARTESIAN_POINT('',(-19.75608270284,9.541031771003E-02,74.32));
#2178 = CARTESIAN_POINT('',(-19.93834411302,0.863622863768,74.32));
#2179 = CARTESIAN_POINT('',(-20.1253872449,1.630626384457,74.32));
#2180 = CARTESIAN_POINT('',(-20.52453353838,3.218247594108,74.32));
#2181 = CARTESIAN_POINT('',(-20.73742631837,4.038476799899,74.32));
#2182 = CARTESIAN_POINT('',(-20.95738071777,4.856805421087,74.32));
#2183 = CARTESIAN_POINT('',(-21.18545972769,5.672935138169,74.32));
#2184 = CARTESIAN_POINT('',(-21.42289971655,6.486384861664,74.32));
#2185 = CARTESIAN_POINT('',(-21.67157781418,7.296334096847,74.32));
#2186 = CARTESIAN_POINT('',(-21.9337894234,8.10169976649,74.32));
#2187 = CARTESIAN_POINT('',(-22.2823215542,9.09406854302,74.32));
#2188 = CARTESIAN_POINT('',(-22.3513881073,9.287267452738,74.32));
#2189 = CARTESIAN_POINT('',(-22.42159559169,9.480039420337,74.32));
#2190 = CARTESIAN_POINT('',(-22.49301940041,9.672347111912,74.32));
#2191 = CARTESIAN_POINT('',(-22.56574408577,9.864146054749,74.32));
#2192 = CARTESIAN_POINT('',(-22.63986604758,10.055383573186,74.32));
#2193 = CARTESIAN_POINT('',(-22.71549774575,10.245997112054,74.32));
#2194 = CARTESIAN_POINT('',(-22.7927734375,10.435911947689,74.32));
#2195 = PCURVE('',#44,#2196);
#2196 = DEFINITIONAL_REPRESENTATION('',(#2197),#2228);
#2197 = B_SPLINE_CURVE_WITH_KNOTS('',8,(#2198,#2199,#2200,#2201,#2202,
    #2203,#2204,#2205,#2206,#2207,#2208,#2209,#2210,#2211,#2212,#2213,
    #2214,#2215,#2216,#2217,#2218,#2219,#2220,#2221,#2222,#2223,#2224,
    #2225,#2226,#2227),.UNSPECIFIED.,.F.,.F.,(9,7,7,7,9),(0.,
    0.340409500078,0.623013727878,0.926456034924,1.),.UNSPECIFIED.);
#2198 = CARTESIAN_POINT('',(22.728294050296,53.5259073375));
#2199 = CARTESIAN_POINT('',(22.554177209835,54.46123363291));
#2200 = CARTESIAN_POINT('',(22.377404108173,55.396042793986));
#2201 = CARTESIAN_POINT('',(22.197786908633,56.330292636389));
#2202 = CARTESIAN_POINT('',(22.015109957646,57.263930311795));
#2203 = CARTESIAN_POINT('',(21.82912640807,58.19689163143));
#2204 = CARTESIAN_POINT('',(21.639547988737,59.129098948003));
#2205 = CARTESIAN_POINT('',(21.446027920235,60.060457596024));
#2206 = CARTESIAN_POINT('',(21.083850089479,61.763253183879));
#2207 = CARTESIAN_POINT('',(20.916552074507,62.53498104724));
#2208 = CARTESIAN_POINT('',(20.745997565552,63.305974119683));
#2209 = CARTESIAN_POINT('',(20.571897704731,64.076151331528));
#2210 = CARTESIAN_POINT('',(20.393917297154,64.84541031771));
#2211 = CARTESIAN_POINT('',(20.211655886979,65.613622863768));
#2212 = CARTESIAN_POINT('',(20.024612755094,66.380626384457));
#2213 = CARTESIAN_POINT('',(19.625466461619,67.968247594108));
#2214 = CARTESIAN_POINT('',(19.412573681623,68.788476799899));
#2215 = CARTESIAN_POINT('',(19.192619282221,69.606805421087));
#2216 = CARTESIAN_POINT('',(18.964540272304,70.422935138169));
#2217 = CARTESIAN_POINT('',(18.727100283443,71.236384861664));
#2218 = CARTESIAN_POINT('',(18.478422185817,72.046334096847));
#2219 = CARTESIAN_POINT('',(18.216210576598,72.85169976649));
#2220 = CARTESIAN_POINT('',(17.867678445798,73.84406854302));
#2221 = CARTESIAN_POINT('',(17.798611892695,74.037267452738));
#2222 = CARTESIAN_POINT('',(17.728404408301,74.230039420337));
#2223 = CARTESIAN_POINT('',(17.656980599585,74.422347111912));
#2224 = CARTESIAN_POINT('',(17.584255914221,74.614146054749));
#2225 = CARTESIAN_POINT('',(17.510133952414,74.805383573186));
#2226 = CARTESIAN_POINT('',(17.434502254241,74.995997112054));
#2227 = CARTESIAN_POINT('',(17.3572265625,75.185911947689));
#2228 = ( GEOMETRIC_REPRESENTATION_CONTEXT(2)
PARAMETRIC_REPRESENTATION_CONTEXT() REPRESENTATION_CONTEXT('2D SPACE',''
  ) );
#2229 = PCURVE('',#2230,#2237);
#2230 = B_SPLINE_SURFACE_WITH_KNOTS('',2,1,(
    (#2231,#2232)
    ,(#2233,#2234)
    ,(#2235,#2236
    )),.UNSPECIFIED.,.F.,.F.,.F.,(3,3),(2,2),(0.,1.),(0.,1.),
  .PIECEWISE_BEZIER_KNOTS.);
#2231 = CARTESIAN_POINT('',(-22.6318359375,10.275911915137,74.12));
#2232 = CARTESIAN_POINT('',(-22.8330078125,10.475911955827,74.37));
#2233 = CARTESIAN_POINT('',(-20.1817501675,4.2545146838,74.12));
#2234 = CARTESIAN_POINT('',(-20.36044005897,4.399262392078,74.37));
#2235 = CARTESIAN_POINT('',(-17.3000075043,-11.2240926625,74.12));
#2236 = CARTESIAN_POINT('',(-17.45213056105,-11.2240926625,74.37));
#2237 = DEFINITIONAL_REPRESENTATION('',(#2238),#2269);
#2238 = B_SPLINE_CURVE_WITH_KNOTS('',8,(#2239,#2240,#2241,#2242,#2243,
    #2244,#2245,#2246,#2247,#2248,#2249,#2250,#2251,#2252,#2253,#2254,
    #2255,#2256,#2257,#2258,#2259,#2260,#2261,#2262,#2263,#2264,#2265,
    #2266,#2267,#2268),.UNSPECIFIED.,.F.,.F.,(9,7,7,7,9),(0.,
    0.340409500078,0.623013727878,0.926456034924,1.),.UNSPECIFIED.);
#2239 = CARTESIAN_POINT('',(1.,0.8));
#2240 = CARTESIAN_POINT('',(0.970010838354,0.8));
#2241 = CARTESIAN_POINT('',(0.939410175594,0.8));
#2242 = CARTESIAN_POINT('',(0.908154711128,0.8));
#2243 = CARTESIAN_POINT('',(0.876194685939,0.8));
#2244 = CARTESIAN_POINT('',(0.843473105039,0.8));
#2245 = CARTESIAN_POINT('',(0.809923380987,0.8));
#2246 = CARTESIAN_POINT('',(0.775465398479,0.8));
#2247 = CARTESIAN_POINT('',(0.710557015746,0.8));
#2248 = CARTESIAN_POINT('',(0.680419917478,0.8));
#2249 = CARTESIAN_POINT('',(0.649532087944,0.8));
#2250 = CARTESIAN_POINT('',(0.617826770179,0.8));
#2251 = CARTESIAN_POINT('',(0.585226412085,0.8));
#2252 = CARTESIAN_POINT('',(0.551638300865,0.8));
#2253 = CARTESIAN_POINT('',(0.516946487319,0.8));
#2254 = CARTESIAN_POINT('',(0.442402965811,0.8));
#2255 = CARTESIAN_POINT('',(0.402367033848,0.8));
#2256 = CARTESIAN_POINT('',(0.360699961773,0.8));
#2257 = CARTESIAN_POINT('',(0.317156085481,0.8));
#2258 = CARTESIAN_POINT('',(0.271448275465,0.8));
#2259 = CARTESIAN_POINT('',(0.223139656079,0.8));
#2260 = CARTESIAN_POINT('',(0.171695173858,0.8));
#2261 = CARTESIAN_POINT('',(0.102501407925,0.8));
#2262 = CARTESIAN_POINT('',(8.875372564445E-02,0.8));
#2263 = CARTESIAN_POINT('',(7.474125498534E-02,0.8));
#2264 = CARTESIAN_POINT('',(6.044640366321E-02,0.8));
#2265 = CARTESIAN_POINT('',(4.584941504285E-02,0.8));
#2266 = CARTESIAN_POINT('',(3.092774365782E-02,0.8));
#2267 = CARTESIAN_POINT('',(1.56550764887E-02,0.8));
#2268 = CARTESIAN_POINT('',(0.,0.8));
#2269 = ( GEOMETRIC_REPRESENTATION_CONTEXT(2)
PARAMETRIC_REPRESENTATION_CONTEXT() REPRESENTATION_CONTEXT('2D SPACE',''
  ) );
#2270 = ORIENTED_EDGE('',*,*,#2271,.T.);
#2271 = EDGE_CURVE('',#2161,#2272,#2274,.T.);
#2272 = VERTEX_POINT('',#2273);
#2273 = CARTESIAN_POINT('',(-14.870625,10.435911947689,74.32));
#2274 = SURFACE_CURVE('',#2275,(#2278,#2284),.PCURVE_S1.);
#2275 = B_SPLINE_CURVE_WITH_KNOTS('',1,(#2276,#2277),.UNSPECIFIED.,.F.,
  .F.,(2,2),(0.,1.),.PIECEWISE_BEZIER_KNOTS.);
#2276 = CARTESIAN_POINT('',(-22.7927734375,10.435911947689,74.32));
#2277 = CARTESIAN_POINT('',(-14.870625,10.435911947689,74.32));
#2278 = PCURVE('',#44,#2279);
#2279 = DEFINITIONAL_REPRESENTATION('',(#2280),#2283);
#2280 = B_SPLINE_CURVE_WITH_KNOTS('',1,(#2281,#2282),.UNSPECIFIED.,.F.,
  .F.,(2,2),(0.,1.),.PIECEWISE_BEZIER_KNOTS.);
#2281 = CARTESIAN_POINT('',(17.3572265625,75.185911947689));
#2282 = CARTESIAN_POINT('',(25.279375,75.185911947689));
#2283 = ( GEOMETRIC_REPRESENTATION_CONTEXT(2)
PARAMETRIC_REPRESENTATION_CONTEXT() REPRESENTATION_CONTEXT('2D SPACE',''
  ) );
#2284 = PCURVE('',#2285,#2290);
#2285 = B_SPLINE_SURFACE_WITH_KNOTS('',1,1,(
    (#2286,#2287)
    ,(#2288,#2289
    )),.UNSPECIFIED.,.F.,.F.,.F.,(2,2),(2,2),(-7.9361328125,0.),(0.,1.),
  .PIECEWISE_BEZIER_KNOTS.);
#2286 = CARTESIAN_POINT('',(-14.765625,10.275911915137,74.12));
#2287 = CARTESIAN_POINT('',(-14.896875,10.475911955827,74.37));
#2288 = CARTESIAN_POINT('',(-22.6318359375,10.275911915137,74.12));
#2289 = CARTESIAN_POINT('',(-22.8330078125,10.475911955827,74.37));
#2290 = DEFINITIONAL_REPRESENTATION('',(#2291),#2294);
#2291 = B_SPLINE_CURVE_WITH_KNOTS('',1,(#2292,#2293),.UNSPECIFIED.,.F.,
  .F.,(2,2),(0.,1.),.PIECEWISE_BEZIER_KNOTS.);
#2292 = CARTESIAN_POINT('',(0.,0.8));
#2293 = CARTESIAN_POINT('',(-7.9361328125,0.8));
#2294 = ( GEOMETRIC_REPRESENTATION_CONTEXT(2)
PARAMETRIC_REPRESENTATION_CONTEXT() REPRESENTATION_CONTEXT('2D SPACE',''
  ) );
#2295 = ORIENTED_EDGE('',*,*,#2296,.T.);
#2296 = EDGE_CURVE('',#2272,#2297,#2299,.T.);
#2297 = VERTEX_POINT('',#2298);
#2298 = CARTESIAN_POINT('',(-11.9938671875,1.849896322689,74.32));
#2299 = SURFACE_CURVE('',#2300,(#2315,#2333),.PCURVE_S1.);
#2300 = B_SPLINE_CURVE_WITH_KNOTS('',4,(#2301,#2302,#2303,#2304,#2305,
    #2306,#2307,#2308,#2309,#2310,#2311,#2312,#2313,#2314),
  .UNSPECIFIED.,.F.,.F.,(5,3,3,3,5),(0.,0.26241985234,0.514873827776,
    0.760909550698,1.),.UNSPECIFIED.);
#2301 = CARTESIAN_POINT('',(-14.870625,10.435911947689,74.32));
#2302 = CARTESIAN_POINT('',(-14.63548744315,9.889080420148,74.32));
#2303 = CARTESIAN_POINT('',(-14.40737831879,9.339299080313,74.32));
#2304 = CARTESIAN_POINT('',(-14.18668195962,8.786563643036,74.32));
#2305 = CARTESIAN_POINT('',(-13.76906123952,7.69633768408,74.32));
#2306 = CARTESIAN_POINT('',(-13.57155245066,7.159065864948,74.32));
#2307 = CARTESIAN_POINT('',(-13.38168790961,6.619106559644,74.32));
#2308 = CARTESIAN_POINT('',(-13.02271911223,5.547722764392,74.32));
#2309 = CARTESIAN_POINT('',(-12.85320972525,5.016430780895,74.32));
#2310 = CARTESIAN_POINT('',(-12.69175806244,4.482694826236,74.32));
#2311 = CARTESIAN_POINT('',(-12.39014299556,3.425658536805,74.32));
#2312 = CARTESIAN_POINT('',(-12.24950712526,2.902489398418,74.32));
#2313 = CARTESIAN_POINT('',(-12.11727642331,2.377190330257,74.32));
#2314 = CARTESIAN_POINT('',(-11.9938671875,1.849896322689,74.32));
#2315 = PCURVE('',#44,#2316);
#2316 = DEFINITIONAL_REPRESENTATION('',(#2317),#2332);
#2317 = B_SPLINE_CURVE_WITH_KNOTS('',4,(#2318,#2319,#2320,#2321,#2322,
    #2323,#2324,#2325,#2326,#2327,#2328,#2329,#2330,#2331),
  .UNSPECIFIED.,.F.,.F.,(5,3,3,3,5),(0.,0.26241985234,0.514873827776,
    0.760909550698,1.),.UNSPECIFIED.);
#2318 = CARTESIAN_POINT('',(25.279375,75.185911947689));
#2319 = CARTESIAN_POINT('',(25.514512556843,74.639080420148));
#2320 = CARTESIAN_POINT('',(25.74262168121,74.089299080313));
#2321 = CARTESIAN_POINT('',(25.963318040373,73.536563643036));
#2322 = CARTESIAN_POINT('',(26.380938760472,72.44633768408));
#2323 = CARTESIAN_POINT('',(26.578447549335,71.909065864948));
#2324 = CARTESIAN_POINT('',(26.768312090389,71.369106559644));
#2325 = CARTESIAN_POINT('',(27.127280887767,70.297722764392));
#2326 = CARTESIAN_POINT('',(27.296790274741,69.766430780895));
#2327 = CARTESIAN_POINT('',(27.458241937551,69.232694826236));
#2328 = CARTESIAN_POINT('',(27.759857004431,68.175658536805));
#2329 = CARTESIAN_POINT('',(27.900492874732,67.652489398418));
#2330 = CARTESIAN_POINT('',(28.032723576686,67.127190330257));
#2331 = CARTESIAN_POINT('',(28.1561328125,66.599896322689));
#2332 = ( GEOMETRIC_REPRESENTATION_CONTEXT(2)
PARAMETRIC_REPRESENTATION_CONTEXT() REPRESENTATION_CONTEXT('2D SPACE',''
  ) );
#2333 = PCURVE('',#2334,#2341);
#2334 = B_SPLINE_SURFACE_WITH_KNOTS('',2,1,(
    (#2335,#2336)
    ,(#2337,#2338)
    ,(#2339,#2340
    )),.UNSPECIFIED.,.F.,.F.,.F.,(3,3),(2,2),(0.,1.),(0.,1.),
  .PIECEWISE_BEZIER_KNOTS.);
#2335 = CARTESIAN_POINT('',(-11.9091796875,1.750521290137,74.12));
#2336 = CARTESIAN_POINT('',(-12.0150390625,1.874740080827,74.37));
#2337 = CARTESIAN_POINT('',(-12.8759765625,5.881380665137,74.12));
#2338 = CARTESIAN_POINT('',(-12.9904296875,6.042318205827,74.37));
#2339 = CARTESIAN_POINT('',(-14.765625,10.275911915137,74.12));
#2340 = CARTESIAN_POINT('',(-14.896875,10.475911955827,74.37));
#2341 = DEFINITIONAL_REPRESENTATION('',(#2342),#2357);
#2342 = B_SPLINE_CURVE_WITH_KNOTS('',4,(#2343,#2344,#2345,#2346,#2347,
    #2348,#2349,#2350,#2351,#2352,#2353,#2354,#2355,#2356),
  .UNSPECIFIED.,.F.,.F.,(5,3,3,3,5),(0.,0.26241985234,0.514873827776,
    0.760909550698,1.),.UNSPECIFIED.);
#2343 = CARTESIAN_POINT('',(1.,0.8));
#2344 = CARTESIAN_POINT('',(0.938222033958,0.8));
#2345 = CARTESIAN_POINT('',(0.875805494798,0.8));
#2346 = CARTESIAN_POINT('',(0.812735687355,0.8));
#2347 = CARTESIAN_POINT('',(0.687684792685,0.8));
#2348 = CARTESIAN_POINT('',(0.625753380592,0.8));
#2349 = CARTESIAN_POINT('',(0.563194520824,0.8));
#2350 = CARTESIAN_POINT('',(0.43841210229,0.8));
#2351 = CARTESIAN_POINT('',(0.376220518713,0.8));
#2352 = CARTESIAN_POINT('',(0.313417636035,0.8));
#2353 = CARTESIAN_POINT('',(0.188372562679,0.8));
#2354 = CARTESIAN_POINT('',(0.126164656368,0.8));
#2355 = CARTESIAN_POINT('',(6.337311315164E-02,0.8));
#2356 = CARTESIAN_POINT('',(0.,0.8));
#2357 = ( GEOMETRIC_REPRESENTATION_CONTEXT(2)
PARAMETRIC_REPRESENTATION_CONTEXT() REPRESENTATION_CONTEXT('2D SPACE',''
  ) );
#2358 = ORIENTED_EDGE('',*,*,#2359,.T.);
#2359 = EDGE_CURVE('',#2297,#2360,#2362,.T.);
#2360 = VERTEX_POINT('',#2361);
#2361 = CARTESIAN_POINT('',(3.36359375,11.498099447689,74.32));
#2362 = SURFACE_CURVE('',#2363,(#2396,#2432),.PCURVE_S1.);
#2363 = B_SPLINE_CURVE_WITH_KNOTS('',6,(#2364,#2365,#2366,#2367,#2368,
    #2369,#2370,#2371,#2372,#2373,#2374,#2375,#2376,#2377,#2378,#2379,
    #2380,#2381,#2382,#2383,#2384,#2385,#2386,#2387,#2388,#2389,#2390,
    #2391,#2392,#2393,#2394,#2395),.UNSPECIFIED.,.F.,.F.,(7,5,5,5,5,5,7)
  ,(0.,0.1477051399,0.22784630179,0.392910970715,0.60788926341,
    0.726424310911,1.),.UNSPECIFIED.);
#2364 = CARTESIAN_POINT('',(-11.9938671875,1.849896322689,74.32));
#2365 = CARTESIAN_POINT('',(-11.82324994017,2.298023550594,74.32));
#2366 = CARTESIAN_POINT('',(-11.63943140598,2.741101911824,74.32));
#2367 = CARTESIAN_POINT('',(-11.44177097713,3.178340535427,74.32));
#2368 = CARTESIAN_POINT('',(-11.22966258962,3.608799551223,74.32));
#2369 = CARTESIAN_POINT('',(-11.00257864989,4.031411145241,74.32));
#2370 = CARTESIAN_POINT('',(-10.62862565977,4.669436664298,74.32));
#2371 = CARTESIAN_POINT('',(-10.4925796345,4.891200307929,74.32));
#2372 = CARTESIAN_POINT('',(-10.35196312966,5.110126286435,74.32));
#2373 = CARTESIAN_POINT('',(-10.20673431355,5.326021049288,74.32));
#2374 = CARTESIAN_POINT('',(-10.05687020618,5.538686859737,74.32));
#2375 = CARTESIAN_POINT('',(-9.584153425652,6.178886615877,74.32));
#2376 = CARTESIAN_POINT('',(-9.246237134206,6.595355058767,74.32));
#2377 = CARTESIAN_POINT('',(-8.88868059659,6.995501031979,74.32));
#2378 = CARTESIAN_POINT('',(-8.511884045553,7.377637589395,74.32));
#2379 = CARTESIAN_POINT('',(-8.116686938386,7.740311413397,74.32));
#2380 = CARTESIAN_POINT('',(-7.16759261788,8.527919131083,74.32));
#2381 = CARTESIAN_POINT('',(-6.601669075597,8.938661589883,74.32));
#2382 = CARTESIAN_POINT('',(-6.009795839108,9.312004195227,74.32));
#2383 = CARTESIAN_POINT('',(-5.395637324453,9.647155525267,74.32));
#2384 = CARTESIAN_POINT('',(-4.763100717292,9.944604004189,74.32));
#2385 = CARTESIAN_POINT('',(-3.759299143095,10.349608808148,74.32));
#2386 = CARTESIAN_POINT('',(-3.398070305539,10.482512625075,74.32));
#2387 = CARTESIAN_POINT('',(-3.032968016996,10.604614294826,74.32));
#2388 = CARTESIAN_POINT('',(-2.664539132661,10.716229172262,74.32));
#2389 = CARTESIAN_POINT('',(-2.293276730093,10.817720864627,74.32));
#2390 = CARTESIAN_POINT('',(-1.05719900041,11.121231881542,74.32));
#2391 = CARTESIAN_POINT('',(-0.182186080552,11.281057639242,74.32));
#2392 = CARTESIAN_POINT('',(0.700529516567,11.393819251612,74.32));
#2393 = CARTESIAN_POINT('',(1.587192375327,11.464640217919,74.32));
#2394 = CARTESIAN_POINT('',(2.475295912206,11.498099447689,74.32));
#2395 = CARTESIAN_POINT('',(3.36359375,11.498099447689,74.32));
#2396 = PCURVE('',#44,#2397);
#2397 = DEFINITIONAL_REPRESENTATION('',(#2398),#2431);
#2398 = B_SPLINE_CURVE_WITH_KNOTS('',6,(#2399,#2400,#2401,#2402,#2403,
    #2404,#2405,#2406,#2407,#2408,#2409,#2410,#2411,#2412,#2413,#2414,
    #2415,#2416,#2417,#2418,#2419,#2420,#2421,#2422,#2423,#2424,#2425,
    #2426,#2427,#2428,#2429,#2430),.UNSPECIFIED.,.F.,.F.,(7,5,5,5,5,5,7)
  ,(0.,0.1477051399,0.22784630179,0.392910970715,0.60788926341,
    0.726424310911,1.),.UNSPECIFIED.);
#2399 = CARTESIAN_POINT('',(28.1561328125,66.599896322689));
#2400 = CARTESIAN_POINT('',(28.326750059822,67.048023550594));
#2401 = CARTESIAN_POINT('',(28.510568594011,67.491101911824));
#2402 = CARTESIAN_POINT('',(28.70822902287,67.928340535427));
#2403 = CARTESIAN_POINT('',(28.920337410373,68.358799551223));
#2404 = CARTESIAN_POINT('',(29.147421350104,68.781411145241));
#2405 = CARTESIAN_POINT('',(29.521374340229,69.419436664298));
#2406 = CARTESIAN_POINT('',(29.657420365492,69.641200307929));
#2407 = CARTESIAN_POINT('',(29.798036870338,69.860126286435));
#2408 = CARTESIAN_POINT('',(29.94326568645,70.076021049288));
#2409 = CARTESIAN_POINT('',(30.093129793818,70.288686859737));
#2410 = CARTESIAN_POINT('',(30.565846574348,70.928886615877));
#2411 = CARTESIAN_POINT('',(30.903762865794,71.345355058767));
#2412 = CARTESIAN_POINT('',(31.26131940341,71.745501031979));
#2413 = CARTESIAN_POINT('',(31.638115954447,72.127637589395));
#2414 = CARTESIAN_POINT('',(32.033313061614,72.490311413397));
#2415 = CARTESIAN_POINT('',(32.98240738212,73.277919131083));
#2416 = CARTESIAN_POINT('',(33.548330924403,73.688661589883));
#2417 = CARTESIAN_POINT('',(34.140204160892,74.062004195227));
#2418 = CARTESIAN_POINT('',(34.754362675547,74.397155525267));
#2419 = CARTESIAN_POINT('',(35.386899282708,74.694604004189));
#2420 = CARTESIAN_POINT('',(36.390700856905,75.099608808148));
#2421 = CARTESIAN_POINT('',(36.751929694461,75.232512625075));
#2422 = CARTESIAN_POINT('',(37.117031983004,75.354614294826));
#2423 = CARTESIAN_POINT('',(37.485460867339,75.466229172262));
#2424 = CARTESIAN_POINT('',(37.856723269907,75.567720864627));
#2425 = CARTESIAN_POINT('',(39.09280099959,75.871231881542));
#2426 = CARTESIAN_POINT('',(39.967813919448,76.031057639242));
#2427 = CARTESIAN_POINT('',(40.850529516567,76.143819251612));
#2428 = CARTESIAN_POINT('',(41.737192375327,76.214640217919));
#2429 = CARTESIAN_POINT('',(42.625295912206,76.248099447689));
#2430 = CARTESIAN_POINT('',(43.51359375,76.248099447689));
#2431 = ( GEOMETRIC_REPRESENTATION_CONTEXT(2)
PARAMETRIC_REPRESENTATION_CONTEXT() REPRESENTATION_CONTEXT('2D SPACE',''
  ) );
#2432 = PCURVE('',#2433,#2440);
#2433 = B_SPLINE_SURFACE_WITH_KNOTS('',2,1,(
    (#2434,#2435)
    ,(#2436,#2437)
    ,(#2438,#2439
    )),.UNSPECIFIED.,.F.,.F.,.F.,(3,3),(2,2),(0.,1.),(0.,1.),
  .PIECEWISE_BEZIER_KNOTS.);
#2434 = CARTESIAN_POINT('',(3.33984375,11.330599415137,74.12));
#2435 = CARTESIAN_POINT('',(3.36953125,11.539974455827,74.37));
#2436 = CARTESIAN_POINT('',(-8.26171875,11.330599415137,74.12));
#2437 = CARTESIAN_POINT('',(-8.33515625,11.539974455827,74.37));
#2438 = CARTESIAN_POINT('',(-11.9091796875,1.750521290137,74.12));
#2439 = CARTESIAN_POINT('',(-12.0150390625,1.874740080827,74.37));
#2440 = DEFINITIONAL_REPRESENTATION('',(#2441),#2474);
#2441 = B_SPLINE_CURVE_WITH_KNOTS('',6,(#2442,#2443,#2444,#2445,#2446,
    #2447,#2448,#2449,#2450,#2451,#2452,#2453,#2454,#2455,#2456,#2457,
    #2458,#2459,#2460,#2461,#2462,#2463,#2464,#2465,#2466,#2467,#2468,
    #2469,#2470,#2471,#2472,#2473),.UNSPECIFIED.,.F.,.F.,(7,5,5,5,5,5,7)
  ,(0.,0.1477051399,0.22784630179,0.392910970715,0.60788926341,
    0.726424310911,1.),.UNSPECIFIED.);
#2442 = CARTESIAN_POINT('',(1.,0.8));
#2443 = CARTESIAN_POINT('',(0.976776648351,0.8));
#2444 = CARTESIAN_POINT('',(0.953167757086,0.8));
#2445 = CARTESIAN_POINT('',(0.929174012301,0.8));
#2446 = CARTESIAN_POINT('',(0.904802872316,0.8));
#2447 = CARTESIAN_POINT('',(0.880069699334,0.8));
#2448 = CARTESIAN_POINT('',(0.841397800143,0.8));
#2449 = CARTESIAN_POINT('',(0.827696620209,0.8));
#2450 = CARTESIAN_POINT('',(0.813900677151,0.8));
#2451 = CARTESIAN_POINT('',(0.800015057751,0.8));
#2452 = CARTESIAN_POINT('',(0.786045804252,0.8));
#2453 = CARTESIAN_POINT('',(0.743070221919,0.8));
#2454 = CARTESIAN_POINT('',(0.713812430659,0.8));
#2455 = CARTESIAN_POINT('',(0.684294109129,0.8));
#2456 = CARTESIAN_POINT('',(0.654592322234,0.8));
#2457 = CARTESIAN_POINT('',(0.624794629883,0.8));
#2458 = CARTESIAN_POINT('',(0.556195822792,0.8));
#2459 = CARTESIAN_POINT('',(0.517384286502,0.8));
#2460 = CARTESIAN_POINT('',(0.478791102249,0.8));
#2461 = CARTESIAN_POINT('',(0.440601202029,0.8));
#2462 = CARTESIAN_POINT('',(0.402964433516,0.8));
#2463 = CARTESIAN_POINT('',(0.345618496232,0.8));
#2464 = CARTESIAN_POINT('',(0.32543820429,0.8));
#2465 = CARTESIAN_POINT('',(0.305475957409,0.8));
#2466 = CARTESIAN_POINT('',(0.28574395271,0.8));
#2467 = CARTESIAN_POINT('',(0.266250371572,0.8));
#2468 = CARTESIAN_POINT('',(0.202570662187,0.8));
#2469 = CARTESIAN_POINT('',(0.159447292748,0.8));
#2470 = CARTESIAN_POINT('',(0.11766650072,0.8));
#2471 = CARTESIAN_POINT('',(7.72069536749E-02,0.8));
#2472 = CARTESIAN_POINT('',(3.801322689751E-02,0.8));
#2473 = CARTESIAN_POINT('',(0.,0.8));
#2474 = ( GEOMETRIC_REPRESENTATION_CONTEXT(2)
PARAMETRIC_REPRESENTATION_CONTEXT() REPRESENTATION_CONTEXT('2D SPACE',''
  ) );
#2475 = ORIENTED_EDGE('',*,*,#2476,.T.);
#2476 = EDGE_CURVE('',#2360,#2477,#2479,.T.);
#2477 = VERTEX_POINT('',#2478);
#2478 = CARTESIAN_POINT('',(17.614609375,4.859427572689,74.32));
#2479 = SURFACE_CURVE('',#2480,(#2503,#2529),.PCURVE_S1.);
#2480 = B_SPLINE_CURVE_WITH_KNOTS('',6,(#2481,#2482,#2483,#2484,#2485,
    #2486,#2487,#2488,#2489,#2490,#2491,#2492,#2493,#2494,#2495,#2496,
    #2497,#2498,#2499,#2500,#2501,#2502),.UNSPECIFIED.,.F.,.F.,(7,5,5,5,
    7),(0.,0.199485699181,0.549088627609,0.84517419037,1.),
  .UNSPECIFIED.);
#2481 = CARTESIAN_POINT('',(3.36359375,11.498099447689,74.32));
#2482 = CARTESIAN_POINT('',(3.905485637474,11.498099447689,74.32));
#2483 = CARTESIAN_POINT('',(4.447352309431,11.483170422892,74.32));
#2484 = CARTESIAN_POINT('',(4.98868413642,11.452515210532,74.32));
#2485 = CARTESIAN_POINT('',(5.528849000864,11.405328541992,74.32));
#2486 = CARTESIAN_POINT('',(6.067097200456,11.340854402865,74.32));
#2487 = CARTESIAN_POINT('',(7.540987421733,11.114016346345,74.32));
#2488 = CARTESIAN_POINT('',(8.471200345788,10.91445004317,74.32));
#2489 = CARTESIAN_POINT('',(9.387939681667,10.656286616147,74.32));
#2490 = CARTESIAN_POINT('',(10.285534394023,10.337263161098,74.32));
#2491 = CARTESIAN_POINT('',(11.158196355745,9.957180759959,74.32));
#2492 = CARTESIAN_POINT('',(12.713625118868,9.147905636716,74.32));
#2493 = CARTESIAN_POINT('',(13.405266931368,8.735004386352,74.32));
#2494 = CARTESIAN_POINT('',(14.071964539541,8.282006397754,74.32));
#2495 = CARTESIAN_POINT('',(14.71156674664,7.791654082715,74.32));
#2496 = CARTESIAN_POINT('',(15.322845000226,7.267371065728,74.32));
#2497 = CARTESIAN_POINT('',(16.209814599644,6.42302013743,74.32));
#2498 = CARTESIAN_POINT('',(16.506506480766,6.124827914996,74.32));
#2499 = CARTESIAN_POINT('',(16.795289061621,5.818871004068,74.32));
#2500 = CARTESIAN_POINT('',(17.07618021778,5.505659076968,74.32));
#2501 = CARTESIAN_POINT('',(17.349250668051,5.185688277954,74.32));
#2502 = CARTESIAN_POINT('',(17.614609375,4.859427572689,74.32));
#2503 = PCURVE('',#44,#2504);
#2504 = DEFINITIONAL_REPRESENTATION('',(#2505),#2528);
#2505 = B_SPLINE_CURVE_WITH_KNOTS('',6,(#2506,#2507,#2508,#2509,#2510,
    #2511,#2512,#2513,#2514,#2515,#2516,#2517,#2518,#2519,#2520,#2521,
    #2522,#2523,#2524,#2525,#2526,#2527),.UNSPECIFIED.,.F.,.F.,(7,5,5,5,
    7),(0.,0.199485699181,0.549088627609,0.84517419037,1.),
  .UNSPECIFIED.);
#2506 = CARTESIAN_POINT('',(43.51359375,76.248099447689));
#2507 = CARTESIAN_POINT('',(44.055485637474,76.248099447689));
#2508 = CARTESIAN_POINT('',(44.597352309431,76.233170422892));
#2509 = CARTESIAN_POINT('',(45.13868413642,76.202515210532));
#2510 = CARTESIAN_POINT('',(45.678849000864,76.155328541992));
#2511 = CARTESIAN_POINT('',(46.217097200456,76.090854402865));
#2512 = CARTESIAN_POINT('',(47.690987421733,75.864016346345));
#2513 = CARTESIAN_POINT('',(48.621200345788,75.66445004317));
#2514 = CARTESIAN_POINT('',(49.537939681667,75.406286616147));
#2515 = CARTESIAN_POINT('',(50.435534394023,75.087263161098));
#2516 = CARTESIAN_POINT('',(51.308196355745,74.707180759959));
#2517 = CARTESIAN_POINT('',(52.863625118868,73.897905636716));
#2518 = CARTESIAN_POINT('',(53.555266931368,73.485004386352));
#2519 = CARTESIAN_POINT('',(54.221964539541,73.032006397754));
#2520 = CARTESIAN_POINT('',(54.86156674664,72.541654082715));
#2521 = CARTESIAN_POINT('',(55.472845000226,72.017371065728));
#2522 = CARTESIAN_POINT('',(56.359814599644,71.17302013743));
#2523 = CARTESIAN_POINT('',(56.656506480766,70.874827914996));
#2524 = CARTESIAN_POINT('',(56.945289061621,70.568871004068));
#2525 = CARTESIAN_POINT('',(57.22618021778,70.255659076968));
#2526 = CARTESIAN_POINT('',(57.499250668051,69.935688277954));
#2527 = CARTESIAN_POINT('',(57.764609375,69.609427572689));
#2528 = ( GEOMETRIC_REPRESENTATION_CONTEXT(2)
PARAMETRIC_REPRESENTATION_CONTEXT() REPRESENTATION_CONTEXT('2D SPACE',''
  ) );
#2529 = PCURVE('',#2530,#2537);
#2530 = B_SPLINE_SURFACE_WITH_KNOTS('',2,1,(
    (#2531,#2532)
    ,(#2533,#2534)
    ,(#2535,#2536
    )),.UNSPECIFIED.,.F.,.F.,.F.,(3,3),(2,2),(0.,1.),(0.,1.),
  .PIECEWISE_BEZIER_KNOTS.);
#2531 = CARTESIAN_POINT('',(17.490234375,4.738802540137,74.12));
#2532 = CARTESIAN_POINT('',(17.645703125,4.889583830827,74.37));
#2533 = CARTESIAN_POINT('',(12.12890625,11.330599415137,74.12));
#2534 = CARTESIAN_POINT('',(12.23671875,11.539974455827,74.37));
#2535 = CARTESIAN_POINT('',(3.33984375,11.330599415137,74.12));
#2536 = CARTESIAN_POINT('',(3.36953125,11.539974455827,74.37));
#2537 = DEFINITIONAL_REPRESENTATION('',(#2538),#2561);
#2538 = B_SPLINE_CURVE_WITH_KNOTS('',6,(#2539,#2540,#2541,#2542,#2543,
    #2544,#2545,#2546,#2547,#2548,#2549,#2550,#2551,#2552,#2553,#2554,
    #2555,#2556,#2557,#2558,#2559,#2560),.UNSPECIFIED.,.F.,.F.,(7,5,5,5,
    7),(0.,0.199485699181,0.549088627609,0.84517419037,1.),
  .UNSPECIFIED.);
#2539 = CARTESIAN_POINT('',(1.,0.8));
#2540 = CARTESIAN_POINT('',(0.969390043426,0.8));
#2541 = CARTESIAN_POINT('',(0.938342995809,0.8));
#2542 = CARTESIAN_POINT('',(0.906864229353,0.8));
#2543 = CARTESIAN_POINT('',(0.874965797178,0.8));
#2544 = CARTESIAN_POINT('',(0.8426678412,0.8));
#2545 = CARTESIAN_POINT('',(0.752748913854,0.8));
#2546 = CARTESIAN_POINT('',(0.694341858506,0.8));
#2547 = CARTESIAN_POINT('',(0.634974694916,0.8));
#2548 = CARTESIAN_POINT('',(0.574901294938,0.8));
#2549 = CARTESIAN_POINT('',(0.51444277079,0.8));
#2550 = CARTESIAN_POINT('',(0.402809834389,0.8));
#2551 = CARTESIAN_POINT('',(0.351612632614,0.8));
#2552 = CARTESIAN_POINT('',(0.30064668382,0.8));
#2553 = CARTESIAN_POINT('',(0.250114056901,0.8));
#2554 = CARTESIAN_POINT('',(0.200184712651,0.8));
#2555 = CARTESIAN_POINT('',(0.125280870413,0.8));
#2556 = CARTESIAN_POINT('',(9.976267310058E-02,0.8));
#2557 = CARTESIAN_POINT('',(7.446317515672E-02,0.8));
#2558 = CARTESIAN_POINT('',(4.939633762091E-02,0.8));
#2559 = CARTESIAN_POINT('',(2.457273920211E-02,0.8));
#2560 = CARTESIAN_POINT('',(0.,0.8));
#2561 = ( GEOMETRIC_REPRESENTATION_CONTEXT(2)
PARAMETRIC_REPRESENTATION_CONTEXT() REPRESENTATION_CONTEXT('2D SPACE',''
  ) );
#2562 = ORIENTED_EDGE('',*,*,#2563,.T.);
#2563 = EDGE_CURVE('',#2477,#2564,#2566,.T.);
#2564 = VERTEX_POINT('',#2565);
#2565 = CARTESIAN_POINT('',(22.973785910604,-11.2240926625,74.32));
#2566 = SURFACE_CURVE('',#2567,(#2585,#2606),.PCURVE_S1.);
#2567 = B_SPLINE_CURVE_WITH_KNOTS('',6,(#2568,#2569,#2570,#2571,#2572,
    #2573,#2574,#2575,#2576,#2577,#2578,#2579,#2580,#2581,#2582,#2583,
    #2584),.UNSPECIFIED.,.F.,.F.,(7,5,5,7),(0.,0.263330087243,
    0.539733916262,1.),.UNSPECIFIED.);
#2568 = CARTESIAN_POINT('',(17.614609375,4.859427572689,74.32));
#2569 = CARTESIAN_POINT('',(18.092199544516,4.272226544596,74.32));
#2570 = CARTESIAN_POINT('',(18.543681063616,3.66373292139,74.32));
#2571 = CARTESIAN_POINT('',(18.967970657554,3.035599281255,74.32));
#2572 = CARTESIAN_POINT('',(19.364573124762,2.389672565037,74.32));
#2573 = CARTESIAN_POINT('',(19.733464646358,1.727918306494,74.32));
#2574 = CARTESIAN_POINT('',(20.433442814097,0.343230728873,74.32));
#2575 = CARTESIAN_POINT('',(20.761766630688,-0.381154657869,74.32));
#2576 = CARTESIAN_POINT('',(21.060368912532,-1.118580105053,74.32));
#2577 = CARTESIAN_POINT('',(21.330166596499,-1.866945144044,74.32));
#2578 = CARTESIAN_POINT('',(21.572332494183,-2.624374041705,74.32));
#2579 = CARTESIAN_POINT('',(22.147562848303,-4.662963662715,74.32));
#2580 = CARTESIAN_POINT('',(22.433876453373,-5.957144293804,74.32));
#2581 = CARTESIAN_POINT('',(22.653289935834,-7.264932150741,74.32));
#2582 = CARTESIAN_POINT('',(22.812473954569,-8.580916637912,74.32));
#2583 = CARTESIAN_POINT('',(22.917530754831,-9.901333394313,74.32));
#2584 = CARTESIAN_POINT('',(22.973785910604,-11.2240926625,74.32));
#2585 = PCURVE('',#44,#2586);
#2586 = DEFINITIONAL_REPRESENTATION('',(#2587),#2605);
#2587 = B_SPLINE_CURVE_WITH_KNOTS('',6,(#2588,#2589,#2590,#2591,#2592,
    #2593,#2594,#2595,#2596,#2597,#2598,#2599,#2600,#2601,#2602,#2603,
    #2604),.UNSPECIFIED.,.F.,.F.,(7,5,5,7),(0.,0.263330087243,
    0.539733916262,1.),.UNSPECIFIED.);
#2588 = CARTESIAN_POINT('',(57.764609375,69.609427572689));
#2589 = CARTESIAN_POINT('',(58.242199544516,69.022226544596));
#2590 = CARTESIAN_POINT('',(58.693681063616,68.41373292139));
#2591 = CARTESIAN_POINT('',(59.117970657554,67.785599281255));
#2592 = CARTESIAN_POINT('',(59.514573124762,67.139672565037));
#2593 = CARTESIAN_POINT('',(59.883464646358,66.477918306494));
#2594 = CARTESIAN_POINT('',(60.583442814097,65.093230728873));
#2595 = CARTESIAN_POINT('',(60.911766630688,64.368845342131));
#2596 = CARTESIAN_POINT('',(61.210368912532,63.631419894947));
#2597 = CARTESIAN_POINT('',(61.480166596499,62.883054855956));
#2598 = CARTESIAN_POINT('',(61.722332494183,62.125625958295));
#2599 = CARTESIAN_POINT('',(62.297562848303,60.087036337285));
#2600 = CARTESIAN_POINT('',(62.583876453373,58.792855706196));
#2601 = CARTESIAN_POINT('',(62.803289935834,57.485067849259));
#2602 = CARTESIAN_POINT('',(62.962473954569,56.169083362088));
#2603 = CARTESIAN_POINT('',(63.067530754831,54.848666605687));
#2604 = CARTESIAN_POINT('',(63.123785910604,53.5259073375));
#2605 = ( GEOMETRIC_REPRESENTATION_CONTEXT(2)
PARAMETRIC_REPRESENTATION_CONTEXT() REPRESENTATION_CONTEXT('2D SPACE',''
  ) );
#2606 = PCURVE('',#2607,#2614);
#2607 = B_SPLINE_SURFACE_WITH_KNOTS('',2,1,(
    (#2608,#2609)
    ,(#2610,#2611)
    ,(#2612,#2613
    )),.UNSPECIFIED.,.F.,.F.,.F.,(3,3),(2,2),(0.,1.),(0.,1.),
  .PIECEWISE_BEZIER_KNOTS.);
#2608 = CARTESIAN_POINT('',(22.8112695691,-11.2240926625,74.12));
#2609 = CARTESIAN_POINT('',(23.01441499598,-11.2240926625,74.37));
#2610 = CARTESIAN_POINT('',(22.386779084125,-1.281539315345,74.12));
#2611 = CARTESIAN_POINT('',(22.587961300838,-1.186963106679,74.37));
#2612 = CARTESIAN_POINT('',(17.490234375,4.738802540137,74.12));
#2613 = CARTESIAN_POINT('',(17.645703125,4.889583830827,74.37));
#2614 = DEFINITIONAL_REPRESENTATION('',(#2615),#2633);
#2615 = B_SPLINE_CURVE_WITH_KNOTS('',6,(#2616,#2617,#2618,#2619,#2620,
    #2621,#2622,#2623,#2624,#2625,#2626,#2627,#2628,#2629,#2630,#2631,
    #2632),.UNSPECIFIED.,.F.,.F.,(7,5,5,7),(0.,0.263330087243,
    0.539733916262,1.),.UNSPECIFIED.);
#2616 = CARTESIAN_POINT('',(1.,0.8));
#2617 = CARTESIAN_POINT('',(0.951593453345,0.8));
#2618 = CARTESIAN_POINT('',(0.903264177293,0.8));
#2619 = CARTESIAN_POINT('',(0.855137397534,0.8));
#2620 = CARTESIAN_POINT('',(0.80732287547,0.8));
#2621 = CARTESIAN_POINT('',(0.75991618678,0.8));
#2622 = CARTESIAN_POINT('',(0.663754530921,0.8));
#2623 = CARTESIAN_POINT('',(0.615046286226,0.8));
#2624 = CARTESIAN_POINT('',(0.566964837343,0.8));
#2625 = CARTESIAN_POINT('',(0.519572553569,0.8));
#2626 = CARTESIAN_POINT('',(0.472910193594,0.8));
#2627 = CARTESIAN_POINT('',(0.350550606791,0.8));
#2628 = CARTESIAN_POINT('',(0.276199760936,0.8));
#2629 = CARTESIAN_POINT('',(0.204017311221,0.8));
#2630 = CARTESIAN_POINT('',(0.133982092091,0.8));
#2631 = CARTESIAN_POINT('',(6.601771666669E-02,0.8));
#2632 = CARTESIAN_POINT('',(0.,0.8));
#2633 = ( GEOMETRIC_REPRESENTATION_CONTEXT(2)
PARAMETRIC_REPRESENTATION_CONTEXT() REPRESENTATION_CONTEXT('2D SPACE',''
  ) );
#2634 = ORIENTED_EDGE('',*,*,#2635,.T.);
#2635 = EDGE_CURVE('',#2564,#2636,#2638,.T.);
#2636 = VERTEX_POINT('',#2637);
#2637 = CARTESIAN_POINT('',(14.20795327165,-11.2240926625,74.32));
#2638 = SURFACE_CURVE('',#2639,(#2642,#2648),.PCURVE_S1.);
#2639 = B_SPLINE_CURVE_WITH_KNOTS('',1,(#2640,#2641),.UNSPECIFIED.,.F.,
  .F.,(2,2),(0.,1.),.PIECEWISE_BEZIER_KNOTS.);
#2640 = CARTESIAN_POINT('',(22.973785910604,-11.2240926625,74.32));
#2641 = CARTESIAN_POINT('',(14.20795327165,-11.2240926625,74.32));
#2642 = PCURVE('',#44,#2643);
#2643 = DEFINITIONAL_REPRESENTATION('',(#2644),#2647);
#2644 = B_SPLINE_CURVE_WITH_KNOTS('',1,(#2645,#2646),.UNSPECIFIED.,.F.,
  .F.,(2,2),(0.,1.),.PIECEWISE_BEZIER_KNOTS.);
#2645 = CARTESIAN_POINT('',(63.123785910604,53.5259073375));
#2646 = CARTESIAN_POINT('',(54.35795327165,53.5259073375));
#2647 = ( GEOMETRIC_REPRESENTATION_CONTEXT(2)
PARAMETRIC_REPRESENTATION_CONTEXT() REPRESENTATION_CONTEXT('2D SPACE',''
  ) );
#2648 = PCURVE('',#2649,#2654);
#2649 = B_SPLINE_SURFACE_WITH_KNOTS('',1,1,(
    (#2650,#2651)
    ,(#2652,#2653
    )),.UNSPECIFIED.,.F.,.F.,.F.,(2,2),(2,2),(-48.89032299149,
    -40.10902250402),(0.,1.),.PIECEWISE_BEZIER_KNOTS.);
#2650 = CARTESIAN_POINT('',(14.107308324235,-11.2240926625,74.12));
#2651 = CARTESIAN_POINT('',(14.233114508503,-11.2240926625,74.37));
#2652 = CARTESIAN_POINT('',(22.8112695691,-11.2240926625,74.12));
#2653 = CARTESIAN_POINT('',(23.01441499598,-11.2240926625,74.37));
#2654 = DEFINITIONAL_REPRESENTATION('',(#2655),#2658);
#2655 = B_SPLINE_CURVE_WITH_KNOTS('',1,(#2656,#2657),.UNSPECIFIED.,.F.,
  .F.,(2,2),(0.,1.),.PIECEWISE_BEZIER_KNOTS.);
#2656 = CARTESIAN_POINT('',(-40.10902250402,0.8));
#2657 = CARTESIAN_POINT('',(-48.89032299149,0.8));
#2658 = ( GEOMETRIC_REPRESENTATION_CONTEXT(2)
PARAMETRIC_REPRESENTATION_CONTEXT() REPRESENTATION_CONTEXT('2D SPACE',''
  ) );
#2659 = ORIENTED_EDGE('',*,*,#2660,.T.);
#2660 = EDGE_CURVE('',#2636,#2661,#2663,.T.);
#2661 = VERTEX_POINT('',#2662);
#2662 = CARTESIAN_POINT('',(11.1087109375,0.123841635189,74.32));
#2663 = SURFACE_CURVE('',#2664,(#2683,#2705),.PCURVE_S1.);
#2664 = B_SPLINE_CURVE_WITH_KNOTS('',5,(#2665,#2666,#2667,#2668,#2669,
    #2670,#2671,#2672,#2673,#2674,#2675,#2676,#2677,#2678,#2679,#2680,
    #2681,#2682),.UNSPECIFIED.,.F.,.F.,(6,4,4,4,6),(0.,0.284067094155,
    0.542717897543,0.779731732321,1.),.UNSPECIFIED.);
#2665 = CARTESIAN_POINT('',(14.20795327165,-11.2240926625,74.32));
#2666 = CARTESIAN_POINT('',(14.176971388699,-10.5479088604,74.32));
#2667 = CARTESIAN_POINT('',(14.131355706119,-9.872485434035,74.32));
#2668 = CARTESIAN_POINT('',(14.06979587119,-9.198275656668,74.32));
#2669 = CARTESIAN_POINT('',(13.990762626802,-8.525996820028,74.32));
#2670 = CARTESIAN_POINT('',(13.802942821661,-7.247164727999,74.32));
#2671 = CARTESIAN_POINT('',(13.697454528044,-6.640138451884,74.32));
#2672 = CARTESIAN_POINT('',(13.574632015956,-6.036293182631,74.32));
#2673 = CARTESIAN_POINT('',(13.432945165114,-5.436715150105,74.32));
#2674 = CARTESIAN_POINT('',(13.122119590534,-4.298621442649,74.32));
#2675 = CARTESIAN_POINT('',(12.956274504203,-3.759215961862,74.32));
#2676 = CARTESIAN_POINT('',(12.77195539269,-3.225709454358,74.32));
#2677 = CARTESIAN_POINT('',(12.567855270936,-2.699592472487,74.32));
#2678 = CARTESIAN_POINT('',(12.133710253312,-1.702266991894,74.32));
#2679 = CARTESIAN_POINT('',(11.90652048369,-1.229813170903,74.32));
#2680 = CARTESIAN_POINT('',(11.660369068424,-0.766778509934,74.32));
#2681 = CARTESIAN_POINT('',(11.394517451774,-0.31493174588,74.32));
#2682 = CARTESIAN_POINT('',(11.1087109375,0.123841635189,74.32));
#2683 = PCURVE('',#44,#2684);
#2684 = DEFINITIONAL_REPRESENTATION('',(#2685),#2704);
#2685 = B_SPLINE_CURVE_WITH_KNOTS('',5,(#2686,#2687,#2688,#2689,#2690,
    #2691,#2692,#2693,#2694,#2695,#2696,#2697,#2698,#2699,#2700,#2701,
    #2702,#2703),.UNSPECIFIED.,.F.,.F.,(6,4,4,4,6),(0.,0.284067094155,
    0.542717897543,0.779731732321,1.),.UNSPECIFIED.);
#2686 = CARTESIAN_POINT('',(54.35795327165,53.5259073375));
#2687 = CARTESIAN_POINT('',(54.326971388699,54.202091139597));
#2688 = CARTESIAN_POINT('',(54.281355706119,54.877514565965));
#2689 = CARTESIAN_POINT('',(54.21979587119,55.551724343332));
#2690 = CARTESIAN_POINT('',(54.140762626802,56.224003179972));
#2691 = CARTESIAN_POINT('',(53.952942821661,57.502835272001));
#2692 = CARTESIAN_POINT('',(53.847454528044,58.109861548116));
#2693 = CARTESIAN_POINT('',(53.724632015956,58.713706817369));
#2694 = CARTESIAN_POINT('',(53.582945165114,59.313284849895));
#2695 = CARTESIAN_POINT('',(53.272119590534,60.451378557351));
#2696 = CARTESIAN_POINT('',(53.106274504203,60.990784038138));
#2697 = CARTESIAN_POINT('',(52.92195539269,61.524290545642));
#2698 = CARTESIAN_POINT('',(52.717855270936,62.050407527513));
#2699 = CARTESIAN_POINT('',(52.283710253312,63.047733008106));
#2700 = CARTESIAN_POINT('',(52.05652048369,63.520186829097));
#2701 = CARTESIAN_POINT('',(51.810369068424,63.983221490066));
#2702 = CARTESIAN_POINT('',(51.544517451774,64.43506825412));
#2703 = CARTESIAN_POINT('',(51.2587109375,64.873841635189));
#2704 = ( GEOMETRIC_REPRESENTATION_CONTEXT(2)
PARAMETRIC_REPRESENTATION_CONTEXT() REPRESENTATION_CONTEXT('2D SPACE',''
  ) );
#2705 = PCURVE('',#2706,#2713);
#2706 = B_SPLINE_SURFACE_WITH_KNOTS('',2,1,(
    (#2707,#2708)
    ,(#2709,#2710)
    ,(#2711,#2712
    )),.UNSPECIFIED.,.F.,.F.,.F.,(3,3),(2,2),(0.,1.),(0.,1.),
  .PIECEWISE_BEZIER_KNOTS.);
#2707 = CARTESIAN_POINT('',(11.0302734375,3.665410263672E-02,74.12));
#2708 = CARTESIAN_POINT('',(11.1283203125,0.145638518327,74.37));
#2709 = CARTESIAN_POINT('',(13.783754801471,-4.190521512474,74.12));
#2710 = CARTESIAN_POINT('',(13.908016746822,-4.121782768167,74.37));
#2711 = CARTESIAN_POINT('',(14.107308324235,-11.2240926625,74.12));
#2712 = CARTESIAN_POINT('',(14.233114508503,-11.2240926625,74.37));
#2713 = DEFINITIONAL_REPRESENTATION('',(#2714),#2733);
#2714 = B_SPLINE_CURVE_WITH_KNOTS('',5,(#2715,#2716,#2717,#2718,#2719,
    #2720,#2721,#2722,#2723,#2724,#2725,#2726,#2727,#2728,#2729,#2730,
    #2731,#2732),.UNSPECIFIED.,.F.,.F.,(6,4,4,4,6),(0.,0.284067094155,
    0.542717897543,0.779731732321,1.),.UNSPECIFIED.);
#2715 = CARTESIAN_POINT('',(1.,0.8));
#2716 = CARTESIAN_POINT('',(0.952304586726,0.8));
#2717 = CARTESIAN_POINT('',(0.903527893647,0.8));
#2718 = CARTESIAN_POINT('',(0.853598903973,0.8));
#2719 = CARTESIAN_POINT('',(0.802447351168,0.8));
#2720 = CARTESIAN_POINT('',(0.702245262495,0.8));
#2721 = CARTESIAN_POINT('',(0.653418225613,0.8));
#2722 = CARTESIAN_POINT('',(0.603463138208,0.8));
#2723 = CARTESIAN_POINT('',(0.552334382557,0.8));
#2724 = CARTESIAN_POINT('',(0.452043556262,0.8));
#2725 = CARTESIAN_POINT('',(0.403076705478,0.8));
#2726 = CARTESIAN_POINT('',(0.353075696978,0.8));
#2727 = CARTESIAN_POINT('',(0.302039263064,0.8));
#2728 = CARTESIAN_POINT('',(0.201637429363,0.8));
#2729 = CARTESIAN_POINT('',(0.152409505333,0.8));
#2730 = CARTESIAN_POINT('',(0.102345517772,0.8));
#2731 = CARTESIAN_POINT('',(5.150681431301E-02,0.8));
#2732 = CARTESIAN_POINT('',(0.,0.8));
#2733 = ( GEOMETRIC_REPRESENTATION_CONTEXT(2)
PARAMETRIC_REPRESENTATION_CONTEXT() REPRESENTATION_CONTEXT('2D SPACE',''
  ) );
#2734 = ORIENTED_EDGE('',*,*,#2735,.T.);
#2735 = EDGE_CURVE('',#2661,#2736,#2738,.T.);
#2736 = VERTEX_POINT('',#2737);
#2737 = CARTESIAN_POINT('',(2.3456640625,4.947943197689,74.32));
#2738 = SURFACE_CURVE('',#2739,(#2767,#2798),.PCURVE_S1.);
#2739 = B_SPLINE_CURVE_WITH_KNOTS('',6,(#2740,#2741,#2742,#2743,#2744,
    #2745,#2746,#2747,#2748,#2749,#2750,#2751,#2752,#2753,#2754,#2755,
    #2756,#2757,#2758,#2759,#2760,#2761,#2762,#2763,#2764,#2765,#2766),
  .UNSPECIFIED.,.F.,.F.,(7,5,5,5,5,7),(0.,0.1983939857,0.307335988002,
    0.528275089259,0.829767127513,1.),.UNSPECIFIED.);
#2740 = CARTESIAN_POINT('',(11.1087109375,0.123841635189,74.32));
#2741 = CARTESIAN_POINT('',(10.919552107279,0.414240402711,74.32));
#2742 = CARTESIAN_POINT('',(10.721837649785,0.699011328932,74.32));
#2743 = CARTESIAN_POINT('',(10.515233376086,0.977494156998,74.32));
#2744 = CARTESIAN_POINT('',(10.299446243266,1.248921281758,74.32));
#2745 = CARTESIAN_POINT('',(10.074265941312,1.512451002731,74.32));
#2746 = CARTESIAN_POINT('',(9.71075039858,1.907088840726,74.32));
#2747 = CARTESIAN_POINT('',(9.579037094847,2.044328549037,74.32));
#2748 = CARTESIAN_POINT('',(9.444454254423,2.178772611385,74.32));
#2749 = CARTESIAN_POINT('',(9.307001466339,2.310270576391,74.32));
#2750 = CARTESIAN_POINT('',(9.166693146257,2.438671862502,74.32));
#2751 = CARTESIAN_POINT('',(8.733284197256,2.81765245789,74.32));
#2752 = CARTESIAN_POINT('',(8.431361506928,3.058161129997,74.32));
#2753 = CARTESIAN_POINT('',(8.118115066027,3.284067436869,74.32));
#2754 = CARTESIAN_POINT('',(7.794086591064,3.494237228636,74.32));
#2755 = CARTESIAN_POINT('',(7.460093109666,3.687770673066,74.32));
#2756 = CARTESIAN_POINT('',(6.649484773814,4.104678476284,74.32));
#2757 = CARTESIAN_POINT('',(6.165099339881,4.313293670875,74.32));
#2758 = CARTESIAN_POINT('',(5.667133100181,4.488339946686,74.32));
#2759 = CARTESIAN_POINT('',(5.158716531238,4.62991939128,74.32));
#2760 = CARTESIAN_POINT('',(4.642921086842,4.739247952198,74.32));
#2761 = CARTESIAN_POINT('',(3.828820297725,4.862769933136,74.32));
#2762 = CARTESIAN_POINT('',(3.533536989563,4.897667700134,74.32));
#2763 = CARTESIAN_POINT('',(3.237212854835,4.923227248508,74.32));
#2764 = CARTESIAN_POINT('',(2.940245257573,4.939844726223,74.32));
#2765 = CARTESIAN_POINT('',(2.642971055249,4.947943197689,74.32));
#2766 = CARTESIAN_POINT('',(2.3456640625,4.947943197689,74.32));
#2767 = PCURVE('',#44,#2768);
#2768 = DEFINITIONAL_REPRESENTATION('',(#2769),#2797);
#2769 = B_SPLINE_CURVE_WITH_KNOTS('',6,(#2770,#2771,#2772,#2773,#2774,
    #2775,#2776,#2777,#2778,#2779,#2780,#2781,#2782,#2783,#2784,#2785,
    #2786,#2787,#2788,#2789,#2790,#2791,#2792,#2793,#2794,#2795,#2796),
  .UNSPECIFIED.,.F.,.F.,(7,5,5,5,5,7),(0.,0.1983939857,0.307335988002,
    0.528275089259,0.829767127513,1.),.UNSPECIFIED.);
#2770 = CARTESIAN_POINT('',(51.2587109375,64.873841635189));
#2771 = CARTESIAN_POINT('',(51.069552107279,65.164240402711));
#2772 = CARTESIAN_POINT('',(50.871837649785,65.449011328932));
#2773 = CARTESIAN_POINT('',(50.665233376086,65.727494156998));
#2774 = CARTESIAN_POINT('',(50.449446243266,65.998921281758));
#2775 = CARTESIAN_POINT('',(50.224265941312,66.262451002731));
#2776 = CARTESIAN_POINT('',(49.86075039858,66.657088840726));
#2777 = CARTESIAN_POINT('',(49.729037094847,66.794328549037));
#2778 = CARTESIAN_POINT('',(49.594454254423,66.928772611385));
#2779 = CARTESIAN_POINT('',(49.457001466339,67.060270576391));
#2780 = CARTESIAN_POINT('',(49.316693146257,67.188671862502));
#2781 = CARTESIAN_POINT('',(48.883284197256,67.56765245789));
#2782 = CARTESIAN_POINT('',(48.581361506928,67.808161129997));
#2783 = CARTESIAN_POINT('',(48.268115066027,68.034067436869));
#2784 = CARTESIAN_POINT('',(47.944086591064,68.244237228636));
#2785 = CARTESIAN_POINT('',(47.610093109666,68.437770673066));
#2786 = CARTESIAN_POINT('',(46.799484773814,68.854678476284));
#2787 = CARTESIAN_POINT('',(46.315099339881,69.063293670875));
#2788 = CARTESIAN_POINT('',(45.817133100181,69.238339946686));
#2789 = CARTESIAN_POINT('',(45.308716531238,69.37991939128));
#2790 = CARTESIAN_POINT('',(44.792921086842,69.489247952198));
#2791 = CARTESIAN_POINT('',(43.978820297725,69.612769933136));
#2792 = CARTESIAN_POINT('',(43.683536989563,69.647667700134));
#2793 = CARTESIAN_POINT('',(43.387212854835,69.673227248508));
#2794 = CARTESIAN_POINT('',(43.090245257573,69.689844726223));
#2795 = CARTESIAN_POINT('',(42.792971055249,69.697943197689));
#2796 = CARTESIAN_POINT('',(42.4956640625,69.697943197689));
#2797 = ( GEOMETRIC_REPRESENTATION_CONTEXT(2)
PARAMETRIC_REPRESENTATION_CONTEXT() REPRESENTATION_CONTEXT('2D SPACE',''
  ) );
#2798 = PCURVE('',#2799,#2806);
#2799 = B_SPLINE_SURFACE_WITH_KNOTS('',2,1,(
    (#2800,#2801)
    ,(#2802,#2803)
    ,(#2804,#2805
    )),.UNSPECIFIED.,.F.,.F.,.F.,(3,3),(2,2),(0.,1.),(0.,1.),
  .PIECEWISE_BEZIER_KNOTS.);
#2800 = CARTESIAN_POINT('',(2.3291015625,4.826693165137,74.12));
#2801 = CARTESIAN_POINT('',(2.3498046875,4.978255705827,74.37));
#2802 = CARTESIAN_POINT('',(7.91015625,4.826693165137,74.12));
#2803 = CARTESIAN_POINT('',(7.98046875,4.978255705827,74.37));
#2804 = CARTESIAN_POINT('',(11.0302734375,3.665410263672E-02,74.12));
#2805 = CARTESIAN_POINT('',(11.1283203125,0.145638518327,74.37));
#2806 = DEFINITIONAL_REPRESENTATION('',(#2807),#2835);
#2807 = B_SPLINE_CURVE_WITH_KNOTS('',6,(#2808,#2809,#2810,#2811,#2812,
    #2813,#2814,#2815,#2816,#2817,#2818,#2819,#2820,#2821,#2822,#2823,
    #2824,#2825,#2826,#2827,#2828,#2829,#2830,#2831,#2832,#2833,#2834),
  .UNSPECIFIED.,.F.,.F.,(7,5,5,5,5,7),(0.,0.1983939857,0.307335988002,
    0.528275089259,0.829767127513,1.),.UNSPECIFIED.);
#2808 = CARTESIAN_POINT('',(1.,0.8));
#2809 = CARTESIAN_POINT('',(0.969901258943,0.8));
#2810 = CARTESIAN_POINT('',(0.939298646772,0.8));
#2811 = CARTESIAN_POINT('',(0.908192610543,0.8));
#2812 = CARTESIAN_POINT('',(0.876592163573,0.8));
#2813 = CARTESIAN_POINT('',(0.844517065107,0.8));
#2814 = CARTESIAN_POINT('',(0.794144246111,0.8));
#2815 = CARTESIAN_POINT('',(0.776155360392,0.8));
#2816 = CARTESIAN_POINT('',(0.758038978921,0.8));
#2817 = CARTESIAN_POINT('',(0.739801941109,0.8));
#2818 = CARTESIAN_POINT('',(0.72145241124,0.8));
#2819 = CARTESIAN_POINT('',(0.665577710441,0.8));
#2820 = CARTESIAN_POINT('',(0.627728013323,0.8));
#2821 = CARTESIAN_POINT('',(0.589538359501,0.8));
#2822 = CARTESIAN_POINT('',(0.551108771265,0.8));
#2823 = CARTESIAN_POINT('',(0.512553052693,0.8));
#2824 = CARTESIAN_POINT('',(0.421390758941,0.8));
#2825 = CARTESIAN_POINT('',(0.36876746981,0.8));
#2826 = CARTESIAN_POINT('',(0.31647025961,0.8));
#2827 = CARTESIAN_POINT('',(0.264772938079,0.8));
#2828 = CARTESIAN_POINT('',(0.213893158572,0.8));
#2829 = CARTESIAN_POINT('',(0.135828590399,0.8));
#2830 = CARTESIAN_POINT('',(0.107966394828,0.8));
#2831 = CARTESIAN_POINT('',(8.043838913992E-02,0.8));
#2832 = CARTESIAN_POINT('',(5.32618164726E-02,0.8));
#2833 = CARTESIAN_POINT('',(2.644730738674E-02,0.8));
#2834 = CARTESIAN_POINT('',(0.,0.8));
#2835 = ( GEOMETRIC_REPRESENTATION_CONTEXT(2)
PARAMETRIC_REPRESENTATION_CONTEXT() REPRESENTATION_CONTEXT('2D SPACE',''
  ) );
#2836 = ORIENTED_EDGE('',*,*,#2837,.T.);
#2837 = EDGE_CURVE('',#2736,#2838,#2840,.T.);
#2838 = VERTEX_POINT('',#2839);
#2839 = CARTESIAN_POINT('',(-6.815703125,0.190228353939,74.32));
#2840 = SURFACE_CURVE('',#2841,(#2869,#2900),.PCURVE_S1.);
#2841 = B_SPLINE_CURVE_WITH_KNOTS('',6,(#2842,#2843,#2844,#2845,#2846,
    #2847,#2848,#2849,#2850,#2851,#2852,#2853,#2854,#2855,#2856,#2857,
    #2858,#2859,#2860,#2861,#2862,#2863,#2864,#2865,#2866,#2867,#2868),
  .UNSPECIFIED.,.F.,.F.,(7,5,5,5,5,7),(0.,0.125557224218,0.376033360958,
    0.631445751573,0.759229035594,1.),.UNSPECIFIED.);
#2842 = CARTESIAN_POINT('',(2.3456640625,4.947943197689,74.32));
#2843 = CARTESIAN_POINT('',(2.121227753533,4.947943197689,74.32));
#2844 = CARTESIAN_POINT('',(1.896805940282,4.943168840132,74.32));
#2845 = CARTESIAN_POINT('',(1.6725259199,4.933476144682,74.32));
#2846 = CARTESIAN_POINT('',(1.448529468072,4.918729102563,74.32));
#2847 = CARTESIAN_POINT('',(1.224972467458,4.898805693599,74.32));
#2848 = CARTESIAN_POINT('',(0.557262103067,4.823328444207,74.32));
#2849 = CARTESIAN_POINT('',(0.114865914704,4.752040156625,74.32));
#2850 = CARTESIAN_POINT('',(-0.323715219302,4.658931826759,74.32));
#2851 = CARTESIAN_POINT('',(-0.756982984163,4.543529130555,74.32));
#2852 = CARTESIAN_POINT('',(-1.183421065936,4.405820934703,74.32));
#2853 = CARTESIAN_POINT('',(-2.027872057348,4.083816270522,74.32));
#2854 = CARTESIAN_POINT('',(-2.445644374878,3.898620398999,74.32));
#2855 = CARTESIAN_POINT('',(-2.853239739391,3.691402648604,74.32));
#2856 = CARTESIAN_POINT('',(-3.249474116145,3.463252004477,74.32));
#2857 = CARTESIAN_POINT('',(-3.633512499322,3.215614126424,74.32));
#2858 = CARTESIAN_POINT('',(-4.190552969473,2.817352373091,74.32));
#2859 = CARTESIAN_POINT('',(-4.373128715165,2.680076287819,74.32));
#2860 = CARTESIAN_POINT('',(-4.552466303298,2.538531538191,74.32));
#2861 = CARTESIAN_POINT('',(-4.728531751913,2.392923891406,74.32));
#2862 = CARTESIAN_POINT('',(-4.901312072403,2.243459684935,74.32));
#2863 = CARTESIAN_POINT('',(-5.390183729528,1.801831927448,74.32));
#2864 = CARTESIAN_POINT('',(-5.697899382628,1.500354915524,74.32));
#2865 = CARTESIAN_POINT('',(-5.994005414189,1.187244579249,74.32));
#2866 = CARTESIAN_POINT('',(-6.27875185362,0.863783303195,74.32));
#2867 = CARTESIAN_POINT('',(-6.552503928867,0.531118879051,74.32));
#2868 = CARTESIAN_POINT('',(-6.815703125,0.190228353939,74.32));
#2869 = PCURVE('',#44,#2870);
#2870 = DEFINITIONAL_REPRESENTATION('',(#2871),#2899);
#2871 = B_SPLINE_CURVE_WITH_KNOTS('',6,(#2872,#2873,#2874,#2875,#2876,
    #2877,#2878,#2879,#2880,#2881,#2882,#2883,#2884,#2885,#2886,#2887,
    #2888,#2889,#2890,#2891,#2892,#2893,#2894,#2895,#2896,#2897,#2898),
  .UNSPECIFIED.,.F.,.F.,(7,5,5,5,5,7),(0.,0.125557224218,0.376033360958,
    0.631445751573,0.759229035594,1.),.UNSPECIFIED.);
#2872 = CARTESIAN_POINT('',(42.4956640625,69.697943197689));
#2873 = CARTESIAN_POINT('',(42.271227753533,69.697943197689));
#2874 = CARTESIAN_POINT('',(42.046805940282,69.693168840132));
#2875 = CARTESIAN_POINT('',(41.8225259199,69.683476144682));
#2876 = CARTESIAN_POINT('',(41.598529468072,69.668729102563));
#2877 = CARTESIAN_POINT('',(41.374972467458,69.648805693599));
#2878 = CARTESIAN_POINT('',(40.707262103067,69.573328444207));
#2879 = CARTESIAN_POINT('',(40.264865914704,69.502040156625));
#2880 = CARTESIAN_POINT('',(39.826284780698,69.408931826759));
#2881 = CARTESIAN_POINT('',(39.393017015837,69.293529130555));
#2882 = CARTESIAN_POINT('',(38.966578934064,69.155820934703));
#2883 = CARTESIAN_POINT('',(38.122127942652,68.833816270522));
#2884 = CARTESIAN_POINT('',(37.704355625122,68.648620398999));
#2885 = CARTESIAN_POINT('',(37.296760260609,68.441402648604));
#2886 = CARTESIAN_POINT('',(36.900525883855,68.213252004477));
#2887 = CARTESIAN_POINT('',(36.516487500678,67.965614126424));
#2888 = CARTESIAN_POINT('',(35.959447030527,67.567352373091));
#2889 = CARTESIAN_POINT('',(35.776871284835,67.430076287819));
#2890 = CARTESIAN_POINT('',(35.597533696702,67.288531538191));
#2891 = CARTESIAN_POINT('',(35.421468248087,67.142923891406));
#2892 = CARTESIAN_POINT('',(35.248687927597,66.993459684935));
#2893 = CARTESIAN_POINT('',(34.759816270472,66.551831927448));
#2894 = CARTESIAN_POINT('',(34.452100617372,66.250354915524));
#2895 = CARTESIAN_POINT('',(34.155994585811,65.937244579249));
#2896 = CARTESIAN_POINT('',(33.87124814638,65.613783303195));
#2897 = CARTESIAN_POINT('',(33.597496071133,65.281118879051));
#2898 = CARTESIAN_POINT('',(33.334296875,64.940228353939));
#2899 = ( GEOMETRIC_REPRESENTATION_CONTEXT(2)
PARAMETRIC_REPRESENTATION_CONTEXT() REPRESENTATION_CONTEXT('2D SPACE',''
  ) );
#2900 = PCURVE('',#2901,#2908);
#2901 = B_SPLINE_SURFACE_WITH_KNOTS('',2,1,(
    (#2902,#2903)
    ,(#2904,#2905)
    ,(#2906,#2907
    )),.UNSPECIFIED.,.F.,.F.,.F.,(3,3),(2,2),(0.,1.),(0.,1.),
  .PIECEWISE_BEZIER_KNOTS.);
#2902 = CARTESIAN_POINT('',(-6.767578125,0.102572071387,74.12));
#2903 = CARTESIAN_POINT('',(-6.827734375,0.212142424577,74.37));
#2904 = CARTESIAN_POINT('',(-3.1201171875,4.826693165137,74.12));
#2905 = CARTESIAN_POINT('',(-3.1478515625,4.978255705827,74.37));
#2906 = CARTESIAN_POINT('',(2.3291015625,4.826693165137,74.12));
#2907 = CARTESIAN_POINT('',(2.3498046875,4.978255705827,74.37));
#2908 = DEFINITIONAL_REPRESENTATION('',(#2909),#2937);
#2909 = B_SPLINE_CURVE_WITH_KNOTS('',6,(#2910,#2911,#2912,#2913,#2914,
    #2915,#2916,#2917,#2918,#2919,#2920,#2921,#2922,#2923,#2924,#2925,
    #2926,#2927,#2928,#2929,#2930,#2931,#2932,#2933,#2934,#2935,#2936),
  .UNSPECIFIED.,.F.,.F.,(7,5,5,5,5,7),(0.,0.125557224218,0.376033360958,
    0.631445751573,0.759229035594,1.),.UNSPECIFIED.);
#2910 = CARTESIAN_POINT('',(1.,0.8));
#2911 = CARTESIAN_POINT('',(0.979551969117,0.8));
#2912 = CARTESIAN_POINT('',(0.958939358029,0.8));
#2913 = CARTESIAN_POINT('',(0.9381687615,0.8));
#2914 = CARTESIAN_POINT('',(0.917248370408,0.8));
#2915 = CARTESIAN_POINT('',(0.896188146976,0.8));
#2916 = CARTESIAN_POINT('',(0.832731423005,0.8));
#2917 = CARTESIAN_POINT('',(0.789948270343,0.8));
#2918 = CARTESIAN_POINT('',(0.74675449141,0.8));
#2919 = CARTESIAN_POINT('',(0.703270113294,0.8));
#2920 = CARTESIAN_POINT('',(0.659632898052,0.8));
#2921 = CARTESIAN_POINT('',(0.571507207409,0.8));
#2922 = CARTESIAN_POINT('',(0.527009399222,0.8));
#2923 = CARTESIAN_POINT('',(0.48267357363,0.8));
#2924 = CARTESIAN_POINT('',(0.438645446533,0.8));
#2925 = CARTESIAN_POINT('',(0.395051328212,0.8));
#2926 = CARTESIAN_POINT('',(0.330461342118,0.8));
#2927 = CARTESIAN_POINT('',(0.309057046938,0.8));
#2928 = CARTESIAN_POINT('',(0.287799446183,0.8));
#2929 = CARTESIAN_POINT('',(0.266698785956,0.8));
#2930 = CARTESIAN_POINT('',(0.24576341951,0.8));
#2931 = CARTESIAN_POINT('',(0.185877288621,0.8));
#2932 = CARTESIAN_POINT('',(0.14736599214,0.8));
#2933 = CARTESIAN_POINT('',(0.109508191155,0.8));
#2934 = CARTESIAN_POINT('',(7.232566659681E-02,0.8));
#2935 = CARTESIAN_POINT('',(3.582502696228E-02,0.8));
#2936 = CARTESIAN_POINT('',(0.,0.8));
#2937 = ( GEOMETRIC_REPRESENTATION_CONTEXT(2)
PARAMETRIC_REPRESENTATION_CONTEXT() REPRESENTATION_CONTEXT('2D SPACE',''
  ) );
#2938 = ORIENTED_EDGE('',*,*,#2939,.T.);
#2939 = EDGE_CURVE('',#2838,#2134,#2940,.T.);
#2940 = SURFACE_CURVE('',#2941,(#2960,#2982),.PCURVE_S1.);
#2941 = B_SPLINE_CURVE_WITH_KNOTS('',5,(#2942,#2943,#2944,#2945,#2946,
    #2947,#2948,#2949,#2950,#2951,#2952,#2953,#2954,#2955,#2956,#2957,
    #2958,#2959),.UNSPECIFIED.,.F.,.F.,(6,4,4,4,6),(0.,0.208620976816,
    0.430134193389,0.700805907935,1.),.UNSPECIFIED.);
#2942 = CARTESIAN_POINT('',(-6.815703125,0.190228353939,74.32));
#2943 = CARTESIAN_POINT('',(-7.125210559948,-0.210639709397,74.32));
#2944 = CARTESIAN_POINT('',(-7.415559267793,-0.626361541328,74.32));
#2945 = CARTESIAN_POINT('',(-7.686506810878,-1.055151098606,74.32));
#2946 = CARTESIAN_POINT('',(-7.938415713838,-1.495190942606,74.32));
#2947 = CARTESIAN_POINT('',(-8.419850313952,-2.42229736345,74.32));
#2948 = CARTESIAN_POINT('',(-8.64703225819,-2.910592794768,74.32));
#2949 = CARTESIAN_POINT('',(-8.854252543252,-3.407826197969,74.32));
#2950 = CARTESIAN_POINT('',(-9.042626329652,-3.912339604203,74.32));
#2951 = CARTESIAN_POINT('',(-9.421857022517,-5.046665976824,74.32));
#2952 = CARTESIAN_POINT('',(-9.603976575481,-5.679404305276,74.32));
#2953 = CARTESIAN_POINT('',(-9.761792682714,-6.318776487223,74.32));
#2954 = CARTESIAN_POINT('',(-9.897415189824,-6.963032778715,74.32));
#2955 = CARTESIAN_POINT('',(-10.14018240926,-8.327300183399,74.32));
#2956 = CARTESIAN_POINT('',(-10.24281157178,-9.048085327419,74.32));
#2957 = CARTESIAN_POINT('',(-10.32315887816,-9.771812121469,74.32));
#2958 = CARTESIAN_POINT('',(-10.38338513418,-10.49736869954,74.32));
#2959 = CARTESIAN_POINT('',(-10.42531759062,-11.2240926625,74.32));
#2960 = PCURVE('',#44,#2961);
#2961 = DEFINITIONAL_REPRESENTATION('',(#2962),#2981);
#2962 = B_SPLINE_CURVE_WITH_KNOTS('',5,(#2963,#2964,#2965,#2966,#2967,
    #2968,#2969,#2970,#2971,#2972,#2973,#2974,#2975,#2976,#2977,#2978,
    #2979,#2980),.UNSPECIFIED.,.F.,.F.,(6,4,4,4,6),(0.,0.208620976816,
    0.430134193389,0.700805907935,1.),.UNSPECIFIED.);
#2963 = CARTESIAN_POINT('',(33.334296875,64.940228353939));
#2964 = CARTESIAN_POINT('',(33.024789440052,64.539360290603));
#2965 = CARTESIAN_POINT('',(32.734440732207,64.123638458672));
#2966 = CARTESIAN_POINT('',(32.463493189122,63.694848901394));
#2967 = CARTESIAN_POINT('',(32.211584286162,63.254809057394));
#2968 = CARTESIAN_POINT('',(31.730149686048,62.32770263655));
#2969 = CARTESIAN_POINT('',(31.50296774181,61.839407205232));
#2970 = CARTESIAN_POINT('',(31.295747456748,61.342173802031));
#2971 = CARTESIAN_POINT('',(31.107373670348,60.837660395797));
#2972 = CARTESIAN_POINT('',(30.728142977483,59.703334023176));
#2973 = CARTESIAN_POINT('',(30.546023424519,59.070595694724));
#2974 = CARTESIAN_POINT('',(30.388207317286,58.431223512777));
#2975 = CARTESIAN_POINT('',(30.252584810176,57.786967221285));
#2976 = CARTESIAN_POINT('',(30.00981759074,56.422699816601));
#2977 = CARTESIAN_POINT('',(29.907188428212,55.701914672581));
#2978 = CARTESIAN_POINT('',(29.826841121831,54.978187878531));
#2979 = CARTESIAN_POINT('',(29.766614865818,54.252631300457));
#2980 = CARTESIAN_POINT('',(29.724682409376,53.5259073375));
#2981 = ( GEOMETRIC_REPRESENTATION_CONTEXT(2)
PARAMETRIC_REPRESENTATION_CONTEXT() REPRESENTATION_CONTEXT('2D SPACE',''
  ) );
#2982 = PCURVE('',#2983,#2990);
#2983 = B_SPLINE_SURFACE_WITH_KNOTS('',2,1,(
    (#2984,#2985)
    ,(#2986,#2987)
    ,(#2988,#2989
    )),.UNSPECIFIED.,.F.,.F.,.F.,(3,3),(2,2),(0.,1.),(0.,1.),
  .PIECEWISE_BEZIER_KNOTS.);
#2984 = CARTESIAN_POINT('',(-10.35129751875,-11.2240926625,74.12));
#2985 = CARTESIAN_POINT('',(-10.44382260859,-11.2240926625,74.37));
#2986 = CARTESIAN_POINT('',(-9.932861926045,-3.997042490207,74.12));
#2987 = CARTESIAN_POINT('',(-10.02310034109,-3.926433977292,74.37));
#2988 = CARTESIAN_POINT('',(-6.767578125,0.102572071387,74.12));
#2989 = CARTESIAN_POINT('',(-6.827734375,0.212142424577,74.37));
#2990 = DEFINITIONAL_REPRESENTATION('',(#2991),#3010);
#2991 = B_SPLINE_CURVE_WITH_KNOTS('',5,(#2992,#2993,#2994,#2995,#2996,
    #2997,#2998,#2999,#3000,#3001,#3002,#3003,#3004,#3005,#3006,#3007,
    #3008,#3009),.UNSPECIFIED.,.F.,.F.,(6,4,4,4,6),(0.,0.208620976816,
    0.430134193389,0.700805907935,1.),.UNSPECIFIED.);
#2992 = CARTESIAN_POINT('',(1.,0.8));
#2993 = CARTESIAN_POINT('',(0.951477968824,0.8));
#2994 = CARTESIAN_POINT('',(0.903404240457,0.8));
#2995 = CARTESIAN_POINT('',(0.855911645567,0.8));
#2996 = CARTESIAN_POINT('',(0.809090668502,0.8));
#2997 = CARTESIAN_POINT('',(0.714061046738,0.8));
#2998 = CARTESIAN_POINT('',(0.665945137768,0.8));
#2999 = CARTESIAN_POINT('',(0.618717492363,0.8));
#3000 = CARTESIAN_POINT('',(0.572403123185,0.8));
#3001 = CARTESIAN_POINT('',(0.471520957312,0.8));
#3002 = CARTESIAN_POINT('',(0.417405528577,0.8));
#3003 = CARTESIAN_POINT('',(0.364645217856,0.8));
#3004 = CARTESIAN_POINT('',(0.313197998156,0.8));
#3005 = CARTESIAN_POINT('',(0.207512323694,0.8));
#3006 = CARTESIAN_POINT('',(0.153555184944,0.8));
#3007 = CARTESIAN_POINT('',(0.101042735742,0.8));
#3008 = CARTESIAN_POINT('',(4.9888121986E-02,0.8));
#3009 = CARTESIAN_POINT('',(0.,0.8));
#3010 = ( GEOMETRIC_REPRESENTATION_CONTEXT(2)
PARAMETRIC_REPRESENTATION_CONTEXT() REPRESENTATION_CONTEXT('2D SPACE',''
  ) );
#3011 = ADVANCED_FACE('',(#3012),#250,.T.);
#3012 = FACE_BOUND('',#3013,.T.);
#3013 = EDGE_LOOP('',(#3014,#3037,#3059,#3060,#3089,#3123,#3150,#3151,
    #3180,#3214,#3241,#3242));
#3014 = ORIENTED_EDGE('',*,*,#3015,.F.);
#3015 = EDGE_CURVE('',#3016,#208,#3018,.T.);
#3016 = VERTEX_POINT('',#3017);
#3017 = CARTESIAN_POINT('',(-40.15,-64.75,64.32));
#3018 = SURFACE_CURVE('',#3019,(#3023,#3030),.PCURVE_S1.);
#3019 = LINE('',#3020,#3021);
#3020 = CARTESIAN_POINT('',(-40.15,-64.75,64.32));
#3021 = VECTOR('',#3022,1.);
#3022 = DIRECTION('',(0.,1.,0.));
#3023 = PCURVE('',#250,#3024);
#3024 = DEFINITIONAL_REPRESENTATION('',(#3025),#3029);
#3025 = LINE('',#3026,#3027);
#3026 = CARTESIAN_POINT('',(0.,0.));
#3027 = VECTOR('',#3028,1.);
#3028 = DIRECTION('',(0.,1.));
#3029 = ( GEOMETRIC_REPRESENTATION_CONTEXT(2)
PARAMETRIC_REPRESENTATION_CONTEXT() REPRESENTATION_CONTEXT('2D SPACE',''
  ) );
#3030 = PCURVE('',#223,#3031);
#3031 = DEFINITIONAL_REPRESENTATION('',(#3032),#3036);
#3032 = LINE('',#3033,#3034);
#3033 = CARTESIAN_POINT('',(147.32,0.));
#3034 = VECTOR('',#3035,1.);
#3035 = DIRECTION('',(0.,-1.));
#3036 = ( GEOMETRIC_REPRESENTATION_CONTEXT(2)
PARAMETRIC_REPRESENTATION_CONTEXT() REPRESENTATION_CONTEXT('2D SPACE',''
  ) );
#3037 = ORIENTED_EDGE('',*,*,#3038,.T.);
#3038 = EDGE_CURVE('',#3016,#840,#3039,.T.);
#3039 = SURFACE_CURVE('',#3040,(#3045,#3052),.PCURVE_S1.);
#3040 = CIRCLE('',#3041,10.);
#3041 = AXIS2_PLACEMENT_3D('',#3042,#3043,#3044);
#3042 = CARTESIAN_POINT('',(-30.15,-64.75,64.32));
#3043 = DIRECTION('',(0.,1.,0.));
#3044 = DIRECTION('',(0.,-0.,1.));
#3045 = PCURVE('',#250,#3046);
#3046 = DEFINITIONAL_REPRESENTATION('',(#3047),#3051);
#3047 = LINE('',#3048,#3049);
#3048 = CARTESIAN_POINT('',(-4.712388980385,0.));
#3049 = VECTOR('',#3050,1.);
#3050 = DIRECTION('',(1.,0.));
#3051 = ( GEOMETRIC_REPRESENTATION_CONTEXT(2)
PARAMETRIC_REPRESENTATION_CONTEXT() REPRESENTATION_CONTEXT('2D SPACE',''
  ) );
#3052 = PCURVE('',#878,#3053);
#3053 = DEFINITIONAL_REPRESENTATION('',(#3054),#3058);
#3054 = CIRCLE('',#3055,10.);
#3055 = AXIS2_PLACEMENT_2D('',#3056,#3057);
#3056 = CARTESIAN_POINT('',(147.32,10.));
#3057 = DIRECTION('',(1.,0.));
#3058 = ( GEOMETRIC_REPRESENTATION_CONTEXT(2)
PARAMETRIC_REPRESENTATION_CONTEXT() REPRESENTATION_CONTEXT('2D SPACE',''
  ) );
#3059 = ORIENTED_EDGE('',*,*,#839,.T.);
#3060 = ORIENTED_EDGE('',*,*,#3061,.T.);
#3061 = EDGE_CURVE('',#815,#3062,#3064,.T.);
#3062 = VERTEX_POINT('',#3063);
#3063 = CARTESIAN_POINT('',(-30.30051661922,-48.90051661922,
    74.318867173202));
#3064 = SURFACE_CURVE('',#3065,(#3071,#3080),.PCURVE_S1.);
#3065 = B_SPLINE_CURVE_WITH_KNOTS('',4,(#3066,#3067,#3068,#3069,#3070),
  .UNSPECIFIED.,.F.,.F.,(5,5),(0.,1.),.PIECEWISE_BEZIER_KNOTS.);
#3066 = CARTESIAN_POINT('',(-30.15,-48.90161290322,74.32));
#3067 = CARTESIAN_POINT('',(-30.18776950579,-48.90161290322,74.32));
#3068 = CARTESIAN_POINT('',(-30.22544975318,-48.90142883373,
    74.319809794858));
#3069 = CARTESIAN_POINT('',(-30.26303420671,-48.90106265456,
    74.319431409721));
#3070 = CARTESIAN_POINT('',(-30.30051661922,-48.90051661922,
    74.318867173202));
#3071 = PCURVE('',#250,#3072);
#3072 = DEFINITIONAL_REPRESENTATION('',(#3073),#3079);
#3073 = B_SPLINE_CURVE_WITH_KNOTS('',4,(#3074,#3075,#3076,#3077,#3078),
  .UNSPECIFIED.,.F.,.F.,(5,5),(0.,1.),.PIECEWISE_BEZIER_KNOTS.);
#3074 = CARTESIAN_POINT('',(1.570796326795,15.848387096774));
#3075 = CARTESIAN_POINT('',(1.567019376215,15.848387096774));
#3076 = CARTESIAN_POINT('',(1.563251351494,15.848571166267));
#3077 = CARTESIAN_POINT('',(1.559492762392,15.848937345431));
#3078 = CARTESIAN_POINT('',(1.555744096482,15.849483380772));
#3079 = ( GEOMETRIC_REPRESENTATION_CONTEXT(2)
PARAMETRIC_REPRESENTATION_CONTEXT() REPRESENTATION_CONTEXT('2D SPACE',''
  ) );
#3080 = PCURVE('',#828,#3081);
#3081 = DEFINITIONAL_REPRESENTATION('',(#3082),#3088);
#3082 = B_SPLINE_CURVE_WITH_KNOTS('',4,(#3083,#3084,#3085,#3086,#3087),
  .UNSPECIFIED.,.F.,.F.,(5,5),(0.,1.),.PIECEWISE_BEZIER_KNOTS.);
#3083 = CARTESIAN_POINT('',(0.15337995338,0.983870967742));
#3084 = CARTESIAN_POINT('',(0.115170243551,0.983870967742));
#3085 = CARTESIAN_POINT('',(7.687141886114E-02,0.983809611244));
#3086 = CARTESIAN_POINT('',(3.848183144937E-02,0.983687551523));
#3087 = CARTESIAN_POINT('',(0.,0.983505539743));
#3088 = ( GEOMETRIC_REPRESENTATION_CONTEXT(2)
PARAMETRIC_REPRESENTATION_CONTEXT() REPRESENTATION_CONTEXT('2D SPACE',''
  ) );
#3089 = ORIENTED_EDGE('',*,*,#3090,.T.);
#3090 = EDGE_CURVE('',#3062,#3091,#3093,.T.);
#3091 = VERTEX_POINT('',#3092);
#3092 = CARTESIAN_POINT('',(-30.30051661922,-40.59948338077,
    74.318867173202));
#3093 = SURFACE_CURVE('',#3094,(#3100,#3109),.PCURVE_S1.);
#3094 = B_SPLINE_CURVE_WITH_KNOTS('',4,(#3095,#3096,#3097,#3098,#3099),
  .UNSPECIFIED.,.F.,.F.,(5,5),(0.,1.),.PIECEWISE_BEZIER_KNOTS.);
#3095 = CARTESIAN_POINT('',(-30.30051661922,-48.90051661922,
    74.318867173202));
#3096 = CARTESIAN_POINT('',(-30.30051661922,-46.82525830961,
    74.318867173202));
#3097 = CARTESIAN_POINT('',(-30.30051661922,-44.75,74.318867173202));
#3098 = CARTESIAN_POINT('',(-30.30051661922,-42.67474169038,
    74.318867173202));
#3099 = CARTESIAN_POINT('',(-30.30051661922,-40.59948338077,
    74.318867173202));
#3100 = PCURVE('',#250,#3101);
#3101 = DEFINITIONAL_REPRESENTATION('',(#3102),#3108);
#3102 = B_SPLINE_CURVE_WITH_KNOTS('',4,(#3103,#3104,#3105,#3106,#3107),
  .UNSPECIFIED.,.F.,.F.,(5,5),(0.,1.),.PIECEWISE_BEZIER_KNOTS.);
#3103 = CARTESIAN_POINT('',(1.555744096482,15.849483380772));
#3104 = CARTESIAN_POINT('',(1.555744096482,17.924741690386));
#3105 = CARTESIAN_POINT('',(1.555744096482,20.));
#3106 = CARTESIAN_POINT('',(1.555744096482,22.075258309614));
#3107 = CARTESIAN_POINT('',(1.555744096482,24.150516619228));
#3108 = ( GEOMETRIC_REPRESENTATION_CONTEXT(2)
PARAMETRIC_REPRESENTATION_CONTEXT() REPRESENTATION_CONTEXT('2D SPACE',''
  ) );
#3109 = PCURVE('',#3110,#3115);
#3110 = B_SPLINE_SURFACE_WITH_KNOTS('',1,1,(
    (#3111,#3112)
    ,(#3113,#3114
    )),.UNSPECIFIED.,.F.,.F.,.F.,(2,2),(2,2),(0.,8.4),(0.,1.),
  .PIECEWISE_BEZIER_KNOTS.);
#3111 = CARTESIAN_POINT('',(-27.35,-43.55,71.27));
#3112 = CARTESIAN_POINT('',(-30.35,-40.55,74.37));
#3113 = CARTESIAN_POINT('',(-27.35,-45.95,71.27));
#3114 = CARTESIAN_POINT('',(-30.35,-48.95,74.37));
#3115 = DEFINITIONAL_REPRESENTATION('',(#3116),#3122);
#3116 = B_SPLINE_CURVE_WITH_KNOTS('',4,(#3117,#3118,#3119,#3120,#3121),
  .UNSPECIFIED.,.F.,.F.,(5,5),(0.,1.),.PIECEWISE_BEZIER_KNOTS.);
#3117 = CARTESIAN_POINT('',(8.4,0.983505539743));
#3118 = CARTESIAN_POINT('',(6.3,0.983505539743));
#3119 = CARTESIAN_POINT('',(4.2,0.983505539743));
#3120 = CARTESIAN_POINT('',(2.1,0.983505539743));
#3121 = CARTESIAN_POINT('',(0.,0.983505539743));
#3122 = ( GEOMETRIC_REPRESENTATION_CONTEXT(2)
PARAMETRIC_REPRESENTATION_CONTEXT() REPRESENTATION_CONTEXT('2D SPACE',''
  ) );
#3123 = ORIENTED_EDGE('',*,*,#3124,.T.);
#3124 = EDGE_CURVE('',#3091,#742,#3125,.T.);
#3125 = SURFACE_CURVE('',#3126,(#3132,#3141),.PCURVE_S1.);
#3126 = B_SPLINE_CURVE_WITH_KNOTS('',4,(#3127,#3128,#3129,#3130,#3131),
  .UNSPECIFIED.,.F.,.F.,(5,5),(0.,1.),.PIECEWISE_BEZIER_KNOTS.);
#3127 = CARTESIAN_POINT('',(-30.30051661922,-40.59948338077,
    74.318867173202));
#3128 = CARTESIAN_POINT('',(-30.26303420665,-40.59893734543,
    74.319431409722));
#3129 = CARTESIAN_POINT('',(-30.22544975321,-40.59857116626,
    74.319809794857));
#3130 = CARTESIAN_POINT('',(-30.18776950588,-40.59838709677,74.32));
#3131 = CARTESIAN_POINT('',(-30.15,-40.59838709677,74.32));
#3132 = PCURVE('',#250,#3133);
#3133 = DEFINITIONAL_REPRESENTATION('',(#3134),#3140);
#3134 = B_SPLINE_CURVE_WITH_KNOTS('',4,(#3135,#3136,#3137,#3138,#3139),
  .UNSPECIFIED.,.F.,.F.,(5,5),(0.,1.),.PIECEWISE_BEZIER_KNOTS.);
#3135 = CARTESIAN_POINT('',(1.555744096482,24.150516619228));
#3136 = CARTESIAN_POINT('',(1.559492762398,24.15106265457));
#3137 = CARTESIAN_POINT('',(1.56325135149,24.151428833732));
#3138 = CARTESIAN_POINT('',(1.567019376206,24.151612903226));
#3139 = CARTESIAN_POINT('',(1.570796326795,24.151612903226));
#3140 = ( GEOMETRIC_REPRESENTATION_CONTEXT(2)
PARAMETRIC_REPRESENTATION_CONTEXT() REPRESENTATION_CONTEXT('2D SPACE',''
  ) );
#3141 = PCURVE('',#778,#3142);
#3142 = DEFINITIONAL_REPRESENTATION('',(#3143),#3149);
#3143 = B_SPLINE_CURVE_WITH_KNOTS('',4,(#3144,#3145,#3146,#3147,#3148),
  .UNSPECIFIED.,.F.,.F.,(5,5),(0.,1.),.PIECEWISE_BEZIER_KNOTS.);
#3144 = CARTESIAN_POINT('',(8.4,0.983505539743));
#3145 = CARTESIAN_POINT('',(8.361518168485,0.983687551523));
#3146 = CARTESIAN_POINT('',(8.323128581171,0.983809611244));
#3147 = CARTESIAN_POINT('',(8.284829756538,0.983870967742));
#3148 = CARTESIAN_POINT('',(8.24662004662,0.983870967742));
#3149 = ( GEOMETRIC_REPRESENTATION_CONTEXT(2)
PARAMETRIC_REPRESENTATION_CONTEXT() REPRESENTATION_CONTEXT('2D SPACE',''
  ) );
#3150 = ORIENTED_EDGE('',*,*,#741,.T.);
#3151 = ORIENTED_EDGE('',*,*,#3152,.T.);
#3152 = EDGE_CURVE('',#717,#3153,#3155,.T.);
#3153 = VERTEX_POINT('',#3154);
#3154 = CARTESIAN_POINT('',(-30.30051661922,16.151298055772,
    74.318867173202));
#3155 = SURFACE_CURVE('',#3156,(#3162,#3171),.PCURVE_S1.);
#3156 = B_SPLINE_CURVE_WITH_KNOTS('',4,(#3157,#3158,#3159,#3160,#3161),
  .UNSPECIFIED.,.F.,.F.,(5,5),(0.,1.),.PIECEWISE_BEZIER_KNOTS.);
#3157 = CARTESIAN_POINT('',(-30.15,16.150201771774,74.32));
#3158 = CARTESIAN_POINT('',(-30.18776950579,16.150201771774,74.32));
#3159 = CARTESIAN_POINT('',(-30.22544975318,16.150385841267,
    74.319809794858));
#3160 = CARTESIAN_POINT('',(-30.26303420671,16.150752020431,
    74.319431409721));
#3161 = CARTESIAN_POINT('',(-30.30051661922,16.151298055772,
    74.318867173202));
#3162 = PCURVE('',#250,#3163);
#3163 = DEFINITIONAL_REPRESENTATION('',(#3164),#3170);
#3164 = B_SPLINE_CURVE_WITH_KNOTS('',4,(#3165,#3166,#3167,#3168,#3169),
  .UNSPECIFIED.,.F.,.F.,(5,5),(0.,1.),.PIECEWISE_BEZIER_KNOTS.);
#3165 = CARTESIAN_POINT('',(1.570796326795,80.900201771774));
#3166 = CARTESIAN_POINT('',(1.567019376215,80.900201771774));
#3167 = CARTESIAN_POINT('',(1.563251351494,80.900385841267));
#3168 = CARTESIAN_POINT('',(1.559492762392,80.900752020431));
#3169 = CARTESIAN_POINT('',(1.555744096482,80.901298055772));
#3170 = ( GEOMETRIC_REPRESENTATION_CONTEXT(2)
PARAMETRIC_REPRESENTATION_CONTEXT() REPRESENTATION_CONTEXT('2D SPACE',''
  ) );
#3171 = PCURVE('',#730,#3172);
#3172 = DEFINITIONAL_REPRESENTATION('',(#3173),#3179);
#3173 = B_SPLINE_CURVE_WITH_KNOTS('',4,(#3174,#3175,#3176,#3177,#3178),
  .UNSPECIFIED.,.F.,.F.,(5,5),(0.,1.),.PIECEWISE_BEZIER_KNOTS.);
#3174 = CARTESIAN_POINT('',(0.15337995338,0.983870967742));
#3175 = CARTESIAN_POINT('',(0.115170243551,0.983870967742));
#3176 = CARTESIAN_POINT('',(7.687141886113E-02,0.983809611244));
#3177 = CARTESIAN_POINT('',(3.848183144937E-02,0.983687551523));
#3178 = CARTESIAN_POINT('',(0.,0.983505539743));
#3179 = ( GEOMETRIC_REPRESENTATION_CONTEXT(2)
PARAMETRIC_REPRESENTATION_CONTEXT() REPRESENTATION_CONTEXT('2D SPACE',''
  ) );
#3180 = ORIENTED_EDGE('',*,*,#3181,.T.);
#3181 = EDGE_CURVE('',#3153,#3182,#3184,.T.);
#3182 = VERTEX_POINT('',#3183);
#3183 = CARTESIAN_POINT('',(-30.30051661922,24.452331294228,
    74.318867173202));
#3184 = SURFACE_CURVE('',#3185,(#3191,#3200),.PCURVE_S1.);
#3185 = B_SPLINE_CURVE_WITH_KNOTS('',4,(#3186,#3187,#3188,#3189,#3190),
  .UNSPECIFIED.,.F.,.F.,(5,5),(0.,1.),.PIECEWISE_BEZIER_KNOTS.);
#3186 = CARTESIAN_POINT('',(-30.30051661922,16.151298055772,
    74.318867173202));
#3187 = CARTESIAN_POINT('',(-30.30051661922,18.226556365386,
    74.318867173202));
#3188 = CARTESIAN_POINT('',(-30.30051661922,20.301814675,74.318867173202
    ));
#3189 = CARTESIAN_POINT('',(-30.30051661922,22.377072984614,
    74.318867173202));
#3190 = CARTESIAN_POINT('',(-30.30051661922,24.452331294228,
    74.318867173202));
#3191 = PCURVE('',#250,#3192);
#3192 = DEFINITIONAL_REPRESENTATION('',(#3193),#3199);
#3193 = B_SPLINE_CURVE_WITH_KNOTS('',4,(#3194,#3195,#3196,#3197,#3198),
  .UNSPECIFIED.,.F.,.F.,(5,5),(0.,1.),.PIECEWISE_BEZIER_KNOTS.);
#3194 = CARTESIAN_POINT('',(1.555744096482,80.901298055772));
#3195 = CARTESIAN_POINT('',(1.555744096482,82.976556365386));
#3196 = CARTESIAN_POINT('',(1.555744096482,85.051814675));
#3197 = CARTESIAN_POINT('',(1.555744096482,87.127072984614));
#3198 = CARTESIAN_POINT('',(1.555744096482,89.202331294228));
#3199 = ( GEOMETRIC_REPRESENTATION_CONTEXT(2)
PARAMETRIC_REPRESENTATION_CONTEXT() REPRESENTATION_CONTEXT('2D SPACE',''
  ) );
#3200 = PCURVE('',#3201,#3206);
#3201 = B_SPLINE_SURFACE_WITH_KNOTS('',1,1,(
    (#3202,#3203)
    ,(#3204,#3205
    )),.UNSPECIFIED.,.F.,.F.,.F.,(2,2),(2,2),(0.,8.4),(0.,1.),
  .PIECEWISE_BEZIER_KNOTS.);
#3202 = CARTESIAN_POINT('',(-27.35,21.501814675,71.27));
#3203 = CARTESIAN_POINT('',(-30.35,24.501814675,74.37));
#3204 = CARTESIAN_POINT('',(-27.35,19.101814675,71.27));
#3205 = CARTESIAN_POINT('',(-30.35,16.101814675,74.37));
#3206 = DEFINITIONAL_REPRESENTATION('',(#3207),#3213);
#3207 = B_SPLINE_CURVE_WITH_KNOTS('',4,(#3208,#3209,#3210,#3211,#3212),
  .UNSPECIFIED.,.F.,.F.,(5,5),(0.,1.),.PIECEWISE_BEZIER_KNOTS.);
#3208 = CARTESIAN_POINT('',(8.4,0.983505539743));
#3209 = CARTESIAN_POINT('',(6.3,0.983505539743));
#3210 = CARTESIAN_POINT('',(4.2,0.983505539743));
#3211 = CARTESIAN_POINT('',(2.1,0.983505539743));
#3212 = CARTESIAN_POINT('',(0.,0.983505539743));
#3213 = ( GEOMETRIC_REPRESENTATION_CONTEXT(2)
PARAMETRIC_REPRESENTATION_CONTEXT() REPRESENTATION_CONTEXT('2D SPACE',''
  ) );
#3214 = ORIENTED_EDGE('',*,*,#3215,.T.);
#3215 = EDGE_CURVE('',#3182,#644,#3216,.T.);
#3216 = SURFACE_CURVE('',#3217,(#3223,#3232),.PCURVE_S1.);
#3217 = B_SPLINE_CURVE_WITH_KNOTS('',4,(#3218,#3219,#3220,#3221,#3222),
  .UNSPECIFIED.,.F.,.F.,(5,5),(0.,1.),.PIECEWISE_BEZIER_KNOTS.);
#3218 = CARTESIAN_POINT('',(-30.30051661922,24.452331294228,
    74.318867173202));
#3219 = CARTESIAN_POINT('',(-30.26303420665,24.45287732957,
    74.319431409722));
#3220 = CARTESIAN_POINT('',(-30.22544975321,24.453243508732,
    74.319809794857));
#3221 = CARTESIAN_POINT('',(-30.18776950588,24.453427578226,74.32));
#3222 = CARTESIAN_POINT('',(-30.15,24.453427578226,74.32));
#3223 = PCURVE('',#250,#3224);
#3224 = DEFINITIONAL_REPRESENTATION('',(#3225),#3231);
#3225 = B_SPLINE_CURVE_WITH_KNOTS('',4,(#3226,#3227,#3228,#3229,#3230),
  .UNSPECIFIED.,.F.,.F.,(5,5),(0.,1.),.PIECEWISE_BEZIER_KNOTS.);
#3226 = CARTESIAN_POINT('',(1.555744096482,89.202331294228));
#3227 = CARTESIAN_POINT('',(1.559492762398,89.20287732957));
#3228 = CARTESIAN_POINT('',(1.56325135149,89.203243508732));
#3229 = CARTESIAN_POINT('',(1.567019376206,89.203427578226));
#3230 = CARTESIAN_POINT('',(1.570796326795,89.203427578226));
#3231 = ( GEOMETRIC_REPRESENTATION_CONTEXT(2)
PARAMETRIC_REPRESENTATION_CONTEXT() REPRESENTATION_CONTEXT('2D SPACE',''
  ) );
#3232 = PCURVE('',#680,#3233);
#3233 = DEFINITIONAL_REPRESENTATION('',(#3234),#3240);
#3234 = B_SPLINE_CURVE_WITH_KNOTS('',4,(#3235,#3236,#3237,#3238,#3239),
  .UNSPECIFIED.,.F.,.F.,(5,5),(0.,1.),.PIECEWISE_BEZIER_KNOTS.);
#3235 = CARTESIAN_POINT('',(8.4,0.983505539743));
#3236 = CARTESIAN_POINT('',(8.361518168485,0.983687551523));
#3237 = CARTESIAN_POINT('',(8.323128581171,0.983809611244));
#3238 = CARTESIAN_POINT('',(8.284829756538,0.983870967742));
#3239 = CARTESIAN_POINT('',(8.24662004662,0.983870967742));
#3240 = ( GEOMETRIC_REPRESENTATION_CONTEXT(2)
PARAMETRIC_REPRESENTATION_CONTEXT() REPRESENTATION_CONTEXT('2D SPACE',''
  ) );
#3241 = ORIENTED_EDGE('',*,*,#643,.T.);
#3242 = ORIENTED_EDGE('',*,*,#235,.F.);
#3243 = ADVANCED_FACE('',(#3244),#77,.T.);
#3244 = FACE_BOUND('',#3245,.F.);
#3245 = EDGE_LOOP('',(#3246,#3269,#3295,#3296,#3325,#3359,#3386,#3387,
    #3416,#3450,#3477,#3478));
#3246 = ORIENTED_EDGE('',*,*,#3247,.F.);
#3247 = EDGE_CURVE('',#3248,#57,#3250,.T.);
#3248 = VERTEX_POINT('',#3249);
#3249 = CARTESIAN_POINT('',(40.15,-64.75,64.32));
#3250 = SURFACE_CURVE('',#3251,(#3255,#3262),.PCURVE_S1.);
#3251 = LINE('',#3252,#3253);
#3252 = CARTESIAN_POINT('',(40.15,-64.75,64.32));
#3253 = VECTOR('',#3254,1.);
#3254 = DIRECTION('',(0.,1.,0.));
#3255 = PCURVE('',#77,#3256);
#3256 = DEFINITIONAL_REPRESENTATION('',(#3257),#3261);
#3257 = LINE('',#3258,#3259);
#3258 = CARTESIAN_POINT('',(-0.,0.));
#3259 = VECTOR('',#3260,1.);
#3260 = DIRECTION('',(-0.,1.));
#3261 = ( GEOMETRIC_REPRESENTATION_CONTEXT(2)
PARAMETRIC_REPRESENTATION_CONTEXT() REPRESENTATION_CONTEXT('2D SPACE',''
  ) );
#3262 = PCURVE('',#105,#3263);
#3263 = DEFINITIONAL_REPRESENTATION('',(#3264),#3268);
#3264 = LINE('',#3265,#3266);
#3265 = CARTESIAN_POINT('',(147.32,0.));
#3266 = VECTOR('',#3267,1.);
#3267 = DIRECTION('',(0.,-1.));
#3268 = ( GEOMETRIC_REPRESENTATION_CONTEXT(2)
PARAMETRIC_REPRESENTATION_CONTEXT() REPRESENTATION_CONTEXT('2D SPACE',''
  ) );
#3269 = ORIENTED_EDGE('',*,*,#3270,.T.);
#3270 = EDGE_CURVE('',#3248,#863,#3271,.T.);
#3271 = SURFACE_CURVE('',#3272,(#3277,#3284),.PCURVE_S1.);
#3272 = CIRCLE('',#3273,10.);
#3273 = AXIS2_PLACEMENT_3D('',#3274,#3275,#3276);
#3274 = CARTESIAN_POINT('',(30.15,-64.75,64.32));
#3275 = DIRECTION('',(-0.,-1.,0.));
#3276 = DIRECTION('',(0.,-0.,1.));
#3277 = PCURVE('',#77,#3278);
#3278 = DEFINITIONAL_REPRESENTATION('',(#3279),#3283);
#3279 = LINE('',#3280,#3281);
#3280 = CARTESIAN_POINT('',(4.712388980385,-0.));
#3281 = VECTOR('',#3282,1.);
#3282 = DIRECTION('',(-1.,0.));
#3283 = ( GEOMETRIC_REPRESENTATION_CONTEXT(2)
PARAMETRIC_REPRESENTATION_CONTEXT() REPRESENTATION_CONTEXT('2D SPACE',''
  ) );
#3284 = PCURVE('',#878,#3285);
#3285 = DEFINITIONAL_REPRESENTATION('',(#3286),#3294);
#3286 = ( BOUNDED_CURVE() B_SPLINE_CURVE(2,(#3287,#3288,#3289,#3290,
#3291,#3292,#3293),.UNSPECIFIED.,.T.,.F.) B_SPLINE_CURVE_WITH_KNOTS((1,2
    ,2,2,2,1),(-2.094395102393,0.,2.094395102393,4.188790204786,
6.28318530718,8.377580409573),.UNSPECIFIED.) CURVE()
GEOMETRIC_REPRESENTATION_ITEM() RATIONAL_B_SPLINE_CURVE((1.,0.5,1.,0.5,
1.,0.5,1.)) REPRESENTATION_ITEM('') );
#3287 = CARTESIAN_POINT('',(157.32,70.3));
#3288 = CARTESIAN_POINT('',(157.32,52.979491924311));
#3289 = CARTESIAN_POINT('',(142.32,61.639745962156));
#3290 = CARTESIAN_POINT('',(127.32,70.3));
#3291 = CARTESIAN_POINT('',(142.32,78.960254037844));
#3292 = CARTESIAN_POINT('',(157.32,87.620508075689));
#3293 = CARTESIAN_POINT('',(157.32,70.3));
#3294 = ( GEOMETRIC_REPRESENTATION_CONTEXT(2)
PARAMETRIC_REPRESENTATION_CONTEXT() REPRESENTATION_CONTEXT('2D SPACE',''
  ) );
#3295 = ORIENTED_EDGE('',*,*,#890,.T.);
#3296 = ORIENTED_EDGE('',*,*,#3297,.F.);
#3297 = EDGE_CURVE('',#3298,#891,#3300,.T.);
#3298 = VERTEX_POINT('',#3299);
#3299 = CARTESIAN_POINT('',(30.300516619228,-48.90051661922,
    74.318867173202));
#3300 = SURFACE_CURVE('',#3301,(#3307,#3316),.PCURVE_S1.);
#3301 = B_SPLINE_CURVE_WITH_KNOTS('',4,(#3302,#3303,#3304,#3305,#3306),
  .UNSPECIFIED.,.F.,.F.,(5,5),(0.,1.),.PIECEWISE_BEZIER_KNOTS.);
#3302 = CARTESIAN_POINT('',(30.300516619228,-48.90051661922,
    74.318867173202));
#3303 = CARTESIAN_POINT('',(30.263034206655,-48.90106265457,
    74.319431409722));
#3304 = CARTESIAN_POINT('',(30.225449753217,-48.90142883373,
    74.319809794857));
#3305 = CARTESIAN_POINT('',(30.187769505887,-48.90161290322,74.32));
#3306 = CARTESIAN_POINT('',(30.15,-48.90161290322,74.32));
#3307 = PCURVE('',#77,#3308);
#3308 = DEFINITIONAL_REPRESENTATION('',(#3309),#3315);
#3309 = B_SPLINE_CURVE_WITH_KNOTS('',4,(#3310,#3311,#3312,#3313,#3314),
  .UNSPECIFIED.,.F.,.F.,(5,5),(0.,1.),.PIECEWISE_BEZIER_KNOTS.);
#3310 = CARTESIAN_POINT('',(-1.555744096482,15.849483380772));
#3311 = CARTESIAN_POINT('',(-1.559492762398,15.84893734543));
#3312 = CARTESIAN_POINT('',(-1.56325135149,15.848571166268));
#3313 = CARTESIAN_POINT('',(-1.567019376206,15.848387096774));
#3314 = CARTESIAN_POINT('',(-1.570796326795,15.848387096774));
#3315 = ( GEOMETRIC_REPRESENTATION_CONTEXT(2)
PARAMETRIC_REPRESENTATION_CONTEXT() REPRESENTATION_CONTEXT('2D SPACE',''
  ) );
#3316 = PCURVE('',#927,#3317);
#3317 = DEFINITIONAL_REPRESENTATION('',(#3318),#3324);
#3318 = B_SPLINE_CURVE_WITH_KNOTS('',4,(#3319,#3320,#3321,#3322,#3323),
  .UNSPECIFIED.,.F.,.F.,(5,5),(0.,1.),.PIECEWISE_BEZIER_KNOTS.);
#3319 = CARTESIAN_POINT('',(8.4,0.983505539743));
#3320 = CARTESIAN_POINT('',(8.361518168485,0.983687551523));
#3321 = CARTESIAN_POINT('',(8.323128581171,0.983809611244));
#3322 = CARTESIAN_POINT('',(8.284829756538,0.983870967742));
#3323 = CARTESIAN_POINT('',(8.24662004662,0.983870967742));
#3324 = ( GEOMETRIC_REPRESENTATION_CONTEXT(2)
PARAMETRIC_REPRESENTATION_CONTEXT() REPRESENTATION_CONTEXT('2D SPACE',''
  ) );
#3325 = ORIENTED_EDGE('',*,*,#3326,.F.);
#3326 = EDGE_CURVE('',#3327,#3298,#3329,.T.);
#3327 = VERTEX_POINT('',#3328);
#3328 = CARTESIAN_POINT('',(30.300516619228,-40.59948338077,
    74.318867173202));
#3329 = SURFACE_CURVE('',#3330,(#3336,#3345),.PCURVE_S1.);
#3330 = B_SPLINE_CURVE_WITH_KNOTS('',4,(#3331,#3332,#3333,#3334,#3335),
  .UNSPECIFIED.,.F.,.F.,(5,5),(0.,1.),.PIECEWISE_BEZIER_KNOTS.);
#3331 = CARTESIAN_POINT('',(30.300516619228,-40.59948338077,
    74.318867173202));
#3332 = CARTESIAN_POINT('',(30.300516619228,-42.67474169038,
    74.318867173202));
#3333 = CARTESIAN_POINT('',(30.300516619228,-44.75,74.318867173202));
#3334 = CARTESIAN_POINT('',(30.300516619228,-46.82525830961,
    74.318867173202));
#3335 = CARTESIAN_POINT('',(30.300516619228,-48.90051661922,
    74.318867173202));
#3336 = PCURVE('',#77,#3337);
#3337 = DEFINITIONAL_REPRESENTATION('',(#3338),#3344);
#3338 = B_SPLINE_CURVE_WITH_KNOTS('',4,(#3339,#3340,#3341,#3342,#3343),
  .UNSPECIFIED.,.F.,.F.,(5,5),(0.,1.),.PIECEWISE_BEZIER_KNOTS.);
#3339 = CARTESIAN_POINT('',(-1.555744096482,24.150516619228));
#3340 = CARTESIAN_POINT('',(-1.555744096482,22.075258309614));
#3341 = CARTESIAN_POINT('',(-1.555744096482,20.));
#3342 = CARTESIAN_POINT('',(-1.555744096482,17.924741690386));
#3343 = CARTESIAN_POINT('',(-1.555744096482,15.849483380772));
#3344 = ( GEOMETRIC_REPRESENTATION_CONTEXT(2)
PARAMETRIC_REPRESENTATION_CONTEXT() REPRESENTATION_CONTEXT('2D SPACE',''
  ) );
#3345 = PCURVE('',#3346,#3351);
#3346 = B_SPLINE_SURFACE_WITH_KNOTS('',1,1,(
    (#3347,#3348)
    ,(#3349,#3350
    )),.UNSPECIFIED.,.F.,.F.,.F.,(2,2),(2,2),(0.,8.4),(0.,1.),
  .PIECEWISE_BEZIER_KNOTS.);
#3347 = CARTESIAN_POINT('',(27.35,-45.95,71.27));
#3348 = CARTESIAN_POINT('',(30.35,-48.95,74.37));
#3349 = CARTESIAN_POINT('',(27.35,-43.55,71.27));
#3350 = CARTESIAN_POINT('',(30.35,-40.55,74.37));
#3351 = DEFINITIONAL_REPRESENTATION('',(#3352),#3358);
#3352 = B_SPLINE_CURVE_WITH_KNOTS('',4,(#3353,#3354,#3355,#3356,#3357),
  .UNSPECIFIED.,.F.,.F.,(5,5),(0.,1.),.PIECEWISE_BEZIER_KNOTS.);
#3353 = CARTESIAN_POINT('',(8.4,0.983505539743));
#3354 = CARTESIAN_POINT('',(6.3,0.983505539743));
#3355 = CARTESIAN_POINT('',(4.2,0.983505539743));
#3356 = CARTESIAN_POINT('',(2.1,0.983505539743));
#3357 = CARTESIAN_POINT('',(0.,0.983505539743));
#3358 = ( GEOMETRIC_REPRESENTATION_CONTEXT(2)
PARAMETRIC_REPRESENTATION_CONTEXT() REPRESENTATION_CONTEXT('2D SPACE',''
  ) );
#3359 = ORIENTED_EDGE('',*,*,#3360,.F.);
#3360 = EDGE_CURVE('',#964,#3327,#3361,.T.);
#3361 = SURFACE_CURVE('',#3362,(#3368,#3377),.PCURVE_S1.);
#3362 = B_SPLINE_CURVE_WITH_KNOTS('',4,(#3363,#3364,#3365,#3366,#3367),
  .UNSPECIFIED.,.F.,.F.,(5,5),(0.,1.),.PIECEWISE_BEZIER_KNOTS.);
#3363 = CARTESIAN_POINT('',(30.15,-40.59838709677,74.32));
#3364 = CARTESIAN_POINT('',(30.187769505798,-40.59838709677,74.32));
#3365 = CARTESIAN_POINT('',(30.225449753186,-40.59857116626,
    74.319809794858));
#3366 = CARTESIAN_POINT('',(30.263034206719,-40.59893734543,
    74.319431409721));
#3367 = CARTESIAN_POINT('',(30.300516619228,-40.59948338077,
    74.318867173202));
#3368 = PCURVE('',#77,#3369);
#3369 = DEFINITIONAL_REPRESENTATION('',(#3370),#3376);
#3370 = B_SPLINE_CURVE_WITH_KNOTS('',4,(#3371,#3372,#3373,#3374,#3375),
  .UNSPECIFIED.,.F.,.F.,(5,5),(0.,1.),.PIECEWISE_BEZIER_KNOTS.);
#3371 = CARTESIAN_POINT('',(-1.570796326795,24.151612903226));
#3372 = CARTESIAN_POINT('',(-1.567019376215,24.151612903226));
#3373 = CARTESIAN_POINT('',(-1.563251351494,24.151428833733));
#3374 = CARTESIAN_POINT('',(-1.559492762392,24.151062654569));
#3375 = CARTESIAN_POINT('',(-1.555744096482,24.150516619228));
#3376 = ( GEOMETRIC_REPRESENTATION_CONTEXT(2)
PARAMETRIC_REPRESENTATION_CONTEXT() REPRESENTATION_CONTEXT('2D SPACE',''
  ) );
#3377 = PCURVE('',#977,#3378);
#3378 = DEFINITIONAL_REPRESENTATION('',(#3379),#3385);
#3379 = B_SPLINE_CURVE_WITH_KNOTS('',4,(#3380,#3381,#3382,#3383,#3384),
  .UNSPECIFIED.,.F.,.F.,(5,5),(0.,1.),.PIECEWISE_BEZIER_KNOTS.);
#3380 = CARTESIAN_POINT('',(0.15337995338,0.983870967742));
#3381 = CARTESIAN_POINT('',(0.115170243551,0.983870967742));
#3382 = CARTESIAN_POINT('',(7.687141886114E-02,0.983809611244));
#3383 = CARTESIAN_POINT('',(3.848183144937E-02,0.983687551523));
#3384 = CARTESIAN_POINT('',(0.,0.983505539743));
#3385 = ( GEOMETRIC_REPRESENTATION_CONTEXT(2)
PARAMETRIC_REPRESENTATION_CONTEXT() REPRESENTATION_CONTEXT('2D SPACE',''
  ) );
#3386 = ORIENTED_EDGE('',*,*,#988,.T.);
#3387 = ORIENTED_EDGE('',*,*,#3388,.F.);
#3388 = EDGE_CURVE('',#3389,#989,#3391,.T.);
#3389 = VERTEX_POINT('',#3390);
#3390 = CARTESIAN_POINT('',(30.300516619228,16.151298055772,
    74.318867173202));
#3391 = SURFACE_CURVE('',#3392,(#3398,#3407),.PCURVE_S1.);
#3392 = B_SPLINE_CURVE_WITH_KNOTS('',4,(#3393,#3394,#3395,#3396,#3397),
  .UNSPECIFIED.,.F.,.F.,(5,5),(0.,1.),.PIECEWISE_BEZIER_KNOTS.);
#3393 = CARTESIAN_POINT('',(30.300516619228,16.151298055772,
    74.318867173202));
#3394 = CARTESIAN_POINT('',(30.263034206655,16.15075202043,
    74.319431409722));
#3395 = CARTESIAN_POINT('',(30.225449753217,16.150385841268,
    74.319809794857));
#3396 = CARTESIAN_POINT('',(30.187769505887,16.150201771774,74.32));
#3397 = CARTESIAN_POINT('',(30.15,16.150201771774,74.32));
#3398 = PCURVE('',#77,#3399);
#3399 = DEFINITIONAL_REPRESENTATION('',(#3400),#3406);
#3400 = B_SPLINE_CURVE_WITH_KNOTS('',4,(#3401,#3402,#3403,#3404,#3405),
  .UNSPECIFIED.,.F.,.F.,(5,5),(0.,1.),.PIECEWISE_BEZIER_KNOTS.);
#3401 = CARTESIAN_POINT('',(-1.555744096482,80.901298055772));
#3402 = CARTESIAN_POINT('',(-1.559492762398,80.90075202043));
#3403 = CARTESIAN_POINT('',(-1.56325135149,80.900385841268));
#3404 = CARTESIAN_POINT('',(-1.567019376206,80.900201771774));
#3405 = CARTESIAN_POINT('',(-1.570796326795,80.900201771774));
#3406 = ( GEOMETRIC_REPRESENTATION_CONTEXT(2)
PARAMETRIC_REPRESENTATION_CONTEXT() REPRESENTATION_CONTEXT('2D SPACE',''
  ) );
#3407 = PCURVE('',#1025,#3408);
#3408 = DEFINITIONAL_REPRESENTATION('',(#3409),#3415);
#3409 = B_SPLINE_CURVE_WITH_KNOTS('',4,(#3410,#3411,#3412,#3413,#3414),
  .UNSPECIFIED.,.F.,.F.,(5,5),(0.,1.),.PIECEWISE_BEZIER_KNOTS.);
#3410 = CARTESIAN_POINT('',(8.4,0.983505539743));
#3411 = CARTESIAN_POINT('',(8.361518168485,0.983687551523));
#3412 = CARTESIAN_POINT('',(8.323128581171,0.983809611244));
#3413 = CARTESIAN_POINT('',(8.284829756538,0.983870967742));
#3414 = CARTESIAN_POINT('',(8.24662004662,0.983870967742));
#3415 = ( GEOMETRIC_REPRESENTATION_CONTEXT(2)
PARAMETRIC_REPRESENTATION_CONTEXT() REPRESENTATION_CONTEXT('2D SPACE',''
  ) );
#3416 = ORIENTED_EDGE('',*,*,#3417,.F.);
#3417 = EDGE_CURVE('',#3418,#3389,#3420,.T.);
#3418 = VERTEX_POINT('',#3419);
#3419 = CARTESIAN_POINT('',(30.300516619228,24.452331294228,
    74.318867173202));
#3420 = SURFACE_CURVE('',#3421,(#3427,#3436),.PCURVE_S1.);
#3421 = B_SPLINE_CURVE_WITH_KNOTS('',4,(#3422,#3423,#3424,#3425,#3426),
  .UNSPECIFIED.,.F.,.F.,(5,5),(0.,1.),.PIECEWISE_BEZIER_KNOTS.);
#3422 = CARTESIAN_POINT('',(30.300516619228,24.452331294228,
    74.318867173202));
#3423 = CARTESIAN_POINT('',(30.300516619228,22.377072984614,
    74.318867173202));
#3424 = CARTESIAN_POINT('',(30.300516619228,20.301814675,74.318867173202
    ));
#3425 = CARTESIAN_POINT('',(30.300516619228,18.226556365386,
    74.318867173202));
#3426 = CARTESIAN_POINT('',(30.300516619228,16.151298055772,
    74.318867173202));
#3427 = PCURVE('',#77,#3428);
#3428 = DEFINITIONAL_REPRESENTATION('',(#3429),#3435);
#3429 = B_SPLINE_CURVE_WITH_KNOTS('',4,(#3430,#3431,#3432,#3433,#3434),
  .UNSPECIFIED.,.F.,.F.,(5,5),(0.,1.),.PIECEWISE_BEZIER_KNOTS.);
#3430 = CARTESIAN_POINT('',(-1.555744096482,89.202331294228));
#3431 = CARTESIAN_POINT('',(-1.555744096482,87.127072984614));
#3432 = CARTESIAN_POINT('',(-1.555744096482,85.051814675));
#3433 = CARTESIAN_POINT('',(-1.555744096482,82.976556365386));
#3434 = CARTESIAN_POINT('',(-1.555744096482,80.901298055772));
#3435 = ( GEOMETRIC_REPRESENTATION_CONTEXT(2)
PARAMETRIC_REPRESENTATION_CONTEXT() REPRESENTATION_CONTEXT('2D SPACE',''
  ) );
#3436 = PCURVE('',#3437,#3442);
#3437 = B_SPLINE_SURFACE_WITH_KNOTS('',1,1,(
    (#3438,#3439)
    ,(#3440,#3441
    )),.UNSPECIFIED.,.F.,.F.,.F.,(2,2),(2,2),(0.,8.4),(0.,1.),
  .PIECEWISE_BEZIER_KNOTS.);
#3438 = CARTESIAN_POINT('',(27.35,19.101814675,71.27));
#3439 = CARTESIAN_POINT('',(30.35,16.101814675,74.37));
#3440 = CARTESIAN_POINT('',(27.35,21.501814675,71.27));
#3441 = CARTESIAN_POINT('',(30.35,24.501814675,74.37));
#3442 = DEFINITIONAL_REPRESENTATION('',(#3443),#3449);
#3443 = B_SPLINE_CURVE_WITH_KNOTS('',4,(#3444,#3445,#3446,#3447,#3448),
  .UNSPECIFIED.,.F.,.F.,(5,5),(0.,1.),.PIECEWISE_BEZIER_KNOTS.);
#3444 = CARTESIAN_POINT('',(8.4,0.983505539743));
#3445 = CARTESIAN_POINT('',(6.3,0.983505539743));
#3446 = CARTESIAN_POINT('',(4.2,0.983505539743));
#3447 = CARTESIAN_POINT('',(2.1,0.983505539743));
#3448 = CARTESIAN_POINT('',(0.,0.983505539743));
#3449 = ( GEOMETRIC_REPRESENTATION_CONTEXT(2)
PARAMETRIC_REPRESENTATION_CONTEXT() REPRESENTATION_CONTEXT('2D SPACE',''
  ) );
#3450 = ORIENTED_EDGE('',*,*,#3451,.F.);
#3451 = EDGE_CURVE('',#1062,#3418,#3452,.T.);
#3452 = SURFACE_CURVE('',#3453,(#3459,#3468),.PCURVE_S1.);
#3453 = B_SPLINE_CURVE_WITH_KNOTS('',4,(#3454,#3455,#3456,#3457,#3458),
  .UNSPECIFIED.,.F.,.F.,(5,5),(0.,1.),.PIECEWISE_BEZIER_KNOTS.);
#3454 = CARTESIAN_POINT('',(30.15,24.453427578226,74.32));
#3455 = CARTESIAN_POINT('',(30.187769505798,24.453427578226,74.32));
#3456 = CARTESIAN_POINT('',(30.225449753186,24.453243508733,
    74.319809794858));
#3457 = CARTESIAN_POINT('',(30.263034206719,24.452877329569,
    74.319431409721));
#3458 = CARTESIAN_POINT('',(30.300516619228,24.452331294228,
    74.318867173202));
#3459 = PCURVE('',#77,#3460);
#3460 = DEFINITIONAL_REPRESENTATION('',(#3461),#3467);
#3461 = B_SPLINE_CURVE_WITH_KNOTS('',4,(#3462,#3463,#3464,#3465,#3466),
  .UNSPECIFIED.,.F.,.F.,(5,5),(0.,1.),.PIECEWISE_BEZIER_KNOTS.);
#3462 = CARTESIAN_POINT('',(-1.570796326795,89.203427578226));
#3463 = CARTESIAN_POINT('',(-1.567019376215,89.203427578226));
#3464 = CARTESIAN_POINT('',(-1.563251351494,89.203243508733));
#3465 = CARTESIAN_POINT('',(-1.559492762392,89.202877329569));
#3466 = CARTESIAN_POINT('',(-1.555744096482,89.202331294228));
#3467 = ( GEOMETRIC_REPRESENTATION_CONTEXT(2)
PARAMETRIC_REPRESENTATION_CONTEXT() REPRESENTATION_CONTEXT('2D SPACE',''
  ) );
#3468 = PCURVE('',#1075,#3469);
#3469 = DEFINITIONAL_REPRESENTATION('',(#3470),#3476);
#3470 = B_SPLINE_CURVE_WITH_KNOTS('',4,(#3471,#3472,#3473,#3474,#3475),
  .UNSPECIFIED.,.F.,.F.,(5,5),(0.,1.),.PIECEWISE_BEZIER_KNOTS.);
#3471 = CARTESIAN_POINT('',(0.15337995338,0.983870967742));
#3472 = CARTESIAN_POINT('',(0.115170243551,0.983870967742));
#3473 = CARTESIAN_POINT('',(7.687141886113E-02,0.983809611244));
#3474 = CARTESIAN_POINT('',(3.848183144937E-02,0.983687551523));
#3475 = CARTESIAN_POINT('',(0.,0.983505539743));
#3476 = ( GEOMETRIC_REPRESENTATION_CONTEXT(2)
PARAMETRIC_REPRESENTATION_CONTEXT() REPRESENTATION_CONTEXT('2D SPACE',''
  ) );
#3477 = ORIENTED_EDGE('',*,*,#1086,.T.);
#3478 = ORIENTED_EDGE('',*,*,#56,.F.);
#3479 = ADVANCED_FACE('',(#3480),#223,.F.);
#3480 = FACE_BOUND('',#3481,.F.);
#3481 = EDGE_LOOP('',(#3482,#3505,#3528,#3557,#3583,#3612,#3638,#3667,
    #3693,#3722,#3743,#3744));
#3482 = ORIENTED_EDGE('',*,*,#3483,.F.);
#3483 = EDGE_CURVE('',#3484,#3016,#3486,.T.);
#3484 = VERTEX_POINT('',#3485);
#3485 = CARTESIAN_POINT('',(-40.15,-64.75,-73.));
#3486 = SURFACE_CURVE('',#3487,(#3491,#3498),.PCURVE_S1.);
#3487 = LINE('',#3488,#3489);
#3488 = CARTESIAN_POINT('',(-40.15,-64.75,-83.));
#3489 = VECTOR('',#3490,1.);
#3490 = DIRECTION('',(0.,0.,1.));
#3491 = PCURVE('',#223,#3492);
#3492 = DEFINITIONAL_REPRESENTATION('',(#3493),#3497);
#3493 = LINE('',#3494,#3495);
#3494 = CARTESIAN_POINT('',(0.,0.));
#3495 = VECTOR('',#3496,1.);
#3496 = DIRECTION('',(1.,0.));
#3497 = ( GEOMETRIC_REPRESENTATION_CONTEXT(2)
PARAMETRIC_REPRESENTATION_CONTEXT() REPRESENTATION_CONTEXT('2D SPACE',''
  ) );
#3498 = PCURVE('',#878,#3499);
#3499 = DEFINITIONAL_REPRESENTATION('',(#3500),#3504);
#3500 = LINE('',#3501,#3502);
#3501 = CARTESIAN_POINT('',(0.,0.));
#3502 = VECTOR('',#3503,1.);
#3503 = DIRECTION('',(1.,0.));
#3504 = ( GEOMETRIC_REPRESENTATION_CONTEXT(2)
PARAMETRIC_REPRESENTATION_CONTEXT() REPRESENTATION_CONTEXT('2D SPACE',''
  ) );
#3505 = ORIENTED_EDGE('',*,*,#3506,.T.);
#3506 = EDGE_CURVE('',#3484,#3507,#3509,.T.);
#3507 = VERTEX_POINT('',#3508);
#3508 = CARTESIAN_POINT('',(-40.15,-28.84503208088,-73.));
#3509 = SURFACE_CURVE('',#3510,(#3514,#3521),.PCURVE_S1.);
#3510 = LINE('',#3511,#3512);
#3511 = CARTESIAN_POINT('',(-40.15,-64.75,-73.));
#3512 = VECTOR('',#3513,1.);
#3513 = DIRECTION('',(0.,1.,0.));
#3514 = PCURVE('',#223,#3515);
#3515 = DEFINITIONAL_REPRESENTATION('',(#3516),#3520);
#3516 = LINE('',#3517,#3518);
#3517 = CARTESIAN_POINT('',(10.,0.));
#3518 = VECTOR('',#3519,1.);
#3519 = DIRECTION('',(0.,-1.));
#3520 = ( GEOMETRIC_REPRESENTATION_CONTEXT(2)
PARAMETRIC_REPRESENTATION_CONTEXT() REPRESENTATION_CONTEXT('2D SPACE',''
  ) );
#3521 = PCURVE('',#195,#3522);
#3522 = DEFINITIONAL_REPRESENTATION('',(#3523),#3527);
#3523 = LINE('',#3524,#3525);
#3524 = CARTESIAN_POINT('',(-0.,0.));
#3525 = VECTOR('',#3526,1.);
#3526 = DIRECTION('',(-0.,1.));
#3527 = ( GEOMETRIC_REPRESENTATION_CONTEXT(2)
PARAMETRIC_REPRESENTATION_CONTEXT() REPRESENTATION_CONTEXT('2D SPACE',''
  ) );
#3528 = ORIENTED_EDGE('',*,*,#3529,.F.);
#3529 = EDGE_CURVE('',#3530,#3507,#3532,.T.);
#3530 = VERTEX_POINT('',#3531);
#3531 = CARTESIAN_POINT('',(-40.15,-33.7931457505,-62.3431457505));
#3532 = SURFACE_CURVE('',#3533,(#3538,#3545),.PCURVE_S1.);
#3533 = CIRCLE('',#3534,13.95);
#3534 = AXIS2_PLACEMENT_3D('',#3535,#3536,#3537);
#3535 = CARTESIAN_POINT('',(-40.15,-19.8431457505,-62.3431457505));
#3536 = DIRECTION('',(1.,0.,0.));
#3537 = DIRECTION('',(0.,0.,-1.));
#3538 = PCURVE('',#223,#3539);
#3539 = DEFINITIONAL_REPRESENTATION('',(#3540),#3544);
#3540 = CIRCLE('',#3541,13.95);
#3541 = AXIS2_PLACEMENT_2D('',#3542,#3543);
#3542 = CARTESIAN_POINT('',(20.656854249492,-44.90685424949));
#3543 = DIRECTION('',(-1.,0.));
#3544 = ( GEOMETRIC_REPRESENTATION_CONTEXT(2)
PARAMETRIC_REPRESENTATION_CONTEXT() REPRESENTATION_CONTEXT('2D SPACE',''
  ) );
#3545 = PCURVE('',#3546,#3551);
#3546 = CONICAL_SURFACE('',#3547,14.,0.785398163397);
#3547 = AXIS2_PLACEMENT_3D('',#3548,#3549,#3550);
#3548 = CARTESIAN_POINT('',(-40.2,-19.8431457505,-62.3431457505));
#3549 = DIRECTION('',(-1.,-0.,-0.));
#3550 = DIRECTION('',(0.,0.,-1.));
#3551 = DEFINITIONAL_REPRESENTATION('',(#3552),#3556);
#3552 = LINE('',#3553,#3554);
#3553 = CARTESIAN_POINT('',(-0.,-5.E-02));
#3554 = VECTOR('',#3555,1.);
#3555 = DIRECTION('',(-1.,-0.));
#3556 = ( GEOMETRIC_REPRESENTATION_CONTEXT(2)
PARAMETRIC_REPRESENTATION_CONTEXT() REPRESENTATION_CONTEXT('2D SPACE',''
  ) );
#3557 = ORIENTED_EDGE('',*,*,#3558,.F.);
#3558 = EDGE_CURVE('',#3559,#3530,#3561,.T.);
#3559 = VERTEX_POINT('',#3560);
#3560 = CARTESIAN_POINT('',(-40.15,-33.7931457505,-1.7));
#3561 = SURFACE_CURVE('',#3562,(#3566,#3572),.PCURVE_S1.);
#3562 = LINE('',#3563,#3564);
#3563 = CARTESIAN_POINT('',(-40.15,-33.7931457505,-38.35));
#3564 = VECTOR('',#3565,1.);
#3565 = DIRECTION('',(0.,0.,-1.));
#3566 = PCURVE('',#223,#3567);
#3567 = DEFINITIONAL_REPRESENTATION('',(#3568),#3571);
#3568 = B_SPLINE_CURVE_WITH_KNOTS('',1,(#3569,#3570),.UNSPECIFIED.,.F.,
  .F.,(2,2),(-36.65,23.993145750508),.PIECEWISE_BEZIER_KNOTS.);
#3569 = CARTESIAN_POINT('',(81.3,-30.95685424949));
#3570 = CARTESIAN_POINT('',(20.656854249492,-30.95685424949));
#3571 = ( GEOMETRIC_REPRESENTATION_CONTEXT(2)
PARAMETRIC_REPRESENTATION_CONTEXT() REPRESENTATION_CONTEXT('2D SPACE',''
  ) );
#3572 = PCURVE('',#3573,#3578);
#3573 = PLANE('',#3574);
#3574 = AXIS2_PLACEMENT_3D('',#3575,#3576,#3577);
#3575 = CARTESIAN_POINT('',(-34.2,-27.8431457505,6.3));
#3576 = DIRECTION('',(0.707106781187,-0.707106781187,0.));
#3577 = DIRECTION('',(0.,0.,-1.));
#3578 = DEFINITIONAL_REPRESENTATION('',(#3579),#3582);
#3579 = B_SPLINE_CURVE_WITH_KNOTS('',1,(#3580,#3581),.UNSPECIFIED.,.F.,
  .F.,(2,2),(-36.65,23.993145750508),.PIECEWISE_BEZIER_KNOTS.);
#3580 = CARTESIAN_POINT('',(8.,-8.41457069612));
#3581 = CARTESIAN_POINT('',(68.643145750508,-8.41457069612));
#3582 = ( GEOMETRIC_REPRESENTATION_CONTEXT(2)
PARAMETRIC_REPRESENTATION_CONTEXT() REPRESENTATION_CONTEXT('2D SPACE',''
  ) );
#3583 = ORIENTED_EDGE('',*,*,#3584,.F.);
#3584 = EDGE_CURVE('',#3585,#3559,#3587,.T.);
#3585 = VERTEX_POINT('',#3586);
#3586 = CARTESIAN_POINT('',(-40.15,-19.8431457505,12.25));
#3587 = SURFACE_CURVE('',#3588,(#3593,#3600),.PCURVE_S1.);
#3588 = CIRCLE('',#3589,13.95);
#3589 = AXIS2_PLACEMENT_3D('',#3590,#3591,#3592);
#3590 = CARTESIAN_POINT('',(-40.15,-19.8431457505,-1.7));
#3591 = DIRECTION('',(1.,-0.,0.));
#3592 = DIRECTION('',(0.,0.,-1.));
#3593 = PCURVE('',#223,#3594);
#3594 = DEFINITIONAL_REPRESENTATION('',(#3595),#3599);
#3595 = CIRCLE('',#3596,13.95);
#3596 = AXIS2_PLACEMENT_2D('',#3597,#3598);
#3597 = CARTESIAN_POINT('',(81.3,-44.90685424949));
#3598 = DIRECTION('',(-1.,0.));
#3599 = ( GEOMETRIC_REPRESENTATION_CONTEXT(2)
PARAMETRIC_REPRESENTATION_CONTEXT() REPRESENTATION_CONTEXT('2D SPACE',''
  ) );
#3600 = PCURVE('',#3601,#3606);
#3601 = CONICAL_SURFACE('',#3602,14.,0.785398163397);
#3602 = AXIS2_PLACEMENT_3D('',#3603,#3604,#3605);
#3603 = CARTESIAN_POINT('',(-40.2,-19.8431457505,-1.7));
#3604 = DIRECTION('',(-1.,0.,-0.));
#3605 = DIRECTION('',(0.,0.,-1.));
#3606 = DEFINITIONAL_REPRESENTATION('',(#3607),#3611);
#3607 = LINE('',#3608,#3609);
#3608 = CARTESIAN_POINT('',(-0.,-5.E-02));
#3609 = VECTOR('',#3610,1.);
#3610 = DIRECTION('',(-1.,-0.));
#3611 = ( GEOMETRIC_REPRESENTATION_CONTEXT(2)
PARAMETRIC_REPRESENTATION_CONTEXT() REPRESENTATION_CONTEXT('2D SPACE',''
  ) );
#3612 = ORIENTED_EDGE('',*,*,#3613,.F.);
#3613 = EDGE_CURVE('',#3614,#3585,#3616,.T.);
#3614 = VERTEX_POINT('',#3615);
#3615 = CARTESIAN_POINT('',(-40.15,19.843145750508,12.25));
#3616 = SURFACE_CURVE('',#3617,(#3621,#3627),.PCURVE_S1.);
#3617 = LINE('',#3618,#3619);
#3618 = CARTESIAN_POINT('',(-40.15,-18.45342712474,12.25));
#3619 = VECTOR('',#3620,1.);
#3620 = DIRECTION('',(0.,-1.,0.));
#3621 = PCURVE('',#223,#3622);
#3622 = DEFINITIONAL_REPRESENTATION('',(#3623),#3626);
#3623 = B_SPLINE_CURVE_WITH_KNOTS('',1,(#3624,#3625),.UNSPECIFIED.,.F.,
  .F.,(2,2),(-38.29657287525,1.389718625761),.PIECEWISE_BEZIER_KNOTS.);
#3624 = CARTESIAN_POINT('',(95.25,-84.5931457505));
#3625 = CARTESIAN_POINT('',(95.25,-44.90685424949));
#3626 = ( GEOMETRIC_REPRESENTATION_CONTEXT(2)
PARAMETRIC_REPRESENTATION_CONTEXT() REPRESENTATION_CONTEXT('2D SPACE',''
  ) );
#3627 = PCURVE('',#3628,#3633);
#3628 = PLANE('',#3629);
#3629 = AXIS2_PLACEMENT_3D('',#3630,#3631,#3632);
#3630 = CARTESIAN_POINT('',(-34.2,27.843145750508,6.3));
#3631 = DIRECTION('',(0.707106781187,0.,0.707106781187));
#3632 = DIRECTION('',(0.,-1.,0.));
#3633 = DEFINITIONAL_REPRESENTATION('',(#3634),#3637);
#3634 = B_SPLINE_CURVE_WITH_KNOTS('',1,(#3635,#3636),.UNSPECIFIED.,.F.,
  .F.,(2,2),(-38.29657287525,1.389718625761),.PIECEWISE_BEZIER_KNOTS.);
#3635 = CARTESIAN_POINT('',(8.,-8.41457069612));
#3636 = CARTESIAN_POINT('',(47.686291501015,-8.41457069612));
#3637 = ( GEOMETRIC_REPRESENTATION_CONTEXT(2)
PARAMETRIC_REPRESENTATION_CONTEXT() REPRESENTATION_CONTEXT('2D SPACE',''
  ) );
#3638 = ORIENTED_EDGE('',*,*,#3639,.F.);
#3639 = EDGE_CURVE('',#3640,#3614,#3642,.T.);
#3640 = VERTEX_POINT('',#3641);
#3641 = CARTESIAN_POINT('',(-40.15,33.793145750508,-1.7));
#3642 = SURFACE_CURVE('',#3643,(#3648,#3655),.PCURVE_S1.);
#3643 = CIRCLE('',#3644,13.95);
#3644 = AXIS2_PLACEMENT_3D('',#3645,#3646,#3647);
#3645 = CARTESIAN_POINT('',(-40.15,19.843145750508,-1.7));
#3646 = DIRECTION('',(1.,-0.,0.));
#3647 = DIRECTION('',(0.,0.,-1.));
#3648 = PCURVE('',#223,#3649);
#3649 = DEFINITIONAL_REPRESENTATION('',(#3650),#3654);
#3650 = CIRCLE('',#3651,13.95);
#3651 = AXIS2_PLACEMENT_2D('',#3652,#3653);
#3652 = CARTESIAN_POINT('',(81.3,-84.5931457505));
#3653 = DIRECTION('',(-1.,0.));
#3654 = ( GEOMETRIC_REPRESENTATION_CONTEXT(2)
PARAMETRIC_REPRESENTATION_CONTEXT() REPRESENTATION_CONTEXT('2D SPACE',''
  ) );
#3655 = PCURVE('',#3656,#3661);
#3656 = CONICAL_SURFACE('',#3657,14.,0.785398163397);
#3657 = AXIS2_PLACEMENT_3D('',#3658,#3659,#3660);
#3658 = CARTESIAN_POINT('',(-40.2,19.843145750508,-1.7));
#3659 = DIRECTION('',(-1.,0.,-0.));
#3660 = DIRECTION('',(0.,0.,-1.));
#3661 = DEFINITIONAL_REPRESENTATION('',(#3662),#3666);
#3662 = LINE('',#3663,#3664);
#3663 = CARTESIAN_POINT('',(-0.,-5.E-02));
#3664 = VECTOR('',#3665,1.);
#3665 = DIRECTION('',(-1.,-0.));
#3666 = ( GEOMETRIC_REPRESENTATION_CONTEXT(2)
PARAMETRIC_REPRESENTATION_CONTEXT() REPRESENTATION_CONTEXT('2D SPACE',''
  ) );
#3667 = ORIENTED_EDGE('',*,*,#3668,.F.);
#3668 = EDGE_CURVE('',#3669,#3640,#3671,.T.);
#3669 = VERTEX_POINT('',#3670);
#3670 = CARTESIAN_POINT('',(-40.15,33.793145750508,-62.3431457505));
#3671 = SURFACE_CURVE('',#3672,(#3676,#3682),.PCURVE_S1.);
#3672 = LINE('',#3673,#3674);
#3673 = CARTESIAN_POINT('',(-40.15,33.793145750508,-76.67157287525));
#3674 = VECTOR('',#3675,1.);
#3675 = DIRECTION('',(-0.,0.,1.));
#3676 = PCURVE('',#223,#3677);
#3677 = DEFINITIONAL_REPRESENTATION('',(#3678),#3681);
#3678 = B_SPLINE_CURVE_WITH_KNOTS('',1,(#3679,#3680),.UNSPECIFIED.,.F.,
  .F.,(2,2),(14.328427124746,74.971572875254),.PIECEWISE_BEZIER_KNOTS.);
#3679 = CARTESIAN_POINT('',(20.656854249492,-98.5431457505));
#3680 = CARTESIAN_POINT('',(81.3,-98.5431457505));
#3681 = ( GEOMETRIC_REPRESENTATION_CONTEXT(2)
PARAMETRIC_REPRESENTATION_CONTEXT() REPRESENTATION_CONTEXT('2D SPACE',''
  ) );
#3682 = PCURVE('',#3683,#3688);
#3683 = PLANE('',#3684);
#3684 = AXIS2_PLACEMENT_3D('',#3685,#3686,#3687);
#3685 = CARTESIAN_POINT('',(-34.2,27.843145750508,-70.3431457505));
#3686 = DIRECTION('',(0.707106781187,0.707106781187,-0.));
#3687 = DIRECTION('',(0.,0.,1.));
#3688 = DEFINITIONAL_REPRESENTATION('',(#3689),#3692);
#3689 = B_SPLINE_CURVE_WITH_KNOTS('',1,(#3690,#3691),.UNSPECIFIED.,.F.,
  .F.,(2,2),(14.328427124746,74.971572875254),.PIECEWISE_BEZIER_KNOTS.);
#3690 = CARTESIAN_POINT('',(8.,-8.41457069612));
#3691 = CARTESIAN_POINT('',(68.643145750508,-8.41457069612));
#3692 = ( GEOMETRIC_REPRESENTATION_CONTEXT(2)
PARAMETRIC_REPRESENTATION_CONTEXT() REPRESENTATION_CONTEXT('2D SPACE',''
  ) );
#3693 = ORIENTED_EDGE('',*,*,#3694,.F.);
#3694 = EDGE_CURVE('',#3695,#3669,#3697,.T.);
#3695 = VERTEX_POINT('',#3696);
#3696 = CARTESIAN_POINT('',(-40.15,28.845032080887,-73.));
#3697 = SURFACE_CURVE('',#3698,(#3703,#3710),.PCURVE_S1.);
#3698 = CIRCLE('',#3699,13.95);
#3699 = AXIS2_PLACEMENT_3D('',#3700,#3701,#3702);
#3700 = CARTESIAN_POINT('',(-40.15,19.843145750508,-62.3431457505));
#3701 = DIRECTION('',(1.,-0.,0.));
#3702 = DIRECTION('',(0.,0.,-1.));
#3703 = PCURVE('',#223,#3704);
#3704 = DEFINITIONAL_REPRESENTATION('',(#3705),#3709);
#3705 = CIRCLE('',#3706,13.95);
#3706 = AXIS2_PLACEMENT_2D('',#3707,#3708);
#3707 = CARTESIAN_POINT('',(20.656854249492,-84.5931457505));
#3708 = DIRECTION('',(-1.,0.));
#3709 = ( GEOMETRIC_REPRESENTATION_CONTEXT(2)
PARAMETRIC_REPRESENTATION_CONTEXT() REPRESENTATION_CONTEXT('2D SPACE',''
  ) );
#3710 = PCURVE('',#3711,#3716);
#3711 = CONICAL_SURFACE('',#3712,14.,0.785398163397);
#3712 = AXIS2_PLACEMENT_3D('',#3713,#3714,#3715);
#3713 = CARTESIAN_POINT('',(-40.2,19.843145750508,-62.3431457505));
#3714 = DIRECTION('',(-1.,0.,-0.));
#3715 = DIRECTION('',(0.,0.,-1.));
#3716 = DEFINITIONAL_REPRESENTATION('',(#3717),#3721);
#3717 = LINE('',#3718,#3719);
#3718 = CARTESIAN_POINT('',(-0.,-5.E-02));
#3719 = VECTOR('',#3720,1.);
#3720 = DIRECTION('',(-1.,-0.));
#3721 = ( GEOMETRIC_REPRESENTATION_CONTEXT(2)
PARAMETRIC_REPRESENTATION_CONTEXT() REPRESENTATION_CONTEXT('2D SPACE',''
  ) );
#3722 = ORIENTED_EDGE('',*,*,#3723,.T.);
#3723 = EDGE_CURVE('',#3695,#175,#3724,.T.);
#3724 = SURFACE_CURVE('',#3725,(#3729,#3736),.PCURVE_S1.);
#3725 = LINE('',#3726,#3727);
#3726 = CARTESIAN_POINT('',(-40.15,-64.75,-73.));
#3727 = VECTOR('',#3728,1.);
#3728 = DIRECTION('',(0.,1.,0.));
#3729 = PCURVE('',#223,#3730);
#3730 = DEFINITIONAL_REPRESENTATION('',(#3731),#3735);
#3731 = LINE('',#3732,#3733);
#3732 = CARTESIAN_POINT('',(10.,0.));
#3733 = VECTOR('',#3734,1.);
#3734 = DIRECTION('',(0.,-1.));
#3735 = ( GEOMETRIC_REPRESENTATION_CONTEXT(2)
PARAMETRIC_REPRESENTATION_CONTEXT() REPRESENTATION_CONTEXT('2D SPACE',''
  ) );
#3736 = PCURVE('',#195,#3737);
#3737 = DEFINITIONAL_REPRESENTATION('',(#3738),#3742);
#3738 = LINE('',#3739,#3740);
#3739 = CARTESIAN_POINT('',(-0.,0.));
#3740 = VECTOR('',#3741,1.);
#3741 = DIRECTION('',(-0.,1.));
#3742 = ( GEOMETRIC_REPRESENTATION_CONTEXT(2)
PARAMETRIC_REPRESENTATION_CONTEXT() REPRESENTATION_CONTEXT('2D SPACE',''
  ) );
#3743 = ORIENTED_EDGE('',*,*,#207,.T.);
#3744 = ORIENTED_EDGE('',*,*,#3015,.F.);
#3745 = ADVANCED_FACE('',(#3746,#3794),#105,.T.);
#3746 = FACE_BOUND('',#3747,.T.);
#3747 = EDGE_LOOP('',(#3748,#3771,#3792,#3793));
#3748 = ORIENTED_EDGE('',*,*,#3749,.F.);
#3749 = EDGE_CURVE('',#3750,#3248,#3752,.T.);
#3750 = VERTEX_POINT('',#3751);
#3751 = CARTESIAN_POINT('',(40.15,-64.75,-73.));
#3752 = SURFACE_CURVE('',#3753,(#3757,#3764),.PCURVE_S1.);
#3753 = LINE('',#3754,#3755);
#3754 = CARTESIAN_POINT('',(40.15,-64.75,-83.));
#3755 = VECTOR('',#3756,1.);
#3756 = DIRECTION('',(0.,0.,1.));
#3757 = PCURVE('',#105,#3758);
#3758 = DEFINITIONAL_REPRESENTATION('',(#3759),#3763);
#3759 = LINE('',#3760,#3761);
#3760 = CARTESIAN_POINT('',(0.,0.));
#3761 = VECTOR('',#3762,1.);
#3762 = DIRECTION('',(1.,0.));
#3763 = ( GEOMETRIC_REPRESENTATION_CONTEXT(2)
PARAMETRIC_REPRESENTATION_CONTEXT() REPRESENTATION_CONTEXT('2D SPACE',''
  ) );
#3764 = PCURVE('',#878,#3765);
#3765 = DEFINITIONAL_REPRESENTATION('',(#3766),#3770);
#3766 = LINE('',#3767,#3768);
#3767 = CARTESIAN_POINT('',(0.,80.3));
#3768 = VECTOR('',#3769,1.);
#3769 = DIRECTION('',(1.,0.));
#3770 = ( GEOMETRIC_REPRESENTATION_CONTEXT(2)
PARAMETRIC_REPRESENTATION_CONTEXT() REPRESENTATION_CONTEXT('2D SPACE',''
  ) );
#3771 = ORIENTED_EDGE('',*,*,#3772,.T.);
#3772 = EDGE_CURVE('',#3750,#90,#3773,.T.);
#3773 = SURFACE_CURVE('',#3774,(#3778,#3785),.PCURVE_S1.);
#3774 = LINE('',#3775,#3776);
#3775 = CARTESIAN_POINT('',(40.15,-64.75,-73.));
#3776 = VECTOR('',#3777,1.);
#3777 = DIRECTION('',(0.,1.,0.));
#3778 = PCURVE('',#105,#3779);
#3779 = DEFINITIONAL_REPRESENTATION('',(#3780),#3784);
#3780 = LINE('',#3781,#3782);
#3781 = CARTESIAN_POINT('',(10.,0.));
#3782 = VECTOR('',#3783,1.);
#3783 = DIRECTION('',(0.,-1.));
#3784 = ( GEOMETRIC_REPRESENTATION_CONTEXT(2)
PARAMETRIC_REPRESENTATION_CONTEXT() REPRESENTATION_CONTEXT('2D SPACE',''
  ) );
#3785 = PCURVE('',#134,#3786);
#3786 = DEFINITIONAL_REPRESENTATION('',(#3787),#3791);
#3787 = LINE('',#3788,#3789);
#3788 = CARTESIAN_POINT('',(0.,0.));
#3789 = VECTOR('',#3790,1.);
#3790 = DIRECTION('',(0.,1.));
#3791 = ( GEOMETRIC_REPRESENTATION_CONTEXT(2)
PARAMETRIC_REPRESENTATION_CONTEXT() REPRESENTATION_CONTEXT('2D SPACE',''
  ) );
#3792 = ORIENTED_EDGE('',*,*,#89,.T.);
#3793 = ORIENTED_EDGE('',*,*,#3247,.F.);
#3794 = FACE_BOUND('',#3795,.T.);
#3795 = EDGE_LOOP('',(#3796));
#3796 = ORIENTED_EDGE('',*,*,#3797,.T.);
#3797 = EDGE_CURVE('',#3798,#3798,#3800,.T.);
#3798 = VERTEX_POINT('',#3799);
#3799 = CARTESIAN_POINT('',(40.15,20.25,-8.));
#3800 = SURFACE_CURVE('',#3801,(#3806,#3817),.PCURVE_S1.);
#3801 = CIRCLE('',#3802,20.25);
#3802 = AXIS2_PLACEMENT_3D('',#3803,#3804,#3805);
#3803 = CARTESIAN_POINT('',(40.15,0.,-8.));
#3804 = DIRECTION('',(-1.,0.,0.));
#3805 = DIRECTION('',(0.,1.,0.));
#3806 = PCURVE('',#105,#3807);
#3807 = DEFINITIONAL_REPRESENTATION('',(#3808),#3816);
#3808 = ( BOUNDED_CURVE() B_SPLINE_CURVE(2,(#3809,#3810,#3811,#3812,
#3813,#3814,#3815),.UNSPECIFIED.,.T.,.F.) B_SPLINE_CURVE_WITH_KNOTS((1,2
    ,2,2,2,1),(-2.094395102393,0.,2.094395102393,4.188790204786,
6.28318530718,8.377580409573),.UNSPECIFIED.) CURVE()
GEOMETRIC_REPRESENTATION_ITEM() RATIONAL_B_SPLINE_CURVE((1.,0.5,1.,0.5,
1.,0.5,1.)) REPRESENTATION_ITEM('') );
#3809 = CARTESIAN_POINT('',(75.,-85.));
#3810 = CARTESIAN_POINT('',(39.92597114673,-85.));
#3811 = CARTESIAN_POINT('',(57.462985573365,-54.625));
#3812 = CARTESIAN_POINT('',(75.,-24.25));
#3813 = CARTESIAN_POINT('',(92.537014426635,-54.625));
#3814 = CARTESIAN_POINT('',(110.07402885327,-85.));
#3815 = CARTESIAN_POINT('',(75.,-85.));
#3816 = ( GEOMETRIC_REPRESENTATION_CONTEXT(2)
PARAMETRIC_REPRESENTATION_CONTEXT() REPRESENTATION_CONTEXT('2D SPACE',''
  ) );
#3817 = PCURVE('',#3818,#3823);
#3818 = CONICAL_SURFACE('',#3819,20.3,0.785398163397);
#3819 = AXIS2_PLACEMENT_3D('',#3820,#3821,#3822);
#3820 = CARTESIAN_POINT('',(40.2,0.,-8.));
#3821 = DIRECTION('',(1.,-0.,-0.));
#3822 = DIRECTION('',(0.,1.,0.));
#3823 = DEFINITIONAL_REPRESENTATION('',(#3824),#3828);
#3824 = LINE('',#3825,#3826);
#3825 = CARTESIAN_POINT('',(-0.,-5.E-02));
#3826 = VECTOR('',#3827,1.);
#3827 = DIRECTION('',(-1.,-0.));
#3828 = ( GEOMETRIC_REPRESENTATION_CONTEXT(2)
PARAMETRIC_REPRESENTATION_CONTEXT() REPRESENTATION_CONTEXT('2D SPACE',''
  ) );
#3829 = ADVANCED_FACE('',(#3830),#195,.T.);
#3830 = FACE_BOUND('',#3831,.F.);
#3831 = EDGE_LOOP('',(#3832,#3833,#3861,#3882,#3883,#3884,#3994,#4020));
#3832 = ORIENTED_EDGE('',*,*,#3506,.F.);
#3833 = ORIENTED_EDGE('',*,*,#3834,.T.);
#3834 = EDGE_CURVE('',#3484,#3835,#3837,.T.);
#3835 = VERTEX_POINT('',#3836);
#3836 = CARTESIAN_POINT('',(-30.15,-64.75,-83.));
#3837 = SURFACE_CURVE('',#3838,(#3843,#3850),.PCURVE_S1.);
#3838 = CIRCLE('',#3839,10.);
#3839 = AXIS2_PLACEMENT_3D('',#3840,#3841,#3842);
#3840 = CARTESIAN_POINT('',(-30.15,-64.75,-73.));
#3841 = DIRECTION('',(-0.,-1.,0.));
#3842 = DIRECTION('',(0.,-0.,1.));
#3843 = PCURVE('',#195,#3844);
#3844 = DEFINITIONAL_REPRESENTATION('',(#3845),#3849);
#3845 = LINE('',#3846,#3847);
#3846 = CARTESIAN_POINT('',(1.570796326795,-0.));
#3847 = VECTOR('',#3848,1.);
#3848 = DIRECTION('',(-1.,0.));
#3849 = ( GEOMETRIC_REPRESENTATION_CONTEXT(2)
PARAMETRIC_REPRESENTATION_CONTEXT() REPRESENTATION_CONTEXT('2D SPACE',''
  ) );
#3850 = PCURVE('',#878,#3851);
#3851 = DEFINITIONAL_REPRESENTATION('',(#3852),#3860);
#3852 = ( BOUNDED_CURVE() B_SPLINE_CURVE(2,(#3853,#3854,#3855,#3856,
#3857,#3858,#3859),.UNSPECIFIED.,.T.,.F.) B_SPLINE_CURVE_WITH_KNOTS((1,2
    ,2,2,2,1),(-2.094395102393,0.,2.094395102393,4.188790204786,
6.28318530718,8.377580409573),.UNSPECIFIED.) CURVE()
GEOMETRIC_REPRESENTATION_ITEM() RATIONAL_B_SPLINE_CURVE((1.,0.5,1.,0.5,
1.,0.5,1.)) REPRESENTATION_ITEM('') );
#3853 = CARTESIAN_POINT('',(20.,10.));
#3854 = CARTESIAN_POINT('',(20.,-7.320508075689));
#3855 = CARTESIAN_POINT('',(5.,1.339745962156));
#3856 = CARTESIAN_POINT('',(-10.,10.));
#3857 = CARTESIAN_POINT('',(5.,18.660254037844));
#3858 = CARTESIAN_POINT('',(20.,27.320508075689));
#3859 = CARTESIAN_POINT('',(20.,10.));
#3860 = ( GEOMETRIC_REPRESENTATION_CONTEXT(2)
PARAMETRIC_REPRESENTATION_CONTEXT() REPRESENTATION_CONTEXT('2D SPACE',''
  ) );
#3861 = ORIENTED_EDGE('',*,*,#3862,.T.);
#3862 = EDGE_CURVE('',#3835,#147,#3863,.T.);
#3863 = SURFACE_CURVE('',#3864,(#3868,#3875),.PCURVE_S1.);
#3864 = LINE('',#3865,#3866);
#3865 = CARTESIAN_POINT('',(-30.15,-64.75,-83.));
#3866 = VECTOR('',#3867,1.);
#3867 = DIRECTION('',(0.,1.,0.));
#3868 = PCURVE('',#195,#3869);
#3869 = DEFINITIONAL_REPRESENTATION('',(#3870),#3874);
#3870 = LINE('',#3871,#3872);
#3871 = CARTESIAN_POINT('',(-1.570796326795,0.));
#3872 = VECTOR('',#3873,1.);
#3873 = DIRECTION('',(-0.,1.));
#3874 = ( GEOMETRIC_REPRESENTATION_CONTEXT(2)
PARAMETRIC_REPRESENTATION_CONTEXT() REPRESENTATION_CONTEXT('2D SPACE',''
  ) );
#3875 = PCURVE('',#162,#3876);
#3876 = DEFINITIONAL_REPRESENTATION('',(#3877),#3881);
#3877 = LINE('',#3878,#3879);
#3878 = CARTESIAN_POINT('',(10.,0.));
#3879 = VECTOR('',#3880,1.);
#3880 = DIRECTION('',(0.,1.));
#3881 = ( GEOMETRIC_REPRESENTATION_CONTEXT(2)
PARAMETRIC_REPRESENTATION_CONTEXT() REPRESENTATION_CONTEXT('2D SPACE',''
  ) );
#3882 = ORIENTED_EDGE('',*,*,#174,.F.);
#3883 = ORIENTED_EDGE('',*,*,#3723,.F.);
#3884 = ORIENTED_EDGE('',*,*,#3885,.T.);
#3885 = EDGE_CURVE('',#3695,#3886,#3888,.T.);
#3886 = VERTEX_POINT('',#3887);
#3887 = CARTESIAN_POINT('',(-39.72874049188,19.843145750508,
    -75.87188624238));
#3888 = SURFACE_CURVE('',#3889,(#3922,#3958),.PCURVE_S1.);
#3889 = B_SPLINE_CURVE_WITH_KNOTS('',7,(#3890,#3891,#3892,#3893,#3894,
    #3895,#3896,#3897,#3898,#3899,#3900,#3901,#3902,#3903,#3904,#3905,
    #3906,#3907,#3908,#3909,#3910,#3911,#3912,#3913,#3914,#3915,#3916,
    #3917,#3918,#3919,#3920,#3921),.UNSPECIFIED.,.F.,.F.,(8,6,6,6,6,8),(
    0.,0.135759417239,0.246540538095,0.378796460872,0.557329860601,1.),
  .UNSPECIFIED.);
#3890 = CARTESIAN_POINT('',(-40.15,28.845032080887,-73.));
#3891 = CARTESIAN_POINT('',(-40.15,28.689589101812,-73.13130329042));
#3892 = CARTESIAN_POINT('',(-40.14798862864,28.531903854834,
    -73.25733509732));
#3893 = CARTESIAN_POINT('',(-40.14425644335,28.372264096679,
    -73.37836804345));
#3894 = CARTESIAN_POINT('',(-40.13904941569,28.210910801066,
    -73.49464503338));
#3895 = CARTESIAN_POINT('',(-40.13257910419,28.048041841568,
    -73.60638995018));
#3896 = CARTESIAN_POINT('',(-40.12502947735,27.883813877755,
    -73.71381336273));
#3897 = CARTESIAN_POINT('',(-40.1096495196,27.583316004439,
    -73.90140703938));
#3898 = CARTESIAN_POINT('',(-40.10212683988,27.447469000335,
    -73.98295055102));
#3899 = CARTESIAN_POINT('',(-40.09407952733,27.310870022151,
    -74.06184817415));
#3900 = CARTESIAN_POINT('',(-40.08558521048,27.173579356726,
    -74.13819428384));
#3901 = CARTESIAN_POINT('',(-40.07671328172,27.035649337045,
    -74.21207482434));
#3902 = CARTESIAN_POINT('',(-40.06752621228,26.897124691381,
    -74.28356889864));
#3903 = CARTESIAN_POINT('',(-40.04680455176,26.59200023538,
    -74.43534256989));
#3904 = CARTESIAN_POINT('',(-40.03516032441,26.425166453629,
    -74.51463719556));
#3905 = CARTESIAN_POINT('',(-40.02324462031,26.257606292261,
    -74.59075881911));
#3906 = CARTESIAN_POINT('',(-40.01114288777,26.089376946955,
    -74.66381776671));
#3907 = CARTESIAN_POINT('',(-39.99893116031,25.920528416588,
    -74.7339123527));
#3908 = CARTESIAN_POINT('',(-39.98667762894,25.751103855819,
    -74.80113112539));
#3909 = CARTESIAN_POINT('',(-39.95793022352,25.351704169445,
    -74.95252160367));
#3910 = CARTESIAN_POINT('',(-39.94145323153,25.121289866355,
    -75.03439372544));
#3911 = CARTESIAN_POINT('',(-39.92516476986,24.889988145491,
    -75.1113690295));
#3912 = CARTESIAN_POINT('',(-39.90919630556,24.657880624228,
    -75.18361557012));
#3913 = CARTESIAN_POINT('',(-39.89366212303,24.425039947738,
    -75.25127680194));
#3914 = CARTESIAN_POINT('',(-39.87866220576,24.191530326504,
    -75.31447647732));
#3915 = CARTESIAN_POINT('',(-39.8286374052,23.37690644005,
    -75.51923371611));
#3916 = CARTESIAN_POINT('',(-39.79682058079,22.792676973668,
    -75.63837399221));
#3917 = CARTESIAN_POINT('',(-39.77017645348,22.205564060667,
    -75.73240157674));
#3918 = CARTESIAN_POINT('',(-39.74960413939,21.61634519529,
    -75.80229611327));
#3919 = CARTESIAN_POINT('',(-39.73569593399,21.025751379421,
    -75.84868814121));
#3920 = CARTESIAN_POINT('',(-39.72874049188,20.434469663969,
    -75.87188624238));
#3921 = CARTESIAN_POINT('',(-39.72874049188,19.843145750508,
    -75.87188624238));
#3922 = PCURVE('',#195,#3923);
#3923 = DEFINITIONAL_REPRESENTATION('',(#3924),#3957);
#3924 = B_SPLINE_CURVE_WITH_KNOTS('',7,(#3925,#3926,#3927,#3928,#3929,
    #3930,#3931,#3932,#3933,#3934,#3935,#3936,#3937,#3938,#3939,#3940,
    #3941,#3942,#3943,#3944,#3945,#3946,#3947,#3948,#3949,#3950,#3951,
    #3952,#3953,#3954,#3955,#3956),.UNSPECIFIED.,.F.,.F.,(8,6,6,6,6,8),(
    0.,0.135759417239,0.246540538095,0.378796460872,0.557329860601,1.),
  .UNSPECIFIED.);
#3925 = CARTESIAN_POINT('',(0.,93.595032080887));
#3926 = CARTESIAN_POINT('',(-1.313032904203E-02,93.439589101813));
#3927 = CARTESIAN_POINT('',(-2.573351057995E-02,93.281903854834));
#3928 = CARTESIAN_POINT('',(-3.784049946665E-02,93.122264096679));
#3929 = CARTESIAN_POINT('',(-4.947796007498E-02,92.960910801066));
#3930 = CARTESIAN_POINT('',(-6.066976990003E-02,92.798041841568));
#3931 = CARTESIAN_POINT('',(-7.143787913198E-02,92.633813877755));
#3932 = CARTESIAN_POINT('',(-9.026018786924E-02,92.333316004439));
#3933 = CARTESIAN_POINT('',(-9.844874159822E-02,92.197469000335));
#3934 = CARTESIAN_POINT('',(-0.106378861552,92.060870022151));
#3935 = CARTESIAN_POINT('',(-0.114060032912,91.923579356726));
#3936 = CARTESIAN_POINT('',(-0.121500750549,91.785649337045));
#3937 = CARTESIAN_POINT('',(-0.128708717691,91.647124691381));
#3938 = CARTESIAN_POINT('',(-0.14402688811,91.34200023538));
#3939 = CARTESIAN_POINT('',(-0.15204098316,91.175166453629));
#3940 = CARTESIAN_POINT('',(-0.159745306844,91.007606292261));
#3941 = CARTESIAN_POINT('',(-0.167150263044,90.839376946955));
#3942 = CARTESIAN_POINT('',(-0.174264947421,90.670528416588));
#3943 = CARTESIAN_POINT('',(-0.181097412409,90.501103855819));
#3944 = CARTESIAN_POINT('',(-0.196506984185,90.101704169445));
#3945 = CARTESIAN_POINT('',(-0.204857857507,89.871289866355));
#3946 = CARTESIAN_POINT('',(-0.212725246375,89.639988145491));
#3947 = CARTESIAN_POINT('',(-0.220123791775,89.407880624228));
#3948 = CARTESIAN_POINT('',(-0.227065645338,89.175039947738));
#3949 = CARTESIAN_POINT('',(-0.23356103319,88.941530326504));
#3950 = CARTESIAN_POINT('',(-0.254638985535,88.12690644005));
#3951 = CARTESIAN_POINT('',(-0.266967731589,87.542676973668));
#3952 = CARTESIAN_POINT('',(-0.276739701734,86.955564060667));
#3953 = CARTESIAN_POINT('',(-0.284025464685,86.36634519529));
#3954 = CARTESIAN_POINT('',(-0.288868692821,85.775751379421));
#3955 = CARTESIAN_POINT('',(-0.291290524916,85.184469663969));
#3956 = CARTESIAN_POINT('',(-0.291290524916,84.593145750508));
#3957 = ( GEOMETRIC_REPRESENTATION_CONTEXT(2)
PARAMETRIC_REPRESENTATION_CONTEXT() REPRESENTATION_CONTEXT('2D SPACE',''
  ) );
#3958 = PCURVE('',#3711,#3959);
#3959 = DEFINITIONAL_REPRESENTATION('',(#3960),#3993);
#3960 = B_SPLINE_CURVE_WITH_KNOTS('',7,(#3961,#3962,#3963,#3964,#3965,
    #3966,#3967,#3968,#3969,#3970,#3971,#3972,#3973,#3974,#3975,#3976,
    #3977,#3978,#3979,#3980,#3981,#3982,#3983,#3984,#3985,#3986,#3987,
    #3988,#3989,#3990,#3991,#3992),.UNSPECIFIED.,.F.,.F.,(8,6,6,6,6,8),(
    0.,0.135759417239,0.246540538095,0.378796460872,0.557329860601,1.),
  .UNSPECIFIED.);
#3961 = CARTESIAN_POINT('',(-0.701411357657,-4.999999999997E-02));
#3962 = CARTESIAN_POINT('',(-0.68682516032,-4.999999999997E-02));
#3963 = CARTESIAN_POINT('',(-0.672360017498,-5.201137135222E-02));
#3964 = CARTESIAN_POINT('',(-0.658005182288,-5.574355664607E-02));
#3965 = CARTESIAN_POINT('',(-0.643751419211,-6.095058430284E-02));
#3966 = CARTESIAN_POINT('',(-0.629590018472,-6.742089580377E-02));
#3967 = CARTESIAN_POINT('',(-0.615512119212,-7.497052264666E-02));
#3968 = CARTESIAN_POINT('',(-0.590081111178,-9.035048039145E-02));
#3969 = CARTESIAN_POINT('',(-0.578703857598,-9.787316011841E-02));
#3970 = CARTESIAN_POINT('',(-0.567371965689,-0.105920472667));
#3971 = CARTESIAN_POINT('',(-0.556081332067,-0.11441478952));
#3972 = CARTESIAN_POINT('',(-0.544828226454,-0.123286718271));
#3973 = CARTESIAN_POINT('',(-0.533609152855,-0.132473787717));
#3974 = CARTESIAN_POINT('',(-0.509063401059,-0.153195448239));
#3975 = CARTESIAN_POINT('',(-0.495749988766,-0.164839675584));
#3976 = CARTESIAN_POINT('',(-0.482474817729,-0.176755379681));
#3977 = CARTESIAN_POINT('',(-0.469233014241,-0.188857112228));
#3978 = CARTESIAN_POINT('',(-0.456020306462,-0.201068839688));
#3979 = CARTESIAN_POINT('',(-0.44283284386,-0.213322371058));
#3980 = CARTESIAN_POINT('',(-0.41189435408,-0.242069776471));
#3981 = CARTESIAN_POINT('',(-0.394161447372,-0.258546768468));
#3982 = CARTESIAN_POINT('',(-0.376459599473,-0.274835230139));
#3983 = CARTESIAN_POINT('',(-0.358781860636,-0.290803694434));
#3984 = CARTESIAN_POINT('',(-0.341122639262,-0.306337876966));
#3985 = CARTESIAN_POINT('',(-0.323477312728,-0.321337794238));
#3986 = CARTESIAN_POINT('',(-0.262115017515,-0.371362594795));
#3987 = CARTESIAN_POINT('',(-0.218451739404,-0.403179419207));
#3988 = CARTESIAN_POINT('',(-0.174790099588,-0.429823546516));
#3989 = CARTESIAN_POINT('',(-0.131111133884,-0.450395860604));
#3990 = CARTESIAN_POINT('',(-8.741430318742E-02,-0.464304066003));
#3991 = CARTESIAN_POINT('',(-4.370871876924E-02,-0.47125950812));
#3992 = CARTESIAN_POINT('',(0.,-0.47125950812));
#3993 = ( GEOMETRIC_REPRESENTATION_CONTEXT(2)
PARAMETRIC_REPRESENTATION_CONTEXT() REPRESENTATION_CONTEXT('2D SPACE',''
  ) );
#3994 = ORIENTED_EDGE('',*,*,#3995,.F.);
#3995 = EDGE_CURVE('',#3996,#3886,#3998,.T.);
#3996 = VERTEX_POINT('',#3997);
#3997 = CARTESIAN_POINT('',(-39.72874049188,-19.8431457505,
    -75.87188624238));
#3998 = SURFACE_CURVE('',#3999,(#4003,#4009),.PCURVE_S1.);
#3999 = LINE('',#4000,#4001);
#4000 = CARTESIAN_POINT('',(-39.72874049188,-64.75,-75.87188624238));
#4001 = VECTOR('',#4002,1.);
#4002 = DIRECTION('',(0.,1.,0.));
#4003 = PCURVE('',#195,#4004);
#4004 = DEFINITIONAL_REPRESENTATION('',(#4005),#4008);
#4005 = B_SPLINE_CURVE_WITH_KNOTS('',1,(#4006,#4007),.UNSPECIFIED.,.F.,
  .F.,(2,2),(40.938225099391,88.561774900609),.PIECEWISE_BEZIER_KNOTS.);
#4006 = CARTESIAN_POINT('',(-0.291290524916,40.938225099391));
#4007 = CARTESIAN_POINT('',(-0.291290524916,88.561774900609));
#4008 = ( GEOMETRIC_REPRESENTATION_CONTEXT(2)
PARAMETRIC_REPRESENTATION_CONTEXT() REPRESENTATION_CONTEXT('2D SPACE',''
  ) );
#4009 = PCURVE('',#4010,#4015);
#4010 = PLANE('',#4011);
#4011 = AXIS2_PLACEMENT_3D('',#4012,#4013,#4014);
#4012 = CARTESIAN_POINT('',(-34.2,-27.8431457505,-70.3431457505));
#4013 = DIRECTION('',(0.707106781187,0.,-0.707106781187));
#4014 = DIRECTION('',(0.,1.,0.));
#4015 = DEFINITIONAL_REPRESENTATION('',(#4016),#4019);
#4016 = B_SPLINE_CURVE_WITH_KNOTS('',1,(#4017,#4018),.UNSPECIFIED.,.F.,
  .F.,(2,2),(40.938225099391,88.561774900609),.PIECEWISE_BEZIER_KNOTS.);
#4017 = CARTESIAN_POINT('',(4.031370849898,-7.818819786458));
#4018 = CARTESIAN_POINT('',(51.654920651117,-7.818819786458));
#4019 = ( GEOMETRIC_REPRESENTATION_CONTEXT(2)
PARAMETRIC_REPRESENTATION_CONTEXT() REPRESENTATION_CONTEXT('2D SPACE',''
  ) );
#4020 = ORIENTED_EDGE('',*,*,#4021,.F.);
#4021 = EDGE_CURVE('',#3507,#3996,#4022,.T.);
#4022 = SURFACE_CURVE('',#4023,(#4056,#4092),.PCURVE_S1.);
#4023 = B_SPLINE_CURVE_WITH_KNOTS('',7,(#4024,#4025,#4026,#4027,#4028,
    #4029,#4030,#4031,#4032,#4033,#4034,#4035,#4036,#4037,#4038,#4039,
    #4040,#4041,#4042,#4043,#4044,#4045,#4046,#4047,#4048,#4049,#4050,
    #4051,#4052,#4053,#4054,#4055),.UNSPECIFIED.,.F.,.F.,(8,6,6,6,6,8),(
    0.,0.135759417238,0.246540538094,0.378796460871,0.5573298606,1.),
  .UNSPECIFIED.);
#4024 = CARTESIAN_POINT('',(-40.15,-28.84503208088,-73.));
#4025 = CARTESIAN_POINT('',(-40.15,-28.68958910181,-73.13130329042));
#4026 = CARTESIAN_POINT('',(-40.14798862864,-28.53190385483,
    -73.25733509732));
#4027 = CARTESIAN_POINT('',(-40.14425644335,-28.37226409667,
    -73.37836804345));
#4028 = CARTESIAN_POINT('',(-40.13904941569,-28.21091080106,
    -73.49464503338));
#4029 = CARTESIAN_POINT('',(-40.13257910419,-28.04804184157,
    -73.60638995018));
#4030 = CARTESIAN_POINT('',(-40.12502947735,-27.88381387775,
    -73.71381336273));
#4031 = CARTESIAN_POINT('',(-40.1096495196,-27.58331600443,
    -73.90140703938));
#4032 = CARTESIAN_POINT('',(-40.10212683988,-27.44746900033,
    -73.98295055102));
#4033 = CARTESIAN_POINT('',(-40.09407952733,-27.31087002215,
    -74.06184817415));
#4034 = CARTESIAN_POINT('',(-40.08558521048,-27.17357935672,
    -74.13819428384));
#4035 = CARTESIAN_POINT('',(-40.07671328172,-27.03564933704,
    -74.21207482434));
#4036 = CARTESIAN_POINT('',(-40.06752621228,-26.89712469138,
    -74.28356889864));
#4037 = CARTESIAN_POINT('',(-40.04680455176,-26.59200023538,
    -74.43534256989));
#4038 = CARTESIAN_POINT('',(-40.03516032441,-26.42516645362,
    -74.51463719556));
#4039 = CARTESIAN_POINT('',(-40.02324462031,-26.25760629226,
    -74.59075881911));
#4040 = CARTESIAN_POINT('',(-40.01114288777,-26.08937694695,
    -74.66381776671));
#4041 = CARTESIAN_POINT('',(-39.99893116031,-25.92052841658,
    -74.7339123527));
#4042 = CARTESIAN_POINT('',(-39.98667762894,-25.75110385581,
    -74.80113112539));
#4043 = CARTESIAN_POINT('',(-39.95793022352,-25.35170416944,
    -74.95252160367));
#4044 = CARTESIAN_POINT('',(-39.94145323153,-25.12128986635,
    -75.03439372544));
#4045 = CARTESIAN_POINT('',(-39.92516476986,-24.88998814549,
    -75.1113690295));
#4046 = CARTESIAN_POINT('',(-39.90919630556,-24.65788062422,
    -75.18361557012));
#4047 = CARTESIAN_POINT('',(-39.89366212303,-24.42503994773,
    -75.25127680194));
#4048 = CARTESIAN_POINT('',(-39.87866220576,-24.1915303265,
    -75.31447647732));
#4049 = CARTESIAN_POINT('',(-39.8286374052,-23.37690644004,
    -75.51923371611));
#4050 = CARTESIAN_POINT('',(-39.79682058079,-22.79267697367,
    -75.63837399221));
#4051 = CARTESIAN_POINT('',(-39.77017645348,-22.20556406065,
    -75.73240157674));
#4052 = CARTESIAN_POINT('',(-39.74960413939,-21.6163451953,
    -75.80229611327));
#4053 = CARTESIAN_POINT('',(-39.73569593399,-21.02575137941,
    -75.84868814121));
#4054 = CARTESIAN_POINT('',(-39.72874049188,-20.43446966397,
    -75.87188624238));
#4055 = CARTESIAN_POINT('',(-39.72874049188,-19.8431457505,
    -75.87188624238));
#4056 = PCURVE('',#195,#4057);
#4057 = DEFINITIONAL_REPRESENTATION('',(#4058),#4091);
#4058 = B_SPLINE_CURVE_WITH_KNOTS('',7,(#4059,#4060,#4061,#4062,#4063,
    #4064,#4065,#4066,#4067,#4068,#4069,#4070,#4071,#4072,#4073,#4074,
    #4075,#4076,#4077,#4078,#4079,#4080,#4081,#4082,#4083,#4084,#4085,
    #4086,#4087,#4088,#4089,#4090),.UNSPECIFIED.,.F.,.F.,(8,6,6,6,6,8),(
    0.,0.135759417238,0.246540538094,0.378796460871,0.5573298606,1.),
  .UNSPECIFIED.);
#4059 = CARTESIAN_POINT('',(0.,35.904967919113));
#4060 = CARTESIAN_POINT('',(-1.313032904211E-02,36.060410898189));
#4061 = CARTESIAN_POINT('',(-2.573351057978E-02,36.218096145163));
#4062 = CARTESIAN_POINT('',(-3.784049946674E-02,36.377735903322));
#4063 = CARTESIAN_POINT('',(-4.947796007508E-02,36.539089198935));
#4064 = CARTESIAN_POINT('',(-6.066976989987E-02,36.701958158429));
#4065 = CARTESIAN_POINT('',(-7.143787913205E-02,36.866186122246));
#4066 = CARTESIAN_POINT('',(-9.026018786924E-02,37.166683995561));
#4067 = CARTESIAN_POINT('',(-9.844874159822E-02,37.302530999665));
#4068 = CARTESIAN_POINT('',(-0.106378861552,37.439129977849));
#4069 = CARTESIAN_POINT('',(-0.114060032912,37.576420643274));
#4070 = CARTESIAN_POINT('',(-0.121500750549,37.714350662955));
#4071 = CARTESIAN_POINT('',(-0.128708717691,37.852875308619));
#4072 = CARTESIAN_POINT('',(-0.14402688811,38.15799976462));
#4073 = CARTESIAN_POINT('',(-0.15204098316,38.324833546371));
#4074 = CARTESIAN_POINT('',(-0.159745306844,38.492393707739));
#4075 = CARTESIAN_POINT('',(-0.167150263044,38.660623053045));
#4076 = CARTESIAN_POINT('',(-0.174264947421,38.829471583412));
#4077 = CARTESIAN_POINT('',(-0.181097412409,38.998896144181));
#4078 = CARTESIAN_POINT('',(-0.196506984185,39.398295830555));
#4079 = CARTESIAN_POINT('',(-0.204857857507,39.628710133645));
#4080 = CARTESIAN_POINT('',(-0.212725246375,39.860011854509));
#4081 = CARTESIAN_POINT('',(-0.220123791775,40.092119375772));
#4082 = CARTESIAN_POINT('',(-0.227065645338,40.324960052262));
#4083 = CARTESIAN_POINT('',(-0.23356103319,40.558469673496));
#4084 = CARTESIAN_POINT('',(-0.254638985535,41.373093559951));
#4085 = CARTESIAN_POINT('',(-0.266967731589,41.957323026327));
#4086 = CARTESIAN_POINT('',(-0.276739701734,42.544435939345));
#4087 = CARTESIAN_POINT('',(-0.284025464685,43.133654804694));
#4088 = CARTESIAN_POINT('',(-0.288868692821,43.72424862059));
#4089 = CARTESIAN_POINT('',(-0.291290524916,44.315530336027));
#4090 = CARTESIAN_POINT('',(-0.291290524916,44.906854249492));
#4091 = ( GEOMETRIC_REPRESENTATION_CONTEXT(2)
PARAMETRIC_REPRESENTATION_CONTEXT() REPRESENTATION_CONTEXT('2D SPACE',''
  ) );
#4092 = PCURVE('',#3546,#4093);
#4093 = DEFINITIONAL_REPRESENTATION('',(#4094),#4127);
#4094 = B_SPLINE_CURVE_WITH_KNOTS('',7,(#4095,#4096,#4097,#4098,#4099,
    #4100,#4101,#4102,#4103,#4104,#4105,#4106,#4107,#4108,#4109,#4110,
    #4111,#4112,#4113,#4114,#4115,#4116,#4117,#4118,#4119,#4120,#4121,
    #4122,#4123,#4124,#4125,#4126),.UNSPECIFIED.,.F.,.F.,(8,6,6,6,6,8),(
    0.,0.135759417238,0.246540538094,0.378796460871,0.5573298606,1.),
  .UNSPECIFIED.);
#4095 = CARTESIAN_POINT('',(-5.581773949523,-4.999999999999E-02));
#4096 = CARTESIAN_POINT('',(-5.59636014686,-4.999999999999E-02));
#4097 = CARTESIAN_POINT('',(-5.610825289681,-5.201137135214E-02));
#4098 = CARTESIAN_POINT('',(-5.625180124892,-5.574355664614E-02));
#4099 = CARTESIAN_POINT('',(-5.639433887969,-6.095058430289E-02));
#4100 = CARTESIAN_POINT('',(-5.653595288708,-6.742089580367E-02));
#4101 = CARTESIAN_POINT('',(-5.667673187968,-7.497052264672E-02));
#4102 = CARTESIAN_POINT('',(-5.693104196001,-9.035048039144E-02));
#4103 = CARTESIAN_POINT('',(-5.704481449582,-9.787316011842E-02));
#4104 = CARTESIAN_POINT('',(-5.71581334149,-0.105920472667));
#4105 = CARTESIAN_POINT('',(-5.727103975113,-0.11441478952));
#4106 = CARTESIAN_POINT('',(-5.738357080726,-0.123286718271));
#4107 = CARTESIAN_POINT('',(-5.749576154325,-0.132473787717));
#4108 = CARTESIAN_POINT('',(-5.774121906121,-0.153195448239));
#4109 = CARTESIAN_POINT('',(-5.787435318414,-0.164839675584));
#4110 = CARTESIAN_POINT('',(-5.800710489451,-0.176755379681));
#4111 = CARTESIAN_POINT('',(-5.813952292938,-0.188857112228));
#4112 = CARTESIAN_POINT('',(-5.827165000718,-0.201068839688));
#4113 = CARTESIAN_POINT('',(-5.84035246332,-0.213322371058));
#4114 = CARTESIAN_POINT('',(-5.871290953099,-0.242069776471));
#4115 = CARTESIAN_POINT('',(-5.889023859808,-0.258546768468));
#4116 = CARTESIAN_POINT('',(-5.906725707707,-0.274835230139));
#4117 = CARTESIAN_POINT('',(-5.924403446544,-0.290803694434));
#4118 = CARTESIAN_POINT('',(-5.942062667918,-0.306337876966));
#4119 = CARTESIAN_POINT('',(-5.959707994452,-0.321337794238));
#4120 = CARTESIAN_POINT('',(-6.021070289665,-0.371362594795));
#4121 = CARTESIAN_POINT('',(-6.064733567775,-0.403179419206));
#4122 = CARTESIAN_POINT('',(-6.108395207593,-0.429823546517));
#4123 = CARTESIAN_POINT('',(-6.152074173294,-0.450395860604));
#4124 = CARTESIAN_POINT('',(-6.195771003993,-0.464304066004));
#4125 = CARTESIAN_POINT('',(-6.23947658841,-0.47125950812));
#4126 = CARTESIAN_POINT('',(-6.28318530718,-0.47125950812));
#4127 = ( GEOMETRIC_REPRESENTATION_CONTEXT(2)
PARAMETRIC_REPRESENTATION_CONTEXT() REPRESENTATION_CONTEXT('2D SPACE',''
  ) );
#4128 = ADVANCED_FACE('',(#4129),#134,.T.);
#4129 = FACE_BOUND('',#4130,.T.);
#4130 = EDGE_LOOP('',(#4131,#4155,#4176,#4177));
#4131 = ORIENTED_EDGE('',*,*,#4132,.T.);
#4132 = EDGE_CURVE('',#3750,#4133,#4135,.T.);
#4133 = VERTEX_POINT('',#4134);
#4134 = CARTESIAN_POINT('',(30.15,-64.75,-83.));
#4135 = SURFACE_CURVE('',#4136,(#4141,#4148),.PCURVE_S1.);
#4136 = CIRCLE('',#4137,10.);
#4137 = AXIS2_PLACEMENT_3D('',#4138,#4139,#4140);
#4138 = CARTESIAN_POINT('',(30.15,-64.75,-73.));
#4139 = DIRECTION('',(0.,1.,0.));
#4140 = DIRECTION('',(0.,-0.,1.));
#4141 = PCURVE('',#134,#4142);
#4142 = DEFINITIONAL_REPRESENTATION('',(#4143),#4147);
#4143 = LINE('',#4144,#4145);
#4144 = CARTESIAN_POINT('',(-1.570796326795,0.));
#4145 = VECTOR('',#4146,1.);
#4146 = DIRECTION('',(1.,0.));
#4147 = ( GEOMETRIC_REPRESENTATION_CONTEXT(2)
PARAMETRIC_REPRESENTATION_CONTEXT() REPRESENTATION_CONTEXT('2D SPACE',''
  ) );
#4148 = PCURVE('',#878,#4149);
#4149 = DEFINITIONAL_REPRESENTATION('',(#4150),#4154);
#4150 = CIRCLE('',#4151,10.);
#4151 = AXIS2_PLACEMENT_2D('',#4152,#4153);
#4152 = CARTESIAN_POINT('',(10.,70.3));
#4153 = DIRECTION('',(1.,0.));
#4154 = ( GEOMETRIC_REPRESENTATION_CONTEXT(2)
PARAMETRIC_REPRESENTATION_CONTEXT() REPRESENTATION_CONTEXT('2D SPACE',''
  ) );
#4155 = ORIENTED_EDGE('',*,*,#4156,.T.);
#4156 = EDGE_CURVE('',#4133,#118,#4157,.T.);
#4157 = SURFACE_CURVE('',#4158,(#4162,#4169),.PCURVE_S1.);
#4158 = LINE('',#4159,#4160);
#4159 = CARTESIAN_POINT('',(30.15,-64.75,-83.));
#4160 = VECTOR('',#4161,1.);
#4161 = DIRECTION('',(0.,1.,0.));
#4162 = PCURVE('',#134,#4163);
#4163 = DEFINITIONAL_REPRESENTATION('',(#4164),#4168);
#4164 = LINE('',#4165,#4166);
#4165 = CARTESIAN_POINT('',(1.570796326795,0.));
#4166 = VECTOR('',#4167,1.);
#4167 = DIRECTION('',(0.,1.));
#4168 = ( GEOMETRIC_REPRESENTATION_CONTEXT(2)
PARAMETRIC_REPRESENTATION_CONTEXT() REPRESENTATION_CONTEXT('2D SPACE',''
  ) );
#4169 = PCURVE('',#162,#4170);
#4170 = DEFINITIONAL_REPRESENTATION('',(#4171),#4175);
#4171 = LINE('',#4172,#4173);
#4172 = CARTESIAN_POINT('',(70.3,0.));
#4173 = VECTOR('',#4174,1.);
#4174 = DIRECTION('',(0.,1.));
#4175 = ( GEOMETRIC_REPRESENTATION_CONTEXT(2)
PARAMETRIC_REPRESENTATION_CONTEXT() REPRESENTATION_CONTEXT('2D SPACE',''
  ) );
#4176 = ORIENTED_EDGE('',*,*,#117,.F.);
#4177 = ORIENTED_EDGE('',*,*,#3772,.F.);
#4178 = ADVANCED_FACE('',(#4179,#4205,#4307,#4409,#4440,#4542),#162,.F.
  );
#4179 = FACE_BOUND('',#4180,.F.);
#4180 = EDGE_LOOP('',(#4181,#4182,#4183,#4204));
#4181 = ORIENTED_EDGE('',*,*,#146,.F.);
#4182 = ORIENTED_EDGE('',*,*,#3862,.F.);
#4183 = ORIENTED_EDGE('',*,*,#4184,.T.);
#4184 = EDGE_CURVE('',#3835,#4133,#4185,.T.);
#4185 = SURFACE_CURVE('',#4186,(#4190,#4197),.PCURVE_S1.);
#4186 = LINE('',#4187,#4188);
#4187 = CARTESIAN_POINT('',(-40.15,-64.75,-83.));
#4188 = VECTOR('',#4189,1.);
#4189 = DIRECTION('',(1.,0.,0.));
#4190 = PCURVE('',#162,#4191);
#4191 = DEFINITIONAL_REPRESENTATION('',(#4192),#4196);
#4192 = LINE('',#4193,#4194);
#4193 = CARTESIAN_POINT('',(0.,0.));
#4194 = VECTOR('',#4195,1.);
#4195 = DIRECTION('',(1.,0.));
#4196 = ( GEOMETRIC_REPRESENTATION_CONTEXT(2)
PARAMETRIC_REPRESENTATION_CONTEXT() REPRESENTATION_CONTEXT('2D SPACE',''
  ) );
#4197 = PCURVE('',#878,#4198);
#4198 = DEFINITIONAL_REPRESENTATION('',(#4199),#4203);
#4199 = LINE('',#4200,#4201);
#4200 = CARTESIAN_POINT('',(0.,0.));
#4201 = VECTOR('',#4202,1.);
#4202 = DIRECTION('',(0.,1.));
#4203 = ( GEOMETRIC_REPRESENTATION_CONTEXT(2)
PARAMETRIC_REPRESENTATION_CONTEXT() REPRESENTATION_CONTEXT('2D SPACE',''
  ) );
#4204 = ORIENTED_EDGE('',*,*,#4156,.T.);
#4205 = FACE_BOUND('',#4206,.F.);
#4206 = EDGE_LOOP('',(#4207,#4234,#4259,#4284));
#4207 = ORIENTED_EDGE('',*,*,#4208,.T.);
#4208 = EDGE_CURVE('',#4209,#4211,#4213,.T.);
#4209 = VERTEX_POINT('',#4210);
#4210 = CARTESIAN_POINT('',(-22.19918032786,-40.79918032786,-83.));
#4211 = VERTEX_POINT('',#4212);
#4212 = CARTESIAN_POINT('',(-22.19918032786,-48.70081967213,-83.));
#4213 = SURFACE_CURVE('',#4214,(#4217,#4223),.PCURVE_S1.);
#4214 = B_SPLINE_CURVE_WITH_KNOTS('',1,(#4215,#4216),.UNSPECIFIED.,.F.,
  .F.,(2,2),(0.,1.),.PIECEWISE_BEZIER_KNOTS.);
#4215 = CARTESIAN_POINT('',(-22.19918032786,-40.79918032786,-83.));
#4216 = CARTESIAN_POINT('',(-22.19918032786,-48.70081967213,-83.));
#4217 = PCURVE('',#162,#4218);
#4218 = DEFINITIONAL_REPRESENTATION('',(#4219),#4222);
#4219 = B_SPLINE_CURVE_WITH_KNOTS('',1,(#4220,#4221),.UNSPECIFIED.,.F.,
  .F.,(2,2),(0.,1.),.PIECEWISE_BEZIER_KNOTS.);
#4220 = CARTESIAN_POINT('',(17.950819672131,23.950819672131));
#4221 = CARTESIAN_POINT('',(17.950819672131,16.049180327869));
#4222 = ( GEOMETRIC_REPRESENTATION_CONTEXT(2)
PARAMETRIC_REPRESENTATION_CONTEXT() REPRESENTATION_CONTEXT('2D SPACE',''
  ) );
#4223 = PCURVE('',#4224,#4229);
#4224 = B_SPLINE_SURFACE_WITH_KNOTS('',1,1,(
    (#4225,#4226)
    ,(#4227,#4228
    )),.UNSPECIFIED.,.F.,.F.,.F.,(2,2),(2,2),(0.,8.),(0.,1.),
  .PIECEWISE_BEZIER_KNOTS.);
#4225 = CARTESIAN_POINT('',(-25.15,-45.75,-86.));
#4226 = CARTESIAN_POINT('',(-22.15,-48.75,-82.95));
#4227 = CARTESIAN_POINT('',(-25.15,-43.75,-86.));
#4228 = CARTESIAN_POINT('',(-22.15,-40.75,-82.95));
#4229 = DEFINITIONAL_REPRESENTATION('',(#4230),#4233);
#4230 = B_SPLINE_CURVE_WITH_KNOTS('',1,(#4231,#4232),.UNSPECIFIED.,.F.,
  .F.,(2,2),(0.,1.),.PIECEWISE_BEZIER_KNOTS.);
#4231 = CARTESIAN_POINT('',(8.,0.983606557377));
#4232 = CARTESIAN_POINT('',(0.,0.983606557377));
#4233 = ( GEOMETRIC_REPRESENTATION_CONTEXT(2)
PARAMETRIC_REPRESENTATION_CONTEXT() REPRESENTATION_CONTEXT('2D SPACE',''
  ) );
#4234 = ORIENTED_EDGE('',*,*,#4235,.T.);
#4235 = EDGE_CURVE('',#4211,#4236,#4238,.T.);
#4236 = VERTEX_POINT('',#4237);
#4237 = CARTESIAN_POINT('',(-30.10081967213,-48.70081967213,-83.));
#4238 = SURFACE_CURVE('',#4239,(#4242,#4248),.PCURVE_S1.);
#4239 = B_SPLINE_CURVE_WITH_KNOTS('',1,(#4240,#4241),.UNSPECIFIED.,.F.,
  .F.,(2,2),(0.,1.),.PIECEWISE_BEZIER_KNOTS.);
#4240 = CARTESIAN_POINT('',(-22.19918032786,-48.70081967213,-83.));
#4241 = CARTESIAN_POINT('',(-30.10081967213,-48.70081967213,-83.));
#4242 = PCURVE('',#162,#4243);
#4243 = DEFINITIONAL_REPRESENTATION('',(#4244),#4247);
#4244 = B_SPLINE_CURVE_WITH_KNOTS('',1,(#4245,#4246),.UNSPECIFIED.,.F.,
  .F.,(2,2),(0.,1.),.PIECEWISE_BEZIER_KNOTS.);
#4245 = CARTESIAN_POINT('',(17.950819672131,16.049180327869));
#4246 = CARTESIAN_POINT('',(10.049180327869,16.049180327869));
#4247 = ( GEOMETRIC_REPRESENTATION_CONTEXT(2)
PARAMETRIC_REPRESENTATION_CONTEXT() REPRESENTATION_CONTEXT('2D SPACE',''
  ) );
#4248 = PCURVE('',#4249,#4254);
#4249 = B_SPLINE_SURFACE_WITH_KNOTS('',1,1,(
    (#4250,#4251)
    ,(#4252,#4253
    )),.UNSPECIFIED.,.F.,.F.,.F.,(2,2),(2,2),(0.,8.),(0.,1.),
  .PIECEWISE_BEZIER_KNOTS.);
#4250 = CARTESIAN_POINT('',(-27.15,-45.75,-86.));
#4251 = CARTESIAN_POINT('',(-30.15,-48.75,-82.95));
#4252 = CARTESIAN_POINT('',(-25.15,-45.75,-86.));
#4253 = CARTESIAN_POINT('',(-22.15,-48.75,-82.95));
#4254 = DEFINITIONAL_REPRESENTATION('',(#4255),#4258);
#4255 = B_SPLINE_CURVE_WITH_KNOTS('',1,(#4256,#4257),.UNSPECIFIED.,.F.,
  .F.,(2,2),(0.,1.),.PIECEWISE_BEZIER_KNOTS.);
#4256 = CARTESIAN_POINT('',(8.,0.983606557377));
#4257 = CARTESIAN_POINT('',(0.,0.983606557377));
#4258 = ( GEOMETRIC_REPRESENTATION_CONTEXT(2)
PARAMETRIC_REPRESENTATION_CONTEXT() REPRESENTATION_CONTEXT('2D SPACE',''
  ) );
#4259 = ORIENTED_EDGE('',*,*,#4260,.T.);
#4260 = EDGE_CURVE('',#4236,#4261,#4263,.T.);
#4261 = VERTEX_POINT('',#4262);
#4262 = CARTESIAN_POINT('',(-30.10081967213,-40.79918032786,-83.));
#4263 = SURFACE_CURVE('',#4264,(#4267,#4273),.PCURVE_S1.);
#4264 = B_SPLINE_CURVE_WITH_KNOTS('',1,(#4265,#4266),.UNSPECIFIED.,.F.,
  .F.,(2,2),(0.,1.),.PIECEWISE_BEZIER_KNOTS.);
#4265 = CARTESIAN_POINT('',(-30.10081967213,-48.70081967213,-83.));
#4266 = CARTESIAN_POINT('',(-30.10081967213,-40.79918032786,-83.));
#4267 = PCURVE('',#162,#4268);
#4268 = DEFINITIONAL_REPRESENTATION('',(#4269),#4272);
#4269 = B_SPLINE_CURVE_WITH_KNOTS('',1,(#4270,#4271),.UNSPECIFIED.,.F.,
  .F.,(2,2),(0.,1.),.PIECEWISE_BEZIER_KNOTS.);
#4270 = CARTESIAN_POINT('',(10.049180327869,16.049180327869));
#4271 = CARTESIAN_POINT('',(10.049180327869,23.950819672131));
#4272 = ( GEOMETRIC_REPRESENTATION_CONTEXT(2)
PARAMETRIC_REPRESENTATION_CONTEXT() REPRESENTATION_CONTEXT('2D SPACE',''
  ) );
#4273 = PCURVE('',#4274,#4279);
#4274 = B_SPLINE_SURFACE_WITH_KNOTS('',1,1,(
    (#4275,#4276)
    ,(#4277,#4278
    )),.UNSPECIFIED.,.F.,.F.,.F.,(2,2),(2,2),(0.,8.),(0.,1.),
  .PIECEWISE_BEZIER_KNOTS.);
#4275 = CARTESIAN_POINT('',(-27.15,-43.75,-86.));
#4276 = CARTESIAN_POINT('',(-30.15,-40.75,-82.95));
#4277 = CARTESIAN_POINT('',(-27.15,-45.75,-86.));
#4278 = CARTESIAN_POINT('',(-30.15,-48.75,-82.95));
#4279 = DEFINITIONAL_REPRESENTATION('',(#4280),#4283);
#4280 = B_SPLINE_CURVE_WITH_KNOTS('',1,(#4281,#4282),.UNSPECIFIED.,.F.,
  .F.,(2,2),(0.,1.),.PIECEWISE_BEZIER_KNOTS.);
#4281 = CARTESIAN_POINT('',(8.,0.983606557377));
#4282 = CARTESIAN_POINT('',(0.,0.983606557377));
#4283 = ( GEOMETRIC_REPRESENTATION_CONTEXT(2)
PARAMETRIC_REPRESENTATION_CONTEXT() REPRESENTATION_CONTEXT('2D SPACE',''
  ) );
#4284 = ORIENTED_EDGE('',*,*,#4285,.T.);
#4285 = EDGE_CURVE('',#4261,#4209,#4286,.T.);
#4286 = SURFACE_CURVE('',#4287,(#4290,#4296),.PCURVE_S1.);
#4287 = B_SPLINE_CURVE_WITH_KNOTS('',1,(#4288,#4289),.UNSPECIFIED.,.F.,
  .F.,(2,2),(0.,1.),.PIECEWISE_BEZIER_KNOTS.);
#4288 = CARTESIAN_POINT('',(-30.10081967213,-40.79918032786,-83.));
#4289 = CARTESIAN_POINT('',(-22.19918032786,-40.79918032786,-83.));
#4290 = PCURVE('',#162,#4291);
#4291 = DEFINITIONAL_REPRESENTATION('',(#4292),#4295);
#4292 = B_SPLINE_CURVE_WITH_KNOTS('',1,(#4293,#4294),.UNSPECIFIED.,.F.,
  .F.,(2,2),(0.,1.),.PIECEWISE_BEZIER_KNOTS.);
#4293 = CARTESIAN_POINT('',(10.049180327869,23.950819672131));
#4294 = CARTESIAN_POINT('',(17.950819672131,23.950819672131));
#4295 = ( GEOMETRIC_REPRESENTATION_CONTEXT(2)
PARAMETRIC_REPRESENTATION_CONTEXT() REPRESENTATION_CONTEXT('2D SPACE',''
  ) );
#4296 = PCURVE('',#4297,#4302);
#4297 = B_SPLINE_SURFACE_WITH_KNOTS('',1,1,(
    (#4298,#4299)
    ,(#4300,#4301
    )),.UNSPECIFIED.,.F.,.F.,.F.,(2,2),(2,2),(0.,8.),(0.,1.),
  .PIECEWISE_BEZIER_KNOTS.);
#4298 = CARTESIAN_POINT('',(-25.15,-43.75,-86.));
#4299 = CARTESIAN_POINT('',(-22.15,-40.75,-82.95));
#4300 = CARTESIAN_POINT('',(-27.15,-43.75,-86.));
#4301 = CARTESIAN_POINT('',(-30.15,-40.75,-82.95));
#4302 = DEFINITIONAL_REPRESENTATION('',(#4303),#4306);
#4303 = B_SPLINE_CURVE_WITH_KNOTS('',1,(#4304,#4305),.UNSPECIFIED.,.F.,
  .F.,(2,2),(0.,1.),.PIECEWISE_BEZIER_KNOTS.);
#4304 = CARTESIAN_POINT('',(8.,0.983606557377));
#4305 = CARTESIAN_POINT('',(0.,0.983606557377));
#4306 = ( GEOMETRIC_REPRESENTATION_CONTEXT(2)
PARAMETRIC_REPRESENTATION_CONTEXT() REPRESENTATION_CONTEXT('2D SPACE',''
  ) );
#4307 = FACE_BOUND('',#4308,.F.);
#4308 = EDGE_LOOP('',(#4309,#4336,#4361,#4386));
#4309 = ORIENTED_EDGE('',*,*,#4310,.T.);
#4310 = EDGE_CURVE('',#4311,#4313,#4315,.T.);
#4311 = VERTEX_POINT('',#4312);
#4312 = CARTESIAN_POINT('',(30.100819672131,-40.79918032786,-83.));
#4313 = VERTEX_POINT('',#4314);
#4314 = CARTESIAN_POINT('',(30.100819672131,-48.70081967213,-83.));
#4315 = SURFACE_CURVE('',#4316,(#4319,#4325),.PCURVE_S1.);
#4316 = B_SPLINE_CURVE_WITH_KNOTS('',1,(#4317,#4318),.UNSPECIFIED.,.F.,
  .F.,(2,2),(0.,1.),.PIECEWISE_BEZIER_KNOTS.);
#4317 = CARTESIAN_POINT('',(30.100819672131,-40.79918032786,-83.));
#4318 = CARTESIAN_POINT('',(30.100819672131,-48.70081967213,-83.));
#4319 = PCURVE('',#162,#4320);
#4320 = DEFINITIONAL_REPRESENTATION('',(#4321),#4324);
#4321 = B_SPLINE_CURVE_WITH_KNOTS('',1,(#4322,#4323),.UNSPECIFIED.,.F.,
  .F.,(2,2),(0.,1.),.PIECEWISE_BEZIER_KNOTS.);
#4322 = CARTESIAN_POINT('',(70.250819672131,23.950819672131));
#4323 = CARTESIAN_POINT('',(70.250819672131,16.049180327869));
#4324 = ( GEOMETRIC_REPRESENTATION_CONTEXT(2)
PARAMETRIC_REPRESENTATION_CONTEXT() REPRESENTATION_CONTEXT('2D SPACE',''
  ) );
#4325 = PCURVE('',#4326,#4331);
#4326 = B_SPLINE_SURFACE_WITH_KNOTS('',1,1,(
    (#4327,#4328)
    ,(#4329,#4330
    )),.UNSPECIFIED.,.F.,.F.,.F.,(2,2),(2,2),(0.,8.),(0.,1.),
  .PIECEWISE_BEZIER_KNOTS.);
#4327 = CARTESIAN_POINT('',(27.15,-45.75,-86.));
#4328 = CARTESIAN_POINT('',(30.15,-48.75,-82.95));
#4329 = CARTESIAN_POINT('',(27.15,-43.75,-86.));
#4330 = CARTESIAN_POINT('',(30.15,-40.75,-82.95));
#4331 = DEFINITIONAL_REPRESENTATION('',(#4332),#4335);
#4332 = B_SPLINE_CURVE_WITH_KNOTS('',1,(#4333,#4334),.UNSPECIFIED.,.F.,
  .F.,(2,2),(0.,1.),.PIECEWISE_BEZIER_KNOTS.);
#4333 = CARTESIAN_POINT('',(8.,0.983606557377));
#4334 = CARTESIAN_POINT('',(0.,0.983606557377));
#4335 = ( GEOMETRIC_REPRESENTATION_CONTEXT(2)
PARAMETRIC_REPRESENTATION_CONTEXT() REPRESENTATION_CONTEXT('2D SPACE',''
  ) );
#4336 = ORIENTED_EDGE('',*,*,#4337,.T.);
#4337 = EDGE_CURVE('',#4313,#4338,#4340,.T.);
#4338 = VERTEX_POINT('',#4339);
#4339 = CARTESIAN_POINT('',(22.199180327869,-48.70081967213,-83.));
#4340 = SURFACE_CURVE('',#4341,(#4344,#4350),.PCURVE_S1.);
#4341 = B_SPLINE_CURVE_WITH_KNOTS('',1,(#4342,#4343),.UNSPECIFIED.,.F.,
  .F.,(2,2),(0.,1.),.PIECEWISE_BEZIER_KNOTS.);
#4342 = CARTESIAN_POINT('',(30.100819672131,-48.70081967213,-83.));
#4343 = CARTESIAN_POINT('',(22.199180327869,-48.70081967213,-83.));
#4344 = PCURVE('',#162,#4345);
#4345 = DEFINITIONAL_REPRESENTATION('',(#4346),#4349);
#4346 = B_SPLINE_CURVE_WITH_KNOTS('',1,(#4347,#4348),.UNSPECIFIED.,.F.,
  .F.,(2,2),(0.,1.),.PIECEWISE_BEZIER_KNOTS.);
#4347 = CARTESIAN_POINT('',(70.250819672131,16.049180327869));
#4348 = CARTESIAN_POINT('',(62.349180327869,16.049180327869));
#4349 = ( GEOMETRIC_REPRESENTATION_CONTEXT(2)
PARAMETRIC_REPRESENTATION_CONTEXT() REPRESENTATION_CONTEXT('2D SPACE',''
  ) );
#4350 = PCURVE('',#4351,#4356);
#4351 = B_SPLINE_SURFACE_WITH_KNOTS('',1,1,(
    (#4352,#4353)
    ,(#4354,#4355
    )),.UNSPECIFIED.,.F.,.F.,.F.,(2,2),(2,2),(0.,8.),(0.,1.),
  .PIECEWISE_BEZIER_KNOTS.);
#4352 = CARTESIAN_POINT('',(25.15,-45.75,-86.));
#4353 = CARTESIAN_POINT('',(22.15,-48.75,-82.95));
#4354 = CARTESIAN_POINT('',(27.15,-45.75,-86.));
#4355 = CARTESIAN_POINT('',(30.15,-48.75,-82.95));
#4356 = DEFINITIONAL_REPRESENTATION('',(#4357),#4360);
#4357 = B_SPLINE_CURVE_WITH_KNOTS('',1,(#4358,#4359),.UNSPECIFIED.,.F.,
  .F.,(2,2),(0.,1.),.PIECEWISE_BEZIER_KNOTS.);
#4358 = CARTESIAN_POINT('',(8.,0.983606557377));
#4359 = CARTESIAN_POINT('',(0.,0.983606557377));
#4360 = ( GEOMETRIC_REPRESENTATION_CONTEXT(2)
PARAMETRIC_REPRESENTATION_CONTEXT() REPRESENTATION_CONTEXT('2D SPACE',''
  ) );
#4361 = ORIENTED_EDGE('',*,*,#4362,.T.);
#4362 = EDGE_CURVE('',#4338,#4363,#4365,.T.);
#4363 = VERTEX_POINT('',#4364);
#4364 = CARTESIAN_POINT('',(22.199180327869,-40.79918032786,-83.));
#4365 = SURFACE_CURVE('',#4366,(#4369,#4375),.PCURVE_S1.);
#4366 = B_SPLINE_CURVE_WITH_KNOTS('',1,(#4367,#4368),.UNSPECIFIED.,.F.,
  .F.,(2,2),(0.,1.),.PIECEWISE_BEZIER_KNOTS.);
#4367 = CARTESIAN_POINT('',(22.199180327869,-48.70081967213,-83.));
#4368 = CARTESIAN_POINT('',(22.199180327869,-40.79918032786,-83.));
#4369 = PCURVE('',#162,#4370);
#4370 = DEFINITIONAL_REPRESENTATION('',(#4371),#4374);
#4371 = B_SPLINE_CURVE_WITH_KNOTS('',1,(#4372,#4373),.UNSPECIFIED.,.F.,
  .F.,(2,2),(0.,1.),.PIECEWISE_BEZIER_KNOTS.);
#4372 = CARTESIAN_POINT('',(62.349180327869,16.049180327869));
#4373 = CARTESIAN_POINT('',(62.349180327869,23.950819672131));
#4374 = ( GEOMETRIC_REPRESENTATION_CONTEXT(2)
PARAMETRIC_REPRESENTATION_CONTEXT() REPRESENTATION_CONTEXT('2D SPACE',''
  ) );
#4375 = PCURVE('',#4376,#4381);
#4376 = B_SPLINE_SURFACE_WITH_KNOTS('',1,1,(
    (#4377,#4378)
    ,(#4379,#4380
    )),.UNSPECIFIED.,.F.,.F.,.F.,(2,2),(2,2),(0.,8.),(0.,1.),
  .PIECEWISE_BEZIER_KNOTS.);
#4377 = CARTESIAN_POINT('',(25.15,-43.75,-86.));
#4378 = CARTESIAN_POINT('',(22.15,-40.75,-82.95));
#4379 = CARTESIAN_POINT('',(25.15,-45.75,-86.));
#4380 = CARTESIAN_POINT('',(22.15,-48.75,-82.95));
#4381 = DEFINITIONAL_REPRESENTATION('',(#4382),#4385);
#4382 = B_SPLINE_CURVE_WITH_KNOTS('',1,(#4383,#4384),.UNSPECIFIED.,.F.,
  .F.,(2,2),(0.,1.),.PIECEWISE_BEZIER_KNOTS.);
#4383 = CARTESIAN_POINT('',(8.,0.983606557377));
#4384 = CARTESIAN_POINT('',(0.,0.983606557377));
#4385 = ( GEOMETRIC_REPRESENTATION_CONTEXT(2)
PARAMETRIC_REPRESENTATION_CONTEXT() REPRESENTATION_CONTEXT('2D SPACE',''
  ) );
#4386 = ORIENTED_EDGE('',*,*,#4387,.T.);
#4387 = EDGE_CURVE('',#4363,#4311,#4388,.T.);
#4388 = SURFACE_CURVE('',#4389,(#4392,#4398),.PCURVE_S1.);
#4389 = B_SPLINE_CURVE_WITH_KNOTS('',1,(#4390,#4391),.UNSPECIFIED.,.F.,
  .F.,(2,2),(0.,1.),.PIECEWISE_BEZIER_KNOTS.);
#4390 = CARTESIAN_POINT('',(22.199180327869,-40.79918032786,-83.));
#4391 = CARTESIAN_POINT('',(30.100819672131,-40.79918032786,-83.));
#4392 = PCURVE('',#162,#4393);
#4393 = DEFINITIONAL_REPRESENTATION('',(#4394),#4397);
#4394 = B_SPLINE_CURVE_WITH_KNOTS('',1,(#4395,#4396),.UNSPECIFIED.,.F.,
  .F.,(2,2),(0.,1.),.PIECEWISE_BEZIER_KNOTS.);
#4395 = CARTESIAN_POINT('',(62.349180327869,23.950819672131));
#4396 = CARTESIAN_POINT('',(70.250819672131,23.950819672131));
#4397 = ( GEOMETRIC_REPRESENTATION_CONTEXT(2)
PARAMETRIC_REPRESENTATION_CONTEXT() REPRESENTATION_CONTEXT('2D SPACE',''
  ) );
#4398 = PCURVE('',#4399,#4404);
#4399 = B_SPLINE_SURFACE_WITH_KNOTS('',1,1,(
    (#4400,#4401)
    ,(#4402,#4403
    )),.UNSPECIFIED.,.F.,.F.,.F.,(2,2),(2,2),(0.,8.),(0.,1.),
  .PIECEWISE_BEZIER_KNOTS.);
#4400 = CARTESIAN_POINT('',(27.15,-43.75,-86.));
#4401 = CARTESIAN_POINT('',(30.15,-40.75,-82.95));
#4402 = CARTESIAN_POINT('',(25.15,-43.75,-86.));
#4403 = CARTESIAN_POINT('',(22.15,-40.75,-82.95));
#4404 = DEFINITIONAL_REPRESENTATION('',(#4405),#4408);
#4405 = B_SPLINE_CURVE_WITH_KNOTS('',1,(#4406,#4407),.UNSPECIFIED.,.F.,
  .F.,(2,2),(0.,1.),.PIECEWISE_BEZIER_KNOTS.);
#4406 = CARTESIAN_POINT('',(8.,0.983606557377));
#4407 = CARTESIAN_POINT('',(0.,0.983606557377));
#4408 = ( GEOMETRIC_REPRESENTATION_CONTEXT(2)
PARAMETRIC_REPRESENTATION_CONTEXT() REPRESENTATION_CONTEXT('2D SPACE',''
  ) );
#4409 = FACE_BOUND('',#4410,.F.);
#4410 = EDGE_LOOP('',(#4411));
#4411 = ORIENTED_EDGE('',*,*,#4412,.F.);
#4412 = EDGE_CURVE('',#4413,#4413,#4415,.T.);
#4413 = VERTEX_POINT('',#4414);
#4414 = CARTESIAN_POINT('',(1.7,-12.2240926625,-83.));
#4415 = SURFACE_CURVE('',#4416,(#4421,#4428),.PCURVE_S1.);
#4416 = CIRCLE('',#4417,1.7);
#4417 = AXIS2_PLACEMENT_3D('',#4418,#4419,#4420);
#4418 = CARTESIAN_POINT('',(0.,-12.2240926625,-83.));
#4419 = DIRECTION('',(0.,0.,1.));
#4420 = DIRECTION('',(1.,0.,-0.));
#4421 = PCURVE('',#162,#4422);
#4422 = DEFINITIONAL_REPRESENTATION('',(#4423),#4427);
#4423 = CIRCLE('',#4424,1.7);
#4424 = AXIS2_PLACEMENT_2D('',#4425,#4426);
#4425 = CARTESIAN_POINT('',(40.15,52.5259073375));
#4426 = DIRECTION('',(1.,0.));
#4427 = ( GEOMETRIC_REPRESENTATION_CONTEXT(2)
PARAMETRIC_REPRESENTATION_CONTEXT() REPRESENTATION_CONTEXT('2D SPACE',''
  ) );
#4428 = PCURVE('',#4429,#4434);
#4429 = CYLINDRICAL_SURFACE('',#4430,1.7);
#4430 = AXIS2_PLACEMENT_3D('',#4431,#4432,#4433);
#4431 = CARTESIAN_POINT('',(0.,-12.2240926625,-83.05));
#4432 = DIRECTION('',(0.,0.,1.));
#4433 = DIRECTION('',(1.,0.,-0.));
#4434 = DEFINITIONAL_REPRESENTATION('',(#4435),#4439);
#4435 = LINE('',#4436,#4437);
#4436 = CARTESIAN_POINT('',(0.,5.E-02));
#4437 = VECTOR('',#4438,1.);
#4438 = DIRECTION('',(1.,0.));
#4439 = ( GEOMETRIC_REPRESENTATION_CONTEXT(2)
PARAMETRIC_REPRESENTATION_CONTEXT() REPRESENTATION_CONTEXT('2D SPACE',''
  ) );
#4440 = FACE_BOUND('',#4441,.F.);
#4441 = EDGE_LOOP('',(#4442,#4469,#4494,#4519));
#4442 = ORIENTED_EDGE('',*,*,#4443,.T.);
#4443 = EDGE_CURVE('',#4444,#4446,#4448,.T.);
#4444 = VERTEX_POINT('',#4445);
#4445 = CARTESIAN_POINT('',(-22.19918032786,24.252634347131,-83.));
#4446 = VERTEX_POINT('',#4447);
#4447 = CARTESIAN_POINT('',(-22.19918032786,16.350995002869,-83.));
#4448 = SURFACE_CURVE('',#4449,(#4452,#4458),.PCURVE_S1.);
#4449 = B_SPLINE_CURVE_WITH_KNOTS('',1,(#4450,#4451),.UNSPECIFIED.,.F.,
  .F.,(2,2),(0.,1.),.PIECEWISE_BEZIER_KNOTS.);
#4450 = CARTESIAN_POINT('',(-22.19918032786,24.252634347131,-83.));
#4451 = CARTESIAN_POINT('',(-22.19918032786,16.350995002869,-83.));
#4452 = PCURVE('',#162,#4453);
#4453 = DEFINITIONAL_REPRESENTATION('',(#4454),#4457);
#4454 = B_SPLINE_CURVE_WITH_KNOTS('',1,(#4455,#4456),.UNSPECIFIED.,.F.,
  .F.,(2,2),(0.,1.),.PIECEWISE_BEZIER_KNOTS.);
#4455 = CARTESIAN_POINT('',(17.950819672131,89.002634347131));
#4456 = CARTESIAN_POINT('',(17.950819672131,81.100995002869));
#4457 = ( GEOMETRIC_REPRESENTATION_CONTEXT(2)
PARAMETRIC_REPRESENTATION_CONTEXT() REPRESENTATION_CONTEXT('2D SPACE',''
  ) );
#4458 = PCURVE('',#4459,#4464);
#4459 = B_SPLINE_SURFACE_WITH_KNOTS('',1,1,(
    (#4460,#4461)
    ,(#4462,#4463
    )),.UNSPECIFIED.,.F.,.F.,.F.,(2,2),(2,2),(0.,8.),(0.,1.),
  .PIECEWISE_BEZIER_KNOTS.);
#4460 = CARTESIAN_POINT('',(-25.15,19.301814675,-86.));
#4461 = CARTESIAN_POINT('',(-22.15,16.301814675,-82.95));
#4462 = CARTESIAN_POINT('',(-25.15,21.301814675,-86.));
#4463 = CARTESIAN_POINT('',(-22.15,24.301814675,-82.95));
#4464 = DEFINITIONAL_REPRESENTATION('',(#4465),#4468);
#4465 = B_SPLINE_CURVE_WITH_KNOTS('',1,(#4466,#4467),.UNSPECIFIED.,.F.,
  .F.,(2,2),(0.,1.),.PIECEWISE_BEZIER_KNOTS.);
#4466 = CARTESIAN_POINT('',(8.,0.983606557377));
#4467 = CARTESIAN_POINT('',(0.,0.983606557377));
#4468 = ( GEOMETRIC_REPRESENTATION_CONTEXT(2)
PARAMETRIC_REPRESENTATION_CONTEXT() REPRESENTATION_CONTEXT('2D SPACE',''
  ) );
#4469 = ORIENTED_EDGE('',*,*,#4470,.T.);
#4470 = EDGE_CURVE('',#4446,#4471,#4473,.T.);
#4471 = VERTEX_POINT('',#4472);
#4472 = CARTESIAN_POINT('',(-30.10081967213,16.350995002869,-83.));
#4473 = SURFACE_CURVE('',#4474,(#4477,#4483),.PCURVE_S1.);
#4474 = B_SPLINE_CURVE_WITH_KNOTS('',1,(#4475,#4476),.UNSPECIFIED.,.F.,
  .F.,(2,2),(0.,1.),.PIECEWISE_BEZIER_KNOTS.);
#4475 = CARTESIAN_POINT('',(-22.19918032786,16.350995002869,-83.));
#4476 = CARTESIAN_POINT('',(-30.10081967213,16.350995002869,-83.));
#4477 = PCURVE('',#162,#4478);
#4478 = DEFINITIONAL_REPRESENTATION('',(#4479),#4482);
#4479 = B_SPLINE_CURVE_WITH_KNOTS('',1,(#4480,#4481),.UNSPECIFIED.,.F.,
  .F.,(2,2),(0.,1.),.PIECEWISE_BEZIER_KNOTS.);
#4480 = CARTESIAN_POINT('',(17.950819672131,81.100995002869));
#4481 = CARTESIAN_POINT('',(10.049180327869,81.100995002869));
#4482 = ( GEOMETRIC_REPRESENTATION_CONTEXT(2)
PARAMETRIC_REPRESENTATION_CONTEXT() REPRESENTATION_CONTEXT('2D SPACE',''
  ) );
#4483 = PCURVE('',#4484,#4489);
#4484 = B_SPLINE_SURFACE_WITH_KNOTS('',1,1,(
    (#4485,#4486)
    ,(#4487,#4488
    )),.UNSPECIFIED.,.F.,.F.,.F.,(2,2),(2,2),(0.,8.),(0.,1.),
  .PIECEWISE_BEZIER_KNOTS.);
#4485 = CARTESIAN_POINT('',(-27.15,19.301814675,-86.));
#4486 = CARTESIAN_POINT('',(-30.15,16.301814675,-82.95));
#4487 = CARTESIAN_POINT('',(-25.15,19.301814675,-86.));
#4488 = CARTESIAN_POINT('',(-22.15,16.301814675,-82.95));
#4489 = DEFINITIONAL_REPRESENTATION('',(#4490),#4493);
#4490 = B_SPLINE_CURVE_WITH_KNOTS('',1,(#4491,#4492),.UNSPECIFIED.,.F.,
  .F.,(2,2),(0.,1.),.PIECEWISE_BEZIER_KNOTS.);
#4491 = CARTESIAN_POINT('',(8.,0.983606557377));
#4492 = CARTESIAN_POINT('',(0.,0.983606557377));
#4493 = ( GEOMETRIC_REPRESENTATION_CONTEXT(2)
PARAMETRIC_REPRESENTATION_CONTEXT() REPRESENTATION_CONTEXT('2D SPACE',''
  ) );
#4494 = ORIENTED_EDGE('',*,*,#4495,.T.);
#4495 = EDGE_CURVE('',#4471,#4496,#4498,.T.);
#4496 = VERTEX_POINT('',#4497);
#4497 = CARTESIAN_POINT('',(-30.10081967213,24.252634347131,-83.));
#4498 = SURFACE_CURVE('',#4499,(#4502,#4508),.PCURVE_S1.);
#4499 = B_SPLINE_CURVE_WITH_KNOTS('',1,(#4500,#4501),.UNSPECIFIED.,.F.,
  .F.,(2,2),(0.,1.),.PIECEWISE_BEZIER_KNOTS.);
#4500 = CARTESIAN_POINT('',(-30.10081967213,16.350995002869,-83.));
#4501 = CARTESIAN_POINT('',(-30.10081967213,24.252634347131,-83.));
#4502 = PCURVE('',#162,#4503);
#4503 = DEFINITIONAL_REPRESENTATION('',(#4504),#4507);
#4504 = B_SPLINE_CURVE_WITH_KNOTS('',1,(#4505,#4506),.UNSPECIFIED.,.F.,
  .F.,(2,2),(0.,1.),.PIECEWISE_BEZIER_KNOTS.);
#4505 = CARTESIAN_POINT('',(10.049180327869,81.100995002869));
#4506 = CARTESIAN_POINT('',(10.049180327869,89.002634347131));
#4507 = ( GEOMETRIC_REPRESENTATION_CONTEXT(2)
PARAMETRIC_REPRESENTATION_CONTEXT() REPRESENTATION_CONTEXT('2D SPACE',''
  ) );
#4508 = PCURVE('',#4509,#4514);
#4509 = B_SPLINE_SURFACE_WITH_KNOTS('',1,1,(
    (#4510,#4511)
    ,(#4512,#4513
    )),.UNSPECIFIED.,.F.,.F.,.F.,(2,2),(2,2),(0.,8.),(0.,1.),
  .PIECEWISE_BEZIER_KNOTS.);
#4510 = CARTESIAN_POINT('',(-27.15,21.301814675,-86.));
#4511 = CARTESIAN_POINT('',(-30.15,24.301814675,-82.95));
#4512 = CARTESIAN_POINT('',(-27.15,19.301814675,-86.));
#4513 = CARTESIAN_POINT('',(-30.15,16.301814675,-82.95));
#4514 = DEFINITIONAL_REPRESENTATION('',(#4515),#4518);
#4515 = B_SPLINE_CURVE_WITH_KNOTS('',1,(#4516,#4517),.UNSPECIFIED.,.F.,
  .F.,(2,2),(0.,1.),.PIECEWISE_BEZIER_KNOTS.);
#4516 = CARTESIAN_POINT('',(8.,0.983606557377));
#4517 = CARTESIAN_POINT('',(0.,0.983606557377));
#4518 = ( GEOMETRIC_REPRESENTATION_CONTEXT(2)
PARAMETRIC_REPRESENTATION_CONTEXT() REPRESENTATION_CONTEXT('2D SPACE',''
  ) );
#4519 = ORIENTED_EDGE('',*,*,#4520,.T.);
#4520 = EDGE_CURVE('',#4496,#4444,#4521,.T.);
#4521 = SURFACE_CURVE('',#4522,(#4525,#4531),.PCURVE_S1.);
#4522 = B_SPLINE_CURVE_WITH_KNOTS('',1,(#4523,#4524),.UNSPECIFIED.,.F.,
  .F.,(2,2),(0.,1.),.PIECEWISE_BEZIER_KNOTS.);
#4523 = CARTESIAN_POINT('',(-30.10081967213,24.252634347131,-83.));
#4524 = CARTESIAN_POINT('',(-22.19918032786,24.252634347131,-83.));
#4525 = PCURVE('',#162,#4526);
#4526 = DEFINITIONAL_REPRESENTATION('',(#4527),#4530);
#4527 = B_SPLINE_CURVE_WITH_KNOTS('',1,(#4528,#4529),.UNSPECIFIED.,.F.,
  .F.,(2,2),(0.,1.),.PIECEWISE_BEZIER_KNOTS.);
#4528 = CARTESIAN_POINT('',(10.049180327869,89.002634347131));
#4529 = CARTESIAN_POINT('',(17.950819672131,89.002634347131));
#4530 = ( GEOMETRIC_REPRESENTATION_CONTEXT(2)
PARAMETRIC_REPRESENTATION_CONTEXT() REPRESENTATION_CONTEXT('2D SPACE',''
  ) );
#4531 = PCURVE('',#4532,#4537);
#4532 = B_SPLINE_SURFACE_WITH_KNOTS('',1,1,(
    (#4533,#4534)
    ,(#4535,#4536
    )),.UNSPECIFIED.,.F.,.F.,.F.,(2,2),(2,2),(0.,8.),(0.,1.),
  .PIECEWISE_BEZIER_KNOTS.);
#4533 = CARTESIAN_POINT('',(-25.15,21.301814675,-86.));
#4534 = CARTESIAN_POINT('',(-22.15,24.301814675,-82.95));
#4535 = CARTESIAN_POINT('',(-27.15,21.301814675,-86.));
#4536 = CARTESIAN_POINT('',(-30.15,24.301814675,-82.95));
#4537 = DEFINITIONAL_REPRESENTATION('',(#4538),#4541);
#4538 = B_SPLINE_CURVE_WITH_KNOTS('',1,(#4539,#4540),.UNSPECIFIED.,.F.,
  .F.,(2,2),(0.,1.),.PIECEWISE_BEZIER_KNOTS.);
#4539 = CARTESIAN_POINT('',(8.,0.983606557377));
#4540 = CARTESIAN_POINT('',(0.,0.983606557377));
#4541 = ( GEOMETRIC_REPRESENTATION_CONTEXT(2)
PARAMETRIC_REPRESENTATION_CONTEXT() REPRESENTATION_CONTEXT('2D SPACE',''
  ) );
#4542 = FACE_BOUND('',#4543,.F.);
#4543 = EDGE_LOOP('',(#4544,#4571,#4596,#4621));
#4544 = ORIENTED_EDGE('',*,*,#4545,.T.);
#4545 = EDGE_CURVE('',#4546,#4548,#4550,.T.);
#4546 = VERTEX_POINT('',#4547);
#4547 = CARTESIAN_POINT('',(30.100819672131,24.252634347131,-83.));
#4548 = VERTEX_POINT('',#4549);
#4549 = CARTESIAN_POINT('',(30.100819672131,16.350995002869,-83.));
#4550 = SURFACE_CURVE('',#4551,(#4554,#4560),.PCURVE_S1.);
#4551 = B_SPLINE_CURVE_WITH_KNOTS('',1,(#4552,#4553),.UNSPECIFIED.,.F.,
  .F.,(2,2),(0.,1.),.PIECEWISE_BEZIER_KNOTS.);
#4552 = CARTESIAN_POINT('',(30.100819672131,24.252634347131,-83.));
#4553 = CARTESIAN_POINT('',(30.100819672131,16.350995002869,-83.));
#4554 = PCURVE('',#162,#4555);
#4555 = DEFINITIONAL_REPRESENTATION('',(#4556),#4559);
#4556 = B_SPLINE_CURVE_WITH_KNOTS('',1,(#4557,#4558),.UNSPECIFIED.,.F.,
  .F.,(2,2),(0.,1.),.PIECEWISE_BEZIER_KNOTS.);
#4557 = CARTESIAN_POINT('',(70.250819672131,89.002634347131));
#4558 = CARTESIAN_POINT('',(70.250819672131,81.100995002869));
#4559 = ( GEOMETRIC_REPRESENTATION_CONTEXT(2)
PARAMETRIC_REPRESENTATION_CONTEXT() REPRESENTATION_CONTEXT('2D SPACE',''
  ) );
#4560 = PCURVE('',#4561,#4566);
#4561 = B_SPLINE_SURFACE_WITH_KNOTS('',1,1,(
    (#4562,#4563)
    ,(#4564,#4565
    )),.UNSPECIFIED.,.F.,.F.,.F.,(2,2),(2,2),(0.,8.),(0.,1.),
  .PIECEWISE_BEZIER_KNOTS.);
#4562 = CARTESIAN_POINT('',(27.15,19.301814675,-86.));
#4563 = CARTESIAN_POINT('',(30.15,16.301814675,-82.95));
#4564 = CARTESIAN_POINT('',(27.15,21.301814675,-86.));
#4565 = CARTESIAN_POINT('',(30.15,24.301814675,-82.95));
#4566 = DEFINITIONAL_REPRESENTATION('',(#4567),#4570);
#4567 = B_SPLINE_CURVE_WITH_KNOTS('',1,(#4568,#4569),.UNSPECIFIED.,.F.,
  .F.,(2,2),(0.,1.),.PIECEWISE_BEZIER_KNOTS.);
#4568 = CARTESIAN_POINT('',(8.,0.983606557377));
#4569 = CARTESIAN_POINT('',(0.,0.983606557377));
#4570 = ( GEOMETRIC_REPRESENTATION_CONTEXT(2)
PARAMETRIC_REPRESENTATION_CONTEXT() REPRESENTATION_CONTEXT('2D SPACE',''
  ) );
#4571 = ORIENTED_EDGE('',*,*,#4572,.T.);
#4572 = EDGE_CURVE('',#4548,#4573,#4575,.T.);
#4573 = VERTEX_POINT('',#4574);
#4574 = CARTESIAN_POINT('',(22.199180327869,16.350995002869,-83.));
#4575 = SURFACE_CURVE('',#4576,(#4579,#4585),.PCURVE_S1.);
#4576 = B_SPLINE_CURVE_WITH_KNOTS('',1,(#4577,#4578),.UNSPECIFIED.,.F.,
  .F.,(2,2),(0.,1.),.PIECEWISE_BEZIER_KNOTS.);
#4577 = CARTESIAN_POINT('',(30.100819672131,16.350995002869,-83.));
#4578 = CARTESIAN_POINT('',(22.199180327869,16.350995002869,-83.));
#4579 = PCURVE('',#162,#4580);
#4580 = DEFINITIONAL_REPRESENTATION('',(#4581),#4584);
#4581 = B_SPLINE_CURVE_WITH_KNOTS('',1,(#4582,#4583),.UNSPECIFIED.,.F.,
  .F.,(2,2),(0.,1.),.PIECEWISE_BEZIER_KNOTS.);
#4582 = CARTESIAN_POINT('',(70.250819672131,81.100995002869));
#4583 = CARTESIAN_POINT('',(62.349180327869,81.100995002869));
#4584 = ( GEOMETRIC_REPRESENTATION_CONTEXT(2)
PARAMETRIC_REPRESENTATION_CONTEXT() REPRESENTATION_CONTEXT('2D SPACE',''
  ) );
#4585 = PCURVE('',#4586,#4591);
#4586 = B_SPLINE_SURFACE_WITH_KNOTS('',1,1,(
    (#4587,#4588)
    ,(#4589,#4590
    )),.UNSPECIFIED.,.F.,.F.,.F.,(2,2),(2,2),(0.,8.),(0.,1.),
  .PIECEWISE_BEZIER_KNOTS.);
#4587 = CARTESIAN_POINT('',(25.15,19.301814675,-86.));
#4588 = CARTESIAN_POINT('',(22.15,16.301814675,-82.95));
#4589 = CARTESIAN_POINT('',(27.15,19.301814675,-86.));
#4590 = CARTESIAN_POINT('',(30.15,16.301814675,-82.95));
#4591 = DEFINITIONAL_REPRESENTATION('',(#4592),#4595);
#4592 = B_SPLINE_CURVE_WITH_KNOTS('',1,(#4593,#4594),.UNSPECIFIED.,.F.,
  .F.,(2,2),(0.,1.),.PIECEWISE_BEZIER_KNOTS.);
#4593 = CARTESIAN_POINT('',(8.,0.983606557377));
#4594 = CARTESIAN_POINT('',(0.,0.983606557377));
#4595 = ( GEOMETRIC_REPRESENTATION_CONTEXT(2)
PARAMETRIC_REPRESENTATION_CONTEXT() REPRESENTATION_CONTEXT('2D SPACE',''
  ) );
#4596 = ORIENTED_EDGE('',*,*,#4597,.T.);
#4597 = EDGE_CURVE('',#4573,#4598,#4600,.T.);
#4598 = VERTEX_POINT('',#4599);
#4599 = CARTESIAN_POINT('',(22.199180327869,24.252634347131,-83.));
#4600 = SURFACE_CURVE('',#4601,(#4604,#4610),.PCURVE_S1.);
#4601 = B_SPLINE_CURVE_WITH_KNOTS('',1,(#4602,#4603),.UNSPECIFIED.,.F.,
  .F.,(2,2),(0.,1.),.PIECEWISE_BEZIER_KNOTS.);
#4602 = CARTESIAN_POINT('',(22.199180327869,16.350995002869,-83.));
#4603 = CARTESIAN_POINT('',(22.199180327869,24.252634347131,-83.));
#4604 = PCURVE('',#162,#4605);
#4605 = DEFINITIONAL_REPRESENTATION('',(#4606),#4609);
#4606 = B_SPLINE_CURVE_WITH_KNOTS('',1,(#4607,#4608),.UNSPECIFIED.,.F.,
  .F.,(2,2),(0.,1.),.PIECEWISE_BEZIER_KNOTS.);
#4607 = CARTESIAN_POINT('',(62.349180327869,81.100995002869));
#4608 = CARTESIAN_POINT('',(62.349180327869,89.002634347131));
#4609 = ( GEOMETRIC_REPRESENTATION_CONTEXT(2)
PARAMETRIC_REPRESENTATION_CONTEXT() REPRESENTATION_CONTEXT('2D SPACE',''
  ) );
#4610 = PCURVE('',#4611,#4616);
#4611 = B_SPLINE_SURFACE_WITH_KNOTS('',1,1,(
    (#4612,#4613)
    ,(#4614,#4615
    )),.UNSPECIFIED.,.F.,.F.,.F.,(2,2),(2,2),(0.,8.),(0.,1.),
  .PIECEWISE_BEZIER_KNOTS.);
#4612 = CARTESIAN_POINT('',(25.15,21.301814675,-86.));
#4613 = CARTESIAN_POINT('',(22.15,24.301814675,-82.95));
#4614 = CARTESIAN_POINT('',(25.15,19.301814675,-86.));
#4615 = CARTESIAN_POINT('',(22.15,16.301814675,-82.95));
#4616 = DEFINITIONAL_REPRESENTATION('',(#4617),#4620);
#4617 = B_SPLINE_CURVE_WITH_KNOTS('',1,(#4618,#4619),.UNSPECIFIED.,.F.,
  .F.,(2,2),(0.,1.),.PIECEWISE_BEZIER_KNOTS.);
#4618 = CARTESIAN_POINT('',(8.,0.983606557377));
#4619 = CARTESIAN_POINT('',(0.,0.983606557377));
#4620 = ( GEOMETRIC_REPRESENTATION_CONTEXT(2)
PARAMETRIC_REPRESENTATION_CONTEXT() REPRESENTATION_CONTEXT('2D SPACE',''
  ) );
#4621 = ORIENTED_EDGE('',*,*,#4622,.T.);
#4622 = EDGE_CURVE('',#4598,#4546,#4623,.T.);
#4623 = SURFACE_CURVE('',#4624,(#4627,#4633),.PCURVE_S1.);
#4624 = B_SPLINE_CURVE_WITH_KNOTS('',1,(#4625,#4626),.UNSPECIFIED.,.F.,
  .F.,(2,2),(0.,1.),.PIECEWISE_BEZIER_KNOTS.);
#4625 = CARTESIAN_POINT('',(22.199180327869,24.252634347131,-83.));
#4626 = CARTESIAN_POINT('',(30.100819672131,24.252634347131,-83.));
#4627 = PCURVE('',#162,#4628);
#4628 = DEFINITIONAL_REPRESENTATION('',(#4629),#4632);
#4629 = B_SPLINE_CURVE_WITH_KNOTS('',1,(#4630,#4631),.UNSPECIFIED.,.F.,
  .F.,(2,2),(0.,1.),.PIECEWISE_BEZIER_KNOTS.);
#4630 = CARTESIAN_POINT('',(62.349180327869,89.002634347131));
#4631 = CARTESIAN_POINT('',(70.250819672131,89.002634347131));
#4632 = ( GEOMETRIC_REPRESENTATION_CONTEXT(2)
PARAMETRIC_REPRESENTATION_CONTEXT() REPRESENTATION_CONTEXT('2D SPACE',''
  ) );
#4633 = PCURVE('',#4634,#4639);
#4634 = B_SPLINE_SURFACE_WITH_KNOTS('',1,1,(
    (#4635,#4636)
    ,(#4637,#4638
    )),.UNSPECIFIED.,.F.,.F.,.F.,(2,2),(2,2),(0.,8.),(0.,1.),
  .PIECEWISE_BEZIER_KNOTS.);
#4635 = CARTESIAN_POINT('',(27.15,21.301814675,-86.));
#4636 = CARTESIAN_POINT('',(30.15,24.301814675,-82.95));
#4637 = CARTESIAN_POINT('',(25.15,21.301814675,-86.));
#4638 = CARTESIAN_POINT('',(22.15,24.301814675,-82.95));
#4639 = DEFINITIONAL_REPRESENTATION('',(#4640),#4643);
#4640 = B_SPLINE_CURVE_WITH_KNOTS('',1,(#4641,#4642),.UNSPECIFIED.,.F.,
  .F.,(2,2),(0.,1.),.PIECEWISE_BEZIER_KNOTS.);
#4641 = CARTESIAN_POINT('',(8.,0.983606557377));
#4642 = CARTESIAN_POINT('',(0.,0.983606557377));
#4643 = ( GEOMETRIC_REPRESENTATION_CONTEXT(2)
PARAMETRIC_REPRESENTATION_CONTEXT() REPRESENTATION_CONTEXT('2D SPACE',''
  ) );
#4644 = ADVANCED_FACE('',(#4645),#283,.F.);
#4645 = FACE_BOUND('',#4646,.T.);
#4646 = EDGE_LOOP('',(#4647,#4668,#4669,#4690));
#4647 = ORIENTED_EDGE('',*,*,#4648,.F.);
#4648 = EDGE_CURVE('',#265,#4649,#4651,.T.);
#4649 = VERTEX_POINT('',#4650);
#4650 = CARTESIAN_POINT('',(-32.15,36.301814675,64.32));
#4651 = SURFACE_CURVE('',#4652,(#4656,#4662),.PCURVE_S1.);
#4652 = LINE('',#4653,#4654);
#4653 = CARTESIAN_POINT('',(-32.15,36.301814675,64.32));
#4654 = VECTOR('',#4655,1.);
#4655 = DIRECTION('',(0.707106781187,-0.707106781187,-0.));
#4656 = PCURVE('',#283,#4657);
#4657 = DEFINITIONAL_REPRESENTATION('',(#4658),#4661);
#4658 = B_SPLINE_CURVE_WITH_KNOTS('',1,(#4659,#4660),.UNSPECIFIED.,.F.,
  .F.,(2,2),(-5.656854249492,0.),.PIECEWISE_BEZIER_KNOTS.);
#4659 = CARTESIAN_POINT('',(0.,4.));
#4660 = CARTESIAN_POINT('',(0.,0.));
#4661 = ( GEOMETRIC_REPRESENTATION_CONTEXT(2)
PARAMETRIC_REPRESENTATION_CONTEXT() REPRESENTATION_CONTEXT('2D SPACE',''
  ) );
#4662 = PCURVE('',#311,#4663);
#4663 = DEFINITIONAL_REPRESENTATION('',(#4664),#4667);
#4664 = B_SPLINE_CURVE_WITH_KNOTS('',1,(#4665,#4666),.UNSPECIFIED.,.F.,
  .F.,(2,2),(-5.656854249492,0.),.PIECEWISE_BEZIER_KNOTS.);
#4665 = CARTESIAN_POINT('',(137.32,-2.828427124746));
#4666 = CARTESIAN_POINT('',(137.32,2.828427124746));
#4667 = ( GEOMETRIC_REPRESENTATION_CONTEXT(2)
PARAMETRIC_REPRESENTATION_CONTEXT() REPRESENTATION_CONTEXT('2D SPACE',''
  ) );
#4668 = ORIENTED_EDGE('',*,*,#264,.T.);
#4669 = ORIENTED_EDGE('',*,*,#4670,.T.);
#4670 = EDGE_CURVE('',#267,#4671,#4673,.T.);
#4671 = VERTEX_POINT('',#4672);
#4672 = CARTESIAN_POINT('',(-30.15,36.301814675,66.32));
#4673 = SURFACE_CURVE('',#4674,(#4678,#4684),.PCURVE_S1.);
#4674 = LINE('',#4675,#4676);
#4675 = CARTESIAN_POINT('',(-30.15,36.301814675,66.32));
#4676 = VECTOR('',#4677,1.);
#4677 = DIRECTION('',(4.329780281177E-17,-0.707106781187,-0.707106781187
    ));
#4678 = PCURVE('',#283,#4679);
#4679 = DEFINITIONAL_REPRESENTATION('',(#4680),#4683);
#4680 = B_SPLINE_CURVE_WITH_KNOTS('',1,(#4681,#4682),.UNSPECIFIED.,.F.,
  .F.,(2,2),(-5.656854249492,0.),.PIECEWISE_BEZIER_KNOTS.);
#4681 = CARTESIAN_POINT('',(1.570796326795,4.));
#4682 = CARTESIAN_POINT('',(1.570796326795,0.));
#4683 = ( GEOMETRIC_REPRESENTATION_CONTEXT(2)
PARAMETRIC_REPRESENTATION_CONTEXT() REPRESENTATION_CONTEXT('2D SPACE',''
  ) );
#4684 = PCURVE('',#592,#4685);
#4685 = DEFINITIONAL_REPRESENTATION('',(#4686),#4689);
#4686 = B_SPLINE_CURVE_WITH_KNOTS('',1,(#4687,#4688),.UNSPECIFIED.,.F.,
  .F.,(2,2),(-5.656854249492,0.),.PIECEWISE_BEZIER_KNOTS.);
#4687 = CARTESIAN_POINT('',(0.,-2.828427124746));
#4688 = CARTESIAN_POINT('',(0.,2.828427124746));
#4689 = ( GEOMETRIC_REPRESENTATION_CONTEXT(2)
PARAMETRIC_REPRESENTATION_CONTEXT() REPRESENTATION_CONTEXT('2D SPACE',''
  ) );
#4690 = ORIENTED_EDGE('',*,*,#4691,.F.);
#4691 = EDGE_CURVE('',#4649,#4671,#4692,.T.);
#4692 = SURFACE_CURVE('',#4693,(#4698,#4705),.PCURVE_S1.);
#4693 = CIRCLE('',#4694,2.);
#4694 = AXIS2_PLACEMENT_3D('',#4695,#4696,#4697);
#4695 = CARTESIAN_POINT('',(-30.15,36.301814675,64.32));
#4696 = DIRECTION('',(0.,1.,0.));
#4697 = DIRECTION('',(-1.,0.,0.));
#4698 = PCURVE('',#283,#4699);
#4699 = DEFINITIONAL_REPRESENTATION('',(#4700),#4704);
#4700 = LINE('',#4701,#4702);
#4701 = CARTESIAN_POINT('',(0.,-0.));
#4702 = VECTOR('',#4703,1.);
#4703 = DIRECTION('',(1.,-0.));
#4704 = ( GEOMETRIC_REPRESENTATION_CONTEXT(2)
PARAMETRIC_REPRESENTATION_CONTEXT() REPRESENTATION_CONTEXT('2D SPACE',''
  ) );
#4705 = PCURVE('',#4706,#4711);
#4706 = CYLINDRICAL_SURFACE('',#4707,2.);
#4707 = AXIS2_PLACEMENT_3D('',#4708,#4709,#4710);
#4708 = CARTESIAN_POINT('',(-30.15,-64.8,64.32));
#4709 = DIRECTION('',(0.,1.,0.));
#4710 = DIRECTION('',(-1.,0.,0.));
#4711 = DEFINITIONAL_REPRESENTATION('',(#4712),#4716);
#4712 = LINE('',#4713,#4714);
#4713 = CARTESIAN_POINT('',(0.,101.101814675));
#4714 = VECTOR('',#4715,1.);
#4715 = DIRECTION('',(1.,0.));
#4716 = ( GEOMETRIC_REPRESENTATION_CONTEXT(2)
PARAMETRIC_REPRESENTATION_CONTEXT() REPRESENTATION_CONTEXT('2D SPACE',''
  ) );
#4717 = ADVANCED_FACE('',(#4718),#311,.T.);
#4718 = FACE_BOUND('',#4719,.T.);
#4719 = EDGE_LOOP('',(#4720,#4741,#4742,#4743));
#4720 = ORIENTED_EDGE('',*,*,#4721,.F.);
#4721 = EDGE_CURVE('',#296,#4722,#4724,.T.);
#4722 = VERTEX_POINT('',#4723);
#4723 = CARTESIAN_POINT('',(-32.15,36.301814675,-73.));
#4724 = SURFACE_CURVE('',#4725,(#4729,#4735),.PCURVE_S1.);
#4725 = LINE('',#4726,#4727);
#4726 = CARTESIAN_POINT('',(-32.15,36.301814675,-73.));
#4727 = VECTOR('',#4728,1.);
#4728 = DIRECTION('',(0.707106781187,-0.707106781187,4.329780281177E-17)
  );
#4729 = PCURVE('',#311,#4730);
#4730 = DEFINITIONAL_REPRESENTATION('',(#4731),#4734);
#4731 = B_SPLINE_CURVE_WITH_KNOTS('',1,(#4732,#4733),.UNSPECIFIED.,.F.,
  .F.,(2,2),(-5.656854249492,0.),.PIECEWISE_BEZIER_KNOTS.);
#4732 = CARTESIAN_POINT('',(0.,-2.828427124746));
#4733 = CARTESIAN_POINT('',(0.,2.828427124746));
#4734 = ( GEOMETRIC_REPRESENTATION_CONTEXT(2)
PARAMETRIC_REPRESENTATION_CONTEXT() REPRESENTATION_CONTEXT('2D SPACE',''
  ) );
#4735 = PCURVE('',#340,#4736);
#4736 = DEFINITIONAL_REPRESENTATION('',(#4737),#4740);
#4737 = B_SPLINE_CURVE_WITH_KNOTS('',1,(#4738,#4739),.UNSPECIFIED.,.F.,
  .F.,(2,2),(-5.656854249492,0.),.PIECEWISE_BEZIER_KNOTS.);
#4738 = CARTESIAN_POINT('',(1.570796326795,4.));
#4739 = CARTESIAN_POINT('',(1.570796326795,0.));
#4740 = ( GEOMETRIC_REPRESENTATION_CONTEXT(2)
PARAMETRIC_REPRESENTATION_CONTEXT() REPRESENTATION_CONTEXT('2D SPACE',''
  ) );
#4741 = ORIENTED_EDGE('',*,*,#295,.T.);
#4742 = ORIENTED_EDGE('',*,*,#4648,.T.);
#4743 = ORIENTED_EDGE('',*,*,#4744,.F.);
#4744 = EDGE_CURVE('',#4722,#4649,#4745,.T.);
#4745 = SURFACE_CURVE('',#4746,(#4750,#4757),.PCURVE_S1.);
#4746 = LINE('',#4747,#4748);
#4747 = CARTESIAN_POINT('',(-32.15,36.301814675,-73.));
#4748 = VECTOR('',#4749,1.);
#4749 = DIRECTION('',(-0.,-0.,1.));
#4750 = PCURVE('',#311,#4751);
#4751 = DEFINITIONAL_REPRESENTATION('',(#4752),#4756);
#4752 = LINE('',#4753,#4754);
#4753 = CARTESIAN_POINT('',(0.,2.828427124746));
#4754 = VECTOR('',#4755,1.);
#4755 = DIRECTION('',(1.,0.));
#4756 = ( GEOMETRIC_REPRESENTATION_CONTEXT(2)
PARAMETRIC_REPRESENTATION_CONTEXT() REPRESENTATION_CONTEXT('2D SPACE',''
  ) );
#4757 = PCURVE('',#4758,#4763);
#4758 = PLANE('',#4759);
#4759 = AXIS2_PLACEMENT_3D('',#4760,#4761,#4762);
#4760 = CARTESIAN_POINT('',(-32.15,-64.8,-75.));
#4761 = DIRECTION('',(1.,0.,0.));
#4762 = DIRECTION('',(0.,0.,1.));
#4763 = DEFINITIONAL_REPRESENTATION('',(#4764),#4768);
#4764 = LINE('',#4765,#4766);
#4765 = CARTESIAN_POINT('',(2.,-101.101814675));
#4766 = VECTOR('',#4767,1.);
#4767 = DIRECTION('',(1.,0.));
#4768 = ( GEOMETRIC_REPRESENTATION_CONTEXT(2)
PARAMETRIC_REPRESENTATION_CONTEXT() REPRESENTATION_CONTEXT('2D SPACE',''
  ) );
#4769 = ADVANCED_FACE('',(#4770),#592,.F.);
#4770 = FACE_BOUND('',#4771,.T.);
#4771 = EDGE_LOOP('',(#4772,#4773,#4774,#4795));
#4772 = ORIENTED_EDGE('',*,*,#4670,.F.);
#4773 = ORIENTED_EDGE('',*,*,#578,.T.);
#4774 = ORIENTED_EDGE('',*,*,#4775,.T.);
#4775 = EDGE_CURVE('',#551,#4776,#4778,.T.);
#4776 = VERTEX_POINT('',#4777);
#4777 = CARTESIAN_POINT('',(-7.,36.301814675,66.32));
#4778 = SURFACE_CURVE('',#4779,(#4783,#4789),.PCURVE_S1.);
#4779 = LINE('',#4780,#4781);
#4780 = CARTESIAN_POINT('',(-7.,37.301814675,67.32));
#4781 = VECTOR('',#4782,1.);
#4782 = DIRECTION('',(0.,-0.707106781187,-0.707106781187));
#4783 = PCURVE('',#592,#4784);
#4784 = DEFINITIONAL_REPRESENTATION('',(#4785),#4788);
#4785 = B_SPLINE_CURVE_WITH_KNOTS('',1,(#4786,#4787),.UNSPECIFIED.,.F.,
  .F.,(2,2),(-4.242640687119,1.414213562373),.PIECEWISE_BEZIER_KNOTS.);
#4786 = CARTESIAN_POINT('',(-23.15,-2.828427124746));
#4787 = CARTESIAN_POINT('',(-23.15,2.828427124746));
#4788 = ( GEOMETRIC_REPRESENTATION_CONTEXT(2)
PARAMETRIC_REPRESENTATION_CONTEXT() REPRESENTATION_CONTEXT('2D SPACE',''
  ) );
#4789 = PCURVE('',#566,#4790);
#4790 = DEFINITIONAL_REPRESENTATION('',(#4791),#4794);
#4791 = B_SPLINE_CURVE_WITH_KNOTS('',1,(#4792,#4793),.UNSPECIFIED.,.F.,
  .F.,(2,2),(-4.242640687119,1.414213562373),.PIECEWISE_BEZIER_KNOTS.);
#4792 = CARTESIAN_POINT('',(4.,-4.));
#4793 = CARTESIAN_POINT('',(-1.367161731532E-16,1.367161731532E-16));
#4794 = ( GEOMETRIC_REPRESENTATION_CONTEXT(2)
PARAMETRIC_REPRESENTATION_CONTEXT() REPRESENTATION_CONTEXT('2D SPACE',''
  ) );
#4795 = ORIENTED_EDGE('',*,*,#4796,.F.);
#4796 = EDGE_CURVE('',#4671,#4776,#4797,.T.);
#4797 = SURFACE_CURVE('',#4798,(#4802,#4809),.PCURVE_S1.);
#4798 = LINE('',#4799,#4800);
#4799 = CARTESIAN_POINT('',(-30.15,36.301814675,66.32));
#4800 = VECTOR('',#4801,1.);
#4801 = DIRECTION('',(1.,0.,0.));
#4802 = PCURVE('',#592,#4803);
#4803 = DEFINITIONAL_REPRESENTATION('',(#4804),#4808);
#4804 = LINE('',#4805,#4806);
#4805 = CARTESIAN_POINT('',(-0.,2.828427124746));
#4806 = VECTOR('',#4807,1.);
#4807 = DIRECTION('',(-1.,0.));
#4808 = ( GEOMETRIC_REPRESENTATION_CONTEXT(2)
PARAMETRIC_REPRESENTATION_CONTEXT() REPRESENTATION_CONTEXT('2D SPACE',''
  ) );
#4809 = PCURVE('',#538,#4810);
#4810 = DEFINITIONAL_REPRESENTATION('',(#4811),#4815);
#4811 = LINE('',#4812,#4813);
#4812 = CARTESIAN_POINT('',(2.,101.101814675));
#4813 = VECTOR('',#4814,1.);
#4814 = DIRECTION('',(1.,0.));
#4815 = ( GEOMETRIC_REPRESENTATION_CONTEXT(2)
PARAMETRIC_REPRESENTATION_CONTEXT() REPRESENTATION_CONTEXT('2D SPACE',''
  ) );
#4816 = ADVANCED_FACE('',(#4817),#340,.F.);
#4817 = FACE_BOUND('',#4818,.T.);
#4818 = EDGE_LOOP('',(#4819,#4840,#4841,#4842));
#4819 = ORIENTED_EDGE('',*,*,#4820,.F.);
#4820 = EDGE_CURVE('',#324,#4821,#4823,.T.);
#4821 = VERTEX_POINT('',#4822);
#4822 = CARTESIAN_POINT('',(-30.15,36.301814675,-75.));
#4823 = SURFACE_CURVE('',#4824,(#4828,#4834),.PCURVE_S1.);
#4824 = LINE('',#4825,#4826);
#4825 = CARTESIAN_POINT('',(-30.15,38.301814675,-77.));
#4826 = VECTOR('',#4827,1.);
#4827 = DIRECTION('',(-5.612704753749E-34,-0.707106781187,0.707106781187
    ));
#4828 = PCURVE('',#340,#4829);
#4829 = DEFINITIONAL_REPRESENTATION('',(#4830),#4833);
#4830 = B_SPLINE_CURVE_WITH_KNOTS('',1,(#4831,#4832),.UNSPECIFIED.,.F.,
  .F.,(2,2),(-2.828427124746,2.828427124746),.PIECEWISE_BEZIER_KNOTS.);
#4831 = CARTESIAN_POINT('',(0.,4.));
#4832 = CARTESIAN_POINT('',(0.,-1.884110950421E-15));
#4833 = ( GEOMETRIC_REPRESENTATION_CONTEXT(2)
PARAMETRIC_REPRESENTATION_CONTEXT() REPRESENTATION_CONTEXT('2D SPACE',''
  ) );
#4834 = PCURVE('',#368,#4835);
#4835 = DEFINITIONAL_REPRESENTATION('',(#4836),#4839);
#4836 = B_SPLINE_CURVE_WITH_KNOTS('',1,(#4837,#4838),.UNSPECIFIED.,.F.,
  .F.,(2,2),(-2.828427124746,2.828427124746),.PIECEWISE_BEZIER_KNOTS.);
#4837 = CARTESIAN_POINT('',(60.3,-2.828427124746));
#4838 = CARTESIAN_POINT('',(60.3,2.828427124746));
#4839 = ( GEOMETRIC_REPRESENTATION_CONTEXT(2)
PARAMETRIC_REPRESENTATION_CONTEXT() REPRESENTATION_CONTEXT('2D SPACE',''
  ) );
#4840 = ORIENTED_EDGE('',*,*,#323,.T.);
#4841 = ORIENTED_EDGE('',*,*,#4721,.T.);
#4842 = ORIENTED_EDGE('',*,*,#4843,.F.);
#4843 = EDGE_CURVE('',#4821,#4722,#4844,.T.);
#4844 = SURFACE_CURVE('',#4845,(#4850,#4857),.PCURVE_S1.);
#4845 = CIRCLE('',#4846,2.);
#4846 = AXIS2_PLACEMENT_3D('',#4847,#4848,#4849);
#4847 = CARTESIAN_POINT('',(-30.15,36.301814675,-73.));
#4848 = DIRECTION('',(0.,1.,0.));
#4849 = DIRECTION('',(0.,0.,-1.));
#4850 = PCURVE('',#340,#4851);
#4851 = DEFINITIONAL_REPRESENTATION('',(#4852),#4856);
#4852 = LINE('',#4853,#4854);
#4853 = CARTESIAN_POINT('',(0.,-0.));
#4854 = VECTOR('',#4855,1.);
#4855 = DIRECTION('',(1.,-0.));
#4856 = ( GEOMETRIC_REPRESENTATION_CONTEXT(2)
PARAMETRIC_REPRESENTATION_CONTEXT() REPRESENTATION_CONTEXT('2D SPACE',''
  ) );
#4857 = PCURVE('',#4858,#4863);
#4858 = CYLINDRICAL_SURFACE('',#4859,2.);
#4859 = AXIS2_PLACEMENT_3D('',#4860,#4861,#4862);
#4860 = CARTESIAN_POINT('',(-30.15,-64.8,-73.));
#4861 = DIRECTION('',(0.,1.,0.));
#4862 = DIRECTION('',(-1.,0.,0.));
#4863 = DEFINITIONAL_REPRESENTATION('',(#4864),#4868);
#4864 = LINE('',#4865,#4866);
#4865 = CARTESIAN_POINT('',(-1.570796326795,101.101814675));
#4866 = VECTOR('',#4867,1.);
#4867 = DIRECTION('',(1.,-0.));
#4868 = ( GEOMETRIC_REPRESENTATION_CONTEXT(2)
PARAMETRIC_REPRESENTATION_CONTEXT() REPRESENTATION_CONTEXT('2D SPACE',''
  ) );
#4869 = ADVANCED_FACE('',(#4870),#566,.F.);
#4870 = FACE_BOUND('',#4871,.F.);
#4871 = EDGE_LOOP('',(#4872,#4873,#4894));
#4872 = ORIENTED_EDGE('',*,*,#4775,.T.);
#4873 = ORIENTED_EDGE('',*,*,#4874,.T.);
#4874 = EDGE_CURVE('',#4776,#523,#4875,.T.);
#4875 = SURFACE_CURVE('',#4876,(#4880,#4887),.PCURVE_S1.);
#4876 = LINE('',#4877,#4878);
#4877 = CARTESIAN_POINT('',(-7.,36.301814675,66.32));
#4878 = VECTOR('',#4879,1.);
#4879 = DIRECTION('',(0.,1.,0.));
#4880 = PCURVE('',#566,#4881);
#4881 = DEFINITIONAL_REPRESENTATION('',(#4882),#4886);
#4882 = LINE('',#4883,#4884);
#4883 = CARTESIAN_POINT('',(0.,0.));
#4884 = VECTOR('',#4885,1.);
#4885 = DIRECTION('',(0.,-1.));
#4886 = ( GEOMETRIC_REPRESENTATION_CONTEXT(2)
PARAMETRIC_REPRESENTATION_CONTEXT() REPRESENTATION_CONTEXT('2D SPACE',''
  ) );
#4887 = PCURVE('',#538,#4888);
#4888 = DEFINITIONAL_REPRESENTATION('',(#4889),#4893);
#4889 = LINE('',#4890,#4891);
#4890 = CARTESIAN_POINT('',(25.15,101.101814675));
#4891 = VECTOR('',#4892,1.);
#4892 = DIRECTION('',(0.,1.));
#4893 = ( GEOMETRIC_REPRESENTATION_CONTEXT(2)
PARAMETRIC_REPRESENTATION_CONTEXT() REPRESENTATION_CONTEXT('2D SPACE',''
  ) );
#4894 = ORIENTED_EDGE('',*,*,#550,.T.);
#4895 = ADVANCED_FACE('',(#4896),#368,.T.);
#4896 = FACE_BOUND('',#4897,.T.);
#4897 = EDGE_LOOP('',(#4898,#4919,#4920,#4921));
#4898 = ORIENTED_EDGE('',*,*,#4899,.F.);
#4899 = EDGE_CURVE('',#353,#4900,#4902,.T.);
#4900 = VERTEX_POINT('',#4901);
#4901 = CARTESIAN_POINT('',(30.15,36.301814675,-75.));
#4902 = SURFACE_CURVE('',#4903,(#4907,#4913),.PCURVE_S1.);
#4903 = LINE('',#4904,#4905);
#4904 = CARTESIAN_POINT('',(30.15,36.301814675,-75.));
#4905 = VECTOR('',#4906,1.);
#4906 = DIRECTION('',(-4.329780281177E-17,-0.707106781187,0.707106781187
    ));
#4907 = PCURVE('',#368,#4908);
#4908 = DEFINITIONAL_REPRESENTATION('',(#4909),#4912);
#4909 = B_SPLINE_CURVE_WITH_KNOTS('',1,(#4910,#4911),.UNSPECIFIED.,.F.,
  .F.,(2,2),(-5.656854249492,0.),.PIECEWISE_BEZIER_KNOTS.);
#4910 = CARTESIAN_POINT('',(0.,-2.828427124746));
#4911 = CARTESIAN_POINT('',(0.,2.828427124746));
#4912 = ( GEOMETRIC_REPRESENTATION_CONTEXT(2)
PARAMETRIC_REPRESENTATION_CONTEXT() REPRESENTATION_CONTEXT('2D SPACE',''
  ) );
#4913 = PCURVE('',#397,#4914);
#4914 = DEFINITIONAL_REPRESENTATION('',(#4915),#4918);
#4915 = B_SPLINE_CURVE_WITH_KNOTS('',1,(#4916,#4917),.UNSPECIFIED.,.F.,
  .F.,(2,2),(-5.656854249492,0.),.PIECEWISE_BEZIER_KNOTS.);
#4916 = CARTESIAN_POINT('',(1.570796326795,4.));
#4917 = CARTESIAN_POINT('',(1.570796326795,0.));
#4918 = ( GEOMETRIC_REPRESENTATION_CONTEXT(2)
PARAMETRIC_REPRESENTATION_CONTEXT() REPRESENTATION_CONTEXT('2D SPACE',''
  ) );
#4919 = ORIENTED_EDGE('',*,*,#352,.T.);
#4920 = ORIENTED_EDGE('',*,*,#4820,.T.);
#4921 = ORIENTED_EDGE('',*,*,#4922,.F.);
#4922 = EDGE_CURVE('',#4900,#4821,#4923,.T.);
#4923 = SURFACE_CURVE('',#4924,(#4928,#4935),.PCURVE_S1.);
#4924 = LINE('',#4925,#4926);
#4925 = CARTESIAN_POINT('',(30.15,36.301814675,-75.));
#4926 = VECTOR('',#4927,1.);
#4927 = DIRECTION('',(-1.,-0.,-0.));
#4928 = PCURVE('',#368,#4929);
#4929 = DEFINITIONAL_REPRESENTATION('',(#4930),#4934);
#4930 = LINE('',#4931,#4932);
#4931 = CARTESIAN_POINT('',(0.,2.828427124746));
#4932 = VECTOR('',#4933,1.);
#4933 = DIRECTION('',(1.,0.));
#4934 = ( GEOMETRIC_REPRESENTATION_CONTEXT(2)
PARAMETRIC_REPRESENTATION_CONTEXT() REPRESENTATION_CONTEXT('2D SPACE',''
  ) );
#4935 = PCURVE('',#4936,#4941);
#4936 = PLANE('',#4937);
#4937 = AXIS2_PLACEMENT_3D('',#4938,#4939,#4940);
#4938 = CARTESIAN_POINT('',(-32.15,-64.8,-75.));
#4939 = DIRECTION('',(0.,0.,1.));
#4940 = DIRECTION('',(1.,0.,0.));
#4941 = DEFINITIONAL_REPRESENTATION('',(#4942),#4946);
#4942 = LINE('',#4943,#4944);
#4943 = CARTESIAN_POINT('',(62.3,101.101814675));
#4944 = VECTOR('',#4945,1.);
#4945 = DIRECTION('',(-1.,-0.));
#4946 = ( GEOMETRIC_REPRESENTATION_CONTEXT(2)
PARAMETRIC_REPRESENTATION_CONTEXT() REPRESENTATION_CONTEXT('2D SPACE',''
  ) );
#4947 = ADVANCED_FACE('',(#4948),#538,.F.);
#4948 = FACE_BOUND('',#4949,.F.);
#4949 = EDGE_LOOP('',(#4950,#4980,#5003,#5024,#5025,#5026,#5027,#5050));
#4950 = ORIENTED_EDGE('',*,*,#4951,.T.);
#4951 = EDGE_CURVE('',#4952,#4954,#4956,.T.);
#4952 = VERTEX_POINT('',#4953);
#4953 = CARTESIAN_POINT('',(30.15,-64.75,66.32));
#4954 = VERTEX_POINT('',#4955);
#4955 = CARTESIAN_POINT('',(30.15,36.301814675,66.32));
#4956 = SURFACE_CURVE('',#4957,(#4961,#4968),.PCURVE_S1.);
#4957 = LINE('',#4958,#4959);
#4958 = CARTESIAN_POINT('',(30.15,-64.8,66.32));
#4959 = VECTOR('',#4960,1.);
#4960 = DIRECTION('',(0.,1.,0.));
#4961 = PCURVE('',#538,#4962);
#4962 = DEFINITIONAL_REPRESENTATION('',(#4963),#4967);
#4963 = LINE('',#4964,#4965);
#4964 = CARTESIAN_POINT('',(62.3,0.));
#4965 = VECTOR('',#4966,1.);
#4966 = DIRECTION('',(0.,1.));
#4967 = ( GEOMETRIC_REPRESENTATION_CONTEXT(2)
PARAMETRIC_REPRESENTATION_CONTEXT() REPRESENTATION_CONTEXT('2D SPACE',''
  ) );
#4968 = PCURVE('',#4969,#4974);
#4969 = CYLINDRICAL_SURFACE('',#4970,2.);
#4970 = AXIS2_PLACEMENT_3D('',#4971,#4972,#4973);
#4971 = CARTESIAN_POINT('',(30.15,-64.8,64.32));
#4972 = DIRECTION('',(0.,1.,0.));
#4973 = DIRECTION('',(1.,0.,-0.));
#4974 = DEFINITIONAL_REPRESENTATION('',(#4975),#4979);
#4975 = LINE('',#4976,#4977);
#4976 = CARTESIAN_POINT('',(-1.570796326795,0.));
#4977 = VECTOR('',#4978,1.);
#4978 = DIRECTION('',(-0.,1.));
#4979 = ( GEOMETRIC_REPRESENTATION_CONTEXT(2)
PARAMETRIC_REPRESENTATION_CONTEXT() REPRESENTATION_CONTEXT('2D SPACE',''
  ) );
#4980 = ORIENTED_EDGE('',*,*,#4981,.F.);
#4981 = EDGE_CURVE('',#4982,#4954,#4984,.T.);
#4982 = VERTEX_POINT('',#4983);
#4983 = CARTESIAN_POINT('',(7.,36.301814675,66.32));
#4984 = SURFACE_CURVE('',#4985,(#4989,#4996),.PCURVE_S1.);
#4985 = LINE('',#4986,#4987);
#4986 = CARTESIAN_POINT('',(-30.15,36.301814675,66.32));
#4987 = VECTOR('',#4988,1.);
#4988 = DIRECTION('',(1.,0.,0.));
#4989 = PCURVE('',#538,#4990);
#4990 = DEFINITIONAL_REPRESENTATION('',(#4991),#4995);
#4991 = LINE('',#4992,#4993);
#4992 = CARTESIAN_POINT('',(2.,101.101814675));
#4993 = VECTOR('',#4994,1.);
#4994 = DIRECTION('',(1.,0.));
#4995 = ( GEOMETRIC_REPRESENTATION_CONTEXT(2)
PARAMETRIC_REPRESENTATION_CONTEXT() REPRESENTATION_CONTEXT('2D SPACE',''
  ) );
#4996 = PCURVE('',#482,#4997);
#4997 = DEFINITIONAL_REPRESENTATION('',(#4998),#5002);
#4998 = LINE('',#4999,#5000);
#4999 = CARTESIAN_POINT('',(-0.,2.828427124746));
#5000 = VECTOR('',#5001,1.);
#5001 = DIRECTION('',(-1.,0.));
#5002 = ( GEOMETRIC_REPRESENTATION_CONTEXT(2)
PARAMETRIC_REPRESENTATION_CONTEXT() REPRESENTATION_CONTEXT('2D SPACE',''
  ) );
#5003 = ORIENTED_EDGE('',*,*,#5004,.T.);
#5004 = EDGE_CURVE('',#4982,#495,#5005,.T.);
#5005 = SURFACE_CURVE('',#5006,(#5010,#5017),.PCURVE_S1.);
#5006 = LINE('',#5007,#5008);
#5007 = CARTESIAN_POINT('',(7.,36.301814675,66.32));
#5008 = VECTOR('',#5009,1.);
#5009 = DIRECTION('',(0.,1.,0.));
#5010 = PCURVE('',#538,#5011);
#5011 = DEFINITIONAL_REPRESENTATION('',(#5012),#5016);
#5012 = LINE('',#5013,#5014);
#5013 = CARTESIAN_POINT('',(39.15,101.101814675));
#5014 = VECTOR('',#5015,1.);
#5015 = DIRECTION('',(0.,1.));
#5016 = ( GEOMETRIC_REPRESENTATION_CONTEXT(2)
PARAMETRIC_REPRESENTATION_CONTEXT() REPRESENTATION_CONTEXT('2D SPACE',''
  ) );
#5017 = PCURVE('',#510,#5018);
#5018 = DEFINITIONAL_REPRESENTATION('',(#5019),#5023);
#5019 = LINE('',#5020,#5021);
#5020 = CARTESIAN_POINT('',(0.,0.));
#5021 = VECTOR('',#5022,1.);
#5022 = DIRECTION('',(0.,-1.));
#5023 = ( GEOMETRIC_REPRESENTATION_CONTEXT(2)
PARAMETRIC_REPRESENTATION_CONTEXT() REPRESENTATION_CONTEXT('2D SPACE',''
  ) );
#5024 = ORIENTED_EDGE('',*,*,#522,.F.);
#5025 = ORIENTED_EDGE('',*,*,#4874,.F.);
#5026 = ORIENTED_EDGE('',*,*,#4796,.F.);
#5027 = ORIENTED_EDGE('',*,*,#5028,.F.);
#5028 = EDGE_CURVE('',#5029,#4671,#5031,.T.);
#5029 = VERTEX_POINT('',#5030);
#5030 = CARTESIAN_POINT('',(-30.15,-64.75,66.32));
#5031 = SURFACE_CURVE('',#5032,(#5036,#5043),.PCURVE_S1.);
#5032 = LINE('',#5033,#5034);
#5033 = CARTESIAN_POINT('',(-30.15,-64.8,66.32));
#5034 = VECTOR('',#5035,1.);
#5035 = DIRECTION('',(0.,1.,0.));
#5036 = PCURVE('',#538,#5037);
#5037 = DEFINITIONAL_REPRESENTATION('',(#5038),#5042);
#5038 = LINE('',#5039,#5040);
#5039 = CARTESIAN_POINT('',(2.,0.));
#5040 = VECTOR('',#5041,1.);
#5041 = DIRECTION('',(0.,1.));
#5042 = ( GEOMETRIC_REPRESENTATION_CONTEXT(2)
PARAMETRIC_REPRESENTATION_CONTEXT() REPRESENTATION_CONTEXT('2D SPACE',''
  ) );
#5043 = PCURVE('',#4706,#5044);
#5044 = DEFINITIONAL_REPRESENTATION('',(#5045),#5049);
#5045 = LINE('',#5046,#5047);
#5046 = CARTESIAN_POINT('',(1.570796326795,0.));
#5047 = VECTOR('',#5048,1.);
#5048 = DIRECTION('',(0.,1.));
#5049 = ( GEOMETRIC_REPRESENTATION_CONTEXT(2)
PARAMETRIC_REPRESENTATION_CONTEXT() REPRESENTATION_CONTEXT('2D SPACE',''
  ) );
#5050 = ORIENTED_EDGE('',*,*,#5051,.T.);
#5051 = EDGE_CURVE('',#5029,#4952,#5052,.T.);
#5052 = SURFACE_CURVE('',#5053,(#5057,#5064),.PCURVE_S1.);
#5053 = LINE('',#5054,#5055);
#5054 = CARTESIAN_POINT('',(-36.15,-64.75,66.32));
#5055 = VECTOR('',#5056,1.);
#5056 = DIRECTION('',(1.,0.,0.));
#5057 = PCURVE('',#538,#5058);
#5058 = DEFINITIONAL_REPRESENTATION('',(#5059),#5063);
#5059 = LINE('',#5060,#5061);
#5060 = CARTESIAN_POINT('',(-4.,5.E-02));
#5061 = VECTOR('',#5062,1.);
#5062 = DIRECTION('',(1.,0.));
#5063 = ( GEOMETRIC_REPRESENTATION_CONTEXT(2)
PARAMETRIC_REPRESENTATION_CONTEXT() REPRESENTATION_CONTEXT('2D SPACE',''
  ) );
#5064 = PCURVE('',#878,#5065);
#5065 = DEFINITIONAL_REPRESENTATION('',(#5066),#5069);
#5066 = B_SPLINE_CURVE_WITH_KNOTS('',1,(#5067,#5068),.UNSPECIFIED.,.F.,
  .F.,(2,2),(6.,66.3),.PIECEWISE_BEZIER_KNOTS.);
#5067 = CARTESIAN_POINT('',(149.32,10.));
#5068 = CARTESIAN_POINT('',(149.32,70.3));
#5069 = ( GEOMETRIC_REPRESENTATION_CONTEXT(2)
PARAMETRIC_REPRESENTATION_CONTEXT() REPRESENTATION_CONTEXT('2D SPACE',''
  ) );
#5070 = ADVANCED_FACE('',(#5071),#397,.F.);
#5071 = FACE_BOUND('',#5072,.T.);
#5072 = EDGE_LOOP('',(#5073,#5094,#5095,#5096));
#5073 = ORIENTED_EDGE('',*,*,#5074,.F.);
#5074 = EDGE_CURVE('',#381,#5075,#5077,.T.);
#5075 = VERTEX_POINT('',#5076);
#5076 = CARTESIAN_POINT('',(32.15,36.301814675,-73.));
#5077 = SURFACE_CURVE('',#5078,(#5082,#5088),.PCURVE_S1.);
#5078 = LINE('',#5079,#5080);
#5079 = CARTESIAN_POINT('',(34.15,38.301814675,-73.));
#5080 = VECTOR('',#5081,1.);
#5081 = DIRECTION('',(-0.707106781187,-0.707106781187,5.612704753749E-34
    ));
#5082 = PCURVE('',#397,#5083);
#5083 = DEFINITIONAL_REPRESENTATION('',(#5084),#5087);
#5084 = B_SPLINE_CURVE_WITH_KNOTS('',1,(#5085,#5086),.UNSPECIFIED.,.F.,
  .F.,(2,2),(-2.828427124746,2.828427124746),.PIECEWISE_BEZIER_KNOTS.);
#5085 = CARTESIAN_POINT('',(0.,4.));
#5086 = CARTESIAN_POINT('',(0.,3.140184917368E-15));
#5087 = ( GEOMETRIC_REPRESENTATION_CONTEXT(2)
PARAMETRIC_REPRESENTATION_CONTEXT() REPRESENTATION_CONTEXT('2D SPACE',''
  ) );
#5088 = PCURVE('',#425,#5089);
#5089 = DEFINITIONAL_REPRESENTATION('',(#5090),#5093);
#5090 = B_SPLINE_CURVE_WITH_KNOTS('',1,(#5091,#5092),.UNSPECIFIED.,.F.,
  .F.,(2,2),(-2.828427124746,2.828427124746),.PIECEWISE_BEZIER_KNOTS.);
#5091 = CARTESIAN_POINT('',(-137.32,-2.828427124746));
#5092 = CARTESIAN_POINT('',(-137.32,2.828427124746));
#5093 = ( GEOMETRIC_REPRESENTATION_CONTEXT(2)
PARAMETRIC_REPRESENTATION_CONTEXT() REPRESENTATION_CONTEXT('2D SPACE',''
  ) );
#5094 = ORIENTED_EDGE('',*,*,#380,.T.);
#5095 = ORIENTED_EDGE('',*,*,#4899,.T.);
#5096 = ORIENTED_EDGE('',*,*,#5097,.F.);
#5097 = EDGE_CURVE('',#5075,#4900,#5098,.T.);
#5098 = SURFACE_CURVE('',#5099,(#5104,#5111),.PCURVE_S1.);
#5099 = CIRCLE('',#5100,2.);
#5100 = AXIS2_PLACEMENT_3D('',#5101,#5102,#5103);
#5101 = CARTESIAN_POINT('',(30.15,36.301814675,-73.));
#5102 = DIRECTION('',(-0.,1.,0.));
#5103 = DIRECTION('',(1.,0.,0.));
#5104 = PCURVE('',#397,#5105);
#5105 = DEFINITIONAL_REPRESENTATION('',(#5106),#5110);
#5106 = LINE('',#5107,#5108);
#5107 = CARTESIAN_POINT('',(0.,-0.));
#5108 = VECTOR('',#5109,1.);
#5109 = DIRECTION('',(1.,-0.));
#5110 = ( GEOMETRIC_REPRESENTATION_CONTEXT(2)
PARAMETRIC_REPRESENTATION_CONTEXT() REPRESENTATION_CONTEXT('2D SPACE',''
  ) );
#5111 = PCURVE('',#5112,#5117);
#5112 = CYLINDRICAL_SURFACE('',#5113,2.);
#5113 = AXIS2_PLACEMENT_3D('',#5114,#5115,#5116);
#5114 = CARTESIAN_POINT('',(30.15,-64.8,-73.));
#5115 = DIRECTION('',(0.,1.,0.));
#5116 = DIRECTION('',(1.,0.,-0.));
#5117 = DEFINITIONAL_REPRESENTATION('',(#5118),#5122);
#5118 = LINE('',#5119,#5120);
#5119 = CARTESIAN_POINT('',(0.,101.101814675));
#5120 = VECTOR('',#5121,1.);
#5121 = DIRECTION('',(1.,0.));
#5122 = ( GEOMETRIC_REPRESENTATION_CONTEXT(2)
PARAMETRIC_REPRESENTATION_CONTEXT() REPRESENTATION_CONTEXT('2D SPACE',''
  ) );
#5123 = ADVANCED_FACE('',(#5124),#510,.T.);
#5124 = FACE_BOUND('',#5125,.T.);
#5125 = EDGE_LOOP('',(#5126,#5145,#5146));
#5126 = ORIENTED_EDGE('',*,*,#5127,.T.);
#5127 = EDGE_CURVE('',#467,#4982,#5128,.T.);
#5128 = SURFACE_CURVE('',#5129,(#5133,#5139),.PCURVE_S1.);
#5129 = LINE('',#5130,#5131);
#5130 = CARTESIAN_POINT('',(7.,37.301814675,67.32));
#5131 = VECTOR('',#5132,1.);
#5132 = DIRECTION('',(0.,-0.707106781187,-0.707106781187));
#5133 = PCURVE('',#510,#5134);
#5134 = DEFINITIONAL_REPRESENTATION('',(#5135),#5138);
#5135 = B_SPLINE_CURVE_WITH_KNOTS('',1,(#5136,#5137),.UNSPECIFIED.,.F.,
  .F.,(2,2),(-4.242640687119,1.414213562373),.PIECEWISE_BEZIER_KNOTS.);
#5136 = CARTESIAN_POINT('',(4.,-4.));
#5137 = CARTESIAN_POINT('',(-1.367161731532E-16,1.367161731532E-16));
#5138 = ( GEOMETRIC_REPRESENTATION_CONTEXT(2)
PARAMETRIC_REPRESENTATION_CONTEXT() REPRESENTATION_CONTEXT('2D SPACE',''
  ) );
#5139 = PCURVE('',#482,#5140);
#5140 = DEFINITIONAL_REPRESENTATION('',(#5141),#5144);
#5141 = B_SPLINE_CURVE_WITH_KNOTS('',1,(#5142,#5143),.UNSPECIFIED.,.F.,
  .F.,(2,2),(-4.242640687119,1.414213562373),.PIECEWISE_BEZIER_KNOTS.);
#5142 = CARTESIAN_POINT('',(-37.15,-2.828427124746));
#5143 = CARTESIAN_POINT('',(-37.15,2.828427124746));
#5144 = ( GEOMETRIC_REPRESENTATION_CONTEXT(2)
PARAMETRIC_REPRESENTATION_CONTEXT() REPRESENTATION_CONTEXT('2D SPACE',''
  ) );
#5145 = ORIENTED_EDGE('',*,*,#5004,.T.);
#5146 = ORIENTED_EDGE('',*,*,#494,.T.);
#5147 = ADVANCED_FACE('',(#5148),#425,.F.);
#5148 = FACE_BOUND('',#5149,.T.);
#5149 = EDGE_LOOP('',(#5150,#5171,#5172,#5173));
#5150 = ORIENTED_EDGE('',*,*,#5151,.F.);
#5151 = EDGE_CURVE('',#410,#5152,#5154,.T.);
#5152 = VERTEX_POINT('',#5153);
#5153 = CARTESIAN_POINT('',(32.15,36.301814675,64.32));
#5154 = SURFACE_CURVE('',#5155,(#5159,#5165),.PCURVE_S1.);
#5155 = LINE('',#5156,#5157);
#5156 = CARTESIAN_POINT('',(32.15,36.301814675,64.32));
#5157 = VECTOR('',#5158,1.);
#5158 = DIRECTION('',(-0.707106781187,-0.707106781187,
    -4.329780281177E-17));
#5159 = PCURVE('',#425,#5160);
#5160 = DEFINITIONAL_REPRESENTATION('',(#5161),#5164);
#5161 = B_SPLINE_CURVE_WITH_KNOTS('',1,(#5162,#5163),.UNSPECIFIED.,.F.,
  .F.,(2,2),(-5.656854249492,0.),.PIECEWISE_BEZIER_KNOTS.);
#5162 = CARTESIAN_POINT('',(0.,-2.828427124746));
#5163 = CARTESIAN_POINT('',(0.,2.828427124746));
#5164 = ( GEOMETRIC_REPRESENTATION_CONTEXT(2)
PARAMETRIC_REPRESENTATION_CONTEXT() REPRESENTATION_CONTEXT('2D SPACE',''
  ) );
#5165 = PCURVE('',#454,#5166);
#5166 = DEFINITIONAL_REPRESENTATION('',(#5167),#5170);
#5167 = B_SPLINE_CURVE_WITH_KNOTS('',1,(#5168,#5169),.UNSPECIFIED.,.F.,
  .F.,(2,2),(-5.656854249492,0.),.PIECEWISE_BEZIER_KNOTS.);
#5168 = CARTESIAN_POINT('',(1.570796326795,4.));
#5169 = CARTESIAN_POINT('',(1.570796326795,0.));
#5170 = ( GEOMETRIC_REPRESENTATION_CONTEXT(2)
PARAMETRIC_REPRESENTATION_CONTEXT() REPRESENTATION_CONTEXT('2D SPACE',''
  ) );
#5171 = ORIENTED_EDGE('',*,*,#409,.T.);
#5172 = ORIENTED_EDGE('',*,*,#5074,.T.);
#5173 = ORIENTED_EDGE('',*,*,#5174,.F.);
#5174 = EDGE_CURVE('',#5152,#5075,#5175,.T.);
#5175 = SURFACE_CURVE('',#5176,(#5180,#5187),.PCURVE_S1.);
#5176 = LINE('',#5177,#5178);
#5177 = CARTESIAN_POINT('',(32.15,36.301814675,64.32));
#5178 = VECTOR('',#5179,1.);
#5179 = DIRECTION('',(0.,0.,-1.));
#5180 = PCURVE('',#425,#5181);
#5181 = DEFINITIONAL_REPRESENTATION('',(#5182),#5186);
#5182 = LINE('',#5183,#5184);
#5183 = CARTESIAN_POINT('',(-0.,2.828427124746));
#5184 = VECTOR('',#5185,1.);
#5185 = DIRECTION('',(-1.,0.));
#5186 = ( GEOMETRIC_REPRESENTATION_CONTEXT(2)
PARAMETRIC_REPRESENTATION_CONTEXT() REPRESENTATION_CONTEXT('2D SPACE',''
  ) );
#5187 = PCURVE('',#5188,#5193);
#5188 = PLANE('',#5189);
#5189 = AXIS2_PLACEMENT_3D('',#5190,#5191,#5192);
#5190 = CARTESIAN_POINT('',(32.15,-64.8,-75.));
#5191 = DIRECTION('',(1.,0.,0.));
#5192 = DIRECTION('',(0.,0.,1.));
#5193 = DEFINITIONAL_REPRESENTATION('',(#5194),#5198);
#5194 = LINE('',#5195,#5196);
#5195 = CARTESIAN_POINT('',(139.32,-101.101814675));
#5196 = VECTOR('',#5197,1.);
#5197 = DIRECTION('',(-1.,0.));
#5198 = ( GEOMETRIC_REPRESENTATION_CONTEXT(2)
PARAMETRIC_REPRESENTATION_CONTEXT() REPRESENTATION_CONTEXT('2D SPACE',''
  ) );
#5199 = ADVANCED_FACE('',(#5200),#482,.F.);
#5200 = FACE_BOUND('',#5201,.T.);
#5201 = EDGE_LOOP('',(#5202,#5203,#5204,#5223));
#5202 = ORIENTED_EDGE('',*,*,#5127,.F.);
#5203 = ORIENTED_EDGE('',*,*,#466,.T.);
#5204 = ORIENTED_EDGE('',*,*,#5205,.T.);
#5205 = EDGE_CURVE('',#438,#4954,#5206,.T.);
#5206 = SURFACE_CURVE('',#5207,(#5211,#5217),.PCURVE_S1.);
#5207 = LINE('',#5208,#5209);
#5208 = CARTESIAN_POINT('',(30.15,38.301814675,68.32));
#5209 = VECTOR('',#5210,1.);
#5210 = DIRECTION('',(-5.612704753749E-34,-0.707106781187,
    -0.707106781187));
#5211 = PCURVE('',#482,#5212);
#5212 = DEFINITIONAL_REPRESENTATION('',(#5213),#5216);
#5213 = B_SPLINE_CURVE_WITH_KNOTS('',1,(#5214,#5215),.UNSPECIFIED.,.F.,
  .F.,(2,2),(-2.828427124746,2.828427124746),.PIECEWISE_BEZIER_KNOTS.);
#5214 = CARTESIAN_POINT('',(-60.3,-2.828427124746));
#5215 = CARTESIAN_POINT('',(-60.3,2.828427124746));
#5216 = ( GEOMETRIC_REPRESENTATION_CONTEXT(2)
PARAMETRIC_REPRESENTATION_CONTEXT() REPRESENTATION_CONTEXT('2D SPACE',''
  ) );
#5217 = PCURVE('',#454,#5218);
#5218 = DEFINITIONAL_REPRESENTATION('',(#5219),#5222);
#5219 = B_SPLINE_CURVE_WITH_KNOTS('',1,(#5220,#5221),.UNSPECIFIED.,.F.,
  .F.,(2,2),(-2.828427124746,2.828427124746),.PIECEWISE_BEZIER_KNOTS.);
#5220 = CARTESIAN_POINT('',(0.,4.));
#5221 = CARTESIAN_POINT('',(0.,-1.884110950421E-15));
#5222 = ( GEOMETRIC_REPRESENTATION_CONTEXT(2)
PARAMETRIC_REPRESENTATION_CONTEXT() REPRESENTATION_CONTEXT('2D SPACE',''
  ) );
#5223 = ORIENTED_EDGE('',*,*,#4981,.F.);
#5224 = ADVANCED_FACE('',(#5225),#454,.F.);
#5225 = FACE_BOUND('',#5226,.T.);
#5226 = EDGE_LOOP('',(#5227,#5228,#5229,#5230));
#5227 = ORIENTED_EDGE('',*,*,#5205,.F.);
#5228 = ORIENTED_EDGE('',*,*,#437,.T.);
#5229 = ORIENTED_EDGE('',*,*,#5151,.T.);
#5230 = ORIENTED_EDGE('',*,*,#5231,.F.);
#5231 = EDGE_CURVE('',#4954,#5152,#5232,.T.);
#5232 = SURFACE_CURVE('',#5233,(#5238,#5245),.PCURVE_S1.);
#5233 = CIRCLE('',#5234,2.);
#5234 = AXIS2_PLACEMENT_3D('',#5235,#5236,#5237);
#5235 = CARTESIAN_POINT('',(30.15,36.301814675,64.32));
#5236 = DIRECTION('',(0.,1.,0.));
#5237 = DIRECTION('',(0.,-0.,1.));
#5238 = PCURVE('',#454,#5239);
#5239 = DEFINITIONAL_REPRESENTATION('',(#5240),#5244);
#5240 = LINE('',#5241,#5242);
#5241 = CARTESIAN_POINT('',(0.,-0.));
#5242 = VECTOR('',#5243,1.);
#5243 = DIRECTION('',(1.,-0.));
#5244 = ( GEOMETRIC_REPRESENTATION_CONTEXT(2)
PARAMETRIC_REPRESENTATION_CONTEXT() REPRESENTATION_CONTEXT('2D SPACE',''
  ) );
#5245 = PCURVE('',#4969,#5246);
#5246 = DEFINITIONAL_REPRESENTATION('',(#5247),#5251);
#5247 = LINE('',#5248,#5249);
#5248 = CARTESIAN_POINT('',(-1.570796326795,101.101814675));
#5249 = VECTOR('',#5250,1.);
#5250 = DIRECTION('',(1.,-0.));
#5251 = ( GEOMETRIC_REPRESENTATION_CONTEXT(2)
PARAMETRIC_REPRESENTATION_CONTEXT() REPRESENTATION_CONTEXT('2D SPACE',''
  ) );
#5252 = ADVANCED_FACE('',(#5253),#627,.F.);
#5253 = FACE_BOUND('',#5254,.F.);
#5254 = EDGE_LOOP('',(#5255,#5278,#5305,#5306));
#5255 = ORIENTED_EDGE('',*,*,#5256,.T.);
#5256 = EDGE_CURVE('',#607,#5257,#5259,.T.);
#5257 = VERTEX_POINT('',#5258);
#5258 = CARTESIAN_POINT('',(-3.184081677783E-16,32.301814675,69.02));
#5259 = SEAM_CURVE('',#5260,(#5264,#5271),.PCURVE_S1.);
#5260 = LINE('',#5261,#5262);
#5261 = CARTESIAN_POINT('',(-3.184081677783E-16,40.351814675,69.02));
#5262 = VECTOR('',#5263,1.);
#5263 = DIRECTION('',(0.,-1.,0.));
#5264 = PCURVE('',#627,#5265);
#5265 = DEFINITIONAL_REPRESENTATION('',(#5266),#5270);
#5266 = LINE('',#5267,#5268);
#5267 = CARTESIAN_POINT('',(6.28318530718,-0.));
#5268 = VECTOR('',#5269,1.);
#5269 = DIRECTION('',(0.,1.));
#5270 = ( GEOMETRIC_REPRESENTATION_CONTEXT(2)
PARAMETRIC_REPRESENTATION_CONTEXT() REPRESENTATION_CONTEXT('2D SPACE',''
  ) );
#5271 = PCURVE('',#627,#5272);
#5272 = DEFINITIONAL_REPRESENTATION('',(#5273),#5277);
#5273 = LINE('',#5274,#5275);
#5274 = CARTESIAN_POINT('',(0.,-0.));
#5275 = VECTOR('',#5276,1.);
#5276 = DIRECTION('',(0.,1.));
#5277 = ( GEOMETRIC_REPRESENTATION_CONTEXT(2)
PARAMETRIC_REPRESENTATION_CONTEXT() REPRESENTATION_CONTEXT('2D SPACE',''
  ) );
#5278 = ORIENTED_EDGE('',*,*,#5279,.F.);
#5279 = EDGE_CURVE('',#5257,#5257,#5280,.T.);
#5280 = SURFACE_CURVE('',#5281,(#5286,#5293),.PCURVE_S1.);
#5281 = CIRCLE('',#5282,1.3);
#5282 = AXIS2_PLACEMENT_3D('',#5283,#5284,#5285);
#5283 = CARTESIAN_POINT('',(0.,32.301814675,70.32));
#5284 = DIRECTION('',(0.,-1.,0.));
#5285 = DIRECTION('',(0.,-0.,-1.));
#5286 = PCURVE('',#627,#5287);
#5287 = DEFINITIONAL_REPRESENTATION('',(#5288),#5292);
#5288 = LINE('',#5289,#5290);
#5289 = CARTESIAN_POINT('',(0.,8.05));
#5290 = VECTOR('',#5291,1.);
#5291 = DIRECTION('',(1.,0.));
#5292 = ( GEOMETRIC_REPRESENTATION_CONTEXT(2)
PARAMETRIC_REPRESENTATION_CONTEXT() REPRESENTATION_CONTEXT('2D SPACE',''
  ) );
#5293 = PCURVE('',#5294,#5299);
#5294 = PLANE('',#5295);
#5295 = AXIS2_PLACEMENT_3D('',#5296,#5297,#5298);
#5296 = CARTESIAN_POINT('',(0.,32.301814675,70.32));
#5297 = DIRECTION('',(0.,-1.,0.));
#5298 = DIRECTION('',(0.,-0.,-1.));
#5299 = DEFINITIONAL_REPRESENTATION('',(#5300),#5304);
#5300 = CIRCLE('',#5301,1.3);
#5301 = AXIS2_PLACEMENT_2D('',#5302,#5303);
#5302 = CARTESIAN_POINT('',(0.,0.));
#5303 = DIRECTION('',(1.,0.));
#5304 = ( GEOMETRIC_REPRESENTATION_CONTEXT(2)
PARAMETRIC_REPRESENTATION_CONTEXT() REPRESENTATION_CONTEXT('2D SPACE',''
  ) );
#5305 = ORIENTED_EDGE('',*,*,#5256,.F.);
#5306 = ORIENTED_EDGE('',*,*,#606,.T.);
#5307 = ADVANCED_FACE('',(#5308),#680,.F.);
#5308 = FACE_BOUND('',#5309,.F.);
#5309 = EDGE_LOOP('',(#5310,#5332,#5359,#5379,#5380));
#5310 = ORIENTED_EDGE('',*,*,#5311,.F.);
#5311 = EDGE_CURVE('',#5312,#667,#5314,.T.);
#5312 = VERTEX_POINT('',#5313);
#5313 = CARTESIAN_POINT('',(-24.95,21.501814675,71.27));
#5314 = SURFACE_CURVE('',#5315,(#5318,#5325),.PCURVE_S1.);
#5315 = B_SPLINE_CURVE_WITH_KNOTS('',1,(#5316,#5317),.UNSPECIFIED.,.F.,
  .F.,(2,2),(0.,1.),.PIECEWISE_BEZIER_KNOTS.);
#5316 = CARTESIAN_POINT('',(-24.95,21.501814675,71.27));
#5317 = CARTESIAN_POINT('',(-21.95,24.501814675,74.37));
#5318 = PCURVE('',#680,#5319);
#5319 = DEFINITIONAL_REPRESENTATION('',(#5320),#5324);
#5320 = LINE('',#5321,#5322);
#5321 = CARTESIAN_POINT('',(0.,0.));
#5322 = VECTOR('',#5323,1.);
#5323 = DIRECTION('',(0.,1.));
#5324 = ( GEOMETRIC_REPRESENTATION_CONTEXT(2)
PARAMETRIC_REPRESENTATION_CONTEXT() REPRESENTATION_CONTEXT('2D SPACE',''
  ) );
#5325 = PCURVE('',#705,#5326);
#5326 = DEFINITIONAL_REPRESENTATION('',(#5327),#5331);
#5327 = LINE('',#5328,#5329);
#5328 = CARTESIAN_POINT('',(8.4,0.));
#5329 = VECTOR('',#5330,1.);
#5330 = DIRECTION('',(0.,1.));
#5331 = ( GEOMETRIC_REPRESENTATION_CONTEXT(2)
PARAMETRIC_REPRESENTATION_CONTEXT() REPRESENTATION_CONTEXT('2D SPACE',''
  ) );
#5332 = ORIENTED_EDGE('',*,*,#5333,.T.);
#5333 = EDGE_CURVE('',#5312,#5334,#5336,.T.);
#5334 = VERTEX_POINT('',#5335);
#5335 = CARTESIAN_POINT('',(-27.35,21.501814675,71.27));
#5336 = SURFACE_CURVE('',#5337,(#5341,#5347),.PCURVE_S1.);
#5337 = LINE('',#5338,#5339);
#5338 = CARTESIAN_POINT('',(-24.95,21.501814675,71.27));
#5339 = VECTOR('',#5340,1.);
#5340 = DIRECTION('',(-1.,0.,0.));
#5341 = PCURVE('',#680,#5342);
#5342 = DEFINITIONAL_REPRESENTATION('',(#5343),#5346);
#5343 = B_SPLINE_CURVE_WITH_KNOTS('',1,(#5344,#5345),.UNSPECIFIED.,.F.,
  .F.,(2,2),(0.,2.4),.PIECEWISE_BEZIER_KNOTS.);
#5344 = CARTESIAN_POINT('',(0.,0.));
#5345 = CARTESIAN_POINT('',(8.4,0.));
#5346 = ( GEOMETRIC_REPRESENTATION_CONTEXT(2)
PARAMETRIC_REPRESENTATION_CONTEXT() REPRESENTATION_CONTEXT('2D SPACE',''
  ) );
#5347 = PCURVE('',#5348,#5353);
#5348 = PLANE('',#5349);
#5349 = AXIS2_PLACEMENT_3D('',#5350,#5351,#5352);
#5350 = CARTESIAN_POINT('',(-27.35,19.101814675,71.27));
#5351 = DIRECTION('',(0.,0.,-1.));
#5352 = DIRECTION('',(0.707106781187,0.707106781187,0.));
#5353 = DEFINITIONAL_REPRESENTATION('',(#5354),#5358);
#5354 = LINE('',#5355,#5356);
#5355 = CARTESIAN_POINT('',(3.394112549695,1.654600909753E-17));
#5356 = VECTOR('',#5357,1.);
#5357 = DIRECTION('',(-0.707106781187,-0.707106781187));
#5358 = ( GEOMETRIC_REPRESENTATION_CONTEXT(2)
PARAMETRIC_REPRESENTATION_CONTEXT() REPRESENTATION_CONTEXT('2D SPACE',''
  ) );
#5359 = ORIENTED_EDGE('',*,*,#5360,.T.);
#5360 = EDGE_CURVE('',#5334,#3182,#5361,.T.);
#5361 = SURFACE_CURVE('',#5362,(#5365,#5372),.PCURVE_S1.);
#5362 = B_SPLINE_CURVE_WITH_KNOTS('',1,(#5363,#5364),.UNSPECIFIED.,.F.,
  .F.,(2,2),(0.,1.),.PIECEWISE_BEZIER_KNOTS.);
#5363 = CARTESIAN_POINT('',(-27.35,21.501814675,71.27));
#5364 = CARTESIAN_POINT('',(-30.35,24.501814675,74.37));
#5365 = PCURVE('',#680,#5366);
#5366 = DEFINITIONAL_REPRESENTATION('',(#5367),#5371);
#5367 = LINE('',#5368,#5369);
#5368 = CARTESIAN_POINT('',(8.4,0.));
#5369 = VECTOR('',#5370,1.);
#5370 = DIRECTION('',(0.,1.));
#5371 = ( GEOMETRIC_REPRESENTATION_CONTEXT(2)
PARAMETRIC_REPRESENTATION_CONTEXT() REPRESENTATION_CONTEXT('2D SPACE',''
  ) );
#5372 = PCURVE('',#3201,#5373);
#5373 = DEFINITIONAL_REPRESENTATION('',(#5374),#5378);
#5374 = LINE('',#5375,#5376);
#5375 = CARTESIAN_POINT('',(0.,0.));
#5376 = VECTOR('',#5377,1.);
#5377 = DIRECTION('',(0.,1.));
#5378 = ( GEOMETRIC_REPRESENTATION_CONTEXT(2)
PARAMETRIC_REPRESENTATION_CONTEXT() REPRESENTATION_CONTEXT('2D SPACE',''
  ) );
#5379 = ORIENTED_EDGE('',*,*,#3215,.T.);
#5380 = ORIENTED_EDGE('',*,*,#666,.T.);
#5381 = ADVANCED_FACE('',(#5382),#1075,.F.);
#5382 = FACE_BOUND('',#5383,.F.);
#5383 = EDGE_LOOP('',(#5384,#5406,#5433,#5453,#5454));
#5384 = ORIENTED_EDGE('',*,*,#5385,.F.);
#5385 = EDGE_CURVE('',#5386,#3418,#5388,.T.);
#5386 = VERTEX_POINT('',#5387);
#5387 = CARTESIAN_POINT('',(27.35,21.501814675,71.27));
#5388 = SURFACE_CURVE('',#5389,(#5392,#5399),.PCURVE_S1.);
#5389 = B_SPLINE_CURVE_WITH_KNOTS('',1,(#5390,#5391),.UNSPECIFIED.,.F.,
  .F.,(2,2),(0.,1.),.PIECEWISE_BEZIER_KNOTS.);
#5390 = CARTESIAN_POINT('',(27.35,21.501814675,71.27));
#5391 = CARTESIAN_POINT('',(30.35,24.501814675,74.37));
#5392 = PCURVE('',#1075,#5393);
#5393 = DEFINITIONAL_REPRESENTATION('',(#5394),#5398);
#5394 = LINE('',#5395,#5396);
#5395 = CARTESIAN_POINT('',(0.,0.));
#5396 = VECTOR('',#5397,1.);
#5397 = DIRECTION('',(0.,1.));
#5398 = ( GEOMETRIC_REPRESENTATION_CONTEXT(2)
PARAMETRIC_REPRESENTATION_CONTEXT() REPRESENTATION_CONTEXT('2D SPACE',''
  ) );
#5399 = PCURVE('',#3437,#5400);
#5400 = DEFINITIONAL_REPRESENTATION('',(#5401),#5405);
#5401 = LINE('',#5402,#5403);
#5402 = CARTESIAN_POINT('',(8.4,0.));
#5403 = VECTOR('',#5404,1.);
#5404 = DIRECTION('',(0.,1.));
#5405 = ( GEOMETRIC_REPRESENTATION_CONTEXT(2)
PARAMETRIC_REPRESENTATION_CONTEXT() REPRESENTATION_CONTEXT('2D SPACE',''
  ) );
#5406 = ORIENTED_EDGE('',*,*,#5407,.T.);
#5407 = EDGE_CURVE('',#5386,#5408,#5410,.T.);
#5408 = VERTEX_POINT('',#5409);
#5409 = CARTESIAN_POINT('',(24.95,21.501814675,71.27));
#5410 = SURFACE_CURVE('',#5411,(#5415,#5421),.PCURVE_S1.);
#5411 = LINE('',#5412,#5413);
#5412 = CARTESIAN_POINT('',(27.35,21.501814675,71.27));
#5413 = VECTOR('',#5414,1.);
#5414 = DIRECTION('',(-1.,0.,0.));
#5415 = PCURVE('',#1075,#5416);
#5416 = DEFINITIONAL_REPRESENTATION('',(#5417),#5420);
#5417 = B_SPLINE_CURVE_WITH_KNOTS('',1,(#5418,#5419),.UNSPECIFIED.,.F.,
  .F.,(2,2),(0.,2.4),.PIECEWISE_BEZIER_KNOTS.);
#5418 = CARTESIAN_POINT('',(0.,0.));
#5419 = CARTESIAN_POINT('',(8.4,0.));
#5420 = ( GEOMETRIC_REPRESENTATION_CONTEXT(2)
PARAMETRIC_REPRESENTATION_CONTEXT() REPRESENTATION_CONTEXT('2D SPACE',''
  ) );
#5421 = PCURVE('',#5422,#5427);
#5422 = PLANE('',#5423);
#5423 = AXIS2_PLACEMENT_3D('',#5424,#5425,#5426);
#5424 = CARTESIAN_POINT('',(24.95,19.101814675,71.27));
#5425 = DIRECTION('',(0.,0.,-1.));
#5426 = DIRECTION('',(0.707106781187,0.707106781187,0.));
#5427 = DEFINITIONAL_REPRESENTATION('',(#5428),#5432);
#5428 = LINE('',#5429,#5430);
#5429 = CARTESIAN_POINT('',(3.394112549695,1.654600909753E-17));
#5430 = VECTOR('',#5431,1.);
#5431 = DIRECTION('',(-0.707106781187,-0.707106781187));
#5432 = ( GEOMETRIC_REPRESENTATION_CONTEXT(2)
PARAMETRIC_REPRESENTATION_CONTEXT() REPRESENTATION_CONTEXT('2D SPACE',''
  ) );
#5433 = ORIENTED_EDGE('',*,*,#5434,.T.);
#5434 = EDGE_CURVE('',#5408,#1037,#5435,.T.);
#5435 = SURFACE_CURVE('',#5436,(#5439,#5446),.PCURVE_S1.);
#5436 = B_SPLINE_CURVE_WITH_KNOTS('',1,(#5437,#5438),.UNSPECIFIED.,.F.,
  .F.,(2,2),(0.,1.),.PIECEWISE_BEZIER_KNOTS.);
#5437 = CARTESIAN_POINT('',(24.95,21.501814675,71.27));
#5438 = CARTESIAN_POINT('',(21.95,24.501814675,74.37));
#5439 = PCURVE('',#1075,#5440);
#5440 = DEFINITIONAL_REPRESENTATION('',(#5441),#5445);
#5441 = LINE('',#5442,#5443);
#5442 = CARTESIAN_POINT('',(8.4,0.));
#5443 = VECTOR('',#5444,1.);
#5444 = DIRECTION('',(0.,1.));
#5445 = ( GEOMETRIC_REPRESENTATION_CONTEXT(2)
PARAMETRIC_REPRESENTATION_CONTEXT() REPRESENTATION_CONTEXT('2D SPACE',''
  ) );
#5446 = PCURVE('',#1050,#5447);
#5447 = DEFINITIONAL_REPRESENTATION('',(#5448),#5452);
#5448 = LINE('',#5449,#5450);
#5449 = CARTESIAN_POINT('',(0.,0.));
#5450 = VECTOR('',#5451,1.);
#5451 = DIRECTION('',(0.,1.));
#5452 = ( GEOMETRIC_REPRESENTATION_CONTEXT(2)
PARAMETRIC_REPRESENTATION_CONTEXT() REPRESENTATION_CONTEXT('2D SPACE',''
  ) );
#5453 = ORIENTED_EDGE('',*,*,#1061,.T.);
#5454 = ORIENTED_EDGE('',*,*,#3451,.T.);
#5455 = ADVANCED_FACE('',(#5456),#705,.F.);
#5456 = FACE_BOUND('',#5457,.F.);
#5457 = EDGE_LOOP('',(#5458,#5480,#5500,#5501));
#5458 = ORIENTED_EDGE('',*,*,#5459,.F.);
#5459 = EDGE_CURVE('',#5460,#692,#5462,.T.);
#5460 = VERTEX_POINT('',#5461);
#5461 = CARTESIAN_POINT('',(-24.95,19.101814675,71.27));
#5462 = SURFACE_CURVE('',#5463,(#5466,#5473),.PCURVE_S1.);
#5463 = B_SPLINE_CURVE_WITH_KNOTS('',1,(#5464,#5465),.UNSPECIFIED.,.F.,
  .F.,(2,2),(0.,1.),.PIECEWISE_BEZIER_KNOTS.);
#5464 = CARTESIAN_POINT('',(-24.95,19.101814675,71.27));
#5465 = CARTESIAN_POINT('',(-21.95,16.101814675,74.37));
#5466 = PCURVE('',#705,#5467);
#5467 = DEFINITIONAL_REPRESENTATION('',(#5468),#5472);
#5468 = LINE('',#5469,#5470);
#5469 = CARTESIAN_POINT('',(0.,0.));
#5470 = VECTOR('',#5471,1.);
#5471 = DIRECTION('',(0.,1.));
#5472 = ( GEOMETRIC_REPRESENTATION_CONTEXT(2)
PARAMETRIC_REPRESENTATION_CONTEXT() REPRESENTATION_CONTEXT('2D SPACE',''
  ) );
#5473 = PCURVE('',#730,#5474);
#5474 = DEFINITIONAL_REPRESENTATION('',(#5475),#5479);
#5475 = LINE('',#5476,#5477);
#5476 = CARTESIAN_POINT('',(8.4,0.));
#5477 = VECTOR('',#5478,1.);
#5478 = DIRECTION('',(0.,1.));
#5479 = ( GEOMETRIC_REPRESENTATION_CONTEXT(2)
PARAMETRIC_REPRESENTATION_CONTEXT() REPRESENTATION_CONTEXT('2D SPACE',''
  ) );
#5480 = ORIENTED_EDGE('',*,*,#5481,.T.);
#5481 = EDGE_CURVE('',#5460,#5312,#5482,.T.);
#5482 = SURFACE_CURVE('',#5483,(#5487,#5493),.PCURVE_S1.);
#5483 = LINE('',#5484,#5485);
#5484 = CARTESIAN_POINT('',(-24.95,19.101814675,71.27));
#5485 = VECTOR('',#5486,1.);
#5486 = DIRECTION('',(0.,1.,0.));
#5487 = PCURVE('',#705,#5488);
#5488 = DEFINITIONAL_REPRESENTATION('',(#5489),#5492);
#5489 = B_SPLINE_CURVE_WITH_KNOTS('',1,(#5490,#5491),.UNSPECIFIED.,.F.,
  .F.,(2,2),(0.,2.4),.PIECEWISE_BEZIER_KNOTS.);
#5490 = CARTESIAN_POINT('',(0.,0.));
#5491 = CARTESIAN_POINT('',(8.4,0.));
#5492 = ( GEOMETRIC_REPRESENTATION_CONTEXT(2)
PARAMETRIC_REPRESENTATION_CONTEXT() REPRESENTATION_CONTEXT('2D SPACE',''
  ) );
#5493 = PCURVE('',#5348,#5494);
#5494 = DEFINITIONAL_REPRESENTATION('',(#5495),#5499);
#5495 = LINE('',#5496,#5497);
#5496 = CARTESIAN_POINT('',(1.697056274848,1.697056274848));
#5497 = VECTOR('',#5498,1.);
#5498 = DIRECTION('',(0.707106781187,-0.707106781187));
#5499 = ( GEOMETRIC_REPRESENTATION_CONTEXT(2)
PARAMETRIC_REPRESENTATION_CONTEXT() REPRESENTATION_CONTEXT('2D SPACE',''
  ) );
#5500 = ORIENTED_EDGE('',*,*,#5311,.T.);
#5501 = ORIENTED_EDGE('',*,*,#691,.T.);
#5502 = ADVANCED_FACE('',(#5503),#1050,.F.);
#5503 = FACE_BOUND('',#5504,.F.);
#5504 = EDGE_LOOP('',(#5505,#5506,#5528,#5548));
#5505 = ORIENTED_EDGE('',*,*,#5434,.F.);
#5506 = ORIENTED_EDGE('',*,*,#5507,.T.);
#5507 = EDGE_CURVE('',#5408,#5508,#5510,.T.);
#5508 = VERTEX_POINT('',#5509);
#5509 = CARTESIAN_POINT('',(24.95,19.101814675,71.27));
#5510 = SURFACE_CURVE('',#5511,(#5515,#5521),.PCURVE_S1.);
#5511 = LINE('',#5512,#5513);
#5512 = CARTESIAN_POINT('',(24.95,21.501814675,71.27));
#5513 = VECTOR('',#5514,1.);
#5514 = DIRECTION('',(0.,-1.,0.));
#5515 = PCURVE('',#1050,#5516);
#5516 = DEFINITIONAL_REPRESENTATION('',(#5517),#5520);
#5517 = B_SPLINE_CURVE_WITH_KNOTS('',1,(#5518,#5519),.UNSPECIFIED.,.F.,
  .F.,(2,2),(0.,2.4),.PIECEWISE_BEZIER_KNOTS.);
#5518 = CARTESIAN_POINT('',(0.,0.));
#5519 = CARTESIAN_POINT('',(8.4,0.));
#5520 = ( GEOMETRIC_REPRESENTATION_CONTEXT(2)
PARAMETRIC_REPRESENTATION_CONTEXT() REPRESENTATION_CONTEXT('2D SPACE',''
  ) );
#5521 = PCURVE('',#5422,#5522);
#5522 = DEFINITIONAL_REPRESENTATION('',(#5523),#5527);
#5523 = LINE('',#5524,#5525);
#5524 = CARTESIAN_POINT('',(1.697056274848,-1.697056274848));
#5525 = VECTOR('',#5526,1.);
#5526 = DIRECTION('',(-0.707106781187,0.707106781187));
#5527 = ( GEOMETRIC_REPRESENTATION_CONTEXT(2)
PARAMETRIC_REPRESENTATION_CONTEXT() REPRESENTATION_CONTEXT('2D SPACE',''
  ) );
#5528 = ORIENTED_EDGE('',*,*,#5529,.T.);
#5529 = EDGE_CURVE('',#5508,#1012,#5530,.T.);
#5530 = SURFACE_CURVE('',#5531,(#5534,#5541),.PCURVE_S1.);
#5531 = B_SPLINE_CURVE_WITH_KNOTS('',1,(#5532,#5533),.UNSPECIFIED.,.F.,
  .F.,(2,2),(0.,1.),.PIECEWISE_BEZIER_KNOTS.);
#5532 = CARTESIAN_POINT('',(24.95,19.101814675,71.27));
#5533 = CARTESIAN_POINT('',(21.95,16.101814675,74.37));
#5534 = PCURVE('',#1050,#5535);
#5535 = DEFINITIONAL_REPRESENTATION('',(#5536),#5540);
#5536 = LINE('',#5537,#5538);
#5537 = CARTESIAN_POINT('',(8.4,0.));
#5538 = VECTOR('',#5539,1.);
#5539 = DIRECTION('',(0.,1.));
#5540 = ( GEOMETRIC_REPRESENTATION_CONTEXT(2)
PARAMETRIC_REPRESENTATION_CONTEXT() REPRESENTATION_CONTEXT('2D SPACE',''
  ) );
#5541 = PCURVE('',#1025,#5542);
#5542 = DEFINITIONAL_REPRESENTATION('',(#5543),#5547);
#5543 = LINE('',#5544,#5545);
#5544 = CARTESIAN_POINT('',(0.,0.));
#5545 = VECTOR('',#5546,1.);
#5546 = DIRECTION('',(0.,1.));
#5547 = ( GEOMETRIC_REPRESENTATION_CONTEXT(2)
PARAMETRIC_REPRESENTATION_CONTEXT() REPRESENTATION_CONTEXT('2D SPACE',''
  ) );
#5548 = ORIENTED_EDGE('',*,*,#1036,.T.);
#5549 = ADVANCED_FACE('',(#5550),#730,.F.);
#5550 = FACE_BOUND('',#5551,.F.);
#5551 = EDGE_LOOP('',(#5552,#5574,#5594,#5595,#5596));
#5552 = ORIENTED_EDGE('',*,*,#5553,.F.);
#5553 = EDGE_CURVE('',#5554,#3153,#5556,.T.);
#5554 = VERTEX_POINT('',#5555);
#5555 = CARTESIAN_POINT('',(-27.35,19.101814675,71.27));
#5556 = SURFACE_CURVE('',#5557,(#5560,#5567),.PCURVE_S1.);
#5557 = B_SPLINE_CURVE_WITH_KNOTS('',1,(#5558,#5559),.UNSPECIFIED.,.F.,
  .F.,(2,2),(0.,1.),.PIECEWISE_BEZIER_KNOTS.);
#5558 = CARTESIAN_POINT('',(-27.35,19.101814675,71.27));
#5559 = CARTESIAN_POINT('',(-30.35,16.101814675,74.37));
#5560 = PCURVE('',#730,#5561);
#5561 = DEFINITIONAL_REPRESENTATION('',(#5562),#5566);
#5562 = LINE('',#5563,#5564);
#5563 = CARTESIAN_POINT('',(0.,0.));
#5564 = VECTOR('',#5565,1.);
#5565 = DIRECTION('',(0.,1.));
#5566 = ( GEOMETRIC_REPRESENTATION_CONTEXT(2)
PARAMETRIC_REPRESENTATION_CONTEXT() REPRESENTATION_CONTEXT('2D SPACE',''
  ) );
#5567 = PCURVE('',#3201,#5568);
#5568 = DEFINITIONAL_REPRESENTATION('',(#5569),#5573);
#5569 = LINE('',#5570,#5571);
#5570 = CARTESIAN_POINT('',(8.4,0.));
#5571 = VECTOR('',#5572,1.);
#5572 = DIRECTION('',(0.,1.));
#5573 = ( GEOMETRIC_REPRESENTATION_CONTEXT(2)
PARAMETRIC_REPRESENTATION_CONTEXT() REPRESENTATION_CONTEXT('2D SPACE',''
  ) );
#5574 = ORIENTED_EDGE('',*,*,#5575,.T.);
#5575 = EDGE_CURVE('',#5554,#5460,#5576,.T.);
#5576 = SURFACE_CURVE('',#5577,(#5581,#5587),.PCURVE_S1.);
#5577 = LINE('',#5578,#5579);
#5578 = CARTESIAN_POINT('',(-27.35,19.101814675,71.27));
#5579 = VECTOR('',#5580,1.);
#5580 = DIRECTION('',(1.,0.,0.));
#5581 = PCURVE('',#730,#5582);
#5582 = DEFINITIONAL_REPRESENTATION('',(#5583),#5586);
#5583 = B_SPLINE_CURVE_WITH_KNOTS('',1,(#5584,#5585),.UNSPECIFIED.,.F.,
  .F.,(2,2),(0.,2.4),.PIECEWISE_BEZIER_KNOTS.);
#5584 = CARTESIAN_POINT('',(0.,0.));
#5585 = CARTESIAN_POINT('',(8.4,0.));
#5586 = ( GEOMETRIC_REPRESENTATION_CONTEXT(2)
PARAMETRIC_REPRESENTATION_CONTEXT() REPRESENTATION_CONTEXT('2D SPACE',''
  ) );
#5587 = PCURVE('',#5348,#5588);
#5588 = DEFINITIONAL_REPRESENTATION('',(#5589),#5593);
#5589 = LINE('',#5590,#5591);
#5590 = CARTESIAN_POINT('',(0.,0.));
#5591 = VECTOR('',#5592,1.);
#5592 = DIRECTION('',(0.707106781187,0.707106781187));
#5593 = ( GEOMETRIC_REPRESENTATION_CONTEXT(2)
PARAMETRIC_REPRESENTATION_CONTEXT() REPRESENTATION_CONTEXT('2D SPACE',''
  ) );
#5594 = ORIENTED_EDGE('',*,*,#5459,.T.);
#5595 = ORIENTED_EDGE('',*,*,#716,.T.);
#5596 = ORIENTED_EDGE('',*,*,#3152,.T.);
#5597 = ADVANCED_FACE('',(#5598),#1025,.F.);
#5598 = FACE_BOUND('',#5599,.F.);
#5599 = EDGE_LOOP('',(#5600,#5601,#5623,#5643,#5644));
#5600 = ORIENTED_EDGE('',*,*,#5529,.F.);
#5601 = ORIENTED_EDGE('',*,*,#5602,.T.);
#5602 = EDGE_CURVE('',#5508,#5603,#5605,.T.);
#5603 = VERTEX_POINT('',#5604);
#5604 = CARTESIAN_POINT('',(27.35,19.101814675,71.27));
#5605 = SURFACE_CURVE('',#5606,(#5610,#5616),.PCURVE_S1.);
#5606 = LINE('',#5607,#5608);
#5607 = CARTESIAN_POINT('',(24.95,19.101814675,71.27));
#5608 = VECTOR('',#5609,1.);
#5609 = DIRECTION('',(1.,0.,0.));
#5610 = PCURVE('',#1025,#5611);
#5611 = DEFINITIONAL_REPRESENTATION('',(#5612),#5615);
#5612 = B_SPLINE_CURVE_WITH_KNOTS('',1,(#5613,#5614),.UNSPECIFIED.,.F.,
  .F.,(2,2),(0.,2.4),.PIECEWISE_BEZIER_KNOTS.);
#5613 = CARTESIAN_POINT('',(0.,0.));
#5614 = CARTESIAN_POINT('',(8.4,0.));
#5615 = ( GEOMETRIC_REPRESENTATION_CONTEXT(2)
PARAMETRIC_REPRESENTATION_CONTEXT() REPRESENTATION_CONTEXT('2D SPACE',''
  ) );
#5616 = PCURVE('',#5422,#5617);
#5617 = DEFINITIONAL_REPRESENTATION('',(#5618),#5622);
#5618 = LINE('',#5619,#5620);
#5619 = CARTESIAN_POINT('',(0.,0.));
#5620 = VECTOR('',#5621,1.);
#5621 = DIRECTION('',(0.707106781187,0.707106781187));
#5622 = ( GEOMETRIC_REPRESENTATION_CONTEXT(2)
PARAMETRIC_REPRESENTATION_CONTEXT() REPRESENTATION_CONTEXT('2D SPACE',''
  ) );
#5623 = ORIENTED_EDGE('',*,*,#5624,.T.);
#5624 = EDGE_CURVE('',#5603,#3389,#5625,.T.);
#5625 = SURFACE_CURVE('',#5626,(#5629,#5636),.PCURVE_S1.);
#5626 = B_SPLINE_CURVE_WITH_KNOTS('',1,(#5627,#5628),.UNSPECIFIED.,.F.,
  .F.,(2,2),(0.,1.),.PIECEWISE_BEZIER_KNOTS.);
#5627 = CARTESIAN_POINT('',(27.35,19.101814675,71.27));
#5628 = CARTESIAN_POINT('',(30.35,16.101814675,74.37));
#5629 = PCURVE('',#1025,#5630);
#5630 = DEFINITIONAL_REPRESENTATION('',(#5631),#5635);
#5631 = LINE('',#5632,#5633);
#5632 = CARTESIAN_POINT('',(8.4,0.));
#5633 = VECTOR('',#5634,1.);
#5634 = DIRECTION('',(0.,1.));
#5635 = ( GEOMETRIC_REPRESENTATION_CONTEXT(2)
PARAMETRIC_REPRESENTATION_CONTEXT() REPRESENTATION_CONTEXT('2D SPACE',''
  ) );
#5636 = PCURVE('',#3437,#5637);
#5637 = DEFINITIONAL_REPRESENTATION('',(#5638),#5642);
#5638 = LINE('',#5639,#5640);
#5639 = CARTESIAN_POINT('',(0.,0.));
#5640 = VECTOR('',#5641,1.);
#5641 = DIRECTION('',(0.,1.));
#5642 = ( GEOMETRIC_REPRESENTATION_CONTEXT(2)
PARAMETRIC_REPRESENTATION_CONTEXT() REPRESENTATION_CONTEXT('2D SPACE',''
  ) );
#5643 = ORIENTED_EDGE('',*,*,#3388,.T.);
#5644 = ORIENTED_EDGE('',*,*,#1011,.T.);
#5645 = ADVANCED_FACE('',(#5646),#778,.F.);
#5646 = FACE_BOUND('',#5647,.F.);
#5647 = EDGE_LOOP('',(#5648,#5670,#5697,#5717,#5718));
#5648 = ORIENTED_EDGE('',*,*,#5649,.F.);
#5649 = EDGE_CURVE('',#5650,#765,#5652,.T.);
#5650 = VERTEX_POINT('',#5651);
#5651 = CARTESIAN_POINT('',(-24.95,-43.55,71.27));
#5652 = SURFACE_CURVE('',#5653,(#5656,#5663),.PCURVE_S1.);
#5653 = B_SPLINE_CURVE_WITH_KNOTS('',1,(#5654,#5655),.UNSPECIFIED.,.F.,
  .F.,(2,2),(0.,1.),.PIECEWISE_BEZIER_KNOTS.);
#5654 = CARTESIAN_POINT('',(-24.95,-43.55,71.27));
#5655 = CARTESIAN_POINT('',(-21.95,-40.55,74.37));
#5656 = PCURVE('',#778,#5657);
#5657 = DEFINITIONAL_REPRESENTATION('',(#5658),#5662);
#5658 = LINE('',#5659,#5660);
#5659 = CARTESIAN_POINT('',(0.,0.));
#5660 = VECTOR('',#5661,1.);
#5661 = DIRECTION('',(0.,1.));
#5662 = ( GEOMETRIC_REPRESENTATION_CONTEXT(2)
PARAMETRIC_REPRESENTATION_CONTEXT() REPRESENTATION_CONTEXT('2D SPACE',''
  ) );
#5663 = PCURVE('',#803,#5664);
#5664 = DEFINITIONAL_REPRESENTATION('',(#5665),#5669);
#5665 = LINE('',#5666,#5667);
#5666 = CARTESIAN_POINT('',(8.4,0.));
#5667 = VECTOR('',#5668,1.);
#5668 = DIRECTION('',(0.,1.));
#5669 = ( GEOMETRIC_REPRESENTATION_CONTEXT(2)
PARAMETRIC_REPRESENTATION_CONTEXT() REPRESENTATION_CONTEXT('2D SPACE',''
  ) );
#5670 = ORIENTED_EDGE('',*,*,#5671,.T.);
#5671 = EDGE_CURVE('',#5650,#5672,#5674,.T.);
#5672 = VERTEX_POINT('',#5673);
#5673 = CARTESIAN_POINT('',(-27.35,-43.55,71.27));
#5674 = SURFACE_CURVE('',#5675,(#5679,#5685),.PCURVE_S1.);
#5675 = LINE('',#5676,#5677);
#5676 = CARTESIAN_POINT('',(-24.95,-43.55,71.27));
#5677 = VECTOR('',#5678,1.);
#5678 = DIRECTION('',(-1.,0.,0.));
#5679 = PCURVE('',#778,#5680);
#5680 = DEFINITIONAL_REPRESENTATION('',(#5681),#5684);
#5681 = B_SPLINE_CURVE_WITH_KNOTS('',1,(#5682,#5683),.UNSPECIFIED.,.F.,
  .F.,(2,2),(0.,2.4),.PIECEWISE_BEZIER_KNOTS.);
#5682 = CARTESIAN_POINT('',(0.,0.));
#5683 = CARTESIAN_POINT('',(8.4,0.));
#5684 = ( GEOMETRIC_REPRESENTATION_CONTEXT(2)
PARAMETRIC_REPRESENTATION_CONTEXT() REPRESENTATION_CONTEXT('2D SPACE',''
  ) );
#5685 = PCURVE('',#5686,#5691);
#5686 = PLANE('',#5687);
#5687 = AXIS2_PLACEMENT_3D('',#5688,#5689,#5690);
#5688 = CARTESIAN_POINT('',(-27.35,-45.95,71.27));
#5689 = DIRECTION('',(0.,0.,-1.));
#5690 = DIRECTION('',(0.707106781187,0.707106781187,0.));
#5691 = DEFINITIONAL_REPRESENTATION('',(#5692),#5696);
#5692 = LINE('',#5693,#5694);
#5693 = CARTESIAN_POINT('',(3.394112549695,1.654600909753E-17));
#5694 = VECTOR('',#5695,1.);
#5695 = DIRECTION('',(-0.707106781187,-0.707106781187));
#5696 = ( GEOMETRIC_REPRESENTATION_CONTEXT(2)
PARAMETRIC_REPRESENTATION_CONTEXT() REPRESENTATION_CONTEXT('2D SPACE',''
  ) );
#5697 = ORIENTED_EDGE('',*,*,#5698,.T.);
#5698 = EDGE_CURVE('',#5672,#3091,#5699,.T.);
#5699 = SURFACE_CURVE('',#5700,(#5703,#5710),.PCURVE_S1.);
#5700 = B_SPLINE_CURVE_WITH_KNOTS('',1,(#5701,#5702),.UNSPECIFIED.,.F.,
  .F.,(2,2),(0.,1.),.PIECEWISE_BEZIER_KNOTS.);
#5701 = CARTESIAN_POINT('',(-27.35,-43.55,71.27));
#5702 = CARTESIAN_POINT('',(-30.35,-40.55,74.37));
#5703 = PCURVE('',#778,#5704);
#5704 = DEFINITIONAL_REPRESENTATION('',(#5705),#5709);
#5705 = LINE('',#5706,#5707);
#5706 = CARTESIAN_POINT('',(8.4,0.));
#5707 = VECTOR('',#5708,1.);
#5708 = DIRECTION('',(0.,1.));
#5709 = ( GEOMETRIC_REPRESENTATION_CONTEXT(2)
PARAMETRIC_REPRESENTATION_CONTEXT() REPRESENTATION_CONTEXT('2D SPACE',''
  ) );
#5710 = PCURVE('',#3110,#5711);
#5711 = DEFINITIONAL_REPRESENTATION('',(#5712),#5716);
#5712 = LINE('',#5713,#5714);
#5713 = CARTESIAN_POINT('',(0.,0.));
#5714 = VECTOR('',#5715,1.);
#5715 = DIRECTION('',(0.,1.));
#5716 = ( GEOMETRIC_REPRESENTATION_CONTEXT(2)
PARAMETRIC_REPRESENTATION_CONTEXT() REPRESENTATION_CONTEXT('2D SPACE',''
  ) );
#5717 = ORIENTED_EDGE('',*,*,#3124,.T.);
#5718 = ORIENTED_EDGE('',*,*,#764,.T.);
#5719 = ADVANCED_FACE('',(#5720),#977,.F.);
#5720 = FACE_BOUND('',#5721,.F.);
#5721 = EDGE_LOOP('',(#5722,#5744,#5771,#5791,#5792));
#5722 = ORIENTED_EDGE('',*,*,#5723,.F.);
#5723 = EDGE_CURVE('',#5724,#3327,#5726,.T.);
#5724 = VERTEX_POINT('',#5725);
#5725 = CARTESIAN_POINT('',(27.35,-43.55,71.27));
#5726 = SURFACE_CURVE('',#5727,(#5730,#5737),.PCURVE_S1.);
#5727 = B_SPLINE_CURVE_WITH_KNOTS('',1,(#5728,#5729),.UNSPECIFIED.,.F.,
  .F.,(2,2),(0.,1.),.PIECEWISE_BEZIER_KNOTS.);
#5728 = CARTESIAN_POINT('',(27.35,-43.55,71.27));
#5729 = CARTESIAN_POINT('',(30.35,-40.55,74.37));
#5730 = PCURVE('',#977,#5731);
#5731 = DEFINITIONAL_REPRESENTATION('',(#5732),#5736);
#5732 = LINE('',#5733,#5734);
#5733 = CARTESIAN_POINT('',(0.,0.));
#5734 = VECTOR('',#5735,1.);
#5735 = DIRECTION('',(0.,1.));
#5736 = ( GEOMETRIC_REPRESENTATION_CONTEXT(2)
PARAMETRIC_REPRESENTATION_CONTEXT() REPRESENTATION_CONTEXT('2D SPACE',''
  ) );
#5737 = PCURVE('',#3346,#5738);
#5738 = DEFINITIONAL_REPRESENTATION('',(#5739),#5743);
#5739 = LINE('',#5740,#5741);
#5740 = CARTESIAN_POINT('',(8.4,0.));
#5741 = VECTOR('',#5742,1.);
#5742 = DIRECTION('',(0.,1.));
#5743 = ( GEOMETRIC_REPRESENTATION_CONTEXT(2)
PARAMETRIC_REPRESENTATION_CONTEXT() REPRESENTATION_CONTEXT('2D SPACE',''
  ) );
#5744 = ORIENTED_EDGE('',*,*,#5745,.T.);
#5745 = EDGE_CURVE('',#5724,#5746,#5748,.T.);
#5746 = VERTEX_POINT('',#5747);
#5747 = CARTESIAN_POINT('',(24.95,-43.55,71.27));
#5748 = SURFACE_CURVE('',#5749,(#5753,#5759),.PCURVE_S1.);
#5749 = LINE('',#5750,#5751);
#5750 = CARTESIAN_POINT('',(27.35,-43.55,71.27));
#5751 = VECTOR('',#5752,1.);
#5752 = DIRECTION('',(-1.,0.,0.));
#5753 = PCURVE('',#977,#5754);
#5754 = DEFINITIONAL_REPRESENTATION('',(#5755),#5758);
#5755 = B_SPLINE_CURVE_WITH_KNOTS('',1,(#5756,#5757),.UNSPECIFIED.,.F.,
  .F.,(2,2),(0.,2.4),.PIECEWISE_BEZIER_KNOTS.);
#5756 = CARTESIAN_POINT('',(0.,0.));
#5757 = CARTESIAN_POINT('',(8.4,0.));
#5758 = ( GEOMETRIC_REPRESENTATION_CONTEXT(2)
PARAMETRIC_REPRESENTATION_CONTEXT() REPRESENTATION_CONTEXT('2D SPACE',''
  ) );
#5759 = PCURVE('',#5760,#5765);
#5760 = PLANE('',#5761);
#5761 = AXIS2_PLACEMENT_3D('',#5762,#5763,#5764);
#5762 = CARTESIAN_POINT('',(24.95,-45.95,71.27));
#5763 = DIRECTION('',(0.,0.,-1.));
#5764 = DIRECTION('',(0.707106781187,0.707106781187,0.));
#5765 = DEFINITIONAL_REPRESENTATION('',(#5766),#5770);
#5766 = LINE('',#5767,#5768);
#5767 = CARTESIAN_POINT('',(3.394112549695,1.654600909753E-17));
#5768 = VECTOR('',#5769,1.);
#5769 = DIRECTION('',(-0.707106781187,-0.707106781187));
#5770 = ( GEOMETRIC_REPRESENTATION_CONTEXT(2)
PARAMETRIC_REPRESENTATION_CONTEXT() REPRESENTATION_CONTEXT('2D SPACE',''
  ) );
#5771 = ORIENTED_EDGE('',*,*,#5772,.T.);
#5772 = EDGE_CURVE('',#5746,#939,#5773,.T.);
#5773 = SURFACE_CURVE('',#5774,(#5777,#5784),.PCURVE_S1.);
#5774 = B_SPLINE_CURVE_WITH_KNOTS('',1,(#5775,#5776),.UNSPECIFIED.,.F.,
  .F.,(2,2),(0.,1.),.PIECEWISE_BEZIER_KNOTS.);
#5775 = CARTESIAN_POINT('',(24.95,-43.55,71.27));
#5776 = CARTESIAN_POINT('',(21.95,-40.55,74.37));
#5777 = PCURVE('',#977,#5778);
#5778 = DEFINITIONAL_REPRESENTATION('',(#5779),#5783);
#5779 = LINE('',#5780,#5781);
#5780 = CARTESIAN_POINT('',(8.4,0.));
#5781 = VECTOR('',#5782,1.);
#5782 = DIRECTION('',(0.,1.));
#5783 = ( GEOMETRIC_REPRESENTATION_CONTEXT(2)
PARAMETRIC_REPRESENTATION_CONTEXT() REPRESENTATION_CONTEXT('2D SPACE',''
  ) );
#5784 = PCURVE('',#952,#5785);
#5785 = DEFINITIONAL_REPRESENTATION('',(#5786),#5790);
#5786 = LINE('',#5787,#5788);
#5787 = CARTESIAN_POINT('',(0.,0.));
#5788 = VECTOR('',#5789,1.);
#5789 = DIRECTION('',(0.,1.));
#5790 = ( GEOMETRIC_REPRESENTATION_CONTEXT(2)
PARAMETRIC_REPRESENTATION_CONTEXT() REPRESENTATION_CONTEXT('2D SPACE',''
  ) );
#5791 = ORIENTED_EDGE('',*,*,#963,.T.);
#5792 = ORIENTED_EDGE('',*,*,#3360,.T.);
#5793 = ADVANCED_FACE('',(#5794),#803,.F.);
#5794 = FACE_BOUND('',#5795,.F.);
#5795 = EDGE_LOOP('',(#5796,#5818,#5838,#5839));
#5796 = ORIENTED_EDGE('',*,*,#5797,.F.);
#5797 = EDGE_CURVE('',#5798,#790,#5800,.T.);
#5798 = VERTEX_POINT('',#5799);
#5799 = CARTESIAN_POINT('',(-24.95,-45.95,71.27));
#5800 = SURFACE_CURVE('',#5801,(#5804,#5811),.PCURVE_S1.);
#5801 = B_SPLINE_CURVE_WITH_KNOTS('',1,(#5802,#5803),.UNSPECIFIED.,.F.,
  .F.,(2,2),(0.,1.),.PIECEWISE_BEZIER_KNOTS.);
#5802 = CARTESIAN_POINT('',(-24.95,-45.95,71.27));
#5803 = CARTESIAN_POINT('',(-21.95,-48.95,74.37));
#5804 = PCURVE('',#803,#5805);
#5805 = DEFINITIONAL_REPRESENTATION('',(#5806),#5810);
#5806 = LINE('',#5807,#5808);
#5807 = CARTESIAN_POINT('',(0.,0.));
#5808 = VECTOR('',#5809,1.);
#5809 = DIRECTION('',(0.,1.));
#5810 = ( GEOMETRIC_REPRESENTATION_CONTEXT(2)
PARAMETRIC_REPRESENTATION_CONTEXT() REPRESENTATION_CONTEXT('2D SPACE',''
  ) );
#5811 = PCURVE('',#828,#5812);
#5812 = DEFINITIONAL_REPRESENTATION('',(#5813),#5817);
#5813 = LINE('',#5814,#5815);
#5814 = CARTESIAN_POINT('',(8.4,0.));
#5815 = VECTOR('',#5816,1.);
#5816 = DIRECTION('',(0.,1.));
#5817 = ( GEOMETRIC_REPRESENTATION_CONTEXT(2)
PARAMETRIC_REPRESENTATION_CONTEXT() REPRESENTATION_CONTEXT('2D SPACE',''
  ) );
#5818 = ORIENTED_EDGE('',*,*,#5819,.T.);
#5819 = EDGE_CURVE('',#5798,#5650,#5820,.T.);
#5820 = SURFACE_CURVE('',#5821,(#5825,#5831),.PCURVE_S1.);
#5821 = LINE('',#5822,#5823);
#5822 = CARTESIAN_POINT('',(-24.95,-45.95,71.27));
#5823 = VECTOR('',#5824,1.);
#5824 = DIRECTION('',(0.,1.,0.));
#5825 = PCURVE('',#803,#5826);
#5826 = DEFINITIONAL_REPRESENTATION('',(#5827),#5830);
#5827 = B_SPLINE_CURVE_WITH_KNOTS('',1,(#5828,#5829),.UNSPECIFIED.,.F.,
  .F.,(2,2),(0.,2.4),.PIECEWISE_BEZIER_KNOTS.);
#5828 = CARTESIAN_POINT('',(0.,0.));
#5829 = CARTESIAN_POINT('',(8.4,0.));
#5830 = ( GEOMETRIC_REPRESENTATION_CONTEXT(2)
PARAMETRIC_REPRESENTATION_CONTEXT() REPRESENTATION_CONTEXT('2D SPACE',''
  ) );
#5831 = PCURVE('',#5686,#5832);
#5832 = DEFINITIONAL_REPRESENTATION('',(#5833),#5837);
#5833 = LINE('',#5834,#5835);
#5834 = CARTESIAN_POINT('',(1.697056274848,1.697056274848));
#5835 = VECTOR('',#5836,1.);
#5836 = DIRECTION('',(0.707106781187,-0.707106781187));
#5837 = ( GEOMETRIC_REPRESENTATION_CONTEXT(2)
PARAMETRIC_REPRESENTATION_CONTEXT() REPRESENTATION_CONTEXT('2D SPACE',''
  ) );
#5838 = ORIENTED_EDGE('',*,*,#5649,.T.);
#5839 = ORIENTED_EDGE('',*,*,#789,.T.);
#5840 = ADVANCED_FACE('',(#5841),#952,.F.);
#5841 = FACE_BOUND('',#5842,.F.);
#5842 = EDGE_LOOP('',(#5843,#5844,#5866,#5886));
#5843 = ORIENTED_EDGE('',*,*,#5772,.F.);
#5844 = ORIENTED_EDGE('',*,*,#5845,.T.);
#5845 = EDGE_CURVE('',#5746,#5846,#5848,.T.);
#5846 = VERTEX_POINT('',#5847);
#5847 = CARTESIAN_POINT('',(24.95,-45.95,71.27));
#5848 = SURFACE_CURVE('',#5849,(#5853,#5859),.PCURVE_S1.);
#5849 = LINE('',#5850,#5851);
#5850 = CARTESIAN_POINT('',(24.95,-43.55,71.27));
#5851 = VECTOR('',#5852,1.);
#5852 = DIRECTION('',(0.,-1.,0.));
#5853 = PCURVE('',#952,#5854);
#5854 = DEFINITIONAL_REPRESENTATION('',(#5855),#5858);
#5855 = B_SPLINE_CURVE_WITH_KNOTS('',1,(#5856,#5857),.UNSPECIFIED.,.F.,
  .F.,(2,2),(0.,2.4),.PIECEWISE_BEZIER_KNOTS.);
#5856 = CARTESIAN_POINT('',(0.,0.));
#5857 = CARTESIAN_POINT('',(8.4,0.));
#5858 = ( GEOMETRIC_REPRESENTATION_CONTEXT(2)
PARAMETRIC_REPRESENTATION_CONTEXT() REPRESENTATION_CONTEXT('2D SPACE',''
  ) );
#5859 = PCURVE('',#5760,#5860);
#5860 = DEFINITIONAL_REPRESENTATION('',(#5861),#5865);
#5861 = LINE('',#5862,#5863);
#5862 = CARTESIAN_POINT('',(1.697056274848,-1.697056274848));
#5863 = VECTOR('',#5864,1.);
#5864 = DIRECTION('',(-0.707106781187,0.707106781187));
#5865 = ( GEOMETRIC_REPRESENTATION_CONTEXT(2)
PARAMETRIC_REPRESENTATION_CONTEXT() REPRESENTATION_CONTEXT('2D SPACE',''
  ) );
#5866 = ORIENTED_EDGE('',*,*,#5867,.T.);
#5867 = EDGE_CURVE('',#5846,#914,#5868,.T.);
#5868 = SURFACE_CURVE('',#5869,(#5872,#5879),.PCURVE_S1.);
#5869 = B_SPLINE_CURVE_WITH_KNOTS('',1,(#5870,#5871),.UNSPECIFIED.,.F.,
  .F.,(2,2),(0.,1.),.PIECEWISE_BEZIER_KNOTS.);
#5870 = CARTESIAN_POINT('',(24.95,-45.95,71.27));
#5871 = CARTESIAN_POINT('',(21.95,-48.95,74.37));
#5872 = PCURVE('',#952,#5873);
#5873 = DEFINITIONAL_REPRESENTATION('',(#5874),#5878);
#5874 = LINE('',#5875,#5876);
#5875 = CARTESIAN_POINT('',(8.4,0.));
#5876 = VECTOR('',#5877,1.);
#5877 = DIRECTION('',(0.,1.));
#5878 = ( GEOMETRIC_REPRESENTATION_CONTEXT(2)
PARAMETRIC_REPRESENTATION_CONTEXT() REPRESENTATION_CONTEXT('2D SPACE',''
  ) );
#5879 = PCURVE('',#927,#5880);
#5880 = DEFINITIONAL_REPRESENTATION('',(#5881),#5885);
#5881 = LINE('',#5882,#5883);
#5882 = CARTESIAN_POINT('',(0.,0.));
#5883 = VECTOR('',#5884,1.);
#5884 = DIRECTION('',(0.,1.));
#5885 = ( GEOMETRIC_REPRESENTATION_CONTEXT(2)
PARAMETRIC_REPRESENTATION_CONTEXT() REPRESENTATION_CONTEXT('2D SPACE',''
  ) );
#5886 = ORIENTED_EDGE('',*,*,#938,.T.);
#5887 = ADVANCED_FACE('',(#5888),#828,.F.);
#5888 = FACE_BOUND('',#5889,.F.);
#5889 = EDGE_LOOP('',(#5890,#5912,#5932,#5933,#5934));
#5890 = ORIENTED_EDGE('',*,*,#5891,.F.);
#5891 = EDGE_CURVE('',#5892,#3062,#5894,.T.);
#5892 = VERTEX_POINT('',#5893);
#5893 = CARTESIAN_POINT('',(-27.35,-45.95,71.27));
#5894 = SURFACE_CURVE('',#5895,(#5898,#5905),.PCURVE_S1.);
#5895 = B_SPLINE_CURVE_WITH_KNOTS('',1,(#5896,#5897),.UNSPECIFIED.,.F.,
  .F.,(2,2),(0.,1.),.PIECEWISE_BEZIER_KNOTS.);
#5896 = CARTESIAN_POINT('',(-27.35,-45.95,71.27));
#5897 = CARTESIAN_POINT('',(-30.35,-48.95,74.37));
#5898 = PCURVE('',#828,#5899);
#5899 = DEFINITIONAL_REPRESENTATION('',(#5900),#5904);
#5900 = LINE('',#5901,#5902);
#5901 = CARTESIAN_POINT('',(0.,0.));
#5902 = VECTOR('',#5903,1.);
#5903 = DIRECTION('',(0.,1.));
#5904 = ( GEOMETRIC_REPRESENTATION_CONTEXT(2)
PARAMETRIC_REPRESENTATION_CONTEXT() REPRESENTATION_CONTEXT('2D SPACE',''
  ) );
#5905 = PCURVE('',#3110,#5906);
#5906 = DEFINITIONAL_REPRESENTATION('',(#5907),#5911);
#5907 = LINE('',#5908,#5909);
#5908 = CARTESIAN_POINT('',(8.4,0.));
#5909 = VECTOR('',#5910,1.);
#5910 = DIRECTION('',(0.,1.));
#5911 = ( GEOMETRIC_REPRESENTATION_CONTEXT(2)
PARAMETRIC_REPRESENTATION_CONTEXT() REPRESENTATION_CONTEXT('2D SPACE',''
  ) );
#5912 = ORIENTED_EDGE('',*,*,#5913,.T.);
#5913 = EDGE_CURVE('',#5892,#5798,#5914,.T.);
#5914 = SURFACE_CURVE('',#5915,(#5919,#5925),.PCURVE_S1.);
#5915 = LINE('',#5916,#5917);
#5916 = CARTESIAN_POINT('',(-27.35,-45.95,71.27));
#5917 = VECTOR('',#5918,1.);
#5918 = DIRECTION('',(1.,0.,0.));
#5919 = PCURVE('',#828,#5920);
#5920 = DEFINITIONAL_REPRESENTATION('',(#5921),#5924);
#5921 = B_SPLINE_CURVE_WITH_KNOTS('',1,(#5922,#5923),.UNSPECIFIED.,.F.,
  .F.,(2,2),(0.,2.4),.PIECEWISE_BEZIER_KNOTS.);
#5922 = CARTESIAN_POINT('',(0.,0.));
#5923 = CARTESIAN_POINT('',(8.4,0.));
#5924 = ( GEOMETRIC_REPRESENTATION_CONTEXT(2)
PARAMETRIC_REPRESENTATION_CONTEXT() REPRESENTATION_CONTEXT('2D SPACE',''
  ) );
#5925 = PCURVE('',#5686,#5926);
#5926 = DEFINITIONAL_REPRESENTATION('',(#5927),#5931);
#5927 = LINE('',#5928,#5929);
#5928 = CARTESIAN_POINT('',(0.,0.));
#5929 = VECTOR('',#5930,1.);
#5930 = DIRECTION('',(0.707106781187,0.707106781187));
#5931 = ( GEOMETRIC_REPRESENTATION_CONTEXT(2)
PARAMETRIC_REPRESENTATION_CONTEXT() REPRESENTATION_CONTEXT('2D SPACE',''
  ) );
#5932 = ORIENTED_EDGE('',*,*,#5797,.T.);
#5933 = ORIENTED_EDGE('',*,*,#814,.T.);
#5934 = ORIENTED_EDGE('',*,*,#3061,.T.);
#5935 = ADVANCED_FACE('',(#5936),#927,.F.);
#5936 = FACE_BOUND('',#5937,.F.);
#5937 = EDGE_LOOP('',(#5938,#5939,#5961,#5981,#5982));
#5938 = ORIENTED_EDGE('',*,*,#5867,.F.);
#5939 = ORIENTED_EDGE('',*,*,#5940,.T.);
#5940 = EDGE_CURVE('',#5846,#5941,#5943,.T.);
#5941 = VERTEX_POINT('',#5942);
#5942 = CARTESIAN_POINT('',(27.35,-45.95,71.27));
#5943 = SURFACE_CURVE('',#5944,(#5948,#5954),.PCURVE_S1.);
#5944 = LINE('',#5945,#5946);
#5945 = CARTESIAN_POINT('',(24.95,-45.95,71.27));
#5946 = VECTOR('',#5947,1.);
#5947 = DIRECTION('',(1.,0.,0.));
#5948 = PCURVE('',#927,#5949);
#5949 = DEFINITIONAL_REPRESENTATION('',(#5950),#5953);
#5950 = B_SPLINE_CURVE_WITH_KNOTS('',1,(#5951,#5952),.UNSPECIFIED.,.F.,
  .F.,(2,2),(0.,2.4),.PIECEWISE_BEZIER_KNOTS.);
#5951 = CARTESIAN_POINT('',(0.,0.));
#5952 = CARTESIAN_POINT('',(8.4,0.));
#5953 = ( GEOMETRIC_REPRESENTATION_CONTEXT(2)
PARAMETRIC_REPRESENTATION_CONTEXT() REPRESENTATION_CONTEXT('2D SPACE',''
  ) );
#5954 = PCURVE('',#5760,#5955);
#5955 = DEFINITIONAL_REPRESENTATION('',(#5956),#5960);
#5956 = LINE('',#5957,#5958);
#5957 = CARTESIAN_POINT('',(0.,0.));
#5958 = VECTOR('',#5959,1.);
#5959 = DIRECTION('',(0.707106781187,0.707106781187));
#5960 = ( GEOMETRIC_REPRESENTATION_CONTEXT(2)
PARAMETRIC_REPRESENTATION_CONTEXT() REPRESENTATION_CONTEXT('2D SPACE',''
  ) );
#5961 = ORIENTED_EDGE('',*,*,#5962,.T.);
#5962 = EDGE_CURVE('',#5941,#3298,#5963,.T.);
#5963 = SURFACE_CURVE('',#5964,(#5967,#5974),.PCURVE_S1.);
#5964 = B_SPLINE_CURVE_WITH_KNOTS('',1,(#5965,#5966),.UNSPECIFIED.,.F.,
  .F.,(2,2),(0.,1.),.PIECEWISE_BEZIER_KNOTS.);
#5965 = CARTESIAN_POINT('',(27.35,-45.95,71.27));
#5966 = CARTESIAN_POINT('',(30.35,-48.95,74.37));
#5967 = PCURVE('',#927,#5968);
#5968 = DEFINITIONAL_REPRESENTATION('',(#5969),#5973);
#5969 = LINE('',#5970,#5971);
#5970 = CARTESIAN_POINT('',(8.4,0.));
#5971 = VECTOR('',#5972,1.);
#5972 = DIRECTION('',(0.,1.));
#5973 = ( GEOMETRIC_REPRESENTATION_CONTEXT(2)
PARAMETRIC_REPRESENTATION_CONTEXT() REPRESENTATION_CONTEXT('2D SPACE',''
  ) );
#5974 = PCURVE('',#3346,#5975);
#5975 = DEFINITIONAL_REPRESENTATION('',(#5976),#5980);
#5976 = LINE('',#5977,#5978);
#5977 = CARTESIAN_POINT('',(0.,0.));
#5978 = VECTOR('',#5979,1.);
#5979 = DIRECTION('',(0.,1.));
#5980 = ( GEOMETRIC_REPRESENTATION_CONTEXT(2)
PARAMETRIC_REPRESENTATION_CONTEXT() REPRESENTATION_CONTEXT('2D SPACE',''
  ) );
#5981 = ORIENTED_EDGE('',*,*,#3297,.T.);
#5982 = ORIENTED_EDGE('',*,*,#913,.T.);
#5983 = ADVANCED_FACE('',(#5984,#5994),#878,.F.);
#5984 = FACE_BOUND('',#5985,.F.);
#5985 = EDGE_LOOP('',(#5986,#5987,#5988,#5989,#5990,#5991,#5992,#5993));
#5986 = ORIENTED_EDGE('',*,*,#4184,.F.);
#5987 = ORIENTED_EDGE('',*,*,#3834,.F.);
#5988 = ORIENTED_EDGE('',*,*,#3483,.T.);
#5989 = ORIENTED_EDGE('',*,*,#3038,.T.);
#5990 = ORIENTED_EDGE('',*,*,#862,.T.);
#5991 = ORIENTED_EDGE('',*,*,#3270,.F.);
#5992 = ORIENTED_EDGE('',*,*,#3749,.F.);
#5993 = ORIENTED_EDGE('',*,*,#4132,.T.);
#5994 = FACE_BOUND('',#5995,.F.);
#5995 = EDGE_LOOP('',(#5996,#6020,#6041,#6065,#6086,#6110,#6131,#6153));
#5996 = ORIENTED_EDGE('',*,*,#5997,.F.);
#5997 = EDGE_CURVE('',#5998,#5029,#6000,.T.);
#5998 = VERTEX_POINT('',#5999);
#5999 = CARTESIAN_POINT('',(-32.15,-64.75,64.32));
#6000 = SURFACE_CURVE('',#6001,(#6006,#6013),.PCURVE_S1.);
#6001 = CIRCLE('',#6002,2.);
#6002 = AXIS2_PLACEMENT_3D('',#6003,#6004,#6005);
#6003 = CARTESIAN_POINT('',(-30.15,-64.75,64.32));
#6004 = DIRECTION('',(0.,1.,0.));
#6005 = DIRECTION('',(-1.,0.,0.));
#6006 = PCURVE('',#878,#6007);
#6007 = DEFINITIONAL_REPRESENTATION('',(#6008),#6012);
#6008 = CIRCLE('',#6009,2.);
#6009 = AXIS2_PLACEMENT_2D('',#6010,#6011);
#6010 = CARTESIAN_POINT('',(147.32,10.));
#6011 = DIRECTION('',(0.,-1.));
#6012 = ( GEOMETRIC_REPRESENTATION_CONTEXT(2)
PARAMETRIC_REPRESENTATION_CONTEXT() REPRESENTATION_CONTEXT('2D SPACE',''
  ) );
#6013 = PCURVE('',#4706,#6014);
#6014 = DEFINITIONAL_REPRESENTATION('',(#6015),#6019);
#6015 = LINE('',#6016,#6017);
#6016 = CARTESIAN_POINT('',(0.,5.E-02));
#6017 = VECTOR('',#6018,1.);
#6018 = DIRECTION('',(1.,0.));
#6019 = ( GEOMETRIC_REPRESENTATION_CONTEXT(2)
PARAMETRIC_REPRESENTATION_CONTEXT() REPRESENTATION_CONTEXT('2D SPACE',''
  ) );
#6020 = ORIENTED_EDGE('',*,*,#6021,.T.);
#6021 = EDGE_CURVE('',#5998,#6022,#6024,.T.);
#6022 = VERTEX_POINT('',#6023);
#6023 = CARTESIAN_POINT('',(-32.15,-64.75,-73.));
#6024 = SURFACE_CURVE('',#6025,(#6029,#6035),.PCURVE_S1.);
#6025 = LINE('',#6026,#6027);
#6026 = CARTESIAN_POINT('',(-32.15,-64.75,-79.));
#6027 = VECTOR('',#6028,1.);
#6028 = DIRECTION('',(0.,0.,-1.));
#6029 = PCURVE('',#878,#6030);
#6030 = DEFINITIONAL_REPRESENTATION('',(#6031),#6034);
#6031 = B_SPLINE_CURVE_WITH_KNOTS('',1,(#6032,#6033),.UNSPECIFIED.,.F.,
  .F.,(2,2),(-143.32,-6.),.PIECEWISE_BEZIER_KNOTS.);
#6032 = CARTESIAN_POINT('',(147.32,8.));
#6033 = CARTESIAN_POINT('',(10.,8.));
#6034 = ( GEOMETRIC_REPRESENTATION_CONTEXT(2)
PARAMETRIC_REPRESENTATION_CONTEXT() REPRESENTATION_CONTEXT('2D SPACE',''
  ) );
#6035 = PCURVE('',#4758,#6036);
#6036 = DEFINITIONAL_REPRESENTATION('',(#6037),#6040);
#6037 = B_SPLINE_CURVE_WITH_KNOTS('',1,(#6038,#6039),.UNSPECIFIED.,.F.,
  .F.,(2,2),(-143.32,-6.),.PIECEWISE_BEZIER_KNOTS.);
#6038 = CARTESIAN_POINT('',(139.32,-5.E-02));
#6039 = CARTESIAN_POINT('',(2.,-5.E-02));
#6040 = ( GEOMETRIC_REPRESENTATION_CONTEXT(2)
PARAMETRIC_REPRESENTATION_CONTEXT() REPRESENTATION_CONTEXT('2D SPACE',''
  ) );
#6041 = ORIENTED_EDGE('',*,*,#6042,.F.);
#6042 = EDGE_CURVE('',#6043,#6022,#6045,.T.);
#6043 = VERTEX_POINT('',#6044);
#6044 = CARTESIAN_POINT('',(-30.15,-64.75,-75.));
#6045 = SURFACE_CURVE('',#6046,(#6051,#6058),.PCURVE_S1.);
#6046 = CIRCLE('',#6047,2.);
#6047 = AXIS2_PLACEMENT_3D('',#6048,#6049,#6050);
#6048 = CARTESIAN_POINT('',(-30.15,-64.75,-73.));
#6049 = DIRECTION('',(0.,1.,0.));
#6050 = DIRECTION('',(-1.,0.,0.));
#6051 = PCURVE('',#878,#6052);
#6052 = DEFINITIONAL_REPRESENTATION('',(#6053),#6057);
#6053 = CIRCLE('',#6054,2.);
#6054 = AXIS2_PLACEMENT_2D('',#6055,#6056);
#6055 = CARTESIAN_POINT('',(10.,10.));
#6056 = DIRECTION('',(0.,-1.));
#6057 = ( GEOMETRIC_REPRESENTATION_CONTEXT(2)
PARAMETRIC_REPRESENTATION_CONTEXT() REPRESENTATION_CONTEXT('2D SPACE',''
  ) );
#6058 = PCURVE('',#4858,#6059);
#6059 = DEFINITIONAL_REPRESENTATION('',(#6060),#6064);
#6060 = LINE('',#6061,#6062);
#6061 = CARTESIAN_POINT('',(-6.28318530718,5.E-02));
#6062 = VECTOR('',#6063,1.);
#6063 = DIRECTION('',(1.,-0.));
#6064 = ( GEOMETRIC_REPRESENTATION_CONTEXT(2)
PARAMETRIC_REPRESENTATION_CONTEXT() REPRESENTATION_CONTEXT('2D SPACE',''
  ) );
#6065 = ORIENTED_EDGE('',*,*,#6066,.T.);
#6066 = EDGE_CURVE('',#6043,#6067,#6069,.T.);
#6067 = VERTEX_POINT('',#6068);
#6068 = CARTESIAN_POINT('',(30.15,-64.75,-75.));
#6069 = SURFACE_CURVE('',#6070,(#6074,#6080),.PCURVE_S1.);
#6070 = LINE('',#6071,#6072);
#6071 = CARTESIAN_POINT('',(-36.15,-64.75,-75.));
#6072 = VECTOR('',#6073,1.);
#6073 = DIRECTION('',(1.,0.,0.));
#6074 = PCURVE('',#878,#6075);
#6075 = DEFINITIONAL_REPRESENTATION('',(#6076),#6079);
#6076 = B_SPLINE_CURVE_WITH_KNOTS('',1,(#6077,#6078),.UNSPECIFIED.,.F.,
  .F.,(2,2),(6.,66.3),.PIECEWISE_BEZIER_KNOTS.);
#6077 = CARTESIAN_POINT('',(8.,10.));
#6078 = CARTESIAN_POINT('',(8.,70.3));
#6079 = ( GEOMETRIC_REPRESENTATION_CONTEXT(2)
PARAMETRIC_REPRESENTATION_CONTEXT() REPRESENTATION_CONTEXT('2D SPACE',''
  ) );
#6080 = PCURVE('',#4936,#6081);
#6081 = DEFINITIONAL_REPRESENTATION('',(#6082),#6085);
#6082 = B_SPLINE_CURVE_WITH_KNOTS('',1,(#6083,#6084),.UNSPECIFIED.,.F.,
  .F.,(2,2),(6.,66.3),.PIECEWISE_BEZIER_KNOTS.);
#6083 = CARTESIAN_POINT('',(2.,5.E-02));
#6084 = CARTESIAN_POINT('',(62.3,5.E-02));
#6085 = ( GEOMETRIC_REPRESENTATION_CONTEXT(2)
PARAMETRIC_REPRESENTATION_CONTEXT() REPRESENTATION_CONTEXT('2D SPACE',''
  ) );
#6086 = ORIENTED_EDGE('',*,*,#6087,.F.);
#6087 = EDGE_CURVE('',#6088,#6067,#6090,.T.);
#6088 = VERTEX_POINT('',#6089);
#6089 = CARTESIAN_POINT('',(32.15,-64.75,-73.));
#6090 = SURFACE_CURVE('',#6091,(#6096,#6103),.PCURVE_S1.);
#6091 = CIRCLE('',#6092,2.);
#6092 = AXIS2_PLACEMENT_3D('',#6093,#6094,#6095);
#6093 = CARTESIAN_POINT('',(30.15,-64.75,-73.));
#6094 = DIRECTION('',(0.,1.,0.));
#6095 = DIRECTION('',(1.,0.,-0.));
#6096 = PCURVE('',#878,#6097);
#6097 = DEFINITIONAL_REPRESENTATION('',(#6098),#6102);
#6098 = CIRCLE('',#6099,2.);
#6099 = AXIS2_PLACEMENT_2D('',#6100,#6101);
#6100 = CARTESIAN_POINT('',(10.,70.3));
#6101 = DIRECTION('',(0.,1.));
#6102 = ( GEOMETRIC_REPRESENTATION_CONTEXT(2)
PARAMETRIC_REPRESENTATION_CONTEXT() REPRESENTATION_CONTEXT('2D SPACE',''
  ) );
#6103 = PCURVE('',#5112,#6104);
#6104 = DEFINITIONAL_REPRESENTATION('',(#6105),#6109);
#6105 = LINE('',#6106,#6107);
#6106 = CARTESIAN_POINT('',(0.,5.E-02));
#6107 = VECTOR('',#6108,1.);
#6108 = DIRECTION('',(1.,0.));
#6109 = ( GEOMETRIC_REPRESENTATION_CONTEXT(2)
PARAMETRIC_REPRESENTATION_CONTEXT() REPRESENTATION_CONTEXT('2D SPACE',''
  ) );
#6110 = ORIENTED_EDGE('',*,*,#6111,.F.);
#6111 = EDGE_CURVE('',#6112,#6088,#6114,.T.);
#6112 = VERTEX_POINT('',#6113);
#6113 = CARTESIAN_POINT('',(32.15,-64.75,64.32));
#6114 = SURFACE_CURVE('',#6115,(#6119,#6125),.PCURVE_S1.);
#6115 = LINE('',#6116,#6117);
#6116 = CARTESIAN_POINT('',(32.15,-64.75,-79.));
#6117 = VECTOR('',#6118,1.);
#6118 = DIRECTION('',(0.,0.,-1.));
#6119 = PCURVE('',#878,#6120);
#6120 = DEFINITIONAL_REPRESENTATION('',(#6121),#6124);
#6121 = B_SPLINE_CURVE_WITH_KNOTS('',1,(#6122,#6123),.UNSPECIFIED.,.F.,
  .F.,(2,2),(-143.32,-6.),.PIECEWISE_BEZIER_KNOTS.);
#6122 = CARTESIAN_POINT('',(147.32,72.3));
#6123 = CARTESIAN_POINT('',(10.,72.3));
#6124 = ( GEOMETRIC_REPRESENTATION_CONTEXT(2)
PARAMETRIC_REPRESENTATION_CONTEXT() REPRESENTATION_CONTEXT('2D SPACE',''
  ) );
#6125 = PCURVE('',#5188,#6126);
#6126 = DEFINITIONAL_REPRESENTATION('',(#6127),#6130);
#6127 = B_SPLINE_CURVE_WITH_KNOTS('',1,(#6128,#6129),.UNSPECIFIED.,.F.,
  .F.,(2,2),(-143.32,-6.),.PIECEWISE_BEZIER_KNOTS.);
#6128 = CARTESIAN_POINT('',(139.32,-5.E-02));
#6129 = CARTESIAN_POINT('',(2.,-5.E-02));
#6130 = ( GEOMETRIC_REPRESENTATION_CONTEXT(2)
PARAMETRIC_REPRESENTATION_CONTEXT() REPRESENTATION_CONTEXT('2D SPACE',''
  ) );
#6131 = ORIENTED_EDGE('',*,*,#6132,.F.);
#6132 = EDGE_CURVE('',#4952,#6112,#6133,.T.);
#6133 = SURFACE_CURVE('',#6134,(#6139,#6146),.PCURVE_S1.);
#6134 = CIRCLE('',#6135,2.);
#6135 = AXIS2_PLACEMENT_3D('',#6136,#6137,#6138);
#6136 = CARTESIAN_POINT('',(30.15,-64.75,64.32));
#6137 = DIRECTION('',(0.,1.,0.));
#6138 = DIRECTION('',(1.,0.,-0.));
#6139 = PCURVE('',#878,#6140);
#6140 = DEFINITIONAL_REPRESENTATION('',(#6141),#6145);
#6141 = CIRCLE('',#6142,2.);
#6142 = AXIS2_PLACEMENT_2D('',#6143,#6144);
#6143 = CARTESIAN_POINT('',(147.32,70.3));
#6144 = DIRECTION('',(0.,1.));
#6145 = ( GEOMETRIC_REPRESENTATION_CONTEXT(2)
PARAMETRIC_REPRESENTATION_CONTEXT() REPRESENTATION_CONTEXT('2D SPACE',''
  ) );
#6146 = PCURVE('',#4969,#6147);
#6147 = DEFINITIONAL_REPRESENTATION('',(#6148),#6152);
#6148 = LINE('',#6149,#6150);
#6149 = CARTESIAN_POINT('',(-6.28318530718,5.E-02));
#6150 = VECTOR('',#6151,1.);
#6151 = DIRECTION('',(1.,-0.));
#6152 = ( GEOMETRIC_REPRESENTATION_CONTEXT(2)
PARAMETRIC_REPRESENTATION_CONTEXT() REPRESENTATION_CONTEXT('2D SPACE',''
  ) );
#6153 = ORIENTED_EDGE('',*,*,#5051,.F.);
#6154 = ADVANCED_FACE('',(#6155),#1181,.F.);
#6155 = FACE_BOUND('',#6156,.F.);
#6156 = EDGE_LOOP('',(#6157,#6187,#6207,#6208));
#6157 = ORIENTED_EDGE('',*,*,#6158,.F.);
#6158 = EDGE_CURVE('',#6159,#6161,#6163,.T.);
#6159 = VERTEX_POINT('',#6160);
#6160 = CARTESIAN_POINT('',(-12.216796875,-28.48385370986,74.12));
#6161 = VERTEX_POINT('',#6162);
#6162 = CARTESIAN_POINT('',(-14.5458984375,-36.39400995986,74.12));
#6163 = SURFACE_CURVE('',#6164,(#6168,#6175),.PCURVE_S1.);
#6164 = B_SPLINE_CURVE_WITH_KNOTS('',2,(#6165,#6166,#6167),
  .UNSPECIFIED.,.F.,.F.,(3,3),(0.,1.),.PIECEWISE_BEZIER_KNOTS.);
#6165 = CARTESIAN_POINT('',(-12.216796875,-28.48385370986,74.12));
#6166 = CARTESIAN_POINT('',(-12.5244140625,-30.02193964736,74.12));
#6167 = CARTESIAN_POINT('',(-14.5458984375,-36.39400995986,74.12));
#6168 = PCURVE('',#1181,#6169);
#6169 = DEFINITIONAL_REPRESENTATION('',(#6170),#6174);
#6170 = LINE('',#6171,#6172);
#6171 = CARTESIAN_POINT('',(1.,0.));
#6172 = VECTOR('',#6173,1.);
#6173 = DIRECTION('',(-1.,0.));
#6174 = ( GEOMETRIC_REPRESENTATION_CONTEXT(2)
PARAMETRIC_REPRESENTATION_CONTEXT() REPRESENTATION_CONTEXT('2D SPACE',''
  ) );
#6175 = PCURVE('',#6176,#6181);
#6176 = PLANE('',#6177);
#6177 = AXIS2_PLACEMENT_3D('',#6178,#6179,#6180);
#6178 = CARTESIAN_POINT('',(-14.5458984375,-36.39400995986,74.12));
#6179 = DIRECTION('',(0.,0.,1.));
#6180 = DIRECTION('',(0.850070327177,0.526669192998,0.));
#6181 = DEFINITIONAL_REPRESENTATION('',(#6182),#6186);
#6182 = B_SPLINE_CURVE_WITH_KNOTS('',2,(#6183,#6184,#6185),
  .UNSPECIFIED.,.F.,.F.,(3,3),(0.,1.),.PIECEWISE_BEZIER_KNOTS.);
#6183 = CARTESIAN_POINT('',(6.145935735941,5.497523071123));
#6184 = CARTESIAN_POINT('',(5.074377013253,4.3520543509));
#6185 = CARTESIAN_POINT('',(-7.105427357601E-15,-3.552713678801E-15));
#6186 = ( GEOMETRIC_REPRESENTATION_CONTEXT(2)
PARAMETRIC_REPRESENTATION_CONTEXT() REPRESENTATION_CONTEXT('2D SPACE',''
  ) );
#6187 = ORIENTED_EDGE('',*,*,#6188,.T.);
#6188 = EDGE_CURVE('',#6159,#1110,#6189,.T.);
#6189 = SURFACE_CURVE('',#6190,(#6193,#6200),.PCURVE_S1.);
#6190 = B_SPLINE_CURVE_WITH_KNOTS('',1,(#6191,#6192),.UNSPECIFIED.,.F.,
  .F.,(2,2),(0.,1.),.PIECEWISE_BEZIER_KNOTS.);
#6191 = CARTESIAN_POINT('',(-12.216796875,-28.48385370986,74.12));
#6192 = CARTESIAN_POINT('',(-12.325390625,-28.62838491917,74.37));
#6193 = PCURVE('',#1181,#6194);
#6194 = DEFINITIONAL_REPRESENTATION('',(#6195),#6199);
#6195 = LINE('',#6196,#6197);
#6196 = CARTESIAN_POINT('',(1.,0.));
#6197 = VECTOR('',#6198,1.);
#6198 = DIRECTION('',(0.,1.));
#6199 = ( GEOMETRIC_REPRESENTATION_CONTEXT(2)
PARAMETRIC_REPRESENTATION_CONTEXT() REPRESENTATION_CONTEXT('2D SPACE',''
  ) );
#6200 = PCURVE('',#2067,#6201);
#6201 = DEFINITIONAL_REPRESENTATION('',(#6202),#6206);
#6202 = LINE('',#6203,#6204);
#6203 = CARTESIAN_POINT('',(0.,0.));
#6204 = VECTOR('',#6205,1.);
#6205 = DIRECTION('',(0.,1.));
#6206 = ( GEOMETRIC_REPRESENTATION_CONTEXT(2)
PARAMETRIC_REPRESENTATION_CONTEXT() REPRESENTATION_CONTEXT('2D SPACE',''
  ) );
#6207 = ORIENTED_EDGE('',*,*,#1109,.T.);
#6208 = ORIENTED_EDGE('',*,*,#6209,.F.);
#6209 = EDGE_CURVE('',#6161,#1112,#6210,.T.);
#6210 = SURFACE_CURVE('',#6211,(#6214,#6221),.PCURVE_S1.);
#6211 = B_SPLINE_CURVE_WITH_KNOTS('',1,(#6212,#6213),.UNSPECIFIED.,.F.,
  .F.,(2,2),(0.,1.),.PIECEWISE_BEZIER_KNOTS.);
#6212 = CARTESIAN_POINT('',(-14.5458984375,-36.39400995986,74.12));
#6213 = CARTESIAN_POINT('',(-14.6751953125,-36.60885366917,74.37));
#6214 = PCURVE('',#1181,#6215);
#6215 = DEFINITIONAL_REPRESENTATION('',(#6216),#6220);
#6216 = LINE('',#6217,#6218);
#6217 = CARTESIAN_POINT('',(0.,0.));
#6218 = VECTOR('',#6219,1.);
#6219 = DIRECTION('',(0.,1.));
#6220 = ( GEOMETRIC_REPRESENTATION_CONTEXT(2)
PARAMETRIC_REPRESENTATION_CONTEXT() REPRESENTATION_CONTEXT('2D SPACE',''
  ) );
#6221 = PCURVE('',#1236,#6222);
#6222 = DEFINITIONAL_REPRESENTATION('',(#6223),#6227);
#6223 = LINE('',#6224,#6225);
#6224 = CARTESIAN_POINT('',(0.,0.));
#6225 = VECTOR('',#6226,1.);
#6226 = DIRECTION('',(0.,1.));
#6227 = ( GEOMETRIC_REPRESENTATION_CONTEXT(2)
PARAMETRIC_REPRESENTATION_CONTEXT() REPRESENTATION_CONTEXT('2D SPACE',''
  ) );
#6228 = ADVANCED_FACE('',(#6229),#2067,.F.);
#6229 = FACE_BOUND('',#6230,.F.);
#6230 = EDGE_LOOP('',(#6231,#6254,#6274,#6275));
#6231 = ORIENTED_EDGE('',*,*,#6232,.F.);
#6232 = EDGE_CURVE('',#6233,#6159,#6235,.T.);
#6233 = VERTEX_POINT('',#6234);
#6234 = CARTESIAN_POINT('',(-5.7568359375,-35.22945917861,74.12));
#6235 = SURFACE_CURVE('',#6236,(#6240,#6247),.PCURVE_S1.);
#6236 = B_SPLINE_CURVE_WITH_KNOTS('',2,(#6237,#6238,#6239),
  .UNSPECIFIED.,.F.,.F.,(3,3),(0.,1.),.PIECEWISE_BEZIER_KNOTS.);
#6237 = CARTESIAN_POINT('',(-5.7568359375,-35.22945917861,74.12));
#6238 = CARTESIAN_POINT('',(-9.228515625,-33.01022089736,74.12));
#6239 = CARTESIAN_POINT('',(-12.216796875,-28.48385370986,74.12));
#6240 = PCURVE('',#2067,#6241);
#6241 = DEFINITIONAL_REPRESENTATION('',(#6242),#6246);
#6242 = LINE('',#6243,#6244);
#6243 = CARTESIAN_POINT('',(1.,0.));
#6244 = VECTOR('',#6245,1.);
#6245 = DIRECTION('',(-1.,0.));
#6246 = ( GEOMETRIC_REPRESENTATION_CONTEXT(2)
PARAMETRIC_REPRESENTATION_CONTEXT() REPRESENTATION_CONTEXT('2D SPACE',''
  ) );
#6247 = PCURVE('',#6176,#6248);
#6248 = DEFINITIONAL_REPRESENTATION('',(#6249),#6253);
#6249 = B_SPLINE_CURVE_WITH_KNOTS('',2,(#6250,#6251,#6252),
  .UNSPECIFIED.,.F.,.F.,(3,3),(0.,1.),.PIECEWISE_BEZIER_KNOTS.);
#6250 = CARTESIAN_POINT('',(8.084654255118,-3.638978390457));
#6251 = CARTESIAN_POINT('',(6.30228680197,7.595696073313E-02));
#6252 = CARTESIAN_POINT('',(6.145935735941,5.497523071123));
#6253 = ( GEOMETRIC_REPRESENTATION_CONTEXT(2)
PARAMETRIC_REPRESENTATION_CONTEXT() REPRESENTATION_CONTEXT('2D SPACE',''
  ) );
#6254 = ORIENTED_EDGE('',*,*,#6255,.T.);
#6255 = EDGE_CURVE('',#6233,#1949,#6256,.T.);
#6256 = SURFACE_CURVE('',#6257,(#6260,#6267),.PCURVE_S1.);
#6257 = B_SPLINE_CURVE_WITH_KNOTS('',1,(#6258,#6259),.UNSPECIFIED.,.F.,
  .F.,(2,2),(0.,1.),.PIECEWISE_BEZIER_KNOTS.);
#6258 = CARTESIAN_POINT('',(-5.7568359375,-35.22945917861,74.12));
#6259 = CARTESIAN_POINT('',(-5.8080078125,-35.43395132542,74.37));
#6260 = PCURVE('',#2067,#6261);
#6261 = DEFINITIONAL_REPRESENTATION('',(#6262),#6266);
#6262 = LINE('',#6263,#6264);
#6263 = CARTESIAN_POINT('',(1.,0.));
#6264 = VECTOR('',#6265,1.);
#6265 = DIRECTION('',(0.,1.));
#6266 = ( GEOMETRIC_REPRESENTATION_CONTEXT(2)
PARAMETRIC_REPRESENTATION_CONTEXT() REPRESENTATION_CONTEXT('2D SPACE',''
  ) );
#6267 = PCURVE('',#1994,#6268);
#6268 = DEFINITIONAL_REPRESENTATION('',(#6269),#6273);
#6269 = LINE('',#6270,#6271);
#6270 = CARTESIAN_POINT('',(0.,0.));
#6271 = VECTOR('',#6272,1.);
#6272 = DIRECTION('',(0.,1.));
#6273 = ( GEOMETRIC_REPRESENTATION_CONTEXT(2)
PARAMETRIC_REPRESENTATION_CONTEXT() REPRESENTATION_CONTEXT('2D SPACE',''
  ) );
#6274 = ORIENTED_EDGE('',*,*,#2023,.T.);
#6275 = ORIENTED_EDGE('',*,*,#6188,.F.);
#6276 = ADVANCED_FACE('',(#6277),#1236,.F.);
#6277 = FACE_BOUND('',#6278,.F.);
#6278 = EDGE_LOOP('',(#6279,#6301,#6302,#6303));
#6279 = ORIENTED_EDGE('',*,*,#6280,.F.);
#6280 = EDGE_CURVE('',#6161,#6281,#6283,.T.);
#6281 = VERTEX_POINT('',#6282);
#6282 = CARTESIAN_POINT('',(-22.6318359375,-36.39400995986,74.12));
#6283 = SURFACE_CURVE('',#6284,(#6288,#6294),.PCURVE_S1.);
#6284 = LINE('',#6285,#6286);
#6285 = CARTESIAN_POINT('',(-14.5458984375,-36.39400995986,74.12));
#6286 = VECTOR('',#6287,1.);
#6287 = DIRECTION('',(-1.,1.224646799147E-16,0.));
#6288 = PCURVE('',#1236,#6289);
#6289 = DEFINITIONAL_REPRESENTATION('',(#6290),#6293);
#6290 = B_SPLINE_CURVE_WITH_KNOTS('',1,(#6291,#6292),.UNSPECIFIED.,.F.,
  .F.,(2,2),(0.,8.0859375),.PIECEWISE_BEZIER_KNOTS.);
#6291 = CARTESIAN_POINT('',(0.,0.));
#6292 = CARTESIAN_POINT('',(-8.1578125,0.));
#6293 = ( GEOMETRIC_REPRESENTATION_CONTEXT(2)
PARAMETRIC_REPRESENTATION_CONTEXT() REPRESENTATION_CONTEXT('2D SPACE',''
  ) );
#6294 = PCURVE('',#6176,#6295);
#6295 = DEFINITIONAL_REPRESENTATION('',(#6296),#6300);
#6296 = LINE('',#6297,#6298);
#6297 = CARTESIAN_POINT('',(-6.76226617164E-15,-4.169008112438E-15));
#6298 = VECTOR('',#6299,1.);
#6299 = DIRECTION('',(-0.850070327177,0.526669192998));
#6300 = ( GEOMETRIC_REPRESENTATION_CONTEXT(2)
PARAMETRIC_REPRESENTATION_CONTEXT() REPRESENTATION_CONTEXT('2D SPACE',''
  ) );
#6301 = ORIENTED_EDGE('',*,*,#6209,.T.);
#6302 = ORIENTED_EDGE('',*,*,#1222,.T.);
#6303 = ORIENTED_EDGE('',*,*,#6304,.F.);
#6304 = EDGE_CURVE('',#6281,#1223,#6305,.T.);
#6305 = SURFACE_CURVE('',#6306,(#6309,#6316),.PCURVE_S1.);
#6306 = B_SPLINE_CURVE_WITH_KNOTS('',1,(#6307,#6308),.UNSPECIFIED.,.F.,
  .F.,(2,2),(0.,1.),.PIECEWISE_BEZIER_KNOTS.);
#6307 = CARTESIAN_POINT('',(-22.6318359375,-36.39400995986,74.12));
#6308 = CARTESIAN_POINT('',(-22.8330078125,-36.60885366917,74.37));
#6309 = PCURVE('',#1236,#6310);
#6310 = DEFINITIONAL_REPRESENTATION('',(#6311),#6315);
#6311 = LINE('',#6312,#6313);
#6312 = CARTESIAN_POINT('',(-8.1578125,0.));
#6313 = VECTOR('',#6314,1.);
#6314 = DIRECTION('',(0.,1.));
#6315 = ( GEOMETRIC_REPRESENTATION_CONTEXT(2)
PARAMETRIC_REPRESENTATION_CONTEXT() REPRESENTATION_CONTEXT('2D SPACE',''
  ) );
#6316 = PCURVE('',#1293,#6317);
#6317 = DEFINITIONAL_REPRESENTATION('',(#6318),#6322);
#6318 = LINE('',#6319,#6320);
#6319 = CARTESIAN_POINT('',(1.,0.));
#6320 = VECTOR('',#6321,1.);
#6321 = DIRECTION('',(0.,1.));
#6322 = ( GEOMETRIC_REPRESENTATION_CONTEXT(2)
PARAMETRIC_REPRESENTATION_CONTEXT() REPRESENTATION_CONTEXT('2D SPACE',''
  ) );
#6323 = ADVANCED_FACE('',(#6324),#1994,.F.);
#6324 = FACE_BOUND('',#6325,.F.);
#6325 = EDGE_LOOP('',(#6326,#6349,#6369,#6370));
#6326 = ORIENTED_EDGE('',*,*,#6327,.F.);
#6327 = EDGE_CURVE('',#6328,#6233,#6330,.T.);
#6328 = VERTEX_POINT('',#6329);
#6329 = CARTESIAN_POINT('',(3.2080078125,-37.44869745986,74.12));
#6330 = SURFACE_CURVE('',#6331,(#6335,#6342),.PCURVE_S1.);
#6331 = B_SPLINE_CURVE_WITH_KNOTS('',2,(#6332,#6333,#6334),
  .UNSPECIFIED.,.F.,.F.,(3,3),(0.,1.),.PIECEWISE_BEZIER_KNOTS.);
#6332 = CARTESIAN_POINT('',(3.2080078125,-37.44869745986,74.12));
#6333 = CARTESIAN_POINT('',(-2.28515625,-37.44869745986,74.12));
#6334 = CARTESIAN_POINT('',(-5.7568359375,-35.22945917861,74.12));
#6335 = PCURVE('',#1994,#6336);
#6336 = DEFINITIONAL_REPRESENTATION('',(#6337),#6341);
#6337 = LINE('',#6338,#6339);
#6338 = CARTESIAN_POINT('',(1.,0.));
#6339 = VECTOR('',#6340,1.);
#6340 = DIRECTION('',(-1.,0.));
#6341 = ( GEOMETRIC_REPRESENTATION_CONTEXT(2)
PARAMETRIC_REPRESENTATION_CONTEXT() REPRESENTATION_CONTEXT('2D SPACE',''
  ) );
#6342 = PCURVE('',#6176,#6343);
#6343 = DEFINITIONAL_REPRESENTATION('',(#6344),#6348);
#6344 = B_SPLINE_CURVE_WITH_KNOTS('',2,(#6345,#6346,#6347),
  .UNSPECIFIED.,.F.,.F.,(3,3),(0.,1.),.PIECEWISE_BEZIER_KNOTS.);
#6345 = CARTESIAN_POINT('',(14.536597480112,-10.24699402545));
#6346 = CARTESIAN_POINT('',(9.867021708267,-7.353913741647));
#6347 = CARTESIAN_POINT('',(8.084654255118,-3.638978390457));
#6348 = ( GEOMETRIC_REPRESENTATION_CONTEXT(2)
PARAMETRIC_REPRESENTATION_CONTEXT() REPRESENTATION_CONTEXT('2D SPACE',''
  ) );
#6349 = ORIENTED_EDGE('',*,*,#6350,.T.);
#6350 = EDGE_CURVE('',#6328,#1862,#6351,.T.);
#6351 = SURFACE_CURVE('',#6352,(#6355,#6362),.PCURVE_S1.);
#6352 = B_SPLINE_CURVE_WITH_KNOTS('',1,(#6353,#6354),.UNSPECIFIED.,.F.,
  .F.,(2,2),(0.,1.),.PIECEWISE_BEZIER_KNOTS.);
#6353 = CARTESIAN_POINT('',(3.2080078125,-37.44869745986,74.12));
#6354 = CARTESIAN_POINT('',(3.2365234375,-37.67291616917,74.37));
#6355 = PCURVE('',#1994,#6356);
#6356 = DEFINITIONAL_REPRESENTATION('',(#6357),#6361);
#6357 = LINE('',#6358,#6359);
#6358 = CARTESIAN_POINT('',(1.,0.));
#6359 = VECTOR('',#6360,1.);
#6360 = DIRECTION('',(0.,1.));
#6361 = ( GEOMETRIC_REPRESENTATION_CONTEXT(2)
PARAMETRIC_REPRESENTATION_CONTEXT() REPRESENTATION_CONTEXT('2D SPACE',''
  ) );
#6362 = PCURVE('',#1915,#6363);
#6363 = DEFINITIONAL_REPRESENTATION('',(#6364),#6368);
#6364 = LINE('',#6365,#6366);
#6365 = CARTESIAN_POINT('',(0.,0.));
#6366 = VECTOR('',#6367,1.);
#6367 = DIRECTION('',(0.,1.));
#6368 = ( GEOMETRIC_REPRESENTATION_CONTEXT(2)
PARAMETRIC_REPRESENTATION_CONTEXT() REPRESENTATION_CONTEXT('2D SPACE',''
  ) );
#6369 = ORIENTED_EDGE('',*,*,#1948,.T.);
#6370 = ORIENTED_EDGE('',*,*,#6255,.F.);
#6371 = ADVANCED_FACE('',(#6372),#1293,.F.);
#6372 = FACE_BOUND('',#6373,.F.);
#6373 = EDGE_LOOP('',(#6374,#6396,#6397,#6398));
#6374 = ORIENTED_EDGE('',*,*,#6375,.F.);
#6375 = EDGE_CURVE('',#6281,#6376,#6378,.T.);
#6376 = VERTEX_POINT('',#6377);
#6377 = CARTESIAN_POINT('',(-16.99424651772,-13.2240926625,74.12));
#6378 = SURFACE_CURVE('',#6379,(#6383,#6389),.PCURVE_S1.);
#6379 = B_SPLINE_CURVE_WITH_KNOTS('',2,(#6380,#6381,#6382),
  .UNSPECIFIED.,.F.,.F.,(3,3),(0.,1.),.PIECEWISE_BEZIER_KNOTS.);
#6380 = CARTESIAN_POINT('',(-22.6318359375,-36.39400995986,74.12));
#6381 = CARTESIAN_POINT('',(-19.5556640625,-26.72604120986,74.12));
#6382 = CARTESIAN_POINT('',(-16.962890625,-13.05904902236,74.12));
#6383 = PCURVE('',#1293,#6384);
#6384 = DEFINITIONAL_REPRESENTATION('',(#6385),#6388);
#6385 = B_SPLINE_CURVE_WITH_KNOTS('',1,(#6386,#6387),.UNSPECIFIED.,.F.,
  .F.,(2,2),(0.,0.993956618543),.PIECEWISE_BEZIER_KNOTS.);
#6386 = CARTESIAN_POINT('',(1.,0.));
#6387 = CARTESIAN_POINT('',(0.,0.));
#6388 = ( GEOMETRIC_REPRESENTATION_CONTEXT(2)
PARAMETRIC_REPRESENTATION_CONTEXT() REPRESENTATION_CONTEXT('2D SPACE',''
  ) );
#6389 = PCURVE('',#6176,#6390);
#6390 = DEFINITIONAL_REPRESENTATION('',(#6391),#6395);
#6391 = B_SPLINE_CURVE_WITH_KNOTS('',2,(#6392,#6393,#6394),
  .UNSPECIFIED.,.F.,.F.,(3,3),(0.,1.),.PIECEWISE_BEZIER_KNOTS.);
#6392 = CARTESIAN_POINT('',(-6.873615536156,4.258614177761));
#6393 = CARTESIAN_POINT('',(0.833168195574,10.856942577277));
#6394 = CARTESIAN_POINT('',(10.235191705992,21.109313203671));
#6395 = ( GEOMETRIC_REPRESENTATION_CONTEXT(2)
PARAMETRIC_REPRESENTATION_CONTEXT() REPRESENTATION_CONTEXT('2D SPACE',''
  ) );
#6396 = ORIENTED_EDGE('',*,*,#6304,.T.);
#6397 = ORIENTED_EDGE('',*,*,#1247,.T.);
#6398 = ORIENTED_EDGE('',*,*,#6399,.F.);
#6399 = EDGE_CURVE('',#6376,#1248,#6400,.T.);
#6400 = SURFACE_CURVE('',#6401,(#6404,#6411),.PCURVE_S1.);
#6401 = B_SPLINE_CURVE_WITH_KNOTS('',1,(#6402,#6403),.UNSPECIFIED.,.F.,
  .F.,(2,2),(0.,1.),.PIECEWISE_BEZIER_KNOTS.);
#6402 = CARTESIAN_POINT('',(-16.99424651772,-13.2240926625,74.12));
#6403 = CARTESIAN_POINT('',(-17.14361541048,-13.2240926625,74.37));
#6404 = PCURVE('',#1293,#6405);
#6405 = DEFINITIONAL_REPRESENTATION('',(#6406),#6410);
#6406 = LINE('',#6407,#6408);
#6407 = CARTESIAN_POINT('',(0.,0.));
#6408 = VECTOR('',#6409,1.);
#6409 = DIRECTION('',(0.,1.));
#6410 = ( GEOMETRIC_REPRESENTATION_CONTEXT(2)
PARAMETRIC_REPRESENTATION_CONTEXT() REPRESENTATION_CONTEXT('2D SPACE',''
  ) );
#6411 = PCURVE('',#1336,#6412);
#6412 = DEFINITIONAL_REPRESENTATION('',(#6413),#6417);
#6413 = LINE('',#6414,#6415);
#6414 = CARTESIAN_POINT('',(80.267052910482,0.));
#6415 = VECTOR('',#6416,1.);
#6416 = DIRECTION('',(0.,1.));
#6417 = ( GEOMETRIC_REPRESENTATION_CONTEXT(2)
PARAMETRIC_REPRESENTATION_CONTEXT() REPRESENTATION_CONTEXT('2D SPACE',''
  ) );
#6418 = ADVANCED_FACE('',(#6419),#1915,.F.);
#6419 = FACE_BOUND('',#6420,.F.);
#6420 = EDGE_LOOP('',(#6421,#6444,#6464,#6465));
#6421 = ORIENTED_EDGE('',*,*,#6422,.F.);
#6422 = EDGE_CURVE('',#6423,#6328,#6425,.T.);
#6423 = VERTEX_POINT('',#6424);
#6424 = CARTESIAN_POINT('',(17.46826171875,-31.09859980361,74.12));
#6425 = SURFACE_CURVE('',#6426,(#6430,#6437),.PCURVE_S1.);
#6426 = B_SPLINE_CURVE_WITH_KNOTS('',2,(#6427,#6428,#6429),
  .UNSPECIFIED.,.F.,.F.,(3,3),(0.,1.),.PIECEWISE_BEZIER_KNOTS.);
#6427 = CARTESIAN_POINT('',(17.46826171875,-31.09859980361,74.12));
#6428 = CARTESIAN_POINT('',(12.0849609375,-37.44869745986,74.12));
#6429 = CARTESIAN_POINT('',(3.2080078125,-37.44869745986,74.12));
#6430 = PCURVE('',#1915,#6431);
#6431 = DEFINITIONAL_REPRESENTATION('',(#6432),#6436);
#6432 = LINE('',#6433,#6434);
#6433 = CARTESIAN_POINT('',(1.,0.));
#6434 = VECTOR('',#6435,1.);
#6435 = DIRECTION('',(-1.,0.));
#6436 = ( GEOMETRIC_REPRESENTATION_CONTEXT(2)
PARAMETRIC_REPRESENTATION_CONTEXT() REPRESENTATION_CONTEXT('2D SPACE',''
  ) );
#6437 = PCURVE('',#6176,#6438);
#6438 = DEFINITIONAL_REPRESENTATION('',(#6439),#6443);
#6439 = B_SPLINE_CURVE_WITH_KNOTS('',2,(#6440,#6441,#6442),
  .UNSPECIFIED.,.F.,.F.,(3,3),(0.,1.),.PIECEWISE_BEZIER_KNOTS.);
#6440 = CARTESIAN_POINT('',(30.0032169919,-12.35940084995));
#6441 = CARTESIAN_POINT('',(22.082631927413,-14.92221176408));
#6442 = CARTESIAN_POINT('',(14.536597480112,-10.24699402545));
#6443 = ( GEOMETRIC_REPRESENTATION_CONTEXT(2)
PARAMETRIC_REPRESENTATION_CONTEXT() REPRESENTATION_CONTEXT('2D SPACE',''
  ) );
#6444 = ORIENTED_EDGE('',*,*,#6445,.T.);
#6445 = EDGE_CURVE('',#6423,#1775,#6446,.T.);
#6446 = SURFACE_CURVE('',#6447,(#6450,#6457),.PCURVE_S1.);
#6447 = B_SPLINE_CURVE_WITH_KNOTS('',1,(#6448,#6449),.UNSPECIFIED.,.F.,
  .F.,(2,2),(0.,1.),.PIECEWISE_BEZIER_KNOTS.);
#6448 = CARTESIAN_POINT('',(17.46826171875,-31.09859980361,74.12));
#6449 = CARTESIAN_POINT('',(17.62353515625,-31.26637320042,74.37));
#6450 = PCURVE('',#1915,#6451);
#6451 = DEFINITIONAL_REPRESENTATION('',(#6452),#6456);
#6452 = LINE('',#6453,#6454);
#6453 = CARTESIAN_POINT('',(1.,0.));
#6454 = VECTOR('',#6455,1.);
#6455 = DIRECTION('',(0.,1.));
#6456 = ( GEOMETRIC_REPRESENTATION_CONTEXT(2)
PARAMETRIC_REPRESENTATION_CONTEXT() REPRESENTATION_CONTEXT('2D SPACE',''
  ) );
#6457 = PCURVE('',#1828,#6458);
#6458 = DEFINITIONAL_REPRESENTATION('',(#6459),#6463);
#6459 = LINE('',#6460,#6461);
#6460 = CARTESIAN_POINT('',(0.,0.));
#6461 = VECTOR('',#6462,1.);
#6462 = DIRECTION('',(0.,1.));
#6463 = ( GEOMETRIC_REPRESENTATION_CONTEXT(2)
PARAMETRIC_REPRESENTATION_CONTEXT() REPRESENTATION_CONTEXT('2D SPACE',''
  ) );
#6464 = ORIENTED_EDGE('',*,*,#1861,.T.);
#6465 = ORIENTED_EDGE('',*,*,#6350,.F.);
#6466 = ADVANCED_FACE('',(#6467),#1336,.F.);
#6467 = FACE_BOUND('',#6468,.F.);
#6468 = EDGE_LOOP('',(#6469,#6491,#6492,#6493));
#6469 = ORIENTED_EDGE('',*,*,#6470,.F.);
#6470 = EDGE_CURVE('',#6376,#6471,#6473,.T.);
#6471 = VERTEX_POINT('',#6472);
#6472 = CARTESIAN_POINT('',(-10.41416133743,-13.2240926625,74.12));
#6473 = SURFACE_CURVE('',#6474,(#6478,#6484),.PCURVE_S1.);
#6474 = LINE('',#6475,#6476);
#6475 = CARTESIAN_POINT('',(63.0078125,-13.2240926625,74.12));
#6476 = VECTOR('',#6477,1.);
#6477 = DIRECTION('',(1.,-1.224646799147E-16,0.));
#6478 = PCURVE('',#1336,#6479);
#6479 = DEFINITIONAL_REPRESENTATION('',(#6480),#6483);
#6480 = B_SPLINE_CURVE_WITH_KNOTS('',1,(#6481,#6482),.UNSPECIFIED.,.F.,
  .F.,(2,2),(-80.00205901772,-73.42197383743),.PIECEWISE_BEZIER_KNOTS.);
#6481 = CARTESIAN_POINT('',(80.267052910482,0.));
#6482 = CARTESIAN_POINT('',(73.63011116216,0.));
#6483 = ( GEOMETRIC_REPRESENTATION_CONTEXT(2)
PARAMETRIC_REPRESENTATION_CONTEXT() REPRESENTATION_CONTEXT('2D SPACE',''
  ) );
#6484 = PCURVE('',#6176,#6485);
#6485 = DEFINITIONAL_REPRESENTATION('',(#6486),#6490);
#6486 = LINE('',#6487,#6488);
#6487 = CARTESIAN_POINT('',(78.128990075253,-21.14909117586));
#6488 = VECTOR('',#6489,1.);
#6489 = DIRECTION('',(0.850070327177,-0.526669192998));
#6490 = ( GEOMETRIC_REPRESENTATION_CONTEXT(2)
PARAMETRIC_REPRESENTATION_CONTEXT() REPRESENTATION_CONTEXT('2D SPACE',''
  ) );
#6491 = ORIENTED_EDGE('',*,*,#6399,.T.);
#6492 = ORIENTED_EDGE('',*,*,#1322,.T.);
#6493 = ORIENTED_EDGE('',*,*,#6494,.F.);
#6494 = EDGE_CURVE('',#6471,#1323,#6495,.T.);
#6495 = SURFACE_CURVE('',#6496,(#6499,#6506),.PCURVE_S1.);
#6496 = B_SPLINE_CURVE_WITH_KNOTS('',1,(#6497,#6498),.UNSPECIFIED.,.F.,
  .F.,(2,2),(0.,1.),.PIECEWISE_BEZIER_KNOTS.);
#6497 = CARTESIAN_POINT('',(-10.41416133743,-13.2240926625,74.12));
#6498 = CARTESIAN_POINT('',(-10.50667366216,-13.2240926625,74.37));
#6499 = PCURVE('',#1336,#6500);
#6500 = DEFINITIONAL_REPRESENTATION('',(#6501),#6505);
#6501 = LINE('',#6502,#6503);
#6502 = CARTESIAN_POINT('',(73.63011116216,0.));
#6503 = VECTOR('',#6504,1.);
#6504 = DIRECTION('',(0.,1.));
#6505 = ( GEOMETRIC_REPRESENTATION_CONTEXT(2)
PARAMETRIC_REPRESENTATION_CONTEXT() REPRESENTATION_CONTEXT('2D SPACE',''
  ) );
#6506 = PCURVE('',#1367,#6507);
#6507 = DEFINITIONAL_REPRESENTATION('',(#6508),#6512);
#6508 = LINE('',#6509,#6510);
#6509 = CARTESIAN_POINT('',(1.,0.));
#6510 = VECTOR('',#6511,1.);
#6511 = DIRECTION('',(0.,1.));
#6512 = ( GEOMETRIC_REPRESENTATION_CONTEXT(2)
PARAMETRIC_REPRESENTATION_CONTEXT() REPRESENTATION_CONTEXT('2D SPACE',''
  ) );
#6513 = ADVANCED_FACE('',(#6514),#1828,.F.);
#6514 = FACE_BOUND('',#6515,.F.);
#6515 = EDGE_LOOP('',(#6516,#6538,#6558,#6559));
#6516 = ORIENTED_EDGE('',*,*,#6517,.F.);
#6517 = EDGE_CURVE('',#6518,#6423,#6520,.T.);
#6518 = VERTEX_POINT('',#6519);
#6519 = CARTESIAN_POINT('',(22.851502890443,-13.2240926625,74.12));
#6520 = SURFACE_CURVE('',#6521,(#6525,#6531),.PCURVE_S1.);
#6521 = B_SPLINE_CURVE_WITH_KNOTS('',2,(#6522,#6523,#6524),
  .UNSPECIFIED.,.F.,.F.,(3,3),(0.,1.),.PIECEWISE_BEZIER_KNOTS.);
#6522 = CARTESIAN_POINT('',(22.8515625,-13.14693964736,74.12));
#6523 = CARTESIAN_POINT('',(22.8515625,-24.74850214736,74.12));
#6524 = CARTESIAN_POINT('',(17.46826171875,-31.09859980361,74.12));
#6525 = PCURVE('',#1828,#6526);
#6526 = DEFINITIONAL_REPRESENTATION('',(#6527),#6530);
#6527 = B_SPLINE_CURVE_WITH_KNOTS('',1,(#6528,#6529),.UNSPECIFIED.,.F.,
  .F.,(2,2),(3.327619226635E-03,1.),.PIECEWISE_BEZIER_KNOTS.);
#6528 = CARTESIAN_POINT('',(1.,0.));
#6529 = CARTESIAN_POINT('',(0.,0.));
#6530 = ( GEOMETRIC_REPRESENTATION_CONTEXT(2)
PARAMETRIC_REPRESENTATION_CONTEXT() REPRESENTATION_CONTEXT('2D SPACE',''
  ) );
#6531 = PCURVE('',#6176,#6532);
#6532 = DEFINITIONAL_REPRESENTATION('',(#6533),#6537);
#6533 = B_SPLINE_CURVE_WITH_KNOTS('',2,(#6534,#6535,#6536),
  .UNSPECIFIED.,.F.,.F.,(3,3),(0.,1.),.PIECEWISE_BEZIER_KNOTS.);
#6534 = CARTESIAN_POINT('',(44.033987615782,6.555409430255E-02));
#6535 = CARTESIAN_POINT('',(37.923802056386,-9.796589935834));
#6536 = CARTESIAN_POINT('',(30.0032169919,-12.35940084995));
#6537 = ( GEOMETRIC_REPRESENTATION_CONTEXT(2)
PARAMETRIC_REPRESENTATION_CONTEXT() REPRESENTATION_CONTEXT('2D SPACE',''
  ) );
#6538 = ORIENTED_EDGE('',*,*,#6539,.T.);
#6539 = EDGE_CURVE('',#6518,#1750,#6540,.T.);
#6540 = SURFACE_CURVE('',#6541,(#6544,#6551),.PCURVE_S1.);
#6541 = B_SPLINE_CURVE_WITH_KNOTS('',1,(#6542,#6543),.UNSPECIFIED.,.F.,
  .F.,(2,2),(0.,1.),.PIECEWISE_BEZIER_KNOTS.);
#6542 = CARTESIAN_POINT('',(22.851502890443,-13.2240926625,74.12));
#6543 = CARTESIAN_POINT('',(23.054640319818,-13.2240926625,74.37));
#6544 = PCURVE('',#1828,#6545);
#6545 = DEFINITIONAL_REPRESENTATION('',(#6546),#6550);
#6546 = LINE('',#6547,#6548);
#6547 = CARTESIAN_POINT('',(1.,0.));
#6548 = VECTOR('',#6549,1.);
#6549 = DIRECTION('',(0.,1.));
#6550 = ( GEOMETRIC_REPRESENTATION_CONTEXT(2)
PARAMETRIC_REPRESENTATION_CONTEXT() REPRESENTATION_CONTEXT('2D SPACE',''
  ) );
#6551 = PCURVE('',#1763,#6552);
#6552 = DEFINITIONAL_REPRESENTATION('',(#6553),#6557);
#6553 = LINE('',#6554,#6555);
#6554 = CARTESIAN_POINT('',(40.068797180182,0.));
#6555 = VECTOR('',#6556,1.);
#6556 = DIRECTION('',(0.,1.));
#6557 = ( GEOMETRIC_REPRESENTATION_CONTEXT(2)
PARAMETRIC_REPRESENTATION_CONTEXT() REPRESENTATION_CONTEXT('2D SPACE',''
  ) );
#6558 = ORIENTED_EDGE('',*,*,#1774,.T.);
#6559 = ORIENTED_EDGE('',*,*,#6445,.F.);
#6560 = ADVANCED_FACE('',(#6561),#1367,.F.);
#6561 = FACE_BOUND('',#6562,.F.);
#6562 = EDGE_LOOP('',(#6563,#6585,#6586,#6587));
#6563 = ORIENTED_EDGE('',*,*,#6564,.F.);
#6564 = EDGE_CURVE('',#6471,#6565,#6567,.T.);
#6565 = VERTEX_POINT('',#6566);
#6566 = CARTESIAN_POINT('',(-10.4150390625,-13.49850214736,74.12));
#6567 = SURFACE_CURVE('',#6568,(#6572,#6578),.PCURVE_S1.);
#6568 = B_SPLINE_CURVE_WITH_KNOTS('',2,(#6569,#6570,#6571),
  .UNSPECIFIED.,.F.,.F.,(3,3),(0.,1.),.PIECEWISE_BEZIER_KNOTS.);
#6569 = CARTESIAN_POINT('',(-6.767578125,0.102572071387,74.12));
#6570 = CARTESIAN_POINT('',(-10.4150390625,-4.621549022363,74.12));
#6571 = CARTESIAN_POINT('',(-10.4150390625,-13.49850214736,74.12));
#6572 = PCURVE('',#1367,#6573);
#6573 = DEFINITIONAL_REPRESENTATION('',(#6574),#6577);
#6574 = B_SPLINE_CURVE_WITH_KNOTS('',1,(#6575,#6576),.UNSPECIFIED.,.F.,
  .F.,(2,2),(0.984487423863,1.),.PIECEWISE_BEZIER_KNOTS.);
#6575 = CARTESIAN_POINT('',(1.,0.));
#6576 = CARTESIAN_POINT('',(0.,0.));
#6577 = ( GEOMETRIC_REPRESENTATION_CONTEXT(2)
PARAMETRIC_REPRESENTATION_CONTEXT() REPRESENTATION_CONTEXT('2D SPACE',''
  ) );
#6578 = PCURVE('',#6176,#6579);
#6579 = DEFINITIONAL_REPRESENTATION('',(#6580),#6584);
#6580 = B_SPLINE_CURVE_WITH_KNOTS('',2,(#6581,#6582,#6583),
  .UNSPECIFIED.,.F.,.F.,(3,3),(0.,1.),.PIECEWISE_BEZIER_KNOTS.);
#6581 = CARTESIAN_POINT('',(25.833744698533,26.928059746269));
#6582 = CARTESIAN_POINT('',(20.245097341956,24.833229890929));
#6583 = CARTESIAN_POINT('',(15.569879603327,17.287195443628));
#6584 = ( GEOMETRIC_REPRESENTATION_CONTEXT(2)
PARAMETRIC_REPRESENTATION_CONTEXT() REPRESENTATION_CONTEXT('2D SPACE',''
  ) );
#6585 = ORIENTED_EDGE('',*,*,#6494,.T.);
#6586 = ORIENTED_EDGE('',*,*,#1347,.T.);
#6587 = ORIENTED_EDGE('',*,*,#6588,.F.);
#6588 = EDGE_CURVE('',#6565,#1348,#6589,.T.);
#6589 = SURFACE_CURVE('',#6590,(#6593,#6600),.PCURVE_S1.);
#6590 = B_SPLINE_CURVE_WITH_KNOTS('',1,(#6591,#6592),.UNSPECIFIED.,.F.,
  .F.,(2,2),(0.,1.),.PIECEWISE_BEZIER_KNOTS.);
#6591 = CARTESIAN_POINT('',(-10.4150390625,-13.49850214736,74.12));
#6592 = CARTESIAN_POINT('',(-10.5076171875,-13.50983023167,74.37));
#6593 = PCURVE('',#1367,#6594);
#6594 = DEFINITIONAL_REPRESENTATION('',(#6595),#6599);
#6595 = LINE('',#6596,#6597);
#6596 = CARTESIAN_POINT('',(0.,0.));
#6597 = VECTOR('',#6598,1.);
#6598 = DIRECTION('',(0.,1.));
#6599 = ( GEOMETRIC_REPRESENTATION_CONTEXT(2)
PARAMETRIC_REPRESENTATION_CONTEXT() REPRESENTATION_CONTEXT('2D SPACE',''
  ) );
#6600 = PCURVE('',#1433,#6601);
#6601 = DEFINITIONAL_REPRESENTATION('',(#6602),#6606);
#6602 = LINE('',#6603,#6604);
#6603 = CARTESIAN_POINT('',(1.,0.));
#6604 = VECTOR('',#6605,1.);
#6605 = DIRECTION('',(0.,1.));
#6606 = ( GEOMETRIC_REPRESENTATION_CONTEXT(2)
PARAMETRIC_REPRESENTATION_CONTEXT() REPRESENTATION_CONTEXT('2D SPACE',''
  ) );
#6607 = ADVANCED_FACE('',(#6608),#1763,.F.);
#6608 = FACE_BOUND('',#6609,.F.);
#6609 = EDGE_LOOP('',(#6610,#6632,#6652,#6653));
#6610 = ORIENTED_EDGE('',*,*,#6611,.F.);
#6611 = EDGE_CURVE('',#6612,#6518,#6614,.T.);
#6612 = VERTEX_POINT('',#6613);
#6613 = CARTESIAN_POINT('',(14.150324373332,-13.2240926625,74.12));
#6614 = SURFACE_CURVE('',#6615,(#6619,#6625),.PCURVE_S1.);
#6615 = LINE('',#6616,#6617);
#6616 = CARTESIAN_POINT('',(63.0078125,-13.2240926625,74.12));
#6617 = VECTOR('',#6618,1.);
#6618 = DIRECTION('',(1.,-1.224646799147E-16,0.));
#6619 = PCURVE('',#1763,#6620);
#6620 = DEFINITIONAL_REPRESENTATION('',(#6621),#6624);
#6621 = B_SPLINE_CURVE_WITH_KNOTS('',1,(#6622,#6623),.UNSPECIFIED.,.F.,
  .F.,(2,2),(-48.85748812666,-40.15630960955),.PIECEWISE_BEZIER_KNOTS.);
#6622 = CARTESIAN_POINT('',(48.847318058732,0.));
#6623 = CARTESIAN_POINT('',(40.068797180182,0.));
#6624 = ( GEOMETRIC_REPRESENTATION_CONTEXT(2)
PARAMETRIC_REPRESENTATION_CONTEXT() REPRESENTATION_CONTEXT('2D SPACE',''
  ) );
#6625 = PCURVE('',#6176,#6626);
#6626 = DEFINITIONAL_REPRESENTATION('',(#6627),#6631);
#6627 = LINE('',#6628,#6629);
#6628 = CARTESIAN_POINT('',(78.128990075253,-21.14909117586));
#6629 = VECTOR('',#6630,1.);
#6630 = DIRECTION('',(0.850070327177,-0.526669192998));
#6631 = ( GEOMETRIC_REPRESENTATION_CONTEXT(2)
PARAMETRIC_REPRESENTATION_CONTEXT() REPRESENTATION_CONTEXT('2D SPACE',''
  ) );
#6632 = ORIENTED_EDGE('',*,*,#6633,.T.);
#6633 = EDGE_CURVE('',#6612,#1669,#6634,.T.);
#6634 = SURFACE_CURVE('',#6635,(#6638,#6645),.PCURVE_S1.);
#6635 = B_SPLINE_CURVE_WITH_KNOTS('',1,(#6636,#6637),.UNSPECIFIED.,.F.,
  .F.,(2,2),(0.,1.),.PIECEWISE_BEZIER_KNOTS.);
#6636 = CARTESIAN_POINT('',(14.150324373332,-13.2240926625,74.12));
#6637 = CARTESIAN_POINT('',(14.276119441268,-13.2240926625,74.37));
#6638 = PCURVE('',#1763,#6639);
#6639 = DEFINITIONAL_REPRESENTATION('',(#6640),#6644);
#6640 = LINE('',#6641,#6642);
#6641 = CARTESIAN_POINT('',(48.847318058732,0.));
#6642 = VECTOR('',#6643,1.);
#6643 = DIRECTION('',(0.,1.));
#6644 = ( GEOMETRIC_REPRESENTATION_CONTEXT(2)
PARAMETRIC_REPRESENTATION_CONTEXT() REPRESENTATION_CONTEXT('2D SPACE',''
  ) );
#6645 = PCURVE('',#1718,#6646);
#6646 = DEFINITIONAL_REPRESENTATION('',(#6647),#6651);
#6647 = LINE('',#6648,#6649);
#6648 = CARTESIAN_POINT('',(0.,0.));
#6649 = VECTOR('',#6650,1.);
#6650 = DIRECTION('',(0.,1.));
#6651 = ( GEOMETRIC_REPRESENTATION_CONTEXT(2)
PARAMETRIC_REPRESENTATION_CONTEXT() REPRESENTATION_CONTEXT('2D SPACE',''
  ) );
#6652 = ORIENTED_EDGE('',*,*,#1749,.T.);
#6653 = ORIENTED_EDGE('',*,*,#6539,.F.);
#6654 = ADVANCED_FACE('',(#6655),#1433,.F.);
#6655 = FACE_BOUND('',#6656,.F.);
#6656 = EDGE_LOOP('',(#6657,#6680,#6681,#6682));
#6657 = ORIENTED_EDGE('',*,*,#6658,.F.);
#6658 = EDGE_CURVE('',#6565,#6659,#6661,.T.);
#6659 = VERTEX_POINT('',#6660);
#6660 = CARTESIAN_POINT('',(-7.00927734375,-26.50631464736,74.12));
#6661 = SURFACE_CURVE('',#6662,(#6666,#6673),.PCURVE_S1.);
#6662 = B_SPLINE_CURVE_WITH_KNOTS('',2,(#6663,#6664,#6665),
  .UNSPECIFIED.,.F.,.F.,(3,3),(0.,1.),.PIECEWISE_BEZIER_KNOTS.);
#6663 = CARTESIAN_POINT('',(-10.4150390625,-13.49850214736,74.12));
#6664 = CARTESIAN_POINT('',(-10.4150390625,-22.11178339736,74.12));
#6665 = CARTESIAN_POINT('',(-7.00927734375,-26.50631464736,74.12));
#6666 = PCURVE('',#1433,#6667);
#6667 = DEFINITIONAL_REPRESENTATION('',(#6668),#6672);
#6668 = LINE('',#6669,#6670);
#6669 = CARTESIAN_POINT('',(1.,0.));
#6670 = VECTOR('',#6671,1.);
#6671 = DIRECTION('',(-1.,0.));
#6672 = ( GEOMETRIC_REPRESENTATION_CONTEXT(2)
PARAMETRIC_REPRESENTATION_CONTEXT() REPRESENTATION_CONTEXT('2D SPACE',''
  ) );
#6673 = PCURVE('',#6176,#6674);
#6674 = DEFINITIONAL_REPRESENTATION('',(#6675),#6679);
#6675 = B_SPLINE_CURVE_WITH_KNOTS('',2,(#6676,#6677,#6678),
  .UNSPECIFIED.,.F.,.F.,(3,3),(0.,1.),.PIECEWISE_BEZIER_KNOTS.);
#6676 = CARTESIAN_POINT('',(15.569879603327,17.287195443628));
#6677 = CARTESIAN_POINT('',(11.03352971832,9.965300633375));
#6678 = CARTESIAN_POINT('',(11.61420246982,4.43593023994));
#6679 = ( GEOMETRIC_REPRESENTATION_CONTEXT(2)
PARAMETRIC_REPRESENTATION_CONTEXT() REPRESENTATION_CONTEXT('2D SPACE',''
  ) );
#6680 = ORIENTED_EDGE('',*,*,#6588,.T.);
#6681 = ORIENTED_EDGE('',*,*,#1383,.T.);
#6682 = ORIENTED_EDGE('',*,*,#6683,.F.);
#6683 = EDGE_CURVE('',#6659,#1384,#6684,.T.);
#6684 = SURFACE_CURVE('',#6685,(#6688,#6695),.PCURVE_S1.);
#6685 = B_SPLINE_CURVE_WITH_KNOTS('',1,(#6686,#6687),.UNSPECIFIED.,.F.,
  .F.,(2,2),(0.,1.),.PIECEWISE_BEZIER_KNOTS.);
#6686 = CARTESIAN_POINT('',(-7.00927734375,-26.50631464736,74.12));
#6687 = CARTESIAN_POINT('',(-7.07158203125,-26.63326773167,74.37));
#6688 = PCURVE('',#1433,#6689);
#6689 = DEFINITIONAL_REPRESENTATION('',(#6690),#6694);
#6690 = LINE('',#6691,#6692);
#6691 = CARTESIAN_POINT('',(0.,0.));
#6692 = VECTOR('',#6693,1.);
#6693 = DIRECTION('',(0.,1.));
#6694 = ( GEOMETRIC_REPRESENTATION_CONTEXT(2)
PARAMETRIC_REPRESENTATION_CONTEXT() REPRESENTATION_CONTEXT('2D SPACE',''
  ) );
#6695 = PCURVE('',#1528,#6696);
#6696 = DEFINITIONAL_REPRESENTATION('',(#6697),#6701);
#6697 = LINE('',#6698,#6699);
#6698 = CARTESIAN_POINT('',(1.,0.));
#6699 = VECTOR('',#6700,1.);
#6700 = DIRECTION('',(0.,1.));
#6701 = ( GEOMETRIC_REPRESENTATION_CONTEXT(2)
PARAMETRIC_REPRESENTATION_CONTEXT() REPRESENTATION_CONTEXT('2D SPACE',''
  ) );
#6702 = ADVANCED_FACE('',(#6703),#1718,.F.);
#6703 = FACE_BOUND('',#6704,.F.);
#6704 = EDGE_LOOP('',(#6705,#6727,#6747,#6748));
#6705 = ORIENTED_EDGE('',*,*,#6706,.F.);
#6706 = EDGE_CURVE('',#6707,#6612,#6709,.T.);
#6707 = VERTEX_POINT('',#6708);
#6708 = CARTESIAN_POINT('',(10.8544921875,-26.33053339736,74.12));
#6709 = SURFACE_CURVE('',#6710,(#6714,#6720),.PCURVE_S1.);
#6710 = B_SPLINE_CURVE_WITH_KNOTS('',2,(#6711,#6712,#6713),
  .UNSPECIFIED.,.F.,.F.,(3,3),(0.,1.),.PIECEWISE_BEZIER_KNOTS.);
#6711 = CARTESIAN_POINT('',(10.8544921875,-26.33053339736,74.12));
#6712 = CARTESIAN_POINT('',(14.150390625,-21.76022089736,74.12));
#6713 = CARTESIAN_POINT('',(14.150390625,-13.14693964736,74.12));
#6714 = PCURVE('',#1718,#6715);
#6715 = DEFINITIONAL_REPRESENTATION('',(#6716),#6719);
#6716 = B_SPLINE_CURVE_WITH_KNOTS('',1,(#6717,#6718),.UNSPECIFIED.,.F.,
  .F.,(2,2),(0.,0.995516558579),.PIECEWISE_BEZIER_KNOTS.);
#6717 = CARTESIAN_POINT('',(1.,0.));
#6718 = CARTESIAN_POINT('',(0.,0.));
#6719 = ( GEOMETRIC_REPRESENTATION_CONTEXT(2)
PARAMETRIC_REPRESENTATION_CONTEXT() REPRESENTATION_CONTEXT('2D SPACE',''
  ) );
#6720 = PCURVE('',#6176,#6721);
#6721 = DEFINITIONAL_REPRESENTATION('',(#6722),#6726);
#6722 = B_SPLINE_CURVE_WITH_KNOTS('',2,(#6723,#6724,#6725),
  .UNSPECIFIED.,.F.,.F.,(3,3),(0.,1.),.PIECEWISE_BEZIER_KNOTS.);
#6723 = CARTESIAN_POINT('',(26.892241448941,-4.822940418295));
#6724 = CARTESIAN_POINT('',(32.101029708174,-2.673701546403));
#6725 = CARTESIAN_POINT('',(36.63737959318,4.64819326385));
#6726 = ( GEOMETRIC_REPRESENTATION_CONTEXT(2)
PARAMETRIC_REPRESENTATION_CONTEXT() REPRESENTATION_CONTEXT('2D SPACE',''
  ) );
#6727 = ORIENTED_EDGE('',*,*,#6728,.T.);
#6728 = EDGE_CURVE('',#6707,#1567,#6729,.T.);
#6729 = SURFACE_CURVE('',#6730,(#6733,#6740),.PCURVE_S1.);
#6730 = B_SPLINE_CURVE_WITH_KNOTS('',1,(#6731,#6732),.UNSPECIFIED.,.F.,
  .F.,(2,2),(0.,1.),.PIECEWISE_BEZIER_KNOTS.);
#6731 = CARTESIAN_POINT('',(10.8544921875,-26.33053339736,74.12));
#6732 = CARTESIAN_POINT('',(10.9509765625,-26.45592398167,74.37));
#6733 = PCURVE('',#1718,#6734);
#6734 = DEFINITIONAL_REPRESENTATION('',(#6735),#6739);
#6735 = LINE('',#6736,#6737);
#6736 = CARTESIAN_POINT('',(1.,0.));
#6737 = VECTOR('',#6738,1.);
#6738 = DIRECTION('',(0.,1.));
#6739 = ( GEOMETRIC_REPRESENTATION_CONTEXT(2)
PARAMETRIC_REPRESENTATION_CONTEXT() REPRESENTATION_CONTEXT('2D SPACE',''
  ) );
#6740 = PCURVE('',#1630,#6741);
#6741 = DEFINITIONAL_REPRESENTATION('',(#6742),#6746);
#6742 = LINE('',#6743,#6744);
#6743 = CARTESIAN_POINT('',(0.,0.));
#6744 = VECTOR('',#6745,1.);
#6745 = DIRECTION('',(0.,1.));
#6746 = ( GEOMETRIC_REPRESENTATION_CONTEXT(2)
PARAMETRIC_REPRESENTATION_CONTEXT() REPRESENTATION_CONTEXT('2D SPACE',''
  ) );
#6747 = ORIENTED_EDGE('',*,*,#1668,.T.);
#6748 = ORIENTED_EDGE('',*,*,#6633,.F.);
#6749 = ADVANCED_FACE('',(#6750),#1528,.F.);
#6750 = FACE_BOUND('',#6751,.F.);
#6751 = EDGE_LOOP('',(#6752,#6775,#6776,#6777));
#6752 = ORIENTED_EDGE('',*,*,#6753,.F.);
#6753 = EDGE_CURVE('',#6659,#6754,#6756,.T.);
#6754 = VERTEX_POINT('',#6755);
#6755 = CARTESIAN_POINT('',(1.8896484375,-30.90084589736,74.12));
#6756 = SURFACE_CURVE('',#6757,(#6761,#6768),.PCURVE_S1.);
#6757 = B_SPLINE_CURVE_WITH_KNOTS('',2,(#6758,#6759,#6760),
  .UNSPECIFIED.,.F.,.F.,(3,3),(0.,1.),.PIECEWISE_BEZIER_KNOTS.);
#6758 = CARTESIAN_POINT('',(-7.00927734375,-26.50631464736,74.12));
#6759 = CARTESIAN_POINT('',(-3.603515625,-30.90084589736,74.12));
#6760 = CARTESIAN_POINT('',(1.8896484375,-30.90084589736,74.12));
#6761 = PCURVE('',#1528,#6762);
#6762 = DEFINITIONAL_REPRESENTATION('',(#6763),#6767);
#6763 = LINE('',#6764,#6765);
#6764 = CARTESIAN_POINT('',(1.,0.));
#6765 = VECTOR('',#6766,1.);
#6766 = DIRECTION('',(-1.,0.));
#6767 = ( GEOMETRIC_REPRESENTATION_CONTEXT(2)
PARAMETRIC_REPRESENTATION_CONTEXT() REPRESENTATION_CONTEXT('2D SPACE',''
  ) );
#6768 = PCURVE('',#6176,#6769);
#6769 = DEFINITIONAL_REPRESENTATION('',(#6770),#6774);
#6770 = B_SPLINE_CURVE_WITH_KNOTS('',2,(#6771,#6772,#6773),
  .UNSPECIFIED.,.F.,.F.,(3,3),(0.,1.),.PIECEWISE_BEZIER_KNOTS.);
#6771 = CARTESIAN_POINT('',(11.61420246982,4.43593023994));
#6772 = CARTESIAN_POINT('',(12.19487522132,-1.093440153495));
#6773 = CARTESIAN_POINT('',(16.864450993165,-3.9865204373));
#6774 = ( GEOMETRIC_REPRESENTATION_CONTEXT(2)
PARAMETRIC_REPRESENTATION_CONTEXT() REPRESENTATION_CONTEXT('2D SPACE',''
  ) );
#6775 = ORIENTED_EDGE('',*,*,#6683,.T.);
#6776 = ORIENTED_EDGE('',*,*,#1464,.T.);
#6777 = ORIENTED_EDGE('',*,*,#6778,.F.);
#6778 = EDGE_CURVE('',#6754,#1465,#6779,.T.);
#6779 = SURFACE_CURVE('',#6780,(#6783,#6790),.PCURVE_S1.);
#6780 = B_SPLINE_CURVE_WITH_KNOTS('',1,(#6781,#6782),.UNSPECIFIED.,.F.,
  .F.,(2,2),(0.,1.),.PIECEWISE_BEZIER_KNOTS.);
#6781 = CARTESIAN_POINT('',(1.8896484375,-30.90084589736,74.12));
#6782 = CARTESIAN_POINT('',(1.9064453125,-31.06686148167,74.37));
#6783 = PCURVE('',#1528,#6784);
#6784 = DEFINITIONAL_REPRESENTATION('',(#6785),#6789);
#6785 = LINE('',#6786,#6787);
#6786 = CARTESIAN_POINT('',(0.,0.));
#6787 = VECTOR('',#6788,1.);
#6788 = DIRECTION('',(0.,1.));
#6789 = ( GEOMETRIC_REPRESENTATION_CONTEXT(2)
PARAMETRIC_REPRESENTATION_CONTEXT() REPRESENTATION_CONTEXT('2D SPACE',''
  ) );
#6790 = PCURVE('',#1630,#6791);
#6791 = DEFINITIONAL_REPRESENTATION('',(#6792),#6796);
#6792 = LINE('',#6793,#6794);
#6793 = CARTESIAN_POINT('',(1.,0.));
#6794 = VECTOR('',#6795,1.);
#6795 = DIRECTION('',(0.,1.));
#6796 = ( GEOMETRIC_REPRESENTATION_CONTEXT(2)
PARAMETRIC_REPRESENTATION_CONTEXT() REPRESENTATION_CONTEXT('2D SPACE',''
  ) );
#6797 = ADVANCED_FACE('',(#6798),#1630,.F.);
#6798 = FACE_BOUND('',#6799,.F.);
#6799 = EDGE_LOOP('',(#6800,#6821,#6822,#6823));
#6800 = ORIENTED_EDGE('',*,*,#6801,.F.);
#6801 = EDGE_CURVE('',#6754,#6707,#6802,.T.);
#6802 = SURFACE_CURVE('',#6803,(#6807,#6814),.PCURVE_S1.);
#6803 = B_SPLINE_CURVE_WITH_KNOTS('',2,(#6804,#6805,#6806),
  .UNSPECIFIED.,.F.,.F.,(3,3),(0.,1.),.PIECEWISE_BEZIER_KNOTS.);
#6804 = CARTESIAN_POINT('',(1.8896484375,-30.90084589736,74.12));
#6805 = CARTESIAN_POINT('',(7.55859375,-30.90084589736,74.12));
#6806 = CARTESIAN_POINT('',(10.8544921875,-26.33053339736,74.12));
#6807 = PCURVE('',#1630,#6808);
#6808 = DEFINITIONAL_REPRESENTATION('',(#6809),#6813);
#6809 = LINE('',#6810,#6811);
#6810 = CARTESIAN_POINT('',(1.,0.));
#6811 = VECTOR('',#6812,1.);
#6812 = DIRECTION('',(-1.,0.));
#6813 = ( GEOMETRIC_REPRESENTATION_CONTEXT(2)
PARAMETRIC_REPRESENTATION_CONTEXT() REPRESENTATION_CONTEXT('2D SPACE',''
  ) );
#6814 = PCURVE('',#6176,#6815);
#6815 = DEFINITIONAL_REPRESENTATION('',(#6816),#6820);
#6816 = B_SPLINE_CURVE_WITH_KNOTS('',2,(#6817,#6818,#6819),
  .UNSPECIFIED.,.F.,.F.,(3,3),(0.,1.),.PIECEWISE_BEZIER_KNOTS.);
#6817 = CARTESIAN_POINT('',(16.864450993165,-3.9865204373));
#6818 = CARTESIAN_POINT('',(21.683453189709,-6.972179290187));
#6819 = CARTESIAN_POINT('',(26.892241448941,-4.822940418295));
#6820 = ( GEOMETRIC_REPRESENTATION_CONTEXT(2)
PARAMETRIC_REPRESENTATION_CONTEXT() REPRESENTATION_CONTEXT('2D SPACE',''
  ) );
#6821 = ORIENTED_EDGE('',*,*,#6778,.T.);
#6822 = ORIENTED_EDGE('',*,*,#1566,.T.);
#6823 = ORIENTED_EDGE('',*,*,#6728,.F.);
#6824 = ADVANCED_FACE('',(#6825),#2119,.F.);
#6825 = FACE_BOUND('',#6826,.F.);
#6826 = EDGE_LOOP('',(#6827,#6850,#6877,#6878));
#6827 = ORIENTED_EDGE('',*,*,#6828,.T.);
#6828 = EDGE_CURVE('',#2099,#6829,#6831,.T.);
#6829 = VERTEX_POINT('',#6830);
#6830 = CARTESIAN_POINT('',(-1.7,-12.2240926625,73.12));
#6831 = SEAM_CURVE('',#6832,(#6836,#6843),.PCURVE_S1.);
#6832 = LINE('',#6833,#6834);
#6833 = CARTESIAN_POINT('',(-1.7,-12.2240926625,74.37));
#6834 = VECTOR('',#6835,1.);
#6835 = DIRECTION('',(0.,0.,-1.));
#6836 = PCURVE('',#2119,#6837);
#6837 = DEFINITIONAL_REPRESENTATION('',(#6838),#6842);
#6838 = LINE('',#6839,#6840);
#6839 = CARTESIAN_POINT('',(6.28318530718,-0.));
#6840 = VECTOR('',#6841,1.);
#6841 = DIRECTION('',(0.,1.));
#6842 = ( GEOMETRIC_REPRESENTATION_CONTEXT(2)
PARAMETRIC_REPRESENTATION_CONTEXT() REPRESENTATION_CONTEXT('2D SPACE',''
  ) );
#6843 = PCURVE('',#2119,#6844);
#6844 = DEFINITIONAL_REPRESENTATION('',(#6845),#6849);
#6845 = LINE('',#6846,#6847);
#6846 = CARTESIAN_POINT('',(0.,-0.));
#6847 = VECTOR('',#6848,1.);
#6848 = DIRECTION('',(0.,1.));
#6849 = ( GEOMETRIC_REPRESENTATION_CONTEXT(2)
PARAMETRIC_REPRESENTATION_CONTEXT() REPRESENTATION_CONTEXT('2D SPACE',''
  ) );
#6850 = ORIENTED_EDGE('',*,*,#6851,.F.);
#6851 = EDGE_CURVE('',#6829,#6829,#6852,.T.);
#6852 = SURFACE_CURVE('',#6853,(#6858,#6865),.PCURVE_S1.);
#6853 = CIRCLE('',#6854,1.7);
#6854 = AXIS2_PLACEMENT_3D('',#6855,#6856,#6857);
#6855 = CARTESIAN_POINT('',(0.,-12.2240926625,73.12));
#6856 = DIRECTION('',(0.,0.,-1.));
#6857 = DIRECTION('',(-1.,0.,-0.));
#6858 = PCURVE('',#2119,#6859);
#6859 = DEFINITIONAL_REPRESENTATION('',(#6860),#6864);
#6860 = LINE('',#6861,#6862);
#6861 = CARTESIAN_POINT('',(0.,1.25));
#6862 = VECTOR('',#6863,1.);
#6863 = DIRECTION('',(1.,0.));
#6864 = ( GEOMETRIC_REPRESENTATION_CONTEXT(2)
PARAMETRIC_REPRESENTATION_CONTEXT() REPRESENTATION_CONTEXT('2D SPACE',''
  ) );
#6865 = PCURVE('',#6866,#6871);
#6866 = PLANE('',#6867);
#6867 = AXIS2_PLACEMENT_3D('',#6868,#6869,#6870);
#6868 = CARTESIAN_POINT('',(0.,-12.2240926625,73.12));
#6869 = DIRECTION('',(0.,0.,-1.));
#6870 = DIRECTION('',(-1.,0.,-0.));
#6871 = DEFINITIONAL_REPRESENTATION('',(#6872),#6876);
#6872 = CIRCLE('',#6873,1.7);
#6873 = AXIS2_PLACEMENT_2D('',#6874,#6875);
#6874 = CARTESIAN_POINT('',(0.,0.));
#6875 = DIRECTION('',(1.,0.));
#6876 = ( GEOMETRIC_REPRESENTATION_CONTEXT(2)
PARAMETRIC_REPRESENTATION_CONTEXT() REPRESENTATION_CONTEXT('2D SPACE',''
  ) );
#6877 = ORIENTED_EDGE('',*,*,#6828,.F.);
#6878 = ORIENTED_EDGE('',*,*,#2098,.T.);
#6879 = ADVANCED_FACE('',(#6880),#2149,.F.);
#6880 = FACE_BOUND('',#6881,.F.);
#6881 = EDGE_LOOP('',(#6882,#6904,#6931,#6951));
#6882 = ORIENTED_EDGE('',*,*,#6883,.F.);
#6883 = EDGE_CURVE('',#6884,#2136,#6886,.T.);
#6884 = VERTEX_POINT('',#6885);
#6885 = CARTESIAN_POINT('',(-17.3000075043,-11.2240926625,74.12));
#6886 = SURFACE_CURVE('',#6887,(#6890,#6897),.PCURVE_S1.);
#6887 = B_SPLINE_CURVE_WITH_KNOTS('',1,(#6888,#6889),.UNSPECIFIED.,.F.,
  .F.,(2,2),(0.,1.),.PIECEWISE_BEZIER_KNOTS.);
#6888 = CARTESIAN_POINT('',(-17.3000075043,-11.2240926625,74.12));
#6889 = CARTESIAN_POINT('',(-17.45213056105,-11.2240926625,74.37));
#6890 = PCURVE('',#2149,#6891);
#6891 = DEFINITIONAL_REPRESENTATION('',(#6892),#6896);
#6892 = LINE('',#6893,#6894);
#6893 = CARTESIAN_POINT('',(-80.57556806105,0.));
#6894 = VECTOR('',#6895,1.);
#6895 = DIRECTION('',(0.,1.));
#6896 = ( GEOMETRIC_REPRESENTATION_CONTEXT(2)
PARAMETRIC_REPRESENTATION_CONTEXT() REPRESENTATION_CONTEXT('2D SPACE',''
  ) );
#6897 = PCURVE('',#2230,#6898);
#6898 = DEFINITIONAL_REPRESENTATION('',(#6899),#6903);
#6899 = LINE('',#6900,#6901);
#6900 = CARTESIAN_POINT('',(1.,0.));
#6901 = VECTOR('',#6902,1.);
#6902 = DIRECTION('',(0.,1.));
#6903 = ( GEOMETRIC_REPRESENTATION_CONTEXT(2)
PARAMETRIC_REPRESENTATION_CONTEXT() REPRESENTATION_CONTEXT('2D SPACE',''
  ) );
#6904 = ORIENTED_EDGE('',*,*,#6905,.T.);
#6905 = EDGE_CURVE('',#6884,#6906,#6908,.T.);
#6906 = VERTEX_POINT('',#6907);
#6907 = CARTESIAN_POINT('',(-10.35129751875,-11.2240926625,74.12));
#6908 = SURFACE_CURVE('',#6909,(#6913,#6919),.PCURVE_S1.);
#6909 = LINE('',#6910,#6911);
#6910 = CARTESIAN_POINT('',(63.0078125,-11.2240926625,74.12));
#6911 = VECTOR('',#6912,1.);
#6912 = DIRECTION('',(1.,-1.224646799147E-16,0.));
#6913 = PCURVE('',#2149,#6914);
#6914 = DEFINITIONAL_REPRESENTATION('',(#6915),#6918);
#6915 = B_SPLINE_CURVE_WITH_KNOTS('',1,(#6916,#6917),.UNSPECIFIED.,.F.,
  .F.,(2,2),(-80.3078200043,-73.35911001875),.PIECEWISE_BEZIER_KNOTS.);
#6916 = CARTESIAN_POINT('',(-80.57556806105,0.));
#6917 = CARTESIAN_POINT('',(-73.56726010859,0.));
#6918 = ( GEOMETRIC_REPRESENTATION_CONTEXT(2)
PARAMETRIC_REPRESENTATION_CONTEXT() REPRESENTATION_CONTEXT('2D SPACE',''
  ) );
#6919 = PCURVE('',#6920,#6925);
#6920 = PLANE('',#6921);
#6921 = AXIS2_PLACEMENT_3D('',#6922,#6923,#6924);
#6922 = CARTESIAN_POINT('',(-17.3000075043,-11.2240926625,74.12));
#6923 = DIRECTION('',(0.,0.,1.));
#6924 = DIRECTION('',(1.,-9.4786104072E-17,0.));
#6925 = DEFINITIONAL_REPRESENTATION('',(#6926),#6930);
#6926 = LINE('',#6927,#6928);
#6927 = CARTESIAN_POINT('',(80.307820004301,-1.269718812278E-15));
#6928 = VECTOR('',#6929,1.);
#6929 = DIRECTION('',(1.,-2.767857584274E-17));
#6930 = ( GEOMETRIC_REPRESENTATION_CONTEXT(2)
PARAMETRIC_REPRESENTATION_CONTEXT() REPRESENTATION_CONTEXT('2D SPACE',''
  ) );
#6931 = ORIENTED_EDGE('',*,*,#6932,.T.);
#6932 = EDGE_CURVE('',#6906,#2134,#6933,.T.);
#6933 = SURFACE_CURVE('',#6934,(#6937,#6944),.PCURVE_S1.);
#6934 = B_SPLINE_CURVE_WITH_KNOTS('',1,(#6935,#6936),.UNSPECIFIED.,.F.,
  .F.,(2,2),(0.,1.),.PIECEWISE_BEZIER_KNOTS.);
#6935 = CARTESIAN_POINT('',(-10.35129751875,-11.2240926625,74.12));
#6936 = CARTESIAN_POINT('',(-10.44382260859,-11.2240926625,74.37));
#6937 = PCURVE('',#2149,#6938);
#6938 = DEFINITIONAL_REPRESENTATION('',(#6939),#6943);
#6939 = LINE('',#6940,#6941);
#6940 = CARTESIAN_POINT('',(-73.56726010859,0.));
#6941 = VECTOR('',#6942,1.);
#6942 = DIRECTION('',(0.,1.));
#6943 = ( GEOMETRIC_REPRESENTATION_CONTEXT(2)
PARAMETRIC_REPRESENTATION_CONTEXT() REPRESENTATION_CONTEXT('2D SPACE',''
  ) );
#6944 = PCURVE('',#2983,#6945);
#6945 = DEFINITIONAL_REPRESENTATION('',(#6946),#6950);
#6946 = LINE('',#6947,#6948);
#6947 = CARTESIAN_POINT('',(0.,0.));
#6948 = VECTOR('',#6949,1.);
#6949 = DIRECTION('',(0.,1.));
#6950 = ( GEOMETRIC_REPRESENTATION_CONTEXT(2)
PARAMETRIC_REPRESENTATION_CONTEXT() REPRESENTATION_CONTEXT('2D SPACE',''
  ) );
#6951 = ORIENTED_EDGE('',*,*,#2133,.T.);
#6952 = ADVANCED_FACE('',(#6953),#2983,.F.);
#6953 = FACE_BOUND('',#6954,.F.);
#6954 = EDGE_LOOP('',(#6955,#6977,#6997,#6998));
#6955 = ORIENTED_EDGE('',*,*,#6956,.F.);
#6956 = EDGE_CURVE('',#6957,#6906,#6959,.T.);
#6957 = VERTEX_POINT('',#6958);
#6958 = CARTESIAN_POINT('',(-6.767578125,0.102572071387,74.12));
#6959 = SURFACE_CURVE('',#6960,(#6964,#6970),.PCURVE_S1.);
#6960 = B_SPLINE_CURVE_WITH_KNOTS('',2,(#6961,#6962,#6963),
  .UNSPECIFIED.,.F.,.F.,(3,3),(0.,1.),.PIECEWISE_BEZIER_KNOTS.);
#6961 = CARTESIAN_POINT('',(-6.767578125,0.102572071387,74.12));
#6962 = CARTESIAN_POINT('',(-10.4150390625,-4.621549022363,74.12));
#6963 = CARTESIAN_POINT('',(-10.4150390625,-13.49850214736,74.12));
#6964 = PCURVE('',#2983,#6965);
#6965 = DEFINITIONAL_REPRESENTATION('',(#6966),#6969);
#6966 = B_SPLINE_CURVE_WITH_KNOTS('',1,(#6967,#6968),.UNSPECIFIED.,.F.,
  .F.,(2,2),(0.,0.867804715467),.PIECEWISE_BEZIER_KNOTS.);
#6967 = CARTESIAN_POINT('',(1.,0.));
#6968 = CARTESIAN_POINT('',(0.,0.));
#6969 = ( GEOMETRIC_REPRESENTATION_CONTEXT(2)
PARAMETRIC_REPRESENTATION_CONTEXT() REPRESENTATION_CONTEXT('2D SPACE',''
  ) );
#6970 = PCURVE('',#6920,#6971);
#6971 = DEFINITIONAL_REPRESENTATION('',(#6972),#6976);
#6972 = B_SPLINE_CURVE_WITH_KNOTS('',2,(#6973,#6974,#6975),
  .UNSPECIFIED.,.F.,.F.,(3,3),(0.,1.),.PIECEWISE_BEZIER_KNOTS.);
#6973 = CARTESIAN_POINT('',(10.532429379301,11.326664733887));
#6974 = CARTESIAN_POINT('',(6.884968441801,6.602543640137));
#6975 = CARTESIAN_POINT('',(6.884968441801,-2.274409484863));
#6976 = ( GEOMETRIC_REPRESENTATION_CONTEXT(2)
PARAMETRIC_REPRESENTATION_CONTEXT() REPRESENTATION_CONTEXT('2D SPACE',''
  ) );
#6977 = ORIENTED_EDGE('',*,*,#6978,.T.);
#6978 = EDGE_CURVE('',#6957,#2838,#6979,.T.);
#6979 = SURFACE_CURVE('',#6980,(#6983,#6990),.PCURVE_S1.);
#6980 = B_SPLINE_CURVE_WITH_KNOTS('',1,(#6981,#6982),.UNSPECIFIED.,.F.,
  .F.,(2,2),(0.,1.),.PIECEWISE_BEZIER_KNOTS.);
#6981 = CARTESIAN_POINT('',(-6.767578125,0.102572071387,74.12));
#6982 = CARTESIAN_POINT('',(-6.827734375,0.212142424577,74.37));
#6983 = PCURVE('',#2983,#6984);
#6984 = DEFINITIONAL_REPRESENTATION('',(#6985),#6989);
#6985 = LINE('',#6986,#6987);
#6986 = CARTESIAN_POINT('',(1.,0.));
#6987 = VECTOR('',#6988,1.);
#6988 = DIRECTION('',(0.,1.));
#6989 = ( GEOMETRIC_REPRESENTATION_CONTEXT(2)
PARAMETRIC_REPRESENTATION_CONTEXT() REPRESENTATION_CONTEXT('2D SPACE',''
  ) );
#6990 = PCURVE('',#2901,#6991);
#6991 = DEFINITIONAL_REPRESENTATION('',(#6992),#6996);
#6992 = LINE('',#6993,#6994);
#6993 = CARTESIAN_POINT('',(0.,0.));
#6994 = VECTOR('',#6995,1.);
#6995 = DIRECTION('',(0.,1.));
#6996 = ( GEOMETRIC_REPRESENTATION_CONTEXT(2)
PARAMETRIC_REPRESENTATION_CONTEXT() REPRESENTATION_CONTEXT('2D SPACE',''
  ) );
#6997 = ORIENTED_EDGE('',*,*,#2939,.T.);
#6998 = ORIENTED_EDGE('',*,*,#6932,.F.);
#6999 = ADVANCED_FACE('',(#7000),#2230,.F.);
#7000 = FACE_BOUND('',#7001,.F.);
#7001 = EDGE_LOOP('',(#7002,#7024,#7025,#7026));
#7002 = ORIENTED_EDGE('',*,*,#7003,.F.);
#7003 = EDGE_CURVE('',#6884,#7004,#7006,.T.);
#7004 = VERTEX_POINT('',#7005);
#7005 = CARTESIAN_POINT('',(-22.6318359375,10.275911915137,74.12));
#7006 = SURFACE_CURVE('',#7007,(#7011,#7017),.PCURVE_S1.);
#7007 = B_SPLINE_CURVE_WITH_KNOTS('',2,(#7008,#7009,#7010),
  .UNSPECIFIED.,.F.,.F.,(3,3),(0.,1.),.PIECEWISE_BEZIER_KNOTS.);
#7008 = CARTESIAN_POINT('',(-16.962890625,-13.05904902236,74.12));
#7009 = CARTESIAN_POINT('',(-20.0390625,3.903841602637,74.12));
#7010 = CARTESIAN_POINT('',(-22.6318359375,10.275911915137,74.12));
#7011 = PCURVE('',#2230,#7012);
#7012 = DEFINITIONAL_REPRESENTATION('',(#7013),#7016);
#7013 = B_SPLINE_CURVE_WITH_KNOTS('',1,(#7014,#7015),.UNSPECIFIED.,.F.,
  .F.,(2,2),(5.503283296716E-02,1.),.PIECEWISE_BEZIER_KNOTS.);
#7014 = CARTESIAN_POINT('',(1.,0.));
#7015 = CARTESIAN_POINT('',(0.,0.));
#7016 = ( GEOMETRIC_REPRESENTATION_CONTEXT(2)
PARAMETRIC_REPRESENTATION_CONTEXT() REPRESENTATION_CONTEXT('2D SPACE',''
  ) );
#7017 = PCURVE('',#6920,#7018);
#7018 = DEFINITIONAL_REPRESENTATION('',(#7019),#7023);
#7019 = B_SPLINE_CURVE_WITH_KNOTS('',2,(#7020,#7021,#7022),
  .UNSPECIFIED.,.F.,.F.,(3,3),(0.,1.),.PIECEWISE_BEZIER_KNOTS.);
#7020 = CARTESIAN_POINT('',(0.337116879301,-1.834956359863));
#7021 = CARTESIAN_POINT('',(-2.739054995699,15.127934265137));
#7022 = CARTESIAN_POINT('',(-5.331828433199,21.500004577637));
#7023 = ( GEOMETRIC_REPRESENTATION_CONTEXT(2)
PARAMETRIC_REPRESENTATION_CONTEXT() REPRESENTATION_CONTEXT('2D SPACE',''
  ) );
#7024 = ORIENTED_EDGE('',*,*,#6883,.T.);
#7025 = ORIENTED_EDGE('',*,*,#2160,.T.);
#7026 = ORIENTED_EDGE('',*,*,#7027,.F.);
#7027 = EDGE_CURVE('',#7004,#2161,#7028,.T.);
#7028 = SURFACE_CURVE('',#7029,(#7032,#7039),.PCURVE_S1.);
#7029 = B_SPLINE_CURVE_WITH_KNOTS('',1,(#7030,#7031),.UNSPECIFIED.,.F.,
  .F.,(2,2),(0.,1.),.PIECEWISE_BEZIER_KNOTS.);
#7030 = CARTESIAN_POINT('',(-22.6318359375,10.275911915137,74.12));
#7031 = CARTESIAN_POINT('',(-22.8330078125,10.475911955827,74.37));
#7032 = PCURVE('',#2230,#7033);
#7033 = DEFINITIONAL_REPRESENTATION('',(#7034),#7038);
#7034 = LINE('',#7035,#7036);
#7035 = CARTESIAN_POINT('',(0.,0.));
#7036 = VECTOR('',#7037,1.);
#7037 = DIRECTION('',(0.,1.));
#7038 = ( GEOMETRIC_REPRESENTATION_CONTEXT(2)
PARAMETRIC_REPRESENTATION_CONTEXT() REPRESENTATION_CONTEXT('2D SPACE',''
  ) );
#7039 = PCURVE('',#2285,#7040);
#7040 = DEFINITIONAL_REPRESENTATION('',(#7041),#7045);
#7041 = LINE('',#7042,#7043);
#7042 = CARTESIAN_POINT('',(0.,0.));
#7043 = VECTOR('',#7044,1.);
#7044 = DIRECTION('',(0.,1.));
#7045 = ( GEOMETRIC_REPRESENTATION_CONTEXT(2)
PARAMETRIC_REPRESENTATION_CONTEXT() REPRESENTATION_CONTEXT('2D SPACE',''
  ) );
#7046 = ADVANCED_FACE('',(#7047),#2901,.F.);
#7047 = FACE_BOUND('',#7048,.F.);
#7048 = EDGE_LOOP('',(#7049,#7072,#7092,#7093));
#7049 = ORIENTED_EDGE('',*,*,#7050,.F.);
#7050 = EDGE_CURVE('',#7051,#6957,#7053,.T.);
#7051 = VERTEX_POINT('',#7052);
#7052 = CARTESIAN_POINT('',(2.3291015625,4.826693165137,74.12));
#7053 = SURFACE_CURVE('',#7054,(#7058,#7065),.PCURVE_S1.);
#7054 = B_SPLINE_CURVE_WITH_KNOTS('',2,(#7055,#7056,#7057),
  .UNSPECIFIED.,.F.,.F.,(3,3),(0.,1.),.PIECEWISE_BEZIER_KNOTS.);
#7055 = CARTESIAN_POINT('',(2.3291015625,4.826693165137,74.12));
#7056 = CARTESIAN_POINT('',(-3.1201171875,4.826693165137,74.12));
#7057 = CARTESIAN_POINT('',(-6.767578125,0.102572071387,74.12));
#7058 = PCURVE('',#2901,#7059);
#7059 = DEFINITIONAL_REPRESENTATION('',(#7060),#7064);
#7060 = LINE('',#7061,#7062);
#7061 = CARTESIAN_POINT('',(1.,0.));
#7062 = VECTOR('',#7063,1.);
#7063 = DIRECTION('',(-1.,0.));
#7064 = ( GEOMETRIC_REPRESENTATION_CONTEXT(2)
PARAMETRIC_REPRESENTATION_CONTEXT() REPRESENTATION_CONTEXT('2D SPACE',''
  ) );
#7065 = PCURVE('',#6920,#7066);
#7066 = DEFINITIONAL_REPRESENTATION('',(#7067),#7071);
#7067 = B_SPLINE_CURVE_WITH_KNOTS('',2,(#7068,#7069,#7070),
  .UNSPECIFIED.,.F.,.F.,(3,3),(0.,1.),.PIECEWISE_BEZIER_KNOTS.);
#7068 = CARTESIAN_POINT('',(19.629109066801,16.050785827637));
#7069 = CARTESIAN_POINT('',(14.179890316801,16.050785827637));
#7070 = CARTESIAN_POINT('',(10.532429379301,11.326664733887));
#7071 = ( GEOMETRIC_REPRESENTATION_CONTEXT(2)
PARAMETRIC_REPRESENTATION_CONTEXT() REPRESENTATION_CONTEXT('2D SPACE',''
  ) );
#7072 = ORIENTED_EDGE('',*,*,#7073,.T.);
#7073 = EDGE_CURVE('',#7051,#2736,#7074,.T.);
#7074 = SURFACE_CURVE('',#7075,(#7078,#7085),.PCURVE_S1.);
#7075 = B_SPLINE_CURVE_WITH_KNOTS('',1,(#7076,#7077),.UNSPECIFIED.,.F.,
  .F.,(2,2),(0.,1.),.PIECEWISE_BEZIER_KNOTS.);
#7076 = CARTESIAN_POINT('',(2.3291015625,4.826693165137,74.12));
#7077 = CARTESIAN_POINT('',(2.3498046875,4.978255705827,74.37));
#7078 = PCURVE('',#2901,#7079);
#7079 = DEFINITIONAL_REPRESENTATION('',(#7080),#7084);
#7080 = LINE('',#7081,#7082);
#7081 = CARTESIAN_POINT('',(1.,0.));
#7082 = VECTOR('',#7083,1.);
#7083 = DIRECTION('',(0.,1.));
#7084 = ( GEOMETRIC_REPRESENTATION_CONTEXT(2)
PARAMETRIC_REPRESENTATION_CONTEXT() REPRESENTATION_CONTEXT('2D SPACE',''
  ) );
#7085 = PCURVE('',#2799,#7086);
#7086 = DEFINITIONAL_REPRESENTATION('',(#7087),#7091);
#7087 = LINE('',#7088,#7089);
#7088 = CARTESIAN_POINT('',(0.,0.));
#7089 = VECTOR('',#7090,1.);
#7090 = DIRECTION('',(0.,1.));
#7091 = ( GEOMETRIC_REPRESENTATION_CONTEXT(2)
PARAMETRIC_REPRESENTATION_CONTEXT() REPRESENTATION_CONTEXT('2D SPACE',''
  ) );
#7092 = ORIENTED_EDGE('',*,*,#2837,.T.);
#7093 = ORIENTED_EDGE('',*,*,#6978,.F.);
#7094 = ADVANCED_FACE('',(#7095),#2285,.F.);
#7095 = FACE_BOUND('',#7096,.F.);
#7096 = EDGE_LOOP('',(#7097,#7119,#7120,#7121));
#7097 = ORIENTED_EDGE('',*,*,#7098,.F.);
#7098 = EDGE_CURVE('',#7004,#7099,#7101,.T.);
#7099 = VERTEX_POINT('',#7100);
#7100 = CARTESIAN_POINT('',(-14.765625,10.275911915137,74.12));
#7101 = SURFACE_CURVE('',#7102,(#7106,#7112),.PCURVE_S1.);
#7102 = LINE('',#7103,#7104);
#7103 = CARTESIAN_POINT('',(-22.6318359375,10.275911915137,74.12));
#7104 = VECTOR('',#7105,1.);
#7105 = DIRECTION('',(1.,-1.224646799147E-16,0.));
#7106 = PCURVE('',#2285,#7107);
#7107 = DEFINITIONAL_REPRESENTATION('',(#7108),#7111);
#7108 = B_SPLINE_CURVE_WITH_KNOTS('',1,(#7109,#7110),.UNSPECIFIED.,.F.,
  .F.,(2,2),(0.,7.8662109375),.PIECEWISE_BEZIER_KNOTS.);
#7109 = CARTESIAN_POINT('',(0.,0.));
#7110 = CARTESIAN_POINT('',(-7.9361328125,0.));
#7111 = ( GEOMETRIC_REPRESENTATION_CONTEXT(2)
PARAMETRIC_REPRESENTATION_CONTEXT() REPRESENTATION_CONTEXT('2D SPACE',''
  ) );
#7112 = PCURVE('',#6920,#7113);
#7113 = DEFINITIONAL_REPRESENTATION('',(#7114),#7118);
#7114 = LINE('',#7115,#7116);
#7115 = CARTESIAN_POINT('',(-5.331828433199,21.500004577637));
#7116 = VECTOR('',#7117,1.);
#7117 = DIRECTION('',(1.,-2.767857584274E-17));
#7118 = ( GEOMETRIC_REPRESENTATION_CONTEXT(2)
PARAMETRIC_REPRESENTATION_CONTEXT() REPRESENTATION_CONTEXT('2D SPACE',''
  ) );
#7119 = ORIENTED_EDGE('',*,*,#7027,.T.);
#7120 = ORIENTED_EDGE('',*,*,#2271,.T.);
#7121 = ORIENTED_EDGE('',*,*,#7122,.F.);
#7122 = EDGE_CURVE('',#7099,#2272,#7123,.T.);
#7123 = SURFACE_CURVE('',#7124,(#7127,#7134),.PCURVE_S1.);
#7124 = B_SPLINE_CURVE_WITH_KNOTS('',1,(#7125,#7126),.UNSPECIFIED.,.F.,
  .F.,(2,2),(0.,1.),.PIECEWISE_BEZIER_KNOTS.);
#7125 = CARTESIAN_POINT('',(-14.765625,10.275911915137,74.12));
#7126 = CARTESIAN_POINT('',(-14.896875,10.475911955827,74.37));
#7127 = PCURVE('',#2285,#7128);
#7128 = DEFINITIONAL_REPRESENTATION('',(#7129),#7133);
#7129 = LINE('',#7130,#7131);
#7130 = CARTESIAN_POINT('',(-7.9361328125,0.));
#7131 = VECTOR('',#7132,1.);
#7132 = DIRECTION('',(0.,1.));
#7133 = ( GEOMETRIC_REPRESENTATION_CONTEXT(2)
PARAMETRIC_REPRESENTATION_CONTEXT() REPRESENTATION_CONTEXT('2D SPACE',''
  ) );
#7134 = PCURVE('',#2334,#7135);
#7135 = DEFINITIONAL_REPRESENTATION('',(#7136),#7140);
#7136 = LINE('',#7137,#7138);
#7137 = CARTESIAN_POINT('',(1.,0.));
#7138 = VECTOR('',#7139,1.);
#7139 = DIRECTION('',(0.,1.));
#7140 = ( GEOMETRIC_REPRESENTATION_CONTEXT(2)
PARAMETRIC_REPRESENTATION_CONTEXT() REPRESENTATION_CONTEXT('2D SPACE',''
  ) );
#7141 = ADVANCED_FACE('',(#7142),#2799,.F.);
#7142 = FACE_BOUND('',#7143,.F.);
#7143 = EDGE_LOOP('',(#7144,#7167,#7187,#7188));
#7144 = ORIENTED_EDGE('',*,*,#7145,.F.);
#7145 = EDGE_CURVE('',#7146,#7051,#7148,.T.);
#7146 = VERTEX_POINT('',#7147);
#7147 = CARTESIAN_POINT('',(11.0302734375,3.665410263672E-02,74.12));
#7148 = SURFACE_CURVE('',#7149,(#7153,#7160),.PCURVE_S1.);
#7149 = B_SPLINE_CURVE_WITH_KNOTS('',2,(#7150,#7151,#7152),
  .UNSPECIFIED.,.F.,.F.,(3,3),(0.,1.),.PIECEWISE_BEZIER_KNOTS.);
#7150 = CARTESIAN_POINT('',(11.0302734375,3.665410263671E-02,74.12));
#7151 = CARTESIAN_POINT('',(7.91015625,4.826693165137,74.12));
#7152 = CARTESIAN_POINT('',(2.3291015625,4.826693165137,74.12));
#7153 = PCURVE('',#2799,#7154);
#7154 = DEFINITIONAL_REPRESENTATION('',(#7155),#7159);
#7155 = LINE('',#7156,#7157);
#7156 = CARTESIAN_POINT('',(1.,0.));
#7157 = VECTOR('',#7158,1.);
#7158 = DIRECTION('',(-1.,0.));
#7159 = ( GEOMETRIC_REPRESENTATION_CONTEXT(2)
PARAMETRIC_REPRESENTATION_CONTEXT() REPRESENTATION_CONTEXT('2D SPACE',''
  ) );
#7160 = PCURVE('',#6920,#7161);
#7161 = DEFINITIONAL_REPRESENTATION('',(#7162),#7166);
#7162 = B_SPLINE_CURVE_WITH_KNOTS('',2,(#7163,#7164,#7165),
  .UNSPECIFIED.,.F.,.F.,(3,3),(0.,1.),.PIECEWISE_BEZIER_KNOTS.);
#7163 = CARTESIAN_POINT('',(28.330280941801,11.260746765137));
#7164 = CARTESIAN_POINT('',(25.210163754301,16.050785827637));
#7165 = CARTESIAN_POINT('',(19.629109066801,16.050785827637));
#7166 = ( GEOMETRIC_REPRESENTATION_CONTEXT(2)
PARAMETRIC_REPRESENTATION_CONTEXT() REPRESENTATION_CONTEXT('2D SPACE',''
  ) );
#7167 = ORIENTED_EDGE('',*,*,#7168,.T.);
#7168 = EDGE_CURVE('',#7146,#2661,#7169,.T.);
#7169 = SURFACE_CURVE('',#7170,(#7173,#7180),.PCURVE_S1.);
#7170 = B_SPLINE_CURVE_WITH_KNOTS('',1,(#7171,#7172),.UNSPECIFIED.,.F.,
  .F.,(2,2),(0.,1.),.PIECEWISE_BEZIER_KNOTS.);
#7171 = CARTESIAN_POINT('',(11.0302734375,3.665410263672E-02,74.12));
#7172 = CARTESIAN_POINT('',(11.1283203125,0.145638518327,74.37));
#7173 = PCURVE('',#2799,#7174);
#7174 = DEFINITIONAL_REPRESENTATION('',(#7175),#7179);
#7175 = LINE('',#7176,#7177);
#7176 = CARTESIAN_POINT('',(1.,0.));
#7177 = VECTOR('',#7178,1.);
#7178 = DIRECTION('',(0.,1.));
#7179 = ( GEOMETRIC_REPRESENTATION_CONTEXT(2)
PARAMETRIC_REPRESENTATION_CONTEXT() REPRESENTATION_CONTEXT('2D SPACE',''
  ) );
#7180 = PCURVE('',#2706,#7181);
#7181 = DEFINITIONAL_REPRESENTATION('',(#7182),#7186);
#7182 = LINE('',#7183,#7184);
#7183 = CARTESIAN_POINT('',(0.,0.));
#7184 = VECTOR('',#7185,1.);
#7185 = DIRECTION('',(0.,1.));
#7186 = ( GEOMETRIC_REPRESENTATION_CONTEXT(2)
PARAMETRIC_REPRESENTATION_CONTEXT() REPRESENTATION_CONTEXT('2D SPACE',''
  ) );
#7187 = ORIENTED_EDGE('',*,*,#2735,.T.);
#7188 = ORIENTED_EDGE('',*,*,#7073,.F.);
#7189 = ADVANCED_FACE('',(#7190),#2334,.F.);
#7190 = FACE_BOUND('',#7191,.F.);
#7191 = EDGE_LOOP('',(#7192,#7215,#7216,#7217));
#7192 = ORIENTED_EDGE('',*,*,#7193,.F.);
#7193 = EDGE_CURVE('',#7099,#7194,#7196,.T.);
#7194 = VERTEX_POINT('',#7195);
#7195 = CARTESIAN_POINT('',(-11.9091796875,1.750521290137,74.12));
#7196 = SURFACE_CURVE('',#7197,(#7201,#7208),.PCURVE_S1.);
#7197 = B_SPLINE_CURVE_WITH_KNOTS('',2,(#7198,#7199,#7200),
  .UNSPECIFIED.,.F.,.F.,(3,3),(0.,1.),.PIECEWISE_BEZIER_KNOTS.);
#7198 = CARTESIAN_POINT('',(-14.765625,10.275911915137,74.12));
#7199 = CARTESIAN_POINT('',(-12.8759765625,5.881380665137,74.12));
#7200 = CARTESIAN_POINT('',(-11.9091796875,1.750521290137,74.12));
#7201 = PCURVE('',#2334,#7202);
#7202 = DEFINITIONAL_REPRESENTATION('',(#7203),#7207);
#7203 = LINE('',#7204,#7205);
#7204 = CARTESIAN_POINT('',(1.,0.));
#7205 = VECTOR('',#7206,1.);
#7206 = DIRECTION('',(-1.,0.));
#7207 = ( GEOMETRIC_REPRESENTATION_CONTEXT(2)
PARAMETRIC_REPRESENTATION_CONTEXT() REPRESENTATION_CONTEXT('2D SPACE',''
  ) );
#7208 = PCURVE('',#6920,#7209);
#7209 = DEFINITIONAL_REPRESENTATION('',(#7210),#7214);
#7210 = B_SPLINE_CURVE_WITH_KNOTS('',2,(#7211,#7212,#7213),
  .UNSPECIFIED.,.F.,.F.,(3,3),(0.,1.),.PIECEWISE_BEZIER_KNOTS.);
#7211 = CARTESIAN_POINT('',(2.534382504301,21.500004577637));
#7212 = CARTESIAN_POINT('',(4.424030941801,17.105473327637));
#7213 = CARTESIAN_POINT('',(5.390827816801,12.974613952637));
#7214 = ( GEOMETRIC_REPRESENTATION_CONTEXT(2)
PARAMETRIC_REPRESENTATION_CONTEXT() REPRESENTATION_CONTEXT('2D SPACE',''
  ) );
#7215 = ORIENTED_EDGE('',*,*,#7122,.T.);
#7216 = ORIENTED_EDGE('',*,*,#2296,.T.);
#7217 = ORIENTED_EDGE('',*,*,#7218,.F.);
#7218 = EDGE_CURVE('',#7194,#2297,#7219,.T.);
#7219 = SURFACE_CURVE('',#7220,(#7223,#7230),.PCURVE_S1.);
#7220 = B_SPLINE_CURVE_WITH_KNOTS('',1,(#7221,#7222),.UNSPECIFIED.,.F.,
  .F.,(2,2),(0.,1.),.PIECEWISE_BEZIER_KNOTS.);
#7221 = CARTESIAN_POINT('',(-11.9091796875,1.750521290137,74.12));
#7222 = CARTESIAN_POINT('',(-12.0150390625,1.874740080827,74.37));
#7223 = PCURVE('',#2334,#7224);
#7224 = DEFINITIONAL_REPRESENTATION('',(#7225),#7229);
#7225 = LINE('',#7226,#7227);
#7226 = CARTESIAN_POINT('',(0.,0.));
#7227 = VECTOR('',#7228,1.);
#7228 = DIRECTION('',(0.,1.));
#7229 = ( GEOMETRIC_REPRESENTATION_CONTEXT(2)
PARAMETRIC_REPRESENTATION_CONTEXT() REPRESENTATION_CONTEXT('2D SPACE',''
  ) );
#7230 = PCURVE('',#2433,#7231);
#7231 = DEFINITIONAL_REPRESENTATION('',(#7232),#7236);
#7232 = LINE('',#7233,#7234);
#7233 = CARTESIAN_POINT('',(1.,0.));
#7234 = VECTOR('',#7235,1.);
#7235 = DIRECTION('',(0.,1.));
#7236 = ( GEOMETRIC_REPRESENTATION_CONTEXT(2)
PARAMETRIC_REPRESENTATION_CONTEXT() REPRESENTATION_CONTEXT('2D SPACE',''
  ) );
#7237 = ADVANCED_FACE('',(#7238),#2706,.F.);
#7238 = FACE_BOUND('',#7239,.F.);
#7239 = EDGE_LOOP('',(#7240,#7262,#7282,#7283));
#7240 = ORIENTED_EDGE('',*,*,#7241,.F.);
#7241 = EDGE_CURVE('',#7242,#7146,#7244,.T.);
#7242 = VERTEX_POINT('',#7243);
#7243 = CARTESIAN_POINT('',(14.107308324235,-11.2240926625,74.12));
#7244 = SURFACE_CURVE('',#7245,(#7249,#7255),.PCURVE_S1.);
#7245 = B_SPLINE_CURVE_WITH_KNOTS('',2,(#7246,#7247,#7248),
  .UNSPECIFIED.,.F.,.F.,(3,3),(0.,1.),.PIECEWISE_BEZIER_KNOTS.);
#7246 = CARTESIAN_POINT('',(14.150390625,-13.14693964736,74.12));
#7247 = CARTESIAN_POINT('',(14.150390625,-4.753384959863,74.12));
#7248 = CARTESIAN_POINT('',(11.0302734375,3.665410263671E-02,74.12));
#7249 = PCURVE('',#2706,#7250);
#7250 = DEFINITIONAL_REPRESENTATION('',(#7251),#7254);
#7251 = B_SPLINE_CURVE_WITH_KNOTS('',1,(#7252,#7253),.UNSPECIFIED.,.F.,
  .F.,(2,2),(0.117507068324,1.),.PIECEWISE_BEZIER_KNOTS.);
#7252 = CARTESIAN_POINT('',(1.,0.));
#7253 = CARTESIAN_POINT('',(0.,0.));
#7254 = ( GEOMETRIC_REPRESENTATION_CONTEXT(2)
PARAMETRIC_REPRESENTATION_CONTEXT() REPRESENTATION_CONTEXT('2D SPACE',''
  ) );
#7255 = PCURVE('',#6920,#7256);
#7256 = DEFINITIONAL_REPRESENTATION('',(#7257),#7261);
#7257 = B_SPLINE_CURVE_WITH_KNOTS('',2,(#7258,#7259,#7260),
  .UNSPECIFIED.,.F.,.F.,(3,3),(0.,1.),.PIECEWISE_BEZIER_KNOTS.);
#7258 = CARTESIAN_POINT('',(31.450398129301,-1.922846984863));
#7259 = CARTESIAN_POINT('',(31.450398129301,6.470707702637));
#7260 = CARTESIAN_POINT('',(28.330280941801,11.260746765137));
#7261 = ( GEOMETRIC_REPRESENTATION_CONTEXT(2)
PARAMETRIC_REPRESENTATION_CONTEXT() REPRESENTATION_CONTEXT('2D SPACE',''
  ) );
#7262 = ORIENTED_EDGE('',*,*,#7263,.T.);
#7263 = EDGE_CURVE('',#7242,#2636,#7264,.T.);
#7264 = SURFACE_CURVE('',#7265,(#7268,#7275),.PCURVE_S1.);
#7265 = B_SPLINE_CURVE_WITH_KNOTS('',1,(#7266,#7267),.UNSPECIFIED.,.F.,
  .F.,(2,2),(0.,1.),.PIECEWISE_BEZIER_KNOTS.);
#7266 = CARTESIAN_POINT('',(14.107308324235,-11.2240926625,74.12));
#7267 = CARTESIAN_POINT('',(14.233114508503,-11.2240926625,74.37));
#7268 = PCURVE('',#2706,#7269);
#7269 = DEFINITIONAL_REPRESENTATION('',(#7270),#7274);
#7270 = LINE('',#7271,#7272);
#7271 = CARTESIAN_POINT('',(1.,0.));
#7272 = VECTOR('',#7273,1.);
#7273 = DIRECTION('',(0.,1.));
#7274 = ( GEOMETRIC_REPRESENTATION_CONTEXT(2)
PARAMETRIC_REPRESENTATION_CONTEXT() REPRESENTATION_CONTEXT('2D SPACE',''
  ) );
#7275 = PCURVE('',#2649,#7276);
#7276 = DEFINITIONAL_REPRESENTATION('',(#7277),#7281);
#7277 = LINE('',#7278,#7279);
#7278 = CARTESIAN_POINT('',(-48.89032299149,0.));
#7279 = VECTOR('',#7280,1.);
#7280 = DIRECTION('',(0.,1.));
#7281 = ( GEOMETRIC_REPRESENTATION_CONTEXT(2)
PARAMETRIC_REPRESENTATION_CONTEXT() REPRESENTATION_CONTEXT('2D SPACE',''
  ) );
#7282 = ORIENTED_EDGE('',*,*,#2660,.T.);
#7283 = ORIENTED_EDGE('',*,*,#7168,.F.);
#7284 = ADVANCED_FACE('',(#7285),#2433,.F.);
#7285 = FACE_BOUND('',#7286,.F.);
#7286 = EDGE_LOOP('',(#7287,#7310,#7311,#7312));
#7287 = ORIENTED_EDGE('',*,*,#7288,.F.);
#7288 = EDGE_CURVE('',#7194,#7289,#7291,.T.);
#7289 = VERTEX_POINT('',#7290);
#7290 = CARTESIAN_POINT('',(3.33984375,11.330599415137,74.12));
#7291 = SURFACE_CURVE('',#7292,(#7296,#7303),.PCURVE_S1.);
#7292 = B_SPLINE_CURVE_WITH_KNOTS('',2,(#7293,#7294,#7295),
  .UNSPECIFIED.,.F.,.F.,(3,3),(0.,1.),.PIECEWISE_BEZIER_KNOTS.);
#7293 = CARTESIAN_POINT('',(-11.9091796875,1.750521290137,74.12));
#7294 = CARTESIAN_POINT('',(-8.26171875,11.330599415137,74.12));
#7295 = CARTESIAN_POINT('',(3.33984375,11.330599415137,74.12));
#7296 = PCURVE('',#2433,#7297);
#7297 = DEFINITIONAL_REPRESENTATION('',(#7298),#7302);
#7298 = LINE('',#7299,#7300);
#7299 = CARTESIAN_POINT('',(1.,0.));
#7300 = VECTOR('',#7301,1.);
#7301 = DIRECTION('',(-1.,0.));
#7302 = ( GEOMETRIC_REPRESENTATION_CONTEXT(2)
PARAMETRIC_REPRESENTATION_CONTEXT() REPRESENTATION_CONTEXT('2D SPACE',''
  ) );
#7303 = PCURVE('',#6920,#7304);
#7304 = DEFINITIONAL_REPRESENTATION('',(#7305),#7309);
#7305 = B_SPLINE_CURVE_WITH_KNOTS('',2,(#7306,#7307,#7308),
  .UNSPECIFIED.,.F.,.F.,(3,3),(0.,1.),.PIECEWISE_BEZIER_KNOTS.);
#7306 = CARTESIAN_POINT('',(5.390827816801,12.974613952637));
#7307 = CARTESIAN_POINT('',(9.038288754301,22.554692077637));
#7308 = CARTESIAN_POINT('',(20.639851254301,22.554692077637));
#7309 = ( GEOMETRIC_REPRESENTATION_CONTEXT(2)
PARAMETRIC_REPRESENTATION_CONTEXT() REPRESENTATION_CONTEXT('2D SPACE',''
  ) );
#7310 = ORIENTED_EDGE('',*,*,#7218,.T.);
#7311 = ORIENTED_EDGE('',*,*,#2359,.T.);
#7312 = ORIENTED_EDGE('',*,*,#7313,.F.);
#7313 = EDGE_CURVE('',#7289,#2360,#7314,.T.);
#7314 = SURFACE_CURVE('',#7315,(#7318,#7325),.PCURVE_S1.);
#7315 = B_SPLINE_CURVE_WITH_KNOTS('',1,(#7316,#7317),.UNSPECIFIED.,.F.,
  .F.,(2,2),(0.,1.),.PIECEWISE_BEZIER_KNOTS.);
#7316 = CARTESIAN_POINT('',(3.33984375,11.330599415137,74.12));
#7317 = CARTESIAN_POINT('',(3.36953125,11.539974455827,74.37));
#7318 = PCURVE('',#2433,#7319);
#7319 = DEFINITIONAL_REPRESENTATION('',(#7320),#7324);
#7320 = LINE('',#7321,#7322);
#7321 = CARTESIAN_POINT('',(0.,0.));
#7322 = VECTOR('',#7323,1.);
#7323 = DIRECTION('',(0.,1.));
#7324 = ( GEOMETRIC_REPRESENTATION_CONTEXT(2)
PARAMETRIC_REPRESENTATION_CONTEXT() REPRESENTATION_CONTEXT('2D SPACE',''
  ) );
#7325 = PCURVE('',#2530,#7326);
#7326 = DEFINITIONAL_REPRESENTATION('',(#7327),#7331);
#7327 = LINE('',#7328,#7329);
#7328 = CARTESIAN_POINT('',(1.,0.));
#7329 = VECTOR('',#7330,1.);
#7330 = DIRECTION('',(0.,1.));
#7331 = ( GEOMETRIC_REPRESENTATION_CONTEXT(2)
PARAMETRIC_REPRESENTATION_CONTEXT() REPRESENTATION_CONTEXT('2D SPACE',''
  ) );
#7332 = ADVANCED_FACE('',(#7333),#2649,.F.);
#7333 = FACE_BOUND('',#7334,.F.);
#7334 = EDGE_LOOP('',(#7335,#7336,#7358,#7378));
#7335 = ORIENTED_EDGE('',*,*,#7263,.F.);
#7336 = ORIENTED_EDGE('',*,*,#7337,.T.);
#7337 = EDGE_CURVE('',#7242,#7338,#7340,.T.);
#7338 = VERTEX_POINT('',#7339);
#7339 = CARTESIAN_POINT('',(22.8112695691,-11.2240926625,74.12));
#7340 = SURFACE_CURVE('',#7341,(#7345,#7351),.PCURVE_S1.);
#7341 = LINE('',#7342,#7343);
#7342 = CARTESIAN_POINT('',(63.0078125,-11.2240926625,74.12));
#7343 = VECTOR('',#7344,1.);
#7344 = DIRECTION('',(1.,-1.224646799147E-16,0.));
#7345 = PCURVE('',#2649,#7346);
#7346 = DEFINITIONAL_REPRESENTATION('',(#7347),#7350);
#7347 = B_SPLINE_CURVE_WITH_KNOTS('',1,(#7348,#7349),.UNSPECIFIED.,.F.,
  .F.,(2,2),(-48.90050417576,-40.1965429309),.PIECEWISE_BEZIER_KNOTS.);
#7348 = CARTESIAN_POINT('',(-48.89032299149,0.));
#7349 = CARTESIAN_POINT('',(-40.10902250402,0.));
#7350 = ( GEOMETRIC_REPRESENTATION_CONTEXT(2)
PARAMETRIC_REPRESENTATION_CONTEXT() REPRESENTATION_CONTEXT('2D SPACE',''
  ) );
#7351 = PCURVE('',#6920,#7352);
#7352 = DEFINITIONAL_REPRESENTATION('',(#7353),#7357);
#7353 = LINE('',#7354,#7355);
#7354 = CARTESIAN_POINT('',(80.307820004301,-1.269718812278E-15));
#7355 = VECTOR('',#7356,1.);
#7356 = DIRECTION('',(1.,-2.767857584274E-17));
#7357 = ( GEOMETRIC_REPRESENTATION_CONTEXT(2)
PARAMETRIC_REPRESENTATION_CONTEXT() REPRESENTATION_CONTEXT('2D SPACE',''
  ) );
#7358 = ORIENTED_EDGE('',*,*,#7359,.T.);
#7359 = EDGE_CURVE('',#7338,#2564,#7360,.T.);
#7360 = SURFACE_CURVE('',#7361,(#7364,#7371),.PCURVE_S1.);
#7361 = B_SPLINE_CURVE_WITH_KNOTS('',1,(#7362,#7363),.UNSPECIFIED.,.F.,
  .F.,(2,2),(0.,1.),.PIECEWISE_BEZIER_KNOTS.);
#7362 = CARTESIAN_POINT('',(22.8112695691,-11.2240926625,74.12));
#7363 = CARTESIAN_POINT('',(23.01441499598,-11.2240926625,74.37));
#7364 = PCURVE('',#2649,#7365);
#7365 = DEFINITIONAL_REPRESENTATION('',(#7366),#7370);
#7366 = LINE('',#7367,#7368);
#7367 = CARTESIAN_POINT('',(-40.10902250402,0.));
#7368 = VECTOR('',#7369,1.);
#7369 = DIRECTION('',(0.,1.));
#7370 = ( GEOMETRIC_REPRESENTATION_CONTEXT(2)
PARAMETRIC_REPRESENTATION_CONTEXT() REPRESENTATION_CONTEXT('2D SPACE',''
  ) );
#7371 = PCURVE('',#2607,#7372);
#7372 = DEFINITIONAL_REPRESENTATION('',(#7373),#7377);
#7373 = LINE('',#7374,#7375);
#7374 = CARTESIAN_POINT('',(0.,0.));
#7375 = VECTOR('',#7376,1.);
#7376 = DIRECTION('',(0.,1.));
#7377 = ( GEOMETRIC_REPRESENTATION_CONTEXT(2)
PARAMETRIC_REPRESENTATION_CONTEXT() REPRESENTATION_CONTEXT('2D SPACE',''
  ) );
#7378 = ORIENTED_EDGE('',*,*,#2635,.T.);
#7379 = ADVANCED_FACE('',(#7380),#2530,.F.);
#7380 = FACE_BOUND('',#7381,.F.);
#7381 = EDGE_LOOP('',(#7382,#7405,#7406,#7407));
#7382 = ORIENTED_EDGE('',*,*,#7383,.F.);
#7383 = EDGE_CURVE('',#7289,#7384,#7386,.T.);
#7384 = VERTEX_POINT('',#7385);
#7385 = CARTESIAN_POINT('',(17.490234375,4.738802540137,74.12));
#7386 = SURFACE_CURVE('',#7387,(#7391,#7398),.PCURVE_S1.);
#7387 = B_SPLINE_CURVE_WITH_KNOTS('',2,(#7388,#7389,#7390),
  .UNSPECIFIED.,.F.,.F.,(3,3),(0.,1.),.PIECEWISE_BEZIER_KNOTS.);
#7388 = CARTESIAN_POINT('',(3.33984375,11.330599415137,74.12));
#7389 = CARTESIAN_POINT('',(12.12890625,11.330599415137,74.12));
#7390 = CARTESIAN_POINT('',(17.490234375,4.738802540137,74.12));
#7391 = PCURVE('',#2530,#7392);
#7392 = DEFINITIONAL_REPRESENTATION('',(#7393),#7397);
#7393 = LINE('',#7394,#7395);
#7394 = CARTESIAN_POINT('',(1.,0.));
#7395 = VECTOR('',#7396,1.);
#7396 = DIRECTION('',(-1.,0.));
#7397 = ( GEOMETRIC_REPRESENTATION_CONTEXT(2)
PARAMETRIC_REPRESENTATION_CONTEXT() REPRESENTATION_CONTEXT('2D SPACE',''
  ) );
#7398 = PCURVE('',#6920,#7399);
#7399 = DEFINITIONAL_REPRESENTATION('',(#7400),#7404);
#7400 = B_SPLINE_CURVE_WITH_KNOTS('',2,(#7401,#7402,#7403),
  .UNSPECIFIED.,.F.,.F.,(3,3),(0.,1.),.PIECEWISE_BEZIER_KNOTS.);
#7401 = CARTESIAN_POINT('',(20.639851254301,22.554692077637));
#7402 = CARTESIAN_POINT('',(29.428913754301,22.554692077637));
#7403 = CARTESIAN_POINT('',(34.790241879301,15.962895202637));
#7404 = ( GEOMETRIC_REPRESENTATION_CONTEXT(2)
PARAMETRIC_REPRESENTATION_CONTEXT() REPRESENTATION_CONTEXT('2D SPACE',''
  ) );
#7405 = ORIENTED_EDGE('',*,*,#7313,.T.);
#7406 = ORIENTED_EDGE('',*,*,#2476,.T.);
#7407 = ORIENTED_EDGE('',*,*,#7408,.F.);
#7408 = EDGE_CURVE('',#7384,#2477,#7409,.T.);
#7409 = SURFACE_CURVE('',#7410,(#7413,#7420),.PCURVE_S1.);
#7410 = B_SPLINE_CURVE_WITH_KNOTS('',1,(#7411,#7412),.UNSPECIFIED.,.F.,
  .F.,(2,2),(0.,1.),.PIECEWISE_BEZIER_KNOTS.);
#7411 = CARTESIAN_POINT('',(17.490234375,4.738802540137,74.12));
#7412 = CARTESIAN_POINT('',(17.645703125,4.889583830827,74.37));
#7413 = PCURVE('',#2530,#7414);
#7414 = DEFINITIONAL_REPRESENTATION('',(#7415),#7419);
#7415 = LINE('',#7416,#7417);
#7416 = CARTESIAN_POINT('',(0.,0.));
#7417 = VECTOR('',#7418,1.);
#7418 = DIRECTION('',(0.,1.));
#7419 = ( GEOMETRIC_REPRESENTATION_CONTEXT(2)
PARAMETRIC_REPRESENTATION_CONTEXT() REPRESENTATION_CONTEXT('2D SPACE',''
  ) );
#7420 = PCURVE('',#2607,#7421);
#7421 = DEFINITIONAL_REPRESENTATION('',(#7422),#7426);
#7422 = LINE('',#7423,#7424);
#7423 = CARTESIAN_POINT('',(1.,0.));
#7424 = VECTOR('',#7425,1.);
#7425 = DIRECTION('',(0.,1.));
#7426 = ( GEOMETRIC_REPRESENTATION_CONTEXT(2)
PARAMETRIC_REPRESENTATION_CONTEXT() REPRESENTATION_CONTEXT('2D SPACE',''
  ) );
#7427 = ADVANCED_FACE('',(#7428),#2607,.F.);
#7428 = FACE_BOUND('',#7429,.F.);
#7429 = EDGE_LOOP('',(#7430,#7450,#7451,#7452));
#7430 = ORIENTED_EDGE('',*,*,#7431,.F.);
#7431 = EDGE_CURVE('',#7384,#7338,#7432,.T.);
#7432 = SURFACE_CURVE('',#7433,(#7437,#7443),.PCURVE_S1.);
#7433 = B_SPLINE_CURVE_WITH_KNOTS('',2,(#7434,#7435,#7436),
  .UNSPECIFIED.,.F.,.F.,(3,3),(0.,1.),.PIECEWISE_BEZIER_KNOTS.);
#7434 = CARTESIAN_POINT('',(17.490234375,4.738802540137,74.12));
#7435 = CARTESIAN_POINT('',(22.8515625,-1.852994334863,74.12));
#7436 = CARTESIAN_POINT('',(22.8515625,-13.14693964736,74.12));
#7437 = PCURVE('',#2607,#7438);
#7438 = DEFINITIONAL_REPRESENTATION('',(#7439),#7442);
#7439 = B_SPLINE_CURVE_WITH_KNOTS('',1,(#7440,#7441),.UNSPECIFIED.,.F.,
  .F.,(2,2),(0.,0.913308157039),.PIECEWISE_BEZIER_KNOTS.);
#7440 = CARTESIAN_POINT('',(1.,0.));
#7441 = CARTESIAN_POINT('',(0.,0.));
#7442 = ( GEOMETRIC_REPRESENTATION_CONTEXT(2)
PARAMETRIC_REPRESENTATION_CONTEXT() REPRESENTATION_CONTEXT('2D SPACE',''
  ) );
#7443 = PCURVE('',#6920,#7444);
#7444 = DEFINITIONAL_REPRESENTATION('',(#7445),#7449);
#7445 = B_SPLINE_CURVE_WITH_KNOTS('',2,(#7446,#7447,#7448),
  .UNSPECIFIED.,.F.,.F.,(3,3),(0.,1.),.PIECEWISE_BEZIER_KNOTS.);
#7446 = CARTESIAN_POINT('',(34.790241879301,15.962895202637));
#7447 = CARTESIAN_POINT('',(40.151570004301,9.371098327637));
#7448 = CARTESIAN_POINT('',(40.151570004301,-1.922846984863));
#7449 = ( GEOMETRIC_REPRESENTATION_CONTEXT(2)
PARAMETRIC_REPRESENTATION_CONTEXT() REPRESENTATION_CONTEXT('2D SPACE',''
  ) );
#7450 = ORIENTED_EDGE('',*,*,#7408,.T.);
#7451 = ORIENTED_EDGE('',*,*,#2563,.T.);
#7452 = ORIENTED_EDGE('',*,*,#7359,.F.);
#7453 = ADVANCED_FACE('',(#7454),#3201,.F.);
#7454 = FACE_BOUND('',#7455,.F.);
#7455 = EDGE_LOOP('',(#7456,#7457,#7477,#7478));
#7456 = ORIENTED_EDGE('',*,*,#5360,.F.);
#7457 = ORIENTED_EDGE('',*,*,#7458,.T.);
#7458 = EDGE_CURVE('',#5334,#5554,#7459,.T.);
#7459 = SURFACE_CURVE('',#7460,(#7464,#7470),.PCURVE_S1.);
#7460 = LINE('',#7461,#7462);
#7461 = CARTESIAN_POINT('',(-27.35,21.501814675,71.27));
#7462 = VECTOR('',#7463,1.);
#7463 = DIRECTION('',(0.,-1.,0.));
#7464 = PCURVE('',#3201,#7465);
#7465 = DEFINITIONAL_REPRESENTATION('',(#7466),#7469);
#7466 = B_SPLINE_CURVE_WITH_KNOTS('',1,(#7467,#7468),.UNSPECIFIED.,.F.,
  .F.,(2,2),(0.,2.4),.PIECEWISE_BEZIER_KNOTS.);
#7467 = CARTESIAN_POINT('',(0.,0.));
#7468 = CARTESIAN_POINT('',(8.4,0.));
#7469 = ( GEOMETRIC_REPRESENTATION_CONTEXT(2)
PARAMETRIC_REPRESENTATION_CONTEXT() REPRESENTATION_CONTEXT('2D SPACE',''
  ) );
#7470 = PCURVE('',#5348,#7471);
#7471 = DEFINITIONAL_REPRESENTATION('',(#7472),#7476);
#7472 = LINE('',#7473,#7474);
#7473 = CARTESIAN_POINT('',(1.697056274848,-1.697056274848));
#7474 = VECTOR('',#7475,1.);
#7475 = DIRECTION('',(-0.707106781187,0.707106781187));
#7476 = ( GEOMETRIC_REPRESENTATION_CONTEXT(2)
PARAMETRIC_REPRESENTATION_CONTEXT() REPRESENTATION_CONTEXT('2D SPACE',''
  ) );
#7477 = ORIENTED_EDGE('',*,*,#5553,.T.);
#7478 = ORIENTED_EDGE('',*,*,#3181,.T.);
#7479 = ADVANCED_FACE('',(#7480),#3110,.F.);
#7480 = FACE_BOUND('',#7481,.F.);
#7481 = EDGE_LOOP('',(#7482,#7483,#7503,#7504));
#7482 = ORIENTED_EDGE('',*,*,#5698,.F.);
#7483 = ORIENTED_EDGE('',*,*,#7484,.T.);
#7484 = EDGE_CURVE('',#5672,#5892,#7485,.T.);
#7485 = SURFACE_CURVE('',#7486,(#7490,#7496),.PCURVE_S1.);
#7486 = LINE('',#7487,#7488);
#7487 = CARTESIAN_POINT('',(-27.35,-43.55,71.27));
#7488 = VECTOR('',#7489,1.);
#7489 = DIRECTION('',(0.,-1.,0.));
#7490 = PCURVE('',#3110,#7491);
#7491 = DEFINITIONAL_REPRESENTATION('',(#7492),#7495);
#7492 = B_SPLINE_CURVE_WITH_KNOTS('',1,(#7493,#7494),.UNSPECIFIED.,.F.,
  .F.,(2,2),(0.,2.4),.PIECEWISE_BEZIER_KNOTS.);
#7493 = CARTESIAN_POINT('',(0.,0.));
#7494 = CARTESIAN_POINT('',(8.4,0.));
#7495 = ( GEOMETRIC_REPRESENTATION_CONTEXT(2)
PARAMETRIC_REPRESENTATION_CONTEXT() REPRESENTATION_CONTEXT('2D SPACE',''
  ) );
#7496 = PCURVE('',#5686,#7497);
#7497 = DEFINITIONAL_REPRESENTATION('',(#7498),#7502);
#7498 = LINE('',#7499,#7500);
#7499 = CARTESIAN_POINT('',(1.697056274848,-1.697056274848));
#7500 = VECTOR('',#7501,1.);
#7501 = DIRECTION('',(-0.707106781187,0.707106781187));
#7502 = ( GEOMETRIC_REPRESENTATION_CONTEXT(2)
PARAMETRIC_REPRESENTATION_CONTEXT() REPRESENTATION_CONTEXT('2D SPACE',''
  ) );
#7503 = ORIENTED_EDGE('',*,*,#5891,.T.);
#7504 = ORIENTED_EDGE('',*,*,#3090,.T.);
#7505 = ADVANCED_FACE('',(#7506),#3437,.F.);
#7506 = FACE_BOUND('',#7507,.F.);
#7507 = EDGE_LOOP('',(#7508,#7509,#7529,#7530));
#7508 = ORIENTED_EDGE('',*,*,#5624,.F.);
#7509 = ORIENTED_EDGE('',*,*,#7510,.T.);
#7510 = EDGE_CURVE('',#5603,#5386,#7511,.T.);
#7511 = SURFACE_CURVE('',#7512,(#7516,#7522),.PCURVE_S1.);
#7512 = LINE('',#7513,#7514);
#7513 = CARTESIAN_POINT('',(27.35,19.101814675,71.27));
#7514 = VECTOR('',#7515,1.);
#7515 = DIRECTION('',(0.,1.,0.));
#7516 = PCURVE('',#3437,#7517);
#7517 = DEFINITIONAL_REPRESENTATION('',(#7518),#7521);
#7518 = B_SPLINE_CURVE_WITH_KNOTS('',1,(#7519,#7520),.UNSPECIFIED.,.F.,
  .F.,(2,2),(0.,2.4),.PIECEWISE_BEZIER_KNOTS.);
#7519 = CARTESIAN_POINT('',(0.,0.));
#7520 = CARTESIAN_POINT('',(8.4,0.));
#7521 = ( GEOMETRIC_REPRESENTATION_CONTEXT(2)
PARAMETRIC_REPRESENTATION_CONTEXT() REPRESENTATION_CONTEXT('2D SPACE',''
  ) );
#7522 = PCURVE('',#5422,#7523);
#7523 = DEFINITIONAL_REPRESENTATION('',(#7524),#7528);
#7524 = LINE('',#7525,#7526);
#7525 = CARTESIAN_POINT('',(1.697056274848,1.697056274848));
#7526 = VECTOR('',#7527,1.);
#7527 = DIRECTION('',(0.707106781187,-0.707106781187));
#7528 = ( GEOMETRIC_REPRESENTATION_CONTEXT(2)
PARAMETRIC_REPRESENTATION_CONTEXT() REPRESENTATION_CONTEXT('2D SPACE',''
  ) );
#7529 = ORIENTED_EDGE('',*,*,#5385,.T.);
#7530 = ORIENTED_EDGE('',*,*,#3417,.T.);
#7531 = ADVANCED_FACE('',(#7532),#3346,.F.);
#7532 = FACE_BOUND('',#7533,.F.);
#7533 = EDGE_LOOP('',(#7534,#7535,#7555,#7556));
#7534 = ORIENTED_EDGE('',*,*,#5962,.F.);
#7535 = ORIENTED_EDGE('',*,*,#7536,.T.);
#7536 = EDGE_CURVE('',#5941,#5724,#7537,.T.);
#7537 = SURFACE_CURVE('',#7538,(#7542,#7548),.PCURVE_S1.);
#7538 = LINE('',#7539,#7540);
#7539 = CARTESIAN_POINT('',(27.35,-45.95,71.27));
#7540 = VECTOR('',#7541,1.);
#7541 = DIRECTION('',(0.,1.,0.));
#7542 = PCURVE('',#3346,#7543);
#7543 = DEFINITIONAL_REPRESENTATION('',(#7544),#7547);
#7544 = B_SPLINE_CURVE_WITH_KNOTS('',1,(#7545,#7546),.UNSPECIFIED.,.F.,
  .F.,(2,2),(0.,2.4),.PIECEWISE_BEZIER_KNOTS.);
#7545 = CARTESIAN_POINT('',(0.,0.));
#7546 = CARTESIAN_POINT('',(8.4,0.));
#7547 = ( GEOMETRIC_REPRESENTATION_CONTEXT(2)
PARAMETRIC_REPRESENTATION_CONTEXT() REPRESENTATION_CONTEXT('2D SPACE',''
  ) );
#7548 = PCURVE('',#5760,#7549);
#7549 = DEFINITIONAL_REPRESENTATION('',(#7550),#7554);
#7550 = LINE('',#7551,#7552);
#7551 = CARTESIAN_POINT('',(1.697056274848,1.697056274848));
#7552 = VECTOR('',#7553,1.);
#7553 = DIRECTION('',(0.707106781187,-0.707106781187));
#7554 = ( GEOMETRIC_REPRESENTATION_CONTEXT(2)
PARAMETRIC_REPRESENTATION_CONTEXT() REPRESENTATION_CONTEXT('2D SPACE',''
  ) );
#7555 = ORIENTED_EDGE('',*,*,#5723,.T.);
#7556 = ORIENTED_EDGE('',*,*,#3326,.T.);
#7557 = ADVANCED_FACE('',(#7558),#3711,.F.);
#7558 = FACE_BOUND('',#7559,.F.);
#7559 = EDGE_LOOP('',(#7560,#7580,#7581,#7582,#7602));
#7560 = ORIENTED_EDGE('',*,*,#7561,.F.);
#7561 = EDGE_CURVE('',#3886,#7562,#7564,.T.);
#7562 = VERTEX_POINT('',#7563);
#7563 = CARTESIAN_POINT('',(-34.2,19.843145750508,-70.3431457505));
#7564 = SURFACE_CURVE('',#7565,(#7568,#7574),.PCURVE_S1.);
#7565 = B_SPLINE_CURVE_WITH_KNOTS('',1,(#7566,#7567),.UNSPECIFIED.,.F.,
  .F.,(2,2),(0.,1.),.PIECEWISE_BEZIER_KNOTS.);
#7566 = CARTESIAN_POINT('',(-40.2,19.843145750508,-76.3431457505));
#7567 = CARTESIAN_POINT('',(-34.2,19.843145750508,-70.3431457505));
#7568 = PCURVE('',#3711,#7569);
#7569 = DEFINITIONAL_REPRESENTATION('',(#7570),#7573);
#7570 = B_SPLINE_CURVE_WITH_KNOTS('',1,(#7571,#7572),.UNSPECIFIED.,.F.,
  .F.,(2,2),(0.,1.),.PIECEWISE_BEZIER_KNOTS.);
#7571 = CARTESIAN_POINT('',(0.,0.));
#7572 = CARTESIAN_POINT('',(0.,-6.));
#7573 = ( GEOMETRIC_REPRESENTATION_CONTEXT(2)
PARAMETRIC_REPRESENTATION_CONTEXT() REPRESENTATION_CONTEXT('2D SPACE',''
  ) );
#7574 = PCURVE('',#4010,#7575);
#7575 = DEFINITIONAL_REPRESENTATION('',(#7576),#7579);
#7576 = B_SPLINE_CURVE_WITH_KNOTS('',1,(#7577,#7578),.UNSPECIFIED.,.F.,
  .F.,(2,2),(0.,1.),.PIECEWISE_BEZIER_KNOTS.);
#7577 = CARTESIAN_POINT('',(47.686291501015,-8.485281374239));
#7578 = CARTESIAN_POINT('',(47.686291501015,0.));
#7579 = ( GEOMETRIC_REPRESENTATION_CONTEXT(2)
PARAMETRIC_REPRESENTATION_CONTEXT() REPRESENTATION_CONTEXT('2D SPACE',''
  ) );
#7580 = ORIENTED_EDGE('',*,*,#3885,.F.);
#7581 = ORIENTED_EDGE('',*,*,#3694,.T.);
#7582 = ORIENTED_EDGE('',*,*,#7583,.T.);
#7583 = EDGE_CURVE('',#3669,#7584,#7586,.T.);
#7584 = VERTEX_POINT('',#7585);
#7585 = CARTESIAN_POINT('',(-34.2,27.843145750508,-62.3431457505));
#7586 = SURFACE_CURVE('',#7587,(#7590,#7596),.PCURVE_S1.);
#7587 = B_SPLINE_CURVE_WITH_KNOTS('',1,(#7588,#7589),.UNSPECIFIED.,.F.,
  .F.,(2,2),(0.,1.),.PIECEWISE_BEZIER_KNOTS.);
#7588 = CARTESIAN_POINT('',(-40.2,33.843145750508,-62.3431457505));
#7589 = CARTESIAN_POINT('',(-34.2,27.843145750508,-62.3431457505));
#7590 = PCURVE('',#3711,#7591);
#7591 = DEFINITIONAL_REPRESENTATION('',(#7592),#7595);
#7592 = B_SPLINE_CURVE_WITH_KNOTS('',1,(#7593,#7594),.UNSPECIFIED.,.F.,
  .F.,(2,2),(0.,1.),.PIECEWISE_BEZIER_KNOTS.);
#7593 = CARTESIAN_POINT('',(-1.570796326795,0.));
#7594 = CARTESIAN_POINT('',(-1.570796326795,-6.));
#7595 = ( GEOMETRIC_REPRESENTATION_CONTEXT(2)
PARAMETRIC_REPRESENTATION_CONTEXT() REPRESENTATION_CONTEXT('2D SPACE',''
  ) );
#7596 = PCURVE('',#3683,#7597);
#7597 = DEFINITIONAL_REPRESENTATION('',(#7598),#7601);
#7598 = B_SPLINE_CURVE_WITH_KNOTS('',1,(#7599,#7600),.UNSPECIFIED.,.F.,
  .F.,(2,2),(0.,1.),.PIECEWISE_BEZIER_KNOTS.);
#7599 = CARTESIAN_POINT('',(8.,-8.485281374239));
#7600 = CARTESIAN_POINT('',(8.,0.));
#7601 = ( GEOMETRIC_REPRESENTATION_CONTEXT(2)
PARAMETRIC_REPRESENTATION_CONTEXT() REPRESENTATION_CONTEXT('2D SPACE',''
  ) );
#7602 = ORIENTED_EDGE('',*,*,#7603,.F.);
#7603 = EDGE_CURVE('',#7562,#7584,#7604,.T.);
#7604 = SURFACE_CURVE('',#7605,(#7610,#7617),.PCURVE_S1.);
#7605 = CIRCLE('',#7606,8.);
#7606 = AXIS2_PLACEMENT_3D('',#7607,#7608,#7609);
#7607 = CARTESIAN_POINT('',(-34.2,19.843145750508,-62.3431457505));
#7608 = DIRECTION('',(1.,-0.,0.));
#7609 = DIRECTION('',(0.,0.,-1.));
#7610 = PCURVE('',#3711,#7611);
#7611 = DEFINITIONAL_REPRESENTATION('',(#7612),#7616);
#7612 = LINE('',#7613,#7614);
#7613 = CARTESIAN_POINT('',(-0.,-6.));
#7614 = VECTOR('',#7615,1.);
#7615 = DIRECTION('',(-1.,-0.));
#7616 = ( GEOMETRIC_REPRESENTATION_CONTEXT(2)
PARAMETRIC_REPRESENTATION_CONTEXT() REPRESENTATION_CONTEXT('2D SPACE',''
  ) );
#7617 = PCURVE('',#7618,#7623);
#7618 = CYLINDRICAL_SURFACE('',#7619,8.);
#7619 = AXIS2_PLACEMENT_3D('',#7620,#7621,#7622);
#7620 = CARTESIAN_POINT('',(-34.2,19.843145750508,-62.3431457505));
#7621 = DIRECTION('',(-1.,0.,-0.));
#7622 = DIRECTION('',(0.,0.,-1.));
#7623 = DEFINITIONAL_REPRESENTATION('',(#7624),#7627);
#7624 = B_SPLINE_CURVE_WITH_KNOTS('',1,(#7625,#7626),.UNSPECIFIED.,.F.,
  .F.,(2,2),(0.,1.570796326795),.PIECEWISE_BEZIER_KNOTS.);
#7625 = CARTESIAN_POINT('',(0.,0.));
#7626 = CARTESIAN_POINT('',(-1.570796326795,0.));
#7627 = ( GEOMETRIC_REPRESENTATION_CONTEXT(2)
PARAMETRIC_REPRESENTATION_CONTEXT() REPRESENTATION_CONTEXT('2D SPACE',''
  ) );
#7628 = ADVANCED_FACE('',(#7629),#3683,.F.);
#7629 = FACE_BOUND('',#7630,.F.);
#7630 = EDGE_LOOP('',(#7631,#7632,#7633,#7653));
#7631 = ORIENTED_EDGE('',*,*,#7583,.F.);
#7632 = ORIENTED_EDGE('',*,*,#3668,.T.);
#7633 = ORIENTED_EDGE('',*,*,#7634,.T.);
#7634 = EDGE_CURVE('',#3640,#7635,#7637,.T.);
#7635 = VERTEX_POINT('',#7636);
#7636 = CARTESIAN_POINT('',(-34.2,27.843145750508,-1.7));
#7637 = SURFACE_CURVE('',#7638,(#7641,#7647),.PCURVE_S1.);
#7638 = B_SPLINE_CURVE_WITH_KNOTS('',1,(#7639,#7640),.UNSPECIFIED.,.F.,
  .F.,(2,2),(0.,1.),.PIECEWISE_BEZIER_KNOTS.);
#7639 = CARTESIAN_POINT('',(-40.2,33.843145750508,-1.7));
#7640 = CARTESIAN_POINT('',(-34.2,27.843145750508,-1.7));
#7641 = PCURVE('',#3683,#7642);
#7642 = DEFINITIONAL_REPRESENTATION('',(#7643),#7646);
#7643 = B_SPLINE_CURVE_WITH_KNOTS('',1,(#7644,#7645),.UNSPECIFIED.,.F.,
  .F.,(2,2),(0.,1.),.PIECEWISE_BEZIER_KNOTS.);
#7644 = CARTESIAN_POINT('',(68.643145750508,-8.485281374239));
#7645 = CARTESIAN_POINT('',(68.643145750508,0.));
#7646 = ( GEOMETRIC_REPRESENTATION_CONTEXT(2)
PARAMETRIC_REPRESENTATION_CONTEXT() REPRESENTATION_CONTEXT('2D SPACE',''
  ) );
#7647 = PCURVE('',#3656,#7648);
#7648 = DEFINITIONAL_REPRESENTATION('',(#7649),#7652);
#7649 = B_SPLINE_CURVE_WITH_KNOTS('',1,(#7650,#7651),.UNSPECIFIED.,.F.,
  .F.,(2,2),(0.,1.),.PIECEWISE_BEZIER_KNOTS.);
#7650 = CARTESIAN_POINT('',(-1.570796326795,0.));
#7651 = CARTESIAN_POINT('',(-1.570796326795,-6.));
#7652 = ( GEOMETRIC_REPRESENTATION_CONTEXT(2)
PARAMETRIC_REPRESENTATION_CONTEXT() REPRESENTATION_CONTEXT('2D SPACE',''
  ) );
#7653 = ORIENTED_EDGE('',*,*,#7654,.F.);
#7654 = EDGE_CURVE('',#7584,#7635,#7655,.T.);
#7655 = SURFACE_CURVE('',#7656,(#7660,#7667),.PCURVE_S1.);
#7656 = LINE('',#7657,#7658);
#7657 = CARTESIAN_POINT('',(-34.2,27.843145750508,-70.3431457505));
#7658 = VECTOR('',#7659,1.);
#7659 = DIRECTION('',(0.,0.,1.));
#7660 = PCURVE('',#3683,#7661);
#7661 = DEFINITIONAL_REPRESENTATION('',(#7662),#7666);
#7662 = LINE('',#7663,#7664);
#7663 = CARTESIAN_POINT('',(0.,0.));
#7664 = VECTOR('',#7665,1.);
#7665 = DIRECTION('',(1.,0.));
#7666 = ( GEOMETRIC_REPRESENTATION_CONTEXT(2)
PARAMETRIC_REPRESENTATION_CONTEXT() REPRESENTATION_CONTEXT('2D SPACE',''
  ) );
#7667 = PCURVE('',#7668,#7673);
#7668 = PLANE('',#7669);
#7669 = AXIS2_PLACEMENT_3D('',#7670,#7671,#7672);
#7670 = CARTESIAN_POINT('',(-34.2,27.843145750508,-62.3431457505));
#7671 = DIRECTION('',(0.,-1.,0.));
#7672 = DIRECTION('',(0.,0.,1.));
#7673 = DEFINITIONAL_REPRESENTATION('',(#7674),#7678);
#7674 = LINE('',#7675,#7676);
#7675 = CARTESIAN_POINT('',(-8.,0.));
#7676 = VECTOR('',#7677,1.);
#7677 = DIRECTION('',(1.,0.));
#7678 = ( GEOMETRIC_REPRESENTATION_CONTEXT(2)
PARAMETRIC_REPRESENTATION_CONTEXT() REPRESENTATION_CONTEXT('2D SPACE',''
  ) );
#7679 = ADVANCED_FACE('',(#7680),#3656,.F.);
#7680 = FACE_BOUND('',#7681,.F.);
#7681 = EDGE_LOOP('',(#7682,#7683,#7684,#7704));
#7682 = ORIENTED_EDGE('',*,*,#7634,.F.);
#7683 = ORIENTED_EDGE('',*,*,#3639,.T.);
#7684 = ORIENTED_EDGE('',*,*,#7685,.T.);
#7685 = EDGE_CURVE('',#3614,#7686,#7688,.T.);
#7686 = VERTEX_POINT('',#7687);
#7687 = CARTESIAN_POINT('',(-34.2,19.843145750508,6.3));
#7688 = SURFACE_CURVE('',#7689,(#7692,#7698),.PCURVE_S1.);
#7689 = B_SPLINE_CURVE_WITH_KNOTS('',1,(#7690,#7691),.UNSPECIFIED.,.F.,
  .F.,(2,2),(0.,1.),.PIECEWISE_BEZIER_KNOTS.);
#7690 = CARTESIAN_POINT('',(-40.2,19.843145750508,12.3));
#7691 = CARTESIAN_POINT('',(-34.2,19.843145750508,6.3));
#7692 = PCURVE('',#3656,#7693);
#7693 = DEFINITIONAL_REPRESENTATION('',(#7694),#7697);
#7694 = B_SPLINE_CURVE_WITH_KNOTS('',1,(#7695,#7696),.UNSPECIFIED.,.F.,
  .F.,(2,2),(0.,1.),.PIECEWISE_BEZIER_KNOTS.);
#7695 = CARTESIAN_POINT('',(-3.14159265359,0.));
#7696 = CARTESIAN_POINT('',(-3.14159265359,-6.));
#7697 = ( GEOMETRIC_REPRESENTATION_CONTEXT(2)
PARAMETRIC_REPRESENTATION_CONTEXT() REPRESENTATION_CONTEXT('2D SPACE',''
  ) );
#7698 = PCURVE('',#3628,#7699);
#7699 = DEFINITIONAL_REPRESENTATION('',(#7700),#7703);
#7700 = B_SPLINE_CURVE_WITH_KNOTS('',1,(#7701,#7702),.UNSPECIFIED.,.F.,
  .F.,(2,2),(0.,1.),.PIECEWISE_BEZIER_KNOTS.);
#7701 = CARTESIAN_POINT('',(8.,-8.485281374239));
#7702 = CARTESIAN_POINT('',(8.,0.));
#7703 = ( GEOMETRIC_REPRESENTATION_CONTEXT(2)
PARAMETRIC_REPRESENTATION_CONTEXT() REPRESENTATION_CONTEXT('2D SPACE',''
  ) );
#7704 = ORIENTED_EDGE('',*,*,#7705,.F.);
#7705 = EDGE_CURVE('',#7635,#7686,#7706,.T.);
#7706 = SURFACE_CURVE('',#7707,(#7712,#7719),.PCURVE_S1.);
#7707 = CIRCLE('',#7708,8.);
#7708 = AXIS2_PLACEMENT_3D('',#7709,#7710,#7711);
#7709 = CARTESIAN_POINT('',(-34.2,19.843145750508,-1.7));
#7710 = DIRECTION('',(1.,-0.,0.));
#7711 = DIRECTION('',(0.,0.,-1.));
#7712 = PCURVE('',#3656,#7713);
#7713 = DEFINITIONAL_REPRESENTATION('',(#7714),#7718);
#7714 = LINE('',#7715,#7716);
#7715 = CARTESIAN_POINT('',(-0.,-6.));
#7716 = VECTOR('',#7717,1.);
#7717 = DIRECTION('',(-1.,-0.));
#7718 = ( GEOMETRIC_REPRESENTATION_CONTEXT(2)
PARAMETRIC_REPRESENTATION_CONTEXT() REPRESENTATION_CONTEXT('2D SPACE',''
  ) );
#7719 = PCURVE('',#7720,#7725);
#7720 = CYLINDRICAL_SURFACE('',#7721,8.);
#7721 = AXIS2_PLACEMENT_3D('',#7722,#7723,#7724);
#7722 = CARTESIAN_POINT('',(-34.2,19.843145750508,-1.7));
#7723 = DIRECTION('',(-1.,0.,-0.));
#7724 = DIRECTION('',(0.,0.,-1.));
#7725 = DEFINITIONAL_REPRESENTATION('',(#7726),#7729);
#7726 = B_SPLINE_CURVE_WITH_KNOTS('',1,(#7727,#7728),.UNSPECIFIED.,.F.,
  .F.,(2,2),(1.570796326795,3.14159265359),.PIECEWISE_BEZIER_KNOTS.);
#7727 = CARTESIAN_POINT('',(-1.570796326795,0.));
#7728 = CARTESIAN_POINT('',(-3.14159265359,0.));
#7729 = ( GEOMETRIC_REPRESENTATION_CONTEXT(2)
PARAMETRIC_REPRESENTATION_CONTEXT() REPRESENTATION_CONTEXT('2D SPACE',''
  ) );
#7730 = ADVANCED_FACE('',(#7731),#3628,.F.);
#7731 = FACE_BOUND('',#7732,.F.);
#7732 = EDGE_LOOP('',(#7733,#7734,#7735,#7755,#7783,#7811));
#7733 = ORIENTED_EDGE('',*,*,#7685,.F.);
#7734 = ORIENTED_EDGE('',*,*,#3613,.T.);
#7735 = ORIENTED_EDGE('',*,*,#7736,.T.);
#7736 = EDGE_CURVE('',#3585,#7737,#7739,.T.);
#7737 = VERTEX_POINT('',#7738);
#7738 = CARTESIAN_POINT('',(-34.2,-19.8431457505,6.3));
#7739 = SURFACE_CURVE('',#7740,(#7743,#7749),.PCURVE_S1.);
#7740 = B_SPLINE_CURVE_WITH_KNOTS('',1,(#7741,#7742),.UNSPECIFIED.,.F.,
  .F.,(2,2),(0.,1.),.PIECEWISE_BEZIER_KNOTS.);
#7741 = CARTESIAN_POINT('',(-40.2,-19.8431457505,12.3));
#7742 = CARTESIAN_POINT('',(-34.2,-19.8431457505,6.3));
#7743 = PCURVE('',#3628,#7744);
#7744 = DEFINITIONAL_REPRESENTATION('',(#7745),#7748);
#7745 = B_SPLINE_CURVE_WITH_KNOTS('',1,(#7746,#7747),.UNSPECIFIED.,.F.,
  .F.,(2,2),(0.,1.),.PIECEWISE_BEZIER_KNOTS.);
#7746 = CARTESIAN_POINT('',(47.686291501015,-8.485281374239));
#7747 = CARTESIAN_POINT('',(47.686291501015,0.));
#7748 = ( GEOMETRIC_REPRESENTATION_CONTEXT(2)
PARAMETRIC_REPRESENTATION_CONTEXT() REPRESENTATION_CONTEXT('2D SPACE',''
  ) );
#7749 = PCURVE('',#3601,#7750);
#7750 = DEFINITIONAL_REPRESENTATION('',(#7751),#7754);
#7751 = B_SPLINE_CURVE_WITH_KNOTS('',1,(#7752,#7753),.UNSPECIFIED.,.F.,
  .F.,(2,2),(0.,1.),.PIECEWISE_BEZIER_KNOTS.);
#7752 = CARTESIAN_POINT('',(-3.14159265359,0.));
#7753 = CARTESIAN_POINT('',(-3.14159265359,-6.));
#7754 = ( GEOMETRIC_REPRESENTATION_CONTEXT(2)
PARAMETRIC_REPRESENTATION_CONTEXT() REPRESENTATION_CONTEXT('2D SPACE',''
  ) );
#7755 = ORIENTED_EDGE('',*,*,#7756,.F.);
#7756 = EDGE_CURVE('',#7757,#7737,#7759,.T.);
#7757 = VERTEX_POINT('',#7758);
#7758 = CARTESIAN_POINT('',(-34.2,-3.051229260479,6.3));
#7759 = SURFACE_CURVE('',#7760,(#7764,#7771),.PCURVE_S1.);
#7760 = LINE('',#7761,#7762);
#7761 = CARTESIAN_POINT('',(-34.2,27.843145750508,6.3));
#7762 = VECTOR('',#7763,1.);
#7763 = DIRECTION('',(0.,-1.,0.));
#7764 = PCURVE('',#3628,#7765);
#7765 = DEFINITIONAL_REPRESENTATION('',(#7766),#7770);
#7766 = LINE('',#7767,#7768);
#7767 = CARTESIAN_POINT('',(0.,0.));
#7768 = VECTOR('',#7769,1.);
#7769 = DIRECTION('',(1.,0.));
#7770 = ( GEOMETRIC_REPRESENTATION_CONTEXT(2)
PARAMETRIC_REPRESENTATION_CONTEXT() REPRESENTATION_CONTEXT('2D SPACE',''
  ) );
#7771 = PCURVE('',#7772,#7777);
#7772 = PLANE('',#7773);
#7773 = AXIS2_PLACEMENT_3D('',#7774,#7775,#7776);
#7774 = CARTESIAN_POINT('',(-34.2,19.843145750508,6.3));
#7775 = DIRECTION('',(0.,0.,-1.));
#7776 = DIRECTION('',(0.,-1.,0.));
#7777 = DEFINITIONAL_REPRESENTATION('',(#7778),#7782);
#7778 = LINE('',#7779,#7780);
#7779 = CARTESIAN_POINT('',(-8.,-0.));
#7780 = VECTOR('',#7781,1.);
#7781 = DIRECTION('',(1.,0.));
#7782 = ( GEOMETRIC_REPRESENTATION_CONTEXT(2)
PARAMETRIC_REPRESENTATION_CONTEXT() REPRESENTATION_CONTEXT('2D SPACE',''
  ) );
#7783 = ORIENTED_EDGE('',*,*,#7784,.F.);
#7784 = EDGE_CURVE('',#7785,#7757,#7787,.T.);
#7785 = VERTEX_POINT('',#7786);
#7786 = CARTESIAN_POINT('',(-34.2,3.051229260478,6.3));
#7787 = SURFACE_CURVE('',#7788,(#7792,#7799),.PCURVE_S1.);
#7788 = LINE('',#7789,#7790);
#7789 = CARTESIAN_POINT('',(-34.2,27.843145750508,6.3));
#7790 = VECTOR('',#7791,1.);
#7791 = DIRECTION('',(0.,-1.,0.));
#7792 = PCURVE('',#3628,#7793);
#7793 = DEFINITIONAL_REPRESENTATION('',(#7794),#7798);
#7794 = LINE('',#7795,#7796);
#7795 = CARTESIAN_POINT('',(0.,0.));
#7796 = VECTOR('',#7797,1.);
#7797 = DIRECTION('',(1.,0.));
#7798 = ( GEOMETRIC_REPRESENTATION_CONTEXT(2)
PARAMETRIC_REPRESENTATION_CONTEXT() REPRESENTATION_CONTEXT('2D SPACE',''
  ) );
#7799 = PCURVE('',#7800,#7805);
#7800 = PLANE('',#7801);
#7801 = AXIS2_PLACEMENT_3D('',#7802,#7803,#7804);
#7802 = CARTESIAN_POINT('',(-34.2,0.,0.));
#7803 = DIRECTION('',(1.,0.,0.));
#7804 = DIRECTION('',(0.,1.,0.));
#7805 = DEFINITIONAL_REPRESENTATION('',(#7806),#7810);
#7806 = LINE('',#7807,#7808);
#7807 = CARTESIAN_POINT('',(27.843145750508,6.3));
#7808 = VECTOR('',#7809,1.);
#7809 = DIRECTION('',(-1.,0.));
#7810 = ( GEOMETRIC_REPRESENTATION_CONTEXT(2)
PARAMETRIC_REPRESENTATION_CONTEXT() REPRESENTATION_CONTEXT('2D SPACE',''
  ) );
#7811 = ORIENTED_EDGE('',*,*,#7812,.F.);
#7812 = EDGE_CURVE('',#7686,#7785,#7813,.T.);
#7813 = SURFACE_CURVE('',#7814,(#7818,#7825),.PCURVE_S1.);
#7814 = LINE('',#7815,#7816);
#7815 = CARTESIAN_POINT('',(-34.2,27.843145750508,6.3));
#7816 = VECTOR('',#7817,1.);
#7817 = DIRECTION('',(0.,-1.,0.));
#7818 = PCURVE('',#3628,#7819);
#7819 = DEFINITIONAL_REPRESENTATION('',(#7820),#7824);
#7820 = LINE('',#7821,#7822);
#7821 = CARTESIAN_POINT('',(0.,0.));
#7822 = VECTOR('',#7823,1.);
#7823 = DIRECTION('',(1.,0.));
#7824 = ( GEOMETRIC_REPRESENTATION_CONTEXT(2)
PARAMETRIC_REPRESENTATION_CONTEXT() REPRESENTATION_CONTEXT('2D SPACE',''
  ) );
#7825 = PCURVE('',#7826,#7831);
#7826 = PLANE('',#7827);
#7827 = AXIS2_PLACEMENT_3D('',#7828,#7829,#7830);
#7828 = CARTESIAN_POINT('',(-34.2,19.843145750508,6.3));
#7829 = DIRECTION('',(0.,0.,-1.));
#7830 = DIRECTION('',(0.,-1.,0.));
#7831 = DEFINITIONAL_REPRESENTATION('',(#7832),#7836);
#7832 = LINE('',#7833,#7834);
#7833 = CARTESIAN_POINT('',(-8.,-0.));
#7834 = VECTOR('',#7835,1.);
#7835 = DIRECTION('',(1.,0.));
#7836 = ( GEOMETRIC_REPRESENTATION_CONTEXT(2)
PARAMETRIC_REPRESENTATION_CONTEXT() REPRESENTATION_CONTEXT('2D SPACE',''
  ) );
#7837 = ADVANCED_FACE('',(#7838),#3601,.F.);
#7838 = FACE_BOUND('',#7839,.F.);
#7839 = EDGE_LOOP('',(#7840,#7841,#7842,#7862));
#7840 = ORIENTED_EDGE('',*,*,#7736,.F.);
#7841 = ORIENTED_EDGE('',*,*,#3584,.T.);
#7842 = ORIENTED_EDGE('',*,*,#7843,.T.);
#7843 = EDGE_CURVE('',#3559,#7844,#7846,.T.);
#7844 = VERTEX_POINT('',#7845);
#7845 = CARTESIAN_POINT('',(-34.2,-27.8431457505,-1.7));
#7846 = SURFACE_CURVE('',#7847,(#7850,#7856),.PCURVE_S1.);
#7847 = B_SPLINE_CURVE_WITH_KNOTS('',1,(#7848,#7849),.UNSPECIFIED.,.F.,
  .F.,(2,2),(0.,1.),.PIECEWISE_BEZIER_KNOTS.);
#7848 = CARTESIAN_POINT('',(-40.2,-33.8431457505,-1.7));
#7849 = CARTESIAN_POINT('',(-34.2,-27.8431457505,-1.7));
#7850 = PCURVE('',#3601,#7851);
#7851 = DEFINITIONAL_REPRESENTATION('',(#7852),#7855);
#7852 = B_SPLINE_CURVE_WITH_KNOTS('',1,(#7853,#7854),.UNSPECIFIED.,.F.,
  .F.,(2,2),(0.,1.),.PIECEWISE_BEZIER_KNOTS.);
#7853 = CARTESIAN_POINT('',(-4.712388980385,0.));
#7854 = CARTESIAN_POINT('',(-4.712388980385,-6.));
#7855 = ( GEOMETRIC_REPRESENTATION_CONTEXT(2)
PARAMETRIC_REPRESENTATION_CONTEXT() REPRESENTATION_CONTEXT('2D SPACE',''
  ) );
#7856 = PCURVE('',#3573,#7857);
#7857 = DEFINITIONAL_REPRESENTATION('',(#7858),#7861);
#7858 = B_SPLINE_CURVE_WITH_KNOTS('',1,(#7859,#7860),.UNSPECIFIED.,.F.,
  .F.,(2,2),(0.,1.),.PIECEWISE_BEZIER_KNOTS.);
#7859 = CARTESIAN_POINT('',(8.,-8.485281374239));
#7860 = CARTESIAN_POINT('',(8.,0.));
#7861 = ( GEOMETRIC_REPRESENTATION_CONTEXT(2)
PARAMETRIC_REPRESENTATION_CONTEXT() REPRESENTATION_CONTEXT('2D SPACE',''
  ) );
#7862 = ORIENTED_EDGE('',*,*,#7863,.F.);
#7863 = EDGE_CURVE('',#7737,#7844,#7864,.T.);
#7864 = SURFACE_CURVE('',#7865,(#7870,#7877),.PCURVE_S1.);
#7865 = CIRCLE('',#7866,8.);
#7866 = AXIS2_PLACEMENT_3D('',#7867,#7868,#7869);
#7867 = CARTESIAN_POINT('',(-34.2,-19.8431457505,-1.7));
#7868 = DIRECTION('',(1.,-0.,0.));
#7869 = DIRECTION('',(0.,0.,-1.));
#7870 = PCURVE('',#3601,#7871);
#7871 = DEFINITIONAL_REPRESENTATION('',(#7872),#7876);
#7872 = LINE('',#7873,#7874);
#7873 = CARTESIAN_POINT('',(-0.,-6.));
#7874 = VECTOR('',#7875,1.);
#7875 = DIRECTION('',(-1.,-0.));
#7876 = ( GEOMETRIC_REPRESENTATION_CONTEXT(2)
PARAMETRIC_REPRESENTATION_CONTEXT() REPRESENTATION_CONTEXT('2D SPACE',''
  ) );
#7877 = PCURVE('',#7878,#7883);
#7878 = CYLINDRICAL_SURFACE('',#7879,8.);
#7879 = AXIS2_PLACEMENT_3D('',#7880,#7881,#7882);
#7880 = CARTESIAN_POINT('',(-34.2,-19.8431457505,-1.7));
#7881 = DIRECTION('',(-1.,0.,-0.));
#7882 = DIRECTION('',(0.,0.,-1.));
#7883 = DEFINITIONAL_REPRESENTATION('',(#7884),#7887);
#7884 = B_SPLINE_CURVE_WITH_KNOTS('',1,(#7885,#7886),.UNSPECIFIED.,.F.,
  .F.,(2,2),(3.14159265359,4.712388980385),.PIECEWISE_BEZIER_KNOTS.);
#7885 = CARTESIAN_POINT('',(-3.14159265359,0.));
#7886 = CARTESIAN_POINT('',(-4.712388980385,0.));
#7887 = ( GEOMETRIC_REPRESENTATION_CONTEXT(2)
PARAMETRIC_REPRESENTATION_CONTEXT() REPRESENTATION_CONTEXT('2D SPACE',''
  ) );
#7888 = ADVANCED_FACE('',(#7889),#3573,.F.);
#7889 = FACE_BOUND('',#7890,.F.);
#7890 = EDGE_LOOP('',(#7891,#7892,#7893,#7913));
#7891 = ORIENTED_EDGE('',*,*,#7843,.F.);
#7892 = ORIENTED_EDGE('',*,*,#3558,.T.);
#7893 = ORIENTED_EDGE('',*,*,#7894,.T.);
#7894 = EDGE_CURVE('',#3530,#7895,#7897,.T.);
#7895 = VERTEX_POINT('',#7896);
#7896 = CARTESIAN_POINT('',(-34.2,-27.8431457505,-62.3431457505));
#7897 = SURFACE_CURVE('',#7898,(#7901,#7907),.PCURVE_S1.);
#7898 = B_SPLINE_CURVE_WITH_KNOTS('',1,(#7899,#7900),.UNSPECIFIED.,.F.,
  .F.,(2,2),(0.,1.),.PIECEWISE_BEZIER_KNOTS.);
#7899 = CARTESIAN_POINT('',(-40.2,-33.8431457505,-62.3431457505));
#7900 = CARTESIAN_POINT('',(-34.2,-27.8431457505,-62.3431457505));
#7901 = PCURVE('',#3573,#7902);
#7902 = DEFINITIONAL_REPRESENTATION('',(#7903),#7906);
#7903 = B_SPLINE_CURVE_WITH_KNOTS('',1,(#7904,#7905),.UNSPECIFIED.,.F.,
  .F.,(2,2),(0.,1.),.PIECEWISE_BEZIER_KNOTS.);
#7904 = CARTESIAN_POINT('',(68.643145750508,-8.485281374239));
#7905 = CARTESIAN_POINT('',(68.643145750508,0.));
#7906 = ( GEOMETRIC_REPRESENTATION_CONTEXT(2)
PARAMETRIC_REPRESENTATION_CONTEXT() REPRESENTATION_CONTEXT('2D SPACE',''
  ) );
#7907 = PCURVE('',#3546,#7908);
#7908 = DEFINITIONAL_REPRESENTATION('',(#7909),#7912);
#7909 = B_SPLINE_CURVE_WITH_KNOTS('',1,(#7910,#7911),.UNSPECIFIED.,.F.,
  .F.,(2,2),(0.,1.),.PIECEWISE_BEZIER_KNOTS.);
#7910 = CARTESIAN_POINT('',(-4.712388980385,0.));
#7911 = CARTESIAN_POINT('',(-4.712388980385,-6.));
#7912 = ( GEOMETRIC_REPRESENTATION_CONTEXT(2)
PARAMETRIC_REPRESENTATION_CONTEXT() REPRESENTATION_CONTEXT('2D SPACE',''
  ) );
#7913 = ORIENTED_EDGE('',*,*,#7914,.F.);
#7914 = EDGE_CURVE('',#7844,#7895,#7915,.T.);
#7915 = SURFACE_CURVE('',#7916,(#7920,#7927),.PCURVE_S1.);
#7916 = LINE('',#7917,#7918);
#7917 = CARTESIAN_POINT('',(-34.2,-27.8431457505,6.3));
#7918 = VECTOR('',#7919,1.);
#7919 = DIRECTION('',(0.,0.,-1.));
#7920 = PCURVE('',#3573,#7921);
#7921 = DEFINITIONAL_REPRESENTATION('',(#7922),#7926);
#7922 = LINE('',#7923,#7924);
#7923 = CARTESIAN_POINT('',(0.,0.));
#7924 = VECTOR('',#7925,1.);
#7925 = DIRECTION('',(1.,0.));
#7926 = ( GEOMETRIC_REPRESENTATION_CONTEXT(2)
PARAMETRIC_REPRESENTATION_CONTEXT() REPRESENTATION_CONTEXT('2D SPACE',''
  ) );
#7927 = PCURVE('',#7928,#7933);
#7928 = PLANE('',#7929);
#7929 = AXIS2_PLACEMENT_3D('',#7930,#7931,#7932);
#7930 = CARTESIAN_POINT('',(-34.2,-27.8431457505,-1.7));
#7931 = DIRECTION('',(-0.,1.,0.));
#7932 = DIRECTION('',(0.,0.,-1.));
#7933 = DEFINITIONAL_REPRESENTATION('',(#7934),#7938);
#7934 = LINE('',#7935,#7936);
#7935 = CARTESIAN_POINT('',(-8.,0.));
#7936 = VECTOR('',#7937,1.);
#7937 = DIRECTION('',(1.,0.));
#7938 = ( GEOMETRIC_REPRESENTATION_CONTEXT(2)
PARAMETRIC_REPRESENTATION_CONTEXT() REPRESENTATION_CONTEXT('2D SPACE',''
  ) );
#7939 = ADVANCED_FACE('',(#7940),#3546,.F.);
#7940 = FACE_BOUND('',#7941,.F.);
#7941 = EDGE_LOOP('',(#7942,#7943,#7963,#7989,#7990));
#7942 = ORIENTED_EDGE('',*,*,#4021,.T.);
#7943 = ORIENTED_EDGE('',*,*,#7944,.T.);
#7944 = EDGE_CURVE('',#3996,#7945,#7947,.T.);
#7945 = VERTEX_POINT('',#7946);
#7946 = CARTESIAN_POINT('',(-34.2,-19.8431457505,-70.3431457505));
#7947 = SURFACE_CURVE('',#7948,(#7951,#7957),.PCURVE_S1.);
#7948 = B_SPLINE_CURVE_WITH_KNOTS('',1,(#7949,#7950),.UNSPECIFIED.,.F.,
  .F.,(2,2),(0.,1.),.PIECEWISE_BEZIER_KNOTS.);
#7949 = CARTESIAN_POINT('',(-40.2,-19.8431457505,-76.3431457505));
#7950 = CARTESIAN_POINT('',(-34.2,-19.8431457505,-70.3431457505));
#7951 = PCURVE('',#3546,#7952);
#7952 = DEFINITIONAL_REPRESENTATION('',(#7953),#7956);
#7953 = B_SPLINE_CURVE_WITH_KNOTS('',1,(#7954,#7955),.UNSPECIFIED.,.F.,
  .F.,(2,2),(0.,1.),.PIECEWISE_BEZIER_KNOTS.);
#7954 = CARTESIAN_POINT('',(-6.28318530718,0.));
#7955 = CARTESIAN_POINT('',(-6.28318530718,-6.));
#7956 = ( GEOMETRIC_REPRESENTATION_CONTEXT(2)
PARAMETRIC_REPRESENTATION_CONTEXT() REPRESENTATION_CONTEXT('2D SPACE',''
  ) );
#7957 = PCURVE('',#4010,#7958);
#7958 = DEFINITIONAL_REPRESENTATION('',(#7959),#7962);
#7959 = B_SPLINE_CURVE_WITH_KNOTS('',1,(#7960,#7961),.UNSPECIFIED.,.F.,
  .F.,(2,2),(0.,1.),.PIECEWISE_BEZIER_KNOTS.);
#7960 = CARTESIAN_POINT('',(8.,-8.485281374239));
#7961 = CARTESIAN_POINT('',(8.,0.));
#7962 = ( GEOMETRIC_REPRESENTATION_CONTEXT(2)
PARAMETRIC_REPRESENTATION_CONTEXT() REPRESENTATION_CONTEXT('2D SPACE',''
  ) );
#7963 = ORIENTED_EDGE('',*,*,#7964,.T.);
#7964 = EDGE_CURVE('',#7945,#7895,#7965,.T.);
#7965 = SURFACE_CURVE('',#7966,(#7971,#7978),.PCURVE_S1.);
#7966 = CIRCLE('',#7967,8.);
#7967 = AXIS2_PLACEMENT_3D('',#7968,#7969,#7970);
#7968 = CARTESIAN_POINT('',(-34.2,-19.8431457505,-62.3431457505));
#7969 = DIRECTION('',(-1.,-0.,-0.));
#7970 = DIRECTION('',(0.,0.,-1.));
#7971 = PCURVE('',#3546,#7972);
#7972 = DEFINITIONAL_REPRESENTATION('',(#7973),#7977);
#7973 = LINE('',#7974,#7975);
#7974 = CARTESIAN_POINT('',(-6.28318530718,-6.));
#7975 = VECTOR('',#7976,1.);
#7976 = DIRECTION('',(1.,-0.));
#7977 = ( GEOMETRIC_REPRESENTATION_CONTEXT(2)
PARAMETRIC_REPRESENTATION_CONTEXT() REPRESENTATION_CONTEXT('2D SPACE',''
  ) );
#7978 = PCURVE('',#7979,#7984);
#7979 = CYLINDRICAL_SURFACE('',#7980,8.);
#7980 = AXIS2_PLACEMENT_3D('',#7981,#7982,#7983);
#7981 = CARTESIAN_POINT('',(-34.2,-19.8431457505,-62.3431457505));
#7982 = DIRECTION('',(-1.,-0.,-0.));
#7983 = DIRECTION('',(0.,0.,-1.));
#7984 = DEFINITIONAL_REPRESENTATION('',(#7985),#7988);
#7985 = B_SPLINE_CURVE_WITH_KNOTS('',1,(#7986,#7987),.UNSPECIFIED.,.F.,
  .F.,(2,2),(0.,1.570796326795),.PIECEWISE_BEZIER_KNOTS.);
#7986 = CARTESIAN_POINT('',(0.,0.));
#7987 = CARTESIAN_POINT('',(1.570796326795,0.));
#7988 = ( GEOMETRIC_REPRESENTATION_CONTEXT(2)
PARAMETRIC_REPRESENTATION_CONTEXT() REPRESENTATION_CONTEXT('2D SPACE',''
  ) );
#7989 = ORIENTED_EDGE('',*,*,#7894,.F.);
#7990 = ORIENTED_EDGE('',*,*,#3529,.T.);
#7991 = ADVANCED_FACE('',(#7992),#3818,.F.);
#7992 = FACE_BOUND('',#7993,.F.);
#7993 = EDGE_LOOP('',(#7994,#7995,#8015,#8043,#8064));
#7994 = ORIENTED_EDGE('',*,*,#3797,.T.);
#7995 = ORIENTED_EDGE('',*,*,#7996,.T.);
#7996 = EDGE_CURVE('',#3798,#7997,#7999,.T.);
#7997 = VERTEX_POINT('',#7998);
#7998 = CARTESIAN_POINT('',(34.2,14.3,-8.));
#7999 = SEAM_CURVE('',#8000,(#8003,#8009),.PCURVE_S1.);
#8000 = B_SPLINE_CURVE_WITH_KNOTS('',1,(#8001,#8002),.UNSPECIFIED.,.F.,
  .F.,(2,2),(0.,1.),.PIECEWISE_BEZIER_KNOTS.);
#8001 = CARTESIAN_POINT('',(40.2,20.3,-8.));
#8002 = CARTESIAN_POINT('',(34.2,14.3,-8.));
#8003 = PCURVE('',#3818,#8004);
#8004 = DEFINITIONAL_REPRESENTATION('',(#8005),#8008);
#8005 = B_SPLINE_CURVE_WITH_KNOTS('',1,(#8006,#8007),.UNSPECIFIED.,.F.,
  .F.,(2,2),(0.,1.),.PIECEWISE_BEZIER_KNOTS.);
#8006 = CARTESIAN_POINT('',(0.,0.));
#8007 = CARTESIAN_POINT('',(0.,-6.));
#8008 = ( GEOMETRIC_REPRESENTATION_CONTEXT(2)
PARAMETRIC_REPRESENTATION_CONTEXT() REPRESENTATION_CONTEXT('2D SPACE',''
  ) );
#8009 = PCURVE('',#3818,#8010);
#8010 = DEFINITIONAL_REPRESENTATION('',(#8011),#8014);
#8011 = B_SPLINE_CURVE_WITH_KNOTS('',1,(#8012,#8013),.UNSPECIFIED.,.F.,
  .F.,(2,2),(0.,1.),.PIECEWISE_BEZIER_KNOTS.);
#8012 = CARTESIAN_POINT('',(-6.28318530718,0.));
#8013 = CARTESIAN_POINT('',(-6.28318530718,-6.));
#8014 = ( GEOMETRIC_REPRESENTATION_CONTEXT(2)
PARAMETRIC_REPRESENTATION_CONTEXT() REPRESENTATION_CONTEXT('2D SPACE',''
  ) );
#8015 = ORIENTED_EDGE('',*,*,#8016,.F.);
#8016 = EDGE_CURVE('',#8017,#7997,#8019,.T.);
#8017 = VERTEX_POINT('',#8018);
#8018 = CARTESIAN_POINT('',(34.2,3.502489845561E-15,-22.3));
#8019 = SURFACE_CURVE('',#8020,(#8025,#8032),.PCURVE_S1.);
#8020 = CIRCLE('',#8021,14.3);
#8021 = AXIS2_PLACEMENT_3D('',#8022,#8023,#8024);
#8022 = CARTESIAN_POINT('',(34.2,0.,-8.));
#8023 = DIRECTION('',(-1.,0.,0.));
#8024 = DIRECTION('',(0.,1.,0.));
#8025 = PCURVE('',#3818,#8026);
#8026 = DEFINITIONAL_REPRESENTATION('',(#8027),#8031);
#8027 = LINE('',#8028,#8029);
#8028 = CARTESIAN_POINT('',(-0.,-6.));
#8029 = VECTOR('',#8030,1.);
#8030 = DIRECTION('',(-1.,-0.));
#8031 = ( GEOMETRIC_REPRESENTATION_CONTEXT(2)
PARAMETRIC_REPRESENTATION_CONTEXT() REPRESENTATION_CONTEXT('2D SPACE',''
  ) );
#8032 = PCURVE('',#8033,#8038);
#8033 = CYLINDRICAL_SURFACE('',#8034,14.3);
#8034 = AXIS2_PLACEMENT_3D('',#8035,#8036,#8037);
#8035 = CARTESIAN_POINT('',(34.2,0.,-8.));
#8036 = DIRECTION('',(-1.,0.,0.));
#8037 = DIRECTION('',(0.,0.,-1.));
#8038 = DEFINITIONAL_REPRESENTATION('',(#8039),#8042);
#8039 = B_SPLINE_CURVE_WITH_KNOTS('',1,(#8040,#8041),.UNSPECIFIED.,.F.,
  .F.,(2,2),(1.570796326795,6.28318530718),.PIECEWISE_BEZIER_KNOTS.);
#8040 = CARTESIAN_POINT('',(0.,0.));
#8041 = CARTESIAN_POINT('',(4.712388980385,0.));
#8042 = ( GEOMETRIC_REPRESENTATION_CONTEXT(2)
PARAMETRIC_REPRESENTATION_CONTEXT() REPRESENTATION_CONTEXT('2D SPACE',''
  ) );
#8043 = ORIENTED_EDGE('',*,*,#8044,.F.);
#8044 = EDGE_CURVE('',#7997,#8017,#8045,.T.);
#8045 = SURFACE_CURVE('',#8046,(#8051,#8058),.PCURVE_S1.);
#8046 = CIRCLE('',#8047,14.3);
#8047 = AXIS2_PLACEMENT_3D('',#8048,#8049,#8050);
#8048 = CARTESIAN_POINT('',(34.2,0.,-8.));
#8049 = DIRECTION('',(-1.,0.,0.));
#8050 = DIRECTION('',(0.,1.,0.));
#8051 = PCURVE('',#3818,#8052);
#8052 = DEFINITIONAL_REPRESENTATION('',(#8053),#8057);
#8053 = LINE('',#8054,#8055);
#8054 = CARTESIAN_POINT('',(-0.,-6.));
#8055 = VECTOR('',#8056,1.);
#8056 = DIRECTION('',(-1.,-0.));
#8057 = ( GEOMETRIC_REPRESENTATION_CONTEXT(2)
PARAMETRIC_REPRESENTATION_CONTEXT() REPRESENTATION_CONTEXT('2D SPACE',''
  ) );
#8058 = PCURVE('',#8033,#8059);
#8059 = DEFINITIONAL_REPRESENTATION('',(#8060),#8063);
#8060 = B_SPLINE_CURVE_WITH_KNOTS('',1,(#8061,#8062),.UNSPECIFIED.,.F.,
  .F.,(2,2),(0.,1.570796326795),.PIECEWISE_BEZIER_KNOTS.);
#8061 = CARTESIAN_POINT('',(4.712388980385,0.));
#8062 = CARTESIAN_POINT('',(6.28318530718,0.));
#8063 = ( GEOMETRIC_REPRESENTATION_CONTEXT(2)
PARAMETRIC_REPRESENTATION_CONTEXT() REPRESENTATION_CONTEXT('2D SPACE',''
  ) );
#8064 = ORIENTED_EDGE('',*,*,#7996,.F.);
#8065 = ADVANCED_FACE('',(#8066),#4010,.F.);
#8066 = FACE_BOUND('',#8067,.F.);
#8067 = EDGE_LOOP('',(#8068,#8069,#8070,#8071));
#8068 = ORIENTED_EDGE('',*,*,#7944,.F.);
#8069 = ORIENTED_EDGE('',*,*,#3995,.T.);
#8070 = ORIENTED_EDGE('',*,*,#7561,.T.);
#8071 = ORIENTED_EDGE('',*,*,#8072,.F.);
#8072 = EDGE_CURVE('',#7945,#7562,#8073,.T.);
#8073 = SURFACE_CURVE('',#8074,(#8078,#8085),.PCURVE_S1.);
#8074 = LINE('',#8075,#8076);
#8075 = CARTESIAN_POINT('',(-34.2,-27.8431457505,-70.3431457505));
#8076 = VECTOR('',#8077,1.);
#8077 = DIRECTION('',(0.,1.,0.));
#8078 = PCURVE('',#4010,#8079);
#8079 = DEFINITIONAL_REPRESENTATION('',(#8080),#8084);
#8080 = LINE('',#8081,#8082);
#8081 = CARTESIAN_POINT('',(0.,0.));
#8082 = VECTOR('',#8083,1.);
#8083 = DIRECTION('',(1.,0.));
#8084 = ( GEOMETRIC_REPRESENTATION_CONTEXT(2)
PARAMETRIC_REPRESENTATION_CONTEXT() REPRESENTATION_CONTEXT('2D SPACE',''
  ) );
#8085 = PCURVE('',#8086,#8091);
#8086 = PLANE('',#8087);
#8087 = AXIS2_PLACEMENT_3D('',#8088,#8089,#8090);
#8088 = CARTESIAN_POINT('',(-34.2,-19.8431457505,-70.3431457505));
#8089 = DIRECTION('',(0.,0.,1.));
#8090 = DIRECTION('',(0.,1.,0.));
#8091 = DEFINITIONAL_REPRESENTATION('',(#8092),#8096);
#8092 = LINE('',#8093,#8094);
#8093 = CARTESIAN_POINT('',(-8.,0.));
#8094 = VECTOR('',#8095,1.);
#8095 = DIRECTION('',(1.,0.));
#8096 = ( GEOMETRIC_REPRESENTATION_CONTEXT(2)
PARAMETRIC_REPRESENTATION_CONTEXT() REPRESENTATION_CONTEXT('2D SPACE',''
  ) );
#8097 = ADVANCED_FACE('',(#8098),#4224,.T.);
#8098 = FACE_BOUND('',#8099,.T.);
#8099 = EDGE_LOOP('',(#8100,#8122,#8149,#8169));
#8100 = ORIENTED_EDGE('',*,*,#8101,.F.);
#8101 = EDGE_CURVE('',#8102,#4211,#8104,.T.);
#8102 = VERTEX_POINT('',#8103);
#8103 = CARTESIAN_POINT('',(-25.15,-45.75,-86.));
#8104 = SURFACE_CURVE('',#8105,(#8108,#8115),.PCURVE_S1.);
#8105 = B_SPLINE_CURVE_WITH_KNOTS('',1,(#8106,#8107),.UNSPECIFIED.,.F.,
  .F.,(2,2),(0.,1.),.PIECEWISE_BEZIER_KNOTS.);
#8106 = CARTESIAN_POINT('',(-25.15,-45.75,-86.));
#8107 = CARTESIAN_POINT('',(-22.15,-48.75,-82.95));
#8108 = PCURVE('',#4224,#8109);
#8109 = DEFINITIONAL_REPRESENTATION('',(#8110),#8114);
#8110 = LINE('',#8111,#8112);
#8111 = CARTESIAN_POINT('',(0.,0.));
#8112 = VECTOR('',#8113,1.);
#8113 = DIRECTION('',(0.,1.));
#8114 = ( GEOMETRIC_REPRESENTATION_CONTEXT(2)
PARAMETRIC_REPRESENTATION_CONTEXT() REPRESENTATION_CONTEXT('2D SPACE',''
  ) );
#8115 = PCURVE('',#4249,#8116);
#8116 = DEFINITIONAL_REPRESENTATION('',(#8117),#8121);
#8117 = LINE('',#8118,#8119);
#8118 = CARTESIAN_POINT('',(8.,0.));
#8119 = VECTOR('',#8120,1.);
#8120 = DIRECTION('',(0.,1.));
#8121 = ( GEOMETRIC_REPRESENTATION_CONTEXT(2)
PARAMETRIC_REPRESENTATION_CONTEXT() REPRESENTATION_CONTEXT('2D SPACE',''
  ) );
#8122 = ORIENTED_EDGE('',*,*,#8123,.T.);
#8123 = EDGE_CURVE('',#8102,#8124,#8126,.T.);
#8124 = VERTEX_POINT('',#8125);
#8125 = CARTESIAN_POINT('',(-25.15,-43.75,-86.));
#8126 = SURFACE_CURVE('',#8127,(#8131,#8137),.PCURVE_S1.);
#8127 = LINE('',#8128,#8129);
#8128 = CARTESIAN_POINT('',(-25.15,-45.75,-86.));
#8129 = VECTOR('',#8130,1.);
#8130 = DIRECTION('',(0.,1.,0.));
#8131 = PCURVE('',#4224,#8132);
#8132 = DEFINITIONAL_REPRESENTATION('',(#8133),#8136);
#8133 = B_SPLINE_CURVE_WITH_KNOTS('',1,(#8134,#8135),.UNSPECIFIED.,.F.,
  .F.,(2,2),(0.,2.),.PIECEWISE_BEZIER_KNOTS.);
#8134 = CARTESIAN_POINT('',(0.,0.));
#8135 = CARTESIAN_POINT('',(8.,0.));
#8136 = ( GEOMETRIC_REPRESENTATION_CONTEXT(2)
PARAMETRIC_REPRESENTATION_CONTEXT() REPRESENTATION_CONTEXT('2D SPACE',''
  ) );
#8137 = PCURVE('',#8138,#8143);
#8138 = PLANE('',#8139);
#8139 = AXIS2_PLACEMENT_3D('',#8140,#8141,#8142);
#8140 = CARTESIAN_POINT('',(-27.15,-45.75,-86.));
#8141 = DIRECTION('',(0.,0.,-1.));
#8142 = DIRECTION('',(0.707106781187,0.707106781187,0.));
#8143 = DEFINITIONAL_REPRESENTATION('',(#8144),#8148);
#8144 = LINE('',#8145,#8146);
#8145 = CARTESIAN_POINT('',(1.414213562373,1.414213562373));
#8146 = VECTOR('',#8147,1.);
#8147 = DIRECTION('',(0.707106781187,-0.707106781187));
#8148 = ( GEOMETRIC_REPRESENTATION_CONTEXT(2)
PARAMETRIC_REPRESENTATION_CONTEXT() REPRESENTATION_CONTEXT('2D SPACE',''
  ) );
#8149 = ORIENTED_EDGE('',*,*,#8150,.T.);
#8150 = EDGE_CURVE('',#8124,#4209,#8151,.T.);
#8151 = SURFACE_CURVE('',#8152,(#8155,#8162),.PCURVE_S1.);
#8152 = B_SPLINE_CURVE_WITH_KNOTS('',1,(#8153,#8154),.UNSPECIFIED.,.F.,
  .F.,(2,2),(0.,1.),.PIECEWISE_BEZIER_KNOTS.);
#8153 = CARTESIAN_POINT('',(-25.15,-43.75,-86.));
#8154 = CARTESIAN_POINT('',(-22.15,-40.75,-82.95));
#8155 = PCURVE('',#4224,#8156);
#8156 = DEFINITIONAL_REPRESENTATION('',(#8157),#8161);
#8157 = LINE('',#8158,#8159);
#8158 = CARTESIAN_POINT('',(8.,0.));
#8159 = VECTOR('',#8160,1.);
#8160 = DIRECTION('',(0.,1.));
#8161 = ( GEOMETRIC_REPRESENTATION_CONTEXT(2)
PARAMETRIC_REPRESENTATION_CONTEXT() REPRESENTATION_CONTEXT('2D SPACE',''
  ) );
#8162 = PCURVE('',#4297,#8163);
#8163 = DEFINITIONAL_REPRESENTATION('',(#8164),#8168);
#8164 = LINE('',#8165,#8166);
#8165 = CARTESIAN_POINT('',(0.,0.));
#8166 = VECTOR('',#8167,1.);
#8167 = DIRECTION('',(0.,1.));
#8168 = ( GEOMETRIC_REPRESENTATION_CONTEXT(2)
PARAMETRIC_REPRESENTATION_CONTEXT() REPRESENTATION_CONTEXT('2D SPACE',''
  ) );
#8169 = ORIENTED_EDGE('',*,*,#4208,.T.);
#8170 = ADVANCED_FACE('',(#8171),#4297,.T.);
#8171 = FACE_BOUND('',#8172,.T.);
#8172 = EDGE_LOOP('',(#8173,#8174,#8196,#8216));
#8173 = ORIENTED_EDGE('',*,*,#8150,.F.);
#8174 = ORIENTED_EDGE('',*,*,#8175,.T.);
#8175 = EDGE_CURVE('',#8124,#8176,#8178,.T.);
#8176 = VERTEX_POINT('',#8177);
#8177 = CARTESIAN_POINT('',(-27.15,-43.75,-86.));
#8178 = SURFACE_CURVE('',#8179,(#8183,#8189),.PCURVE_S1.);
#8179 = LINE('',#8180,#8181);
#8180 = CARTESIAN_POINT('',(-25.15,-43.75,-86.));
#8181 = VECTOR('',#8182,1.);
#8182 = DIRECTION('',(-1.,0.,0.));
#8183 = PCURVE('',#4297,#8184);
#8184 = DEFINITIONAL_REPRESENTATION('',(#8185),#8188);
#8185 = B_SPLINE_CURVE_WITH_KNOTS('',1,(#8186,#8187),.UNSPECIFIED.,.F.,
  .F.,(2,2),(0.,2.),.PIECEWISE_BEZIER_KNOTS.);
#8186 = CARTESIAN_POINT('',(0.,0.));
#8187 = CARTESIAN_POINT('',(8.,0.));
#8188 = ( GEOMETRIC_REPRESENTATION_CONTEXT(2)
PARAMETRIC_REPRESENTATION_CONTEXT() REPRESENTATION_CONTEXT('2D SPACE',''
  ) );
#8189 = PCURVE('',#8138,#8190);
#8190 = DEFINITIONAL_REPRESENTATION('',(#8191),#8195);
#8191 = LINE('',#8192,#8193);
#8192 = CARTESIAN_POINT('',(2.828427124746,0.));
#8193 = VECTOR('',#8194,1.);
#8194 = DIRECTION('',(-0.707106781187,-0.707106781187));
#8195 = ( GEOMETRIC_REPRESENTATION_CONTEXT(2)
PARAMETRIC_REPRESENTATION_CONTEXT() REPRESENTATION_CONTEXT('2D SPACE',''
  ) );
#8196 = ORIENTED_EDGE('',*,*,#8197,.T.);
#8197 = EDGE_CURVE('',#8176,#4261,#8198,.T.);
#8198 = SURFACE_CURVE('',#8199,(#8202,#8209),.PCURVE_S1.);
#8199 = B_SPLINE_CURVE_WITH_KNOTS('',1,(#8200,#8201),.UNSPECIFIED.,.F.,
  .F.,(2,2),(0.,1.),.PIECEWISE_BEZIER_KNOTS.);
#8200 = CARTESIAN_POINT('',(-27.15,-43.75,-86.));
#8201 = CARTESIAN_POINT('',(-30.15,-40.75,-82.95));
#8202 = PCURVE('',#4297,#8203);
#8203 = DEFINITIONAL_REPRESENTATION('',(#8204),#8208);
#8204 = LINE('',#8205,#8206);
#8205 = CARTESIAN_POINT('',(8.,0.));
#8206 = VECTOR('',#8207,1.);
#8207 = DIRECTION('',(0.,1.));
#8208 = ( GEOMETRIC_REPRESENTATION_CONTEXT(2)
PARAMETRIC_REPRESENTATION_CONTEXT() REPRESENTATION_CONTEXT('2D SPACE',''
  ) );
#8209 = PCURVE('',#4274,#8210);
#8210 = DEFINITIONAL_REPRESENTATION('',(#8211),#8215);
#8211 = LINE('',#8212,#8213);
#8212 = CARTESIAN_POINT('',(0.,0.));
#8213 = VECTOR('',#8214,1.);
#8214 = DIRECTION('',(0.,1.));
#8215 = ( GEOMETRIC_REPRESENTATION_CONTEXT(2)
PARAMETRIC_REPRESENTATION_CONTEXT() REPRESENTATION_CONTEXT('2D SPACE',''
  ) );
#8216 = ORIENTED_EDGE('',*,*,#4285,.T.);
#8217 = ADVANCED_FACE('',(#8218),#4249,.T.);
#8218 = FACE_BOUND('',#8219,.T.);
#8219 = EDGE_LOOP('',(#8220,#8242,#8262,#8263));
#8220 = ORIENTED_EDGE('',*,*,#8221,.F.);
#8221 = EDGE_CURVE('',#8222,#4236,#8224,.T.);
#8222 = VERTEX_POINT('',#8223);
#8223 = CARTESIAN_POINT('',(-27.15,-45.75,-86.));
#8224 = SURFACE_CURVE('',#8225,(#8228,#8235),.PCURVE_S1.);
#8225 = B_SPLINE_CURVE_WITH_KNOTS('',1,(#8226,#8227),.UNSPECIFIED.,.F.,
  .F.,(2,2),(0.,1.),.PIECEWISE_BEZIER_KNOTS.);
#8226 = CARTESIAN_POINT('',(-27.15,-45.75,-86.));
#8227 = CARTESIAN_POINT('',(-30.15,-48.75,-82.95));
#8228 = PCURVE('',#4249,#8229);
#8229 = DEFINITIONAL_REPRESENTATION('',(#8230),#8234);
#8230 = LINE('',#8231,#8232);
#8231 = CARTESIAN_POINT('',(0.,0.));
#8232 = VECTOR('',#8233,1.);
#8233 = DIRECTION('',(0.,1.));
#8234 = ( GEOMETRIC_REPRESENTATION_CONTEXT(2)
PARAMETRIC_REPRESENTATION_CONTEXT() REPRESENTATION_CONTEXT('2D SPACE',''
  ) );
#8235 = PCURVE('',#4274,#8236);
#8236 = DEFINITIONAL_REPRESENTATION('',(#8237),#8241);
#8237 = LINE('',#8238,#8239);
#8238 = CARTESIAN_POINT('',(8.,0.));
#8239 = VECTOR('',#8240,1.);
#8240 = DIRECTION('',(0.,1.));
#8241 = ( GEOMETRIC_REPRESENTATION_CONTEXT(2)
PARAMETRIC_REPRESENTATION_CONTEXT() REPRESENTATION_CONTEXT('2D SPACE',''
  ) );
#8242 = ORIENTED_EDGE('',*,*,#8243,.T.);
#8243 = EDGE_CURVE('',#8222,#8102,#8244,.T.);
#8244 = SURFACE_CURVE('',#8245,(#8249,#8255),.PCURVE_S1.);
#8245 = LINE('',#8246,#8247);
#8246 = CARTESIAN_POINT('',(-27.15,-45.75,-86.));
#8247 = VECTOR('',#8248,1.);
#8248 = DIRECTION('',(1.,0.,0.));
#8249 = PCURVE('',#4249,#8250);
#8250 = DEFINITIONAL_REPRESENTATION('',(#8251),#8254);
#8251 = B_SPLINE_CURVE_WITH_KNOTS('',1,(#8252,#8253),.UNSPECIFIED.,.F.,
  .F.,(2,2),(0.,2.),.PIECEWISE_BEZIER_KNOTS.);
#8252 = CARTESIAN_POINT('',(0.,0.));
#8253 = CARTESIAN_POINT('',(8.,0.));
#8254 = ( GEOMETRIC_REPRESENTATION_CONTEXT(2)
PARAMETRIC_REPRESENTATION_CONTEXT() REPRESENTATION_CONTEXT('2D SPACE',''
  ) );
#8255 = PCURVE('',#8138,#8256);
#8256 = DEFINITIONAL_REPRESENTATION('',(#8257),#8261);
#8257 = LINE('',#8258,#8259);
#8258 = CARTESIAN_POINT('',(0.,0.));
#8259 = VECTOR('',#8260,1.);
#8260 = DIRECTION('',(0.707106781187,0.707106781187));
#8261 = ( GEOMETRIC_REPRESENTATION_CONTEXT(2)
PARAMETRIC_REPRESENTATION_CONTEXT() REPRESENTATION_CONTEXT('2D SPACE',''
  ) );
#8262 = ORIENTED_EDGE('',*,*,#8101,.T.);
#8263 = ORIENTED_EDGE('',*,*,#4235,.T.);
#8264 = ADVANCED_FACE('',(#8265),#4274,.T.);
#8265 = FACE_BOUND('',#8266,.T.);
#8266 = EDGE_LOOP('',(#8267,#8268,#8288,#8289));
#8267 = ORIENTED_EDGE('',*,*,#8197,.F.);
#8268 = ORIENTED_EDGE('',*,*,#8269,.T.);
#8269 = EDGE_CURVE('',#8176,#8222,#8270,.T.);
#8270 = SURFACE_CURVE('',#8271,(#8275,#8281),.PCURVE_S1.);
#8271 = LINE('',#8272,#8273);
#8272 = CARTESIAN_POINT('',(-27.15,-43.75,-86.));
#8273 = VECTOR('',#8274,1.);
#8274 = DIRECTION('',(0.,-1.,0.));
#8275 = PCURVE('',#4274,#8276);
#8276 = DEFINITIONAL_REPRESENTATION('',(#8277),#8280);
#8277 = B_SPLINE_CURVE_WITH_KNOTS('',1,(#8278,#8279),.UNSPECIFIED.,.F.,
  .F.,(2,2),(0.,2.),.PIECEWISE_BEZIER_KNOTS.);
#8278 = CARTESIAN_POINT('',(0.,0.));
#8279 = CARTESIAN_POINT('',(8.,0.));
#8280 = ( GEOMETRIC_REPRESENTATION_CONTEXT(2)
PARAMETRIC_REPRESENTATION_CONTEXT() REPRESENTATION_CONTEXT('2D SPACE',''
  ) );
#8281 = PCURVE('',#8138,#8282);
#8282 = DEFINITIONAL_REPRESENTATION('',(#8283),#8287);
#8283 = LINE('',#8284,#8285);
#8284 = CARTESIAN_POINT('',(1.414213562373,-1.414213562373));
#8285 = VECTOR('',#8286,1.);
#8286 = DIRECTION('',(-0.707106781187,0.707106781187));
#8287 = ( GEOMETRIC_REPRESENTATION_CONTEXT(2)
PARAMETRIC_REPRESENTATION_CONTEXT() REPRESENTATION_CONTEXT('2D SPACE',''
  ) );
#8288 = ORIENTED_EDGE('',*,*,#8221,.T.);
#8289 = ORIENTED_EDGE('',*,*,#4260,.T.);
#8290 = ADVANCED_FACE('',(#8291),#4326,.T.);
#8291 = FACE_BOUND('',#8292,.T.);
#8292 = EDGE_LOOP('',(#8293,#8315,#8342,#8362));
#8293 = ORIENTED_EDGE('',*,*,#8294,.F.);
#8294 = EDGE_CURVE('',#8295,#4313,#8297,.T.);
#8295 = VERTEX_POINT('',#8296);
#8296 = CARTESIAN_POINT('',(27.15,-45.75,-86.));
#8297 = SURFACE_CURVE('',#8298,(#8301,#8308),.PCURVE_S1.);
#8298 = B_SPLINE_CURVE_WITH_KNOTS('',1,(#8299,#8300),.UNSPECIFIED.,.F.,
  .F.,(2,2),(0.,1.),.PIECEWISE_BEZIER_KNOTS.);
#8299 = CARTESIAN_POINT('',(27.15,-45.75,-86.));
#8300 = CARTESIAN_POINT('',(30.15,-48.75,-82.95));
#8301 = PCURVE('',#4326,#8302);
#8302 = DEFINITIONAL_REPRESENTATION('',(#8303),#8307);
#8303 = LINE('',#8304,#8305);
#8304 = CARTESIAN_POINT('',(0.,0.));
#8305 = VECTOR('',#8306,1.);
#8306 = DIRECTION('',(0.,1.));
#8307 = ( GEOMETRIC_REPRESENTATION_CONTEXT(2)
PARAMETRIC_REPRESENTATION_CONTEXT() REPRESENTATION_CONTEXT('2D SPACE',''
  ) );
#8308 = PCURVE('',#4351,#8309);
#8309 = DEFINITIONAL_REPRESENTATION('',(#8310),#8314);
#8310 = LINE('',#8311,#8312);
#8311 = CARTESIAN_POINT('',(8.,0.));
#8312 = VECTOR('',#8313,1.);
#8313 = DIRECTION('',(0.,1.));
#8314 = ( GEOMETRIC_REPRESENTATION_CONTEXT(2)
PARAMETRIC_REPRESENTATION_CONTEXT() REPRESENTATION_CONTEXT('2D SPACE',''
  ) );
#8315 = ORIENTED_EDGE('',*,*,#8316,.T.);
#8316 = EDGE_CURVE('',#8295,#8317,#8319,.T.);
#8317 = VERTEX_POINT('',#8318);
#8318 = CARTESIAN_POINT('',(27.15,-43.75,-86.));
#8319 = SURFACE_CURVE('',#8320,(#8324,#8330),.PCURVE_S1.);
#8320 = LINE('',#8321,#8322);
#8321 = CARTESIAN_POINT('',(27.15,-45.75,-86.));
#8322 = VECTOR('',#8323,1.);
#8323 = DIRECTION('',(0.,1.,0.));
#8324 = PCURVE('',#4326,#8325);
#8325 = DEFINITIONAL_REPRESENTATION('',(#8326),#8329);
#8326 = B_SPLINE_CURVE_WITH_KNOTS('',1,(#8327,#8328),.UNSPECIFIED.,.F.,
  .F.,(2,2),(0.,2.),.PIECEWISE_BEZIER_KNOTS.);
#8327 = CARTESIAN_POINT('',(0.,0.));
#8328 = CARTESIAN_POINT('',(8.,0.));
#8329 = ( GEOMETRIC_REPRESENTATION_CONTEXT(2)
PARAMETRIC_REPRESENTATION_CONTEXT() REPRESENTATION_CONTEXT('2D SPACE',''
  ) );
#8330 = PCURVE('',#8331,#8336);
#8331 = PLANE('',#8332);
#8332 = AXIS2_PLACEMENT_3D('',#8333,#8334,#8335);
#8333 = CARTESIAN_POINT('',(25.15,-45.75,-86.));
#8334 = DIRECTION('',(0.,0.,-1.));
#8335 = DIRECTION('',(0.707106781187,0.707106781187,0.));
#8336 = DEFINITIONAL_REPRESENTATION('',(#8337),#8341);
#8337 = LINE('',#8338,#8339);
#8338 = CARTESIAN_POINT('',(1.414213562373,1.414213562373));
#8339 = VECTOR('',#8340,1.);
#8340 = DIRECTION('',(0.707106781187,-0.707106781187));
#8341 = ( GEOMETRIC_REPRESENTATION_CONTEXT(2)
PARAMETRIC_REPRESENTATION_CONTEXT() REPRESENTATION_CONTEXT('2D SPACE',''
  ) );
#8342 = ORIENTED_EDGE('',*,*,#8343,.T.);
#8343 = EDGE_CURVE('',#8317,#4311,#8344,.T.);
#8344 = SURFACE_CURVE('',#8345,(#8348,#8355),.PCURVE_S1.);
#8345 = B_SPLINE_CURVE_WITH_KNOTS('',1,(#8346,#8347),.UNSPECIFIED.,.F.,
  .F.,(2,2),(0.,1.),.PIECEWISE_BEZIER_KNOTS.);
#8346 = CARTESIAN_POINT('',(27.15,-43.75,-86.));
#8347 = CARTESIAN_POINT('',(30.15,-40.75,-82.95));
#8348 = PCURVE('',#4326,#8349);
#8349 = DEFINITIONAL_REPRESENTATION('',(#8350),#8354);
#8350 = LINE('',#8351,#8352);
#8351 = CARTESIAN_POINT('',(8.,0.));
#8352 = VECTOR('',#8353,1.);
#8353 = DIRECTION('',(0.,1.));
#8354 = ( GEOMETRIC_REPRESENTATION_CONTEXT(2)
PARAMETRIC_REPRESENTATION_CONTEXT() REPRESENTATION_CONTEXT('2D SPACE',''
  ) );
#8355 = PCURVE('',#4399,#8356);
#8356 = DEFINITIONAL_REPRESENTATION('',(#8357),#8361);
#8357 = LINE('',#8358,#8359);
#8358 = CARTESIAN_POINT('',(0.,0.));
#8359 = VECTOR('',#8360,1.);
#8360 = DIRECTION('',(0.,1.));
#8361 = ( GEOMETRIC_REPRESENTATION_CONTEXT(2)
PARAMETRIC_REPRESENTATION_CONTEXT() REPRESENTATION_CONTEXT('2D SPACE',''
  ) );
#8362 = ORIENTED_EDGE('',*,*,#4310,.T.);
#8363 = ADVANCED_FACE('',(#8364),#4399,.T.);
#8364 = FACE_BOUND('',#8365,.T.);
#8365 = EDGE_LOOP('',(#8366,#8367,#8389,#8409));
#8366 = ORIENTED_EDGE('',*,*,#8343,.F.);
#8367 = ORIENTED_EDGE('',*,*,#8368,.T.);
#8368 = EDGE_CURVE('',#8317,#8369,#8371,.T.);
#8369 = VERTEX_POINT('',#8370);
#8370 = CARTESIAN_POINT('',(25.15,-43.75,-86.));
#8371 = SURFACE_CURVE('',#8372,(#8376,#8382),.PCURVE_S1.);
#8372 = LINE('',#8373,#8374);
#8373 = CARTESIAN_POINT('',(27.15,-43.75,-86.));
#8374 = VECTOR('',#8375,1.);
#8375 = DIRECTION('',(-1.,0.,0.));
#8376 = PCURVE('',#4399,#8377);
#8377 = DEFINITIONAL_REPRESENTATION('',(#8378),#8381);
#8378 = B_SPLINE_CURVE_WITH_KNOTS('',1,(#8379,#8380),.UNSPECIFIED.,.F.,
  .F.,(2,2),(0.,2.),.PIECEWISE_BEZIER_KNOTS.);
#8379 = CARTESIAN_POINT('',(0.,0.));
#8380 = CARTESIAN_POINT('',(8.,0.));
#8381 = ( GEOMETRIC_REPRESENTATION_CONTEXT(2)
PARAMETRIC_REPRESENTATION_CONTEXT() REPRESENTATION_CONTEXT('2D SPACE',''
  ) );
#8382 = PCURVE('',#8331,#8383);
#8383 = DEFINITIONAL_REPRESENTATION('',(#8384),#8388);
#8384 = LINE('',#8385,#8386);
#8385 = CARTESIAN_POINT('',(2.828427124746,0.));
#8386 = VECTOR('',#8387,1.);
#8387 = DIRECTION('',(-0.707106781187,-0.707106781187));
#8388 = ( GEOMETRIC_REPRESENTATION_CONTEXT(2)
PARAMETRIC_REPRESENTATION_CONTEXT() REPRESENTATION_CONTEXT('2D SPACE',''
  ) );
#8389 = ORIENTED_EDGE('',*,*,#8390,.T.);
#8390 = EDGE_CURVE('',#8369,#4363,#8391,.T.);
#8391 = SURFACE_CURVE('',#8392,(#8395,#8402),.PCURVE_S1.);
#8392 = B_SPLINE_CURVE_WITH_KNOTS('',1,(#8393,#8394),.UNSPECIFIED.,.F.,
  .F.,(2,2),(0.,1.),.PIECEWISE_BEZIER_KNOTS.);
#8393 = CARTESIAN_POINT('',(25.15,-43.75,-86.));
#8394 = CARTESIAN_POINT('',(22.15,-40.75,-82.95));
#8395 = PCURVE('',#4399,#8396);
#8396 = DEFINITIONAL_REPRESENTATION('',(#8397),#8401);
#8397 = LINE('',#8398,#8399);
#8398 = CARTESIAN_POINT('',(8.,0.));
#8399 = VECTOR('',#8400,1.);
#8400 = DIRECTION('',(0.,1.));
#8401 = ( GEOMETRIC_REPRESENTATION_CONTEXT(2)
PARAMETRIC_REPRESENTATION_CONTEXT() REPRESENTATION_CONTEXT('2D SPACE',''
  ) );
#8402 = PCURVE('',#4376,#8403);
#8403 = DEFINITIONAL_REPRESENTATION('',(#8404),#8408);
#8404 = LINE('',#8405,#8406);
#8405 = CARTESIAN_POINT('',(0.,0.));
#8406 = VECTOR('',#8407,1.);
#8407 = DIRECTION('',(0.,1.));
#8408 = ( GEOMETRIC_REPRESENTATION_CONTEXT(2)
PARAMETRIC_REPRESENTATION_CONTEXT() REPRESENTATION_CONTEXT('2D SPACE',''
  ) );
#8409 = ORIENTED_EDGE('',*,*,#4387,.T.);
#8410 = ADVANCED_FACE('',(#8411),#4351,.T.);
#8411 = FACE_BOUND('',#8412,.T.);
#8412 = EDGE_LOOP('',(#8413,#8435,#8455,#8456));
#8413 = ORIENTED_EDGE('',*,*,#8414,.F.);
#8414 = EDGE_CURVE('',#8415,#4338,#8417,.T.);
#8415 = VERTEX_POINT('',#8416);
#8416 = CARTESIAN_POINT('',(25.15,-45.75,-86.));
#8417 = SURFACE_CURVE('',#8418,(#8421,#8428),.PCURVE_S1.);
#8418 = B_SPLINE_CURVE_WITH_KNOTS('',1,(#8419,#8420),.UNSPECIFIED.,.F.,
  .F.,(2,2),(0.,1.),.PIECEWISE_BEZIER_KNOTS.);
#8419 = CARTESIAN_POINT('',(25.15,-45.75,-86.));
#8420 = CARTESIAN_POINT('',(22.15,-48.75,-82.95));
#8421 = PCURVE('',#4351,#8422);
#8422 = DEFINITIONAL_REPRESENTATION('',(#8423),#8427);
#8423 = LINE('',#8424,#8425);
#8424 = CARTESIAN_POINT('',(0.,0.));
#8425 = VECTOR('',#8426,1.);
#8426 = DIRECTION('',(0.,1.));
#8427 = ( GEOMETRIC_REPRESENTATION_CONTEXT(2)
PARAMETRIC_REPRESENTATION_CONTEXT() REPRESENTATION_CONTEXT('2D SPACE',''
  ) );
#8428 = PCURVE('',#4376,#8429);
#8429 = DEFINITIONAL_REPRESENTATION('',(#8430),#8434);
#8430 = LINE('',#8431,#8432);
#8431 = CARTESIAN_POINT('',(8.,0.));
#8432 = VECTOR('',#8433,1.);
#8433 = DIRECTION('',(0.,1.));
#8434 = ( GEOMETRIC_REPRESENTATION_CONTEXT(2)
PARAMETRIC_REPRESENTATION_CONTEXT() REPRESENTATION_CONTEXT('2D SPACE',''
  ) );
#8435 = ORIENTED_EDGE('',*,*,#8436,.T.);
#8436 = EDGE_CURVE('',#8415,#8295,#8437,.T.);
#8437 = SURFACE_CURVE('',#8438,(#8442,#8448),.PCURVE_S1.);
#8438 = LINE('',#8439,#8440);
#8439 = CARTESIAN_POINT('',(25.15,-45.75,-86.));
#8440 = VECTOR('',#8441,1.);
#8441 = DIRECTION('',(1.,0.,0.));
#8442 = PCURVE('',#4351,#8443);
#8443 = DEFINITIONAL_REPRESENTATION('',(#8444),#8447);
#8444 = B_SPLINE_CURVE_WITH_KNOTS('',1,(#8445,#8446),.UNSPECIFIED.,.F.,
  .F.,(2,2),(0.,2.),.PIECEWISE_BEZIER_KNOTS.);
#8445 = CARTESIAN_POINT('',(0.,0.));
#8446 = CARTESIAN_POINT('',(8.,0.));
#8447 = ( GEOMETRIC_REPRESENTATION_CONTEXT(2)
PARAMETRIC_REPRESENTATION_CONTEXT() REPRESENTATION_CONTEXT('2D SPACE',''
  ) );
#8448 = PCURVE('',#8331,#8449);
#8449 = DEFINITIONAL_REPRESENTATION('',(#8450),#8454);
#8450 = LINE('',#8451,#8452);
#8451 = CARTESIAN_POINT('',(0.,0.));
#8452 = VECTOR('',#8453,1.);
#8453 = DIRECTION('',(0.707106781187,0.707106781187));
#8454 = ( GEOMETRIC_REPRESENTATION_CONTEXT(2)
PARAMETRIC_REPRESENTATION_CONTEXT() REPRESENTATION_CONTEXT('2D SPACE',''
  ) );
#8455 = ORIENTED_EDGE('',*,*,#8294,.T.);
#8456 = ORIENTED_EDGE('',*,*,#4337,.T.);
#8457 = ADVANCED_FACE('',(#8458),#4376,.T.);
#8458 = FACE_BOUND('',#8459,.T.);
#8459 = EDGE_LOOP('',(#8460,#8461,#8481,#8482));
#8460 = ORIENTED_EDGE('',*,*,#8390,.F.);
#8461 = ORIENTED_EDGE('',*,*,#8462,.T.);
#8462 = EDGE_CURVE('',#8369,#8415,#8463,.T.);
#8463 = SURFACE_CURVE('',#8464,(#8468,#8474),.PCURVE_S1.);
#8464 = LINE('',#8465,#8466);
#8465 = CARTESIAN_POINT('',(25.15,-43.75,-86.));
#8466 = VECTOR('',#8467,1.);
#8467 = DIRECTION('',(0.,-1.,0.));
#8468 = PCURVE('',#4376,#8469);
#8469 = DEFINITIONAL_REPRESENTATION('',(#8470),#8473);
#8470 = B_SPLINE_CURVE_WITH_KNOTS('',1,(#8471,#8472),.UNSPECIFIED.,.F.,
  .F.,(2,2),(0.,2.),.PIECEWISE_BEZIER_KNOTS.);
#8471 = CARTESIAN_POINT('',(0.,0.));
#8472 = CARTESIAN_POINT('',(8.,0.));
#8473 = ( GEOMETRIC_REPRESENTATION_CONTEXT(2)
PARAMETRIC_REPRESENTATION_CONTEXT() REPRESENTATION_CONTEXT('2D SPACE',''
  ) );
#8474 = PCURVE('',#8331,#8475);
#8475 = DEFINITIONAL_REPRESENTATION('',(#8476),#8480);
#8476 = LINE('',#8477,#8478);
#8477 = CARTESIAN_POINT('',(1.414213562373,-1.414213562373));
#8478 = VECTOR('',#8479,1.);
#8479 = DIRECTION('',(-0.707106781187,0.707106781187));
#8480 = ( GEOMETRIC_REPRESENTATION_CONTEXT(2)
PARAMETRIC_REPRESENTATION_CONTEXT() REPRESENTATION_CONTEXT('2D SPACE',''
  ) );
#8481 = ORIENTED_EDGE('',*,*,#8414,.T.);
#8482 = ORIENTED_EDGE('',*,*,#4362,.T.);
#8483 = ADVANCED_FACE('',(#8484),#4429,.F.);
#8484 = FACE_BOUND('',#8485,.F.);
#8485 = EDGE_LOOP('',(#8486,#8509,#8536,#8537));
#8486 = ORIENTED_EDGE('',*,*,#8487,.T.);
#8487 = EDGE_CURVE('',#4413,#8488,#8490,.T.);
#8488 = VERTEX_POINT('',#8489);
#8489 = CARTESIAN_POINT('',(1.7,-12.2240926625,-81.8));
#8490 = SEAM_CURVE('',#8491,(#8495,#8502),.PCURVE_S1.);
#8491 = LINE('',#8492,#8493);
#8492 = CARTESIAN_POINT('',(1.7,-12.2240926625,-83.05));
#8493 = VECTOR('',#8494,1.);
#8494 = DIRECTION('',(0.,0.,1.));
#8495 = PCURVE('',#4429,#8496);
#8496 = DEFINITIONAL_REPRESENTATION('',(#8497),#8501);
#8497 = LINE('',#8498,#8499);
#8498 = CARTESIAN_POINT('',(6.28318530718,-0.));
#8499 = VECTOR('',#8500,1.);
#8500 = DIRECTION('',(0.,1.));
#8501 = ( GEOMETRIC_REPRESENTATION_CONTEXT(2)
PARAMETRIC_REPRESENTATION_CONTEXT() REPRESENTATION_CONTEXT('2D SPACE',''
  ) );
#8502 = PCURVE('',#4429,#8503);
#8503 = DEFINITIONAL_REPRESENTATION('',(#8504),#8508);
#8504 = LINE('',#8505,#8506);
#8505 = CARTESIAN_POINT('',(0.,-0.));
#8506 = VECTOR('',#8507,1.);
#8507 = DIRECTION('',(0.,1.));
#8508 = ( GEOMETRIC_REPRESENTATION_CONTEXT(2)
PARAMETRIC_REPRESENTATION_CONTEXT() REPRESENTATION_CONTEXT('2D SPACE',''
  ) );
#8509 = ORIENTED_EDGE('',*,*,#8510,.F.);
#8510 = EDGE_CURVE('',#8488,#8488,#8511,.T.);
#8511 = SURFACE_CURVE('',#8512,(#8517,#8524),.PCURVE_S1.);
#8512 = CIRCLE('',#8513,1.7);
#8513 = AXIS2_PLACEMENT_3D('',#8514,#8515,#8516);
#8514 = CARTESIAN_POINT('',(0.,-12.2240926625,-81.8));
#8515 = DIRECTION('',(0.,0.,1.));
#8516 = DIRECTION('',(1.,0.,-0.));
#8517 = PCURVE('',#4429,#8518);
#8518 = DEFINITIONAL_REPRESENTATION('',(#8519),#8523);
#8519 = LINE('',#8520,#8521);
#8520 = CARTESIAN_POINT('',(0.,1.25));
#8521 = VECTOR('',#8522,1.);
#8522 = DIRECTION('',(1.,0.));
#8523 = ( GEOMETRIC_REPRESENTATION_CONTEXT(2)
PARAMETRIC_REPRESENTATION_CONTEXT() REPRESENTATION_CONTEXT('2D SPACE',''
  ) );
#8524 = PCURVE('',#8525,#8530);
#8525 = PLANE('',#8526);
#8526 = AXIS2_PLACEMENT_3D('',#8527,#8528,#8529);
#8527 = CARTESIAN_POINT('',(0.,-12.2240926625,-81.8));
#8528 = DIRECTION('',(0.,0.,1.));
#8529 = DIRECTION('',(1.,0.,-0.));
#8530 = DEFINITIONAL_REPRESENTATION('',(#8531),#8535);
#8531 = CIRCLE('',#8532,1.7);
#8532 = AXIS2_PLACEMENT_2D('',#8533,#8534);
#8533 = CARTESIAN_POINT('',(0.,0.));
#8534 = DIRECTION('',(1.,0.));
#8535 = ( GEOMETRIC_REPRESENTATION_CONTEXT(2)
PARAMETRIC_REPRESENTATION_CONTEXT() REPRESENTATION_CONTEXT('2D SPACE',''
  ) );
#8536 = ORIENTED_EDGE('',*,*,#8487,.F.);
#8537 = ORIENTED_EDGE('',*,*,#4412,.T.);
#8538 = ADVANCED_FACE('',(#8539),#4459,.T.);
#8539 = FACE_BOUND('',#8540,.T.);
#8540 = EDGE_LOOP('',(#8541,#8563,#8590,#8610));
#8541 = ORIENTED_EDGE('',*,*,#8542,.F.);
#8542 = EDGE_CURVE('',#8543,#4446,#8545,.T.);
#8543 = VERTEX_POINT('',#8544);
#8544 = CARTESIAN_POINT('',(-25.15,19.301814675,-86.));
#8545 = SURFACE_CURVE('',#8546,(#8549,#8556),.PCURVE_S1.);
#8546 = B_SPLINE_CURVE_WITH_KNOTS('',1,(#8547,#8548),.UNSPECIFIED.,.F.,
  .F.,(2,2),(0.,1.),.PIECEWISE_BEZIER_KNOTS.);
#8547 = CARTESIAN_POINT('',(-25.15,19.301814675,-86.));
#8548 = CARTESIAN_POINT('',(-22.15,16.301814675,-82.95));
#8549 = PCURVE('',#4459,#8550);
#8550 = DEFINITIONAL_REPRESENTATION('',(#8551),#8555);
#8551 = LINE('',#8552,#8553);
#8552 = CARTESIAN_POINT('',(0.,0.));
#8553 = VECTOR('',#8554,1.);
#8554 = DIRECTION('',(0.,1.));
#8555 = ( GEOMETRIC_REPRESENTATION_CONTEXT(2)
PARAMETRIC_REPRESENTATION_CONTEXT() REPRESENTATION_CONTEXT('2D SPACE',''
  ) );
#8556 = PCURVE('',#4484,#8557);
#8557 = DEFINITIONAL_REPRESENTATION('',(#8558),#8562);
#8558 = LINE('',#8559,#8560);
#8559 = CARTESIAN_POINT('',(8.,0.));
#8560 = VECTOR('',#8561,1.);
#8561 = DIRECTION('',(0.,1.));
#8562 = ( GEOMETRIC_REPRESENTATION_CONTEXT(2)
PARAMETRIC_REPRESENTATION_CONTEXT() REPRESENTATION_CONTEXT('2D SPACE',''
  ) );
#8563 = ORIENTED_EDGE('',*,*,#8564,.T.);
#8564 = EDGE_CURVE('',#8543,#8565,#8567,.T.);
#8565 = VERTEX_POINT('',#8566);
#8566 = CARTESIAN_POINT('',(-25.15,21.301814675,-86.));
#8567 = SURFACE_CURVE('',#8568,(#8572,#8578),.PCURVE_S1.);
#8568 = LINE('',#8569,#8570);
#8569 = CARTESIAN_POINT('',(-25.15,19.301814675,-86.));
#8570 = VECTOR('',#8571,1.);
#8571 = DIRECTION('',(0.,1.,0.));
#8572 = PCURVE('',#4459,#8573);
#8573 = DEFINITIONAL_REPRESENTATION('',(#8574),#8577);
#8574 = B_SPLINE_CURVE_WITH_KNOTS('',1,(#8575,#8576),.UNSPECIFIED.,.F.,
  .F.,(2,2),(0.,2.),.PIECEWISE_BEZIER_KNOTS.);
#8575 = CARTESIAN_POINT('',(0.,0.));
#8576 = CARTESIAN_POINT('',(8.,0.));
#8577 = ( GEOMETRIC_REPRESENTATION_CONTEXT(2)
PARAMETRIC_REPRESENTATION_CONTEXT() REPRESENTATION_CONTEXT('2D SPACE',''
  ) );
#8578 = PCURVE('',#8579,#8584);
#8579 = PLANE('',#8580);
#8580 = AXIS2_PLACEMENT_3D('',#8581,#8582,#8583);
#8581 = CARTESIAN_POINT('',(-27.15,19.301814675,-86.));
#8582 = DIRECTION('',(0.,0.,-1.));
#8583 = DIRECTION('',(0.707106781187,0.707106781187,0.));
#8584 = DEFINITIONAL_REPRESENTATION('',(#8585),#8589);
#8585 = LINE('',#8586,#8587);
#8586 = CARTESIAN_POINT('',(1.414213562373,1.414213562373));
#8587 = VECTOR('',#8588,1.);
#8588 = DIRECTION('',(0.707106781187,-0.707106781187));
#8589 = ( GEOMETRIC_REPRESENTATION_CONTEXT(2)
PARAMETRIC_REPRESENTATION_CONTEXT() REPRESENTATION_CONTEXT('2D SPACE',''
  ) );
#8590 = ORIENTED_EDGE('',*,*,#8591,.T.);
#8591 = EDGE_CURVE('',#8565,#4444,#8592,.T.);
#8592 = SURFACE_CURVE('',#8593,(#8596,#8603),.PCURVE_S1.);
#8593 = B_SPLINE_CURVE_WITH_KNOTS('',1,(#8594,#8595),.UNSPECIFIED.,.F.,
  .F.,(2,2),(0.,1.),.PIECEWISE_BEZIER_KNOTS.);
#8594 = CARTESIAN_POINT('',(-25.15,21.301814675,-86.));
#8595 = CARTESIAN_POINT('',(-22.15,24.301814675,-82.95));
#8596 = PCURVE('',#4459,#8597);
#8597 = DEFINITIONAL_REPRESENTATION('',(#8598),#8602);
#8598 = LINE('',#8599,#8600);
#8599 = CARTESIAN_POINT('',(8.,0.));
#8600 = VECTOR('',#8601,1.);
#8601 = DIRECTION('',(0.,1.));
#8602 = ( GEOMETRIC_REPRESENTATION_CONTEXT(2)
PARAMETRIC_REPRESENTATION_CONTEXT() REPRESENTATION_CONTEXT('2D SPACE',''
  ) );
#8603 = PCURVE('',#4532,#8604);
#8604 = DEFINITIONAL_REPRESENTATION('',(#8605),#8609);
#8605 = LINE('',#8606,#8607);
#8606 = CARTESIAN_POINT('',(0.,0.));
#8607 = VECTOR('',#8608,1.);
#8608 = DIRECTION('',(0.,1.));
#8609 = ( GEOMETRIC_REPRESENTATION_CONTEXT(2)
PARAMETRIC_REPRESENTATION_CONTEXT() REPRESENTATION_CONTEXT('2D SPACE',''
  ) );
#8610 = ORIENTED_EDGE('',*,*,#4443,.T.);
#8611 = ADVANCED_FACE('',(#8612),#4532,.T.);
#8612 = FACE_BOUND('',#8613,.T.);
#8613 = EDGE_LOOP('',(#8614,#8615,#8637,#8657));
#8614 = ORIENTED_EDGE('',*,*,#8591,.F.);
#8615 = ORIENTED_EDGE('',*,*,#8616,.T.);
#8616 = EDGE_CURVE('',#8565,#8617,#8619,.T.);
#8617 = VERTEX_POINT('',#8618);
#8618 = CARTESIAN_POINT('',(-27.15,21.301814675,-86.));
#8619 = SURFACE_CURVE('',#8620,(#8624,#8630),.PCURVE_S1.);
#8620 = LINE('',#8621,#8622);
#8621 = CARTESIAN_POINT('',(-25.15,21.301814675,-86.));
#8622 = VECTOR('',#8623,1.);
#8623 = DIRECTION('',(-1.,0.,0.));
#8624 = PCURVE('',#4532,#8625);
#8625 = DEFINITIONAL_REPRESENTATION('',(#8626),#8629);
#8626 = B_SPLINE_CURVE_WITH_KNOTS('',1,(#8627,#8628),.UNSPECIFIED.,.F.,
  .F.,(2,2),(0.,2.),.PIECEWISE_BEZIER_KNOTS.);
#8627 = CARTESIAN_POINT('',(0.,0.));
#8628 = CARTESIAN_POINT('',(8.,0.));
#8629 = ( GEOMETRIC_REPRESENTATION_CONTEXT(2)
PARAMETRIC_REPRESENTATION_CONTEXT() REPRESENTATION_CONTEXT('2D SPACE',''
  ) );
#8630 = PCURVE('',#8579,#8631);
#8631 = DEFINITIONAL_REPRESENTATION('',(#8632),#8636);
#8632 = LINE('',#8633,#8634);
#8633 = CARTESIAN_POINT('',(2.828427124746,0.));
#8634 = VECTOR('',#8635,1.);
#8635 = DIRECTION('',(-0.707106781187,-0.707106781187));
#8636 = ( GEOMETRIC_REPRESENTATION_CONTEXT(2)
PARAMETRIC_REPRESENTATION_CONTEXT() REPRESENTATION_CONTEXT('2D SPACE',''
  ) );
#8637 = ORIENTED_EDGE('',*,*,#8638,.T.);
#8638 = EDGE_CURVE('',#8617,#4496,#8639,.T.);
#8639 = SURFACE_CURVE('',#8640,(#8643,#8650),.PCURVE_S1.);
#8640 = B_SPLINE_CURVE_WITH_KNOTS('',1,(#8641,#8642),.UNSPECIFIED.,.F.,
  .F.,(2,2),(0.,1.),.PIECEWISE_BEZIER_KNOTS.);
#8641 = CARTESIAN_POINT('',(-27.15,21.301814675,-86.));
#8642 = CARTESIAN_POINT('',(-30.15,24.301814675,-82.95));
#8643 = PCURVE('',#4532,#8644);
#8644 = DEFINITIONAL_REPRESENTATION('',(#8645),#8649);
#8645 = LINE('',#8646,#8647);
#8646 = CARTESIAN_POINT('',(8.,0.));
#8647 = VECTOR('',#8648,1.);
#8648 = DIRECTION('',(0.,1.));
#8649 = ( GEOMETRIC_REPRESENTATION_CONTEXT(2)
PARAMETRIC_REPRESENTATION_CONTEXT() REPRESENTATION_CONTEXT('2D SPACE',''
  ) );
#8650 = PCURVE('',#4509,#8651);
#8651 = DEFINITIONAL_REPRESENTATION('',(#8652),#8656);
#8652 = LINE('',#8653,#8654);
#8653 = CARTESIAN_POINT('',(0.,0.));
#8654 = VECTOR('',#8655,1.);
#8655 = DIRECTION('',(0.,1.));
#8656 = ( GEOMETRIC_REPRESENTATION_CONTEXT(2)
PARAMETRIC_REPRESENTATION_CONTEXT() REPRESENTATION_CONTEXT('2D SPACE',''
  ) );
#8657 = ORIENTED_EDGE('',*,*,#4520,.T.);
#8658 = ADVANCED_FACE('',(#8659),#4484,.T.);
#8659 = FACE_BOUND('',#8660,.T.);
#8660 = EDGE_LOOP('',(#8661,#8683,#8703,#8704));
#8661 = ORIENTED_EDGE('',*,*,#8662,.F.);
#8662 = EDGE_CURVE('',#8663,#4471,#8665,.T.);
#8663 = VERTEX_POINT('',#8664);
#8664 = CARTESIAN_POINT('',(-27.15,19.301814675,-86.));
#8665 = SURFACE_CURVE('',#8666,(#8669,#8676),.PCURVE_S1.);
#8666 = B_SPLINE_CURVE_WITH_KNOTS('',1,(#8667,#8668),.UNSPECIFIED.,.F.,
  .F.,(2,2),(0.,1.),.PIECEWISE_BEZIER_KNOTS.);
#8667 = CARTESIAN_POINT('',(-27.15,19.301814675,-86.));
#8668 = CARTESIAN_POINT('',(-30.15,16.301814675,-82.95));
#8669 = PCURVE('',#4484,#8670);
#8670 = DEFINITIONAL_REPRESENTATION('',(#8671),#8675);
#8671 = LINE('',#8672,#8673);
#8672 = CARTESIAN_POINT('',(0.,0.));
#8673 = VECTOR('',#8674,1.);
#8674 = DIRECTION('',(0.,1.));
#8675 = ( GEOMETRIC_REPRESENTATION_CONTEXT(2)
PARAMETRIC_REPRESENTATION_CONTEXT() REPRESENTATION_CONTEXT('2D SPACE',''
  ) );
#8676 = PCURVE('',#4509,#8677);
#8677 = DEFINITIONAL_REPRESENTATION('',(#8678),#8682);
#8678 = LINE('',#8679,#8680);
#8679 = CARTESIAN_POINT('',(8.,0.));
#8680 = VECTOR('',#8681,1.);
#8681 = DIRECTION('',(0.,1.));
#8682 = ( GEOMETRIC_REPRESENTATION_CONTEXT(2)
PARAMETRIC_REPRESENTATION_CONTEXT() REPRESENTATION_CONTEXT('2D SPACE',''
  ) );
#8683 = ORIENTED_EDGE('',*,*,#8684,.T.);
#8684 = EDGE_CURVE('',#8663,#8543,#8685,.T.);
#8685 = SURFACE_CURVE('',#8686,(#8690,#8696),.PCURVE_S1.);
#8686 = LINE('',#8687,#8688);
#8687 = CARTESIAN_POINT('',(-27.15,19.301814675,-86.));
#8688 = VECTOR('',#8689,1.);
#8689 = DIRECTION('',(1.,0.,0.));
#8690 = PCURVE('',#4484,#8691);
#8691 = DEFINITIONAL_REPRESENTATION('',(#8692),#8695);
#8692 = B_SPLINE_CURVE_WITH_KNOTS('',1,(#8693,#8694),.UNSPECIFIED.,.F.,
  .F.,(2,2),(0.,2.),.PIECEWISE_BEZIER_KNOTS.);
#8693 = CARTESIAN_POINT('',(0.,0.));
#8694 = CARTESIAN_POINT('',(8.,0.));
#8695 = ( GEOMETRIC_REPRESENTATION_CONTEXT(2)
PARAMETRIC_REPRESENTATION_CONTEXT() REPRESENTATION_CONTEXT('2D SPACE',''
  ) );
#8696 = PCURVE('',#8579,#8697);
#8697 = DEFINITIONAL_REPRESENTATION('',(#8698),#8702);
#8698 = LINE('',#8699,#8700);
#8699 = CARTESIAN_POINT('',(0.,0.));
#8700 = VECTOR('',#8701,1.);
#8701 = DIRECTION('',(0.707106781187,0.707106781187));
#8702 = ( GEOMETRIC_REPRESENTATION_CONTEXT(2)
PARAMETRIC_REPRESENTATION_CONTEXT() REPRESENTATION_CONTEXT('2D SPACE',''
  ) );
#8703 = ORIENTED_EDGE('',*,*,#8542,.T.);
#8704 = ORIENTED_EDGE('',*,*,#4470,.T.);
#8705 = ADVANCED_FACE('',(#8706),#4509,.T.);
#8706 = FACE_BOUND('',#8707,.T.);
#8707 = EDGE_LOOP('',(#8708,#8709,#8729,#8730));
#8708 = ORIENTED_EDGE('',*,*,#8638,.F.);
#8709 = ORIENTED_EDGE('',*,*,#8710,.T.);
#8710 = EDGE_CURVE('',#8617,#8663,#8711,.T.);
#8711 = SURFACE_CURVE('',#8712,(#8716,#8722),.PCURVE_S1.);
#8712 = LINE('',#8713,#8714);
#8713 = CARTESIAN_POINT('',(-27.15,21.301814675,-86.));
#8714 = VECTOR('',#8715,1.);
#8715 = DIRECTION('',(0.,-1.,0.));
#8716 = PCURVE('',#4509,#8717);
#8717 = DEFINITIONAL_REPRESENTATION('',(#8718),#8721);
#8718 = B_SPLINE_CURVE_WITH_KNOTS('',1,(#8719,#8720),.UNSPECIFIED.,.F.,
  .F.,(2,2),(0.,2.),.PIECEWISE_BEZIER_KNOTS.);
#8719 = CARTESIAN_POINT('',(0.,0.));
#8720 = CARTESIAN_POINT('',(8.,0.));
#8721 = ( GEOMETRIC_REPRESENTATION_CONTEXT(2)
PARAMETRIC_REPRESENTATION_CONTEXT() REPRESENTATION_CONTEXT('2D SPACE',''
  ) );
#8722 = PCURVE('',#8579,#8723);
#8723 = DEFINITIONAL_REPRESENTATION('',(#8724),#8728);
#8724 = LINE('',#8725,#8726);
#8725 = CARTESIAN_POINT('',(1.414213562373,-1.414213562373));
#8726 = VECTOR('',#8727,1.);
#8727 = DIRECTION('',(-0.707106781187,0.707106781187));
#8728 = ( GEOMETRIC_REPRESENTATION_CONTEXT(2)
PARAMETRIC_REPRESENTATION_CONTEXT() REPRESENTATION_CONTEXT('2D SPACE',''
  ) );
#8729 = ORIENTED_EDGE('',*,*,#8662,.T.);
#8730 = ORIENTED_EDGE('',*,*,#4495,.T.);
#8731 = ADVANCED_FACE('',(#8732),#4561,.T.);
#8732 = FACE_BOUND('',#8733,.T.);
#8733 = EDGE_LOOP('',(#8734,#8756,#8783,#8803));
#8734 = ORIENTED_EDGE('',*,*,#8735,.F.);
#8735 = EDGE_CURVE('',#8736,#4548,#8738,.T.);
#8736 = VERTEX_POINT('',#8737);
#8737 = CARTESIAN_POINT('',(27.15,19.301814675,-86.));
#8738 = SURFACE_CURVE('',#8739,(#8742,#8749),.PCURVE_S1.);
#8739 = B_SPLINE_CURVE_WITH_KNOTS('',1,(#8740,#8741),.UNSPECIFIED.,.F.,
  .F.,(2,2),(0.,1.),.PIECEWISE_BEZIER_KNOTS.);
#8740 = CARTESIAN_POINT('',(27.15,19.301814675,-86.));
#8741 = CARTESIAN_POINT('',(30.15,16.301814675,-82.95));
#8742 = PCURVE('',#4561,#8743);
#8743 = DEFINITIONAL_REPRESENTATION('',(#8744),#8748);
#8744 = LINE('',#8745,#8746);
#8745 = CARTESIAN_POINT('',(0.,0.));
#8746 = VECTOR('',#8747,1.);
#8747 = DIRECTION('',(0.,1.));
#8748 = ( GEOMETRIC_REPRESENTATION_CONTEXT(2)
PARAMETRIC_REPRESENTATION_CONTEXT() REPRESENTATION_CONTEXT('2D SPACE',''
  ) );
#8749 = PCURVE('',#4586,#8750);
#8750 = DEFINITIONAL_REPRESENTATION('',(#8751),#8755);
#8751 = LINE('',#8752,#8753);
#8752 = CARTESIAN_POINT('',(8.,0.));
#8753 = VECTOR('',#8754,1.);
#8754 = DIRECTION('',(0.,1.));
#8755 = ( GEOMETRIC_REPRESENTATION_CONTEXT(2)
PARAMETRIC_REPRESENTATION_CONTEXT() REPRESENTATION_CONTEXT('2D SPACE',''
  ) );
#8756 = ORIENTED_EDGE('',*,*,#8757,.T.);
#8757 = EDGE_CURVE('',#8736,#8758,#8760,.T.);
#8758 = VERTEX_POINT('',#8759);
#8759 = CARTESIAN_POINT('',(27.15,21.301814675,-86.));
#8760 = SURFACE_CURVE('',#8761,(#8765,#8771),.PCURVE_S1.);
#8761 = LINE('',#8762,#8763);
#8762 = CARTESIAN_POINT('',(27.15,19.301814675,-86.));
#8763 = VECTOR('',#8764,1.);
#8764 = DIRECTION('',(0.,1.,0.));
#8765 = PCURVE('',#4561,#8766);
#8766 = DEFINITIONAL_REPRESENTATION('',(#8767),#8770);
#8767 = B_SPLINE_CURVE_WITH_KNOTS('',1,(#8768,#8769),.UNSPECIFIED.,.F.,
  .F.,(2,2),(0.,2.),.PIECEWISE_BEZIER_KNOTS.);
#8768 = CARTESIAN_POINT('',(0.,0.));
#8769 = CARTESIAN_POINT('',(8.,0.));
#8770 = ( GEOMETRIC_REPRESENTATION_CONTEXT(2)
PARAMETRIC_REPRESENTATION_CONTEXT() REPRESENTATION_CONTEXT('2D SPACE',''
  ) );
#8771 = PCURVE('',#8772,#8777);
#8772 = PLANE('',#8773);
#8773 = AXIS2_PLACEMENT_3D('',#8774,#8775,#8776);
#8774 = CARTESIAN_POINT('',(25.15,19.301814675,-86.));
#8775 = DIRECTION('',(0.,0.,-1.));
#8776 = DIRECTION('',(0.707106781187,0.707106781187,0.));
#8777 = DEFINITIONAL_REPRESENTATION('',(#8778),#8782);
#8778 = LINE('',#8779,#8780);
#8779 = CARTESIAN_POINT('',(1.414213562373,1.414213562373));
#8780 = VECTOR('',#8781,1.);
#8781 = DIRECTION('',(0.707106781187,-0.707106781187));
#8782 = ( GEOMETRIC_REPRESENTATION_CONTEXT(2)
PARAMETRIC_REPRESENTATION_CONTEXT() REPRESENTATION_CONTEXT('2D SPACE',''
  ) );
#8783 = ORIENTED_EDGE('',*,*,#8784,.T.);
#8784 = EDGE_CURVE('',#8758,#4546,#8785,.T.);
#8785 = SURFACE_CURVE('',#8786,(#8789,#8796),.PCURVE_S1.);
#8786 = B_SPLINE_CURVE_WITH_KNOTS('',1,(#8787,#8788),.UNSPECIFIED.,.F.,
  .F.,(2,2),(0.,1.),.PIECEWISE_BEZIER_KNOTS.);
#8787 = CARTESIAN_POINT('',(27.15,21.301814675,-86.));
#8788 = CARTESIAN_POINT('',(30.15,24.301814675,-82.95));
#8789 = PCURVE('',#4561,#8790);
#8790 = DEFINITIONAL_REPRESENTATION('',(#8791),#8795);
#8791 = LINE('',#8792,#8793);
#8792 = CARTESIAN_POINT('',(8.,0.));
#8793 = VECTOR('',#8794,1.);
#8794 = DIRECTION('',(0.,1.));
#8795 = ( GEOMETRIC_REPRESENTATION_CONTEXT(2)
PARAMETRIC_REPRESENTATION_CONTEXT() REPRESENTATION_CONTEXT('2D SPACE',''
  ) );
#8796 = PCURVE('',#4634,#8797);
#8797 = DEFINITIONAL_REPRESENTATION('',(#8798),#8802);
#8798 = LINE('',#8799,#8800);
#8799 = CARTESIAN_POINT('',(0.,0.));
#8800 = VECTOR('',#8801,1.);
#8801 = DIRECTION('',(0.,1.));
#8802 = ( GEOMETRIC_REPRESENTATION_CONTEXT(2)
PARAMETRIC_REPRESENTATION_CONTEXT() REPRESENTATION_CONTEXT('2D SPACE',''
  ) );
#8803 = ORIENTED_EDGE('',*,*,#4545,.T.);
#8804 = ADVANCED_FACE('',(#8805),#4634,.T.);
#8805 = FACE_BOUND('',#8806,.T.);
#8806 = EDGE_LOOP('',(#8807,#8808,#8830,#8850));
#8807 = ORIENTED_EDGE('',*,*,#8784,.F.);
#8808 = ORIENTED_EDGE('',*,*,#8809,.T.);
#8809 = EDGE_CURVE('',#8758,#8810,#8812,.T.);
#8810 = VERTEX_POINT('',#8811);
#8811 = CARTESIAN_POINT('',(25.15,21.301814675,-86.));
#8812 = SURFACE_CURVE('',#8813,(#8817,#8823),.PCURVE_S1.);
#8813 = LINE('',#8814,#8815);
#8814 = CARTESIAN_POINT('',(27.15,21.301814675,-86.));
#8815 = VECTOR('',#8816,1.);
#8816 = DIRECTION('',(-1.,0.,0.));
#8817 = PCURVE('',#4634,#8818);
#8818 = DEFINITIONAL_REPRESENTATION('',(#8819),#8822);
#8819 = B_SPLINE_CURVE_WITH_KNOTS('',1,(#8820,#8821),.UNSPECIFIED.,.F.,
  .F.,(2,2),(0.,2.),.PIECEWISE_BEZIER_KNOTS.);
#8820 = CARTESIAN_POINT('',(0.,0.));
#8821 = CARTESIAN_POINT('',(8.,0.));
#8822 = ( GEOMETRIC_REPRESENTATION_CONTEXT(2)
PARAMETRIC_REPRESENTATION_CONTEXT() REPRESENTATION_CONTEXT('2D SPACE',''
  ) );
#8823 = PCURVE('',#8772,#8824);
#8824 = DEFINITIONAL_REPRESENTATION('',(#8825),#8829);
#8825 = LINE('',#8826,#8827);
#8826 = CARTESIAN_POINT('',(2.828427124746,0.));
#8827 = VECTOR('',#8828,1.);
#8828 = DIRECTION('',(-0.707106781187,-0.707106781187));
#8829 = ( GEOMETRIC_REPRESENTATION_CONTEXT(2)
PARAMETRIC_REPRESENTATION_CONTEXT() REPRESENTATION_CONTEXT('2D SPACE',''
  ) );
#8830 = ORIENTED_EDGE('',*,*,#8831,.T.);
#8831 = EDGE_CURVE('',#8810,#4598,#8832,.T.);
#8832 = SURFACE_CURVE('',#8833,(#8836,#8843),.PCURVE_S1.);
#8833 = B_SPLINE_CURVE_WITH_KNOTS('',1,(#8834,#8835),.UNSPECIFIED.,.F.,
  .F.,(2,2),(0.,1.),.PIECEWISE_BEZIER_KNOTS.);
#8834 = CARTESIAN_POINT('',(25.15,21.301814675,-86.));
#8835 = CARTESIAN_POINT('',(22.15,24.301814675,-82.95));
#8836 = PCURVE('',#4634,#8837);
#8837 = DEFINITIONAL_REPRESENTATION('',(#8838),#8842);
#8838 = LINE('',#8839,#8840);
#8839 = CARTESIAN_POINT('',(8.,0.));
#8840 = VECTOR('',#8841,1.);
#8841 = DIRECTION('',(0.,1.));
#8842 = ( GEOMETRIC_REPRESENTATION_CONTEXT(2)
PARAMETRIC_REPRESENTATION_CONTEXT() REPRESENTATION_CONTEXT('2D SPACE',''
  ) );
#8843 = PCURVE('',#4611,#8844);
#8844 = DEFINITIONAL_REPRESENTATION('',(#8845),#8849);
#8845 = LINE('',#8846,#8847);
#8846 = CARTESIAN_POINT('',(0.,0.));
#8847 = VECTOR('',#8848,1.);
#8848 = DIRECTION('',(0.,1.));
#8849 = ( GEOMETRIC_REPRESENTATION_CONTEXT(2)
PARAMETRIC_REPRESENTATION_CONTEXT() REPRESENTATION_CONTEXT('2D SPACE',''
  ) );
#8850 = ORIENTED_EDGE('',*,*,#4622,.T.);
#8851 = ADVANCED_FACE('',(#8852),#4586,.T.);
#8852 = FACE_BOUND('',#8853,.T.);
#8853 = EDGE_LOOP('',(#8854,#8876,#8896,#8897));
#8854 = ORIENTED_EDGE('',*,*,#8855,.F.);
#8855 = EDGE_CURVE('',#8856,#4573,#8858,.T.);
#8856 = VERTEX_POINT('',#8857);
#8857 = CARTESIAN_POINT('',(25.15,19.301814675,-86.));
#8858 = SURFACE_CURVE('',#8859,(#8862,#8869),.PCURVE_S1.);
#8859 = B_SPLINE_CURVE_WITH_KNOTS('',1,(#8860,#8861),.UNSPECIFIED.,.F.,
  .F.,(2,2),(0.,1.),.PIECEWISE_BEZIER_KNOTS.);
#8860 = CARTESIAN_POINT('',(25.15,19.301814675,-86.));
#8861 = CARTESIAN_POINT('',(22.15,16.301814675,-82.95));
#8862 = PCURVE('',#4586,#8863);
#8863 = DEFINITIONAL_REPRESENTATION('',(#8864),#8868);
#8864 = LINE('',#8865,#8866);
#8865 = CARTESIAN_POINT('',(0.,0.));
#8866 = VECTOR('',#8867,1.);
#8867 = DIRECTION('',(0.,1.));
#8868 = ( GEOMETRIC_REPRESENTATION_CONTEXT(2)
PARAMETRIC_REPRESENTATION_CONTEXT() REPRESENTATION_CONTEXT('2D SPACE',''
  ) );
#8869 = PCURVE('',#4611,#8870);
#8870 = DEFINITIONAL_REPRESENTATION('',(#8871),#8875);
#8871 = LINE('',#8872,#8873);
#8872 = CARTESIAN_POINT('',(8.,0.));
#8873 = VECTOR('',#8874,1.);
#8874 = DIRECTION('',(0.,1.));
#8875 = ( GEOMETRIC_REPRESENTATION_CONTEXT(2)
PARAMETRIC_REPRESENTATION_CONTEXT() REPRESENTATION_CONTEXT('2D SPACE',''
  ) );
#8876 = ORIENTED_EDGE('',*,*,#8877,.T.);
#8877 = EDGE_CURVE('',#8856,#8736,#8878,.T.);
#8878 = SURFACE_CURVE('',#8879,(#8883,#8889),.PCURVE_S1.);
#8879 = LINE('',#8880,#8881);
#8880 = CARTESIAN_POINT('',(25.15,19.301814675,-86.));
#8881 = VECTOR('',#8882,1.);
#8882 = DIRECTION('',(1.,0.,0.));
#8883 = PCURVE('',#4586,#8884);
#8884 = DEFINITIONAL_REPRESENTATION('',(#8885),#8888);
#8885 = B_SPLINE_CURVE_WITH_KNOTS('',1,(#8886,#8887),.UNSPECIFIED.,.F.,
  .F.,(2,2),(0.,2.),.PIECEWISE_BEZIER_KNOTS.);
#8886 = CARTESIAN_POINT('',(0.,0.));
#8887 = CARTESIAN_POINT('',(8.,0.));
#8888 = ( GEOMETRIC_REPRESENTATION_CONTEXT(2)
PARAMETRIC_REPRESENTATION_CONTEXT() REPRESENTATION_CONTEXT('2D SPACE',''
  ) );
#8889 = PCURVE('',#8772,#8890);
#8890 = DEFINITIONAL_REPRESENTATION('',(#8891),#8895);
#8891 = LINE('',#8892,#8893);
#8892 = CARTESIAN_POINT('',(0.,0.));
#8893 = VECTOR('',#8894,1.);
#8894 = DIRECTION('',(0.707106781187,0.707106781187));
#8895 = ( GEOMETRIC_REPRESENTATION_CONTEXT(2)
PARAMETRIC_REPRESENTATION_CONTEXT() REPRESENTATION_CONTEXT('2D SPACE',''
  ) );
#8896 = ORIENTED_EDGE('',*,*,#8735,.T.);
#8897 = ORIENTED_EDGE('',*,*,#4572,.T.);
#8898 = ADVANCED_FACE('',(#8899),#4611,.T.);
#8899 = FACE_BOUND('',#8900,.T.);
#8900 = EDGE_LOOP('',(#8901,#8902,#8922,#8923));
#8901 = ORIENTED_EDGE('',*,*,#8831,.F.);
#8902 = ORIENTED_EDGE('',*,*,#8903,.T.);
#8903 = EDGE_CURVE('',#8810,#8856,#8904,.T.);
#8904 = SURFACE_CURVE('',#8905,(#8909,#8915),.PCURVE_S1.);
#8905 = LINE('',#8906,#8907);
#8906 = CARTESIAN_POINT('',(25.15,21.301814675,-86.));
#8907 = VECTOR('',#8908,1.);
#8908 = DIRECTION('',(0.,-1.,0.));
#8909 = PCURVE('',#4611,#8910);
#8910 = DEFINITIONAL_REPRESENTATION('',(#8911),#8914);
#8911 = B_SPLINE_CURVE_WITH_KNOTS('',1,(#8912,#8913),.UNSPECIFIED.,.F.,
  .F.,(2,2),(0.,2.),.PIECEWISE_BEZIER_KNOTS.);
#8912 = CARTESIAN_POINT('',(0.,0.));
#8913 = CARTESIAN_POINT('',(8.,0.));
#8914 = ( GEOMETRIC_REPRESENTATION_CONTEXT(2)
PARAMETRIC_REPRESENTATION_CONTEXT() REPRESENTATION_CONTEXT('2D SPACE',''
  ) );
#8915 = PCURVE('',#8772,#8916);
#8916 = DEFINITIONAL_REPRESENTATION('',(#8917),#8921);
#8917 = LINE('',#8918,#8919);
#8918 = CARTESIAN_POINT('',(1.414213562373,-1.414213562373));
#8919 = VECTOR('',#8920,1.);
#8920 = DIRECTION('',(-0.707106781187,0.707106781187));
#8921 = ( GEOMETRIC_REPRESENTATION_CONTEXT(2)
PARAMETRIC_REPRESENTATION_CONTEXT() REPRESENTATION_CONTEXT('2D SPACE',''
  ) );
#8922 = ORIENTED_EDGE('',*,*,#8855,.T.);
#8923 = ORIENTED_EDGE('',*,*,#4597,.T.);
#8924 = ADVANCED_FACE('',(#8925),#4706,.F.);
#8925 = FACE_BOUND('',#8926,.F.);
#8926 = EDGE_LOOP('',(#8927,#8948,#8949,#8950));
#8927 = ORIENTED_EDGE('',*,*,#8928,.F.);
#8928 = EDGE_CURVE('',#5998,#4649,#8929,.T.);
#8929 = SURFACE_CURVE('',#8930,(#8934,#8941),.PCURVE_S1.);
#8930 = LINE('',#8931,#8932);
#8931 = CARTESIAN_POINT('',(-32.15,-64.8,64.32));
#8932 = VECTOR('',#8933,1.);
#8933 = DIRECTION('',(0.,1.,0.));
#8934 = PCURVE('',#4706,#8935);
#8935 = DEFINITIONAL_REPRESENTATION('',(#8936),#8940);
#8936 = LINE('',#8937,#8938);
#8937 = CARTESIAN_POINT('',(0.,0.));
#8938 = VECTOR('',#8939,1.);
#8939 = DIRECTION('',(0.,1.));
#8940 = ( GEOMETRIC_REPRESENTATION_CONTEXT(2)
PARAMETRIC_REPRESENTATION_CONTEXT() REPRESENTATION_CONTEXT('2D SPACE',''
  ) );
#8941 = PCURVE('',#4758,#8942);
#8942 = DEFINITIONAL_REPRESENTATION('',(#8943),#8947);
#8943 = LINE('',#8944,#8945);
#8944 = CARTESIAN_POINT('',(139.32,0.));
#8945 = VECTOR('',#8946,1.);
#8946 = DIRECTION('',(0.,-1.));
#8947 = ( GEOMETRIC_REPRESENTATION_CONTEXT(2)
PARAMETRIC_REPRESENTATION_CONTEXT() REPRESENTATION_CONTEXT('2D SPACE',''
  ) );
#8948 = ORIENTED_EDGE('',*,*,#5997,.T.);
#8949 = ORIENTED_EDGE('',*,*,#5028,.T.);
#8950 = ORIENTED_EDGE('',*,*,#4691,.F.);
#8951 = ADVANCED_FACE('',(#8952,#8978,#9008,#9038),#4758,.T.);
#8952 = FACE_BOUND('',#8953,.T.);
#8953 = EDGE_LOOP('',(#8954,#8955,#8956,#8977));
#8954 = ORIENTED_EDGE('',*,*,#8928,.F.);
#8955 = ORIENTED_EDGE('',*,*,#6021,.T.);
#8956 = ORIENTED_EDGE('',*,*,#8957,.T.);
#8957 = EDGE_CURVE('',#6022,#4722,#8958,.T.);
#8958 = SURFACE_CURVE('',#8959,(#8963,#8970),.PCURVE_S1.);
#8959 = LINE('',#8960,#8961);
#8960 = CARTESIAN_POINT('',(-32.15,-64.8,-73.));
#8961 = VECTOR('',#8962,1.);
#8962 = DIRECTION('',(0.,1.,0.));
#8963 = PCURVE('',#4758,#8964);
#8964 = DEFINITIONAL_REPRESENTATION('',(#8965),#8969);
#8965 = LINE('',#8966,#8967);
#8966 = CARTESIAN_POINT('',(2.,0.));
#8967 = VECTOR('',#8968,1.);
#8968 = DIRECTION('',(0.,-1.));
#8969 = ( GEOMETRIC_REPRESENTATION_CONTEXT(2)
PARAMETRIC_REPRESENTATION_CONTEXT() REPRESENTATION_CONTEXT('2D SPACE',''
  ) );
#8970 = PCURVE('',#4858,#8971);
#8971 = DEFINITIONAL_REPRESENTATION('',(#8972),#8976);
#8972 = LINE('',#8973,#8974);
#8973 = CARTESIAN_POINT('',(-0.,0.));
#8974 = VECTOR('',#8975,1.);
#8975 = DIRECTION('',(-0.,1.));
#8976 = ( GEOMETRIC_REPRESENTATION_CONTEXT(2)
PARAMETRIC_REPRESENTATION_CONTEXT() REPRESENTATION_CONTEXT('2D SPACE',''
  ) );
#8977 = ORIENTED_EDGE('',*,*,#4744,.T.);
#8978 = FACE_BOUND('',#8979,.T.);
#8979 = EDGE_LOOP('',(#8980));
#8980 = ORIENTED_EDGE('',*,*,#8981,.F.);
#8981 = EDGE_CURVE('',#8982,#8982,#8984,.T.);
#8982 = VERTEX_POINT('',#8983);
#8983 = CARTESIAN_POINT('',(-32.15,17.5,-3.5));
#8984 = SURFACE_CURVE('',#8985,(#8990,#8997),.PCURVE_S1.);
#8985 = CIRCLE('',#8986,4.5);
#8986 = AXIS2_PLACEMENT_3D('',#8987,#8988,#8989);
#8987 = CARTESIAN_POINT('',(-32.15,17.5,-8.));
#8988 = DIRECTION('',(1.,0.,0.));
#8989 = DIRECTION('',(-0.,0.,1.));
#8990 = PCURVE('',#4758,#8991);
#8991 = DEFINITIONAL_REPRESENTATION('',(#8992),#8996);
#8992 = CIRCLE('',#8993,4.5);
#8993 = AXIS2_PLACEMENT_2D('',#8994,#8995);
#8994 = CARTESIAN_POINT('',(67.,-82.3));
#8995 = DIRECTION('',(1.,0.));
#8996 = ( GEOMETRIC_REPRESENTATION_CONTEXT(2)
PARAMETRIC_REPRESENTATION_CONTEXT() REPRESENTATION_CONTEXT('2D SPACE',''
  ) );
#8997 = PCURVE('',#8998,#9003);
#8998 = CONICAL_SURFACE('',#8999,4.5,0.785398163397);
#8999 = AXIS2_PLACEMENT_3D('',#9000,#9001,#9002);
#9000 = CARTESIAN_POINT('',(-32.15,17.5,-8.));
#9001 = DIRECTION('',(-1.,-0.,-0.));
#9002 = DIRECTION('',(-0.,0.,1.));
#9003 = DEFINITIONAL_REPRESENTATION('',(#9004),#9007);
#9004 = B_SPLINE_CURVE_WITH_KNOTS('',1,(#9005,#9006),.UNSPECIFIED.,.F.,
  .F.,(2,2),(0.,6.28318530718),.PIECEWISE_BEZIER_KNOTS.);
#9005 = CARTESIAN_POINT('',(0.,0.));
#9006 = CARTESIAN_POINT('',(-6.28318530718,0.));
#9007 = ( GEOMETRIC_REPRESENTATION_CONTEXT(2)
PARAMETRIC_REPRESENTATION_CONTEXT() REPRESENTATION_CONTEXT('2D SPACE',''
  ) );
#9008 = FACE_BOUND('',#9009,.T.);
#9009 = EDGE_LOOP('',(#9010));
#9010 = ORIENTED_EDGE('',*,*,#9011,.F.);
#9011 = EDGE_CURVE('',#9012,#9012,#9014,.T.);
#9012 = VERTEX_POINT('',#9013);
#9013 = CARTESIAN_POINT('',(-32.15,-17.5,-3.5));
#9014 = SURFACE_CURVE('',#9015,(#9020,#9027),.PCURVE_S1.);
#9015 = CIRCLE('',#9016,4.5);
#9016 = AXIS2_PLACEMENT_3D('',#9017,#9018,#9019);
#9017 = CARTESIAN_POINT('',(-32.15,-17.5,-8.));
#9018 = DIRECTION('',(1.,0.,0.));
#9019 = DIRECTION('',(-0.,0.,1.));
#9020 = PCURVE('',#4758,#9021);
#9021 = DEFINITIONAL_REPRESENTATION('',(#9022),#9026);
#9022 = CIRCLE('',#9023,4.5);
#9023 = AXIS2_PLACEMENT_2D('',#9024,#9025);
#9024 = CARTESIAN_POINT('',(67.,-47.3));
#9025 = DIRECTION('',(1.,0.));
#9026 = ( GEOMETRIC_REPRESENTATION_CONTEXT(2)
PARAMETRIC_REPRESENTATION_CONTEXT() REPRESENTATION_CONTEXT('2D SPACE',''
  ) );
#9027 = PCURVE('',#9028,#9033);
#9028 = CONICAL_SURFACE('',#9029,4.5,0.785398163397);
#9029 = AXIS2_PLACEMENT_3D('',#9030,#9031,#9032);
#9030 = CARTESIAN_POINT('',(-32.15,-17.5,-8.));
#9031 = DIRECTION('',(-1.,-0.,-0.));
#9032 = DIRECTION('',(-0.,0.,1.));
#9033 = DEFINITIONAL_REPRESENTATION('',(#9034),#9037);
#9034 = B_SPLINE_CURVE_WITH_KNOTS('',1,(#9035,#9036),.UNSPECIFIED.,.F.,
  .F.,(2,2),(0.,6.28318530718),.PIECEWISE_BEZIER_KNOTS.);
#9035 = CARTESIAN_POINT('',(0.,0.));
#9036 = CARTESIAN_POINT('',(-6.28318530718,0.));
#9037 = ( GEOMETRIC_REPRESENTATION_CONTEXT(2)
PARAMETRIC_REPRESENTATION_CONTEXT() REPRESENTATION_CONTEXT('2D SPACE',''
  ) );
#9038 = FACE_BOUND('',#9039,.T.);
#9039 = EDGE_LOOP('',(#9040));
#9040 = ORIENTED_EDGE('',*,*,#9041,.F.);
#9041 = EDGE_CURVE('',#9042,#9042,#9044,.T.);
#9042 = VERTEX_POINT('',#9043);
#9043 = CARTESIAN_POINT('',(-32.15,1.224646799147E-15,5.));
#9044 = SURFACE_CURVE('',#9045,(#9050,#9057),.PCURVE_S1.);
#9045 = CIRCLE('',#9046,5.);
#9046 = AXIS2_PLACEMENT_3D('',#9047,#9048,#9049);
#9047 = CARTESIAN_POINT('',(-32.15,0.,0.));
#9048 = DIRECTION('',(1.,0.,0.));
#9049 = DIRECTION('',(-0.,0.,1.));
#9050 = PCURVE('',#4758,#9051);
#9051 = DEFINITIONAL_REPRESENTATION('',(#9052),#9056);
#9052 = CIRCLE('',#9053,5.);
#9053 = AXIS2_PLACEMENT_2D('',#9054,#9055);
#9054 = CARTESIAN_POINT('',(75.,-64.8));
#9055 = DIRECTION('',(1.,0.));
#9056 = ( GEOMETRIC_REPRESENTATION_CONTEXT(2)
PARAMETRIC_REPRESENTATION_CONTEXT() REPRESENTATION_CONTEXT('2D SPACE',''
  ) );
#9057 = PCURVE('',#9058,#9063);
#9058 = CYLINDRICAL_SURFACE('',#9059,5.);
#9059 = AXIS2_PLACEMENT_3D('',#9060,#9061,#9062);
#9060 = CARTESIAN_POINT('',(-32.2,0.,0.));
#9061 = DIRECTION('',(1.,0.,0.));
#9062 = DIRECTION('',(-0.,0.,1.));
#9063 = DEFINITIONAL_REPRESENTATION('',(#9064),#9068);
#9064 = LINE('',#9065,#9066);
#9065 = CARTESIAN_POINT('',(0.,5.E-02));
#9066 = VECTOR('',#9067,1.);
#9067 = DIRECTION('',(1.,0.));
#9068 = ( GEOMETRIC_REPRESENTATION_CONTEXT(2)
PARAMETRIC_REPRESENTATION_CONTEXT() REPRESENTATION_CONTEXT('2D SPACE',''
  ) );
#9069 = ADVANCED_FACE('',(#9070),#4858,.F.);
#9070 = FACE_BOUND('',#9071,.T.);
#9071 = EDGE_LOOP('',(#9072,#9073,#9074,#9095));
#9072 = ORIENTED_EDGE('',*,*,#8957,.F.);
#9073 = ORIENTED_EDGE('',*,*,#6042,.F.);
#9074 = ORIENTED_EDGE('',*,*,#9075,.T.);
#9075 = EDGE_CURVE('',#6043,#4821,#9076,.T.);
#9076 = SURFACE_CURVE('',#9077,(#9081,#9088),.PCURVE_S1.);
#9077 = LINE('',#9078,#9079);
#9078 = CARTESIAN_POINT('',(-30.15,-64.8,-75.));
#9079 = VECTOR('',#9080,1.);
#9080 = DIRECTION('',(0.,1.,0.));
#9081 = PCURVE('',#4858,#9082);
#9082 = DEFINITIONAL_REPRESENTATION('',(#9083),#9087);
#9083 = LINE('',#9084,#9085);
#9084 = CARTESIAN_POINT('',(-1.570796326795,0.));
#9085 = VECTOR('',#9086,1.);
#9086 = DIRECTION('',(-0.,1.));
#9087 = ( GEOMETRIC_REPRESENTATION_CONTEXT(2)
PARAMETRIC_REPRESENTATION_CONTEXT() REPRESENTATION_CONTEXT('2D SPACE',''
  ) );
#9088 = PCURVE('',#4936,#9089);
#9089 = DEFINITIONAL_REPRESENTATION('',(#9090),#9094);
#9090 = LINE('',#9091,#9092);
#9091 = CARTESIAN_POINT('',(2.,0.));
#9092 = VECTOR('',#9093,1.);
#9093 = DIRECTION('',(0.,1.));
#9094 = ( GEOMETRIC_REPRESENTATION_CONTEXT(2)
PARAMETRIC_REPRESENTATION_CONTEXT() REPRESENTATION_CONTEXT('2D SPACE',''
  ) );
#9095 = ORIENTED_EDGE('',*,*,#4843,.T.);
#9096 = ADVANCED_FACE('',(#9097),#4936,.T.);
#9097 = FACE_BOUND('',#9098,.T.);
#9098 = EDGE_LOOP('',(#9099,#9120,#9121,#9122));
#9099 = ORIENTED_EDGE('',*,*,#9100,.T.);
#9100 = EDGE_CURVE('',#6067,#4900,#9101,.T.);
#9101 = SURFACE_CURVE('',#9102,(#9106,#9113),.PCURVE_S1.);
#9102 = LINE('',#9103,#9104);
#9103 = CARTESIAN_POINT('',(30.15,-64.8,-75.));
#9104 = VECTOR('',#9105,1.);
#9105 = DIRECTION('',(0.,1.,0.));
#9106 = PCURVE('',#4936,#9107);
#9107 = DEFINITIONAL_REPRESENTATION('',(#9108),#9112);
#9108 = LINE('',#9109,#9110);
#9109 = CARTESIAN_POINT('',(62.3,0.));
#9110 = VECTOR('',#9111,1.);
#9111 = DIRECTION('',(0.,1.));
#9112 = ( GEOMETRIC_REPRESENTATION_CONTEXT(2)
PARAMETRIC_REPRESENTATION_CONTEXT() REPRESENTATION_CONTEXT('2D SPACE',''
  ) );
#9113 = PCURVE('',#5112,#9114);
#9114 = DEFINITIONAL_REPRESENTATION('',(#9115),#9119);
#9115 = LINE('',#9116,#9117);
#9116 = CARTESIAN_POINT('',(1.570796326795,0.));
#9117 = VECTOR('',#9118,1.);
#9118 = DIRECTION('',(0.,1.));
#9119 = ( GEOMETRIC_REPRESENTATION_CONTEXT(2)
PARAMETRIC_REPRESENTATION_CONTEXT() REPRESENTATION_CONTEXT('2D SPACE',''
  ) );
#9120 = ORIENTED_EDGE('',*,*,#4922,.T.);
#9121 = ORIENTED_EDGE('',*,*,#9075,.F.);
#9122 = ORIENTED_EDGE('',*,*,#6066,.T.);
#9123 = ADVANCED_FACE('',(#9124),#4969,.F.);
#9124 = FACE_BOUND('',#9125,.T.);
#9125 = EDGE_LOOP('',(#9126,#9147,#9148,#9149));
#9126 = ORIENTED_EDGE('',*,*,#9127,.F.);
#9127 = EDGE_CURVE('',#6112,#5152,#9128,.T.);
#9128 = SURFACE_CURVE('',#9129,(#9133,#9140),.PCURVE_S1.);
#9129 = LINE('',#9130,#9131);
#9130 = CARTESIAN_POINT('',(32.15,-64.8,64.32));
#9131 = VECTOR('',#9132,1.);
#9132 = DIRECTION('',(0.,1.,0.));
#9133 = PCURVE('',#4969,#9134);
#9134 = DEFINITIONAL_REPRESENTATION('',(#9135),#9139);
#9135 = LINE('',#9136,#9137);
#9136 = CARTESIAN_POINT('',(-0.,0.));
#9137 = VECTOR('',#9138,1.);
#9138 = DIRECTION('',(-0.,1.));
#9139 = ( GEOMETRIC_REPRESENTATION_CONTEXT(2)
PARAMETRIC_REPRESENTATION_CONTEXT() REPRESENTATION_CONTEXT('2D SPACE',''
  ) );
#9140 = PCURVE('',#5188,#9141);
#9141 = DEFINITIONAL_REPRESENTATION('',(#9142),#9146);
#9142 = LINE('',#9143,#9144);
#9143 = CARTESIAN_POINT('',(139.32,0.));
#9144 = VECTOR('',#9145,1.);
#9145 = DIRECTION('',(0.,-1.));
#9146 = ( GEOMETRIC_REPRESENTATION_CONTEXT(2)
PARAMETRIC_REPRESENTATION_CONTEXT() REPRESENTATION_CONTEXT('2D SPACE',''
  ) );
#9147 = ORIENTED_EDGE('',*,*,#6132,.F.);
#9148 = ORIENTED_EDGE('',*,*,#4951,.T.);
#9149 = ORIENTED_EDGE('',*,*,#5231,.T.);
#9150 = ADVANCED_FACE('',(#9151),#5112,.F.);
#9151 = FACE_BOUND('',#9152,.F.);
#9152 = EDGE_LOOP('',(#9153,#9174,#9175,#9176));
#9153 = ORIENTED_EDGE('',*,*,#9154,.F.);
#9154 = EDGE_CURVE('',#6088,#5075,#9155,.T.);
#9155 = SURFACE_CURVE('',#9156,(#9160,#9167),.PCURVE_S1.);
#9156 = LINE('',#9157,#9158);
#9157 = CARTESIAN_POINT('',(32.15,-64.8,-73.));
#9158 = VECTOR('',#9159,1.);
#9159 = DIRECTION('',(0.,1.,0.));
#9160 = PCURVE('',#5112,#9161);
#9161 = DEFINITIONAL_REPRESENTATION('',(#9162),#9166);
#9162 = LINE('',#9163,#9164);
#9163 = CARTESIAN_POINT('',(0.,0.));
#9164 = VECTOR('',#9165,1.);
#9165 = DIRECTION('',(0.,1.));
#9166 = ( GEOMETRIC_REPRESENTATION_CONTEXT(2)
PARAMETRIC_REPRESENTATION_CONTEXT() REPRESENTATION_CONTEXT('2D SPACE',''
  ) );
#9167 = PCURVE('',#5188,#9168);
#9168 = DEFINITIONAL_REPRESENTATION('',(#9169),#9173);
#9169 = LINE('',#9170,#9171);
#9170 = CARTESIAN_POINT('',(2.,0.));
#9171 = VECTOR('',#9172,1.);
#9172 = DIRECTION('',(0.,-1.));
#9173 = ( GEOMETRIC_REPRESENTATION_CONTEXT(2)
PARAMETRIC_REPRESENTATION_CONTEXT() REPRESENTATION_CONTEXT('2D SPACE',''
  ) );
#9174 = ORIENTED_EDGE('',*,*,#6087,.T.);
#9175 = ORIENTED_EDGE('',*,*,#9100,.T.);
#9176 = ORIENTED_EDGE('',*,*,#5097,.F.);
#9177 = ADVANCED_FACE('',(#9178,#9184),#5188,.F.);
#9178 = FACE_BOUND('',#9179,.F.);
#9179 = EDGE_LOOP('',(#9180,#9181,#9182,#9183));
#9180 = ORIENTED_EDGE('',*,*,#9127,.F.);
#9181 = ORIENTED_EDGE('',*,*,#6111,.T.);
#9182 = ORIENTED_EDGE('',*,*,#9154,.T.);
#9183 = ORIENTED_EDGE('',*,*,#5174,.F.);
#9184 = FACE_BOUND('',#9185,.F.);
#9185 = EDGE_LOOP('',(#9186));
#9186 = ORIENTED_EDGE('',*,*,#9187,.T.);
#9187 = EDGE_CURVE('',#9188,#9188,#9190,.T.);
#9188 = VERTEX_POINT('',#9189);
#9189 = CARTESIAN_POINT('',(32.15,1.102182119233E-15,-4.5));
#9190 = SURFACE_CURVE('',#9191,(#9196,#9207),.PCURVE_S1.);
#9191 = CIRCLE('',#9192,4.5);
#9192 = AXIS2_PLACEMENT_3D('',#9193,#9194,#9195);
#9193 = CARTESIAN_POINT('',(32.15,0.,0.));
#9194 = DIRECTION('',(-1.,0.,0.));
#9195 = DIRECTION('',(0.,0.,-1.));
#9196 = PCURVE('',#5188,#9197);
#9197 = DEFINITIONAL_REPRESENTATION('',(#9198),#9206);
#9198 = ( BOUNDED_CURVE() B_SPLINE_CURVE(2,(#9199,#9200,#9201,#9202,
#9203,#9204,#9205),.UNSPECIFIED.,.T.,.F.) B_SPLINE_CURVE_WITH_KNOTS((1,2
    ,2,2,2,1),(-2.094395102393,0.,2.094395102393,4.188790204786,
6.28318530718,8.377580409573),.UNSPECIFIED.) CURVE()
GEOMETRIC_REPRESENTATION_ITEM() RATIONAL_B_SPLINE_CURVE((1.,0.5,1.,0.5,
1.,0.5,1.)) REPRESENTATION_ITEM('') );
#9199 = CARTESIAN_POINT('',(70.5,-64.8));
#9200 = CARTESIAN_POINT('',(70.5,-57.00577136594));
#9201 = CARTESIAN_POINT('',(77.25,-60.90288568297));
#9202 = CARTESIAN_POINT('',(84.,-64.8));
#9203 = CARTESIAN_POINT('',(77.25,-68.69711431703));
#9204 = CARTESIAN_POINT('',(70.5,-72.59422863406));
#9205 = CARTESIAN_POINT('',(70.5,-64.8));
#9206 = ( GEOMETRIC_REPRESENTATION_CONTEXT(2)
PARAMETRIC_REPRESENTATION_CONTEXT() REPRESENTATION_CONTEXT('2D SPACE',''
  ) );
#9207 = PCURVE('',#9208,#9213);
#9208 = CONICAL_SURFACE('',#9209,4.5,0.785398163397);
#9209 = AXIS2_PLACEMENT_3D('',#9210,#9211,#9212);
#9210 = CARTESIAN_POINT('',(32.15,0.,0.));
#9211 = DIRECTION('',(1.,-0.,-0.));
#9212 = DIRECTION('',(0.,0.,-1.));
#9213 = DEFINITIONAL_REPRESENTATION('',(#9214),#9217);
#9214 = B_SPLINE_CURVE_WITH_KNOTS('',1,(#9215,#9216),.UNSPECIFIED.,.F.,
  .F.,(2,2),(0.,6.28318530718),.PIECEWISE_BEZIER_KNOTS.);
#9215 = CARTESIAN_POINT('',(0.,0.));
#9216 = CARTESIAN_POINT('',(-6.28318530718,0.));
#9217 = ( GEOMETRIC_REPRESENTATION_CONTEXT(2)
PARAMETRIC_REPRESENTATION_CONTEXT() REPRESENTATION_CONTEXT('2D SPACE',''
  ) );
#9218 = ADVANCED_FACE('',(#9219),#5294,.F.);
#9219 = FACE_BOUND('',#9220,.F.);
#9220 = EDGE_LOOP('',(#9221));
#9221 = ORIENTED_EDGE('',*,*,#5279,.T.);
#9222 = ADVANCED_FACE('',(#9223),#5348,.F.);
#9223 = FACE_BOUND('',#9224,.T.);
#9224 = EDGE_LOOP('',(#9225,#9226,#9227,#9228));
#9225 = ORIENTED_EDGE('',*,*,#5575,.T.);
#9226 = ORIENTED_EDGE('',*,*,#5481,.T.);
#9227 = ORIENTED_EDGE('',*,*,#5333,.T.);
#9228 = ORIENTED_EDGE('',*,*,#7458,.T.);
#9229 = ADVANCED_FACE('',(#9230),#5422,.F.);
#9230 = FACE_BOUND('',#9231,.T.);
#9231 = EDGE_LOOP('',(#9232,#9233,#9234,#9235));
#9232 = ORIENTED_EDGE('',*,*,#5602,.T.);
#9233 = ORIENTED_EDGE('',*,*,#7510,.T.);
#9234 = ORIENTED_EDGE('',*,*,#5407,.T.);
#9235 = ORIENTED_EDGE('',*,*,#5507,.T.);
#9236 = ADVANCED_FACE('',(#9237),#5686,.F.);
#9237 = FACE_BOUND('',#9238,.T.);
#9238 = EDGE_LOOP('',(#9239,#9240,#9241,#9242));
#9239 = ORIENTED_EDGE('',*,*,#5913,.T.);
#9240 = ORIENTED_EDGE('',*,*,#5819,.T.);
#9241 = ORIENTED_EDGE('',*,*,#5671,.T.);
#9242 = ORIENTED_EDGE('',*,*,#7484,.T.);
#9243 = ADVANCED_FACE('',(#9244),#5760,.F.);
#9244 = FACE_BOUND('',#9245,.T.);
#9245 = EDGE_LOOP('',(#9246,#9247,#9248,#9249));
#9246 = ORIENTED_EDGE('',*,*,#5940,.T.);
#9247 = ORIENTED_EDGE('',*,*,#7536,.T.);
#9248 = ORIENTED_EDGE('',*,*,#5745,.T.);
#9249 = ORIENTED_EDGE('',*,*,#5845,.T.);
#9250 = ADVANCED_FACE('',(#9251),#6176,.T.);
#9251 = FACE_BOUND('',#9252,.T.);
#9252 = EDGE_LOOP('',(#9253,#9254,#9255,#9256,#9257,#9258,#9259,#9260,
    #9261,#9262,#9263,#9264,#9265,#9266));
#9253 = ORIENTED_EDGE('',*,*,#6280,.F.);
#9254 = ORIENTED_EDGE('',*,*,#6158,.F.);
#9255 = ORIENTED_EDGE('',*,*,#6232,.F.);
#9256 = ORIENTED_EDGE('',*,*,#6327,.F.);
#9257 = ORIENTED_EDGE('',*,*,#6422,.F.);
#9258 = ORIENTED_EDGE('',*,*,#6517,.F.);
#9259 = ORIENTED_EDGE('',*,*,#6611,.F.);
#9260 = ORIENTED_EDGE('',*,*,#6706,.F.);
#9261 = ORIENTED_EDGE('',*,*,#6801,.F.);
#9262 = ORIENTED_EDGE('',*,*,#6753,.F.);
#9263 = ORIENTED_EDGE('',*,*,#6658,.F.);
#9264 = ORIENTED_EDGE('',*,*,#6564,.F.);
#9265 = ORIENTED_EDGE('',*,*,#6470,.F.);
#9266 = ORIENTED_EDGE('',*,*,#6375,.F.);
#9267 = ADVANCED_FACE('',(#9268),#6866,.F.);
#9268 = FACE_BOUND('',#9269,.F.);
#9269 = EDGE_LOOP('',(#9270));
#9270 = ORIENTED_EDGE('',*,*,#6851,.T.);
#9271 = ADVANCED_FACE('',(#9272),#6920,.T.);
#9272 = FACE_BOUND('',#9273,.T.);
#9273 = EDGE_LOOP('',(#9274,#9275,#9276,#9277,#9278,#9279,#9280,#9281,
    #9282,#9283,#9284,#9285));
#9274 = ORIENTED_EDGE('',*,*,#7003,.F.);
#9275 = ORIENTED_EDGE('',*,*,#6905,.T.);
#9276 = ORIENTED_EDGE('',*,*,#6956,.F.);
#9277 = ORIENTED_EDGE('',*,*,#7050,.F.);
#9278 = ORIENTED_EDGE('',*,*,#7145,.F.);
#9279 = ORIENTED_EDGE('',*,*,#7241,.F.);
#9280 = ORIENTED_EDGE('',*,*,#7337,.T.);
#9281 = ORIENTED_EDGE('',*,*,#7431,.F.);
#9282 = ORIENTED_EDGE('',*,*,#7383,.F.);
#9283 = ORIENTED_EDGE('',*,*,#7288,.F.);
#9284 = ORIENTED_EDGE('',*,*,#7193,.F.);
#9285 = ORIENTED_EDGE('',*,*,#7098,.F.);
#9286 = ADVANCED_FACE('',(#9287),#7618,.F.);
#9287 = FACE_BOUND('',#9288,.T.);
#9288 = EDGE_LOOP('',(#9289,#9312,#9341,#9362));
#9289 = ORIENTED_EDGE('',*,*,#9290,.T.);
#9290 = EDGE_CURVE('',#7562,#9291,#9293,.T.);
#9291 = VERTEX_POINT('',#9292);
#9292 = CARTESIAN_POINT('',(-34.1,19.843145750508,-70.3431457505));
#9293 = SURFACE_CURVE('',#9294,(#9298,#9305),.PCURVE_S1.);
#9294 = LINE('',#9295,#9296);
#9295 = CARTESIAN_POINT('',(-34.2,19.843145750508,-70.3431457505));
#9296 = VECTOR('',#9297,1.);
#9297 = DIRECTION('',(1.,0.,0.));
#9298 = PCURVE('',#7618,#9299);
#9299 = DEFINITIONAL_REPRESENTATION('',(#9300),#9304);
#9300 = LINE('',#9301,#9302);
#9301 = CARTESIAN_POINT('',(-0.,0.));
#9302 = VECTOR('',#9303,1.);
#9303 = DIRECTION('',(-0.,-1.));
#9304 = ( GEOMETRIC_REPRESENTATION_CONTEXT(2)
PARAMETRIC_REPRESENTATION_CONTEXT() REPRESENTATION_CONTEXT('2D SPACE',''
  ) );
#9305 = PCURVE('',#8086,#9306);
#9306 = DEFINITIONAL_REPRESENTATION('',(#9307),#9311);
#9307 = LINE('',#9308,#9309);
#9308 = CARTESIAN_POINT('',(39.686291501015,0.));
#9309 = VECTOR('',#9310,1.);
#9310 = DIRECTION('',(0.,-1.));
#9311 = ( GEOMETRIC_REPRESENTATION_CONTEXT(2)
PARAMETRIC_REPRESENTATION_CONTEXT() REPRESENTATION_CONTEXT('2D SPACE',''
  ) );
#9312 = ORIENTED_EDGE('',*,*,#9313,.T.);
#9313 = EDGE_CURVE('',#9291,#9314,#9316,.T.);
#9314 = VERTEX_POINT('',#9315);
#9315 = CARTESIAN_POINT('',(-34.1,27.843145750508,-62.3431457505));
#9316 = SURFACE_CURVE('',#9317,(#9322,#9329),.PCURVE_S1.);
#9317 = CIRCLE('',#9318,8.);
#9318 = AXIS2_PLACEMENT_3D('',#9319,#9320,#9321);
#9319 = CARTESIAN_POINT('',(-34.1,19.843145750508,-62.3431457505));
#9320 = DIRECTION('',(1.,-0.,0.));
#9321 = DIRECTION('',(0.,0.,-1.));
#9322 = PCURVE('',#7618,#9323);
#9323 = DEFINITIONAL_REPRESENTATION('',(#9324),#9328);
#9324 = LINE('',#9325,#9326);
#9325 = CARTESIAN_POINT('',(-0.,-1.E-01));
#9326 = VECTOR('',#9327,1.);
#9327 = DIRECTION('',(-1.,0.));
#9328 = ( GEOMETRIC_REPRESENTATION_CONTEXT(2)
PARAMETRIC_REPRESENTATION_CONTEXT() REPRESENTATION_CONTEXT('2D SPACE',''
  ) );
#9329 = PCURVE('',#9330,#9335);
#9330 = PLANE('',#9331);
#9331 = AXIS2_PLACEMENT_3D('',#9332,#9333,#9334);
#9332 = CARTESIAN_POINT('',(-34.1,0.,-32.02157287525));
#9333 = DIRECTION('',(1.,0.,0.));
#9334 = DIRECTION('',(0.,1.,0.));
#9335 = DEFINITIONAL_REPRESENTATION('',(#9336),#9340);
#9336 = CIRCLE('',#9337,8.);
#9337 = AXIS2_PLACEMENT_2D('',#9338,#9339);
#9338 = CARTESIAN_POINT('',(19.843145750508,-30.32157287525));
#9339 = DIRECTION('',(0.,-1.));
#9340 = ( GEOMETRIC_REPRESENTATION_CONTEXT(2)
PARAMETRIC_REPRESENTATION_CONTEXT() REPRESENTATION_CONTEXT('2D SPACE',''
  ) );
#9341 = ORIENTED_EDGE('',*,*,#9342,.F.);
#9342 = EDGE_CURVE('',#7584,#9314,#9343,.T.);
#9343 = SURFACE_CURVE('',#9344,(#9348,#9355),.PCURVE_S1.);
#9344 = LINE('',#9345,#9346);
#9345 = CARTESIAN_POINT('',(-34.2,27.843145750508,-62.3431457505));
#9346 = VECTOR('',#9347,1.);
#9347 = DIRECTION('',(1.,0.,0.));
#9348 = PCURVE('',#7618,#9349);
#9349 = DEFINITIONAL_REPRESENTATION('',(#9350),#9354);
#9350 = LINE('',#9351,#9352);
#9351 = CARTESIAN_POINT('',(-1.570796326795,0.));
#9352 = VECTOR('',#9353,1.);
#9353 = DIRECTION('',(-0.,-1.));
#9354 = ( GEOMETRIC_REPRESENTATION_CONTEXT(2)
PARAMETRIC_REPRESENTATION_CONTEXT() REPRESENTATION_CONTEXT('2D SPACE',''
  ) );
#9355 = PCURVE('',#7668,#9356);
#9356 = DEFINITIONAL_REPRESENTATION('',(#9357),#9361);
#9357 = LINE('',#9358,#9359);
#9358 = CARTESIAN_POINT('',(0.,0.));
#9359 = VECTOR('',#9360,1.);
#9360 = DIRECTION('',(0.,-1.));
#9361 = ( GEOMETRIC_REPRESENTATION_CONTEXT(2)
PARAMETRIC_REPRESENTATION_CONTEXT() REPRESENTATION_CONTEXT('2D SPACE',''
  ) );
#9362 = ORIENTED_EDGE('',*,*,#7603,.F.);
#9363 = ADVANCED_FACE('',(#9364),#7668,.T.);
#9364 = FACE_BOUND('',#9365,.T.);
#9365 = EDGE_LOOP('',(#9366,#9367,#9390,#9411));
#9366 = ORIENTED_EDGE('',*,*,#9342,.T.);
#9367 = ORIENTED_EDGE('',*,*,#9368,.T.);
#9368 = EDGE_CURVE('',#9314,#9369,#9371,.T.);
#9369 = VERTEX_POINT('',#9370);
#9370 = CARTESIAN_POINT('',(-34.1,27.843145750508,-1.7));
#9371 = SURFACE_CURVE('',#9372,(#9376,#9383),.PCURVE_S1.);
#9372 = LINE('',#9373,#9374);
#9373 = CARTESIAN_POINT('',(-34.1,27.843145750508,-70.3431457505));
#9374 = VECTOR('',#9375,1.);
#9375 = DIRECTION('',(0.,0.,1.));
#9376 = PCURVE('',#7668,#9377);
#9377 = DEFINITIONAL_REPRESENTATION('',(#9378),#9382);
#9378 = LINE('',#9379,#9380);
#9379 = CARTESIAN_POINT('',(-8.,-0.1));
#9380 = VECTOR('',#9381,1.);
#9381 = DIRECTION('',(1.,0.));
#9382 = ( GEOMETRIC_REPRESENTATION_CONTEXT(2)
PARAMETRIC_REPRESENTATION_CONTEXT() REPRESENTATION_CONTEXT('2D SPACE',''
  ) );
#9383 = PCURVE('',#9330,#9384);
#9384 = DEFINITIONAL_REPRESENTATION('',(#9385),#9389);
#9385 = LINE('',#9386,#9387);
#9386 = CARTESIAN_POINT('',(27.843145750508,-38.32157287525));
#9387 = VECTOR('',#9388,1.);
#9388 = DIRECTION('',(0.,1.));
#9389 = ( GEOMETRIC_REPRESENTATION_CONTEXT(2)
PARAMETRIC_REPRESENTATION_CONTEXT() REPRESENTATION_CONTEXT('2D SPACE',''
  ) );
#9390 = ORIENTED_EDGE('',*,*,#9391,.F.);
#9391 = EDGE_CURVE('',#7635,#9369,#9392,.T.);
#9392 = SURFACE_CURVE('',#9393,(#9397,#9404),.PCURVE_S1.);
#9393 = LINE('',#9394,#9395);
#9394 = CARTESIAN_POINT('',(-34.2,27.843145750508,-1.7));
#9395 = VECTOR('',#9396,1.);
#9396 = DIRECTION('',(1.,0.,0.));
#9397 = PCURVE('',#7668,#9398);
#9398 = DEFINITIONAL_REPRESENTATION('',(#9399),#9403);
#9399 = LINE('',#9400,#9401);
#9400 = CARTESIAN_POINT('',(60.643145750508,0.));
#9401 = VECTOR('',#9402,1.);
#9402 = DIRECTION('',(0.,-1.));
#9403 = ( GEOMETRIC_REPRESENTATION_CONTEXT(2)
PARAMETRIC_REPRESENTATION_CONTEXT() REPRESENTATION_CONTEXT('2D SPACE',''
  ) );
#9404 = PCURVE('',#7720,#9405);
#9405 = DEFINITIONAL_REPRESENTATION('',(#9406),#9410);
#9406 = LINE('',#9407,#9408);
#9407 = CARTESIAN_POINT('',(-1.570796326795,0.));
#9408 = VECTOR('',#9409,1.);
#9409 = DIRECTION('',(-0.,-1.));
#9410 = ( GEOMETRIC_REPRESENTATION_CONTEXT(2)
PARAMETRIC_REPRESENTATION_CONTEXT() REPRESENTATION_CONTEXT('2D SPACE',''
  ) );
#9411 = ORIENTED_EDGE('',*,*,#7654,.F.);
#9412 = ADVANCED_FACE('',(#9413),#7720,.F.);
#9413 = FACE_BOUND('',#9414,.T.);
#9414 = EDGE_LOOP('',(#9415,#9416,#9440,#9461));
#9415 = ORIENTED_EDGE('',*,*,#9391,.T.);
#9416 = ORIENTED_EDGE('',*,*,#9417,.T.);
#9417 = EDGE_CURVE('',#9369,#9418,#9420,.T.);
#9418 = VERTEX_POINT('',#9419);
#9419 = CARTESIAN_POINT('',(-34.1,19.843145750508,6.3));
#9420 = SURFACE_CURVE('',#9421,(#9426,#9433),.PCURVE_S1.);
#9421 = CIRCLE('',#9422,8.);
#9422 = AXIS2_PLACEMENT_3D('',#9423,#9424,#9425);
#9423 = CARTESIAN_POINT('',(-34.1,19.843145750508,-1.7));
#9424 = DIRECTION('',(1.,-0.,0.));
#9425 = DIRECTION('',(0.,0.,-1.));
#9426 = PCURVE('',#7720,#9427);
#9427 = DEFINITIONAL_REPRESENTATION('',(#9428),#9432);
#9428 = LINE('',#9429,#9430);
#9429 = CARTESIAN_POINT('',(-0.,-1.E-01));
#9430 = VECTOR('',#9431,1.);
#9431 = DIRECTION('',(-1.,0.));
#9432 = ( GEOMETRIC_REPRESENTATION_CONTEXT(2)
PARAMETRIC_REPRESENTATION_CONTEXT() REPRESENTATION_CONTEXT('2D SPACE',''
  ) );
#9433 = PCURVE('',#9330,#9434);
#9434 = DEFINITIONAL_REPRESENTATION('',(#9435),#9439);
#9435 = CIRCLE('',#9436,8.);
#9436 = AXIS2_PLACEMENT_2D('',#9437,#9438);
#9437 = CARTESIAN_POINT('',(19.843145750508,30.321572875254));
#9438 = DIRECTION('',(0.,-1.));
#9439 = ( GEOMETRIC_REPRESENTATION_CONTEXT(2)
PARAMETRIC_REPRESENTATION_CONTEXT() REPRESENTATION_CONTEXT('2D SPACE',''
  ) );
#9440 = ORIENTED_EDGE('',*,*,#9441,.F.);
#9441 = EDGE_CURVE('',#7686,#9418,#9442,.T.);
#9442 = SURFACE_CURVE('',#9443,(#9447,#9454),.PCURVE_S1.);
#9443 = LINE('',#9444,#9445);
#9444 = CARTESIAN_POINT('',(-34.2,19.843145750508,6.3));
#9445 = VECTOR('',#9446,1.);
#9446 = DIRECTION('',(1.,0.,0.));
#9447 = PCURVE('',#7720,#9448);
#9448 = DEFINITIONAL_REPRESENTATION('',(#9449),#9453);
#9449 = LINE('',#9450,#9451);
#9450 = CARTESIAN_POINT('',(-3.14159265359,0.));
#9451 = VECTOR('',#9452,1.);
#9452 = DIRECTION('',(-0.,-1.));
#9453 = ( GEOMETRIC_REPRESENTATION_CONTEXT(2)
PARAMETRIC_REPRESENTATION_CONTEXT() REPRESENTATION_CONTEXT('2D SPACE',''
  ) );
#9454 = PCURVE('',#7826,#9455);
#9455 = DEFINITIONAL_REPRESENTATION('',(#9456),#9460);
#9456 = LINE('',#9457,#9458);
#9457 = CARTESIAN_POINT('',(0.,-0.));
#9458 = VECTOR('',#9459,1.);
#9459 = DIRECTION('',(0.,-1.));
#9460 = ( GEOMETRIC_REPRESENTATION_CONTEXT(2)
PARAMETRIC_REPRESENTATION_CONTEXT() REPRESENTATION_CONTEXT('2D SPACE',''
  ) );
#9461 = ORIENTED_EDGE('',*,*,#7705,.F.);
#9462 = ADVANCED_FACE('',(#9463),#7826,.T.);
#9463 = FACE_BOUND('',#9464,.T.);
#9464 = EDGE_LOOP('',(#9465,#9466,#9467,#9490));
#9465 = ORIENTED_EDGE('',*,*,#7812,.F.);
#9466 = ORIENTED_EDGE('',*,*,#9441,.T.);
#9467 = ORIENTED_EDGE('',*,*,#9468,.T.);
#9468 = EDGE_CURVE('',#9418,#9469,#9471,.T.);
#9469 = VERTEX_POINT('',#9470);
#9470 = CARTESIAN_POINT('',(-34.1,2.814249455894,6.3));
#9471 = SURFACE_CURVE('',#9472,(#9476,#9483),.PCURVE_S1.);
#9472 = LINE('',#9473,#9474);
#9473 = CARTESIAN_POINT('',(-34.1,27.843145750508,6.3));
#9474 = VECTOR('',#9475,1.);
#9475 = DIRECTION('',(0.,-1.,0.));
#9476 = PCURVE('',#7826,#9477);
#9477 = DEFINITIONAL_REPRESENTATION('',(#9478),#9482);
#9478 = LINE('',#9479,#9480);
#9479 = CARTESIAN_POINT('',(-8.,-0.1));
#9480 = VECTOR('',#9481,1.);
#9481 = DIRECTION('',(1.,0.));
#9482 = ( GEOMETRIC_REPRESENTATION_CONTEXT(2)
PARAMETRIC_REPRESENTATION_CONTEXT() REPRESENTATION_CONTEXT('2D SPACE',''
  ) );
#9483 = PCURVE('',#9330,#9484);
#9484 = DEFINITIONAL_REPRESENTATION('',(#9485),#9489);
#9485 = LINE('',#9486,#9487);
#9486 = CARTESIAN_POINT('',(27.843145750508,38.321572875254));
#9487 = VECTOR('',#9488,1.);
#9488 = DIRECTION('',(-1.,0.));
#9489 = ( GEOMETRIC_REPRESENTATION_CONTEXT(2)
PARAMETRIC_REPRESENTATION_CONTEXT() REPRESENTATION_CONTEXT('2D SPACE',''
  ) );
#9490 = ORIENTED_EDGE('',*,*,#9491,.T.);
#9491 = EDGE_CURVE('',#9469,#7785,#9492,.T.);
#9492 = SURFACE_CURVE('',#9493,(#9498,#9505),.PCURVE_S1.);
#9493 = HYPERBOLA('',#9494,6.3,6.3);
#9494 = AXIS2_PLACEMENT_3D('',#9495,#9496,#9497);
#9495 = CARTESIAN_POINT('',(-27.2,0.,6.3));
#9496 = DIRECTION('',(0.,0.,-1.));
#9497 = DIRECTION('',(-1.,-0.,-0.));
#9498 = PCURVE('',#7826,#9499);
#9499 = DEFINITIONAL_REPRESENTATION('',(#9500),#9504);
#9500 = ( BOUNDED_CURVE() B_SPLINE_CURVE(2,(#9501,#9502,#9503),
.UNSPECIFIED.,.F.,.F.) B_SPLINE_CURVE_WITH_KNOTS((3,3),(0.429475237664,
0.467145308103),.PIECEWISE_BEZIER_KNOTS.) CURVE()
GEOMETRIC_REPRESENTATION_ITEM() RATIONAL_B_SPLINE_CURVE((1.,
1.00017738452,1.)) REPRESENTATION_ITEM('') );
#9501 = CARTESIAN_POINT('',(17.053504196472,-0.11));
#9502 = CARTESIAN_POINT('',(16.923746147704,-5.746321555659E-02));
#9503 = CARTESIAN_POINT('',(16.791916490029,8.881784197001E-16));
#9504 = ( GEOMETRIC_REPRESENTATION_CONTEXT(2)
PARAMETRIC_REPRESENTATION_CONTEXT() REPRESENTATION_CONTEXT('2D SPACE',''
  ) );
#9505 = PCURVE('',#9506,#9511);
#9506 = CONICAL_SURFACE('',#9507,7.,0.785398163397);
#9507 = AXIS2_PLACEMENT_3D('',#9508,#9509,#9510);
#9508 = CARTESIAN_POINT('',(-34.2,0.,0.));
#9509 = DIRECTION('',(-1.,-0.,-0.));
#9510 = DIRECTION('',(0.,1.,0.));
#9511 = DEFINITIONAL_REPRESENTATION('',(#9512),#9519);
#9512 = B_SPLINE_CURVE_WITH_KNOTS('',5,(#9513,#9514,#9515,#9516,#9517,
    #9518),.UNSPECIFIED.,.F.,.F.,(6,6),(0.429475237664,0.467145308103),
  .PIECEWISE_BEZIER_KNOTS.);
#9513 = CARTESIAN_POINT('',(-1.153945824578,-0.11));
#9514 = CARTESIAN_POINT('',(-1.147056958286,-8.898280123159E-02));
#9515 = CARTESIAN_POINT('',(-1.140194359168,-6.747674517951E-02));
#9516 = CARTESIAN_POINT('',(-1.133358574776,-4.547934649612E-02));
#9517 = CARTESIAN_POINT('',(-1.126550127678,-2.298800423397E-02));
#9518 = CARTESIAN_POINT('',(-1.119769514999,0.));
#9519 = ( GEOMETRIC_REPRESENTATION_CONTEXT(2)
PARAMETRIC_REPRESENTATION_CONTEXT() REPRESENTATION_CONTEXT('2D SPACE',''
  ) );
#9520 = ADVANCED_FACE('',(#9521),#7800,.T.);
#9521 = FACE_BOUND('',#9522,.T.);
#9522 = EDGE_LOOP('',(#9523,#9524));
#9523 = ORIENTED_EDGE('',*,*,#7784,.F.);
#9524 = ORIENTED_EDGE('',*,*,#9525,.T.);
#9525 = EDGE_CURVE('',#7785,#7757,#9526,.T.);
#9526 = SURFACE_CURVE('',#9527,(#9532,#9539),.PCURVE_S1.);
#9527 = CIRCLE('',#9528,7.);
#9528 = AXIS2_PLACEMENT_3D('',#9529,#9530,#9531);
#9529 = CARTESIAN_POINT('',(-34.2,0.,0.));
#9530 = DIRECTION('',(1.,0.,0.));
#9531 = DIRECTION('',(0.,1.,0.));
#9532 = PCURVE('',#7800,#9533);
#9533 = DEFINITIONAL_REPRESENTATION('',(#9534),#9538);
#9534 = CIRCLE('',#9535,7.);
#9535 = AXIS2_PLACEMENT_2D('',#9536,#9537);
#9536 = CARTESIAN_POINT('',(0.,0.));
#9537 = DIRECTION('',(1.,0.));
#9538 = ( GEOMETRIC_REPRESENTATION_CONTEXT(2)
PARAMETRIC_REPRESENTATION_CONTEXT() REPRESENTATION_CONTEXT('2D SPACE',''
  ) );
#9539 = PCURVE('',#9506,#9540);
#9540 = DEFINITIONAL_REPRESENTATION('',(#9541),#9545);
#9541 = LINE('',#9542,#9543);
#9542 = CARTESIAN_POINT('',(-0.,-0.));
#9543 = VECTOR('',#9544,1.);
#9544 = DIRECTION('',(-1.,-0.));
#9545 = ( GEOMETRIC_REPRESENTATION_CONTEXT(2)
PARAMETRIC_REPRESENTATION_CONTEXT() REPRESENTATION_CONTEXT('2D SPACE',''
  ) );
#9546 = ADVANCED_FACE('',(#9547),#7772,.T.);
#9547 = FACE_BOUND('',#9548,.T.);
#9548 = EDGE_LOOP('',(#9549,#9550,#9577,#9600));
#9549 = ORIENTED_EDGE('',*,*,#7756,.F.);
#9550 = ORIENTED_EDGE('',*,*,#9551,.T.);
#9551 = EDGE_CURVE('',#7757,#9552,#9554,.T.);
#9552 = VERTEX_POINT('',#9553);
#9553 = CARTESIAN_POINT('',(-34.1,-2.814249455894,6.3));
#9554 = SURFACE_CURVE('',#9555,(#9560,#9567),.PCURVE_S1.);
#9555 = HYPERBOLA('',#9556,6.3,6.3);
#9556 = AXIS2_PLACEMENT_3D('',#9557,#9558,#9559);
#9557 = CARTESIAN_POINT('',(-27.2,0.,6.3));
#9558 = DIRECTION('',(0.,0.,-1.));
#9559 = DIRECTION('',(-1.,-0.,-0.));
#9560 = PCURVE('',#7772,#9561);
#9561 = DEFINITIONAL_REPRESENTATION('',(#9562),#9566);
#9562 = ( BOUNDED_CURVE() B_SPLINE_CURVE(2,(#9563,#9564,#9565),
.UNSPECIFIED.,.F.,.F.) B_SPLINE_CURVE_WITH_KNOTS((3,3),(-0.467145308103,
-0.429475237664),.PIECEWISE_BEZIER_KNOTS.) CURVE()
GEOMETRIC_REPRESENTATION_ITEM() RATIONAL_B_SPLINE_CURVE((1.,
1.00017738452,1.)) REPRESENTATION_ITEM('') );
#9563 = CARTESIAN_POINT('',(22.894375010986,8.881784197001E-16));
#9564 = CARTESIAN_POINT('',(22.762545353311,-5.746321555659E-02));
#9565 = CARTESIAN_POINT('',(22.632787304543,-0.11));
#9566 = ( GEOMETRIC_REPRESENTATION_CONTEXT(2)
PARAMETRIC_REPRESENTATION_CONTEXT() REPRESENTATION_CONTEXT('2D SPACE',''
  ) );
#9567 = PCURVE('',#9506,#9568);
#9568 = DEFINITIONAL_REPRESENTATION('',(#9569),#9576);
#9569 = B_SPLINE_CURVE_WITH_KNOTS('',5,(#9570,#9571,#9572,#9573,#9574,
    #9575),.UNSPECIFIED.,.F.,.F.,(6,6),(-0.467145308103,-0.429475237664)
  ,.PIECEWISE_BEZIER_KNOTS.);
#9570 = CARTESIAN_POINT('',(-2.021823138591,0.));
#9571 = CARTESIAN_POINT('',(-2.015042525912,-2.298800423397E-02));
#9572 = CARTESIAN_POINT('',(-2.008234078814,-4.547934649612E-02));
#9573 = CARTESIAN_POINT('',(-2.001398294422,-6.747674517951E-02));
#9574 = CARTESIAN_POINT('',(-1.994535695304,-8.898280123159E-02));
#9575 = CARTESIAN_POINT('',(-1.987646829012,-0.11));
#9576 = ( GEOMETRIC_REPRESENTATION_CONTEXT(2)
PARAMETRIC_REPRESENTATION_CONTEXT() REPRESENTATION_CONTEXT('2D SPACE',''
  ) );
#9577 = ORIENTED_EDGE('',*,*,#9578,.T.);
#9578 = EDGE_CURVE('',#9552,#9579,#9581,.T.);
#9579 = VERTEX_POINT('',#9580);
#9580 = CARTESIAN_POINT('',(-34.1,-19.8431457505,6.3));
#9581 = SURFACE_CURVE('',#9582,(#9586,#9593),.PCURVE_S1.);
#9582 = LINE('',#9583,#9584);
#9583 = CARTESIAN_POINT('',(-34.1,27.843145750508,6.3));
#9584 = VECTOR('',#9585,1.);
#9585 = DIRECTION('',(0.,-1.,0.));
#9586 = PCURVE('',#7772,#9587);
#9587 = DEFINITIONAL_REPRESENTATION('',(#9588),#9592);
#9588 = LINE('',#9589,#9590);
#9589 = CARTESIAN_POINT('',(-8.,-0.1));
#9590 = VECTOR('',#9591,1.);
#9591 = DIRECTION('',(1.,0.));
#9592 = ( GEOMETRIC_REPRESENTATION_CONTEXT(2)
PARAMETRIC_REPRESENTATION_CONTEXT() REPRESENTATION_CONTEXT('2D SPACE',''
  ) );
#9593 = PCURVE('',#9330,#9594);
#9594 = DEFINITIONAL_REPRESENTATION('',(#9595),#9599);
#9595 = LINE('',#9596,#9597);
#9596 = CARTESIAN_POINT('',(27.843145750508,38.321572875254));
#9597 = VECTOR('',#9598,1.);
#9598 = DIRECTION('',(-1.,0.));
#9599 = ( GEOMETRIC_REPRESENTATION_CONTEXT(2)
PARAMETRIC_REPRESENTATION_CONTEXT() REPRESENTATION_CONTEXT('2D SPACE',''
  ) );
#9600 = ORIENTED_EDGE('',*,*,#9601,.F.);
#9601 = EDGE_CURVE('',#7737,#9579,#9602,.T.);
#9602 = SURFACE_CURVE('',#9603,(#9607,#9614),.PCURVE_S1.);
#9603 = LINE('',#9604,#9605);
#9604 = CARTESIAN_POINT('',(-34.2,-19.8431457505,6.3));
#9605 = VECTOR('',#9606,1.);
#9606 = DIRECTION('',(1.,0.,0.));
#9607 = PCURVE('',#7772,#9608);
#9608 = DEFINITIONAL_REPRESENTATION('',(#9609),#9613);
#9609 = LINE('',#9610,#9611);
#9610 = CARTESIAN_POINT('',(39.686291501015,0.));
#9611 = VECTOR('',#9612,1.);
#9612 = DIRECTION('',(0.,-1.));
#9613 = ( GEOMETRIC_REPRESENTATION_CONTEXT(2)
PARAMETRIC_REPRESENTATION_CONTEXT() REPRESENTATION_CONTEXT('2D SPACE',''
  ) );
#9614 = PCURVE('',#7878,#9615);
#9615 = DEFINITIONAL_REPRESENTATION('',(#9616),#9620);
#9616 = LINE('',#9617,#9618);
#9617 = CARTESIAN_POINT('',(-3.14159265359,0.));
#9618 = VECTOR('',#9619,1.);
#9619 = DIRECTION('',(-0.,-1.));
#9620 = ( GEOMETRIC_REPRESENTATION_CONTEXT(2)
PARAMETRIC_REPRESENTATION_CONTEXT() REPRESENTATION_CONTEXT('2D SPACE',''
  ) );
#9621 = ADVANCED_FACE('',(#9622),#7878,.F.);
#9622 = FACE_BOUND('',#9623,.T.);
#9623 = EDGE_LOOP('',(#9624,#9625,#9649,#9670));
#9624 = ORIENTED_EDGE('',*,*,#9601,.T.);
#9625 = ORIENTED_EDGE('',*,*,#9626,.T.);
#9626 = EDGE_CURVE('',#9579,#9627,#9629,.T.);
#9627 = VERTEX_POINT('',#9628);
#9628 = CARTESIAN_POINT('',(-34.1,-27.8431457505,-1.7));
#9629 = SURFACE_CURVE('',#9630,(#9635,#9642),.PCURVE_S1.);
#9630 = CIRCLE('',#9631,8.);
#9631 = AXIS2_PLACEMENT_3D('',#9632,#9633,#9634);
#9632 = CARTESIAN_POINT('',(-34.1,-19.8431457505,-1.7));
#9633 = DIRECTION('',(1.,-0.,0.));
#9634 = DIRECTION('',(0.,0.,-1.));
#9635 = PCURVE('',#7878,#9636);
#9636 = DEFINITIONAL_REPRESENTATION('',(#9637),#9641);
#9637 = LINE('',#9638,#9639);
#9638 = CARTESIAN_POINT('',(-0.,-1.E-01));
#9639 = VECTOR('',#9640,1.);
#9640 = DIRECTION('',(-1.,0.));
#9641 = ( GEOMETRIC_REPRESENTATION_CONTEXT(2)
PARAMETRIC_REPRESENTATION_CONTEXT() REPRESENTATION_CONTEXT('2D SPACE',''
  ) );
#9642 = PCURVE('',#9330,#9643);
#9643 = DEFINITIONAL_REPRESENTATION('',(#9644),#9648);
#9644 = CIRCLE('',#9645,8.);
#9645 = AXIS2_PLACEMENT_2D('',#9646,#9647);
#9646 = CARTESIAN_POINT('',(-19.8431457505,30.321572875254));
#9647 = DIRECTION('',(0.,-1.));
#9648 = ( GEOMETRIC_REPRESENTATION_CONTEXT(2)
PARAMETRIC_REPRESENTATION_CONTEXT() REPRESENTATION_CONTEXT('2D SPACE',''
  ) );
#9649 = ORIENTED_EDGE('',*,*,#9650,.F.);
#9650 = EDGE_CURVE('',#7844,#9627,#9651,.T.);
#9651 = SURFACE_CURVE('',#9652,(#9656,#9663),.PCURVE_S1.);
#9652 = LINE('',#9653,#9654);
#9653 = CARTESIAN_POINT('',(-34.2,-27.8431457505,-1.7));
#9654 = VECTOR('',#9655,1.);
#9655 = DIRECTION('',(1.,0.,0.));
#9656 = PCURVE('',#7878,#9657);
#9657 = DEFINITIONAL_REPRESENTATION('',(#9658),#9662);
#9658 = LINE('',#9659,#9660);
#9659 = CARTESIAN_POINT('',(-4.712388980385,0.));
#9660 = VECTOR('',#9661,1.);
#9661 = DIRECTION('',(-0.,-1.));
#9662 = ( GEOMETRIC_REPRESENTATION_CONTEXT(2)
PARAMETRIC_REPRESENTATION_CONTEXT() REPRESENTATION_CONTEXT('2D SPACE',''
  ) );
#9663 = PCURVE('',#7928,#9664);
#9664 = DEFINITIONAL_REPRESENTATION('',(#9665),#9669);
#9665 = LINE('',#9666,#9667);
#9666 = CARTESIAN_POINT('',(0.,0.));
#9667 = VECTOR('',#9668,1.);
#9668 = DIRECTION('',(0.,-1.));
#9669 = ( GEOMETRIC_REPRESENTATION_CONTEXT(2)
PARAMETRIC_REPRESENTATION_CONTEXT() REPRESENTATION_CONTEXT('2D SPACE',''
  ) );
#9670 = ORIENTED_EDGE('',*,*,#7863,.F.);
#9671 = ADVANCED_FACE('',(#9672),#7928,.T.);
#9672 = FACE_BOUND('',#9673,.T.);
#9673 = EDGE_LOOP('',(#9674,#9675,#9698,#9719));
#9674 = ORIENTED_EDGE('',*,*,#9650,.T.);
#9675 = ORIENTED_EDGE('',*,*,#9676,.T.);
#9676 = EDGE_CURVE('',#9627,#9677,#9679,.T.);
#9677 = VERTEX_POINT('',#9678);
#9678 = CARTESIAN_POINT('',(-34.1,-27.8431457505,-62.3431457505));
#9679 = SURFACE_CURVE('',#9680,(#9684,#9691),.PCURVE_S1.);
#9680 = LINE('',#9681,#9682);
#9681 = CARTESIAN_POINT('',(-34.1,-27.8431457505,6.3));
#9682 = VECTOR('',#9683,1.);
#9683 = DIRECTION('',(0.,0.,-1.));
#9684 = PCURVE('',#7928,#9685);
#9685 = DEFINITIONAL_REPRESENTATION('',(#9686),#9690);
#9686 = LINE('',#9687,#9688);
#9687 = CARTESIAN_POINT('',(-8.,-0.1));
#9688 = VECTOR('',#9689,1.);
#9689 = DIRECTION('',(1.,0.));
#9690 = ( GEOMETRIC_REPRESENTATION_CONTEXT(2)
PARAMETRIC_REPRESENTATION_CONTEXT() REPRESENTATION_CONTEXT('2D SPACE',''
  ) );
#9691 = PCURVE('',#9330,#9692);
#9692 = DEFINITIONAL_REPRESENTATION('',(#9693),#9697);
#9693 = LINE('',#9694,#9695);
#9694 = CARTESIAN_POINT('',(-27.8431457505,38.321572875254));
#9695 = VECTOR('',#9696,1.);
#9696 = DIRECTION('',(0.,-1.));
#9697 = ( GEOMETRIC_REPRESENTATION_CONTEXT(2)
PARAMETRIC_REPRESENTATION_CONTEXT() REPRESENTATION_CONTEXT('2D SPACE',''
  ) );
#9698 = ORIENTED_EDGE('',*,*,#9699,.F.);
#9699 = EDGE_CURVE('',#7895,#9677,#9700,.T.);
#9700 = SURFACE_CURVE('',#9701,(#9705,#9712),.PCURVE_S1.);
#9701 = LINE('',#9702,#9703);
#9702 = CARTESIAN_POINT('',(-34.2,-27.8431457505,-62.3431457505));
#9703 = VECTOR('',#9704,1.);
#9704 = DIRECTION('',(1.,0.,0.));
#9705 = PCURVE('',#7928,#9706);
#9706 = DEFINITIONAL_REPRESENTATION('',(#9707),#9711);
#9707 = LINE('',#9708,#9709);
#9708 = CARTESIAN_POINT('',(60.643145750508,0.));
#9709 = VECTOR('',#9710,1.);
#9710 = DIRECTION('',(0.,-1.));
#9711 = ( GEOMETRIC_REPRESENTATION_CONTEXT(2)
PARAMETRIC_REPRESENTATION_CONTEXT() REPRESENTATION_CONTEXT('2D SPACE',''
  ) );
#9712 = PCURVE('',#7979,#9713);
#9713 = DEFINITIONAL_REPRESENTATION('',(#9714),#9718);
#9714 = LINE('',#9715,#9716);
#9715 = CARTESIAN_POINT('',(1.570796326795,0.));
#9716 = VECTOR('',#9717,1.);
#9717 = DIRECTION('',(0.,-1.));
#9718 = ( GEOMETRIC_REPRESENTATION_CONTEXT(2)
PARAMETRIC_REPRESENTATION_CONTEXT() REPRESENTATION_CONTEXT('2D SPACE',''
  ) );
#9719 = ORIENTED_EDGE('',*,*,#7914,.F.);
#9720 = ADVANCED_FACE('',(#9721),#7979,.F.);
#9721 = FACE_BOUND('',#9722,.F.);
#9722 = EDGE_LOOP('',(#9723,#9746,#9772,#9773));
#9723 = ORIENTED_EDGE('',*,*,#9724,.T.);
#9724 = EDGE_CURVE('',#7945,#9725,#9727,.T.);
#9725 = VERTEX_POINT('',#9726);
#9726 = CARTESIAN_POINT('',(-34.1,-19.8431457505,-70.3431457505));
#9727 = SURFACE_CURVE('',#9728,(#9732,#9739),.PCURVE_S1.);
#9728 = LINE('',#9729,#9730);
#9729 = CARTESIAN_POINT('',(-34.2,-19.8431457505,-70.3431457505));
#9730 = VECTOR('',#9731,1.);
#9731 = DIRECTION('',(1.,0.,0.));
#9732 = PCURVE('',#7979,#9733);
#9733 = DEFINITIONAL_REPRESENTATION('',(#9734),#9738);
#9734 = LINE('',#9735,#9736);
#9735 = CARTESIAN_POINT('',(0.,0.));
#9736 = VECTOR('',#9737,1.);
#9737 = DIRECTION('',(0.,-1.));
#9738 = ( GEOMETRIC_REPRESENTATION_CONTEXT(2)
PARAMETRIC_REPRESENTATION_CONTEXT() REPRESENTATION_CONTEXT('2D SPACE',''
  ) );
#9739 = PCURVE('',#8086,#9740);
#9740 = DEFINITIONAL_REPRESENTATION('',(#9741),#9745);
#9741 = LINE('',#9742,#9743);
#9742 = CARTESIAN_POINT('',(0.,0.));
#9743 = VECTOR('',#9744,1.);
#9744 = DIRECTION('',(0.,-1.));
#9745 = ( GEOMETRIC_REPRESENTATION_CONTEXT(2)
PARAMETRIC_REPRESENTATION_CONTEXT() REPRESENTATION_CONTEXT('2D SPACE',''
  ) );
#9746 = ORIENTED_EDGE('',*,*,#9747,.T.);
#9747 = EDGE_CURVE('',#9725,#9677,#9748,.T.);
#9748 = SURFACE_CURVE('',#9749,(#9754,#9761),.PCURVE_S1.);
#9749 = CIRCLE('',#9750,8.);
#9750 = AXIS2_PLACEMENT_3D('',#9751,#9752,#9753);
#9751 = CARTESIAN_POINT('',(-34.1,-19.8431457505,-62.3431457505));
#9752 = DIRECTION('',(-1.,-0.,-0.));
#9753 = DIRECTION('',(0.,0.,-1.));
#9754 = PCURVE('',#7979,#9755);
#9755 = DEFINITIONAL_REPRESENTATION('',(#9756),#9760);
#9756 = LINE('',#9757,#9758);
#9757 = CARTESIAN_POINT('',(0.,-1.E-01));
#9758 = VECTOR('',#9759,1.);
#9759 = DIRECTION('',(1.,0.));
#9760 = ( GEOMETRIC_REPRESENTATION_CONTEXT(2)
PARAMETRIC_REPRESENTATION_CONTEXT() REPRESENTATION_CONTEXT('2D SPACE',''
  ) );
#9761 = PCURVE('',#9330,#9762);
#9762 = DEFINITIONAL_REPRESENTATION('',(#9763),#9771);
#9763 = ( BOUNDED_CURVE() B_SPLINE_CURVE(2,(#9764,#9765,#9766,#9767,
#9768,#9769,#9770),.UNSPECIFIED.,.T.,.F.) B_SPLINE_CURVE_WITH_KNOTS((1,2
    ,2,2,2,1),(-2.094395102393,0.,2.094395102393,4.188790204786,
6.28318530718,8.377580409573),.UNSPECIFIED.) CURVE()
GEOMETRIC_REPRESENTATION_ITEM() RATIONAL_B_SPLINE_CURVE((1.,0.5,1.,0.5,
1.,0.5,1.)) REPRESENTATION_ITEM('') );
#9764 = CARTESIAN_POINT('',(-19.8431457505,-38.32157287525));
#9765 = CARTESIAN_POINT('',(-33.69955221105,-38.32157287525));
#9766 = CARTESIAN_POINT('',(-26.77134898078,-26.32157287525));
#9767 = CARTESIAN_POINT('',(-19.8431457505,-14.32157287525));
#9768 = CARTESIAN_POINT('',(-12.91494252023,-26.32157287525));
#9769 = CARTESIAN_POINT('',(-5.986739289957,-38.32157287525));
#9770 = CARTESIAN_POINT('',(-19.8431457505,-38.32157287525));
#9771 = ( GEOMETRIC_REPRESENTATION_CONTEXT(2)
PARAMETRIC_REPRESENTATION_CONTEXT() REPRESENTATION_CONTEXT('2D SPACE',''
  ) );
#9772 = ORIENTED_EDGE('',*,*,#9699,.F.);
#9773 = ORIENTED_EDGE('',*,*,#7964,.F.);
#9774 = ADVANCED_FACE('',(#9775),#8033,.F.);
#9775 = FACE_BOUND('',#9776,.F.);
#9776 = EDGE_LOOP('',(#9777,#9800,#9827,#9828,#9829));
#9777 = ORIENTED_EDGE('',*,*,#9778,.T.);
#9778 = EDGE_CURVE('',#8017,#9779,#9781,.T.);
#9779 = VERTEX_POINT('',#9780);
#9780 = CARTESIAN_POINT('',(34.1,3.502489845561E-15,-22.3));
#9781 = SEAM_CURVE('',#9782,(#9786,#9793),.PCURVE_S1.);
#9782 = LINE('',#9783,#9784);
#9783 = CARTESIAN_POINT('',(34.2,3.502489845561E-15,-22.3));
#9784 = VECTOR('',#9785,1.);
#9785 = DIRECTION('',(-1.,0.,0.));
#9786 = PCURVE('',#8033,#9787);
#9787 = DEFINITIONAL_REPRESENTATION('',(#9788),#9792);
#9788 = LINE('',#9789,#9790);
#9789 = CARTESIAN_POINT('',(6.28318530718,-0.));
#9790 = VECTOR('',#9791,1.);
#9791 = DIRECTION('',(0.,1.));
#9792 = ( GEOMETRIC_REPRESENTATION_CONTEXT(2)
PARAMETRIC_REPRESENTATION_CONTEXT() REPRESENTATION_CONTEXT('2D SPACE',''
  ) );
#9793 = PCURVE('',#8033,#9794);
#9794 = DEFINITIONAL_REPRESENTATION('',(#9795),#9799);
#9795 = LINE('',#9796,#9797);
#9796 = CARTESIAN_POINT('',(0.,-0.));
#9797 = VECTOR('',#9798,1.);
#9798 = DIRECTION('',(0.,1.));
#9799 = ( GEOMETRIC_REPRESENTATION_CONTEXT(2)
PARAMETRIC_REPRESENTATION_CONTEXT() REPRESENTATION_CONTEXT('2D SPACE',''
  ) );
#9800 = ORIENTED_EDGE('',*,*,#9801,.F.);
#9801 = EDGE_CURVE('',#9779,#9779,#9802,.T.);
#9802 = SURFACE_CURVE('',#9803,(#9808,#9815),.PCURVE_S1.);
#9803 = CIRCLE('',#9804,14.3);
#9804 = AXIS2_PLACEMENT_3D('',#9805,#9806,#9807);
#9805 = CARTESIAN_POINT('',(34.1,0.,-8.));
#9806 = DIRECTION('',(-1.,0.,0.));
#9807 = DIRECTION('',(0.,0.,-1.));
#9808 = PCURVE('',#8033,#9809);
#9809 = DEFINITIONAL_REPRESENTATION('',(#9810),#9814);
#9810 = LINE('',#9811,#9812);
#9811 = CARTESIAN_POINT('',(0.,1.E-01));
#9812 = VECTOR('',#9813,1.);
#9813 = DIRECTION('',(1.,0.));
#9814 = ( GEOMETRIC_REPRESENTATION_CONTEXT(2)
PARAMETRIC_REPRESENTATION_CONTEXT() REPRESENTATION_CONTEXT('2D SPACE',''
  ) );
#9815 = PCURVE('',#9816,#9821);
#9816 = PLANE('',#9817);
#9817 = AXIS2_PLACEMENT_3D('',#9818,#9819,#9820);
#9818 = CARTESIAN_POINT('',(34.1,0.,-8.));
#9819 = DIRECTION('',(-1.,0.,0.));
#9820 = DIRECTION('',(0.,0.,-1.));
#9821 = DEFINITIONAL_REPRESENTATION('',(#9822),#9826);
#9822 = CIRCLE('',#9823,14.3);
#9823 = AXIS2_PLACEMENT_2D('',#9824,#9825);
#9824 = CARTESIAN_POINT('',(0.,0.));
#9825 = DIRECTION('',(1.,0.));
#9826 = ( GEOMETRIC_REPRESENTATION_CONTEXT(2)
PARAMETRIC_REPRESENTATION_CONTEXT() REPRESENTATION_CONTEXT('2D SPACE',''
  ) );
#9827 = ORIENTED_EDGE('',*,*,#9778,.F.);
#9828 = ORIENTED_EDGE('',*,*,#8016,.T.);
#9829 = ORIENTED_EDGE('',*,*,#8044,.T.);
#9830 = ADVANCED_FACE('',(#9831),#8086,.T.);
#9831 = FACE_BOUND('',#9832,.T.);
#9832 = EDGE_LOOP('',(#9833,#9834,#9855,#9856));
#9833 = ORIENTED_EDGE('',*,*,#9724,.T.);
#9834 = ORIENTED_EDGE('',*,*,#9835,.T.);
#9835 = EDGE_CURVE('',#9725,#9291,#9836,.T.);
#9836 = SURFACE_CURVE('',#9837,(#9841,#9848),.PCURVE_S1.);
#9837 = LINE('',#9838,#9839);
#9838 = CARTESIAN_POINT('',(-34.1,-27.8431457505,-70.3431457505));
#9839 = VECTOR('',#9840,1.);
#9840 = DIRECTION('',(0.,1.,0.));
#9841 = PCURVE('',#8086,#9842);
#9842 = DEFINITIONAL_REPRESENTATION('',(#9843),#9847);
#9843 = LINE('',#9844,#9845);
#9844 = CARTESIAN_POINT('',(-8.,-0.1));
#9845 = VECTOR('',#9846,1.);
#9846 = DIRECTION('',(1.,0.));
#9847 = ( GEOMETRIC_REPRESENTATION_CONTEXT(2)
PARAMETRIC_REPRESENTATION_CONTEXT() REPRESENTATION_CONTEXT('2D SPACE',''
  ) );
#9848 = PCURVE('',#9330,#9849);
#9849 = DEFINITIONAL_REPRESENTATION('',(#9850),#9854);
#9850 = LINE('',#9851,#9852);
#9851 = CARTESIAN_POINT('',(-27.8431457505,-38.32157287525));
#9852 = VECTOR('',#9853,1.);
#9853 = DIRECTION('',(1.,0.));
#9854 = ( GEOMETRIC_REPRESENTATION_CONTEXT(2)
PARAMETRIC_REPRESENTATION_CONTEXT() REPRESENTATION_CONTEXT('2D SPACE',''
  ) );
#9855 = ORIENTED_EDGE('',*,*,#9290,.F.);
#9856 = ORIENTED_EDGE('',*,*,#8072,.F.);
#9857 = ADVANCED_FACE('',(#9858),#8138,.T.);
#9858 = FACE_BOUND('',#9859,.F.);
#9859 = EDGE_LOOP('',(#9860,#9861,#9862,#9863));
#9860 = ORIENTED_EDGE('',*,*,#8243,.T.);
#9861 = ORIENTED_EDGE('',*,*,#8123,.T.);
#9862 = ORIENTED_EDGE('',*,*,#8175,.T.);
#9863 = ORIENTED_EDGE('',*,*,#8269,.T.);
#9864 = ADVANCED_FACE('',(#9865),#8331,.T.);
#9865 = FACE_BOUND('',#9866,.F.);
#9866 = EDGE_LOOP('',(#9867,#9868,#9869,#9870));
#9867 = ORIENTED_EDGE('',*,*,#8436,.T.);
#9868 = ORIENTED_EDGE('',*,*,#8316,.T.);
#9869 = ORIENTED_EDGE('',*,*,#8368,.T.);
#9870 = ORIENTED_EDGE('',*,*,#8462,.T.);
#9871 = ADVANCED_FACE('',(#9872),#8525,.F.);
#9872 = FACE_BOUND('',#9873,.F.);
#9873 = EDGE_LOOP('',(#9874));
#9874 = ORIENTED_EDGE('',*,*,#8510,.T.);
#9875 = ADVANCED_FACE('',(#9876),#8579,.T.);
#9876 = FACE_BOUND('',#9877,.F.);
#9877 = EDGE_LOOP('',(#9878,#9879,#9880,#9881));
#9878 = ORIENTED_EDGE('',*,*,#8684,.T.);
#9879 = ORIENTED_EDGE('',*,*,#8564,.T.);
#9880 = ORIENTED_EDGE('',*,*,#8616,.T.);
#9881 = ORIENTED_EDGE('',*,*,#8710,.T.);
#9882 = ADVANCED_FACE('',(#9883),#8772,.T.);
#9883 = FACE_BOUND('',#9884,.F.);
#9884 = EDGE_LOOP('',(#9885,#9886,#9887,#9888));
#9885 = ORIENTED_EDGE('',*,*,#8877,.T.);
#9886 = ORIENTED_EDGE('',*,*,#8757,.T.);
#9887 = ORIENTED_EDGE('',*,*,#8809,.T.);
#9888 = ORIENTED_EDGE('',*,*,#8903,.T.);
#9889 = ADVANCED_FACE('',(#9890),#8998,.T.);
#9890 = FACE_BOUND('',#9891,.T.);
#9891 = EDGE_LOOP('',(#9892,#9921,#9942,#9943));
#9892 = ORIENTED_EDGE('',*,*,#9893,.F.);
#9893 = EDGE_CURVE('',#9894,#9894,#9896,.T.);
#9894 = VERTEX_POINT('',#9895);
#9895 = CARTESIAN_POINT('',(-30.65,17.5,-5.));
#9896 = SURFACE_CURVE('',#9897,(#9902,#9909),.PCURVE_S1.);
#9897 = CIRCLE('',#9898,3.);
#9898 = AXIS2_PLACEMENT_3D('',#9899,#9900,#9901);
#9899 = CARTESIAN_POINT('',(-30.65,17.5,-8.));
#9900 = DIRECTION('',(1.,0.,0.));
#9901 = DIRECTION('',(-0.,0.,1.));
#9902 = PCURVE('',#8998,#9903);
#9903 = DEFINITIONAL_REPRESENTATION('',(#9904),#9908);
#9904 = LINE('',#9905,#9906);
#9905 = CARTESIAN_POINT('',(-0.,-1.5));
#9906 = VECTOR('',#9907,1.);
#9907 = DIRECTION('',(-1.,-0.));
#9908 = ( GEOMETRIC_REPRESENTATION_CONTEXT(2)
PARAMETRIC_REPRESENTATION_CONTEXT() REPRESENTATION_CONTEXT('2D SPACE',''
  ) );
#9909 = PCURVE('',#9910,#9915);
#9910 = PLANE('',#9911);
#9911 = AXIS2_PLACEMENT_3D('',#9912,#9913,#9914);
#9912 = CARTESIAN_POINT('',(-30.65,17.5,-8.));
#9913 = DIRECTION('',(1.,0.,0.));
#9914 = DIRECTION('',(-0.,0.,1.));
#9915 = DEFINITIONAL_REPRESENTATION('',(#9916),#9920);
#9916 = CIRCLE('',#9917,3.);
#9917 = AXIS2_PLACEMENT_2D('',#9918,#9919);
#9918 = CARTESIAN_POINT('',(0.,0.));
#9919 = DIRECTION('',(1.,0.));
#9920 = ( GEOMETRIC_REPRESENTATION_CONTEXT(2)
PARAMETRIC_REPRESENTATION_CONTEXT() REPRESENTATION_CONTEXT('2D SPACE',''
  ) );
#9921 = ORIENTED_EDGE('',*,*,#9922,.F.);
#9922 = EDGE_CURVE('',#8982,#9894,#9923,.T.);
#9923 = SEAM_CURVE('',#9924,(#9928,#9935),.PCURVE_S1.);
#9924 = LINE('',#9925,#9926);
#9925 = CARTESIAN_POINT('',(-32.15,17.5,-3.5));
#9926 = VECTOR('',#9927,1.);
#9927 = DIRECTION('',(0.707106781187,-1.731912112471E-16,-0.707106781187
    ));
#9928 = PCURVE('',#8998,#9929);
#9929 = DEFINITIONAL_REPRESENTATION('',(#9930),#9934);
#9930 = LINE('',#9931,#9932);
#9931 = CARTESIAN_POINT('',(-6.28318530718,0.));
#9932 = VECTOR('',#9933,1.);
#9933 = DIRECTION('',(-0.,-1.));
#9934 = ( GEOMETRIC_REPRESENTATION_CONTEXT(2)
PARAMETRIC_REPRESENTATION_CONTEXT() REPRESENTATION_CONTEXT('2D SPACE',''
  ) );
#9935 = PCURVE('',#8998,#9936);
#9936 = DEFINITIONAL_REPRESENTATION('',(#9937),#9941);
#9937 = LINE('',#9938,#9939);
#9938 = CARTESIAN_POINT('',(0.,-0.));
#9939 = VECTOR('',#9940,1.);
#9940 = DIRECTION('',(-0.,-1.));
#9941 = ( GEOMETRIC_REPRESENTATION_CONTEXT(2)
PARAMETRIC_REPRESENTATION_CONTEXT() REPRESENTATION_CONTEXT('2D SPACE',''
  ) );
#9942 = ORIENTED_EDGE('',*,*,#8981,.T.);
#9943 = ORIENTED_EDGE('',*,*,#9922,.T.);
#9944 = ADVANCED_FACE('',(#9945),#9028,.T.);
#9945 = FACE_BOUND('',#9946,.T.);
#9946 = EDGE_LOOP('',(#9947,#9976,#9997,#9998));
#9947 = ORIENTED_EDGE('',*,*,#9948,.F.);
#9948 = EDGE_CURVE('',#9949,#9949,#9951,.T.);
#9949 = VERTEX_POINT('',#9950);
#9950 = CARTESIAN_POINT('',(-30.65,-17.5,-5.));
#9951 = SURFACE_CURVE('',#9952,(#9957,#9964),.PCURVE_S1.);
#9952 = CIRCLE('',#9953,3.);
#9953 = AXIS2_PLACEMENT_3D('',#9954,#9955,#9956);
#9954 = CARTESIAN_POINT('',(-30.65,-17.5,-8.));
#9955 = DIRECTION('',(1.,0.,0.));
#9956 = DIRECTION('',(-0.,0.,1.));
#9957 = PCURVE('',#9028,#9958);
#9958 = DEFINITIONAL_REPRESENTATION('',(#9959),#9963);
#9959 = LINE('',#9960,#9961);
#9960 = CARTESIAN_POINT('',(-0.,-1.5));
#9961 = VECTOR('',#9962,1.);
#9962 = DIRECTION('',(-1.,-0.));
#9963 = ( GEOMETRIC_REPRESENTATION_CONTEXT(2)
PARAMETRIC_REPRESENTATION_CONTEXT() REPRESENTATION_CONTEXT('2D SPACE',''
  ) );
#9964 = PCURVE('',#9965,#9970);
#9965 = PLANE('',#9966);
#9966 = AXIS2_PLACEMENT_3D('',#9967,#9968,#9969);
#9967 = CARTESIAN_POINT('',(-30.65,-17.5,-8.));
#9968 = DIRECTION('',(1.,0.,0.));
#9969 = DIRECTION('',(-0.,0.,1.));
#9970 = DEFINITIONAL_REPRESENTATION('',(#9971),#9975);
#9971 = CIRCLE('',#9972,3.);
#9972 = AXIS2_PLACEMENT_2D('',#9973,#9974);
#9973 = CARTESIAN_POINT('',(0.,0.));
#9974 = DIRECTION('',(1.,0.));
#9975 = ( GEOMETRIC_REPRESENTATION_CONTEXT(2)
PARAMETRIC_REPRESENTATION_CONTEXT() REPRESENTATION_CONTEXT('2D SPACE',''
  ) );
#9976 = ORIENTED_EDGE('',*,*,#9977,.F.);
#9977 = EDGE_CURVE('',#9012,#9949,#9978,.T.);
#9978 = SEAM_CURVE('',#9979,(#9983,#9990),.PCURVE_S1.);
#9979 = LINE('',#9980,#9981);
#9980 = CARTESIAN_POINT('',(-32.15,-17.5,-3.5));
#9981 = VECTOR('',#9982,1.);
#9982 = DIRECTION('',(0.707106781187,-1.731912112471E-16,-0.707106781187
    ));
#9983 = PCURVE('',#9028,#9984);
#9984 = DEFINITIONAL_REPRESENTATION('',(#9985),#9989);
#9985 = LINE('',#9986,#9987);
#9986 = CARTESIAN_POINT('',(-6.28318530718,0.));
#9987 = VECTOR('',#9988,1.);
#9988 = DIRECTION('',(-0.,-1.));
#9989 = ( GEOMETRIC_REPRESENTATION_CONTEXT(2)
PARAMETRIC_REPRESENTATION_CONTEXT() REPRESENTATION_CONTEXT('2D SPACE',''
  ) );
#9990 = PCURVE('',#9028,#9991);
#9991 = DEFINITIONAL_REPRESENTATION('',(#9992),#9996);
#9992 = LINE('',#9993,#9994);
#9993 = CARTESIAN_POINT('',(0.,-0.));
#9994 = VECTOR('',#9995,1.);
#9995 = DIRECTION('',(-0.,-1.));
#9996 = ( GEOMETRIC_REPRESENTATION_CONTEXT(2)
PARAMETRIC_REPRESENTATION_CONTEXT() REPRESENTATION_CONTEXT('2D SPACE',''
  ) );
#9997 = ORIENTED_EDGE('',*,*,#9011,.T.);
#9998 = ORIENTED_EDGE('',*,*,#9977,.T.);
#9999 = ADVANCED_FACE('',(#10000),#9058,.F.);
#10000 = FACE_BOUND('',#10001,.F.);
#10001 = EDGE_LOOP('',(#10002,#10027,#10048,#10049,#10050));
#10002 = ORIENTED_EDGE('',*,*,#10003,.T.);
#10003 = EDGE_CURVE('',#10004,#10006,#10008,.T.);
#10004 = VERTEX_POINT('',#10005);
#10005 = CARTESIAN_POINT('',(-32.2,5.,0.));
#10006 = VERTEX_POINT('',#10007);
#10007 = CARTESIAN_POINT('',(-32.2,1.224646799147E-15,5.));
#10008 = SURFACE_CURVE('',#10009,(#10014,#10020),.PCURVE_S1.);
#10009 = CIRCLE('',#10010,5.);
#10010 = AXIS2_PLACEMENT_3D('',#10011,#10012,#10013);
#10011 = CARTESIAN_POINT('',(-32.2,0.,0.));
#10012 = DIRECTION('',(1.,0.,0.));
#10013 = DIRECTION('',(0.,1.,0.));
#10014 = PCURVE('',#9058,#10015);
#10015 = DEFINITIONAL_REPRESENTATION('',(#10016),#10019);
#10016 = B_SPLINE_CURVE_WITH_KNOTS('',1,(#10017,#10018),.UNSPECIFIED.,
  .F.,.F.,(2,2),(0.,1.570796326795),.PIECEWISE_BEZIER_KNOTS.);
#10017 = CARTESIAN_POINT('',(4.712388980385,0.));
#10018 = CARTESIAN_POINT('',(6.28318530718,0.));
#10019 = ( GEOMETRIC_REPRESENTATION_CONTEXT(2)
PARAMETRIC_REPRESENTATION_CONTEXT() REPRESENTATION_CONTEXT('2D SPACE',''
  ) );
#10020 = PCURVE('',#9506,#10021);
#10021 = DEFINITIONAL_REPRESENTATION('',(#10022),#10026);
#10022 = LINE('',#10023,#10024);
#10023 = CARTESIAN_POINT('',(-0.,-2.));
#10024 = VECTOR('',#10025,1.);
#10025 = DIRECTION('',(-1.,-0.));
#10026 = ( GEOMETRIC_REPRESENTATION_CONTEXT(2)
PARAMETRIC_REPRESENTATION_CONTEXT() REPRESENTATION_CONTEXT('2D SPACE',''
  ) );
#10027 = ORIENTED_EDGE('',*,*,#10028,.T.);
#10028 = EDGE_CURVE('',#10006,#9042,#10029,.T.);
#10029 = SEAM_CURVE('',#10030,(#10034,#10041),.PCURVE_S1.);
#10030 = LINE('',#10031,#10032);
#10031 = CARTESIAN_POINT('',(-32.2,1.224646799147E-15,5.));
#10032 = VECTOR('',#10033,1.);
#10033 = DIRECTION('',(1.,0.,0.));
#10034 = PCURVE('',#9058,#10035);
#10035 = DEFINITIONAL_REPRESENTATION('',(#10036),#10040);
#10036 = LINE('',#10037,#10038);
#10037 = CARTESIAN_POINT('',(0.,-0.));
#10038 = VECTOR('',#10039,1.);
#10039 = DIRECTION('',(0.,1.));
#10040 = ( GEOMETRIC_REPRESENTATION_CONTEXT(2)
PARAMETRIC_REPRESENTATION_CONTEXT() REPRESENTATION_CONTEXT('2D SPACE',''
  ) );
#10041 = PCURVE('',#9058,#10042);
#10042 = DEFINITIONAL_REPRESENTATION('',(#10043),#10047);
#10043 = LINE('',#10044,#10045);
#10044 = CARTESIAN_POINT('',(6.28318530718,-0.));
#10045 = VECTOR('',#10046,1.);
#10046 = DIRECTION('',(0.,1.));
#10047 = ( GEOMETRIC_REPRESENTATION_CONTEXT(2)
PARAMETRIC_REPRESENTATION_CONTEXT() REPRESENTATION_CONTEXT('2D SPACE',''
  ) );
#10048 = ORIENTED_EDGE('',*,*,#9041,.F.);
#10049 = ORIENTED_EDGE('',*,*,#10028,.F.);
#10050 = ORIENTED_EDGE('',*,*,#10051,.T.);
#10051 = EDGE_CURVE('',#10006,#10004,#10052,.T.);
#10052 = SURFACE_CURVE('',#10053,(#10058,#10064),.PCURVE_S1.);
#10053 = CIRCLE('',#10054,5.);
#10054 = AXIS2_PLACEMENT_3D('',#10055,#10056,#10057);
#10055 = CARTESIAN_POINT('',(-32.2,0.,0.));
#10056 = DIRECTION('',(1.,0.,0.));
#10057 = DIRECTION('',(0.,1.,0.));
#10058 = PCURVE('',#9058,#10059);
#10059 = DEFINITIONAL_REPRESENTATION('',(#10060),#10063);
#10060 = B_SPLINE_CURVE_WITH_KNOTS('',1,(#10061,#10062),.UNSPECIFIED.,
  .F.,.F.,(2,2),(1.570796326795,6.28318530718),
  .PIECEWISE_BEZIER_KNOTS.);
#10061 = CARTESIAN_POINT('',(0.,0.));
#10062 = CARTESIAN_POINT('',(4.712388980385,0.));
#10063 = ( GEOMETRIC_REPRESENTATION_CONTEXT(2)
PARAMETRIC_REPRESENTATION_CONTEXT() REPRESENTATION_CONTEXT('2D SPACE',''
  ) );
#10064 = PCURVE('',#9506,#10065);
#10065 = DEFINITIONAL_REPRESENTATION('',(#10066),#10070);
#10066 = LINE('',#10067,#10068);
#10067 = CARTESIAN_POINT('',(-0.,-2.));
#10068 = VECTOR('',#10069,1.);
#10069 = DIRECTION('',(-1.,-0.));
#10070 = ( GEOMETRIC_REPRESENTATION_CONTEXT(2)
PARAMETRIC_REPRESENTATION_CONTEXT() REPRESENTATION_CONTEXT('2D SPACE',''
  ) );
#10071 = ADVANCED_FACE('',(#10072),#9208,.T.);
#10072 = FACE_BOUND('',#10073,.T.);
#10073 = EDGE_LOOP('',(#10074,#10103,#10124,#10125));
#10074 = ORIENTED_EDGE('',*,*,#10075,.F.);
#10075 = EDGE_CURVE('',#10076,#10076,#10078,.T.);
#10076 = VERTEX_POINT('',#10077);
#10077 = CARTESIAN_POINT('',(30.65,7.347880794884E-16,-3.));
#10078 = SURFACE_CURVE('',#10079,(#10084,#10091),.PCURVE_S1.);
#10079 = CIRCLE('',#10080,3.);
#10080 = AXIS2_PLACEMENT_3D('',#10081,#10082,#10083);
#10081 = CARTESIAN_POINT('',(30.65,0.,0.));
#10082 = DIRECTION('',(-1.,0.,0.));
#10083 = DIRECTION('',(0.,0.,-1.));
#10084 = PCURVE('',#9208,#10085);
#10085 = DEFINITIONAL_REPRESENTATION('',(#10086),#10090);
#10086 = LINE('',#10087,#10088);
#10087 = CARTESIAN_POINT('',(-0.,-1.5));
#10088 = VECTOR('',#10089,1.);
#10089 = DIRECTION('',(-1.,-0.));
#10090 = ( GEOMETRIC_REPRESENTATION_CONTEXT(2)
PARAMETRIC_REPRESENTATION_CONTEXT() REPRESENTATION_CONTEXT('2D SPACE',''
  ) );
#10091 = PCURVE('',#10092,#10097);
#10092 = PLANE('',#10093);
#10093 = AXIS2_PLACEMENT_3D('',#10094,#10095,#10096);
#10094 = CARTESIAN_POINT('',(30.65,0.,0.));
#10095 = DIRECTION('',(-1.,0.,0.));
#10096 = DIRECTION('',(0.,0.,-1.));
#10097 = DEFINITIONAL_REPRESENTATION('',(#10098),#10102);
#10098 = CIRCLE('',#10099,3.);
#10099 = AXIS2_PLACEMENT_2D('',#10100,#10101);
#10100 = CARTESIAN_POINT('',(0.,0.));
#10101 = DIRECTION('',(1.,0.));
#10102 = ( GEOMETRIC_REPRESENTATION_CONTEXT(2)
PARAMETRIC_REPRESENTATION_CONTEXT() REPRESENTATION_CONTEXT('2D SPACE',''
  ) );
#10103 = ORIENTED_EDGE('',*,*,#10104,.F.);
#10104 = EDGE_CURVE('',#9188,#10076,#10105,.T.);
#10105 = SEAM_CURVE('',#10106,(#10110,#10117),.PCURVE_S1.);
#10106 = LINE('',#10107,#10108);
#10107 = CARTESIAN_POINT('',(32.15,1.102182119233E-15,-4.5));
#10108 = VECTOR('',#10109,1.);
#10109 = DIRECTION('',(-0.707106781187,-1.731912112471E-16,
    0.707106781187));
#10110 = PCURVE('',#9208,#10111);
#10111 = DEFINITIONAL_REPRESENTATION('',(#10112),#10116);
#10112 = LINE('',#10113,#10114);
#10113 = CARTESIAN_POINT('',(-6.28318530718,0.));
#10114 = VECTOR('',#10115,1.);
#10115 = DIRECTION('',(-0.,-1.));
#10116 = ( GEOMETRIC_REPRESENTATION_CONTEXT(2)
PARAMETRIC_REPRESENTATION_CONTEXT() REPRESENTATION_CONTEXT('2D SPACE',''
  ) );
#10117 = PCURVE('',#9208,#10118);
#10118 = DEFINITIONAL_REPRESENTATION('',(#10119),#10123);
#10119 = LINE('',#10120,#10121);
#10120 = CARTESIAN_POINT('',(0.,-0.));
#10121 = VECTOR('',#10122,1.);
#10122 = DIRECTION('',(-0.,-1.));
#10123 = ( GEOMETRIC_REPRESENTATION_CONTEXT(2)
PARAMETRIC_REPRESENTATION_CONTEXT() REPRESENTATION_CONTEXT('2D SPACE',''
  ) );
#10124 = ORIENTED_EDGE('',*,*,#9187,.T.);
#10125 = ORIENTED_EDGE('',*,*,#10104,.T.);
#10126 = ADVANCED_FACE('',(#10127,#10184,#10215),#9330,.F.);
#10127 = FACE_BOUND('',#10128,.F.);
#10128 = EDGE_LOOP('',(#10129,#10130,#10131,#10155,#10177,#10178,#10179,
    #10180,#10181,#10182,#10183));
#10129 = ORIENTED_EDGE('',*,*,#9417,.T.);
#10130 = ORIENTED_EDGE('',*,*,#9468,.T.);
#10131 = ORIENTED_EDGE('',*,*,#10132,.F.);
#10132 = EDGE_CURVE('',#10133,#9469,#10135,.T.);
#10133 = VERTEX_POINT('',#10134);
#10134 = CARTESIAN_POINT('',(-34.1,6.9,0.));
#10135 = SURFACE_CURVE('',#10136,(#10141,#10148),.PCURVE_S1.);
#10136 = CIRCLE('',#10137,6.9);
#10137 = AXIS2_PLACEMENT_3D('',#10138,#10139,#10140);
#10138 = CARTESIAN_POINT('',(-34.1,0.,0.));
#10139 = DIRECTION('',(1.,0.,0.));
#10140 = DIRECTION('',(-0.,1.,0.));
#10141 = PCURVE('',#9330,#10142);
#10142 = DEFINITIONAL_REPRESENTATION('',(#10143),#10147);
#10143 = CIRCLE('',#10144,6.9);
#10144 = AXIS2_PLACEMENT_2D('',#10145,#10146);
#10145 = CARTESIAN_POINT('',(0.,32.021572875254));
#10146 = DIRECTION('',(1.,0.));
#10147 = ( GEOMETRIC_REPRESENTATION_CONTEXT(2)
PARAMETRIC_REPRESENTATION_CONTEXT() REPRESENTATION_CONTEXT('2D SPACE',''
  ) );
#10148 = PCURVE('',#9506,#10149);
#10149 = DEFINITIONAL_REPRESENTATION('',(#10150),#10154);
#10150 = LINE('',#10151,#10152);
#10151 = CARTESIAN_POINT('',(-0.,-0.1));
#10152 = VECTOR('',#10153,1.);
#10153 = DIRECTION('',(-1.,-0.));
#10154 = ( GEOMETRIC_REPRESENTATION_CONTEXT(2)
PARAMETRIC_REPRESENTATION_CONTEXT() REPRESENTATION_CONTEXT('2D SPACE',''
  ) );
#10155 = ORIENTED_EDGE('',*,*,#10156,.F.);
#10156 = EDGE_CURVE('',#9552,#10133,#10157,.T.);
#10157 = SURFACE_CURVE('',#10158,(#10163,#10170),.PCURVE_S1.);
#10158 = CIRCLE('',#10159,6.9);
#10159 = AXIS2_PLACEMENT_3D('',#10160,#10161,#10162);
#10160 = CARTESIAN_POINT('',(-34.1,0.,0.));
#10161 = DIRECTION('',(1.,0.,0.));
#10162 = DIRECTION('',(-0.,1.,0.));
#10163 = PCURVE('',#9330,#10164);
#10164 = DEFINITIONAL_REPRESENTATION('',(#10165),#10169);
#10165 = CIRCLE('',#10166,6.9);
#10166 = AXIS2_PLACEMENT_2D('',#10167,#10168);
#10167 = CARTESIAN_POINT('',(0.,32.021572875254));
#10168 = DIRECTION('',(1.,0.));
#10169 = ( GEOMETRIC_REPRESENTATION_CONTEXT(2)
PARAMETRIC_REPRESENTATION_CONTEXT() REPRESENTATION_CONTEXT('2D SPACE',''
  ) );
#10170 = PCURVE('',#9506,#10171);
#10171 = DEFINITIONAL_REPRESENTATION('',(#10172),#10176);
#10172 = LINE('',#10173,#10174);
#10173 = CARTESIAN_POINT('',(-0.,-0.1));
#10174 = VECTOR('',#10175,1.);
#10175 = DIRECTION('',(-1.,-0.));
#10176 = ( GEOMETRIC_REPRESENTATION_CONTEXT(2)
PARAMETRIC_REPRESENTATION_CONTEXT() REPRESENTATION_CONTEXT('2D SPACE',''
  ) );
#10177 = ORIENTED_EDGE('',*,*,#9578,.T.);
#10178 = ORIENTED_EDGE('',*,*,#9626,.T.);
#10179 = ORIENTED_EDGE('',*,*,#9676,.T.);
#10180 = ORIENTED_EDGE('',*,*,#9747,.F.);
#10181 = ORIENTED_EDGE('',*,*,#9835,.T.);
#10182 = ORIENTED_EDGE('',*,*,#9313,.T.);
#10183 = ORIENTED_EDGE('',*,*,#9368,.T.);
#10184 = FACE_BOUND('',#10185,.F.);
#10185 = EDGE_LOOP('',(#10186));
#10186 = ORIENTED_EDGE('',*,*,#10187,.F.);
#10187 = EDGE_CURVE('',#10188,#10188,#10190,.T.);
#10188 = VERTEX_POINT('',#10189);
#10189 = CARTESIAN_POINT('',(-34.1,-17.5,-3.5));
#10190 = SURFACE_CURVE('',#10191,(#10196,#10203),.PCURVE_S1.);
#10191 = CIRCLE('',#10192,4.5);
#10192 = AXIS2_PLACEMENT_3D('',#10193,#10194,#10195);
#10193 = CARTESIAN_POINT('',(-34.1,-17.5,-8.));
#10194 = DIRECTION('',(1.,0.,0.));
#10195 = DIRECTION('',(-0.,0.,1.));
#10196 = PCURVE('',#9330,#10197);
#10197 = DEFINITIONAL_REPRESENTATION('',(#10198),#10202);
#10198 = CIRCLE('',#10199,4.5);
#10199 = AXIS2_PLACEMENT_2D('',#10200,#10201);
#10200 = CARTESIAN_POINT('',(-17.5,24.021572875254));
#10201 = DIRECTION('',(0.,1.));
#10202 = ( GEOMETRIC_REPRESENTATION_CONTEXT(2)
PARAMETRIC_REPRESENTATION_CONTEXT() REPRESENTATION_CONTEXT('2D SPACE',''
  ) );
#10203 = PCURVE('',#10204,#10209);
#10204 = CYLINDRICAL_SURFACE('',#10205,4.5);
#10205 = AXIS2_PLACEMENT_3D('',#10206,#10207,#10208);
#10206 = CARTESIAN_POINT('',(-34.15,-17.5,-8.));
#10207 = DIRECTION('',(1.,0.,0.));
#10208 = DIRECTION('',(-0.,0.,1.));
#10209 = DEFINITIONAL_REPRESENTATION('',(#10210),#10214);
#10210 = LINE('',#10211,#10212);
#10211 = CARTESIAN_POINT('',(0.,5.E-02));
#10212 = VECTOR('',#10213,1.);
#10213 = DIRECTION('',(1.,0.));
#10214 = ( GEOMETRIC_REPRESENTATION_CONTEXT(2)
PARAMETRIC_REPRESENTATION_CONTEXT() REPRESENTATION_CONTEXT('2D SPACE',''
  ) );
#10215 = FACE_BOUND('',#10216,.F.);
#10216 = EDGE_LOOP('',(#10217));
#10217 = ORIENTED_EDGE('',*,*,#10218,.F.);
#10218 = EDGE_CURVE('',#10219,#10219,#10221,.T.);
#10219 = VERTEX_POINT('',#10220);
#10220 = CARTESIAN_POINT('',(-34.1,17.5,-3.5));
#10221 = SURFACE_CURVE('',#10222,(#10227,#10234),.PCURVE_S1.);
#10222 = CIRCLE('',#10223,4.5);
#10223 = AXIS2_PLACEMENT_3D('',#10224,#10225,#10226);
#10224 = CARTESIAN_POINT('',(-34.1,17.5,-8.));
#10225 = DIRECTION('',(1.,0.,0.));
#10226 = DIRECTION('',(-0.,0.,1.));
#10227 = PCURVE('',#9330,#10228);
#10228 = DEFINITIONAL_REPRESENTATION('',(#10229),#10233);
#10229 = CIRCLE('',#10230,4.5);
#10230 = AXIS2_PLACEMENT_2D('',#10231,#10232);
#10231 = CARTESIAN_POINT('',(17.5,24.021572875254));
#10232 = DIRECTION('',(0.,1.));
#10233 = ( GEOMETRIC_REPRESENTATION_CONTEXT(2)
PARAMETRIC_REPRESENTATION_CONTEXT() REPRESENTATION_CONTEXT('2D SPACE',''
  ) );
#10234 = PCURVE('',#10235,#10240);
#10235 = CYLINDRICAL_SURFACE('',#10236,4.5);
#10236 = AXIS2_PLACEMENT_3D('',#10237,#10238,#10239);
#10237 = CARTESIAN_POINT('',(-34.15,17.5,-8.));
#10238 = DIRECTION('',(1.,0.,0.));
#10239 = DIRECTION('',(-0.,0.,1.));
#10240 = DEFINITIONAL_REPRESENTATION('',(#10241),#10245);
#10241 = LINE('',#10242,#10243);
#10242 = CARTESIAN_POINT('',(0.,5.E-02));
#10243 = VECTOR('',#10244,1.);
#10244 = DIRECTION('',(1.,0.));
#10245 = ( GEOMETRIC_REPRESENTATION_CONTEXT(2)
PARAMETRIC_REPRESENTATION_CONTEXT() REPRESENTATION_CONTEXT('2D SPACE',''
  ) );
#10246 = ADVANCED_FACE('',(#10247),#9506,.F.);
#10247 = FACE_BOUND('',#10248,.F.);
#10248 = EDGE_LOOP('',(#10249,#10250,#10268,#10269,#10270,#10271,#10272,
    #10273,#10274));
#10249 = ORIENTED_EDGE('',*,*,#10156,.T.);
#10250 = ORIENTED_EDGE('',*,*,#10251,.T.);
#10251 = EDGE_CURVE('',#10133,#10004,#10252,.T.);
#10252 = SEAM_CURVE('',#10253,(#10256,#10262),.PCURVE_S1.);
#10253 = B_SPLINE_CURVE_WITH_KNOTS('',1,(#10254,#10255),.UNSPECIFIED.,
  .F.,.F.,(2,2),(0.,1.),.PIECEWISE_BEZIER_KNOTS.);
#10254 = CARTESIAN_POINT('',(-34.2,7.,0.));
#10255 = CARTESIAN_POINT('',(-32.2,5.,0.));
#10256 = PCURVE('',#9506,#10257);
#10257 = DEFINITIONAL_REPRESENTATION('',(#10258),#10261);
#10258 = B_SPLINE_CURVE_WITH_KNOTS('',1,(#10259,#10260),.UNSPECIFIED.,
  .F.,.F.,(2,2),(0.,1.),.PIECEWISE_BEZIER_KNOTS.);
#10259 = CARTESIAN_POINT('',(0.,0.));
#10260 = CARTESIAN_POINT('',(0.,-2.));
#10261 = ( GEOMETRIC_REPRESENTATION_CONTEXT(2)
PARAMETRIC_REPRESENTATION_CONTEXT() REPRESENTATION_CONTEXT('2D SPACE',''
  ) );
#10262 = PCURVE('',#9506,#10263);
#10263 = DEFINITIONAL_REPRESENTATION('',(#10264),#10267);
#10264 = B_SPLINE_CURVE_WITH_KNOTS('',1,(#10265,#10266),.UNSPECIFIED.,
  .F.,.F.,(2,2),(0.,1.),.PIECEWISE_BEZIER_KNOTS.);
#10265 = CARTESIAN_POINT('',(-6.28318530718,0.));
#10266 = CARTESIAN_POINT('',(-6.28318530718,-2.));
#10267 = ( GEOMETRIC_REPRESENTATION_CONTEXT(2)
PARAMETRIC_REPRESENTATION_CONTEXT() REPRESENTATION_CONTEXT('2D SPACE',''
  ) );
#10268 = ORIENTED_EDGE('',*,*,#10051,.F.);
#10269 = ORIENTED_EDGE('',*,*,#10003,.F.);
#10270 = ORIENTED_EDGE('',*,*,#10251,.F.);
#10271 = ORIENTED_EDGE('',*,*,#10132,.T.);
#10272 = ORIENTED_EDGE('',*,*,#9491,.T.);
#10273 = ORIENTED_EDGE('',*,*,#9525,.T.);
#10274 = ORIENTED_EDGE('',*,*,#9551,.T.);
#10275 = ADVANCED_FACE('',(#10276,#10279),#9816,.F.);
#10276 = FACE_BOUND('',#10277,.F.);
#10277 = EDGE_LOOP('',(#10278));
#10278 = ORIENTED_EDGE('',*,*,#9801,.T.);
#10279 = FACE_BOUND('',#10280,.F.);
#10280 = EDGE_LOOP('',(#10281));
#10281 = ORIENTED_EDGE('',*,*,#10282,.F.);
#10282 = EDGE_CURVE('',#10283,#10283,#10285,.T.);
#10283 = VERTEX_POINT('',#10284);
#10284 = CARTESIAN_POINT('',(34.1,1.102182119233E-15,-4.5));
#10285 = SURFACE_CURVE('',#10286,(#10291,#10298),.PCURVE_S1.);
#10286 = CIRCLE('',#10287,4.5);
#10287 = AXIS2_PLACEMENT_3D('',#10288,#10289,#10290);
#10288 = CARTESIAN_POINT('',(34.1,0.,0.));
#10289 = DIRECTION('',(-1.,0.,0.));
#10290 = DIRECTION('',(0.,0.,-1.));
#10291 = PCURVE('',#9816,#10292);
#10292 = DEFINITIONAL_REPRESENTATION('',(#10293),#10297);
#10293 = CIRCLE('',#10294,4.5);
#10294 = AXIS2_PLACEMENT_2D('',#10295,#10296);
#10295 = CARTESIAN_POINT('',(-8.,0.));
#10296 = DIRECTION('',(1.,0.));
#10297 = ( GEOMETRIC_REPRESENTATION_CONTEXT(2)
PARAMETRIC_REPRESENTATION_CONTEXT() REPRESENTATION_CONTEXT('2D SPACE',''
  ) );
#10298 = PCURVE('',#10299,#10304);
#10299 = CYLINDRICAL_SURFACE('',#10300,4.5);
#10300 = AXIS2_PLACEMENT_3D('',#10301,#10302,#10303);
#10301 = CARTESIAN_POINT('',(34.2,0.,0.));
#10302 = DIRECTION('',(-1.,0.,0.));
#10303 = DIRECTION('',(0.,0.,-1.));
#10304 = DEFINITIONAL_REPRESENTATION('',(#10305),#10309);
#10305 = LINE('',#10306,#10307);
#10306 = CARTESIAN_POINT('',(0.,0.1));
#10307 = VECTOR('',#10308,1.);
#10308 = DIRECTION('',(1.,0.));
#10309 = ( GEOMETRIC_REPRESENTATION_CONTEXT(2)
PARAMETRIC_REPRESENTATION_CONTEXT() REPRESENTATION_CONTEXT('2D SPACE',''
  ) );
#10310 = ADVANCED_FACE('',(#10311,#10314),#9910,.T.);
#10311 = FACE_BOUND('',#10312,.T.);
#10312 = EDGE_LOOP('',(#10313));
#10313 = ORIENTED_EDGE('',*,*,#9893,.T.);
#10314 = FACE_BOUND('',#10315,.T.);
#10315 = EDGE_LOOP('',(#10316));
#10316 = ORIENTED_EDGE('',*,*,#10317,.F.);
#10317 = EDGE_CURVE('',#10318,#10318,#10320,.T.);
#10318 = VERTEX_POINT('',#10319);
#10319 = CARTESIAN_POINT('',(-30.65,17.5,-6.7));
#10320 = SURFACE_CURVE('',#10321,(#10326,#10333),.PCURVE_S1.);
#10321 = CIRCLE('',#10322,1.3);
#10322 = AXIS2_PLACEMENT_3D('',#10323,#10324,#10325);
#10323 = CARTESIAN_POINT('',(-30.65,17.5,-8.));
#10324 = DIRECTION('',(1.,0.,0.));
#10325 = DIRECTION('',(-0.,0.,1.));
#10326 = PCURVE('',#9910,#10327);
#10327 = DEFINITIONAL_REPRESENTATION('',(#10328),#10332);
#10328 = CIRCLE('',#10329,1.3);
#10329 = AXIS2_PLACEMENT_2D('',#10330,#10331);
#10330 = CARTESIAN_POINT('',(0.,0.));
#10331 = DIRECTION('',(1.,0.));
#10332 = ( GEOMETRIC_REPRESENTATION_CONTEXT(2)
PARAMETRIC_REPRESENTATION_CONTEXT() REPRESENTATION_CONTEXT('2D SPACE',''
  ) );
#10333 = PCURVE('',#10334,#10339);
#10334 = CYLINDRICAL_SURFACE('',#10335,1.3);
#10335 = AXIS2_PLACEMENT_3D('',#10336,#10337,#10338);
#10336 = CARTESIAN_POINT('',(-34.2,17.5,-8.));
#10337 = DIRECTION('',(1.,0.,0.));
#10338 = DIRECTION('',(-0.,0.,1.));
#10339 = DEFINITIONAL_REPRESENTATION('',(#10340),#10344);
#10340 = LINE('',#10341,#10342);
#10341 = CARTESIAN_POINT('',(0.,3.55));
#10342 = VECTOR('',#10343,1.);
#10343 = DIRECTION('',(1.,0.));
#10344 = ( GEOMETRIC_REPRESENTATION_CONTEXT(2)
PARAMETRIC_REPRESENTATION_CONTEXT() REPRESENTATION_CONTEXT('2D SPACE',''
  ) );
#10345 = ADVANCED_FACE('',(#10346,#10349),#9965,.T.);
#10346 = FACE_BOUND('',#10347,.T.);
#10347 = EDGE_LOOP('',(#10348));
#10348 = ORIENTED_EDGE('',*,*,#9948,.T.);
#10349 = FACE_BOUND('',#10350,.T.);
#10350 = EDGE_LOOP('',(#10351));
#10351 = ORIENTED_EDGE('',*,*,#10352,.F.);
#10352 = EDGE_CURVE('',#10353,#10353,#10355,.T.);
#10353 = VERTEX_POINT('',#10354);
#10354 = CARTESIAN_POINT('',(-30.65,-17.5,-6.7));
#10355 = SURFACE_CURVE('',#10356,(#10361,#10368),.PCURVE_S1.);
#10356 = CIRCLE('',#10357,1.3);
#10357 = AXIS2_PLACEMENT_3D('',#10358,#10359,#10360);
#10358 = CARTESIAN_POINT('',(-30.65,-17.5,-8.));
#10359 = DIRECTION('',(1.,0.,0.));
#10360 = DIRECTION('',(-0.,0.,1.));
#10361 = PCURVE('',#9965,#10362);
#10362 = DEFINITIONAL_REPRESENTATION('',(#10363),#10367);
#10363 = CIRCLE('',#10364,1.3);
#10364 = AXIS2_PLACEMENT_2D('',#10365,#10366);
#10365 = CARTESIAN_POINT('',(0.,0.));
#10366 = DIRECTION('',(1.,0.));
#10367 = ( GEOMETRIC_REPRESENTATION_CONTEXT(2)
PARAMETRIC_REPRESENTATION_CONTEXT() REPRESENTATION_CONTEXT('2D SPACE',''
  ) );
#10368 = PCURVE('',#10369,#10374);
#10369 = CYLINDRICAL_SURFACE('',#10370,1.3);
#10370 = AXIS2_PLACEMENT_3D('',#10371,#10372,#10373);
#10371 = CARTESIAN_POINT('',(-34.2,-17.5,-8.));
#10372 = DIRECTION('',(1.,0.,0.));
#10373 = DIRECTION('',(-0.,0.,1.));
#10374 = DEFINITIONAL_REPRESENTATION('',(#10375),#10379);
#10375 = LINE('',#10376,#10377);
#10376 = CARTESIAN_POINT('',(0.,3.55));
#10377 = VECTOR('',#10378,1.);
#10378 = DIRECTION('',(1.,0.));
#10379 = ( GEOMETRIC_REPRESENTATION_CONTEXT(2)
PARAMETRIC_REPRESENTATION_CONTEXT() REPRESENTATION_CONTEXT('2D SPACE',''
  ) );
#10380 = ADVANCED_FACE('',(#10381,#10384),#10092,.T.);
#10381 = FACE_BOUND('',#10382,.T.);
#10382 = EDGE_LOOP('',(#10383));
#10383 = ORIENTED_EDGE('',*,*,#10075,.T.);
#10384 = FACE_BOUND('',#10385,.T.);
#10385 = EDGE_LOOP('',(#10386));
#10386 = ORIENTED_EDGE('',*,*,#10387,.F.);
#10387 = EDGE_CURVE('',#10388,#10388,#10390,.T.);
#10388 = VERTEX_POINT('',#10389);
#10389 = CARTESIAN_POINT('',(30.65,3.184081677783E-16,-1.3));
#10390 = SURFACE_CURVE('',#10391,(#10396,#10403),.PCURVE_S1.);
#10391 = CIRCLE('',#10392,1.3);
#10392 = AXIS2_PLACEMENT_3D('',#10393,#10394,#10395);
#10393 = CARTESIAN_POINT('',(30.65,0.,0.));
#10394 = DIRECTION('',(-1.,0.,0.));
#10395 = DIRECTION('',(0.,0.,-1.));
#10396 = PCURVE('',#10092,#10397);
#10397 = DEFINITIONAL_REPRESENTATION('',(#10398),#10402);
#10398 = CIRCLE('',#10399,1.3);
#10399 = AXIS2_PLACEMENT_2D('',#10400,#10401);
#10400 = CARTESIAN_POINT('',(0.,0.));
#10401 = DIRECTION('',(1.,0.));
#10402 = ( GEOMETRIC_REPRESENTATION_CONTEXT(2)
PARAMETRIC_REPRESENTATION_CONTEXT() REPRESENTATION_CONTEXT('2D SPACE',''
  ) );
#10403 = PCURVE('',#10404,#10409);
#10404 = CYLINDRICAL_SURFACE('',#10405,1.3);
#10405 = AXIS2_PLACEMENT_3D('',#10406,#10407,#10408);
#10406 = CARTESIAN_POINT('',(34.25,0.,0.));
#10407 = DIRECTION('',(-1.,0.,0.));
#10408 = DIRECTION('',(0.,0.,-1.));
#10409 = DEFINITIONAL_REPRESENTATION('',(#10410),#10414);
#10410 = LINE('',#10411,#10412);
#10411 = CARTESIAN_POINT('',(0.,3.6));
#10412 = VECTOR('',#10413,1.);
#10413 = DIRECTION('',(1.,0.));
#10414 = ( GEOMETRIC_REPRESENTATION_CONTEXT(2)
PARAMETRIC_REPRESENTATION_CONTEXT() REPRESENTATION_CONTEXT('2D SPACE',''
  ) );
#10415 = ADVANCED_FACE('',(#10416),#10204,.T.);
#10416 = FACE_BOUND('',#10417,.T.);
#10417 = EDGE_LOOP('',(#10418,#10419,#10442,#10469));
#10418 = ORIENTED_EDGE('',*,*,#10187,.F.);
#10419 = ORIENTED_EDGE('',*,*,#10420,.F.);
#10420 = EDGE_CURVE('',#10421,#10188,#10423,.T.);
#10421 = VERTEX_POINT('',#10422);
#10422 = CARTESIAN_POINT('',(-34.15,-17.5,-3.5));
#10423 = SEAM_CURVE('',#10424,(#10428,#10435),.PCURVE_S1.);
#10424 = LINE('',#10425,#10426);
#10425 = CARTESIAN_POINT('',(-34.15,-17.5,-3.5));
#10426 = VECTOR('',#10427,1.);
#10427 = DIRECTION('',(1.,0.,0.));
#10428 = PCURVE('',#10204,#10429);
#10429 = DEFINITIONAL_REPRESENTATION('',(#10430),#10434);
#10430 = LINE('',#10431,#10432);
#10431 = CARTESIAN_POINT('',(6.28318530718,-0.));
#10432 = VECTOR('',#10433,1.);
#10433 = DIRECTION('',(0.,1.));
#10434 = ( GEOMETRIC_REPRESENTATION_CONTEXT(2)
PARAMETRIC_REPRESENTATION_CONTEXT() REPRESENTATION_CONTEXT('2D SPACE',''
  ) );
#10435 = PCURVE('',#10204,#10436);
#10436 = DEFINITIONAL_REPRESENTATION('',(#10437),#10441);
#10437 = LINE('',#10438,#10439);
#10438 = CARTESIAN_POINT('',(0.,-0.));
#10439 = VECTOR('',#10440,1.);
#10440 = DIRECTION('',(0.,1.));
#10441 = ( GEOMETRIC_REPRESENTATION_CONTEXT(2)
PARAMETRIC_REPRESENTATION_CONTEXT() REPRESENTATION_CONTEXT('2D SPACE',''
  ) );
#10442 = ORIENTED_EDGE('',*,*,#10443,.T.);
#10443 = EDGE_CURVE('',#10421,#10421,#10444,.T.);
#10444 = SURFACE_CURVE('',#10445,(#10450,#10457),.PCURVE_S1.);
#10445 = CIRCLE('',#10446,4.5);
#10446 = AXIS2_PLACEMENT_3D('',#10447,#10448,#10449);
#10447 = CARTESIAN_POINT('',(-34.15,-17.5,-8.));
#10448 = DIRECTION('',(1.,0.,0.));
#10449 = DIRECTION('',(-0.,0.,1.));
#10450 = PCURVE('',#10204,#10451);
#10451 = DEFINITIONAL_REPRESENTATION('',(#10452),#10456);
#10452 = LINE('',#10453,#10454);
#10453 = CARTESIAN_POINT('',(0.,0.));
#10454 = VECTOR('',#10455,1.);
#10455 = DIRECTION('',(1.,0.));
#10456 = ( GEOMETRIC_REPRESENTATION_CONTEXT(2)
PARAMETRIC_REPRESENTATION_CONTEXT() REPRESENTATION_CONTEXT('2D SPACE',''
  ) );
#10457 = PCURVE('',#10458,#10463);
#10458 = PLANE('',#10459);
#10459 = AXIS2_PLACEMENT_3D('',#10460,#10461,#10462);
#10460 = CARTESIAN_POINT('',(-34.15,-17.5,-8.));
#10461 = DIRECTION('',(1.,0.,0.));
#10462 = DIRECTION('',(-0.,0.,1.));
#10463 = DEFINITIONAL_REPRESENTATION('',(#10464),#10468);
#10464 = CIRCLE('',#10465,4.5);
#10465 = AXIS2_PLACEMENT_2D('',#10466,#10467);
#10466 = CARTESIAN_POINT('',(0.,0.));
#10467 = DIRECTION('',(1.,0.));
#10468 = ( GEOMETRIC_REPRESENTATION_CONTEXT(2)
PARAMETRIC_REPRESENTATION_CONTEXT() REPRESENTATION_CONTEXT('2D SPACE',''
  ) );
#10469 = ORIENTED_EDGE('',*,*,#10420,.T.);
#10470 = ADVANCED_FACE('',(#10471),#10235,.T.);
#10471 = FACE_BOUND('',#10472,.T.);
#10472 = EDGE_LOOP('',(#10473,#10474,#10497,#10524));
#10473 = ORIENTED_EDGE('',*,*,#10218,.F.);
#10474 = ORIENTED_EDGE('',*,*,#10475,.F.);
#10475 = EDGE_CURVE('',#10476,#10219,#10478,.T.);
#10476 = VERTEX_POINT('',#10477);
#10477 = CARTESIAN_POINT('',(-34.15,17.5,-3.5));
#10478 = SEAM_CURVE('',#10479,(#10483,#10490),.PCURVE_S1.);
#10479 = LINE('',#10480,#10481);
#10480 = CARTESIAN_POINT('',(-34.15,17.5,-3.5));
#10481 = VECTOR('',#10482,1.);
#10482 = DIRECTION('',(1.,0.,0.));
#10483 = PCURVE('',#10235,#10484);
#10484 = DEFINITIONAL_REPRESENTATION('',(#10485),#10489);
#10485 = LINE('',#10486,#10487);
#10486 = CARTESIAN_POINT('',(6.28318530718,-0.));
#10487 = VECTOR('',#10488,1.);
#10488 = DIRECTION('',(0.,1.));
#10489 = ( GEOMETRIC_REPRESENTATION_CONTEXT(2)
PARAMETRIC_REPRESENTATION_CONTEXT() REPRESENTATION_CONTEXT('2D SPACE',''
  ) );
#10490 = PCURVE('',#10235,#10491);
#10491 = DEFINITIONAL_REPRESENTATION('',(#10492),#10496);
#10492 = LINE('',#10493,#10494);
#10493 = CARTESIAN_POINT('',(0.,-0.));
#10494 = VECTOR('',#10495,1.);
#10495 = DIRECTION('',(0.,1.));
#10496 = ( GEOMETRIC_REPRESENTATION_CONTEXT(2)
PARAMETRIC_REPRESENTATION_CONTEXT() REPRESENTATION_CONTEXT('2D SPACE',''
  ) );
#10497 = ORIENTED_EDGE('',*,*,#10498,.T.);
#10498 = EDGE_CURVE('',#10476,#10476,#10499,.T.);
#10499 = SURFACE_CURVE('',#10500,(#10505,#10512),.PCURVE_S1.);
#10500 = CIRCLE('',#10501,4.5);
#10501 = AXIS2_PLACEMENT_3D('',#10502,#10503,#10504);
#10502 = CARTESIAN_POINT('',(-34.15,17.5,-8.));
#10503 = DIRECTION('',(1.,0.,0.));
#10504 = DIRECTION('',(-0.,0.,1.));
#10505 = PCURVE('',#10235,#10506);
#10506 = DEFINITIONAL_REPRESENTATION('',(#10507),#10511);
#10507 = LINE('',#10508,#10509);
#10508 = CARTESIAN_POINT('',(0.,0.));
#10509 = VECTOR('',#10510,1.);
#10510 = DIRECTION('',(1.,0.));
#10511 = ( GEOMETRIC_REPRESENTATION_CONTEXT(2)
PARAMETRIC_REPRESENTATION_CONTEXT() REPRESENTATION_CONTEXT('2D SPACE',''
  ) );
#10512 = PCURVE('',#10513,#10518);
#10513 = PLANE('',#10514);
#10514 = AXIS2_PLACEMENT_3D('',#10515,#10516,#10517);
#10515 = CARTESIAN_POINT('',(-34.15,17.5,-8.));
#10516 = DIRECTION('',(1.,0.,0.));
#10517 = DIRECTION('',(-0.,0.,1.));
#10518 = DEFINITIONAL_REPRESENTATION('',(#10519),#10523);
#10519 = CIRCLE('',#10520,4.5);
#10520 = AXIS2_PLACEMENT_2D('',#10521,#10522);
#10521 = CARTESIAN_POINT('',(0.,0.));
#10522 = DIRECTION('',(1.,0.));
#10523 = ( GEOMETRIC_REPRESENTATION_CONTEXT(2)
PARAMETRIC_REPRESENTATION_CONTEXT() REPRESENTATION_CONTEXT('2D SPACE',''
  ) );
#10524 = ORIENTED_EDGE('',*,*,#10475,.T.);
#10525 = ADVANCED_FACE('',(#10526),#10299,.T.);
#10526 = FACE_BOUND('',#10527,.T.);
#10527 = EDGE_LOOP('',(#10528,#10529,#10552,#10579));
#10528 = ORIENTED_EDGE('',*,*,#10282,.F.);
#10529 = ORIENTED_EDGE('',*,*,#10530,.F.);
#10530 = EDGE_CURVE('',#10531,#10283,#10533,.T.);
#10531 = VERTEX_POINT('',#10532);
#10532 = CARTESIAN_POINT('',(34.2,1.102182119233E-15,-4.5));
#10533 = SEAM_CURVE('',#10534,(#10538,#10545),.PCURVE_S1.);
#10534 = LINE('',#10535,#10536);
#10535 = CARTESIAN_POINT('',(34.2,1.102182119233E-15,-4.5));
#10536 = VECTOR('',#10537,1.);
#10537 = DIRECTION('',(-1.,0.,0.));
#10538 = PCURVE('',#10299,#10539);
#10539 = DEFINITIONAL_REPRESENTATION('',(#10540),#10544);
#10540 = LINE('',#10541,#10542);
#10541 = CARTESIAN_POINT('',(6.28318530718,-0.));
#10542 = VECTOR('',#10543,1.);
#10543 = DIRECTION('',(0.,1.));
#10544 = ( GEOMETRIC_REPRESENTATION_CONTEXT(2)
PARAMETRIC_REPRESENTATION_CONTEXT() REPRESENTATION_CONTEXT('2D SPACE',''
  ) );
#10545 = PCURVE('',#10299,#10546);
#10546 = DEFINITIONAL_REPRESENTATION('',(#10547),#10551);
#10547 = LINE('',#10548,#10549);
#10548 = CARTESIAN_POINT('',(0.,-0.));
#10549 = VECTOR('',#10550,1.);
#10550 = DIRECTION('',(0.,1.));
#10551 = ( GEOMETRIC_REPRESENTATION_CONTEXT(2)
PARAMETRIC_REPRESENTATION_CONTEXT() REPRESENTATION_CONTEXT('2D SPACE',''
  ) );
#10552 = ORIENTED_EDGE('',*,*,#10553,.T.);
#10553 = EDGE_CURVE('',#10531,#10531,#10554,.T.);
#10554 = SURFACE_CURVE('',#10555,(#10560,#10567),.PCURVE_S1.);
#10555 = CIRCLE('',#10556,4.5);
#10556 = AXIS2_PLACEMENT_3D('',#10557,#10558,#10559);
#10557 = CARTESIAN_POINT('',(34.2,0.,0.));
#10558 = DIRECTION('',(-1.,0.,0.));
#10559 = DIRECTION('',(0.,0.,-1.));
#10560 = PCURVE('',#10299,#10561);
#10561 = DEFINITIONAL_REPRESENTATION('',(#10562),#10566);
#10562 = LINE('',#10563,#10564);
#10563 = CARTESIAN_POINT('',(0.,0.));
#10564 = VECTOR('',#10565,1.);
#10565 = DIRECTION('',(1.,0.));
#10566 = ( GEOMETRIC_REPRESENTATION_CONTEXT(2)
PARAMETRIC_REPRESENTATION_CONTEXT() REPRESENTATION_CONTEXT('2D SPACE',''
  ) );
#10567 = PCURVE('',#10568,#10573);
#10568 = PLANE('',#10569);
#10569 = AXIS2_PLACEMENT_3D('',#10570,#10571,#10572);
#10570 = CARTESIAN_POINT('',(34.2,0.,0.));
#10571 = DIRECTION('',(-1.,0.,0.));
#10572 = DIRECTION('',(0.,0.,-1.));
#10573 = DEFINITIONAL_REPRESENTATION('',(#10574),#10578);
#10574 = CIRCLE('',#10575,4.5);
#10575 = AXIS2_PLACEMENT_2D('',#10576,#10577);
#10576 = CARTESIAN_POINT('',(0.,0.));
#10577 = DIRECTION('',(1.,0.));
#10578 = ( GEOMETRIC_REPRESENTATION_CONTEXT(2)
PARAMETRIC_REPRESENTATION_CONTEXT() REPRESENTATION_CONTEXT('2D SPACE',''
  ) );
#10579 = ORIENTED_EDGE('',*,*,#10530,.T.);
#10580 = ADVANCED_FACE('',(#10581),#10334,.F.);
#10581 = FACE_BOUND('',#10582,.F.);
#10582 = EDGE_LOOP('',(#10583,#10584,#10607,#10629));
#10583 = ORIENTED_EDGE('',*,*,#10317,.F.);
#10584 = ORIENTED_EDGE('',*,*,#10585,.F.);
#10585 = EDGE_CURVE('',#10586,#10318,#10588,.T.);
#10586 = VERTEX_POINT('',#10587);
#10587 = CARTESIAN_POINT('',(-34.15,17.5,-6.7));
#10588 = SEAM_CURVE('',#10589,(#10593,#10600),.PCURVE_S1.);
#10589 = LINE('',#10590,#10591);
#10590 = CARTESIAN_POINT('',(-34.2,17.5,-6.7));
#10591 = VECTOR('',#10592,1.);
#10592 = DIRECTION('',(1.,0.,0.));
#10593 = PCURVE('',#10334,#10594);
#10594 = DEFINITIONAL_REPRESENTATION('',(#10595),#10599);
#10595 = LINE('',#10596,#10597);
#10596 = CARTESIAN_POINT('',(6.28318530718,-0.));
#10597 = VECTOR('',#10598,1.);
#10598 = DIRECTION('',(0.,1.));
#10599 = ( GEOMETRIC_REPRESENTATION_CONTEXT(2)
PARAMETRIC_REPRESENTATION_CONTEXT() REPRESENTATION_CONTEXT('2D SPACE',''
  ) );
#10600 = PCURVE('',#10334,#10601);
#10601 = DEFINITIONAL_REPRESENTATION('',(#10602),#10606);
#10602 = LINE('',#10603,#10604);
#10603 = CARTESIAN_POINT('',(0.,-0.));
#10604 = VECTOR('',#10605,1.);
#10605 = DIRECTION('',(0.,1.));
#10606 = ( GEOMETRIC_REPRESENTATION_CONTEXT(2)
PARAMETRIC_REPRESENTATION_CONTEXT() REPRESENTATION_CONTEXT('2D SPACE',''
  ) );
#10607 = ORIENTED_EDGE('',*,*,#10608,.T.);
#10608 = EDGE_CURVE('',#10586,#10586,#10609,.T.);
#10609 = SURFACE_CURVE('',#10610,(#10615,#10622),.PCURVE_S1.);
#10610 = CIRCLE('',#10611,1.3);
#10611 = AXIS2_PLACEMENT_3D('',#10612,#10613,#10614);
#10612 = CARTESIAN_POINT('',(-34.15,17.5,-8.));
#10613 = DIRECTION('',(1.,0.,0.));
#10614 = DIRECTION('',(-0.,0.,1.));
#10615 = PCURVE('',#10334,#10616);
#10616 = DEFINITIONAL_REPRESENTATION('',(#10617),#10621);
#10617 = LINE('',#10618,#10619);
#10618 = CARTESIAN_POINT('',(0.,5.E-02));
#10619 = VECTOR('',#10620,1.);
#10620 = DIRECTION('',(1.,0.));
#10621 = ( GEOMETRIC_REPRESENTATION_CONTEXT(2)
PARAMETRIC_REPRESENTATION_CONTEXT() REPRESENTATION_CONTEXT('2D SPACE',''
  ) );
#10622 = PCURVE('',#10513,#10623);
#10623 = DEFINITIONAL_REPRESENTATION('',(#10624),#10628);
#10624 = CIRCLE('',#10625,1.3);
#10625 = AXIS2_PLACEMENT_2D('',#10626,#10627);
#10626 = CARTESIAN_POINT('',(0.,0.));
#10627 = DIRECTION('',(1.,0.));
#10628 = ( GEOMETRIC_REPRESENTATION_CONTEXT(2)
PARAMETRIC_REPRESENTATION_CONTEXT() REPRESENTATION_CONTEXT('2D SPACE',''
  ) );
#10629 = ORIENTED_EDGE('',*,*,#10585,.T.);
#10630 = ADVANCED_FACE('',(#10631),#10369,.F.);
#10631 = FACE_BOUND('',#10632,.F.);
#10632 = EDGE_LOOP('',(#10633,#10634,#10657,#10679));
#10633 = ORIENTED_EDGE('',*,*,#10352,.F.);
#10634 = ORIENTED_EDGE('',*,*,#10635,.F.);
#10635 = EDGE_CURVE('',#10636,#10353,#10638,.T.);
#10636 = VERTEX_POINT('',#10637);
#10637 = CARTESIAN_POINT('',(-34.15,-17.5,-6.7));
#10638 = SEAM_CURVE('',#10639,(#10643,#10650),.PCURVE_S1.);
#10639 = LINE('',#10640,#10641);
#10640 = CARTESIAN_POINT('',(-34.2,-17.5,-6.7));
#10641 = VECTOR('',#10642,1.);
#10642 = DIRECTION('',(1.,0.,0.));
#10643 = PCURVE('',#10369,#10644);
#10644 = DEFINITIONAL_REPRESENTATION('',(#10645),#10649);
#10645 = LINE('',#10646,#10647);
#10646 = CARTESIAN_POINT('',(6.28318530718,-0.));
#10647 = VECTOR('',#10648,1.);
#10648 = DIRECTION('',(0.,1.));
#10649 = ( GEOMETRIC_REPRESENTATION_CONTEXT(2)
PARAMETRIC_REPRESENTATION_CONTEXT() REPRESENTATION_CONTEXT('2D SPACE',''
  ) );
#10650 = PCURVE('',#10369,#10651);
#10651 = DEFINITIONAL_REPRESENTATION('',(#10652),#10656);
#10652 = LINE('',#10653,#10654);
#10653 = CARTESIAN_POINT('',(0.,-0.));
#10654 = VECTOR('',#10655,1.);
#10655 = DIRECTION('',(0.,1.));
#10656 = ( GEOMETRIC_REPRESENTATION_CONTEXT(2)
PARAMETRIC_REPRESENTATION_CONTEXT() REPRESENTATION_CONTEXT('2D SPACE',''
  ) );
#10657 = ORIENTED_EDGE('',*,*,#10658,.T.);
#10658 = EDGE_CURVE('',#10636,#10636,#10659,.T.);
#10659 = SURFACE_CURVE('',#10660,(#10665,#10672),.PCURVE_S1.);
#10660 = CIRCLE('',#10661,1.3);
#10661 = AXIS2_PLACEMENT_3D('',#10662,#10663,#10664);
#10662 = CARTESIAN_POINT('',(-34.15,-17.5,-8.));
#10663 = DIRECTION('',(1.,0.,0.));
#10664 = DIRECTION('',(-0.,0.,1.));
#10665 = PCURVE('',#10369,#10666);
#10666 = DEFINITIONAL_REPRESENTATION('',(#10667),#10671);
#10667 = LINE('',#10668,#10669);
#10668 = CARTESIAN_POINT('',(0.,5.E-02));
#10669 = VECTOR('',#10670,1.);
#10670 = DIRECTION('',(1.,0.));
#10671 = ( GEOMETRIC_REPRESENTATION_CONTEXT(2)
PARAMETRIC_REPRESENTATION_CONTEXT() REPRESENTATION_CONTEXT('2D SPACE',''
  ) );
#10672 = PCURVE('',#10458,#10673);
#10673 = DEFINITIONAL_REPRESENTATION('',(#10674),#10678);
#10674 = CIRCLE('',#10675,1.3);
#10675 = AXIS2_PLACEMENT_2D('',#10676,#10677);
#10676 = CARTESIAN_POINT('',(0.,0.));
#10677 = DIRECTION('',(1.,0.));
#10678 = ( GEOMETRIC_REPRESENTATION_CONTEXT(2)
PARAMETRIC_REPRESENTATION_CONTEXT() REPRESENTATION_CONTEXT('2D SPACE',''
  ) );
#10679 = ORIENTED_EDGE('',*,*,#10635,.T.);
#10680 = ADVANCED_FACE('',(#10681),#10404,.F.);
#10681 = FACE_BOUND('',#10682,.F.);
#10682 = EDGE_LOOP('',(#10683,#10712,#10733,#10734));
#10683 = ORIENTED_EDGE('',*,*,#10684,.T.);
#10684 = EDGE_CURVE('',#10685,#10685,#10687,.T.);
#10685 = VERTEX_POINT('',#10686);
#10686 = CARTESIAN_POINT('',(32.1,3.184081677783E-16,-1.3));
#10687 = SURFACE_CURVE('',#10688,(#10693,#10700),.PCURVE_S1.);
#10688 = CIRCLE('',#10689,1.3);
#10689 = AXIS2_PLACEMENT_3D('',#10690,#10691,#10692);
#10690 = CARTESIAN_POINT('',(32.1,0.,0.));
#10691 = DIRECTION('',(-1.,0.,0.));
#10692 = DIRECTION('',(0.,0.,-1.));
#10693 = PCURVE('',#10404,#10694);
#10694 = DEFINITIONAL_REPRESENTATION('',(#10695),#10699);
#10695 = LINE('',#10696,#10697);
#10696 = CARTESIAN_POINT('',(0.,2.15));
#10697 = VECTOR('',#10698,1.);
#10698 = DIRECTION('',(1.,0.));
#10699 = ( GEOMETRIC_REPRESENTATION_CONTEXT(2)
PARAMETRIC_REPRESENTATION_CONTEXT() REPRESENTATION_CONTEXT('2D SPACE',''
  ) );
#10700 = PCURVE('',#10701,#10706);
#10701 = PLANE('',#10702);
#10702 = AXIS2_PLACEMENT_3D('',#10703,#10704,#10705);
#10703 = CARTESIAN_POINT('',(32.1,0.,0.));
#10704 = DIRECTION('',(-1.,0.,0.));
#10705 = DIRECTION('',(0.,0.,-1.));
#10706 = DEFINITIONAL_REPRESENTATION('',(#10707),#10711);
#10707 = CIRCLE('',#10708,1.3);
#10708 = AXIS2_PLACEMENT_2D('',#10709,#10710);
#10709 = CARTESIAN_POINT('',(0.,0.));
#10710 = DIRECTION('',(1.,0.));
#10711 = ( GEOMETRIC_REPRESENTATION_CONTEXT(2)
PARAMETRIC_REPRESENTATION_CONTEXT() REPRESENTATION_CONTEXT('2D SPACE',''
  ) );
#10712 = ORIENTED_EDGE('',*,*,#10713,.T.);
#10713 = EDGE_CURVE('',#10685,#10388,#10714,.T.);
#10714 = SEAM_CURVE('',#10715,(#10719,#10726),.PCURVE_S1.);
#10715 = LINE('',#10716,#10717);
#10716 = CARTESIAN_POINT('',(34.25,3.184081677783E-16,-1.3));
#10717 = VECTOR('',#10718,1.);
#10718 = DIRECTION('',(-1.,0.,0.));
#10719 = PCURVE('',#10404,#10720);
#10720 = DEFINITIONAL_REPRESENTATION('',(#10721),#10725);
#10721 = LINE('',#10722,#10723);
#10722 = CARTESIAN_POINT('',(0.,-0.));
#10723 = VECTOR('',#10724,1.);
#10724 = DIRECTION('',(0.,1.));
#10725 = ( GEOMETRIC_REPRESENTATION_CONTEXT(2)
PARAMETRIC_REPRESENTATION_CONTEXT() REPRESENTATION_CONTEXT('2D SPACE',''
  ) );
#10726 = PCURVE('',#10404,#10727);
#10727 = DEFINITIONAL_REPRESENTATION('',(#10728),#10732);
#10728 = LINE('',#10729,#10730);
#10729 = CARTESIAN_POINT('',(6.28318530718,-0.));
#10730 = VECTOR('',#10731,1.);
#10731 = DIRECTION('',(0.,1.));
#10732 = ( GEOMETRIC_REPRESENTATION_CONTEXT(2)
PARAMETRIC_REPRESENTATION_CONTEXT() REPRESENTATION_CONTEXT('2D SPACE',''
  ) );
#10733 = ORIENTED_EDGE('',*,*,#10387,.F.);
#10734 = ORIENTED_EDGE('',*,*,#10713,.F.);
#10735 = ADVANCED_FACE('',(#10736,#10739),#10458,.F.);
#10736 = FACE_BOUND('',#10737,.F.);
#10737 = EDGE_LOOP('',(#10738));
#10738 = ORIENTED_EDGE('',*,*,#10443,.T.);
#10739 = FACE_BOUND('',#10740,.F.);
#10740 = EDGE_LOOP('',(#10741));
#10741 = ORIENTED_EDGE('',*,*,#10658,.F.);
#10742 = ADVANCED_FACE('',(#10743,#10746),#10513,.F.);
#10743 = FACE_BOUND('',#10744,.F.);
#10744 = EDGE_LOOP('',(#10745));
#10745 = ORIENTED_EDGE('',*,*,#10498,.T.);
#10746 = FACE_BOUND('',#10747,.F.);
#10747 = EDGE_LOOP('',(#10748));
#10748 = ORIENTED_EDGE('',*,*,#10608,.F.);
#10749 = ADVANCED_FACE('',(#10750,#10753),#10568,.F.);
#10750 = FACE_BOUND('',#10751,.F.);
#10751 = EDGE_LOOP('',(#10752));
#10752 = ORIENTED_EDGE('',*,*,#10553,.T.);
#10753 = FACE_BOUND('',#10754,.F.);
#10754 = EDGE_LOOP('',(#10755));
#10755 = ORIENTED_EDGE('',*,*,#10756,.F.);
#10756 = EDGE_CURVE('',#10757,#10757,#10759,.T.);
#10757 = VERTEX_POINT('',#10758);
#10758 = CARTESIAN_POINT('',(34.2,7.347880794884E-16,-3.));
#10759 = SURFACE_CURVE('',#10760,(#10765,#10772),.PCURVE_S1.);
#10760 = CIRCLE('',#10761,3.);
#10761 = AXIS2_PLACEMENT_3D('',#10762,#10763,#10764);
#10762 = CARTESIAN_POINT('',(34.2,0.,0.));
#10763 = DIRECTION('',(-1.,0.,0.));
#10764 = DIRECTION('',(0.,0.,-1.));
#10765 = PCURVE('',#10568,#10766);
#10766 = DEFINITIONAL_REPRESENTATION('',(#10767),#10771);
#10767 = CIRCLE('',#10768,3.);
#10768 = AXIS2_PLACEMENT_2D('',#10769,#10770);
#10769 = CARTESIAN_POINT('',(0.,0.));
#10770 = DIRECTION('',(1.,0.));
#10771 = ( GEOMETRIC_REPRESENTATION_CONTEXT(2)
PARAMETRIC_REPRESENTATION_CONTEXT() REPRESENTATION_CONTEXT('2D SPACE',''
  ) );
#10772 = PCURVE('',#10773,#10778);
#10773 = CYLINDRICAL_SURFACE('',#10774,3.);
#10774 = AXIS2_PLACEMENT_3D('',#10775,#10776,#10777);
#10775 = CARTESIAN_POINT('',(34.2,0.,0.));
#10776 = DIRECTION('',(-1.,0.,0.));
#10777 = DIRECTION('',(0.,0.,-1.));
#10778 = DEFINITIONAL_REPRESENTATION('',(#10779),#10783);
#10779 = LINE('',#10780,#10781);
#10780 = CARTESIAN_POINT('',(0.,0.));
#10781 = VECTOR('',#10782,1.);
#10782 = DIRECTION('',(1.,0.));
#10783 = ( GEOMETRIC_REPRESENTATION_CONTEXT(2)
PARAMETRIC_REPRESENTATION_CONTEXT() REPRESENTATION_CONTEXT('2D SPACE',''
  ) );
#10784 = ADVANCED_FACE('',(#10785,#10811),#10701,.F.);
#10785 = FACE_BOUND('',#10786,.F.);
#10786 = EDGE_LOOP('',(#10787));
#10787 = ORIENTED_EDGE('',*,*,#10788,.T.);
#10788 = EDGE_CURVE('',#10789,#10789,#10791,.T.);
#10789 = VERTEX_POINT('',#10790);
#10790 = CARTESIAN_POINT('',(32.1,7.347880794884E-16,-3.));
#10791 = SURFACE_CURVE('',#10792,(#10797,#10804),.PCURVE_S1.);
#10792 = CIRCLE('',#10793,3.);
#10793 = AXIS2_PLACEMENT_3D('',#10794,#10795,#10796);
#10794 = CARTESIAN_POINT('',(32.1,0.,0.));
#10795 = DIRECTION('',(-1.,0.,0.));
#10796 = DIRECTION('',(0.,0.,-1.));
#10797 = PCURVE('',#10701,#10798);
#10798 = DEFINITIONAL_REPRESENTATION('',(#10799),#10803);
#10799 = CIRCLE('',#10800,3.);
#10800 = AXIS2_PLACEMENT_2D('',#10801,#10802);
#10801 = CARTESIAN_POINT('',(0.,0.));
#10802 = DIRECTION('',(1.,0.));
#10803 = ( GEOMETRIC_REPRESENTATION_CONTEXT(2)
PARAMETRIC_REPRESENTATION_CONTEXT() REPRESENTATION_CONTEXT('2D SPACE',''
  ) );
#10804 = PCURVE('',#10773,#10805);
#10805 = DEFINITIONAL_REPRESENTATION('',(#10806),#10810);
#10806 = LINE('',#10807,#10808);
#10807 = CARTESIAN_POINT('',(0.,2.1));
#10808 = VECTOR('',#10809,1.);
#10809 = DIRECTION('',(1.,0.));
#10810 = ( GEOMETRIC_REPRESENTATION_CONTEXT(2)
PARAMETRIC_REPRESENTATION_CONTEXT() REPRESENTATION_CONTEXT('2D SPACE',''
  ) );
#10811 = FACE_BOUND('',#10812,.F.);
#10812 = EDGE_LOOP('',(#10813));
#10813 = ORIENTED_EDGE('',*,*,#10684,.F.);
#10814 = ADVANCED_FACE('',(#10815),#10773,.F.);
#10815 = FACE_BOUND('',#10816,.F.);
#10816 = EDGE_LOOP('',(#10817,#10818,#10839,#10840));
#10817 = ORIENTED_EDGE('',*,*,#10788,.F.);
#10818 = ORIENTED_EDGE('',*,*,#10819,.F.);
#10819 = EDGE_CURVE('',#10757,#10789,#10820,.T.);
#10820 = SEAM_CURVE('',#10821,(#10825,#10832),.PCURVE_S1.);
#10821 = LINE('',#10822,#10823);
#10822 = CARTESIAN_POINT('',(34.2,7.347880794884E-16,-3.));
#10823 = VECTOR('',#10824,1.);
#10824 = DIRECTION('',(-1.,0.,0.));
#10825 = PCURVE('',#10773,#10826);
#10826 = DEFINITIONAL_REPRESENTATION('',(#10827),#10831);
#10827 = LINE('',#10828,#10829);
#10828 = CARTESIAN_POINT('',(6.28318530718,-0.));
#10829 = VECTOR('',#10830,1.);
#10830 = DIRECTION('',(0.,1.));
#10831 = ( GEOMETRIC_REPRESENTATION_CONTEXT(2)
PARAMETRIC_REPRESENTATION_CONTEXT() REPRESENTATION_CONTEXT('2D SPACE',''
  ) );
#10832 = PCURVE('',#10773,#10833);
#10833 = DEFINITIONAL_REPRESENTATION('',(#10834),#10838);
#10834 = LINE('',#10835,#10836);
#10835 = CARTESIAN_POINT('',(0.,-0.));
#10836 = VECTOR('',#10837,1.);
#10837 = DIRECTION('',(0.,1.));
#10838 = ( GEOMETRIC_REPRESENTATION_CONTEXT(2)
PARAMETRIC_REPRESENTATION_CONTEXT() REPRESENTATION_CONTEXT('2D SPACE',''
  ) );
#10839 = ORIENTED_EDGE('',*,*,#10756,.T.);
#10840 = ORIENTED_EDGE('',*,*,#10819,.T.);
#10841 = ( GEOMETRIC_REPRESENTATION_CONTEXT(3)
GLOBAL_UNCERTAINTY_ASSIGNED_CONTEXT((#10845))
GLOBAL_UNIT_ASSIGNED_CONTEXT((#10842,#10843,#10844))
REPRESENTATION_CONTEXT('Context #1',
  '3D Context with UNIT and UNCERTAINTY') );
#10842 = ( LENGTH_UNIT() NAMED_UNIT(*) SI_UNIT(.MILLI.,.METRE.) );
#10843 = ( NAMED_UNIT(*) PLANE_ANGLE_UNIT() SI_UNIT($,.RADIAN.) );
#10844 = ( NAMED_UNIT(*) SI_UNIT($,.STERADIAN.) SOLID_ANGLE_UNIT() );
#10845 = UNCERTAINTY_MEASURE_WITH_UNIT(LENGTH_MEASURE(1.E-06),#10842,
  'distance_accuracy_value','confusion accuracy');
#10846 = PRODUCT_RELATED_PRODUCT_CATEGORY('part',$,(#7));
ENDSEC;
END-ISO-10303-21;
