ISO-10303-21;
/* ALPHABETS_LICENSE_BEGIN */
/* SPDX-FileCopyrightText: 2014-2026 The Beach Lab <https://beachlab.org> */
/* SPDX-License-Identifier: MIT */
/* ALPHABETS_LICENSE_END */
HEADER;
FILE_DESCRIPTION(('KiCad electronic assembly'),'2;1');
FILE_NAME('attiny44-ring.step','2026-08-18T14:54:12',('Pcbnew'),('Kicad'
    ),'Open CASCADE STEP processor 7.9','KiCad to STEP converter',
  'Unknown');
FILE_SCHEMA(('AUTOMOTIVE_DESIGN { 1 0 10303 214 1 1 1 1 }'));
ENDSEC;
DATA;
#1 = APPLICATION_PROTOCOL_DEFINITION('international standard',
  'automotive_design',2000,#2);
#2 = APPLICATION_CONTEXT(
  'core data for automotive mechanical design processes');
#3 = SHAPE_DEFINITION_REPRESENTATION(#4,#10);
#4 = PRODUCT_DEFINITION_SHAPE('','',#5);
#5 = PRODUCT_DEFINITION('design','',#6,#9);
#6 = PRODUCT_DEFINITION_FORMATION('','',#7);
#7 = PRODUCT('attiny44-ring 1','attiny44-ring 1','',(#8));
#8 = PRODUCT_CONTEXT('',#2,'mechanical');
#9 = PRODUCT_DEFINITION_CONTEXT('part definition',#2,'design');
#10 = SHAPE_REPRESENTATION('',(#11,#15,#19,#23,#27,#31,#35,#39,#43,#47,
    #51,#55,#59,#63,#67,#71,#75,#79,#83,#87,#91,#95,#99),#103);
#11 = AXIS2_PLACEMENT_3D('',#12,#13,#14);
#12 = CARTESIAN_POINT('',(0.,0.,0.));
#13 = DIRECTION('',(0.,0.,1.));
#14 = DIRECTION('',(1.,0.,-0.));
#15 = AXIS2_PLACEMENT_3D('',#16,#17,#18);
#16 = CARTESIAN_POINT('',(119.8,-142.,1.595));
#17 = DIRECTION('',(0.,-0.,1.));
#18 = DIRECTION('',(1.110223024625E-16,1.,0.));
#19 = AXIS2_PLACEMENT_3D('',#20,#21,#22);
#20 = CARTESIAN_POINT('',(115.,-104.5,1.595));
#21 = DIRECTION('',(0.,0.,1.));
#22 = DIRECTION('',(1.,0.,0.));
#23 = AXIS2_PLACEMENT_3D('',#24,#25,#26);
#24 = CARTESIAN_POINT('',(143.8,-115.92,1.595));
#25 = DIRECTION('',(0.,0.,1.));
#26 = DIRECTION('',(1.,0.,0.));
#27 = AXIS2_PLACEMENT_3D('',#28,#29,#30);
#28 = CARTESIAN_POINT('',(116.55,-116.06,1.595));
#29 = DIRECTION('',(0.,-0.,1.));
#30 = DIRECTION('',(0.707106781187,0.707106781187,0.));
#31 = AXIS2_PLACEMENT_3D('',#32,#33,#34);
#32 = CARTESIAN_POINT('',(111.8,-115.14,1.595));
#33 = DIRECTION('',(0.,-0.,1.));
#34 = DIRECTION('',(1.110223024625E-16,1.,0.));
#35 = AXIS2_PLACEMENT_3D('',#36,#37,#38);
#36 = CARTESIAN_POINT('',(105.4,-108.12,1.595));
#37 = DIRECTION('',(0.,0.,1.));
#38 = DIRECTION('',(1.,0.,0.));
#39 = AXIS2_PLACEMENT_3D('',#40,#41,#42);
#40 = CARTESIAN_POINT('',(113.4,-133.86,1.595));
#41 = DIRECTION('',(-0.,0.,1.));
#42 = DIRECTION('',(1.110223024625E-16,-1.,0.));
#43 = AXIS2_PLACEMENT_3D('',#44,#45,#46);
#44 = CARTESIAN_POINT('',(122.5,-118.65,1.595));
#45 = DIRECTION('',(0.,-0.,1.));
#46 = DIRECTION('',(0.707106781187,0.707106781187,0.));
#47 = AXIS2_PLACEMENT_3D('',#48,#49,#50);
#48 = CARTESIAN_POINT('',(128.,-139.46,1.595));
#49 = DIRECTION('',(0.,0.,1.));
#50 = DIRECTION('',(1.,0.,0.));
#51 = AXIS2_PLACEMENT_3D('',#52,#53,#54);
#52 = CARTESIAN_POINT('',(119.8,-123.72,1.595));
#53 = DIRECTION('',(0.,0.,1.));
#54 = DIRECTION('',(1.,0.,0.));
#55 = AXIS2_PLACEMENT_3D('',#56,#57,#58);
#56 = CARTESIAN_POINT('',(115.8,-121.38,1.595));
#57 = DIRECTION('',(-0.,0.,1.));
#58 = DIRECTION('',(1.110223024625E-16,-1.,0.));
#59 = AXIS2_PLACEMENT_3D('',#60,#61,#62);
#60 = CARTESIAN_POINT('',(105.,-128.4,1.595));
#61 = DIRECTION('',(-0.,0.,1.));
#62 = DIRECTION('',(1.110223024625E-16,-1.,0.));
#63 = AXIS2_PLACEMENT_3D('',#64,#65,#66);
#64 = CARTESIAN_POINT('',(126.8,-124.5,1.595));
#65 = DIRECTION('',(-0.,0.,1.));
#66 = DIRECTION('',(1.110223024625E-16,-1.,0.));
#67 = AXIS2_PLACEMENT_3D('',#68,#69,#70);
#68 = CARTESIAN_POINT('',(135.8,-131.52,1.595));
#69 = DIRECTION('',(0.,0.,1.));
#70 = DIRECTION('',(1.,0.,0.));
#71 = AXIS2_PLACEMENT_3D('',#72,#73,#74);
#72 = CARTESIAN_POINT('',(109.,-128.4,1.595));
#73 = DIRECTION('',(0.,0.,1.));
#74 = DIRECTION('',(1.,0.,0.));
#75 = AXIS2_PLACEMENT_3D('',#76,#77,#78);
#76 = CARTESIAN_POINT('',(107.45,-122.,1.595));
#77 = DIRECTION('',(0.,0.,1.));
#78 = DIRECTION('',(1.,0.,0.));
#79 = AXIS2_PLACEMENT_3D('',#80,#81,#82);
#80 = CARTESIAN_POINT('',(126.8,-132.,1.595));
#81 = DIRECTION('',(-0.,0.,1.));
#82 = DIRECTION('',(1.110223024625E-16,-1.,0.));
#83 = AXIS2_PLACEMENT_3D('',#84,#85,#86);
#84 = CARTESIAN_POINT('',(132.,-142.,1.595));
#85 = DIRECTION('',(0.,-0.,1.));
#86 = DIRECTION('',(1.110223024625E-16,1.,0.));
#87 = AXIS2_PLACEMENT_3D('',#88,#89,#90);
#88 = CARTESIAN_POINT('',(119.8,-129.96,1.595));
#89 = DIRECTION('',(0.,0.,1.));
#90 = DIRECTION('',(1.,0.,0.));
#91 = AXIS2_PLACEMENT_3D('',#92,#93,#94);
#92 = CARTESIAN_POINT('',(114.,-126.8,1.595));
#93 = DIRECTION('',(-0.,0.,1.));
#94 = DIRECTION('',(1.110223024625E-16,-1.,0.));
#95 = AXIS2_PLACEMENT_3D('',#96,#97,#98);
#96 = CARTESIAN_POINT('',(128.,-146.,1.595));
#97 = DIRECTION('',(0.,0.,1.));
#98 = DIRECTION('',(-0.707106781187,0.707106781187,0.));
#99 = AXIS2_PLACEMENT_3D('',#100,#101,#102);
#100 = CARTESIAN_POINT('',(0.,0.,0.));
#101 = DIRECTION('',(0.,0.,1.));
#102 = DIRECTION('',(1.,0.,-0.));
#103 = ( GEOMETRIC_REPRESENTATION_CONTEXT(3) 
GLOBAL_UNCERTAINTY_ASSIGNED_CONTEXT((#107)) GLOBAL_UNIT_ASSIGNED_CONTEXT
((#104,#105,#106)) REPRESENTATION_CONTEXT('Context #1',
  '3D Context with UNIT and UNCERTAINTY') );
#104 = ( LENGTH_UNIT() NAMED_UNIT(*) SI_UNIT(.MILLI.,.METRE.) );
#105 = ( NAMED_UNIT(*) PLANE_ANGLE_UNIT() SI_UNIT($,.RADIAN.) );
#106 = ( NAMED_UNIT(*) SI_UNIT($,.STERADIAN.) SOLID_ANGLE_UNIT() );
#107 = UNCERTAINTY_MEASURE_WITH_UNIT(LENGTH_MEASURE(1.E-07),#104,
  'distance_accuracy_value','confusion accuracy');
#108 = PRODUCT_RELATED_PRODUCT_CATEGORY('part',$,(#7));
#109 = SHAPE_DEFINITION_REPRESENTATION(#110,#116);
#110 = PRODUCT_DEFINITION_SHAPE('','',#111);
#111 = PRODUCT_DEFINITION('design','',#112,#115);
#112 = PRODUCT_DEFINITION_FORMATION('','',#113);
#113 = PRODUCT('PinHeader_2x03_P2.54mm_Vertical_SMD',
  'PinHeader_2x03_P2.54mm_Vertical_SMD','',(#114));
#114 = PRODUCT_CONTEXT('',#2,'mechanical');
#115 = PRODUCT_DEFINITION_CONTEXT('part definition',#2,'design');
#116 = SHAPE_REPRESENTATION('',(#11,#117),#121);
#117 = AXIS2_PLACEMENT_3D('',#118,#119,#120);
#118 = CARTESIAN_POINT('',(0.,0.,0.));
#119 = DIRECTION('',(0.,0.,1.));
#120 = DIRECTION('',(1.,0.,-0.));
#121 = ( GEOMETRIC_REPRESENTATION_CONTEXT(3) 
GLOBAL_UNCERTAINTY_ASSIGNED_CONTEXT((#125)) GLOBAL_UNIT_ASSIGNED_CONTEXT
((#122,#123,#124)) REPRESENTATION_CONTEXT('Context #1',
  '3D Context with UNIT and UNCERTAINTY') );
#122 = ( LENGTH_UNIT() NAMED_UNIT(*) SI_UNIT(.MILLI.,.METRE.) );
#123 = ( NAMED_UNIT(*) PLANE_ANGLE_UNIT() SI_UNIT($,.RADIAN.) );
#124 = ( NAMED_UNIT(*) SI_UNIT($,.STERADIAN.) SOLID_ANGLE_UNIT() );
#125 = UNCERTAINTY_MEASURE_WITH_UNIT(LENGTH_MEASURE(1.E-07),#122,
  'distance_accuracy_value','confusion accuracy');
#126 = CONTEXT_DEPENDENT_SHAPE_REPRESENTATION(#127,#129);
#127 = ( REPRESENTATION_RELATIONSHIP('','',#116,#10) 
REPRESENTATION_RELATIONSHIP_WITH_TRANSFORMATION(#128) 
SHAPE_REPRESENTATION_RELATIONSHIP() );
#128 = ITEM_DEFINED_TRANSFORMATION('','',#11,#15);
#129 = PRODUCT_DEFINITION_SHAPE('Placement','Placement of an item',#130
  );
#130 = NEXT_ASSEMBLY_USAGE_OCCURRENCE('2','J5','',#5,#111,$);
#131 = PRODUCT_RELATED_PRODUCT_CATEGORY('part',$,(#113));
#132 = SHAPE_DEFINITION_REPRESENTATION(#133,#139);
#133 = PRODUCT_DEFINITION_SHAPE('','',#134);
#134 = PRODUCT_DEFINITION('design','',#135,#138);
#135 = PRODUCT_DEFINITION_FORMATION('','',#136);
#136 = PRODUCT('PinHeader_2x03_P254mm_Vertical_SMD',
  'PinHeader_2x03_P254mm_Vertical_SMD','',(#137));
#137 = PRODUCT_CONTEXT('',#2,'mechanical');
#138 = PRODUCT_DEFINITION_CONTEXT('part definition',#2,'design');
#139 = ADVANCED_BREP_SHAPE_REPRESENTATION('',(#11,#140),#4280);
#140 = MANIFOLD_SOLID_BREP('',#141);
#141 = CLOSED_SHELL('',(#142,#182,#213,#244,#593,#942,#959,#976,#993,
    #1010,#1027,#1044,#1061,#1078,#1095,#1112,#1129,#1146,#1163,#1180,
    #1197,#1214,#1226,#1282,#1306,#1355,#1372,#1428,#1452,#1501,#1518,
    #1549,#1598,#1622,#1664,#1720,#1744,#1793,#1810,#1841,#1890,#1914,
    #1956,#2012,#2036,#2085,#2102,#2133,#2157,#2181,#2198,#2229,#2253,
    #2277,#2294,#2325,#2349,#2373,#2390,#2421,#2445,#2469,#2486,#2517,
    #2541,#2565,#2582,#2613,#2637,#2661,#2678,#2709,#2726,#2743,#2760,
    #2791,#2822,#2839,#2856,#2873,#2904,#2921,#2952,#2969,#2986,#3017,
    #3048,#3065,#3082,#3099,#3130,#3147,#3178,#3195,#3212,#3243,#3274,
    #3291,#3308,#3325,#3356,#3387,#3411,#3435,#3452,#3483,#3507,#3531,
    #3548,#3579,#3603,#3627,#3644,#3675,#3699,#3723,#3740,#3771,#3795,
    #3819,#3836,#3867,#3891,#3915,#3932,#3949,#3966,#3978,#3995,#4012,
    #4024,#4041,#4058,#4070,#4087,#4104,#4116,#4133,#4150,#4162,#4179,
    #4196,#4208,#4220,#4232,#4244,#4256,#4268));
#142 = ADVANCED_FACE('',(#143),#177,.F.);
#143 = FACE_BOUND('',#144,.F.);
#144 = EDGE_LOOP('',(#145,#155,#163,#171));
#145 = ORIENTED_EDGE('',*,*,#146,.T.);
#146 = EDGE_CURVE('',#147,#149,#151,.T.);
#147 = VERTEX_POINT('',#148);
#148 = CARTESIAN_POINT('',(-2.286,3.81,0.76));
#149 = VERTEX_POINT('',#150);
#150 = CARTESIAN_POINT('',(-2.286,3.81,3.3));
#151 = LINE('',#152,#153);
#152 = CARTESIAN_POINT('',(-2.286,3.81,0.76));
#153 = VECTOR('',#154,1.);
#154 = DIRECTION('',(0.,0.,1.));
#155 = ORIENTED_EDGE('',*,*,#156,.T.);
#156 = EDGE_CURVE('',#149,#157,#159,.T.);
#157 = VERTEX_POINT('',#158);
#158 = CARTESIAN_POINT('',(-2.54,3.556,3.3));
#159 = LINE('',#160,#161);
#160 = CARTESIAN_POINT('',(-2.286,3.81,3.3));
#161 = VECTOR('',#162,1.);
#162 = DIRECTION('',(-0.707106781187,-0.707106781187,0.));
#163 = ORIENTED_EDGE('',*,*,#164,.F.);
#164 = EDGE_CURVE('',#165,#157,#167,.T.);
#165 = VERTEX_POINT('',#166);
#166 = CARTESIAN_POINT('',(-2.54,3.556,0.76));
#167 = LINE('',#168,#169);
#168 = CARTESIAN_POINT('',(-2.54,3.556,0.76));
#169 = VECTOR('',#170,1.);
#170 = DIRECTION('',(0.,0.,1.));
#171 = ORIENTED_EDGE('',*,*,#172,.F.);
#172 = EDGE_CURVE('',#147,#165,#173,.T.);
#173 = LINE('',#174,#175);
#174 = CARTESIAN_POINT('',(-2.286,3.81,0.76));
#175 = VECTOR('',#176,1.);
#176 = DIRECTION('',(-0.707106781187,-0.707106781187,0.));
#177 = PLANE('',#178);
#178 = AXIS2_PLACEMENT_3D('',#179,#180,#181);
#179 = CARTESIAN_POINT('',(-2.286,3.81,0.76));
#180 = DIRECTION('',(0.707106781187,-0.707106781187,0.));
#181 = DIRECTION('',(-0.707106781187,-0.707106781187,0.));
#182 = ADVANCED_FACE('',(#183),#208,.F.);
#183 = FACE_BOUND('',#184,.F.);
#184 = EDGE_LOOP('',(#185,#195,#201,#202));
#185 = ORIENTED_EDGE('',*,*,#186,.T.);
#186 = EDGE_CURVE('',#187,#189,#191,.T.);
#187 = VERTEX_POINT('',#188);
#188 = CARTESIAN_POINT('',(2.286,3.81,0.76));
#189 = VERTEX_POINT('',#190);
#190 = CARTESIAN_POINT('',(2.286,3.81,3.3));
#191 = LINE('',#192,#193);
#192 = CARTESIAN_POINT('',(2.286,3.81,0.76));
#193 = VECTOR('',#194,1.);
#194 = DIRECTION('',(0.,0.,1.));
#195 = ORIENTED_EDGE('',*,*,#196,.T.);
#196 = EDGE_CURVE('',#189,#149,#197,.T.);
#197 = LINE('',#198,#199);
#198 = CARTESIAN_POINT('',(2.286,3.81,3.3));
#199 = VECTOR('',#200,1.);
#200 = DIRECTION('',(-1.,0.,0.));
#201 = ORIENTED_EDGE('',*,*,#146,.F.);
#202 = ORIENTED_EDGE('',*,*,#203,.F.);
#203 = EDGE_CURVE('',#187,#147,#204,.T.);
#204 = LINE('',#205,#206);
#205 = CARTESIAN_POINT('',(2.286,3.81,0.76));
#206 = VECTOR('',#207,1.);
#207 = DIRECTION('',(-1.,0.,0.));
#208 = PLANE('',#209);
#209 = AXIS2_PLACEMENT_3D('',#210,#211,#212);
#210 = CARTESIAN_POINT('',(2.286,3.81,0.76));
#211 = DIRECTION('',(0.,-1.,0.));
#212 = DIRECTION('',(-1.,0.,0.));
#213 = ADVANCED_FACE('',(#214),#239,.F.);
#214 = FACE_BOUND('',#215,.F.);
#215 = EDGE_LOOP('',(#216,#217,#225,#233));
#216 = ORIENTED_EDGE('',*,*,#164,.T.);
#217 = ORIENTED_EDGE('',*,*,#218,.T.);
#218 = EDGE_CURVE('',#157,#219,#221,.T.);
#219 = VERTEX_POINT('',#220);
#220 = CARTESIAN_POINT('',(-2.54,1.524,3.3));
#221 = LINE('',#222,#223);
#222 = CARTESIAN_POINT('',(-2.54,3.556,3.3));
#223 = VECTOR('',#224,1.);
#224 = DIRECTION('',(0.,-1.,0.));
#225 = ORIENTED_EDGE('',*,*,#226,.F.);
#226 = EDGE_CURVE('',#227,#219,#229,.T.);
#227 = VERTEX_POINT('',#228);
#228 = CARTESIAN_POINT('',(-2.54,1.524,0.76));
#229 = LINE('',#230,#231);
#230 = CARTESIAN_POINT('',(-2.54,1.524,0.76));
#231 = VECTOR('',#232,1.);
#232 = DIRECTION('',(0.,0.,1.));
#233 = ORIENTED_EDGE('',*,*,#234,.F.);
#234 = EDGE_CURVE('',#165,#227,#235,.T.);
#235 = LINE('',#236,#237);
#236 = CARTESIAN_POINT('',(-2.54,3.556,0.76));
#237 = VECTOR('',#238,1.);
#238 = DIRECTION('',(0.,-1.,0.));
#239 = PLANE('',#240);
#240 = AXIS2_PLACEMENT_3D('',#241,#242,#243);
#241 = CARTESIAN_POINT('',(-2.54,3.556,0.76));
#242 = DIRECTION('',(1.,0.,0.));
#243 = DIRECTION('',(0.,-1.,0.));
#244 = ADVANCED_FACE('',(#245,#384,#418,#452,#486,#520,#554),#588,.F.);
#245 = FACE_BOUND('',#246,.F.);
#246 = EDGE_LOOP('',(#247,#248,#249,#257,#265,#273,#281,#289,#297,#305,
    #313,#321,#329,#337,#345,#353,#361,#369,#377,#383));
#247 = ORIENTED_EDGE('',*,*,#172,.T.);
#248 = ORIENTED_EDGE('',*,*,#234,.T.);
#249 = ORIENTED_EDGE('',*,*,#250,.T.);
#250 = EDGE_CURVE('',#227,#251,#253,.T.);
#251 = VERTEX_POINT('',#252);
#252 = CARTESIAN_POINT('',(-2.286,1.27,0.76));
#253 = LINE('',#254,#255);
#254 = CARTESIAN_POINT('',(-2.54,1.524,0.76));
#255 = VECTOR('',#256,1.);
#256 = DIRECTION('',(0.707106781187,-0.707106781187,0.));
#257 = ORIENTED_EDGE('',*,*,#258,.T.);
#258 = EDGE_CURVE('',#251,#259,#261,.T.);
#259 = VERTEX_POINT('',#260);
#260 = CARTESIAN_POINT('',(-2.54,1.016,0.76));
#261 = LINE('',#262,#263);
#262 = CARTESIAN_POINT('',(-2.286,1.27,0.76));
#263 = VECTOR('',#264,1.);
#264 = DIRECTION('',(-0.707106781187,-0.707106781187,0.));
#265 = ORIENTED_EDGE('',*,*,#266,.T.);
#266 = EDGE_CURVE('',#259,#267,#269,.T.);
#267 = VERTEX_POINT('',#268);
#268 = CARTESIAN_POINT('',(-2.54,-1.016,0.76));
#269 = LINE('',#270,#271);
#270 = CARTESIAN_POINT('',(-2.54,1.016,0.76));
#271 = VECTOR('',#272,1.);
#272 = DIRECTION('',(0.,-1.,0.));
#273 = ORIENTED_EDGE('',*,*,#274,.T.);
#274 = EDGE_CURVE('',#267,#275,#277,.T.);
#275 = VERTEX_POINT('',#276);
#276 = CARTESIAN_POINT('',(-2.286,-1.27,0.76));
#277 = LINE('',#278,#279);
#278 = CARTESIAN_POINT('',(-2.54,-1.016,0.76));
#279 = VECTOR('',#280,1.);
#280 = DIRECTION('',(0.707106781187,-0.707106781187,0.));
#281 = ORIENTED_EDGE('',*,*,#282,.T.);
#282 = EDGE_CURVE('',#275,#283,#285,.T.);
#283 = VERTEX_POINT('',#284);
#284 = CARTESIAN_POINT('',(-2.54,-1.524,0.76));
#285 = LINE('',#286,#287);
#286 = CARTESIAN_POINT('',(-2.286,-1.27,0.76));
#287 = VECTOR('',#288,1.);
#288 = DIRECTION('',(-0.707106781187,-0.707106781187,0.));
#289 = ORIENTED_EDGE('',*,*,#290,.T.);
#290 = EDGE_CURVE('',#283,#291,#293,.T.);
#291 = VERTEX_POINT('',#292);
#292 = CARTESIAN_POINT('',(-2.54,-3.556,0.76));
#293 = LINE('',#294,#295);
#294 = CARTESIAN_POINT('',(-2.54,-1.524,0.76));
#295 = VECTOR('',#296,1.);
#296 = DIRECTION('',(0.,-1.,0.));
#297 = ORIENTED_EDGE('',*,*,#298,.T.);
#298 = EDGE_CURVE('',#291,#299,#301,.T.);
#299 = VERTEX_POINT('',#300);
#300 = CARTESIAN_POINT('',(-2.286,-3.81,0.76));
#301 = LINE('',#302,#303);
#302 = CARTESIAN_POINT('',(-2.54,-3.556,0.76));
#303 = VECTOR('',#304,1.);
#304 = DIRECTION('',(0.707106781187,-0.707106781187,0.));
#305 = ORIENTED_EDGE('',*,*,#306,.T.);
#306 = EDGE_CURVE('',#299,#307,#309,.T.);
#307 = VERTEX_POINT('',#308);
#308 = CARTESIAN_POINT('',(2.286,-3.81,0.76));
#309 = LINE('',#310,#311);
#310 = CARTESIAN_POINT('',(-2.286,-3.81,0.76));
#311 = VECTOR('',#312,1.);
#312 = DIRECTION('',(1.,0.,0.));
#313 = ORIENTED_EDGE('',*,*,#314,.T.);
#314 = EDGE_CURVE('',#307,#315,#317,.T.);
#315 = VERTEX_POINT('',#316);
#316 = CARTESIAN_POINT('',(2.54,-3.556,0.76));
#317 = LINE('',#318,#319);
#318 = CARTESIAN_POINT('',(2.286,-3.81,0.76));
#319 = VECTOR('',#320,1.);
#320 = DIRECTION('',(0.707106781187,0.707106781187,0.));
#321 = ORIENTED_EDGE('',*,*,#322,.T.);
#322 = EDGE_CURVE('',#315,#323,#325,.T.);
#323 = VERTEX_POINT('',#324);
#324 = CARTESIAN_POINT('',(2.54,-1.524,0.76));
#325 = LINE('',#326,#327);
#326 = CARTESIAN_POINT('',(2.54,-3.556,0.76));
#327 = VECTOR('',#328,1.);
#328 = DIRECTION('',(0.,1.,0.));
#329 = ORIENTED_EDGE('',*,*,#330,.T.);
#330 = EDGE_CURVE('',#323,#331,#333,.T.);
#331 = VERTEX_POINT('',#332);
#332 = CARTESIAN_POINT('',(2.286,-1.27,0.76));
#333 = LINE('',#334,#335);
#334 = CARTESIAN_POINT('',(2.54,-1.524,0.76));
#335 = VECTOR('',#336,1.);
#336 = DIRECTION('',(-0.707106781187,0.707106781187,0.));
#337 = ORIENTED_EDGE('',*,*,#338,.T.);
#338 = EDGE_CURVE('',#331,#339,#341,.T.);
#339 = VERTEX_POINT('',#340);
#340 = CARTESIAN_POINT('',(2.54,-1.016,0.76));
#341 = LINE('',#342,#343);
#342 = CARTESIAN_POINT('',(2.286,-1.27,0.76));
#343 = VECTOR('',#344,1.);
#344 = DIRECTION('',(0.707106781187,0.707106781187,0.));
#345 = ORIENTED_EDGE('',*,*,#346,.T.);
#346 = EDGE_CURVE('',#339,#347,#349,.T.);
#347 = VERTEX_POINT('',#348);
#348 = CARTESIAN_POINT('',(2.54,1.016,0.76));
#349 = LINE('',#350,#351);
#350 = CARTESIAN_POINT('',(2.54,-1.016,0.76));
#351 = VECTOR('',#352,1.);
#352 = DIRECTION('',(0.,1.,0.));
#353 = ORIENTED_EDGE('',*,*,#354,.T.);
#354 = EDGE_CURVE('',#347,#355,#357,.T.);
#355 = VERTEX_POINT('',#356);
#356 = CARTESIAN_POINT('',(2.286,1.27,0.76));
#357 = LINE('',#358,#359);
#358 = CARTESIAN_POINT('',(2.54,1.016,0.76));
#359 = VECTOR('',#360,1.);
#360 = DIRECTION('',(-0.707106781187,0.707106781187,0.));
#361 = ORIENTED_EDGE('',*,*,#362,.T.);
#362 = EDGE_CURVE('',#355,#363,#365,.T.);
#363 = VERTEX_POINT('',#364);
#364 = CARTESIAN_POINT('',(2.54,1.524,0.76));
#365 = LINE('',#366,#367);
#366 = CARTESIAN_POINT('',(2.286,1.27,0.76));
#367 = VECTOR('',#368,1.);
#368 = DIRECTION('',(0.707106781187,0.707106781187,0.));
#369 = ORIENTED_EDGE('',*,*,#370,.T.);
#370 = EDGE_CURVE('',#363,#371,#373,.T.);
#371 = VERTEX_POINT('',#372);
#372 = CARTESIAN_POINT('',(2.54,3.556,0.76));
#373 = LINE('',#374,#375);
#374 = CARTESIAN_POINT('',(2.54,1.524,0.76));
#375 = VECTOR('',#376,1.);
#376 = DIRECTION('',(0.,1.,0.));
#377 = ORIENTED_EDGE('',*,*,#378,.T.);
#378 = EDGE_CURVE('',#371,#187,#379,.T.);
#379 = LINE('',#380,#381);
#380 = CARTESIAN_POINT('',(2.54,3.556,0.76));
#381 = VECTOR('',#382,1.);
#382 = DIRECTION('',(-0.707106781187,0.707106781187,0.));
#383 = ORIENTED_EDGE('',*,*,#203,.T.);
#384 = FACE_BOUND('',#385,.F.);
#385 = EDGE_LOOP('',(#386,#396,#404,#412));
#386 = ORIENTED_EDGE('',*,*,#387,.T.);
#387 = EDGE_CURVE('',#388,#390,#392,.T.);
#388 = VERTEX_POINT('',#389);
#389 = CARTESIAN_POINT('',(-1.59,0.32,0.76));
#390 = VERTEX_POINT('',#391);
#391 = CARTESIAN_POINT('',(-0.95,0.32,0.76));
#392 = LINE('',#393,#394);
#393 = CARTESIAN_POINT('',(-0.790585808581,0.32,0.76));
#394 = VECTOR('',#395,1.);
#395 = DIRECTION('',(1.,0.,-2.973634563415E-33));
#396 = ORIENTED_EDGE('',*,*,#397,.T.);
#397 = EDGE_CURVE('',#390,#398,#400,.T.);
#398 = VERTEX_POINT('',#399);
#399 = CARTESIAN_POINT('',(-0.95,-0.32,0.76));
#400 = LINE('',#401,#402);
#401 = CARTESIAN_POINT('',(-0.95,0.16,0.76));
#402 = VECTOR('',#403,1.);
#403 = DIRECTION('',(0.,-1.,0.));
#404 = ORIENTED_EDGE('',*,*,#405,.F.);
#405 = EDGE_CURVE('',#406,#398,#408,.T.);
#406 = VERTEX_POINT('',#407);
#407 = CARTESIAN_POINT('',(-1.59,-0.32,0.76));
#408 = LINE('',#409,#410);
#409 = CARTESIAN_POINT('',(-0.790585808581,-0.32,0.76));
#410 = VECTOR('',#411,1.);
#411 = DIRECTION('',(1.,0.,-2.973634563415E-33));
#412 = ORIENTED_EDGE('',*,*,#413,.T.);
#413 = EDGE_CURVE('',#406,#388,#414,.T.);
#414 = LINE('',#415,#416);
#415 = CARTESIAN_POINT('',(-1.59,0.16,0.76));
#416 = VECTOR('',#417,1.);
#417 = DIRECTION('',(0.,1.,0.));
#418 = FACE_BOUND('',#419,.F.);
#419 = EDGE_LOOP('',(#420,#430,#438,#446));
#420 = ORIENTED_EDGE('',*,*,#421,.F.);
#421 = EDGE_CURVE('',#422,#424,#426,.T.);
#422 = VERTEX_POINT('',#423);
#423 = CARTESIAN_POINT('',(1.59,0.32,0.76));
#424 = VERTEX_POINT('',#425);
#425 = CARTESIAN_POINT('',(0.95,0.32,0.76));
#426 = LINE('',#427,#428);
#427 = CARTESIAN_POINT('',(0.790585808581,0.32,0.76));
#428 = VECTOR('',#429,1.);
#429 = DIRECTION('',(-1.,0.,2.973634563415E-33));
#430 = ORIENTED_EDGE('',*,*,#431,.F.);
#431 = EDGE_CURVE('',#432,#422,#434,.T.);
#432 = VERTEX_POINT('',#433);
#433 = CARTESIAN_POINT('',(1.59,-0.32,0.76));
#434 = LINE('',#435,#436);
#435 = CARTESIAN_POINT('',(1.59,0.16,0.76));
#436 = VECTOR('',#437,1.);
#437 = DIRECTION('',(0.,1.,0.));
#438 = ORIENTED_EDGE('',*,*,#439,.T.);
#439 = EDGE_CURVE('',#432,#440,#442,.T.);
#440 = VERTEX_POINT('',#441);
#441 = CARTESIAN_POINT('',(0.95,-0.32,0.76));
#442 = LINE('',#443,#444);
#443 = CARTESIAN_POINT('',(0.790585808581,-0.32,0.76));
#444 = VECTOR('',#445,1.);
#445 = DIRECTION('',(-1.,0.,2.973634563415E-33));
#446 = ORIENTED_EDGE('',*,*,#447,.F.);
#447 = EDGE_CURVE('',#424,#440,#448,.T.);
#448 = LINE('',#449,#450);
#449 = CARTESIAN_POINT('',(0.95,0.16,0.76));
#450 = VECTOR('',#451,1.);
#451 = DIRECTION('',(0.,-1.,0.));
#452 = FACE_BOUND('',#453,.F.);
#453 = EDGE_LOOP('',(#454,#464,#472,#480));
#454 = ORIENTED_EDGE('',*,*,#455,.F.);
#455 = EDGE_CURVE('',#456,#458,#460,.T.);
#456 = VERTEX_POINT('',#457);
#457 = CARTESIAN_POINT('',(1.59,2.22,0.76));
#458 = VERTEX_POINT('',#459);
#459 = CARTESIAN_POINT('',(1.59,2.86,0.76));
#460 = LINE('',#461,#462);
#461 = CARTESIAN_POINT('',(1.59,1.43,0.76));
#462 = VECTOR('',#463,1.);
#463 = DIRECTION('',(0.,1.,0.));
#464 = ORIENTED_EDGE('',*,*,#465,.T.);
#465 = EDGE_CURVE('',#456,#466,#468,.T.);
#466 = VERTEX_POINT('',#467);
#467 = CARTESIAN_POINT('',(0.95,2.22,0.76));
#468 = LINE('',#469,#470);
#469 = CARTESIAN_POINT('',(0.790585808581,2.22,0.76));
#470 = VECTOR('',#471,1.);
#471 = DIRECTION('',(-1.,0.,2.973634563415E-33));
#472 = ORIENTED_EDGE('',*,*,#473,.F.);
#473 = EDGE_CURVE('',#474,#466,#476,.T.);
#474 = VERTEX_POINT('',#475);
#475 = CARTESIAN_POINT('',(0.95,2.86,0.76));
#476 = LINE('',#477,#478);
#477 = CARTESIAN_POINT('',(0.95,1.43,0.76));
#478 = VECTOR('',#479,1.);
#479 = DIRECTION('',(0.,-1.,0.));
#480 = ORIENTED_EDGE('',*,*,#481,.F.);
#481 = EDGE_CURVE('',#458,#474,#482,.T.);
#482 = LINE('',#483,#484);
#483 = CARTESIAN_POINT('',(0.790585808581,2.86,0.76));
#484 = VECTOR('',#485,1.);
#485 = DIRECTION('',(-1.,0.,2.973634563415E-33));
#486 = FACE_BOUND('',#487,.F.);
#487 = EDGE_LOOP('',(#488,#498,#506,#514));
#488 = ORIENTED_EDGE('',*,*,#489,.F.);
#489 = EDGE_CURVE('',#490,#492,#494,.T.);
#490 = VERTEX_POINT('',#491);
#491 = CARTESIAN_POINT('',(-1.59,2.22,0.76));
#492 = VERTEX_POINT('',#493);
#493 = CARTESIAN_POINT('',(-0.95,2.22,0.76));
#494 = LINE('',#495,#496);
#495 = CARTESIAN_POINT('',(-0.790585808581,2.22,0.76));
#496 = VECTOR('',#497,1.);
#497 = DIRECTION('',(1.,0.,-2.973634563415E-33));
#498 = ORIENTED_EDGE('',*,*,#499,.T.);
#499 = EDGE_CURVE('',#490,#500,#502,.T.);
#500 = VERTEX_POINT('',#501);
#501 = CARTESIAN_POINT('',(-1.59,2.86,0.76));
#502 = LINE('',#503,#504);
#503 = CARTESIAN_POINT('',(-1.59,1.43,0.76));
#504 = VECTOR('',#505,1.);
#505 = DIRECTION('',(0.,1.,0.));
#506 = ORIENTED_EDGE('',*,*,#507,.T.);
#507 = EDGE_CURVE('',#500,#508,#510,.T.);
#508 = VERTEX_POINT('',#509);
#509 = CARTESIAN_POINT('',(-0.95,2.86,0.76));
#510 = LINE('',#511,#512);
#511 = CARTESIAN_POINT('',(-0.790585808581,2.86,0.76));
#512 = VECTOR('',#513,1.);
#513 = DIRECTION('',(1.,0.,-2.973634563415E-33));
#514 = ORIENTED_EDGE('',*,*,#515,.T.);
#515 = EDGE_CURVE('',#508,#492,#516,.T.);
#516 = LINE('',#517,#518);
#517 = CARTESIAN_POINT('',(-0.95,1.43,0.76));
#518 = VECTOR('',#519,1.);
#519 = DIRECTION('',(0.,-1.,0.));
#520 = FACE_BOUND('',#521,.F.);
#521 = EDGE_LOOP('',(#522,#532,#540,#548));
#522 = ORIENTED_EDGE('',*,*,#523,.T.);
#523 = EDGE_CURVE('',#524,#526,#528,.T.);
#524 = VERTEX_POINT('',#525);
#525 = CARTESIAN_POINT('',(-1.59,-2.86,0.76));
#526 = VERTEX_POINT('',#527);
#527 = CARTESIAN_POINT('',(-1.59,-2.22,0.76));
#528 = LINE('',#529,#530);
#529 = CARTESIAN_POINT('',(-1.59,-1.11,0.76));
#530 = VECTOR('',#531,1.);
#531 = DIRECTION('',(0.,1.,0.));
#532 = ORIENTED_EDGE('',*,*,#533,.T.);
#533 = EDGE_CURVE('',#526,#534,#536,.T.);
#534 = VERTEX_POINT('',#535);
#535 = CARTESIAN_POINT('',(-0.95,-2.22,0.76));
#536 = LINE('',#537,#538);
#537 = CARTESIAN_POINT('',(-0.790585808581,-2.22,0.76));
#538 = VECTOR('',#539,1.);
#539 = DIRECTION('',(1.,0.,-2.973634563415E-33));
#540 = ORIENTED_EDGE('',*,*,#541,.T.);
#541 = EDGE_CURVE('',#534,#542,#544,.T.);
#542 = VERTEX_POINT('',#543);
#543 = CARTESIAN_POINT('',(-0.95,-2.86,0.76));
#544 = LINE('',#545,#546);
#545 = CARTESIAN_POINT('',(-0.95,-1.11,0.76));
#546 = VECTOR('',#547,1.);
#547 = DIRECTION('',(0.,-1.,0.));
#548 = ORIENTED_EDGE('',*,*,#549,.F.);
#549 = EDGE_CURVE('',#524,#542,#550,.T.);
#550 = LINE('',#551,#552);
#551 = CARTESIAN_POINT('',(-0.790585808581,-2.86,0.76));
#552 = VECTOR('',#553,1.);
#553 = DIRECTION('',(1.,0.,-2.973634563415E-33));
#554 = FACE_BOUND('',#555,.F.);
#555 = EDGE_LOOP('',(#556,#566,#574,#582));
#556 = ORIENTED_EDGE('',*,*,#557,.F.);
#557 = EDGE_CURVE('',#558,#560,#562,.T.);
#558 = VERTEX_POINT('',#559);
#559 = CARTESIAN_POINT('',(1.59,-2.22,0.76));
#560 = VERTEX_POINT('',#561);
#561 = CARTESIAN_POINT('',(0.95,-2.22,0.76));
#562 = LINE('',#563,#564);
#563 = CARTESIAN_POINT('',(0.790585808581,-2.22,0.76));
#564 = VECTOR('',#565,1.);
#565 = DIRECTION('',(-1.,0.,2.973634563415E-33));
#566 = ORIENTED_EDGE('',*,*,#567,.F.);
#567 = EDGE_CURVE('',#568,#558,#570,.T.);
#568 = VERTEX_POINT('',#569);
#569 = CARTESIAN_POINT('',(1.59,-2.86,0.76));
#570 = LINE('',#571,#572);
#571 = CARTESIAN_POINT('',(1.59,-1.11,0.76));
#572 = VECTOR('',#573,1.);
#573 = DIRECTION('',(0.,1.,0.));
#574 = ORIENTED_EDGE('',*,*,#575,.T.);
#575 = EDGE_CURVE('',#568,#576,#578,.T.);
#576 = VERTEX_POINT('',#577);
#577 = CARTESIAN_POINT('',(0.95,-2.86,0.76));
#578 = LINE('',#579,#580);
#579 = CARTESIAN_POINT('',(0.790585808581,-2.86,0.76));
#580 = VECTOR('',#581,1.);
#581 = DIRECTION('',(-1.,0.,2.973634563415E-33));
#582 = ORIENTED_EDGE('',*,*,#583,.F.);
#583 = EDGE_CURVE('',#560,#576,#584,.T.);
#584 = LINE('',#585,#586);
#585 = CARTESIAN_POINT('',(0.95,-1.11,0.76));
#586 = VECTOR('',#587,1.);
#587 = DIRECTION('',(0.,-1.,0.));
#588 = PLANE('',#589);
#589 = AXIS2_PLACEMENT_3D('',#590,#591,#592);
#590 = CARTESIAN_POINT('',(1.03894600665E-16,0.,0.76));
#591 = DIRECTION('',(2.973634563415E-33,0.,1.));
#592 = DIRECTION('',(1.,0.,-2.973634563415E-33));
#593 = ADVANCED_FACE('',(#594,#733,#767,#801,#835,#869,#903),#937,.T.);
#594 = FACE_BOUND('',#595,.T.);
#595 = EDGE_LOOP('',(#596,#597,#598,#606,#614,#622,#630,#638,#646,#654,
    #662,#670,#678,#686,#694,#702,#710,#718,#726,#732));
#596 = ORIENTED_EDGE('',*,*,#156,.T.);
#597 = ORIENTED_EDGE('',*,*,#218,.T.);
#598 = ORIENTED_EDGE('',*,*,#599,.T.);
#599 = EDGE_CURVE('',#219,#600,#602,.T.);
#600 = VERTEX_POINT('',#601);
#601 = CARTESIAN_POINT('',(-2.286,1.27,3.3));
#602 = LINE('',#603,#604);
#603 = CARTESIAN_POINT('',(-2.54,1.524,3.3));
#604 = VECTOR('',#605,1.);
#605 = DIRECTION('',(0.707106781187,-0.707106781187,0.));
#606 = ORIENTED_EDGE('',*,*,#607,.T.);
#607 = EDGE_CURVE('',#600,#608,#610,.T.);
#608 = VERTEX_POINT('',#609);
#609 = CARTESIAN_POINT('',(-2.54,1.016,3.3));
#610 = LINE('',#611,#612);
#611 = CARTESIAN_POINT('',(-2.286,1.27,3.3));
#612 = VECTOR('',#613,1.);
#613 = DIRECTION('',(-0.707106781187,-0.707106781187,0.));
#614 = ORIENTED_EDGE('',*,*,#615,.T.);
#615 = EDGE_CURVE('',#608,#616,#618,.T.);
#616 = VERTEX_POINT('',#617);
#617 = CARTESIAN_POINT('',(-2.54,-1.016,3.3));
#618 = LINE('',#619,#620);
#619 = CARTESIAN_POINT('',(-2.54,1.016,3.3));
#620 = VECTOR('',#621,1.);
#621 = DIRECTION('',(0.,-1.,0.));
#622 = ORIENTED_EDGE('',*,*,#623,.T.);
#623 = EDGE_CURVE('',#616,#624,#626,.T.);
#624 = VERTEX_POINT('',#625);
#625 = CARTESIAN_POINT('',(-2.286,-1.27,3.3));
#626 = LINE('',#627,#628);
#627 = CARTESIAN_POINT('',(-2.54,-1.016,3.3));
#628 = VECTOR('',#629,1.);
#629 = DIRECTION('',(0.707106781187,-0.707106781187,0.));
#630 = ORIENTED_EDGE('',*,*,#631,.T.);
#631 = EDGE_CURVE('',#624,#632,#634,.T.);
#632 = VERTEX_POINT('',#633);
#633 = CARTESIAN_POINT('',(-2.54,-1.524,3.3));
#634 = LINE('',#635,#636);
#635 = CARTESIAN_POINT('',(-2.286,-1.27,3.3));
#636 = VECTOR('',#637,1.);
#637 = DIRECTION('',(-0.707106781187,-0.707106781187,0.));
#638 = ORIENTED_EDGE('',*,*,#639,.T.);
#639 = EDGE_CURVE('',#632,#640,#642,.T.);
#640 = VERTEX_POINT('',#641);
#641 = CARTESIAN_POINT('',(-2.54,-3.556,3.3));
#642 = LINE('',#643,#644);
#643 = CARTESIAN_POINT('',(-2.54,-1.524,3.3));
#644 = VECTOR('',#645,1.);
#645 = DIRECTION('',(0.,-1.,0.));
#646 = ORIENTED_EDGE('',*,*,#647,.T.);
#647 = EDGE_CURVE('',#640,#648,#650,.T.);
#648 = VERTEX_POINT('',#649);
#649 = CARTESIAN_POINT('',(-2.286,-3.81,3.3));
#650 = LINE('',#651,#652);
#651 = CARTESIAN_POINT('',(-2.54,-3.556,3.3));
#652 = VECTOR('',#653,1.);
#653 = DIRECTION('',(0.707106781187,-0.707106781187,0.));
#654 = ORIENTED_EDGE('',*,*,#655,.T.);
#655 = EDGE_CURVE('',#648,#656,#658,.T.);
#656 = VERTEX_POINT('',#657);
#657 = CARTESIAN_POINT('',(2.286,-3.81,3.3));
#658 = LINE('',#659,#660);
#659 = CARTESIAN_POINT('',(-2.286,-3.81,3.3));
#660 = VECTOR('',#661,1.);
#661 = DIRECTION('',(1.,0.,0.));
#662 = ORIENTED_EDGE('',*,*,#663,.T.);
#663 = EDGE_CURVE('',#656,#664,#666,.T.);
#664 = VERTEX_POINT('',#665);
#665 = CARTESIAN_POINT('',(2.54,-3.556,3.3));
#666 = LINE('',#667,#668);
#667 = CARTESIAN_POINT('',(2.286,-3.81,3.3));
#668 = VECTOR('',#669,1.);
#669 = DIRECTION('',(0.707106781187,0.707106781187,0.));
#670 = ORIENTED_EDGE('',*,*,#671,.T.);
#671 = EDGE_CURVE('',#664,#672,#674,.T.);
#672 = VERTEX_POINT('',#673);
#673 = CARTESIAN_POINT('',(2.54,-1.524,3.3));
#674 = LINE('',#675,#676);
#675 = CARTESIAN_POINT('',(2.54,-3.556,3.3));
#676 = VECTOR('',#677,1.);
#677 = DIRECTION('',(0.,1.,0.));
#678 = ORIENTED_EDGE('',*,*,#679,.T.);
#679 = EDGE_CURVE('',#672,#680,#682,.T.);
#680 = VERTEX_POINT('',#681);
#681 = CARTESIAN_POINT('',(2.286,-1.27,3.3));
#682 = LINE('',#683,#684);
#683 = CARTESIAN_POINT('',(2.54,-1.524,3.3));
#684 = VECTOR('',#685,1.);
#685 = DIRECTION('',(-0.707106781187,0.707106781187,0.));
#686 = ORIENTED_EDGE('',*,*,#687,.T.);
#687 = EDGE_CURVE('',#680,#688,#690,.T.);
#688 = VERTEX_POINT('',#689);
#689 = CARTESIAN_POINT('',(2.54,-1.016,3.3));
#690 = LINE('',#691,#692);
#691 = CARTESIAN_POINT('',(2.286,-1.27,3.3));
#692 = VECTOR('',#693,1.);
#693 = DIRECTION('',(0.707106781187,0.707106781187,0.));
#694 = ORIENTED_EDGE('',*,*,#695,.T.);
#695 = EDGE_CURVE('',#688,#696,#698,.T.);
#696 = VERTEX_POINT('',#697);
#697 = CARTESIAN_POINT('',(2.54,1.016,3.3));
#698 = LINE('',#699,#700);
#699 = CARTESIAN_POINT('',(2.54,-1.016,3.3));
#700 = VECTOR('',#701,1.);
#701 = DIRECTION('',(0.,1.,0.));
#702 = ORIENTED_EDGE('',*,*,#703,.T.);
#703 = EDGE_CURVE('',#696,#704,#706,.T.);
#704 = VERTEX_POINT('',#705);
#705 = CARTESIAN_POINT('',(2.286,1.27,3.3));
#706 = LINE('',#707,#708);
#707 = CARTESIAN_POINT('',(2.54,1.016,3.3));
#708 = VECTOR('',#709,1.);
#709 = DIRECTION('',(-0.707106781187,0.707106781187,0.));
#710 = ORIENTED_EDGE('',*,*,#711,.T.);
#711 = EDGE_CURVE('',#704,#712,#714,.T.);
#712 = VERTEX_POINT('',#713);
#713 = CARTESIAN_POINT('',(2.54,1.524,3.3));
#714 = LINE('',#715,#716);
#715 = CARTESIAN_POINT('',(2.286,1.27,3.3));
#716 = VECTOR('',#717,1.);
#717 = DIRECTION('',(0.707106781187,0.707106781187,0.));
#718 = ORIENTED_EDGE('',*,*,#719,.T.);
#719 = EDGE_CURVE('',#712,#720,#722,.T.);
#720 = VERTEX_POINT('',#721);
#721 = CARTESIAN_POINT('',(2.54,3.556,3.3));
#722 = LINE('',#723,#724);
#723 = CARTESIAN_POINT('',(2.54,1.524,3.3));
#724 = VECTOR('',#725,1.);
#725 = DIRECTION('',(0.,1.,0.));
#726 = ORIENTED_EDGE('',*,*,#727,.T.);
#727 = EDGE_CURVE('',#720,#189,#728,.T.);
#728 = LINE('',#729,#730);
#729 = CARTESIAN_POINT('',(2.54,3.556,3.3));
#730 = VECTOR('',#731,1.);
#731 = DIRECTION('',(-0.707106781187,0.707106781187,0.));
#732 = ORIENTED_EDGE('',*,*,#196,.T.);
#733 = FACE_BOUND('',#734,.T.);
#734 = EDGE_LOOP('',(#735,#745,#753,#761));
#735 = ORIENTED_EDGE('',*,*,#736,.T.);
#736 = EDGE_CURVE('',#737,#739,#741,.T.);
#737 = VERTEX_POINT('',#738);
#738 = CARTESIAN_POINT('',(-1.59,0.32,3.3));
#739 = VERTEX_POINT('',#740);
#740 = CARTESIAN_POINT('',(-0.95,0.32,3.3));
#741 = LINE('',#742,#743);
#742 = CARTESIAN_POINT('',(-0.790585808581,0.32,3.3));
#743 = VECTOR('',#744,1.);
#744 = DIRECTION('',(1.,0.,-2.973634563415E-33));
#745 = ORIENTED_EDGE('',*,*,#746,.T.);
#746 = EDGE_CURVE('',#739,#747,#749,.T.);
#747 = VERTEX_POINT('',#748);
#748 = CARTESIAN_POINT('',(-0.95,-0.32,3.3));
#749 = LINE('',#750,#751);
#750 = CARTESIAN_POINT('',(-0.95,0.16,3.3));
#751 = VECTOR('',#752,1.);
#752 = DIRECTION('',(0.,-1.,0.));
#753 = ORIENTED_EDGE('',*,*,#754,.F.);
#754 = EDGE_CURVE('',#755,#747,#757,.T.);
#755 = VERTEX_POINT('',#756);
#756 = CARTESIAN_POINT('',(-1.59,-0.32,3.3));
#757 = LINE('',#758,#759);
#758 = CARTESIAN_POINT('',(-0.790585808581,-0.32,3.3));
#759 = VECTOR('',#760,1.);
#760 = DIRECTION('',(1.,0.,-2.973634563415E-33));
#761 = ORIENTED_EDGE('',*,*,#762,.T.);
#762 = EDGE_CURVE('',#755,#737,#763,.T.);
#763 = LINE('',#764,#765);
#764 = CARTESIAN_POINT('',(-1.59,0.16,3.3));
#765 = VECTOR('',#766,1.);
#766 = DIRECTION('',(0.,1.,0.));
#767 = FACE_BOUND('',#768,.T.);
#768 = EDGE_LOOP('',(#769,#779,#787,#795));
#769 = ORIENTED_EDGE('',*,*,#770,.F.);
#770 = EDGE_CURVE('',#771,#773,#775,.T.);
#771 = VERTEX_POINT('',#772);
#772 = CARTESIAN_POINT('',(1.59,0.32,3.3));
#773 = VERTEX_POINT('',#774);
#774 = CARTESIAN_POINT('',(0.95,0.32,3.3));
#775 = LINE('',#776,#777);
#776 = CARTESIAN_POINT('',(0.790585808581,0.32,3.3));
#777 = VECTOR('',#778,1.);
#778 = DIRECTION('',(-1.,0.,2.973634563415E-33));
#779 = ORIENTED_EDGE('',*,*,#780,.F.);
#780 = EDGE_CURVE('',#781,#771,#783,.T.);
#781 = VERTEX_POINT('',#782);
#782 = CARTESIAN_POINT('',(1.59,-0.32,3.3));
#783 = LINE('',#784,#785);
#784 = CARTESIAN_POINT('',(1.59,0.16,3.3));
#785 = VECTOR('',#786,1.);
#786 = DIRECTION('',(0.,1.,0.));
#787 = ORIENTED_EDGE('',*,*,#788,.T.);
#788 = EDGE_CURVE('',#781,#789,#791,.T.);
#789 = VERTEX_POINT('',#790);
#790 = CARTESIAN_POINT('',(0.95,-0.32,3.3));
#791 = LINE('',#792,#793);
#792 = CARTESIAN_POINT('',(0.790585808581,-0.32,3.3));
#793 = VECTOR('',#794,1.);
#794 = DIRECTION('',(-1.,0.,2.973634563415E-33));
#795 = ORIENTED_EDGE('',*,*,#796,.F.);
#796 = EDGE_CURVE('',#773,#789,#797,.T.);
#797 = LINE('',#798,#799);
#798 = CARTESIAN_POINT('',(0.95,0.16,3.3));
#799 = VECTOR('',#800,1.);
#800 = DIRECTION('',(0.,-1.,0.));
#801 = FACE_BOUND('',#802,.T.);
#802 = EDGE_LOOP('',(#803,#813,#821,#829));
#803 = ORIENTED_EDGE('',*,*,#804,.F.);
#804 = EDGE_CURVE('',#805,#807,#809,.T.);
#805 = VERTEX_POINT('',#806);
#806 = CARTESIAN_POINT('',(1.59,2.22,3.3));
#807 = VERTEX_POINT('',#808);
#808 = CARTESIAN_POINT('',(1.59,2.86,3.3));
#809 = LINE('',#810,#811);
#810 = CARTESIAN_POINT('',(1.59,1.43,3.3));
#811 = VECTOR('',#812,1.);
#812 = DIRECTION('',(0.,1.,0.));
#813 = ORIENTED_EDGE('',*,*,#814,.T.);
#814 = EDGE_CURVE('',#805,#815,#817,.T.);
#815 = VERTEX_POINT('',#816);
#816 = CARTESIAN_POINT('',(0.95,2.22,3.3));
#817 = LINE('',#818,#819);
#818 = CARTESIAN_POINT('',(0.790585808581,2.22,3.3));
#819 = VECTOR('',#820,1.);
#820 = DIRECTION('',(-1.,0.,2.973634563415E-33));
#821 = ORIENTED_EDGE('',*,*,#822,.F.);
#822 = EDGE_CURVE('',#823,#815,#825,.T.);
#823 = VERTEX_POINT('',#824);
#824 = CARTESIAN_POINT('',(0.95,2.86,3.3));
#825 = LINE('',#826,#827);
#826 = CARTESIAN_POINT('',(0.95,1.43,3.3));
#827 = VECTOR('',#828,1.);
#828 = DIRECTION('',(0.,-1.,0.));
#829 = ORIENTED_EDGE('',*,*,#830,.F.);
#830 = EDGE_CURVE('',#807,#823,#831,.T.);
#831 = LINE('',#832,#833);
#832 = CARTESIAN_POINT('',(0.790585808581,2.86,3.3));
#833 = VECTOR('',#834,1.);
#834 = DIRECTION('',(-1.,0.,2.973634563415E-33));
#835 = FACE_BOUND('',#836,.T.);
#836 = EDGE_LOOP('',(#837,#847,#855,#863));
#837 = ORIENTED_EDGE('',*,*,#838,.F.);
#838 = EDGE_CURVE('',#839,#841,#843,.T.);
#839 = VERTEX_POINT('',#840);
#840 = CARTESIAN_POINT('',(-1.59,2.22,3.3));
#841 = VERTEX_POINT('',#842);
#842 = CARTESIAN_POINT('',(-0.95,2.22,3.3));
#843 = LINE('',#844,#845);
#844 = CARTESIAN_POINT('',(-0.790585808581,2.22,3.3));
#845 = VECTOR('',#846,1.);
#846 = DIRECTION('',(1.,0.,-2.973634563415E-33));
#847 = ORIENTED_EDGE('',*,*,#848,.T.);
#848 = EDGE_CURVE('',#839,#849,#851,.T.);
#849 = VERTEX_POINT('',#850);
#850 = CARTESIAN_POINT('',(-1.59,2.86,3.3));
#851 = LINE('',#852,#853);
#852 = CARTESIAN_POINT('',(-1.59,1.43,3.3));
#853 = VECTOR('',#854,1.);
#854 = DIRECTION('',(0.,1.,0.));
#855 = ORIENTED_EDGE('',*,*,#856,.T.);
#856 = EDGE_CURVE('',#849,#857,#859,.T.);
#857 = VERTEX_POINT('',#858);
#858 = CARTESIAN_POINT('',(-0.95,2.86,3.3));
#859 = LINE('',#860,#861);
#860 = CARTESIAN_POINT('',(-0.790585808581,2.86,3.3));
#861 = VECTOR('',#862,1.);
#862 = DIRECTION('',(1.,0.,-2.973634563415E-33));
#863 = ORIENTED_EDGE('',*,*,#864,.T.);
#864 = EDGE_CURVE('',#857,#841,#865,.T.);
#865 = LINE('',#866,#867);
#866 = CARTESIAN_POINT('',(-0.95,1.43,3.3));
#867 = VECTOR('',#868,1.);
#868 = DIRECTION('',(0.,-1.,0.));
#869 = FACE_BOUND('',#870,.T.);
#870 = EDGE_LOOP('',(#871,#881,#889,#897));
#871 = ORIENTED_EDGE('',*,*,#872,.T.);
#872 = EDGE_CURVE('',#873,#875,#877,.T.);
#873 = VERTEX_POINT('',#874);
#874 = CARTESIAN_POINT('',(-1.59,-2.86,3.3));
#875 = VERTEX_POINT('',#876);
#876 = CARTESIAN_POINT('',(-1.59,-2.22,3.3));
#877 = LINE('',#878,#879);
#878 = CARTESIAN_POINT('',(-1.59,-1.11,3.3));
#879 = VECTOR('',#880,1.);
#880 = DIRECTION('',(0.,1.,0.));
#881 = ORIENTED_EDGE('',*,*,#882,.T.);
#882 = EDGE_CURVE('',#875,#883,#885,.T.);
#883 = VERTEX_POINT('',#884);
#884 = CARTESIAN_POINT('',(-0.95,-2.22,3.3));
#885 = LINE('',#886,#887);
#886 = CARTESIAN_POINT('',(-0.790585808581,-2.22,3.3));
#887 = VECTOR('',#888,1.);
#888 = DIRECTION('',(1.,0.,-2.973634563415E-33));
#889 = ORIENTED_EDGE('',*,*,#890,.T.);
#890 = EDGE_CURVE('',#883,#891,#893,.T.);
#891 = VERTEX_POINT('',#892);
#892 = CARTESIAN_POINT('',(-0.95,-2.86,3.3));
#893 = LINE('',#894,#895);
#894 = CARTESIAN_POINT('',(-0.95,-1.11,3.3));
#895 = VECTOR('',#896,1.);
#896 = DIRECTION('',(0.,-1.,0.));
#897 = ORIENTED_EDGE('',*,*,#898,.F.);
#898 = EDGE_CURVE('',#873,#891,#899,.T.);
#899 = LINE('',#900,#901);
#900 = CARTESIAN_POINT('',(-0.790585808581,-2.86,3.3));
#901 = VECTOR('',#902,1.);
#902 = DIRECTION('',(1.,0.,-2.973634563415E-33));
#903 = FACE_BOUND('',#904,.T.);
#904 = EDGE_LOOP('',(#905,#915,#923,#931));
#905 = ORIENTED_EDGE('',*,*,#906,.F.);
#906 = EDGE_CURVE('',#907,#909,#911,.T.);
#907 = VERTEX_POINT('',#908);
#908 = CARTESIAN_POINT('',(1.59,-2.22,3.3));
#909 = VERTEX_POINT('',#910);
#910 = CARTESIAN_POINT('',(0.95,-2.22,3.3));
#911 = LINE('',#912,#913);
#912 = CARTESIAN_POINT('',(0.790585808581,-2.22,3.3));
#913 = VECTOR('',#914,1.);
#914 = DIRECTION('',(-1.,0.,2.973634563415E-33));
#915 = ORIENTED_EDGE('',*,*,#916,.F.);
#916 = EDGE_CURVE('',#917,#907,#919,.T.);
#917 = VERTEX_POINT('',#918);
#918 = CARTESIAN_POINT('',(1.59,-2.86,3.3));
#919 = LINE('',#920,#921);
#920 = CARTESIAN_POINT('',(1.59,-1.11,3.3));
#921 = VECTOR('',#922,1.);
#922 = DIRECTION('',(0.,1.,0.));
#923 = ORIENTED_EDGE('',*,*,#924,.T.);
#924 = EDGE_CURVE('',#917,#925,#927,.T.);
#925 = VERTEX_POINT('',#926);
#926 = CARTESIAN_POINT('',(0.95,-2.86,3.3));
#927 = LINE('',#928,#929);
#928 = CARTESIAN_POINT('',(0.790585808581,-2.86,3.3));
#929 = VECTOR('',#930,1.);
#930 = DIRECTION('',(-1.,0.,2.973634563415E-33));
#931 = ORIENTED_EDGE('',*,*,#932,.F.);
#932 = EDGE_CURVE('',#909,#925,#933,.T.);
#933 = LINE('',#934,#935);
#934 = CARTESIAN_POINT('',(0.95,-1.11,3.3));
#935 = VECTOR('',#936,1.);
#936 = DIRECTION('',(0.,-1.,0.));
#937 = PLANE('',#938);
#938 = AXIS2_PLACEMENT_3D('',#939,#940,#941);
#939 = CARTESIAN_POINT('',(1.03894600665E-16,0.,3.3));
#940 = DIRECTION('',(2.973634563415E-33,0.,1.));
#941 = DIRECTION('',(1.,0.,-2.973634563415E-33));
#942 = ADVANCED_FACE('',(#943),#954,.F.);
#943 = FACE_BOUND('',#944,.F.);
#944 = EDGE_LOOP('',(#945,#951,#952,#953));
#945 = ORIENTED_EDGE('',*,*,#946,.T.);
#946 = EDGE_CURVE('',#371,#720,#947,.T.);
#947 = LINE('',#948,#949);
#948 = CARTESIAN_POINT('',(2.54,3.556,0.76));
#949 = VECTOR('',#950,1.);
#950 = DIRECTION('',(0.,0.,1.));
#951 = ORIENTED_EDGE('',*,*,#727,.T.);
#952 = ORIENTED_EDGE('',*,*,#186,.F.);
#953 = ORIENTED_EDGE('',*,*,#378,.F.);
#954 = PLANE('',#955);
#955 = AXIS2_PLACEMENT_3D('',#956,#957,#958);
#956 = CARTESIAN_POINT('',(2.54,3.556,0.76));
#957 = DIRECTION('',(-0.707106781187,-0.707106781187,0.));
#958 = DIRECTION('',(-0.707106781187,0.707106781187,0.));
#959 = ADVANCED_FACE('',(#960),#971,.F.);
#960 = FACE_BOUND('',#961,.F.);
#961 = EDGE_LOOP('',(#962,#963,#964,#970));
#962 = ORIENTED_EDGE('',*,*,#226,.T.);
#963 = ORIENTED_EDGE('',*,*,#599,.T.);
#964 = ORIENTED_EDGE('',*,*,#965,.F.);
#965 = EDGE_CURVE('',#251,#600,#966,.T.);
#966 = LINE('',#967,#968);
#967 = CARTESIAN_POINT('',(-2.286,1.27,0.76));
#968 = VECTOR('',#969,1.);
#969 = DIRECTION('',(0.,0.,1.));
#970 = ORIENTED_EDGE('',*,*,#250,.F.);
#971 = PLANE('',#972);
#972 = AXIS2_PLACEMENT_3D('',#973,#974,#975);
#973 = CARTESIAN_POINT('',(-2.54,1.524,0.76));
#974 = DIRECTION('',(0.707106781187,0.707106781187,0.));
#975 = DIRECTION('',(0.707106781187,-0.707106781187,0.));
#976 = ADVANCED_FACE('',(#977),#988,.F.);
#977 = FACE_BOUND('',#978,.F.);
#978 = EDGE_LOOP('',(#979,#985,#986,#987));
#979 = ORIENTED_EDGE('',*,*,#980,.T.);
#980 = EDGE_CURVE('',#363,#712,#981,.T.);
#981 = LINE('',#982,#983);
#982 = CARTESIAN_POINT('',(2.54,1.524,0.76));
#983 = VECTOR('',#984,1.);
#984 = DIRECTION('',(0.,0.,1.));
#985 = ORIENTED_EDGE('',*,*,#719,.T.);
#986 = ORIENTED_EDGE('',*,*,#946,.F.);
#987 = ORIENTED_EDGE('',*,*,#370,.F.);
#988 = PLANE('',#989);
#989 = AXIS2_PLACEMENT_3D('',#990,#991,#992);
#990 = CARTESIAN_POINT('',(2.54,1.524,0.76));
#991 = DIRECTION('',(-1.,0.,0.));
#992 = DIRECTION('',(0.,1.,0.));
#993 = ADVANCED_FACE('',(#994),#1005,.F.);
#994 = FACE_BOUND('',#995,.F.);
#995 = EDGE_LOOP('',(#996,#997,#998,#1004));
#996 = ORIENTED_EDGE('',*,*,#965,.T.);
#997 = ORIENTED_EDGE('',*,*,#607,.T.);
#998 = ORIENTED_EDGE('',*,*,#999,.F.);
#999 = EDGE_CURVE('',#259,#608,#1000,.T.);
#1000 = LINE('',#1001,#1002);
#1001 = CARTESIAN_POINT('',(-2.54,1.016,0.76));
#1002 = VECTOR('',#1003,1.);
#1003 = DIRECTION('',(0.,0.,1.));
#1004 = ORIENTED_EDGE('',*,*,#258,.F.);
#1005 = PLANE('',#1006);
#1006 = AXIS2_PLACEMENT_3D('',#1007,#1008,#1009);
#1007 = CARTESIAN_POINT('',(-2.286,1.27,0.76));
#1008 = DIRECTION('',(0.707106781187,-0.707106781187,0.));
#1009 = DIRECTION('',(-0.707106781187,-0.707106781187,0.));
#1010 = ADVANCED_FACE('',(#1011),#1022,.F.);
#1011 = FACE_BOUND('',#1012,.F.);
#1012 = EDGE_LOOP('',(#1013,#1019,#1020,#1021));
#1013 = ORIENTED_EDGE('',*,*,#1014,.T.);
#1014 = EDGE_CURVE('',#355,#704,#1015,.T.);
#1015 = LINE('',#1016,#1017);
#1016 = CARTESIAN_POINT('',(2.286,1.27,0.76));
#1017 = VECTOR('',#1018,1.);
#1018 = DIRECTION('',(0.,0.,1.));
#1019 = ORIENTED_EDGE('',*,*,#711,.T.);
#1020 = ORIENTED_EDGE('',*,*,#980,.F.);
#1021 = ORIENTED_EDGE('',*,*,#362,.F.);
#1022 = PLANE('',#1023);
#1023 = AXIS2_PLACEMENT_3D('',#1024,#1025,#1026);
#1024 = CARTESIAN_POINT('',(2.286,1.27,0.76));
#1025 = DIRECTION('',(-0.707106781187,0.707106781187,0.));
#1026 = DIRECTION('',(0.707106781187,0.707106781187,0.));
#1027 = ADVANCED_FACE('',(#1028),#1039,.F.);
#1028 = FACE_BOUND('',#1029,.F.);
#1029 = EDGE_LOOP('',(#1030,#1031,#1032,#1038));
#1030 = ORIENTED_EDGE('',*,*,#999,.T.);
#1031 = ORIENTED_EDGE('',*,*,#615,.T.);
#1032 = ORIENTED_EDGE('',*,*,#1033,.F.);
#1033 = EDGE_CURVE('',#267,#616,#1034,.T.);
#1034 = LINE('',#1035,#1036);
#1035 = CARTESIAN_POINT('',(-2.54,-1.016,0.76));
#1036 = VECTOR('',#1037,1.);
#1037 = DIRECTION('',(0.,0.,1.));
#1038 = ORIENTED_EDGE('',*,*,#266,.F.);
#1039 = PLANE('',#1040);
#1040 = AXIS2_PLACEMENT_3D('',#1041,#1042,#1043);
#1041 = CARTESIAN_POINT('',(-2.54,1.016,0.76));
#1042 = DIRECTION('',(1.,0.,0.));
#1043 = DIRECTION('',(0.,-1.,0.));
#1044 = ADVANCED_FACE('',(#1045),#1056,.F.);
#1045 = FACE_BOUND('',#1046,.F.);
#1046 = EDGE_LOOP('',(#1047,#1053,#1054,#1055));
#1047 = ORIENTED_EDGE('',*,*,#1048,.T.);
#1048 = EDGE_CURVE('',#347,#696,#1049,.T.);
#1049 = LINE('',#1050,#1051);
#1050 = CARTESIAN_POINT('',(2.54,1.016,0.76));
#1051 = VECTOR('',#1052,1.);
#1052 = DIRECTION('',(0.,0.,1.));
#1053 = ORIENTED_EDGE('',*,*,#703,.T.);
#1054 = ORIENTED_EDGE('',*,*,#1014,.F.);
#1055 = ORIENTED_EDGE('',*,*,#354,.F.);
#1056 = PLANE('',#1057);
#1057 = AXIS2_PLACEMENT_3D('',#1058,#1059,#1060);
#1058 = CARTESIAN_POINT('',(2.54,1.016,0.76));
#1059 = DIRECTION('',(-0.707106781187,-0.707106781187,0.));
#1060 = DIRECTION('',(-0.707106781187,0.707106781187,0.));
#1061 = ADVANCED_FACE('',(#1062),#1073,.F.);
#1062 = FACE_BOUND('',#1063,.F.);
#1063 = EDGE_LOOP('',(#1064,#1065,#1066,#1072));
#1064 = ORIENTED_EDGE('',*,*,#1033,.T.);
#1065 = ORIENTED_EDGE('',*,*,#623,.T.);
#1066 = ORIENTED_EDGE('',*,*,#1067,.F.);
#1067 = EDGE_CURVE('',#275,#624,#1068,.T.);
#1068 = LINE('',#1069,#1070);
#1069 = CARTESIAN_POINT('',(-2.286,-1.27,0.76));
#1070 = VECTOR('',#1071,1.);
#1071 = DIRECTION('',(0.,0.,1.));
#1072 = ORIENTED_EDGE('',*,*,#274,.F.);
#1073 = PLANE('',#1074);
#1074 = AXIS2_PLACEMENT_3D('',#1075,#1076,#1077);
#1075 = CARTESIAN_POINT('',(-2.54,-1.016,0.76));
#1076 = DIRECTION('',(0.707106781187,0.707106781187,0.));
#1077 = DIRECTION('',(0.707106781187,-0.707106781187,0.));
#1078 = ADVANCED_FACE('',(#1079),#1090,.F.);
#1079 = FACE_BOUND('',#1080,.F.);
#1080 = EDGE_LOOP('',(#1081,#1087,#1088,#1089));
#1081 = ORIENTED_EDGE('',*,*,#1082,.T.);
#1082 = EDGE_CURVE('',#339,#688,#1083,.T.);
#1083 = LINE('',#1084,#1085);
#1084 = CARTESIAN_POINT('',(2.54,-1.016,0.76));
#1085 = VECTOR('',#1086,1.);
#1086 = DIRECTION('',(0.,0.,1.));
#1087 = ORIENTED_EDGE('',*,*,#695,.T.);
#1088 = ORIENTED_EDGE('',*,*,#1048,.F.);
#1089 = ORIENTED_EDGE('',*,*,#346,.F.);
#1090 = PLANE('',#1091);
#1091 = AXIS2_PLACEMENT_3D('',#1092,#1093,#1094);
#1092 = CARTESIAN_POINT('',(2.54,-1.016,0.76));
#1093 = DIRECTION('',(-1.,0.,0.));
#1094 = DIRECTION('',(0.,1.,0.));
#1095 = ADVANCED_FACE('',(#1096),#1107,.F.);
#1096 = FACE_BOUND('',#1097,.F.);
#1097 = EDGE_LOOP('',(#1098,#1099,#1100,#1106));
#1098 = ORIENTED_EDGE('',*,*,#1067,.T.);
#1099 = ORIENTED_EDGE('',*,*,#631,.T.);
#1100 = ORIENTED_EDGE('',*,*,#1101,.F.);
#1101 = EDGE_CURVE('',#283,#632,#1102,.T.);
#1102 = LINE('',#1103,#1104);
#1103 = CARTESIAN_POINT('',(-2.54,-1.524,0.76));
#1104 = VECTOR('',#1105,1.);
#1105 = DIRECTION('',(0.,0.,1.));
#1106 = ORIENTED_EDGE('',*,*,#282,.F.);
#1107 = PLANE('',#1108);
#1108 = AXIS2_PLACEMENT_3D('',#1109,#1110,#1111);
#1109 = CARTESIAN_POINT('',(-2.286,-1.27,0.76));
#1110 = DIRECTION('',(0.707106781187,-0.707106781187,0.));
#1111 = DIRECTION('',(-0.707106781187,-0.707106781187,0.));
#1112 = ADVANCED_FACE('',(#1113),#1124,.F.);
#1113 = FACE_BOUND('',#1114,.F.);
#1114 = EDGE_LOOP('',(#1115,#1121,#1122,#1123));
#1115 = ORIENTED_EDGE('',*,*,#1116,.T.);
#1116 = EDGE_CURVE('',#331,#680,#1117,.T.);
#1117 = LINE('',#1118,#1119);
#1118 = CARTESIAN_POINT('',(2.286,-1.27,0.76));
#1119 = VECTOR('',#1120,1.);
#1120 = DIRECTION('',(0.,0.,1.));
#1121 = ORIENTED_EDGE('',*,*,#687,.T.);
#1122 = ORIENTED_EDGE('',*,*,#1082,.F.);
#1123 = ORIENTED_EDGE('',*,*,#338,.F.);
#1124 = PLANE('',#1125);
#1125 = AXIS2_PLACEMENT_3D('',#1126,#1127,#1128);
#1126 = CARTESIAN_POINT('',(2.286,-1.27,0.76));
#1127 = DIRECTION('',(-0.707106781187,0.707106781187,0.));
#1128 = DIRECTION('',(0.707106781187,0.707106781187,0.));
#1129 = ADVANCED_FACE('',(#1130),#1141,.F.);
#1130 = FACE_BOUND('',#1131,.F.);
#1131 = EDGE_LOOP('',(#1132,#1133,#1134,#1140));
#1132 = ORIENTED_EDGE('',*,*,#1101,.T.);
#1133 = ORIENTED_EDGE('',*,*,#639,.T.);
#1134 = ORIENTED_EDGE('',*,*,#1135,.F.);
#1135 = EDGE_CURVE('',#291,#640,#1136,.T.);
#1136 = LINE('',#1137,#1138);
#1137 = CARTESIAN_POINT('',(-2.54,-3.556,0.76));
#1138 = VECTOR('',#1139,1.);
#1139 = DIRECTION('',(0.,0.,1.));
#1140 = ORIENTED_EDGE('',*,*,#290,.F.);
#1141 = PLANE('',#1142);
#1142 = AXIS2_PLACEMENT_3D('',#1143,#1144,#1145);
#1143 = CARTESIAN_POINT('',(-2.54,-1.524,0.76));
#1144 = DIRECTION('',(1.,0.,0.));
#1145 = DIRECTION('',(0.,-1.,0.));
#1146 = ADVANCED_FACE('',(#1147),#1158,.F.);
#1147 = FACE_BOUND('',#1148,.F.);
#1148 = EDGE_LOOP('',(#1149,#1155,#1156,#1157));
#1149 = ORIENTED_EDGE('',*,*,#1150,.T.);
#1150 = EDGE_CURVE('',#323,#672,#1151,.T.);
#1151 = LINE('',#1152,#1153);
#1152 = CARTESIAN_POINT('',(2.54,-1.524,0.76));
#1153 = VECTOR('',#1154,1.);
#1154 = DIRECTION('',(0.,0.,1.));
#1155 = ORIENTED_EDGE('',*,*,#679,.T.);
#1156 = ORIENTED_EDGE('',*,*,#1116,.F.);
#1157 = ORIENTED_EDGE('',*,*,#330,.F.);
#1158 = PLANE('',#1159);
#1159 = AXIS2_PLACEMENT_3D('',#1160,#1161,#1162);
#1160 = CARTESIAN_POINT('',(2.54,-1.524,0.76));
#1161 = DIRECTION('',(-0.707106781187,-0.707106781187,0.));
#1162 = DIRECTION('',(-0.707106781187,0.707106781187,0.));
#1163 = ADVANCED_FACE('',(#1164),#1175,.F.);
#1164 = FACE_BOUND('',#1165,.F.);
#1165 = EDGE_LOOP('',(#1166,#1167,#1168,#1174));
#1166 = ORIENTED_EDGE('',*,*,#1135,.T.);
#1167 = ORIENTED_EDGE('',*,*,#647,.T.);
#1168 = ORIENTED_EDGE('',*,*,#1169,.F.);
#1169 = EDGE_CURVE('',#299,#648,#1170,.T.);
#1170 = LINE('',#1171,#1172);
#1171 = CARTESIAN_POINT('',(-2.286,-3.81,0.76));
#1172 = VECTOR('',#1173,1.);
#1173 = DIRECTION('',(0.,0.,1.));
#1174 = ORIENTED_EDGE('',*,*,#298,.F.);
#1175 = PLANE('',#1176);
#1176 = AXIS2_PLACEMENT_3D('',#1177,#1178,#1179);
#1177 = CARTESIAN_POINT('',(-2.54,-3.556,0.76));
#1178 = DIRECTION('',(0.707106781187,0.707106781187,0.));
#1179 = DIRECTION('',(0.707106781187,-0.707106781187,0.));
#1180 = ADVANCED_FACE('',(#1181),#1192,.F.);
#1181 = FACE_BOUND('',#1182,.F.);
#1182 = EDGE_LOOP('',(#1183,#1189,#1190,#1191));
#1183 = ORIENTED_EDGE('',*,*,#1184,.T.);
#1184 = EDGE_CURVE('',#315,#664,#1185,.T.);
#1185 = LINE('',#1186,#1187);
#1186 = CARTESIAN_POINT('',(2.54,-3.556,0.76));
#1187 = VECTOR('',#1188,1.);
#1188 = DIRECTION('',(0.,0.,1.));
#1189 = ORIENTED_EDGE('',*,*,#671,.T.);
#1190 = ORIENTED_EDGE('',*,*,#1150,.F.);
#1191 = ORIENTED_EDGE('',*,*,#322,.F.);
#1192 = PLANE('',#1193);
#1193 = AXIS2_PLACEMENT_3D('',#1194,#1195,#1196);
#1194 = CARTESIAN_POINT('',(2.54,-3.556,0.76));
#1195 = DIRECTION('',(-1.,0.,0.));
#1196 = DIRECTION('',(0.,1.,0.));
#1197 = ADVANCED_FACE('',(#1198),#1209,.F.);
#1198 = FACE_BOUND('',#1199,.F.);
#1199 = EDGE_LOOP('',(#1200,#1201,#1202,#1208));
#1200 = ORIENTED_EDGE('',*,*,#1169,.T.);
#1201 = ORIENTED_EDGE('',*,*,#655,.T.);
#1202 = ORIENTED_EDGE('',*,*,#1203,.F.);
#1203 = EDGE_CURVE('',#307,#656,#1204,.T.);
#1204 = LINE('',#1205,#1206);
#1205 = CARTESIAN_POINT('',(2.286,-3.81,0.76));
#1206 = VECTOR('',#1207,1.);
#1207 = DIRECTION('',(0.,0.,1.));
#1208 = ORIENTED_EDGE('',*,*,#306,.F.);
#1209 = PLANE('',#1210);
#1210 = AXIS2_PLACEMENT_3D('',#1211,#1212,#1213);
#1211 = CARTESIAN_POINT('',(-2.286,-3.81,0.76));
#1212 = DIRECTION('',(0.,1.,0.));
#1213 = DIRECTION('',(1.,0.,0.));
#1214 = ADVANCED_FACE('',(#1215),#1221,.F.);
#1215 = FACE_BOUND('',#1216,.F.);
#1216 = EDGE_LOOP('',(#1217,#1218,#1219,#1220));
#1217 = ORIENTED_EDGE('',*,*,#1203,.T.);
#1218 = ORIENTED_EDGE('',*,*,#663,.T.);
#1219 = ORIENTED_EDGE('',*,*,#1184,.F.);
#1220 = ORIENTED_EDGE('',*,*,#314,.F.);
#1221 = PLANE('',#1222);
#1222 = AXIS2_PLACEMENT_3D('',#1223,#1224,#1225);
#1223 = CARTESIAN_POINT('',(2.286,-3.81,0.76));
#1224 = DIRECTION('',(-0.707106781187,0.707106781187,0.));
#1225 = DIRECTION('',(0.707106781187,0.707106781187,0.));
#1226 = ADVANCED_FACE('',(#1227),#1277,.F.);
#1227 = FACE_BOUND('',#1228,.F.);
#1228 = EDGE_LOOP('',(#1229,#1239,#1247,#1256,#1262,#1263,#1271));
#1229 = ORIENTED_EDGE('',*,*,#1230,.T.);
#1230 = EDGE_CURVE('',#1231,#1233,#1235,.T.);
#1231 = VERTEX_POINT('',#1232);
#1232 = CARTESIAN_POINT('',(-3.61,0.32,0.64));
#1233 = VERTEX_POINT('',#1234);
#1234 = CARTESIAN_POINT('',(-3.61,0.32,4.440892098501E-16));
#1235 = LINE('',#1236,#1237);
#1236 = CARTESIAN_POINT('',(-3.61,0.32,0.64));
#1237 = VECTOR('',#1238,1.);
#1238 = DIRECTION('',(0.,0.,-1.));
#1239 = ORIENTED_EDGE('',*,*,#1240,.T.);
#1240 = EDGE_CURVE('',#1233,#1241,#1243,.T.);
#1241 = VERTEX_POINT('',#1242);
#1242 = CARTESIAN_POINT('',(-1.59,0.32,4.440892098501E-16));
#1243 = LINE('',#1244,#1245);
#1244 = CARTESIAN_POINT('',(-3.77,0.32,5.551115123126E-16));
#1245 = VECTOR('',#1246,1.);
#1246 = DIRECTION('',(1.,0.,0.));
#1247 = ORIENTED_EDGE('',*,*,#1248,.T.);
#1248 = EDGE_CURVE('',#1241,#1249,#1251,.T.);
#1249 = VERTEX_POINT('',#1250);
#1250 = CARTESIAN_POINT('',(-0.95,0.32,0.64));
#1251 = CIRCLE('',#1252,0.64);
#1252 = AXIS2_PLACEMENT_3D('',#1253,#1254,#1255);
#1253 = CARTESIAN_POINT('',(-1.59,0.32,0.64));
#1254 = DIRECTION('',(0.,-1.,0.));
#1255 = DIRECTION('',(0.,0.,-1.));
#1256 = ORIENTED_EDGE('',*,*,#1257,.T.);
#1257 = EDGE_CURVE('',#1249,#390,#1258,.T.);
#1258 = LINE('',#1259,#1260);
#1259 = CARTESIAN_POINT('',(-0.95,0.32,5.551115123126E-16));
#1260 = VECTOR('',#1261,1.);
#1261 = DIRECTION('',(-2.387576397043E-17,0.,1.));
#1262 = ORIENTED_EDGE('',*,*,#387,.F.);
#1263 = ORIENTED_EDGE('',*,*,#1264,.T.);
#1264 = EDGE_CURVE('',#388,#1265,#1267,.T.);
#1265 = VERTEX_POINT('',#1266);
#1266 = CARTESIAN_POINT('',(-1.59,0.32,0.64));
#1267 = LINE('',#1268,#1269);
#1268 = CARTESIAN_POINT('',(-1.59,0.32,9.3));
#1269 = VECTOR('',#1270,1.);
#1270 = DIRECTION('',(0.,0.,-1.));
#1271 = ORIENTED_EDGE('',*,*,#1272,.T.);
#1272 = EDGE_CURVE('',#1265,#1231,#1273,.T.);
#1273 = LINE('',#1274,#1275);
#1274 = CARTESIAN_POINT('',(-1.59,0.32,0.64));
#1275 = VECTOR('',#1276,1.);
#1276 = DIRECTION('',(-1.,0.,0.));
#1277 = PLANE('',#1278);
#1278 = AXIS2_PLACEMENT_3D('',#1279,#1280,#1281);
#1279 = CARTESIAN_POINT('',(-1.581171617162,0.32,3.871171617162));
#1280 = DIRECTION('',(-0.,-1.,-0.));
#1281 = DIRECTION('',(0.,0.,-1.));
#1282 = ADVANCED_FACE('',(#1283),#1301,.F.);
#1283 = FACE_BOUND('',#1284,.F.);
#1284 = EDGE_LOOP('',(#1285,#1286,#1287,#1295));
#1285 = ORIENTED_EDGE('',*,*,#1264,.F.);
#1286 = ORIENTED_EDGE('',*,*,#413,.F.);
#1287 = ORIENTED_EDGE('',*,*,#1288,.T.);
#1288 = EDGE_CURVE('',#406,#1289,#1291,.T.);
#1289 = VERTEX_POINT('',#1290);
#1290 = CARTESIAN_POINT('',(-1.59,-0.32,0.64));
#1291 = LINE('',#1292,#1293);
#1292 = CARTESIAN_POINT('',(-1.59,-0.32,9.3));
#1293 = VECTOR('',#1294,1.);
#1294 = DIRECTION('',(0.,0.,-1.));
#1295 = ORIENTED_EDGE('',*,*,#1296,.F.);
#1296 = EDGE_CURVE('',#1265,#1289,#1297,.T.);
#1297 = LINE('',#1298,#1299);
#1298 = CARTESIAN_POINT('',(-1.59,0.32,0.64));
#1299 = VECTOR('',#1300,1.);
#1300 = DIRECTION('',(0.,-1.,0.));
#1301 = PLANE('',#1302);
#1302 = AXIS2_PLACEMENT_3D('',#1303,#1304,#1305);
#1303 = CARTESIAN_POINT('',(-1.59,0.32,9.3));
#1304 = DIRECTION('',(1.,0.,0.));
#1305 = DIRECTION('',(0.,0.,-1.));
#1306 = ADVANCED_FACE('',(#1307),#1350,.T.);
#1307 = FACE_BOUND('',#1308,.T.);
#1308 = EDGE_LOOP('',(#1309,#1319,#1327,#1336,#1342,#1343,#1344));
#1309 = ORIENTED_EDGE('',*,*,#1310,.T.);
#1310 = EDGE_CURVE('',#1311,#1313,#1315,.T.);
#1311 = VERTEX_POINT('',#1312);
#1312 = CARTESIAN_POINT('',(-3.61,-0.32,0.64));
#1313 = VERTEX_POINT('',#1314);
#1314 = CARTESIAN_POINT('',(-3.61,-0.32,4.440892098501E-16));
#1315 = LINE('',#1316,#1317);
#1316 = CARTESIAN_POINT('',(-3.61,-0.32,0.64));
#1317 = VECTOR('',#1318,1.);
#1318 = DIRECTION('',(0.,0.,-1.));
#1319 = ORIENTED_EDGE('',*,*,#1320,.T.);
#1320 = EDGE_CURVE('',#1313,#1321,#1323,.T.);
#1321 = VERTEX_POINT('',#1322);
#1322 = CARTESIAN_POINT('',(-1.59,-0.32,4.440892098501E-16));
#1323 = LINE('',#1324,#1325);
#1324 = CARTESIAN_POINT('',(-3.77,-0.32,5.551115123126E-16));
#1325 = VECTOR('',#1326,1.);
#1326 = DIRECTION('',(1.,0.,0.));
#1327 = ORIENTED_EDGE('',*,*,#1328,.T.);
#1328 = EDGE_CURVE('',#1321,#1329,#1331,.T.);
#1329 = VERTEX_POINT('',#1330);
#1330 = CARTESIAN_POINT('',(-0.95,-0.32,0.64));
#1331 = CIRCLE('',#1332,0.64);
#1332 = AXIS2_PLACEMENT_3D('',#1333,#1334,#1335);
#1333 = CARTESIAN_POINT('',(-1.59,-0.32,0.64));
#1334 = DIRECTION('',(0.,-1.,0.));
#1335 = DIRECTION('',(0.,0.,-1.));
#1336 = ORIENTED_EDGE('',*,*,#1337,.T.);
#1337 = EDGE_CURVE('',#1329,#398,#1338,.T.);
#1338 = LINE('',#1339,#1340);
#1339 = CARTESIAN_POINT('',(-0.95,-0.32,5.551115123126E-16));
#1340 = VECTOR('',#1341,1.);
#1341 = DIRECTION('',(-2.387576397043E-17,0.,1.));
#1342 = ORIENTED_EDGE('',*,*,#405,.F.);
#1343 = ORIENTED_EDGE('',*,*,#1288,.T.);
#1344 = ORIENTED_EDGE('',*,*,#1345,.T.);
#1345 = EDGE_CURVE('',#1289,#1311,#1346,.T.);
#1346 = LINE('',#1347,#1348);
#1347 = CARTESIAN_POINT('',(-1.59,-0.32,0.64));
#1348 = VECTOR('',#1349,1.);
#1349 = DIRECTION('',(-1.,0.,0.));
#1350 = PLANE('',#1351);
#1351 = AXIS2_PLACEMENT_3D('',#1352,#1353,#1354);
#1352 = CARTESIAN_POINT('',(-1.581171617162,-0.32,3.871171617162));
#1353 = DIRECTION('',(-0.,-1.,-0.));
#1354 = DIRECTION('',(0.,0.,-1.));
#1355 = ADVANCED_FACE('',(#1356),#1367,.F.);
#1356 = FACE_BOUND('',#1357,.F.);
#1357 = EDGE_LOOP('',(#1358,#1359,#1365,#1366));
#1358 = ORIENTED_EDGE('',*,*,#1257,.F.);
#1359 = ORIENTED_EDGE('',*,*,#1360,.T.);
#1360 = EDGE_CURVE('',#1249,#1329,#1361,.T.);
#1361 = LINE('',#1362,#1363);
#1362 = CARTESIAN_POINT('',(-0.95,0.32,0.64));
#1363 = VECTOR('',#1364,1.);
#1364 = DIRECTION('',(0.,-1.,0.));
#1365 = ORIENTED_EDGE('',*,*,#1337,.T.);
#1366 = ORIENTED_EDGE('',*,*,#397,.F.);
#1367 = PLANE('',#1368);
#1368 = AXIS2_PLACEMENT_3D('',#1369,#1370,#1371);
#1369 = CARTESIAN_POINT('',(-0.95,0.32,5.551115123126E-16));
#1370 = DIRECTION('',(-1.,-0.,-2.387576397043E-17));
#1371 = DIRECTION('',(-2.387576397043E-17,0.,1.));
#1372 = ADVANCED_FACE('',(#1373),#1423,.T.);
#1373 = FACE_BOUND('',#1374,.T.);
#1374 = EDGE_LOOP('',(#1375,#1385,#1393,#1402,#1408,#1409,#1417));
#1375 = ORIENTED_EDGE('',*,*,#1376,.T.);
#1376 = EDGE_CURVE('',#1377,#1379,#1381,.T.);
#1377 = VERTEX_POINT('',#1378);
#1378 = CARTESIAN_POINT('',(3.61,0.32,0.64));
#1379 = VERTEX_POINT('',#1380);
#1380 = CARTESIAN_POINT('',(3.61,0.32,4.440892098501E-16));
#1381 = LINE('',#1382,#1383);
#1382 = CARTESIAN_POINT('',(3.61,0.32,0.64));
#1383 = VECTOR('',#1384,1.);
#1384 = DIRECTION('',(0.,0.,-1.));
#1385 = ORIENTED_EDGE('',*,*,#1386,.T.);
#1386 = EDGE_CURVE('',#1379,#1387,#1389,.T.);
#1387 = VERTEX_POINT('',#1388);
#1388 = CARTESIAN_POINT('',(1.59,0.32,4.440892098501E-16));
#1389 = LINE('',#1390,#1391);
#1390 = CARTESIAN_POINT('',(3.77,0.32,5.551115123126E-16));
#1391 = VECTOR('',#1392,1.);
#1392 = DIRECTION('',(-1.,0.,0.));
#1393 = ORIENTED_EDGE('',*,*,#1394,.T.);
#1394 = EDGE_CURVE('',#1387,#1395,#1397,.T.);
#1395 = VERTEX_POINT('',#1396);
#1396 = CARTESIAN_POINT('',(0.95,0.32,0.64));
#1397 = CIRCLE('',#1398,0.64);
#1398 = AXIS2_PLACEMENT_3D('',#1399,#1400,#1401);
#1399 = CARTESIAN_POINT('',(1.59,0.32,0.64));
#1400 = DIRECTION('',(0.,1.,0.));
#1401 = DIRECTION('',(0.,0.,-1.));
#1402 = ORIENTED_EDGE('',*,*,#1403,.T.);
#1403 = EDGE_CURVE('',#1395,#424,#1404,.T.);
#1404 = LINE('',#1405,#1406);
#1405 = CARTESIAN_POINT('',(0.95,0.32,5.551115123126E-16));
#1406 = VECTOR('',#1407,1.);
#1407 = DIRECTION('',(2.387576397043E-17,0.,1.));
#1408 = ORIENTED_EDGE('',*,*,#421,.F.);
#1409 = ORIENTED_EDGE('',*,*,#1410,.T.);
#1410 = EDGE_CURVE('',#422,#1411,#1413,.T.);
#1411 = VERTEX_POINT('',#1412);
#1412 = CARTESIAN_POINT('',(1.59,0.32,0.64));
#1413 = LINE('',#1414,#1415);
#1414 = CARTESIAN_POINT('',(1.59,0.32,9.3));
#1415 = VECTOR('',#1416,1.);
#1416 = DIRECTION('',(0.,0.,-1.));
#1417 = ORIENTED_EDGE('',*,*,#1418,.T.);
#1418 = EDGE_CURVE('',#1411,#1377,#1419,.T.);
#1419 = LINE('',#1420,#1421);
#1420 = CARTESIAN_POINT('',(1.59,0.32,0.64));
#1421 = VECTOR('',#1422,1.);
#1422 = DIRECTION('',(1.,0.,0.));
#1423 = PLANE('',#1424);
#1424 = AXIS2_PLACEMENT_3D('',#1425,#1426,#1427);
#1425 = CARTESIAN_POINT('',(1.581171617162,0.32,3.871171617162));
#1426 = DIRECTION('',(0.,1.,0.));
#1427 = DIRECTION('',(0.,-0.,1.));
#1428 = ADVANCED_FACE('',(#1429),#1447,.T.);
#1429 = FACE_BOUND('',#1430,.T.);
#1430 = EDGE_LOOP('',(#1431,#1432,#1440,#1446));
#1431 = ORIENTED_EDGE('',*,*,#1403,.F.);
#1432 = ORIENTED_EDGE('',*,*,#1433,.T.);
#1433 = EDGE_CURVE('',#1395,#1434,#1436,.T.);
#1434 = VERTEX_POINT('',#1435);
#1435 = CARTESIAN_POINT('',(0.95,-0.32,0.64));
#1436 = LINE('',#1437,#1438);
#1437 = CARTESIAN_POINT('',(0.95,0.32,0.64));
#1438 = VECTOR('',#1439,1.);
#1439 = DIRECTION('',(0.,-1.,0.));
#1440 = ORIENTED_EDGE('',*,*,#1441,.T.);
#1441 = EDGE_CURVE('',#1434,#440,#1442,.T.);
#1442 = LINE('',#1443,#1444);
#1443 = CARTESIAN_POINT('',(0.95,-0.32,5.551115123126E-16));
#1444 = VECTOR('',#1445,1.);
#1445 = DIRECTION('',(2.387576397043E-17,0.,1.));
#1446 = ORIENTED_EDGE('',*,*,#447,.F.);
#1447 = PLANE('',#1448);
#1448 = AXIS2_PLACEMENT_3D('',#1449,#1450,#1451);
#1449 = CARTESIAN_POINT('',(0.95,0.32,5.551115123126E-16));
#1450 = DIRECTION('',(-1.,0.,2.387576397043E-17));
#1451 = DIRECTION('',(2.387576397043E-17,0.,1.));
#1452 = ADVANCED_FACE('',(#1453),#1496,.F.);
#1453 = FACE_BOUND('',#1454,.F.);
#1454 = EDGE_LOOP('',(#1455,#1465,#1473,#1480,#1481,#1482,#1490));
#1455 = ORIENTED_EDGE('',*,*,#1456,.T.);
#1456 = EDGE_CURVE('',#1457,#1459,#1461,.T.);
#1457 = VERTEX_POINT('',#1458);
#1458 = CARTESIAN_POINT('',(3.61,-0.32,0.64));
#1459 = VERTEX_POINT('',#1460);
#1460 = CARTESIAN_POINT('',(3.61,-0.32,4.440892098501E-16));
#1461 = LINE('',#1462,#1463);
#1462 = CARTESIAN_POINT('',(3.61,-0.32,0.64));
#1463 = VECTOR('',#1464,1.);
#1464 = DIRECTION('',(0.,0.,-1.));
#1465 = ORIENTED_EDGE('',*,*,#1466,.T.);
#1466 = EDGE_CURVE('',#1459,#1467,#1469,.T.);
#1467 = VERTEX_POINT('',#1468);
#1468 = CARTESIAN_POINT('',(1.59,-0.32,4.440892098501E-16));
#1469 = LINE('',#1470,#1471);
#1470 = CARTESIAN_POINT('',(3.77,-0.32,5.551115123126E-16));
#1471 = VECTOR('',#1472,1.);
#1472 = DIRECTION('',(-1.,0.,0.));
#1473 = ORIENTED_EDGE('',*,*,#1474,.T.);
#1474 = EDGE_CURVE('',#1467,#1434,#1475,.T.);
#1475 = CIRCLE('',#1476,0.64);
#1476 = AXIS2_PLACEMENT_3D('',#1477,#1478,#1479);
#1477 = CARTESIAN_POINT('',(1.59,-0.32,0.64));
#1478 = DIRECTION('',(0.,1.,0.));
#1479 = DIRECTION('',(0.,0.,-1.));
#1480 = ORIENTED_EDGE('',*,*,#1441,.T.);
#1481 = ORIENTED_EDGE('',*,*,#439,.F.);
#1482 = ORIENTED_EDGE('',*,*,#1483,.T.);
#1483 = EDGE_CURVE('',#432,#1484,#1486,.T.);
#1484 = VERTEX_POINT('',#1485);
#1485 = CARTESIAN_POINT('',(1.59,-0.32,0.64));
#1486 = LINE('',#1487,#1488);
#1487 = CARTESIAN_POINT('',(1.59,-0.32,9.3));
#1488 = VECTOR('',#1489,1.);
#1489 = DIRECTION('',(0.,0.,-1.));
#1490 = ORIENTED_EDGE('',*,*,#1491,.T.);
#1491 = EDGE_CURVE('',#1484,#1457,#1492,.T.);
#1492 = LINE('',#1493,#1494);
#1493 = CARTESIAN_POINT('',(1.59,-0.32,0.64));
#1494 = VECTOR('',#1495,1.);
#1495 = DIRECTION('',(1.,0.,0.));
#1496 = PLANE('',#1497);
#1497 = AXIS2_PLACEMENT_3D('',#1498,#1499,#1500);
#1498 = CARTESIAN_POINT('',(1.581171617162,-0.32,3.871171617162));
#1499 = DIRECTION('',(0.,1.,0.));
#1500 = DIRECTION('',(0.,-0.,1.));
#1501 = ADVANCED_FACE('',(#1502),#1513,.T.);
#1502 = FACE_BOUND('',#1503,.T.);
#1503 = EDGE_LOOP('',(#1504,#1505,#1506,#1507));
#1504 = ORIENTED_EDGE('',*,*,#1410,.F.);
#1505 = ORIENTED_EDGE('',*,*,#431,.F.);
#1506 = ORIENTED_EDGE('',*,*,#1483,.T.);
#1507 = ORIENTED_EDGE('',*,*,#1508,.F.);
#1508 = EDGE_CURVE('',#1411,#1484,#1509,.T.);
#1509 = LINE('',#1510,#1511);
#1510 = CARTESIAN_POINT('',(1.59,0.32,0.64));
#1511 = VECTOR('',#1512,1.);
#1512 = DIRECTION('',(0.,-1.,0.));
#1513 = PLANE('',#1514);
#1514 = AXIS2_PLACEMENT_3D('',#1515,#1516,#1517);
#1515 = CARTESIAN_POINT('',(1.59,0.32,9.3));
#1516 = DIRECTION('',(1.,0.,0.));
#1517 = DIRECTION('',(0.,0.,-1.));
#1518 = ADVANCED_FACE('',(#1519),#1544,.T.);
#1519 = FACE_BOUND('',#1520,.T.);
#1520 = EDGE_LOOP('',(#1521,#1529,#1530,#1538));
#1521 = ORIENTED_EDGE('',*,*,#1522,.F.);
#1522 = EDGE_CURVE('',#458,#1523,#1525,.T.);
#1523 = VERTEX_POINT('',#1524);
#1524 = CARTESIAN_POINT('',(1.59,2.86,0.64));
#1525 = LINE('',#1526,#1527);
#1526 = CARTESIAN_POINT('',(1.59,2.86,9.3));
#1527 = VECTOR('',#1528,1.);
#1528 = DIRECTION('',(0.,0.,-1.));
#1529 = ORIENTED_EDGE('',*,*,#455,.F.);
#1530 = ORIENTED_EDGE('',*,*,#1531,.T.);
#1531 = EDGE_CURVE('',#456,#1532,#1534,.T.);
#1532 = VERTEX_POINT('',#1533);
#1533 = CARTESIAN_POINT('',(1.59,2.22,0.64));
#1534 = LINE('',#1535,#1536);
#1535 = CARTESIAN_POINT('',(1.59,2.22,9.3));
#1536 = VECTOR('',#1537,1.);
#1537 = DIRECTION('',(0.,0.,-1.));
#1538 = ORIENTED_EDGE('',*,*,#1539,.F.);
#1539 = EDGE_CURVE('',#1523,#1532,#1540,.T.);
#1540 = LINE('',#1541,#1542);
#1541 = CARTESIAN_POINT('',(1.59,2.86,0.64));
#1542 = VECTOR('',#1543,1.);
#1543 = DIRECTION('',(0.,-1.,0.));
#1544 = PLANE('',#1545);
#1545 = AXIS2_PLACEMENT_3D('',#1546,#1547,#1548);
#1546 = CARTESIAN_POINT('',(1.59,2.86,9.3));
#1547 = DIRECTION('',(1.,0.,0.));
#1548 = DIRECTION('',(0.,0.,-1.));
#1549 = ADVANCED_FACE('',(#1550),#1593,.T.);
#1550 = FACE_BOUND('',#1551,.T.);
#1551 = EDGE_LOOP('',(#1552,#1562,#1570,#1579,#1585,#1586,#1587));
#1552 = ORIENTED_EDGE('',*,*,#1553,.T.);
#1553 = EDGE_CURVE('',#1554,#1556,#1558,.T.);
#1554 = VERTEX_POINT('',#1555);
#1555 = CARTESIAN_POINT('',(3.61,2.86,0.64));
#1556 = VERTEX_POINT('',#1557);
#1557 = CARTESIAN_POINT('',(3.61,2.86,4.440892098501E-16));
#1558 = LINE('',#1559,#1560);
#1559 = CARTESIAN_POINT('',(3.61,2.86,0.64));
#1560 = VECTOR('',#1561,1.);
#1561 = DIRECTION('',(0.,0.,-1.));
#1562 = ORIENTED_EDGE('',*,*,#1563,.T.);
#1563 = EDGE_CURVE('',#1556,#1564,#1566,.T.);
#1564 = VERTEX_POINT('',#1565);
#1565 = CARTESIAN_POINT('',(1.59,2.86,4.440892098501E-16));
#1566 = LINE('',#1567,#1568);
#1567 = CARTESIAN_POINT('',(3.77,2.86,5.551115123126E-16));
#1568 = VECTOR('',#1569,1.);
#1569 = DIRECTION('',(-1.,0.,0.));
#1570 = ORIENTED_EDGE('',*,*,#1571,.T.);
#1571 = EDGE_CURVE('',#1564,#1572,#1574,.T.);
#1572 = VERTEX_POINT('',#1573);
#1573 = CARTESIAN_POINT('',(0.95,2.86,0.64));
#1574 = CIRCLE('',#1575,0.64);
#1575 = AXIS2_PLACEMENT_3D('',#1576,#1577,#1578);
#1576 = CARTESIAN_POINT('',(1.59,2.86,0.64));
#1577 = DIRECTION('',(0.,1.,0.));
#1578 = DIRECTION('',(0.,0.,-1.));
#1579 = ORIENTED_EDGE('',*,*,#1580,.T.);
#1580 = EDGE_CURVE('',#1572,#474,#1581,.T.);
#1581 = LINE('',#1582,#1583);
#1582 = CARTESIAN_POINT('',(0.95,2.86,5.551115123126E-16));
#1583 = VECTOR('',#1584,1.);
#1584 = DIRECTION('',(2.387576397043E-17,0.,1.));
#1585 = ORIENTED_EDGE('',*,*,#481,.F.);
#1586 = ORIENTED_EDGE('',*,*,#1522,.T.);
#1587 = ORIENTED_EDGE('',*,*,#1588,.T.);
#1588 = EDGE_CURVE('',#1523,#1554,#1589,.T.);
#1589 = LINE('',#1590,#1591);
#1590 = CARTESIAN_POINT('',(1.59,2.86,0.64));
#1591 = VECTOR('',#1592,1.);
#1592 = DIRECTION('',(1.,0.,0.));
#1593 = PLANE('',#1594);
#1594 = AXIS2_PLACEMENT_3D('',#1595,#1596,#1597);
#1595 = CARTESIAN_POINT('',(1.581171617162,2.86,3.871171617162));
#1596 = DIRECTION('',(0.,1.,0.));
#1597 = DIRECTION('',(0.,-0.,1.));
#1598 = ADVANCED_FACE('',(#1599),#1617,.T.);
#1599 = FACE_BOUND('',#1600,.T.);
#1600 = EDGE_LOOP('',(#1601,#1602,#1610,#1616));
#1601 = ORIENTED_EDGE('',*,*,#1580,.F.);
#1602 = ORIENTED_EDGE('',*,*,#1603,.T.);
#1603 = EDGE_CURVE('',#1572,#1604,#1606,.T.);
#1604 = VERTEX_POINT('',#1605);
#1605 = CARTESIAN_POINT('',(0.95,2.22,0.64));
#1606 = LINE('',#1607,#1608);
#1607 = CARTESIAN_POINT('',(0.95,2.86,0.64));
#1608 = VECTOR('',#1609,1.);
#1609 = DIRECTION('',(0.,-1.,0.));
#1610 = ORIENTED_EDGE('',*,*,#1611,.T.);
#1611 = EDGE_CURVE('',#1604,#466,#1612,.T.);
#1612 = LINE('',#1613,#1614);
#1613 = CARTESIAN_POINT('',(0.95,2.22,5.551115123126E-16));
#1614 = VECTOR('',#1615,1.);
#1615 = DIRECTION('',(2.387576397043E-17,0.,1.));
#1616 = ORIENTED_EDGE('',*,*,#473,.F.);
#1617 = PLANE('',#1618);
#1618 = AXIS2_PLACEMENT_3D('',#1619,#1620,#1621);
#1619 = CARTESIAN_POINT('',(0.95,2.86,5.551115123126E-16));
#1620 = DIRECTION('',(-1.,0.,2.387576397043E-17));
#1621 = DIRECTION('',(2.387576397043E-17,0.,1.));
#1622 = ADVANCED_FACE('',(#1623),#1659,.F.);
#1623 = FACE_BOUND('',#1624,.F.);
#1624 = EDGE_LOOP('',(#1625,#1635,#1643,#1650,#1651,#1652,#1653));
#1625 = ORIENTED_EDGE('',*,*,#1626,.T.);
#1626 = EDGE_CURVE('',#1627,#1629,#1631,.T.);
#1627 = VERTEX_POINT('',#1628);
#1628 = CARTESIAN_POINT('',(3.61,2.22,0.64));
#1629 = VERTEX_POINT('',#1630);
#1630 = CARTESIAN_POINT('',(3.61,2.22,4.440892098501E-16));
#1631 = LINE('',#1632,#1633);
#1632 = CARTESIAN_POINT('',(3.61,2.22,0.64));
#1633 = VECTOR('',#1634,1.);
#1634 = DIRECTION('',(0.,0.,-1.));
#1635 = ORIENTED_EDGE('',*,*,#1636,.T.);
#1636 = EDGE_CURVE('',#1629,#1637,#1639,.T.);
#1637 = VERTEX_POINT('',#1638);
#1638 = CARTESIAN_POINT('',(1.59,2.22,4.440892098501E-16));
#1639 = LINE('',#1640,#1641);
#1640 = CARTESIAN_POINT('',(3.77,2.22,5.551115123126E-16));
#1641 = VECTOR('',#1642,1.);
#1642 = DIRECTION('',(-1.,0.,0.));
#1643 = ORIENTED_EDGE('',*,*,#1644,.T.);
#1644 = EDGE_CURVE('',#1637,#1604,#1645,.T.);
#1645 = CIRCLE('',#1646,0.64);
#1646 = AXIS2_PLACEMENT_3D('',#1647,#1648,#1649);
#1647 = CARTESIAN_POINT('',(1.59,2.22,0.64));
#1648 = DIRECTION('',(0.,1.,0.));
#1649 = DIRECTION('',(0.,0.,-1.));
#1650 = ORIENTED_EDGE('',*,*,#1611,.T.);
#1651 = ORIENTED_EDGE('',*,*,#465,.F.);
#1652 = ORIENTED_EDGE('',*,*,#1531,.T.);
#1653 = ORIENTED_EDGE('',*,*,#1654,.T.);
#1654 = EDGE_CURVE('',#1532,#1627,#1655,.T.);
#1655 = LINE('',#1656,#1657);
#1656 = CARTESIAN_POINT('',(1.59,2.22,0.64));
#1657 = VECTOR('',#1658,1.);
#1658 = DIRECTION('',(1.,0.,0.));
#1659 = PLANE('',#1660);
#1660 = AXIS2_PLACEMENT_3D('',#1661,#1662,#1663);
#1661 = CARTESIAN_POINT('',(1.581171617162,2.22,3.871171617162));
#1662 = DIRECTION('',(0.,1.,0.));
#1663 = DIRECTION('',(0.,-0.,1.));
#1664 = ADVANCED_FACE('',(#1665),#1715,.T.);
#1665 = FACE_BOUND('',#1666,.T.);
#1666 = EDGE_LOOP('',(#1667,#1677,#1685,#1694,#1700,#1701,#1709));
#1667 = ORIENTED_EDGE('',*,*,#1668,.T.);
#1668 = EDGE_CURVE('',#1669,#1671,#1673,.T.);
#1669 = VERTEX_POINT('',#1670);
#1670 = CARTESIAN_POINT('',(-3.61,2.22,0.64));
#1671 = VERTEX_POINT('',#1672);
#1672 = CARTESIAN_POINT('',(-3.61,2.22,4.440892098501E-16));
#1673 = LINE('',#1674,#1675);
#1674 = CARTESIAN_POINT('',(-3.61,2.22,0.64));
#1675 = VECTOR('',#1676,1.);
#1676 = DIRECTION('',(0.,0.,-1.));
#1677 = ORIENTED_EDGE('',*,*,#1678,.T.);
#1678 = EDGE_CURVE('',#1671,#1679,#1681,.T.);
#1679 = VERTEX_POINT('',#1680);
#1680 = CARTESIAN_POINT('',(-1.59,2.22,4.440892098501E-16));
#1681 = LINE('',#1682,#1683);
#1682 = CARTESIAN_POINT('',(-3.77,2.22,5.551115123126E-16));
#1683 = VECTOR('',#1684,1.);
#1684 = DIRECTION('',(1.,0.,0.));
#1685 = ORIENTED_EDGE('',*,*,#1686,.T.);
#1686 = EDGE_CURVE('',#1679,#1687,#1689,.T.);
#1687 = VERTEX_POINT('',#1688);
#1688 = CARTESIAN_POINT('',(-0.95,2.22,0.64));
#1689 = CIRCLE('',#1690,0.64);
#1690 = AXIS2_PLACEMENT_3D('',#1691,#1692,#1693);
#1691 = CARTESIAN_POINT('',(-1.59,2.22,0.64));
#1692 = DIRECTION('',(0.,-1.,0.));
#1693 = DIRECTION('',(0.,0.,-1.));
#1694 = ORIENTED_EDGE('',*,*,#1695,.T.);
#1695 = EDGE_CURVE('',#1687,#492,#1696,.T.);
#1696 = LINE('',#1697,#1698);
#1697 = CARTESIAN_POINT('',(-0.95,2.22,5.551115123126E-16));
#1698 = VECTOR('',#1699,1.);
#1699 = DIRECTION('',(-2.387576397043E-17,0.,1.));
#1700 = ORIENTED_EDGE('',*,*,#489,.F.);
#1701 = ORIENTED_EDGE('',*,*,#1702,.T.);
#1702 = EDGE_CURVE('',#490,#1703,#1705,.T.);
#1703 = VERTEX_POINT('',#1704);
#1704 = CARTESIAN_POINT('',(-1.59,2.22,0.64));
#1705 = LINE('',#1706,#1707);
#1706 = CARTESIAN_POINT('',(-1.59,2.22,9.3));
#1707 = VECTOR('',#1708,1.);
#1708 = DIRECTION('',(0.,0.,-1.));
#1709 = ORIENTED_EDGE('',*,*,#1710,.T.);
#1710 = EDGE_CURVE('',#1703,#1669,#1711,.T.);
#1711 = LINE('',#1712,#1713);
#1712 = CARTESIAN_POINT('',(-1.59,2.22,0.64));
#1713 = VECTOR('',#1714,1.);
#1714 = DIRECTION('',(-1.,0.,0.));
#1715 = PLANE('',#1716);
#1716 = AXIS2_PLACEMENT_3D('',#1717,#1718,#1719);
#1717 = CARTESIAN_POINT('',(-1.581171617162,2.22,3.871171617162));
#1718 = DIRECTION('',(-0.,-1.,-0.));
#1719 = DIRECTION('',(0.,0.,-1.));
#1720 = ADVANCED_FACE('',(#1721),#1739,.F.);
#1721 = FACE_BOUND('',#1722,.F.);
#1722 = EDGE_LOOP('',(#1723,#1731,#1737,#1738));
#1723 = ORIENTED_EDGE('',*,*,#1724,.F.);
#1724 = EDGE_CURVE('',#1725,#508,#1727,.T.);
#1725 = VERTEX_POINT('',#1726);
#1726 = CARTESIAN_POINT('',(-0.95,2.86,0.64));
#1727 = LINE('',#1728,#1729);
#1728 = CARTESIAN_POINT('',(-0.95,2.86,5.551115123126E-16));
#1729 = VECTOR('',#1730,1.);
#1730 = DIRECTION('',(-2.387576397043E-17,0.,1.));
#1731 = ORIENTED_EDGE('',*,*,#1732,.T.);
#1732 = EDGE_CURVE('',#1725,#1687,#1733,.T.);
#1733 = LINE('',#1734,#1735);
#1734 = CARTESIAN_POINT('',(-0.95,2.86,0.64));
#1735 = VECTOR('',#1736,1.);
#1736 = DIRECTION('',(0.,-1.,0.));
#1737 = ORIENTED_EDGE('',*,*,#1695,.T.);
#1738 = ORIENTED_EDGE('',*,*,#515,.F.);
#1739 = PLANE('',#1740);
#1740 = AXIS2_PLACEMENT_3D('',#1741,#1742,#1743);
#1741 = CARTESIAN_POINT('',(-0.95,2.86,5.551115123126E-16));
#1742 = DIRECTION('',(-1.,-0.,-2.387576397043E-17));
#1743 = DIRECTION('',(-2.387576397043E-17,0.,1.));
#1744 = ADVANCED_FACE('',(#1745),#1788,.F.);
#1745 = FACE_BOUND('',#1746,.F.);
#1746 = EDGE_LOOP('',(#1747,#1757,#1765,#1772,#1773,#1774,#1782));
#1747 = ORIENTED_EDGE('',*,*,#1748,.T.);
#1748 = EDGE_CURVE('',#1749,#1751,#1753,.T.);
#1749 = VERTEX_POINT('',#1750);
#1750 = CARTESIAN_POINT('',(-3.61,2.86,0.64));
#1751 = VERTEX_POINT('',#1752);
#1752 = CARTESIAN_POINT('',(-3.61,2.86,4.440892098501E-16));
#1753 = LINE('',#1754,#1755);
#1754 = CARTESIAN_POINT('',(-3.61,2.86,0.64));
#1755 = VECTOR('',#1756,1.);
#1756 = DIRECTION('',(0.,0.,-1.));
#1757 = ORIENTED_EDGE('',*,*,#1758,.T.);
#1758 = EDGE_CURVE('',#1751,#1759,#1761,.T.);
#1759 = VERTEX_POINT('',#1760);
#1760 = CARTESIAN_POINT('',(-1.59,2.86,4.440892098501E-16));
#1761 = LINE('',#1762,#1763);
#1762 = CARTESIAN_POINT('',(-3.77,2.86,5.551115123126E-16));
#1763 = VECTOR('',#1764,1.);
#1764 = DIRECTION('',(1.,0.,0.));
#1765 = ORIENTED_EDGE('',*,*,#1766,.T.);
#1766 = EDGE_CURVE('',#1759,#1725,#1767,.T.);
#1767 = CIRCLE('',#1768,0.64);
#1768 = AXIS2_PLACEMENT_3D('',#1769,#1770,#1771);
#1769 = CARTESIAN_POINT('',(-1.59,2.86,0.64));
#1770 = DIRECTION('',(0.,-1.,0.));
#1771 = DIRECTION('',(0.,0.,-1.));
#1772 = ORIENTED_EDGE('',*,*,#1724,.T.);
#1773 = ORIENTED_EDGE('',*,*,#507,.F.);
#1774 = ORIENTED_EDGE('',*,*,#1775,.T.);
#1775 = EDGE_CURVE('',#500,#1776,#1778,.T.);
#1776 = VERTEX_POINT('',#1777);
#1777 = CARTESIAN_POINT('',(-1.59,2.86,0.64));
#1778 = LINE('',#1779,#1780);
#1779 = CARTESIAN_POINT('',(-1.59,2.86,9.3));
#1780 = VECTOR('',#1781,1.);
#1781 = DIRECTION('',(0.,0.,-1.));
#1782 = ORIENTED_EDGE('',*,*,#1783,.T.);
#1783 = EDGE_CURVE('',#1776,#1749,#1784,.T.);
#1784 = LINE('',#1785,#1786);
#1785 = CARTESIAN_POINT('',(-1.59,2.86,0.64));
#1786 = VECTOR('',#1787,1.);
#1787 = DIRECTION('',(-1.,0.,0.));
#1788 = PLANE('',#1789);
#1789 = AXIS2_PLACEMENT_3D('',#1790,#1791,#1792);
#1790 = CARTESIAN_POINT('',(-1.581171617162,2.86,3.871171617162));
#1791 = DIRECTION('',(-0.,-1.,-0.));
#1792 = DIRECTION('',(0.,0.,-1.));
#1793 = ADVANCED_FACE('',(#1794),#1805,.F.);
#1794 = FACE_BOUND('',#1795,.F.);
#1795 = EDGE_LOOP('',(#1796,#1797,#1798,#1799));
#1796 = ORIENTED_EDGE('',*,*,#1775,.F.);
#1797 = ORIENTED_EDGE('',*,*,#499,.F.);
#1798 = ORIENTED_EDGE('',*,*,#1702,.T.);
#1799 = ORIENTED_EDGE('',*,*,#1800,.F.);
#1800 = EDGE_CURVE('',#1776,#1703,#1801,.T.);
#1801 = LINE('',#1802,#1803);
#1802 = CARTESIAN_POINT('',(-1.59,2.86,0.64));
#1803 = VECTOR('',#1804,1.);
#1804 = DIRECTION('',(0.,-1.,0.));
#1805 = PLANE('',#1806);
#1806 = AXIS2_PLACEMENT_3D('',#1807,#1808,#1809);
#1807 = CARTESIAN_POINT('',(-1.59,2.86,9.3));
#1808 = DIRECTION('',(1.,0.,0.));
#1809 = DIRECTION('',(0.,0.,-1.));
#1810 = ADVANCED_FACE('',(#1811),#1836,.F.);
#1811 = FACE_BOUND('',#1812,.F.);
#1812 = EDGE_LOOP('',(#1813,#1821,#1822,#1830));
#1813 = ORIENTED_EDGE('',*,*,#1814,.F.);
#1814 = EDGE_CURVE('',#526,#1815,#1817,.T.);
#1815 = VERTEX_POINT('',#1816);
#1816 = CARTESIAN_POINT('',(-1.59,-2.22,0.64));
#1817 = LINE('',#1818,#1819);
#1818 = CARTESIAN_POINT('',(-1.59,-2.22,9.3));
#1819 = VECTOR('',#1820,1.);
#1820 = DIRECTION('',(0.,0.,-1.));
#1821 = ORIENTED_EDGE('',*,*,#523,.F.);
#1822 = ORIENTED_EDGE('',*,*,#1823,.T.);
#1823 = EDGE_CURVE('',#524,#1824,#1826,.T.);
#1824 = VERTEX_POINT('',#1825);
#1825 = CARTESIAN_POINT('',(-1.59,-2.86,0.64));
#1826 = LINE('',#1827,#1828);
#1827 = CARTESIAN_POINT('',(-1.59,-2.86,9.3));
#1828 = VECTOR('',#1829,1.);
#1829 = DIRECTION('',(0.,0.,-1.));
#1830 = ORIENTED_EDGE('',*,*,#1831,.F.);
#1831 = EDGE_CURVE('',#1815,#1824,#1832,.T.);
#1832 = LINE('',#1833,#1834);
#1833 = CARTESIAN_POINT('',(-1.59,-2.22,0.64));
#1834 = VECTOR('',#1835,1.);
#1835 = DIRECTION('',(0.,-1.,0.));
#1836 = PLANE('',#1837);
#1837 = AXIS2_PLACEMENT_3D('',#1838,#1839,#1840);
#1838 = CARTESIAN_POINT('',(-1.59,-2.22,9.3));
#1839 = DIRECTION('',(1.,0.,0.));
#1840 = DIRECTION('',(0.,0.,-1.));
#1841 = ADVANCED_FACE('',(#1842),#1885,.T.);
#1842 = FACE_BOUND('',#1843,.T.);
#1843 = EDGE_LOOP('',(#1844,#1854,#1862,#1871,#1877,#1878,#1879));
#1844 = ORIENTED_EDGE('',*,*,#1845,.T.);
#1845 = EDGE_CURVE('',#1846,#1848,#1850,.T.);
#1846 = VERTEX_POINT('',#1847);
#1847 = CARTESIAN_POINT('',(-3.61,-2.86,0.64));
#1848 = VERTEX_POINT('',#1849);
#1849 = CARTESIAN_POINT('',(-3.61,-2.86,4.440892098501E-16));
#1850 = LINE('',#1851,#1852);
#1851 = CARTESIAN_POINT('',(-3.61,-2.86,0.64));
#1852 = VECTOR('',#1853,1.);
#1853 = DIRECTION('',(0.,0.,-1.));
#1854 = ORIENTED_EDGE('',*,*,#1855,.T.);
#1855 = EDGE_CURVE('',#1848,#1856,#1858,.T.);
#1856 = VERTEX_POINT('',#1857);
#1857 = CARTESIAN_POINT('',(-1.59,-2.86,4.440892098501E-16));
#1858 = LINE('',#1859,#1860);
#1859 = CARTESIAN_POINT('',(-3.77,-2.86,5.551115123126E-16));
#1860 = VECTOR('',#1861,1.);
#1861 = DIRECTION('',(1.,0.,0.));
#1862 = ORIENTED_EDGE('',*,*,#1863,.T.);
#1863 = EDGE_CURVE('',#1856,#1864,#1866,.T.);
#1864 = VERTEX_POINT('',#1865);
#1865 = CARTESIAN_POINT('',(-0.95,-2.86,0.64));
#1866 = CIRCLE('',#1867,0.64);
#1867 = AXIS2_PLACEMENT_3D('',#1868,#1869,#1870);
#1868 = CARTESIAN_POINT('',(-1.59,-2.86,0.64));
#1869 = DIRECTION('',(0.,-1.,0.));
#1870 = DIRECTION('',(0.,0.,-1.));
#1871 = ORIENTED_EDGE('',*,*,#1872,.T.);
#1872 = EDGE_CURVE('',#1864,#542,#1873,.T.);
#1873 = LINE('',#1874,#1875);
#1874 = CARTESIAN_POINT('',(-0.95,-2.86,5.551115123126E-16));
#1875 = VECTOR('',#1876,1.);
#1876 = DIRECTION('',(-2.387576397043E-17,0.,1.));
#1877 = ORIENTED_EDGE('',*,*,#549,.F.);
#1878 = ORIENTED_EDGE('',*,*,#1823,.T.);
#1879 = ORIENTED_EDGE('',*,*,#1880,.T.);
#1880 = EDGE_CURVE('',#1824,#1846,#1881,.T.);
#1881 = LINE('',#1882,#1883);
#1882 = CARTESIAN_POINT('',(-1.59,-2.86,0.64));
#1883 = VECTOR('',#1884,1.);
#1884 = DIRECTION('',(-1.,0.,0.));
#1885 = PLANE('',#1886);
#1886 = AXIS2_PLACEMENT_3D('',#1887,#1888,#1889);
#1887 = CARTESIAN_POINT('',(-1.581171617162,-2.86,3.871171617162));
#1888 = DIRECTION('',(-0.,-1.,-0.));
#1889 = DIRECTION('',(0.,0.,-1.));
#1890 = ADVANCED_FACE('',(#1891),#1909,.F.);
#1891 = FACE_BOUND('',#1892,.F.);
#1892 = EDGE_LOOP('',(#1893,#1901,#1907,#1908));
#1893 = ORIENTED_EDGE('',*,*,#1894,.F.);
#1894 = EDGE_CURVE('',#1895,#534,#1897,.T.);
#1895 = VERTEX_POINT('',#1896);
#1896 = CARTESIAN_POINT('',(-0.95,-2.22,0.64));
#1897 = LINE('',#1898,#1899);
#1898 = CARTESIAN_POINT('',(-0.95,-2.22,5.551115123126E-16));
#1899 = VECTOR('',#1900,1.);
#1900 = DIRECTION('',(-2.387576397043E-17,0.,1.));
#1901 = ORIENTED_EDGE('',*,*,#1902,.T.);
#1902 = EDGE_CURVE('',#1895,#1864,#1903,.T.);
#1903 = LINE('',#1904,#1905);
#1904 = CARTESIAN_POINT('',(-0.95,-2.22,0.64));
#1905 = VECTOR('',#1906,1.);
#1906 = DIRECTION('',(0.,-1.,0.));
#1907 = ORIENTED_EDGE('',*,*,#1872,.T.);
#1908 = ORIENTED_EDGE('',*,*,#541,.F.);
#1909 = PLANE('',#1910);
#1910 = AXIS2_PLACEMENT_3D('',#1911,#1912,#1913);
#1911 = CARTESIAN_POINT('',(-0.95,-2.22,5.551115123126E-16));
#1912 = DIRECTION('',(-1.,-0.,-2.387576397043E-17));
#1913 = DIRECTION('',(-2.387576397043E-17,0.,1.));
#1914 = ADVANCED_FACE('',(#1915),#1951,.F.);
#1915 = FACE_BOUND('',#1916,.F.);
#1916 = EDGE_LOOP('',(#1917,#1927,#1935,#1942,#1943,#1944,#1945));
#1917 = ORIENTED_EDGE('',*,*,#1918,.T.);
#1918 = EDGE_CURVE('',#1919,#1921,#1923,.T.);
#1919 = VERTEX_POINT('',#1920);
#1920 = CARTESIAN_POINT('',(-3.61,-2.22,0.64));
#1921 = VERTEX_POINT('',#1922);
#1922 = CARTESIAN_POINT('',(-3.61,-2.22,4.440892098501E-16));
#1923 = LINE('',#1924,#1925);
#1924 = CARTESIAN_POINT('',(-3.61,-2.22,0.64));
#1925 = VECTOR('',#1926,1.);
#1926 = DIRECTION('',(0.,0.,-1.));
#1927 = ORIENTED_EDGE('',*,*,#1928,.T.);
#1928 = EDGE_CURVE('',#1921,#1929,#1931,.T.);
#1929 = VERTEX_POINT('',#1930);
#1930 = CARTESIAN_POINT('',(-1.59,-2.22,4.440892098501E-16));
#1931 = LINE('',#1932,#1933);
#1932 = CARTESIAN_POINT('',(-3.77,-2.22,5.551115123126E-16));
#1933 = VECTOR('',#1934,1.);
#1934 = DIRECTION('',(1.,0.,0.));
#1935 = ORIENTED_EDGE('',*,*,#1936,.T.);
#1936 = EDGE_CURVE('',#1929,#1895,#1937,.T.);
#1937 = CIRCLE('',#1938,0.64);
#1938 = AXIS2_PLACEMENT_3D('',#1939,#1940,#1941);
#1939 = CARTESIAN_POINT('',(-1.59,-2.22,0.64));
#1940 = DIRECTION('',(0.,-1.,0.));
#1941 = DIRECTION('',(0.,0.,-1.));
#1942 = ORIENTED_EDGE('',*,*,#1894,.T.);
#1943 = ORIENTED_EDGE('',*,*,#533,.F.);
#1944 = ORIENTED_EDGE('',*,*,#1814,.T.);
#1945 = ORIENTED_EDGE('',*,*,#1946,.T.);
#1946 = EDGE_CURVE('',#1815,#1919,#1947,.T.);
#1947 = LINE('',#1948,#1949);
#1948 = CARTESIAN_POINT('',(-1.59,-2.22,0.64));
#1949 = VECTOR('',#1950,1.);
#1950 = DIRECTION('',(-1.,0.,0.));
#1951 = PLANE('',#1952);
#1952 = AXIS2_PLACEMENT_3D('',#1953,#1954,#1955);
#1953 = CARTESIAN_POINT('',(-1.581171617162,-2.22,3.871171617162));
#1954 = DIRECTION('',(-0.,-1.,-0.));
#1955 = DIRECTION('',(0.,0.,-1.));
#1956 = ADVANCED_FACE('',(#1957),#2007,.T.);
#1957 = FACE_BOUND('',#1958,.T.);
#1958 = EDGE_LOOP('',(#1959,#1969,#1977,#1986,#1992,#1993,#2001));
#1959 = ORIENTED_EDGE('',*,*,#1960,.T.);
#1960 = EDGE_CURVE('',#1961,#1963,#1965,.T.);
#1961 = VERTEX_POINT('',#1962);
#1962 = CARTESIAN_POINT('',(3.61,-2.22,0.64));
#1963 = VERTEX_POINT('',#1964);
#1964 = CARTESIAN_POINT('',(3.61,-2.22,4.440892098501E-16));
#1965 = LINE('',#1966,#1967);
#1966 = CARTESIAN_POINT('',(3.61,-2.22,0.64));
#1967 = VECTOR('',#1968,1.);
#1968 = DIRECTION('',(0.,0.,-1.));
#1969 = ORIENTED_EDGE('',*,*,#1970,.T.);
#1970 = EDGE_CURVE('',#1963,#1971,#1973,.T.);
#1971 = VERTEX_POINT('',#1972);
#1972 = CARTESIAN_POINT('',(1.59,-2.22,4.440892098501E-16));
#1973 = LINE('',#1974,#1975);
#1974 = CARTESIAN_POINT('',(3.77,-2.22,5.551115123126E-16));
#1975 = VECTOR('',#1976,1.);
#1976 = DIRECTION('',(-1.,0.,0.));
#1977 = ORIENTED_EDGE('',*,*,#1978,.T.);
#1978 = EDGE_CURVE('',#1971,#1979,#1981,.T.);
#1979 = VERTEX_POINT('',#1980);
#1980 = CARTESIAN_POINT('',(0.95,-2.22,0.64));
#1981 = CIRCLE('',#1982,0.64);
#1982 = AXIS2_PLACEMENT_3D('',#1983,#1984,#1985);
#1983 = CARTESIAN_POINT('',(1.59,-2.22,0.64));
#1984 = DIRECTION('',(0.,1.,0.));
#1985 = DIRECTION('',(0.,0.,-1.));
#1986 = ORIENTED_EDGE('',*,*,#1987,.T.);
#1987 = EDGE_CURVE('',#1979,#560,#1988,.T.);
#1988 = LINE('',#1989,#1990);
#1989 = CARTESIAN_POINT('',(0.95,-2.22,5.551115123126E-16));
#1990 = VECTOR('',#1991,1.);
#1991 = DIRECTION('',(2.387576397043E-17,0.,1.));
#1992 = ORIENTED_EDGE('',*,*,#557,.F.);
#1993 = ORIENTED_EDGE('',*,*,#1994,.T.);
#1994 = EDGE_CURVE('',#558,#1995,#1997,.T.);
#1995 = VERTEX_POINT('',#1996);
#1996 = CARTESIAN_POINT('',(1.59,-2.22,0.64));
#1997 = LINE('',#1998,#1999);
#1998 = CARTESIAN_POINT('',(1.59,-2.22,9.3));
#1999 = VECTOR('',#2000,1.);
#2000 = DIRECTION('',(0.,0.,-1.));
#2001 = ORIENTED_EDGE('',*,*,#2002,.T.);
#2002 = EDGE_CURVE('',#1995,#1961,#2003,.T.);
#2003 = LINE('',#2004,#2005);
#2004 = CARTESIAN_POINT('',(1.59,-2.22,0.64));
#2005 = VECTOR('',#2006,1.);
#2006 = DIRECTION('',(1.,0.,0.));
#2007 = PLANE('',#2008);
#2008 = AXIS2_PLACEMENT_3D('',#2009,#2010,#2011);
#2009 = CARTESIAN_POINT('',(1.581171617162,-2.22,3.871171617162));
#2010 = DIRECTION('',(0.,1.,0.));
#2011 = DIRECTION('',(0.,-0.,1.));
#2012 = ADVANCED_FACE('',(#2013),#2031,.T.);
#2013 = FACE_BOUND('',#2014,.T.);
#2014 = EDGE_LOOP('',(#2015,#2016,#2024,#2030));
#2015 = ORIENTED_EDGE('',*,*,#1987,.F.);
#2016 = ORIENTED_EDGE('',*,*,#2017,.T.);
#2017 = EDGE_CURVE('',#1979,#2018,#2020,.T.);
#2018 = VERTEX_POINT('',#2019);
#2019 = CARTESIAN_POINT('',(0.95,-2.86,0.64));
#2020 = LINE('',#2021,#2022);
#2021 = CARTESIAN_POINT('',(0.95,-2.22,0.64));
#2022 = VECTOR('',#2023,1.);
#2023 = DIRECTION('',(0.,-1.,0.));
#2024 = ORIENTED_EDGE('',*,*,#2025,.T.);
#2025 = EDGE_CURVE('',#2018,#576,#2026,.T.);
#2026 = LINE('',#2027,#2028);
#2027 = CARTESIAN_POINT('',(0.95,-2.86,5.551115123126E-16));
#2028 = VECTOR('',#2029,1.);
#2029 = DIRECTION('',(2.387576397043E-17,0.,1.));
#2030 = ORIENTED_EDGE('',*,*,#583,.F.);
#2031 = PLANE('',#2032);
#2032 = AXIS2_PLACEMENT_3D('',#2033,#2034,#2035);
#2033 = CARTESIAN_POINT('',(0.95,-2.22,5.551115123126E-16));
#2034 = DIRECTION('',(-1.,0.,2.387576397043E-17));
#2035 = DIRECTION('',(2.387576397043E-17,0.,1.));
#2036 = ADVANCED_FACE('',(#2037),#2080,.F.);
#2037 = FACE_BOUND('',#2038,.F.);
#2038 = EDGE_LOOP('',(#2039,#2049,#2057,#2064,#2065,#2066,#2074));
#2039 = ORIENTED_EDGE('',*,*,#2040,.T.);
#2040 = EDGE_CURVE('',#2041,#2043,#2045,.T.);
#2041 = VERTEX_POINT('',#2042);
#2042 = CARTESIAN_POINT('',(3.61,-2.86,0.64));
#2043 = VERTEX_POINT('',#2044);
#2044 = CARTESIAN_POINT('',(3.61,-2.86,4.440892098501E-16));
#2045 = LINE('',#2046,#2047);
#2046 = CARTESIAN_POINT('',(3.61,-2.86,0.64));
#2047 = VECTOR('',#2048,1.);
#2048 = DIRECTION('',(0.,0.,-1.));
#2049 = ORIENTED_EDGE('',*,*,#2050,.T.);
#2050 = EDGE_CURVE('',#2043,#2051,#2053,.T.);
#2051 = VERTEX_POINT('',#2052);
#2052 = CARTESIAN_POINT('',(1.59,-2.86,4.440892098501E-16));
#2053 = LINE('',#2054,#2055);
#2054 = CARTESIAN_POINT('',(3.77,-2.86,5.551115123126E-16));
#2055 = VECTOR('',#2056,1.);
#2056 = DIRECTION('',(-1.,0.,0.));
#2057 = ORIENTED_EDGE('',*,*,#2058,.T.);
#2058 = EDGE_CURVE('',#2051,#2018,#2059,.T.);
#2059 = CIRCLE('',#2060,0.64);
#2060 = AXIS2_PLACEMENT_3D('',#2061,#2062,#2063);
#2061 = CARTESIAN_POINT('',(1.59,-2.86,0.64));
#2062 = DIRECTION('',(0.,1.,0.));
#2063 = DIRECTION('',(0.,0.,-1.));
#2064 = ORIENTED_EDGE('',*,*,#2025,.T.);
#2065 = ORIENTED_EDGE('',*,*,#575,.F.);
#2066 = ORIENTED_EDGE('',*,*,#2067,.T.);
#2067 = EDGE_CURVE('',#568,#2068,#2070,.T.);
#2068 = VERTEX_POINT('',#2069);
#2069 = CARTESIAN_POINT('',(1.59,-2.86,0.64));
#2070 = LINE('',#2071,#2072);
#2071 = CARTESIAN_POINT('',(1.59,-2.86,9.3));
#2072 = VECTOR('',#2073,1.);
#2073 = DIRECTION('',(0.,0.,-1.));
#2074 = ORIENTED_EDGE('',*,*,#2075,.T.);
#2075 = EDGE_CURVE('',#2068,#2041,#2076,.T.);
#2076 = LINE('',#2077,#2078);
#2077 = CARTESIAN_POINT('',(1.59,-2.86,0.64));
#2078 = VECTOR('',#2079,1.);
#2079 = DIRECTION('',(1.,0.,0.));
#2080 = PLANE('',#2081);
#2081 = AXIS2_PLACEMENT_3D('',#2082,#2083,#2084);
#2082 = CARTESIAN_POINT('',(1.581171617162,-2.86,3.871171617162));
#2083 = DIRECTION('',(0.,1.,0.));
#2084 = DIRECTION('',(0.,-0.,1.));
#2085 = ADVANCED_FACE('',(#2086),#2097,.T.);
#2086 = FACE_BOUND('',#2087,.T.);
#2087 = EDGE_LOOP('',(#2088,#2089,#2090,#2091));
#2088 = ORIENTED_EDGE('',*,*,#1994,.F.);
#2089 = ORIENTED_EDGE('',*,*,#567,.F.);
#2090 = ORIENTED_EDGE('',*,*,#2067,.T.);
#2091 = ORIENTED_EDGE('',*,*,#2092,.F.);
#2092 = EDGE_CURVE('',#1995,#2068,#2093,.T.);
#2093 = LINE('',#2094,#2095);
#2094 = CARTESIAN_POINT('',(1.59,-2.22,0.64));
#2095 = VECTOR('',#2096,1.);
#2096 = DIRECTION('',(0.,-1.,0.));
#2097 = PLANE('',#2098);
#2098 = AXIS2_PLACEMENT_3D('',#2099,#2100,#2101);
#2099 = CARTESIAN_POINT('',(1.59,-2.22,9.3));
#2100 = DIRECTION('',(1.,0.,0.));
#2101 = DIRECTION('',(0.,0.,-1.));
#2102 = ADVANCED_FACE('',(#2103),#2128,.F.);
#2103 = FACE_BOUND('',#2104,.F.);
#2104 = EDGE_LOOP('',(#2105,#2106,#2114,#2122));
#2105 = ORIENTED_EDGE('',*,*,#736,.T.);
#2106 = ORIENTED_EDGE('',*,*,#2107,.T.);
#2107 = EDGE_CURVE('',#739,#2108,#2110,.T.);
#2108 = VERTEX_POINT('',#2109);
#2109 = CARTESIAN_POINT('',(-0.95,0.32,9.14));
#2110 = LINE('',#2111,#2112);
#2111 = CARTESIAN_POINT('',(-0.95,0.32,5.551115123126E-16));
#2112 = VECTOR('',#2113,1.);
#2113 = DIRECTION('',(-2.387576397043E-17,0.,1.));
#2114 = ORIENTED_EDGE('',*,*,#2115,.T.);
#2115 = EDGE_CURVE('',#2108,#2116,#2118,.T.);
#2116 = VERTEX_POINT('',#2117);
#2117 = CARTESIAN_POINT('',(-1.59,0.32,9.14));
#2118 = LINE('',#2119,#2120);
#2119 = CARTESIAN_POINT('',(-0.95,0.32,9.14));
#2120 = VECTOR('',#2121,1.);
#2121 = DIRECTION('',(-1.,0.,0.));
#2122 = ORIENTED_EDGE('',*,*,#2123,.T.);
#2123 = EDGE_CURVE('',#2116,#737,#2124,.T.);
#2124 = LINE('',#2125,#2126);
#2125 = CARTESIAN_POINT('',(-1.59,0.32,9.3));
#2126 = VECTOR('',#2127,1.);
#2127 = DIRECTION('',(0.,0.,-1.));
#2128 = PLANE('',#2129);
#2129 = AXIS2_PLACEMENT_3D('',#2130,#2131,#2132);
#2130 = CARTESIAN_POINT('',(-1.581171617162,0.32,3.871171617162));
#2131 = DIRECTION('',(-0.,-1.,-0.));
#2132 = DIRECTION('',(0.,0.,-1.));
#2133 = ADVANCED_FACE('',(#2134),#2152,.F.);
#2134 = FACE_BOUND('',#2135,.F.);
#2135 = EDGE_LOOP('',(#2136,#2137,#2145,#2151));
#2136 = ORIENTED_EDGE('',*,*,#2123,.F.);
#2137 = ORIENTED_EDGE('',*,*,#2138,.T.);
#2138 = EDGE_CURVE('',#2116,#2139,#2141,.T.);
#2139 = VERTEX_POINT('',#2140);
#2140 = CARTESIAN_POINT('',(-1.59,-0.32,9.14));
#2141 = LINE('',#2142,#2143);
#2142 = CARTESIAN_POINT('',(-1.59,0.32,9.14));
#2143 = VECTOR('',#2144,1.);
#2144 = DIRECTION('',(0.,-1.,0.));
#2145 = ORIENTED_EDGE('',*,*,#2146,.T.);
#2146 = EDGE_CURVE('',#2139,#755,#2147,.T.);
#2147 = LINE('',#2148,#2149);
#2148 = CARTESIAN_POINT('',(-1.59,-0.32,9.3));
#2149 = VECTOR('',#2150,1.);
#2150 = DIRECTION('',(0.,0.,-1.));
#2151 = ORIENTED_EDGE('',*,*,#762,.T.);
#2152 = PLANE('',#2153);
#2153 = AXIS2_PLACEMENT_3D('',#2154,#2155,#2156);
#2154 = CARTESIAN_POINT('',(-1.59,0.32,9.3));
#2155 = DIRECTION('',(1.,0.,0.));
#2156 = DIRECTION('',(0.,0.,-1.));
#2157 = ADVANCED_FACE('',(#2158),#2176,.T.);
#2158 = FACE_BOUND('',#2159,.T.);
#2159 = EDGE_LOOP('',(#2160,#2161,#2169,#2175));
#2160 = ORIENTED_EDGE('',*,*,#754,.T.);
#2161 = ORIENTED_EDGE('',*,*,#2162,.T.);
#2162 = EDGE_CURVE('',#747,#2163,#2165,.T.);
#2163 = VERTEX_POINT('',#2164);
#2164 = CARTESIAN_POINT('',(-0.95,-0.32,9.14));
#2165 = LINE('',#2166,#2167);
#2166 = CARTESIAN_POINT('',(-0.95,-0.32,5.551115123126E-16));
#2167 = VECTOR('',#2168,1.);
#2168 = DIRECTION('',(-2.387576397043E-17,0.,1.));
#2169 = ORIENTED_EDGE('',*,*,#2170,.T.);
#2170 = EDGE_CURVE('',#2163,#2139,#2171,.T.);
#2171 = LINE('',#2172,#2173);
#2172 = CARTESIAN_POINT('',(-0.95,-0.32,9.14));
#2173 = VECTOR('',#2174,1.);
#2174 = DIRECTION('',(-1.,0.,0.));
#2175 = ORIENTED_EDGE('',*,*,#2146,.T.);
#2176 = PLANE('',#2177);
#2177 = AXIS2_PLACEMENT_3D('',#2178,#2179,#2180);
#2178 = CARTESIAN_POINT('',(-1.581171617162,-0.32,3.871171617162));
#2179 = DIRECTION('',(-0.,-1.,-0.));
#2180 = DIRECTION('',(0.,0.,-1.));
#2181 = ADVANCED_FACE('',(#2182),#2193,.F.);
#2182 = FACE_BOUND('',#2183,.F.);
#2183 = EDGE_LOOP('',(#2184,#2185,#2186,#2187));
#2184 = ORIENTED_EDGE('',*,*,#2107,.F.);
#2185 = ORIENTED_EDGE('',*,*,#746,.T.);
#2186 = ORIENTED_EDGE('',*,*,#2162,.T.);
#2187 = ORIENTED_EDGE('',*,*,#2188,.F.);
#2188 = EDGE_CURVE('',#2108,#2163,#2189,.T.);
#2189 = LINE('',#2190,#2191);
#2190 = CARTESIAN_POINT('',(-0.95,0.32,9.14));
#2191 = VECTOR('',#2192,1.);
#2192 = DIRECTION('',(0.,-1.,0.));
#2193 = PLANE('',#2194);
#2194 = AXIS2_PLACEMENT_3D('',#2195,#2196,#2197);
#2195 = CARTESIAN_POINT('',(-0.95,0.32,5.551115123126E-16));
#2196 = DIRECTION('',(-1.,-0.,-2.387576397043E-17));
#2197 = DIRECTION('',(-2.387576397043E-17,0.,1.));
#2198 = ADVANCED_FACE('',(#2199),#2224,.T.);
#2199 = FACE_BOUND('',#2200,.T.);
#2200 = EDGE_LOOP('',(#2201,#2202,#2210,#2218));
#2201 = ORIENTED_EDGE('',*,*,#770,.T.);
#2202 = ORIENTED_EDGE('',*,*,#2203,.T.);
#2203 = EDGE_CURVE('',#773,#2204,#2206,.T.);
#2204 = VERTEX_POINT('',#2205);
#2205 = CARTESIAN_POINT('',(0.95,0.32,9.14));
#2206 = LINE('',#2207,#2208);
#2207 = CARTESIAN_POINT('',(0.95,0.32,5.551115123126E-16));
#2208 = VECTOR('',#2209,1.);
#2209 = DIRECTION('',(2.387576397043E-17,0.,1.));
#2210 = ORIENTED_EDGE('',*,*,#2211,.T.);
#2211 = EDGE_CURVE('',#2204,#2212,#2214,.T.);
#2212 = VERTEX_POINT('',#2213);
#2213 = CARTESIAN_POINT('',(1.59,0.32,9.14));
#2214 = LINE('',#2215,#2216);
#2215 = CARTESIAN_POINT('',(0.95,0.32,9.14));
#2216 = VECTOR('',#2217,1.);
#2217 = DIRECTION('',(1.,0.,0.));
#2218 = ORIENTED_EDGE('',*,*,#2219,.T.);
#2219 = EDGE_CURVE('',#2212,#771,#2220,.T.);
#2220 = LINE('',#2221,#2222);
#2221 = CARTESIAN_POINT('',(1.59,0.32,9.3));
#2222 = VECTOR('',#2223,1.);
#2223 = DIRECTION('',(0.,0.,-1.));
#2224 = PLANE('',#2225);
#2225 = AXIS2_PLACEMENT_3D('',#2226,#2227,#2228);
#2226 = CARTESIAN_POINT('',(1.581171617162,0.32,3.871171617162));
#2227 = DIRECTION('',(0.,1.,0.));
#2228 = DIRECTION('',(0.,-0.,1.));
#2229 = ADVANCED_FACE('',(#2230),#2248,.T.);
#2230 = FACE_BOUND('',#2231,.T.);
#2231 = EDGE_LOOP('',(#2232,#2233,#2234,#2242));
#2232 = ORIENTED_EDGE('',*,*,#2203,.F.);
#2233 = ORIENTED_EDGE('',*,*,#796,.T.);
#2234 = ORIENTED_EDGE('',*,*,#2235,.T.);
#2235 = EDGE_CURVE('',#789,#2236,#2238,.T.);
#2236 = VERTEX_POINT('',#2237);
#2237 = CARTESIAN_POINT('',(0.95,-0.32,9.14));
#2238 = LINE('',#2239,#2240);
#2239 = CARTESIAN_POINT('',(0.95,-0.32,5.551115123126E-16));
#2240 = VECTOR('',#2241,1.);
#2241 = DIRECTION('',(2.387576397043E-17,0.,1.));
#2242 = ORIENTED_EDGE('',*,*,#2243,.F.);
#2243 = EDGE_CURVE('',#2204,#2236,#2244,.T.);
#2244 = LINE('',#2245,#2246);
#2245 = CARTESIAN_POINT('',(0.95,0.32,9.14));
#2246 = VECTOR('',#2247,1.);
#2247 = DIRECTION('',(0.,-1.,0.));
#2248 = PLANE('',#2249);
#2249 = AXIS2_PLACEMENT_3D('',#2250,#2251,#2252);
#2250 = CARTESIAN_POINT('',(0.95,0.32,5.551115123126E-16));
#2251 = DIRECTION('',(-1.,0.,2.387576397043E-17));
#2252 = DIRECTION('',(2.387576397043E-17,0.,1.));
#2253 = ADVANCED_FACE('',(#2254),#2272,.F.);
#2254 = FACE_BOUND('',#2255,.F.);
#2255 = EDGE_LOOP('',(#2256,#2257,#2258,#2266));
#2256 = ORIENTED_EDGE('',*,*,#788,.T.);
#2257 = ORIENTED_EDGE('',*,*,#2235,.T.);
#2258 = ORIENTED_EDGE('',*,*,#2259,.T.);
#2259 = EDGE_CURVE('',#2236,#2260,#2262,.T.);
#2260 = VERTEX_POINT('',#2261);
#2261 = CARTESIAN_POINT('',(1.59,-0.32,9.14));
#2262 = LINE('',#2263,#2264);
#2263 = CARTESIAN_POINT('',(0.95,-0.32,9.14));
#2264 = VECTOR('',#2265,1.);
#2265 = DIRECTION('',(1.,0.,0.));
#2266 = ORIENTED_EDGE('',*,*,#2267,.T.);
#2267 = EDGE_CURVE('',#2260,#781,#2268,.T.);
#2268 = LINE('',#2269,#2270);
#2269 = CARTESIAN_POINT('',(1.59,-0.32,9.3));
#2270 = VECTOR('',#2271,1.);
#2271 = DIRECTION('',(0.,0.,-1.));
#2272 = PLANE('',#2273);
#2273 = AXIS2_PLACEMENT_3D('',#2274,#2275,#2276);
#2274 = CARTESIAN_POINT('',(1.581171617162,-0.32,3.871171617162));
#2275 = DIRECTION('',(0.,1.,0.));
#2276 = DIRECTION('',(0.,-0.,1.));
#2277 = ADVANCED_FACE('',(#2278),#2289,.T.);
#2278 = FACE_BOUND('',#2279,.T.);
#2279 = EDGE_LOOP('',(#2280,#2281,#2287,#2288));
#2280 = ORIENTED_EDGE('',*,*,#2219,.F.);
#2281 = ORIENTED_EDGE('',*,*,#2282,.T.);
#2282 = EDGE_CURVE('',#2212,#2260,#2283,.T.);
#2283 = LINE('',#2284,#2285);
#2284 = CARTESIAN_POINT('',(1.59,0.32,9.14));
#2285 = VECTOR('',#2286,1.);
#2286 = DIRECTION('',(0.,-1.,0.));
#2287 = ORIENTED_EDGE('',*,*,#2267,.T.);
#2288 = ORIENTED_EDGE('',*,*,#780,.T.);
#2289 = PLANE('',#2290);
#2290 = AXIS2_PLACEMENT_3D('',#2291,#2292,#2293);
#2291 = CARTESIAN_POINT('',(1.59,0.32,9.3));
#2292 = DIRECTION('',(1.,0.,0.));
#2293 = DIRECTION('',(0.,0.,-1.));
#2294 = ADVANCED_FACE('',(#2295),#2320,.T.);
#2295 = FACE_BOUND('',#2296,.T.);
#2296 = EDGE_LOOP('',(#2297,#2305,#2313,#2319));
#2297 = ORIENTED_EDGE('',*,*,#2298,.F.);
#2298 = EDGE_CURVE('',#2299,#807,#2301,.T.);
#2299 = VERTEX_POINT('',#2300);
#2300 = CARTESIAN_POINT('',(1.59,2.86,9.14));
#2301 = LINE('',#2302,#2303);
#2302 = CARTESIAN_POINT('',(1.59,2.86,9.3));
#2303 = VECTOR('',#2304,1.);
#2304 = DIRECTION('',(0.,0.,-1.));
#2305 = ORIENTED_EDGE('',*,*,#2306,.T.);
#2306 = EDGE_CURVE('',#2299,#2307,#2309,.T.);
#2307 = VERTEX_POINT('',#2308);
#2308 = CARTESIAN_POINT('',(1.59,2.22,9.14));
#2309 = LINE('',#2310,#2311);
#2310 = CARTESIAN_POINT('',(1.59,2.86,9.14));
#2311 = VECTOR('',#2312,1.);
#2312 = DIRECTION('',(0.,-1.,0.));
#2313 = ORIENTED_EDGE('',*,*,#2314,.T.);
#2314 = EDGE_CURVE('',#2307,#805,#2315,.T.);
#2315 = LINE('',#2316,#2317);
#2316 = CARTESIAN_POINT('',(1.59,2.22,9.3));
#2317 = VECTOR('',#2318,1.);
#2318 = DIRECTION('',(0.,0.,-1.));
#2319 = ORIENTED_EDGE('',*,*,#804,.T.);
#2320 = PLANE('',#2321);
#2321 = AXIS2_PLACEMENT_3D('',#2322,#2323,#2324);
#2322 = CARTESIAN_POINT('',(1.59,2.86,9.3));
#2323 = DIRECTION('',(1.,0.,0.));
#2324 = DIRECTION('',(0.,0.,-1.));
#2325 = ADVANCED_FACE('',(#2326),#2344,.T.);
#2326 = FACE_BOUND('',#2327,.T.);
#2327 = EDGE_LOOP('',(#2328,#2329,#2337,#2343));
#2328 = ORIENTED_EDGE('',*,*,#830,.T.);
#2329 = ORIENTED_EDGE('',*,*,#2330,.T.);
#2330 = EDGE_CURVE('',#823,#2331,#2333,.T.);
#2331 = VERTEX_POINT('',#2332);
#2332 = CARTESIAN_POINT('',(0.95,2.86,9.14));
#2333 = LINE('',#2334,#2335);
#2334 = CARTESIAN_POINT('',(0.95,2.86,5.551115123126E-16));
#2335 = VECTOR('',#2336,1.);
#2336 = DIRECTION('',(2.387576397043E-17,0.,1.));
#2337 = ORIENTED_EDGE('',*,*,#2338,.T.);
#2338 = EDGE_CURVE('',#2331,#2299,#2339,.T.);
#2339 = LINE('',#2340,#2341);
#2340 = CARTESIAN_POINT('',(0.95,2.86,9.14));
#2341 = VECTOR('',#2342,1.);
#2342 = DIRECTION('',(1.,0.,0.));
#2343 = ORIENTED_EDGE('',*,*,#2298,.T.);
#2344 = PLANE('',#2345);
#2345 = AXIS2_PLACEMENT_3D('',#2346,#2347,#2348);
#2346 = CARTESIAN_POINT('',(1.581171617162,2.86,3.871171617162));
#2347 = DIRECTION('',(0.,1.,0.));
#2348 = DIRECTION('',(0.,-0.,1.));
#2349 = ADVANCED_FACE('',(#2350),#2368,.T.);
#2350 = FACE_BOUND('',#2351,.T.);
#2351 = EDGE_LOOP('',(#2352,#2353,#2354,#2362));
#2352 = ORIENTED_EDGE('',*,*,#2330,.F.);
#2353 = ORIENTED_EDGE('',*,*,#822,.T.);
#2354 = ORIENTED_EDGE('',*,*,#2355,.T.);
#2355 = EDGE_CURVE('',#815,#2356,#2358,.T.);
#2356 = VERTEX_POINT('',#2357);
#2357 = CARTESIAN_POINT('',(0.95,2.22,9.14));
#2358 = LINE('',#2359,#2360);
#2359 = CARTESIAN_POINT('',(0.95,2.22,5.551115123126E-16));
#2360 = VECTOR('',#2361,1.);
#2361 = DIRECTION('',(2.387576397043E-17,0.,1.));
#2362 = ORIENTED_EDGE('',*,*,#2363,.F.);
#2363 = EDGE_CURVE('',#2331,#2356,#2364,.T.);
#2364 = LINE('',#2365,#2366);
#2365 = CARTESIAN_POINT('',(0.95,2.86,9.14));
#2366 = VECTOR('',#2367,1.);
#2367 = DIRECTION('',(0.,-1.,0.));
#2368 = PLANE('',#2369);
#2369 = AXIS2_PLACEMENT_3D('',#2370,#2371,#2372);
#2370 = CARTESIAN_POINT('',(0.95,2.86,5.551115123126E-16));
#2371 = DIRECTION('',(-1.,0.,2.387576397043E-17));
#2372 = DIRECTION('',(2.387576397043E-17,0.,1.));
#2373 = ADVANCED_FACE('',(#2374),#2385,.F.);
#2374 = FACE_BOUND('',#2375,.F.);
#2375 = EDGE_LOOP('',(#2376,#2377,#2378,#2384));
#2376 = ORIENTED_EDGE('',*,*,#814,.T.);
#2377 = ORIENTED_EDGE('',*,*,#2355,.T.);
#2378 = ORIENTED_EDGE('',*,*,#2379,.T.);
#2379 = EDGE_CURVE('',#2356,#2307,#2380,.T.);
#2380 = LINE('',#2381,#2382);
#2381 = CARTESIAN_POINT('',(0.95,2.22,9.14));
#2382 = VECTOR('',#2383,1.);
#2383 = DIRECTION('',(1.,0.,0.));
#2384 = ORIENTED_EDGE('',*,*,#2314,.T.);
#2385 = PLANE('',#2386);
#2386 = AXIS2_PLACEMENT_3D('',#2387,#2388,#2389);
#2387 = CARTESIAN_POINT('',(1.581171617162,2.22,3.871171617162));
#2388 = DIRECTION('',(0.,1.,0.));
#2389 = DIRECTION('',(0.,-0.,1.));
#2390 = ADVANCED_FACE('',(#2391),#2416,.T.);
#2391 = FACE_BOUND('',#2392,.T.);
#2392 = EDGE_LOOP('',(#2393,#2394,#2402,#2410));
#2393 = ORIENTED_EDGE('',*,*,#838,.T.);
#2394 = ORIENTED_EDGE('',*,*,#2395,.T.);
#2395 = EDGE_CURVE('',#841,#2396,#2398,.T.);
#2396 = VERTEX_POINT('',#2397);
#2397 = CARTESIAN_POINT('',(-0.95,2.22,9.14));
#2398 = LINE('',#2399,#2400);
#2399 = CARTESIAN_POINT('',(-0.95,2.22,5.551115123126E-16));
#2400 = VECTOR('',#2401,1.);
#2401 = DIRECTION('',(-2.387576397043E-17,0.,1.));
#2402 = ORIENTED_EDGE('',*,*,#2403,.T.);
#2403 = EDGE_CURVE('',#2396,#2404,#2406,.T.);
#2404 = VERTEX_POINT('',#2405);
#2405 = CARTESIAN_POINT('',(-1.59,2.22,9.14));
#2406 = LINE('',#2407,#2408);
#2407 = CARTESIAN_POINT('',(-0.95,2.22,9.14));
#2408 = VECTOR('',#2409,1.);
#2409 = DIRECTION('',(-1.,0.,0.));
#2410 = ORIENTED_EDGE('',*,*,#2411,.T.);
#2411 = EDGE_CURVE('',#2404,#839,#2412,.T.);
#2412 = LINE('',#2413,#2414);
#2413 = CARTESIAN_POINT('',(-1.59,2.22,9.3));
#2414 = VECTOR('',#2415,1.);
#2415 = DIRECTION('',(0.,0.,-1.));
#2416 = PLANE('',#2417);
#2417 = AXIS2_PLACEMENT_3D('',#2418,#2419,#2420);
#2418 = CARTESIAN_POINT('',(-1.581171617162,2.22,3.871171617162));
#2419 = DIRECTION('',(-0.,-1.,-0.));
#2420 = DIRECTION('',(0.,0.,-1.));
#2421 = ADVANCED_FACE('',(#2422),#2440,.F.);
#2422 = FACE_BOUND('',#2423,.F.);
#2423 = EDGE_LOOP('',(#2424,#2432,#2433,#2434));
#2424 = ORIENTED_EDGE('',*,*,#2425,.F.);
#2425 = EDGE_CURVE('',#857,#2426,#2428,.T.);
#2426 = VERTEX_POINT('',#2427);
#2427 = CARTESIAN_POINT('',(-0.95,2.86,9.14));
#2428 = LINE('',#2429,#2430);
#2429 = CARTESIAN_POINT('',(-0.95,2.86,5.551115123126E-16));
#2430 = VECTOR('',#2431,1.);
#2431 = DIRECTION('',(-2.387576397043E-17,0.,1.));
#2432 = ORIENTED_EDGE('',*,*,#864,.T.);
#2433 = ORIENTED_EDGE('',*,*,#2395,.T.);
#2434 = ORIENTED_EDGE('',*,*,#2435,.F.);
#2435 = EDGE_CURVE('',#2426,#2396,#2436,.T.);
#2436 = LINE('',#2437,#2438);
#2437 = CARTESIAN_POINT('',(-0.95,2.86,9.14));
#2438 = VECTOR('',#2439,1.);
#2439 = DIRECTION('',(0.,-1.,0.));
#2440 = PLANE('',#2441);
#2441 = AXIS2_PLACEMENT_3D('',#2442,#2443,#2444);
#2442 = CARTESIAN_POINT('',(-0.95,2.86,5.551115123126E-16));
#2443 = DIRECTION('',(-1.,-0.,-2.387576397043E-17));
#2444 = DIRECTION('',(-2.387576397043E-17,0.,1.));
#2445 = ADVANCED_FACE('',(#2446),#2464,.F.);
#2446 = FACE_BOUND('',#2447,.F.);
#2447 = EDGE_LOOP('',(#2448,#2449,#2450,#2458));
#2448 = ORIENTED_EDGE('',*,*,#856,.T.);
#2449 = ORIENTED_EDGE('',*,*,#2425,.T.);
#2450 = ORIENTED_EDGE('',*,*,#2451,.T.);
#2451 = EDGE_CURVE('',#2426,#2452,#2454,.T.);
#2452 = VERTEX_POINT('',#2453);
#2453 = CARTESIAN_POINT('',(-1.59,2.86,9.14));
#2454 = LINE('',#2455,#2456);
#2455 = CARTESIAN_POINT('',(-0.95,2.86,9.14));
#2456 = VECTOR('',#2457,1.);
#2457 = DIRECTION('',(-1.,0.,0.));
#2458 = ORIENTED_EDGE('',*,*,#2459,.T.);
#2459 = EDGE_CURVE('',#2452,#849,#2460,.T.);
#2460 = LINE('',#2461,#2462);
#2461 = CARTESIAN_POINT('',(-1.59,2.86,9.3));
#2462 = VECTOR('',#2463,1.);
#2463 = DIRECTION('',(0.,0.,-1.));
#2464 = PLANE('',#2465);
#2465 = AXIS2_PLACEMENT_3D('',#2466,#2467,#2468);
#2466 = CARTESIAN_POINT('',(-1.581171617162,2.86,3.871171617162));
#2467 = DIRECTION('',(-0.,-1.,-0.));
#2468 = DIRECTION('',(0.,0.,-1.));
#2469 = ADVANCED_FACE('',(#2470),#2481,.F.);
#2470 = FACE_BOUND('',#2471,.F.);
#2471 = EDGE_LOOP('',(#2472,#2473,#2479,#2480));
#2472 = ORIENTED_EDGE('',*,*,#2459,.F.);
#2473 = ORIENTED_EDGE('',*,*,#2474,.T.);
#2474 = EDGE_CURVE('',#2452,#2404,#2475,.T.);
#2475 = LINE('',#2476,#2477);
#2476 = CARTESIAN_POINT('',(-1.59,2.86,9.14));
#2477 = VECTOR('',#2478,1.);
#2478 = DIRECTION('',(0.,-1.,0.));
#2479 = ORIENTED_EDGE('',*,*,#2411,.T.);
#2480 = ORIENTED_EDGE('',*,*,#848,.T.);
#2481 = PLANE('',#2482);
#2482 = AXIS2_PLACEMENT_3D('',#2483,#2484,#2485);
#2483 = CARTESIAN_POINT('',(-1.59,2.86,9.3));
#2484 = DIRECTION('',(1.,0.,0.));
#2485 = DIRECTION('',(0.,0.,-1.));
#2486 = ADVANCED_FACE('',(#2487),#2512,.F.);
#2487 = FACE_BOUND('',#2488,.F.);
#2488 = EDGE_LOOP('',(#2489,#2497,#2505,#2511));
#2489 = ORIENTED_EDGE('',*,*,#2490,.F.);
#2490 = EDGE_CURVE('',#2491,#875,#2493,.T.);
#2491 = VERTEX_POINT('',#2492);
#2492 = CARTESIAN_POINT('',(-1.59,-2.22,9.14));
#2493 = LINE('',#2494,#2495);
#2494 = CARTESIAN_POINT('',(-1.59,-2.22,9.3));
#2495 = VECTOR('',#2496,1.);
#2496 = DIRECTION('',(0.,0.,-1.));
#2497 = ORIENTED_EDGE('',*,*,#2498,.T.);
#2498 = EDGE_CURVE('',#2491,#2499,#2501,.T.);
#2499 = VERTEX_POINT('',#2500);
#2500 = CARTESIAN_POINT('',(-1.59,-2.86,9.14));
#2501 = LINE('',#2502,#2503);
#2502 = CARTESIAN_POINT('',(-1.59,-2.22,9.14));
#2503 = VECTOR('',#2504,1.);
#2504 = DIRECTION('',(0.,-1.,0.));
#2505 = ORIENTED_EDGE('',*,*,#2506,.T.);
#2506 = EDGE_CURVE('',#2499,#873,#2507,.T.);
#2507 = LINE('',#2508,#2509);
#2508 = CARTESIAN_POINT('',(-1.59,-2.86,9.3));
#2509 = VECTOR('',#2510,1.);
#2510 = DIRECTION('',(0.,0.,-1.));
#2511 = ORIENTED_EDGE('',*,*,#872,.T.);
#2512 = PLANE('',#2513);
#2513 = AXIS2_PLACEMENT_3D('',#2514,#2515,#2516);
#2514 = CARTESIAN_POINT('',(-1.59,-2.22,9.3));
#2515 = DIRECTION('',(1.,0.,0.));
#2516 = DIRECTION('',(0.,0.,-1.));
#2517 = ADVANCED_FACE('',(#2518),#2536,.T.);
#2518 = FACE_BOUND('',#2519,.T.);
#2519 = EDGE_LOOP('',(#2520,#2521,#2529,#2535));
#2520 = ORIENTED_EDGE('',*,*,#898,.T.);
#2521 = ORIENTED_EDGE('',*,*,#2522,.T.);
#2522 = EDGE_CURVE('',#891,#2523,#2525,.T.);
#2523 = VERTEX_POINT('',#2524);
#2524 = CARTESIAN_POINT('',(-0.95,-2.86,9.14));
#2525 = LINE('',#2526,#2527);
#2526 = CARTESIAN_POINT('',(-0.95,-2.86,5.551115123126E-16));
#2527 = VECTOR('',#2528,1.);
#2528 = DIRECTION('',(-2.387576397043E-17,0.,1.));
#2529 = ORIENTED_EDGE('',*,*,#2530,.T.);
#2530 = EDGE_CURVE('',#2523,#2499,#2531,.T.);
#2531 = LINE('',#2532,#2533);
#2532 = CARTESIAN_POINT('',(-0.95,-2.86,9.14));
#2533 = VECTOR('',#2534,1.);
#2534 = DIRECTION('',(-1.,0.,0.));
#2535 = ORIENTED_EDGE('',*,*,#2506,.T.);
#2536 = PLANE('',#2537);
#2537 = AXIS2_PLACEMENT_3D('',#2538,#2539,#2540);
#2538 = CARTESIAN_POINT('',(-1.581171617162,-2.86,3.871171617162));
#2539 = DIRECTION('',(-0.,-1.,-0.));
#2540 = DIRECTION('',(0.,0.,-1.));
#2541 = ADVANCED_FACE('',(#2542),#2560,.F.);
#2542 = FACE_BOUND('',#2543,.F.);
#2543 = EDGE_LOOP('',(#2544,#2552,#2553,#2554));
#2544 = ORIENTED_EDGE('',*,*,#2545,.F.);
#2545 = EDGE_CURVE('',#883,#2546,#2548,.T.);
#2546 = VERTEX_POINT('',#2547);
#2547 = CARTESIAN_POINT('',(-0.95,-2.22,9.14));
#2548 = LINE('',#2549,#2550);
#2549 = CARTESIAN_POINT('',(-0.95,-2.22,5.551115123126E-16));
#2550 = VECTOR('',#2551,1.);
#2551 = DIRECTION('',(-2.387576397043E-17,0.,1.));
#2552 = ORIENTED_EDGE('',*,*,#890,.T.);
#2553 = ORIENTED_EDGE('',*,*,#2522,.T.);
#2554 = ORIENTED_EDGE('',*,*,#2555,.F.);
#2555 = EDGE_CURVE('',#2546,#2523,#2556,.T.);
#2556 = LINE('',#2557,#2558);
#2557 = CARTESIAN_POINT('',(-0.95,-2.22,9.14));
#2558 = VECTOR('',#2559,1.);
#2559 = DIRECTION('',(0.,-1.,0.));
#2560 = PLANE('',#2561);
#2561 = AXIS2_PLACEMENT_3D('',#2562,#2563,#2564);
#2562 = CARTESIAN_POINT('',(-0.95,-2.22,5.551115123126E-16));
#2563 = DIRECTION('',(-1.,-0.,-2.387576397043E-17));
#2564 = DIRECTION('',(-2.387576397043E-17,0.,1.));
#2565 = ADVANCED_FACE('',(#2566),#2577,.F.);
#2566 = FACE_BOUND('',#2567,.F.);
#2567 = EDGE_LOOP('',(#2568,#2569,#2570,#2576));
#2568 = ORIENTED_EDGE('',*,*,#882,.T.);
#2569 = ORIENTED_EDGE('',*,*,#2545,.T.);
#2570 = ORIENTED_EDGE('',*,*,#2571,.T.);
#2571 = EDGE_CURVE('',#2546,#2491,#2572,.T.);
#2572 = LINE('',#2573,#2574);
#2573 = CARTESIAN_POINT('',(-0.95,-2.22,9.14));
#2574 = VECTOR('',#2575,1.);
#2575 = DIRECTION('',(-1.,0.,0.));
#2576 = ORIENTED_EDGE('',*,*,#2490,.T.);
#2577 = PLANE('',#2578);
#2578 = AXIS2_PLACEMENT_3D('',#2579,#2580,#2581);
#2579 = CARTESIAN_POINT('',(-1.581171617162,-2.22,3.871171617162));
#2580 = DIRECTION('',(-0.,-1.,-0.));
#2581 = DIRECTION('',(0.,0.,-1.));
#2582 = ADVANCED_FACE('',(#2583),#2608,.T.);
#2583 = FACE_BOUND('',#2584,.T.);
#2584 = EDGE_LOOP('',(#2585,#2586,#2594,#2602));
#2585 = ORIENTED_EDGE('',*,*,#906,.T.);
#2586 = ORIENTED_EDGE('',*,*,#2587,.T.);
#2587 = EDGE_CURVE('',#909,#2588,#2590,.T.);
#2588 = VERTEX_POINT('',#2589);
#2589 = CARTESIAN_POINT('',(0.95,-2.22,9.14));
#2590 = LINE('',#2591,#2592);
#2591 = CARTESIAN_POINT('',(0.95,-2.22,5.551115123126E-16));
#2592 = VECTOR('',#2593,1.);
#2593 = DIRECTION('',(2.387576397043E-17,0.,1.));
#2594 = ORIENTED_EDGE('',*,*,#2595,.T.);
#2595 = EDGE_CURVE('',#2588,#2596,#2598,.T.);
#2596 = VERTEX_POINT('',#2597);
#2597 = CARTESIAN_POINT('',(1.59,-2.22,9.14));
#2598 = LINE('',#2599,#2600);
#2599 = CARTESIAN_POINT('',(0.95,-2.22,9.14));
#2600 = VECTOR('',#2601,1.);
#2601 = DIRECTION('',(1.,0.,0.));
#2602 = ORIENTED_EDGE('',*,*,#2603,.T.);
#2603 = EDGE_CURVE('',#2596,#907,#2604,.T.);
#2604 = LINE('',#2605,#2606);
#2605 = CARTESIAN_POINT('',(1.59,-2.22,9.3));
#2606 = VECTOR('',#2607,1.);
#2607 = DIRECTION('',(0.,0.,-1.));
#2608 = PLANE('',#2609);
#2609 = AXIS2_PLACEMENT_3D('',#2610,#2611,#2612);
#2610 = CARTESIAN_POINT('',(1.581171617162,-2.22,3.871171617162));
#2611 = DIRECTION('',(0.,1.,0.));
#2612 = DIRECTION('',(0.,-0.,1.));
#2613 = ADVANCED_FACE('',(#2614),#2632,.T.);
#2614 = FACE_BOUND('',#2615,.T.);
#2615 = EDGE_LOOP('',(#2616,#2617,#2618,#2626));
#2616 = ORIENTED_EDGE('',*,*,#2587,.F.);
#2617 = ORIENTED_EDGE('',*,*,#932,.T.);
#2618 = ORIENTED_EDGE('',*,*,#2619,.T.);
#2619 = EDGE_CURVE('',#925,#2620,#2622,.T.);
#2620 = VERTEX_POINT('',#2621);
#2621 = CARTESIAN_POINT('',(0.95,-2.86,9.14));
#2622 = LINE('',#2623,#2624);
#2623 = CARTESIAN_POINT('',(0.95,-2.86,5.551115123126E-16));
#2624 = VECTOR('',#2625,1.);
#2625 = DIRECTION('',(2.387576397043E-17,0.,1.));
#2626 = ORIENTED_EDGE('',*,*,#2627,.F.);
#2627 = EDGE_CURVE('',#2588,#2620,#2628,.T.);
#2628 = LINE('',#2629,#2630);
#2629 = CARTESIAN_POINT('',(0.95,-2.22,9.14));
#2630 = VECTOR('',#2631,1.);
#2631 = DIRECTION('',(0.,-1.,0.));
#2632 = PLANE('',#2633);
#2633 = AXIS2_PLACEMENT_3D('',#2634,#2635,#2636);
#2634 = CARTESIAN_POINT('',(0.95,-2.22,5.551115123126E-16));
#2635 = DIRECTION('',(-1.,0.,2.387576397043E-17));
#2636 = DIRECTION('',(2.387576397043E-17,0.,1.));
#2637 = ADVANCED_FACE('',(#2638),#2656,.F.);
#2638 = FACE_BOUND('',#2639,.F.);
#2639 = EDGE_LOOP('',(#2640,#2641,#2642,#2650));
#2640 = ORIENTED_EDGE('',*,*,#924,.T.);
#2641 = ORIENTED_EDGE('',*,*,#2619,.T.);
#2642 = ORIENTED_EDGE('',*,*,#2643,.T.);
#2643 = EDGE_CURVE('',#2620,#2644,#2646,.T.);
#2644 = VERTEX_POINT('',#2645);
#2645 = CARTESIAN_POINT('',(1.59,-2.86,9.14));
#2646 = LINE('',#2647,#2648);
#2647 = CARTESIAN_POINT('',(0.95,-2.86,9.14));
#2648 = VECTOR('',#2649,1.);
#2649 = DIRECTION('',(1.,0.,0.));
#2650 = ORIENTED_EDGE('',*,*,#2651,.T.);
#2651 = EDGE_CURVE('',#2644,#917,#2652,.T.);
#2652 = LINE('',#2653,#2654);
#2653 = CARTESIAN_POINT('',(1.59,-2.86,9.3));
#2654 = VECTOR('',#2655,1.);
#2655 = DIRECTION('',(0.,0.,-1.));
#2656 = PLANE('',#2657);
#2657 = AXIS2_PLACEMENT_3D('',#2658,#2659,#2660);
#2658 = CARTESIAN_POINT('',(1.581171617162,-2.86,3.871171617162));
#2659 = DIRECTION('',(0.,1.,0.));
#2660 = DIRECTION('',(0.,-0.,1.));
#2661 = ADVANCED_FACE('',(#2662),#2673,.T.);
#2662 = FACE_BOUND('',#2663,.T.);
#2663 = EDGE_LOOP('',(#2664,#2665,#2671,#2672));
#2664 = ORIENTED_EDGE('',*,*,#2603,.F.);
#2665 = ORIENTED_EDGE('',*,*,#2666,.T.);
#2666 = EDGE_CURVE('',#2596,#2644,#2667,.T.);
#2667 = LINE('',#2668,#2669);
#2668 = CARTESIAN_POINT('',(1.59,-2.22,9.14));
#2669 = VECTOR('',#2670,1.);
#2670 = DIRECTION('',(0.,-1.,0.));
#2671 = ORIENTED_EDGE('',*,*,#2651,.T.);
#2672 = ORIENTED_EDGE('',*,*,#916,.T.);
#2673 = PLANE('',#2674);
#2674 = AXIS2_PLACEMENT_3D('',#2675,#2676,#2677);
#2675 = CARTESIAN_POINT('',(1.59,-2.22,9.3));
#2676 = DIRECTION('',(1.,0.,0.));
#2677 = DIRECTION('',(0.,0.,-1.));
#2678 = ADVANCED_FACE('',(#2679),#2704,.T.);
#2679 = FACE_BOUND('',#2680,.T.);
#2680 = EDGE_LOOP('',(#2681,#2689,#2690,#2698));
#2681 = ORIENTED_EDGE('',*,*,#2682,.F.);
#2682 = EDGE_CURVE('',#1231,#2683,#2685,.T.);
#2683 = VERTEX_POINT('',#2684);
#2684 = CARTESIAN_POINT('',(-3.77,0.16,0.48));
#2685 = LINE('',#2686,#2687);
#2686 = CARTESIAN_POINT('',(-3.663333333333,0.266666666667,
    0.586666666667));
#2687 = VECTOR('',#2688,1.);
#2688 = DIRECTION('',(-0.57735026919,-0.57735026919,-0.57735026919));
#2689 = ORIENTED_EDGE('',*,*,#1230,.T.);
#2690 = ORIENTED_EDGE('',*,*,#2691,.T.);
#2691 = EDGE_CURVE('',#1233,#2692,#2694,.T.);
#2692 = VERTEX_POINT('',#2693);
#2693 = CARTESIAN_POINT('',(-3.77,0.16,0.16));
#2694 = LINE('',#2695,#2696);
#2695 = CARTESIAN_POINT('',(-3.77,0.16,0.16));
#2696 = VECTOR('',#2697,1.);
#2697 = DIRECTION('',(-0.57735026919,-0.57735026919,0.57735026919));
#2698 = ORIENTED_EDGE('',*,*,#2699,.F.);
#2699 = EDGE_CURVE('',#2683,#2692,#2700,.T.);
#2700 = LINE('',#2701,#2702);
#2701 = CARTESIAN_POINT('',(-3.77,0.16,0.64));
#2702 = VECTOR('',#2703,1.);
#2703 = DIRECTION('',(0.,0.,-1.));
#2704 = PLANE('',#2705);
#2705 = AXIS2_PLACEMENT_3D('',#2706,#2707,#2708);
#2706 = CARTESIAN_POINT('',(-3.69,0.24,0.64));
#2707 = DIRECTION('',(-0.707106781187,0.707106781187,0.));
#2708 = DIRECTION('',(0.,0.,-1.));
#2709 = ADVANCED_FACE('',(#2710),#2721,.F.);
#2710 = FACE_BOUND('',#2711,.F.);
#2711 = EDGE_LOOP('',(#2712,#2713,#2714,#2715));
#2712 = ORIENTED_EDGE('',*,*,#1272,.F.);
#2713 = ORIENTED_EDGE('',*,*,#1296,.T.);
#2714 = ORIENTED_EDGE('',*,*,#1345,.T.);
#2715 = ORIENTED_EDGE('',*,*,#2716,.F.);
#2716 = EDGE_CURVE('',#1231,#1311,#2717,.T.);
#2717 = LINE('',#2718,#2719);
#2718 = CARTESIAN_POINT('',(-3.61,0.32,0.64));
#2719 = VECTOR('',#2720,1.);
#2720 = DIRECTION('',(0.,-1.,0.));
#2721 = PLANE('',#2722);
#2722 = AXIS2_PLACEMENT_3D('',#2723,#2724,#2725);
#2723 = CARTESIAN_POINT('',(-1.59,0.32,0.64));
#2724 = DIRECTION('',(-0.,-0.,-1.));
#2725 = DIRECTION('',(-1.,0.,0.));
#2726 = ADVANCED_FACE('',(#2727),#2738,.T.);
#2727 = FACE_BOUND('',#2728,.T.);
#2728 = EDGE_LOOP('',(#2729,#2730,#2731,#2732));
#2729 = ORIENTED_EDGE('',*,*,#1248,.T.);
#2730 = ORIENTED_EDGE('',*,*,#1360,.T.);
#2731 = ORIENTED_EDGE('',*,*,#1328,.F.);
#2732 = ORIENTED_EDGE('',*,*,#2733,.F.);
#2733 = EDGE_CURVE('',#1241,#1321,#2734,.T.);
#2734 = LINE('',#2735,#2736);
#2735 = CARTESIAN_POINT('',(-1.59,0.32,4.440892098501E-16));
#2736 = VECTOR('',#2737,1.);
#2737 = DIRECTION('',(0.,-1.,0.));
#2738 = CYLINDRICAL_SURFACE('',#2739,0.64);
#2739 = AXIS2_PLACEMENT_3D('',#2740,#2741,#2742);
#2740 = CARTESIAN_POINT('',(-1.59,0.32,0.64));
#2741 = DIRECTION('',(0.,-1.,0.));
#2742 = DIRECTION('',(0.,0.,-1.));
#2743 = ADVANCED_FACE('',(#2744),#2755,.F.);
#2744 = FACE_BOUND('',#2745,.F.);
#2745 = EDGE_LOOP('',(#2746,#2747,#2753,#2754));
#2746 = ORIENTED_EDGE('',*,*,#1240,.F.);
#2747 = ORIENTED_EDGE('',*,*,#2748,.T.);
#2748 = EDGE_CURVE('',#1233,#1313,#2749,.T.);
#2749 = LINE('',#2750,#2751);
#2750 = CARTESIAN_POINT('',(-3.61,0.32,5.551115123126E-16));
#2751 = VECTOR('',#2752,1.);
#2752 = DIRECTION('',(0.,-1.,0.));
#2753 = ORIENTED_EDGE('',*,*,#1320,.T.);
#2754 = ORIENTED_EDGE('',*,*,#2733,.F.);
#2755 = PLANE('',#2756);
#2756 = AXIS2_PLACEMENT_3D('',#2757,#2758,#2759);
#2757 = CARTESIAN_POINT('',(-3.77,0.32,5.551115123126E-16));
#2758 = DIRECTION('',(0.,0.,1.));
#2759 = DIRECTION('',(1.,0.,-0.));
#2760 = ADVANCED_FACE('',(#2761),#2786,.F.);
#2761 = FACE_BOUND('',#2762,.T.);
#2762 = EDGE_LOOP('',(#2763,#2771,#2779,#2785));
#2763 = ORIENTED_EDGE('',*,*,#2764,.T.);
#2764 = EDGE_CURVE('',#1311,#2765,#2767,.T.);
#2765 = VERTEX_POINT('',#2766);
#2766 = CARTESIAN_POINT('',(-3.77,-0.16,0.48));
#2767 = LINE('',#2768,#2769);
#2768 = CARTESIAN_POINT('',(-3.77,-0.16,0.48));
#2769 = VECTOR('',#2770,1.);
#2770 = DIRECTION('',(-0.57735026919,0.57735026919,-0.57735026919));
#2771 = ORIENTED_EDGE('',*,*,#2772,.T.);
#2772 = EDGE_CURVE('',#2765,#2773,#2775,.T.);
#2773 = VERTEX_POINT('',#2774);
#2774 = CARTESIAN_POINT('',(-3.77,-0.16,0.16));
#2775 = LINE('',#2776,#2777);
#2776 = CARTESIAN_POINT('',(-3.77,-0.16,0.64));
#2777 = VECTOR('',#2778,1.);
#2778 = DIRECTION('',(0.,0.,-1.));
#2779 = ORIENTED_EDGE('',*,*,#2780,.T.);
#2780 = EDGE_CURVE('',#2773,#1313,#2781,.T.);
#2781 = LINE('',#2782,#2783);
#2782 = CARTESIAN_POINT('',(-3.876666666667,-5.333333333333E-02,
    0.266666666667));
#2783 = VECTOR('',#2784,1.);
#2784 = DIRECTION('',(0.57735026919,-0.57735026919,-0.57735026919));
#2785 = ORIENTED_EDGE('',*,*,#1310,.F.);
#2786 = PLANE('',#2787);
#2787 = AXIS2_PLACEMENT_3D('',#2788,#2789,#2790);
#2788 = CARTESIAN_POINT('',(-3.69,-0.24,0.64));
#2789 = DIRECTION('',(0.707106781187,0.707106781187,0.));
#2790 = DIRECTION('',(0.,-0.,1.));
#2791 = ADVANCED_FACE('',(#2792),#2817,.T.);
#2792 = FACE_BOUND('',#2793,.F.);
#2793 = EDGE_LOOP('',(#2794,#2802,#2803,#2811));
#2794 = ORIENTED_EDGE('',*,*,#2795,.F.);
#2795 = EDGE_CURVE('',#1377,#2796,#2798,.T.);
#2796 = VERTEX_POINT('',#2797);
#2797 = CARTESIAN_POINT('',(3.77,0.16,0.48));
#2798 = LINE('',#2799,#2800);
#2799 = CARTESIAN_POINT('',(3.663333333333,0.266666666667,0.586666666667
    ));
#2800 = VECTOR('',#2801,1.);
#2801 = DIRECTION('',(0.57735026919,-0.57735026919,-0.57735026919));
#2802 = ORIENTED_EDGE('',*,*,#1376,.T.);
#2803 = ORIENTED_EDGE('',*,*,#2804,.T.);
#2804 = EDGE_CURVE('',#1379,#2805,#2807,.T.);
#2805 = VERTEX_POINT('',#2806);
#2806 = CARTESIAN_POINT('',(3.77,0.16,0.16));
#2807 = LINE('',#2808,#2809);
#2808 = CARTESIAN_POINT('',(3.77,0.16,0.16));
#2809 = VECTOR('',#2810,1.);
#2810 = DIRECTION('',(0.57735026919,-0.57735026919,0.57735026919));
#2811 = ORIENTED_EDGE('',*,*,#2812,.F.);
#2812 = EDGE_CURVE('',#2796,#2805,#2813,.T.);
#2813 = LINE('',#2814,#2815);
#2814 = CARTESIAN_POINT('',(3.77,0.16,0.64));
#2815 = VECTOR('',#2816,1.);
#2816 = DIRECTION('',(0.,0.,-1.));
#2817 = PLANE('',#2818);
#2818 = AXIS2_PLACEMENT_3D('',#2819,#2820,#2821);
#2819 = CARTESIAN_POINT('',(3.69,0.24,0.64));
#2820 = DIRECTION('',(0.707106781187,0.707106781187,0.));
#2821 = DIRECTION('',(0.,-0.,1.));
#2822 = ADVANCED_FACE('',(#2823),#2834,.T.);
#2823 = FACE_BOUND('',#2824,.T.);
#2824 = EDGE_LOOP('',(#2825,#2826,#2827,#2828));
#2825 = ORIENTED_EDGE('',*,*,#1418,.F.);
#2826 = ORIENTED_EDGE('',*,*,#1508,.T.);
#2827 = ORIENTED_EDGE('',*,*,#1491,.T.);
#2828 = ORIENTED_EDGE('',*,*,#2829,.F.);
#2829 = EDGE_CURVE('',#1377,#1457,#2830,.T.);
#2830 = LINE('',#2831,#2832);
#2831 = CARTESIAN_POINT('',(3.61,0.32,0.64));
#2832 = VECTOR('',#2833,1.);
#2833 = DIRECTION('',(0.,-1.,0.));
#2834 = PLANE('',#2835);
#2835 = AXIS2_PLACEMENT_3D('',#2836,#2837,#2838);
#2836 = CARTESIAN_POINT('',(1.59,0.32,0.64));
#2837 = DIRECTION('',(0.,0.,1.));
#2838 = DIRECTION('',(1.,0.,-0.));
#2839 = ADVANCED_FACE('',(#2840),#2851,.T.);
#2840 = FACE_BOUND('',#2841,.T.);
#2841 = EDGE_LOOP('',(#2842,#2848,#2849,#2850));
#2842 = ORIENTED_EDGE('',*,*,#2843,.T.);
#2843 = EDGE_CURVE('',#1387,#1467,#2844,.T.);
#2844 = LINE('',#2845,#2846);
#2845 = CARTESIAN_POINT('',(1.59,0.32,4.440892098501E-16));
#2846 = VECTOR('',#2847,1.);
#2847 = DIRECTION('',(0.,-1.,0.));
#2848 = ORIENTED_EDGE('',*,*,#1474,.T.);
#2849 = ORIENTED_EDGE('',*,*,#1433,.F.);
#2850 = ORIENTED_EDGE('',*,*,#1394,.F.);
#2851 = CYLINDRICAL_SURFACE('',#2852,0.64);
#2852 = AXIS2_PLACEMENT_3D('',#2853,#2854,#2855);
#2853 = CARTESIAN_POINT('',(1.59,0.32,0.64));
#2854 = DIRECTION('',(0.,-1.,0.));
#2855 = DIRECTION('',(-0.,-0.,-1.));
#2856 = ADVANCED_FACE('',(#2857),#2868,.T.);
#2857 = FACE_BOUND('',#2858,.T.);
#2858 = EDGE_LOOP('',(#2859,#2860,#2866,#2867));
#2859 = ORIENTED_EDGE('',*,*,#1386,.F.);
#2860 = ORIENTED_EDGE('',*,*,#2861,.T.);
#2861 = EDGE_CURVE('',#1379,#1459,#2862,.T.);
#2862 = LINE('',#2863,#2864);
#2863 = CARTESIAN_POINT('',(3.61,0.32,5.551115123126E-16));
#2864 = VECTOR('',#2865,1.);
#2865 = DIRECTION('',(0.,-1.,0.));
#2866 = ORIENTED_EDGE('',*,*,#1466,.T.);
#2867 = ORIENTED_EDGE('',*,*,#2843,.F.);
#2868 = PLANE('',#2869);
#2869 = AXIS2_PLACEMENT_3D('',#2870,#2871,#2872);
#2870 = CARTESIAN_POINT('',(3.77,0.32,5.551115123126E-16));
#2871 = DIRECTION('',(-0.,-0.,-1.));
#2872 = DIRECTION('',(-1.,0.,0.));
#2873 = ADVANCED_FACE('',(#2874),#2899,.F.);
#2874 = FACE_BOUND('',#2875,.F.);
#2875 = EDGE_LOOP('',(#2876,#2884,#2892,#2898));
#2876 = ORIENTED_EDGE('',*,*,#2877,.F.);
#2877 = EDGE_CURVE('',#2878,#1457,#2880,.T.);
#2878 = VERTEX_POINT('',#2879);
#2879 = CARTESIAN_POINT('',(3.77,-0.16,0.48));
#2880 = LINE('',#2881,#2882);
#2881 = CARTESIAN_POINT('',(3.77,-0.16,0.48));
#2882 = VECTOR('',#2883,1.);
#2883 = DIRECTION('',(-0.57735026919,-0.57735026919,0.57735026919));
#2884 = ORIENTED_EDGE('',*,*,#2885,.T.);
#2885 = EDGE_CURVE('',#2878,#2886,#2888,.T.);
#2886 = VERTEX_POINT('',#2887);
#2887 = CARTESIAN_POINT('',(3.77,-0.16,0.16));
#2888 = LINE('',#2889,#2890);
#2889 = CARTESIAN_POINT('',(3.77,-0.16,0.64));
#2890 = VECTOR('',#2891,1.);
#2891 = DIRECTION('',(0.,0.,-1.));
#2892 = ORIENTED_EDGE('',*,*,#2893,.T.);
#2893 = EDGE_CURVE('',#2886,#1459,#2894,.T.);
#2894 = LINE('',#2895,#2896);
#2895 = CARTESIAN_POINT('',(3.876666666667,-5.333333333333E-02,
    0.266666666667));
#2896 = VECTOR('',#2897,1.);
#2897 = DIRECTION('',(-0.57735026919,-0.57735026919,-0.57735026919));
#2898 = ORIENTED_EDGE('',*,*,#1456,.F.);
#2899 = PLANE('',#2900);
#2900 = AXIS2_PLACEMENT_3D('',#2901,#2902,#2903);
#2901 = CARTESIAN_POINT('',(3.69,-0.24,0.64));
#2902 = DIRECTION('',(-0.707106781187,0.707106781187,0.));
#2903 = DIRECTION('',(0.,0.,-1.));
#2904 = ADVANCED_FACE('',(#2905),#2916,.T.);
#2905 = FACE_BOUND('',#2906,.T.);
#2906 = EDGE_LOOP('',(#2907,#2908,#2909,#2910));
#2907 = ORIENTED_EDGE('',*,*,#1588,.F.);
#2908 = ORIENTED_EDGE('',*,*,#1539,.T.);
#2909 = ORIENTED_EDGE('',*,*,#1654,.T.);
#2910 = ORIENTED_EDGE('',*,*,#2911,.F.);
#2911 = EDGE_CURVE('',#1554,#1627,#2912,.T.);
#2912 = LINE('',#2913,#2914);
#2913 = CARTESIAN_POINT('',(3.61,2.86,0.64));
#2914 = VECTOR('',#2915,1.);
#2915 = DIRECTION('',(0.,-1.,0.));
#2916 = PLANE('',#2917);
#2917 = AXIS2_PLACEMENT_3D('',#2918,#2919,#2920);
#2918 = CARTESIAN_POINT('',(1.59,2.86,0.64));
#2919 = DIRECTION('',(0.,0.,1.));
#2920 = DIRECTION('',(1.,0.,-0.));
#2921 = ADVANCED_FACE('',(#2922),#2947,.T.);
#2922 = FACE_BOUND('',#2923,.F.);
#2923 = EDGE_LOOP('',(#2924,#2932,#2933,#2941));
#2924 = ORIENTED_EDGE('',*,*,#2925,.F.);
#2925 = EDGE_CURVE('',#1554,#2926,#2928,.T.);
#2926 = VERTEX_POINT('',#2927);
#2927 = CARTESIAN_POINT('',(3.77,2.7,0.48));
#2928 = LINE('',#2929,#2930);
#2929 = CARTESIAN_POINT('',(3.663333333333,2.806666666667,0.586666666667
    ));
#2930 = VECTOR('',#2931,1.);
#2931 = DIRECTION('',(0.57735026919,-0.57735026919,-0.57735026919));
#2932 = ORIENTED_EDGE('',*,*,#1553,.T.);
#2933 = ORIENTED_EDGE('',*,*,#2934,.T.);
#2934 = EDGE_CURVE('',#1556,#2935,#2937,.T.);
#2935 = VERTEX_POINT('',#2936);
#2936 = CARTESIAN_POINT('',(3.77,2.7,0.16));
#2937 = LINE('',#2938,#2939);
#2938 = CARTESIAN_POINT('',(3.77,2.7,0.16));
#2939 = VECTOR('',#2940,1.);
#2940 = DIRECTION('',(0.57735026919,-0.57735026919,0.57735026919));
#2941 = ORIENTED_EDGE('',*,*,#2942,.F.);
#2942 = EDGE_CURVE('',#2926,#2935,#2943,.T.);
#2943 = LINE('',#2944,#2945);
#2944 = CARTESIAN_POINT('',(3.77,2.7,0.64));
#2945 = VECTOR('',#2946,1.);
#2946 = DIRECTION('',(0.,0.,-1.));
#2947 = PLANE('',#2948);
#2948 = AXIS2_PLACEMENT_3D('',#2949,#2950,#2951);
#2949 = CARTESIAN_POINT('',(3.69,2.78,0.64));
#2950 = DIRECTION('',(0.707106781187,0.707106781187,0.));
#2951 = DIRECTION('',(0.,-0.,1.));
#2952 = ADVANCED_FACE('',(#2953),#2964,.T.);
#2953 = FACE_BOUND('',#2954,.T.);
#2954 = EDGE_LOOP('',(#2955,#2961,#2962,#2963));
#2955 = ORIENTED_EDGE('',*,*,#2956,.T.);
#2956 = EDGE_CURVE('',#1564,#1637,#2957,.T.);
#2957 = LINE('',#2958,#2959);
#2958 = CARTESIAN_POINT('',(1.59,2.86,4.440892098501E-16));
#2959 = VECTOR('',#2960,1.);
#2960 = DIRECTION('',(0.,-1.,0.));
#2961 = ORIENTED_EDGE('',*,*,#1644,.T.);
#2962 = ORIENTED_EDGE('',*,*,#1603,.F.);
#2963 = ORIENTED_EDGE('',*,*,#1571,.F.);
#2964 = CYLINDRICAL_SURFACE('',#2965,0.64);
#2965 = AXIS2_PLACEMENT_3D('',#2966,#2967,#2968);
#2966 = CARTESIAN_POINT('',(1.59,2.86,0.64));
#2967 = DIRECTION('',(0.,-1.,0.));
#2968 = DIRECTION('',(-0.,-0.,-1.));
#2969 = ADVANCED_FACE('',(#2970),#2981,.T.);
#2970 = FACE_BOUND('',#2971,.T.);
#2971 = EDGE_LOOP('',(#2972,#2973,#2979,#2980));
#2972 = ORIENTED_EDGE('',*,*,#1563,.F.);
#2973 = ORIENTED_EDGE('',*,*,#2974,.T.);
#2974 = EDGE_CURVE('',#1556,#1629,#2975,.T.);
#2975 = LINE('',#2976,#2977);
#2976 = CARTESIAN_POINT('',(3.61,2.86,5.551115123126E-16));
#2977 = VECTOR('',#2978,1.);
#2978 = DIRECTION('',(0.,-1.,0.));
#2979 = ORIENTED_EDGE('',*,*,#1636,.T.);
#2980 = ORIENTED_EDGE('',*,*,#2956,.F.);
#2981 = PLANE('',#2982);
#2982 = AXIS2_PLACEMENT_3D('',#2983,#2984,#2985);
#2983 = CARTESIAN_POINT('',(3.77,2.86,5.551115123126E-16));
#2984 = DIRECTION('',(-0.,-0.,-1.));
#2985 = DIRECTION('',(-1.,0.,0.));
#2986 = ADVANCED_FACE('',(#2987),#3012,.F.);
#2987 = FACE_BOUND('',#2988,.F.);
#2988 = EDGE_LOOP('',(#2989,#2997,#3005,#3011));
#2989 = ORIENTED_EDGE('',*,*,#2990,.F.);
#2990 = EDGE_CURVE('',#2991,#1627,#2993,.T.);
#2991 = VERTEX_POINT('',#2992);
#2992 = CARTESIAN_POINT('',(3.77,2.38,0.48));
#2993 = LINE('',#2994,#2995);
#2994 = CARTESIAN_POINT('',(3.77,2.38,0.48));
#2995 = VECTOR('',#2996,1.);
#2996 = DIRECTION('',(-0.57735026919,-0.57735026919,0.57735026919));
#2997 = ORIENTED_EDGE('',*,*,#2998,.T.);
#2998 = EDGE_CURVE('',#2991,#2999,#3001,.T.);
#2999 = VERTEX_POINT('',#3000);
#3000 = CARTESIAN_POINT('',(3.77,2.38,0.16));
#3001 = LINE('',#3002,#3003);
#3002 = CARTESIAN_POINT('',(3.77,2.38,0.64));
#3003 = VECTOR('',#3004,1.);
#3004 = DIRECTION('',(0.,0.,-1.));
#3005 = ORIENTED_EDGE('',*,*,#3006,.T.);
#3006 = EDGE_CURVE('',#2999,#1629,#3007,.T.);
#3007 = LINE('',#3008,#3009);
#3008 = CARTESIAN_POINT('',(3.876666666667,2.486666666667,0.266666666667
    ));
#3009 = VECTOR('',#3010,1.);
#3010 = DIRECTION('',(-0.57735026919,-0.57735026919,-0.57735026919));
#3011 = ORIENTED_EDGE('',*,*,#1626,.F.);
#3012 = PLANE('',#3013);
#3013 = AXIS2_PLACEMENT_3D('',#3014,#3015,#3016);
#3014 = CARTESIAN_POINT('',(3.69,2.3,0.64));
#3015 = DIRECTION('',(-0.707106781187,0.707106781187,0.));
#3016 = DIRECTION('',(0.,0.,-1.));
#3017 = ADVANCED_FACE('',(#3018),#3043,.F.);
#3018 = FACE_BOUND('',#3019,.T.);
#3019 = EDGE_LOOP('',(#3020,#3028,#3036,#3042));
#3020 = ORIENTED_EDGE('',*,*,#3021,.T.);
#3021 = EDGE_CURVE('',#1669,#3022,#3024,.T.);
#3022 = VERTEX_POINT('',#3023);
#3023 = CARTESIAN_POINT('',(-3.77,2.38,0.48));
#3024 = LINE('',#3025,#3026);
#3025 = CARTESIAN_POINT('',(-3.77,2.38,0.48));
#3026 = VECTOR('',#3027,1.);
#3027 = DIRECTION('',(-0.57735026919,0.57735026919,-0.57735026919));
#3028 = ORIENTED_EDGE('',*,*,#3029,.T.);
#3029 = EDGE_CURVE('',#3022,#3030,#3032,.T.);
#3030 = VERTEX_POINT('',#3031);
#3031 = CARTESIAN_POINT('',(-3.77,2.38,0.16));
#3032 = LINE('',#3033,#3034);
#3033 = CARTESIAN_POINT('',(-3.77,2.38,0.64));
#3034 = VECTOR('',#3035,1.);
#3035 = DIRECTION('',(0.,0.,-1.));
#3036 = ORIENTED_EDGE('',*,*,#3037,.T.);
#3037 = EDGE_CURVE('',#3030,#1671,#3038,.T.);
#3038 = LINE('',#3039,#3040);
#3039 = CARTESIAN_POINT('',(-3.876666666667,2.486666666667,
    0.266666666667));
#3040 = VECTOR('',#3041,1.);
#3041 = DIRECTION('',(0.57735026919,-0.57735026919,-0.57735026919));
#3042 = ORIENTED_EDGE('',*,*,#1668,.F.);
#3043 = PLANE('',#3044);
#3044 = AXIS2_PLACEMENT_3D('',#3045,#3046,#3047);
#3045 = CARTESIAN_POINT('',(-3.69,2.3,0.64));
#3046 = DIRECTION('',(0.707106781187,0.707106781187,0.));
#3047 = DIRECTION('',(0.,-0.,1.));
#3048 = ADVANCED_FACE('',(#3049),#3060,.F.);
#3049 = FACE_BOUND('',#3050,.F.);
#3050 = EDGE_LOOP('',(#3051,#3052,#3053,#3054));
#3051 = ORIENTED_EDGE('',*,*,#1783,.F.);
#3052 = ORIENTED_EDGE('',*,*,#1800,.T.);
#3053 = ORIENTED_EDGE('',*,*,#1710,.T.);
#3054 = ORIENTED_EDGE('',*,*,#3055,.F.);
#3055 = EDGE_CURVE('',#1749,#1669,#3056,.T.);
#3056 = LINE('',#3057,#3058);
#3057 = CARTESIAN_POINT('',(-3.61,2.86,0.64));
#3058 = VECTOR('',#3059,1.);
#3059 = DIRECTION('',(0.,-1.,0.));
#3060 = PLANE('',#3061);
#3061 = AXIS2_PLACEMENT_3D('',#3062,#3063,#3064);
#3062 = CARTESIAN_POINT('',(-1.59,2.86,0.64));
#3063 = DIRECTION('',(-0.,-0.,-1.));
#3064 = DIRECTION('',(-1.,0.,0.));
#3065 = ADVANCED_FACE('',(#3066),#3077,.T.);
#3066 = FACE_BOUND('',#3067,.T.);
#3067 = EDGE_LOOP('',(#3068,#3069,#3070,#3071));
#3068 = ORIENTED_EDGE('',*,*,#1766,.T.);
#3069 = ORIENTED_EDGE('',*,*,#1732,.T.);
#3070 = ORIENTED_EDGE('',*,*,#1686,.F.);
#3071 = ORIENTED_EDGE('',*,*,#3072,.F.);
#3072 = EDGE_CURVE('',#1759,#1679,#3073,.T.);
#3073 = LINE('',#3074,#3075);
#3074 = CARTESIAN_POINT('',(-1.59,2.86,4.440892098501E-16));
#3075 = VECTOR('',#3076,1.);
#3076 = DIRECTION('',(0.,-1.,0.));
#3077 = CYLINDRICAL_SURFACE('',#3078,0.64);
#3078 = AXIS2_PLACEMENT_3D('',#3079,#3080,#3081);
#3079 = CARTESIAN_POINT('',(-1.59,2.86,0.64));
#3080 = DIRECTION('',(0.,-1.,0.));
#3081 = DIRECTION('',(0.,0.,-1.));
#3082 = ADVANCED_FACE('',(#3083),#3094,.F.);
#3083 = FACE_BOUND('',#3084,.F.);
#3084 = EDGE_LOOP('',(#3085,#3086,#3092,#3093));
#3085 = ORIENTED_EDGE('',*,*,#1758,.F.);
#3086 = ORIENTED_EDGE('',*,*,#3087,.T.);
#3087 = EDGE_CURVE('',#1751,#1671,#3088,.T.);
#3088 = LINE('',#3089,#3090);
#3089 = CARTESIAN_POINT('',(-3.61,2.86,5.551115123126E-16));
#3090 = VECTOR('',#3091,1.);
#3091 = DIRECTION('',(0.,-1.,0.));
#3092 = ORIENTED_EDGE('',*,*,#1678,.T.);
#3093 = ORIENTED_EDGE('',*,*,#3072,.F.);
#3094 = PLANE('',#3095);
#3095 = AXIS2_PLACEMENT_3D('',#3096,#3097,#3098);
#3096 = CARTESIAN_POINT('',(-3.77,2.86,5.551115123126E-16));
#3097 = DIRECTION('',(0.,0.,1.));
#3098 = DIRECTION('',(1.,0.,-0.));
#3099 = ADVANCED_FACE('',(#3100),#3125,.T.);
#3100 = FACE_BOUND('',#3101,.T.);
#3101 = EDGE_LOOP('',(#3102,#3110,#3111,#3119));
#3102 = ORIENTED_EDGE('',*,*,#3103,.F.);
#3103 = EDGE_CURVE('',#1749,#3104,#3106,.T.);
#3104 = VERTEX_POINT('',#3105);
#3105 = CARTESIAN_POINT('',(-3.77,2.7,0.48));
#3106 = LINE('',#3107,#3108);
#3107 = CARTESIAN_POINT('',(-3.663333333333,2.806666666667,
    0.586666666667));
#3108 = VECTOR('',#3109,1.);
#3109 = DIRECTION('',(-0.57735026919,-0.57735026919,-0.57735026919));
#3110 = ORIENTED_EDGE('',*,*,#1748,.T.);
#3111 = ORIENTED_EDGE('',*,*,#3112,.T.);
#3112 = EDGE_CURVE('',#1751,#3113,#3115,.T.);
#3113 = VERTEX_POINT('',#3114);
#3114 = CARTESIAN_POINT('',(-3.77,2.7,0.16));
#3115 = LINE('',#3116,#3117);
#3116 = CARTESIAN_POINT('',(-3.77,2.7,0.16));
#3117 = VECTOR('',#3118,1.);
#3118 = DIRECTION('',(-0.57735026919,-0.57735026919,0.57735026919));
#3119 = ORIENTED_EDGE('',*,*,#3120,.F.);
#3120 = EDGE_CURVE('',#3104,#3113,#3121,.T.);
#3121 = LINE('',#3122,#3123);
#3122 = CARTESIAN_POINT('',(-3.77,2.7,0.64));
#3123 = VECTOR('',#3124,1.);
#3124 = DIRECTION('',(0.,0.,-1.));
#3125 = PLANE('',#3126);
#3126 = AXIS2_PLACEMENT_3D('',#3127,#3128,#3129);
#3127 = CARTESIAN_POINT('',(-3.69,2.78,0.64));
#3128 = DIRECTION('',(-0.707106781187,0.707106781187,0.));
#3129 = DIRECTION('',(0.,0.,-1.));
#3130 = ADVANCED_FACE('',(#3131),#3142,.F.);
#3131 = FACE_BOUND('',#3132,.F.);
#3132 = EDGE_LOOP('',(#3133,#3134,#3135,#3136));
#3133 = ORIENTED_EDGE('',*,*,#1946,.F.);
#3134 = ORIENTED_EDGE('',*,*,#1831,.T.);
#3135 = ORIENTED_EDGE('',*,*,#1880,.T.);
#3136 = ORIENTED_EDGE('',*,*,#3137,.F.);
#3137 = EDGE_CURVE('',#1919,#1846,#3138,.T.);
#3138 = LINE('',#3139,#3140);
#3139 = CARTESIAN_POINT('',(-3.61,-2.22,0.64));
#3140 = VECTOR('',#3141,1.);
#3141 = DIRECTION('',(0.,-1.,0.));
#3142 = PLANE('',#3143);
#3143 = AXIS2_PLACEMENT_3D('',#3144,#3145,#3146);
#3144 = CARTESIAN_POINT('',(-1.59,-2.22,0.64));
#3145 = DIRECTION('',(-0.,-0.,-1.));
#3146 = DIRECTION('',(-1.,0.,0.));
#3147 = ADVANCED_FACE('',(#3148),#3173,.F.);
#3148 = FACE_BOUND('',#3149,.T.);
#3149 = EDGE_LOOP('',(#3150,#3158,#3166,#3172));
#3150 = ORIENTED_EDGE('',*,*,#3151,.T.);
#3151 = EDGE_CURVE('',#1846,#3152,#3154,.T.);
#3152 = VERTEX_POINT('',#3153);
#3153 = CARTESIAN_POINT('',(-3.77,-2.7,0.48));
#3154 = LINE('',#3155,#3156);
#3155 = CARTESIAN_POINT('',(-3.77,-2.7,0.48));
#3156 = VECTOR('',#3157,1.);
#3157 = DIRECTION('',(-0.57735026919,0.57735026919,-0.57735026919));
#3158 = ORIENTED_EDGE('',*,*,#3159,.T.);
#3159 = EDGE_CURVE('',#3152,#3160,#3162,.T.);
#3160 = VERTEX_POINT('',#3161);
#3161 = CARTESIAN_POINT('',(-3.77,-2.7,0.16));
#3162 = LINE('',#3163,#3164);
#3163 = CARTESIAN_POINT('',(-3.77,-2.7,0.64));
#3164 = VECTOR('',#3165,1.);
#3165 = DIRECTION('',(0.,0.,-1.));
#3166 = ORIENTED_EDGE('',*,*,#3167,.T.);
#3167 = EDGE_CURVE('',#3160,#1848,#3168,.T.);
#3168 = LINE('',#3169,#3170);
#3169 = CARTESIAN_POINT('',(-3.876666666667,-2.593333333333,
    0.266666666667));
#3170 = VECTOR('',#3171,1.);
#3171 = DIRECTION('',(0.57735026919,-0.57735026919,-0.57735026919));
#3172 = ORIENTED_EDGE('',*,*,#1845,.F.);
#3173 = PLANE('',#3174);
#3174 = AXIS2_PLACEMENT_3D('',#3175,#3176,#3177);
#3175 = CARTESIAN_POINT('',(-3.69,-2.78,0.64));
#3176 = DIRECTION('',(0.707106781187,0.707106781187,0.));
#3177 = DIRECTION('',(0.,-0.,1.));
#3178 = ADVANCED_FACE('',(#3179),#3190,.T.);
#3179 = FACE_BOUND('',#3180,.T.);
#3180 = EDGE_LOOP('',(#3181,#3182,#3183,#3184));
#3181 = ORIENTED_EDGE('',*,*,#1936,.T.);
#3182 = ORIENTED_EDGE('',*,*,#1902,.T.);
#3183 = ORIENTED_EDGE('',*,*,#1863,.F.);
#3184 = ORIENTED_EDGE('',*,*,#3185,.F.);
#3185 = EDGE_CURVE('',#1929,#1856,#3186,.T.);
#3186 = LINE('',#3187,#3188);
#3187 = CARTESIAN_POINT('',(-1.59,-2.22,4.440892098501E-16));
#3188 = VECTOR('',#3189,1.);
#3189 = DIRECTION('',(0.,-1.,0.));
#3190 = CYLINDRICAL_SURFACE('',#3191,0.64);
#3191 = AXIS2_PLACEMENT_3D('',#3192,#3193,#3194);
#3192 = CARTESIAN_POINT('',(-1.59,-2.22,0.64));
#3193 = DIRECTION('',(0.,-1.,0.));
#3194 = DIRECTION('',(0.,0.,-1.));
#3195 = ADVANCED_FACE('',(#3196),#3207,.F.);
#3196 = FACE_BOUND('',#3197,.F.);
#3197 = EDGE_LOOP('',(#3198,#3199,#3205,#3206));
#3198 = ORIENTED_EDGE('',*,*,#1928,.F.);
#3199 = ORIENTED_EDGE('',*,*,#3200,.T.);
#3200 = EDGE_CURVE('',#1921,#1848,#3201,.T.);
#3201 = LINE('',#3202,#3203);
#3202 = CARTESIAN_POINT('',(-3.61,-2.22,5.551115123126E-16));
#3203 = VECTOR('',#3204,1.);
#3204 = DIRECTION('',(0.,-1.,0.));
#3205 = ORIENTED_EDGE('',*,*,#1855,.T.);
#3206 = ORIENTED_EDGE('',*,*,#3185,.F.);
#3207 = PLANE('',#3208);
#3208 = AXIS2_PLACEMENT_3D('',#3209,#3210,#3211);
#3209 = CARTESIAN_POINT('',(-3.77,-2.22,5.551115123126E-16));
#3210 = DIRECTION('',(0.,0.,1.));
#3211 = DIRECTION('',(1.,0.,-0.));
#3212 = ADVANCED_FACE('',(#3213),#3238,.T.);
#3213 = FACE_BOUND('',#3214,.T.);
#3214 = EDGE_LOOP('',(#3215,#3223,#3224,#3232));
#3215 = ORIENTED_EDGE('',*,*,#3216,.F.);
#3216 = EDGE_CURVE('',#1919,#3217,#3219,.T.);
#3217 = VERTEX_POINT('',#3218);
#3218 = CARTESIAN_POINT('',(-3.77,-2.38,0.48));
#3219 = LINE('',#3220,#3221);
#3220 = CARTESIAN_POINT('',(-3.663333333333,-2.273333333333,
    0.586666666667));
#3221 = VECTOR('',#3222,1.);
#3222 = DIRECTION('',(-0.57735026919,-0.57735026919,-0.57735026919));
#3223 = ORIENTED_EDGE('',*,*,#1918,.T.);
#3224 = ORIENTED_EDGE('',*,*,#3225,.T.);
#3225 = EDGE_CURVE('',#1921,#3226,#3228,.T.);
#3226 = VERTEX_POINT('',#3227);
#3227 = CARTESIAN_POINT('',(-3.77,-2.38,0.16));
#3228 = LINE('',#3229,#3230);
#3229 = CARTESIAN_POINT('',(-3.77,-2.38,0.16));
#3230 = VECTOR('',#3231,1.);
#3231 = DIRECTION('',(-0.57735026919,-0.57735026919,0.57735026919));
#3232 = ORIENTED_EDGE('',*,*,#3233,.F.);
#3233 = EDGE_CURVE('',#3217,#3226,#3234,.T.);
#3234 = LINE('',#3235,#3236);
#3235 = CARTESIAN_POINT('',(-3.77,-2.38,0.64));
#3236 = VECTOR('',#3237,1.);
#3237 = DIRECTION('',(0.,0.,-1.));
#3238 = PLANE('',#3239);
#3239 = AXIS2_PLACEMENT_3D('',#3240,#3241,#3242);
#3240 = CARTESIAN_POINT('',(-3.69,-2.3,0.64));
#3241 = DIRECTION('',(-0.707106781187,0.707106781187,0.));
#3242 = DIRECTION('',(0.,0.,-1.));
#3243 = ADVANCED_FACE('',(#3244),#3269,.T.);
#3244 = FACE_BOUND('',#3245,.F.);
#3245 = EDGE_LOOP('',(#3246,#3254,#3255,#3263));
#3246 = ORIENTED_EDGE('',*,*,#3247,.F.);
#3247 = EDGE_CURVE('',#1961,#3248,#3250,.T.);
#3248 = VERTEX_POINT('',#3249);
#3249 = CARTESIAN_POINT('',(3.77,-2.38,0.48));
#3250 = LINE('',#3251,#3252);
#3251 = CARTESIAN_POINT('',(3.663333333333,-2.273333333333,
    0.586666666667));
#3252 = VECTOR('',#3253,1.);
#3253 = DIRECTION('',(0.57735026919,-0.57735026919,-0.57735026919));
#3254 = ORIENTED_EDGE('',*,*,#1960,.T.);
#3255 = ORIENTED_EDGE('',*,*,#3256,.T.);
#3256 = EDGE_CURVE('',#1963,#3257,#3259,.T.);
#3257 = VERTEX_POINT('',#3258);
#3258 = CARTESIAN_POINT('',(3.77,-2.38,0.16));
#3259 = LINE('',#3260,#3261);
#3260 = CARTESIAN_POINT('',(3.77,-2.38,0.16));
#3261 = VECTOR('',#3262,1.);
#3262 = DIRECTION('',(0.57735026919,-0.57735026919,0.57735026919));
#3263 = ORIENTED_EDGE('',*,*,#3264,.F.);
#3264 = EDGE_CURVE('',#3248,#3257,#3265,.T.);
#3265 = LINE('',#3266,#3267);
#3266 = CARTESIAN_POINT('',(3.77,-2.38,0.64));
#3267 = VECTOR('',#3268,1.);
#3268 = DIRECTION('',(0.,0.,-1.));
#3269 = PLANE('',#3270);
#3270 = AXIS2_PLACEMENT_3D('',#3271,#3272,#3273);
#3271 = CARTESIAN_POINT('',(3.69,-2.3,0.64));
#3272 = DIRECTION('',(0.707106781187,0.707106781187,0.));
#3273 = DIRECTION('',(0.,-0.,1.));
#3274 = ADVANCED_FACE('',(#3275),#3286,.T.);
#3275 = FACE_BOUND('',#3276,.T.);
#3276 = EDGE_LOOP('',(#3277,#3278,#3279,#3280));
#3277 = ORIENTED_EDGE('',*,*,#2002,.F.);
#3278 = ORIENTED_EDGE('',*,*,#2092,.T.);
#3279 = ORIENTED_EDGE('',*,*,#2075,.T.);
#3280 = ORIENTED_EDGE('',*,*,#3281,.F.);
#3281 = EDGE_CURVE('',#1961,#2041,#3282,.T.);
#3282 = LINE('',#3283,#3284);
#3283 = CARTESIAN_POINT('',(3.61,-2.22,0.64));
#3284 = VECTOR('',#3285,1.);
#3285 = DIRECTION('',(0.,-1.,0.));
#3286 = PLANE('',#3287);
#3287 = AXIS2_PLACEMENT_3D('',#3288,#3289,#3290);
#3288 = CARTESIAN_POINT('',(1.59,-2.22,0.64));
#3289 = DIRECTION('',(0.,0.,1.));
#3290 = DIRECTION('',(1.,0.,-0.));
#3291 = ADVANCED_FACE('',(#3292),#3303,.T.);
#3292 = FACE_BOUND('',#3293,.T.);
#3293 = EDGE_LOOP('',(#3294,#3300,#3301,#3302));
#3294 = ORIENTED_EDGE('',*,*,#3295,.T.);
#3295 = EDGE_CURVE('',#1971,#2051,#3296,.T.);
#3296 = LINE('',#3297,#3298);
#3297 = CARTESIAN_POINT('',(1.59,-2.22,4.440892098501E-16));
#3298 = VECTOR('',#3299,1.);
#3299 = DIRECTION('',(0.,-1.,0.));
#3300 = ORIENTED_EDGE('',*,*,#2058,.T.);
#3301 = ORIENTED_EDGE('',*,*,#2017,.F.);
#3302 = ORIENTED_EDGE('',*,*,#1978,.F.);
#3303 = CYLINDRICAL_SURFACE('',#3304,0.64);
#3304 = AXIS2_PLACEMENT_3D('',#3305,#3306,#3307);
#3305 = CARTESIAN_POINT('',(1.59,-2.22,0.64));
#3306 = DIRECTION('',(0.,-1.,0.));
#3307 = DIRECTION('',(-0.,-0.,-1.));
#3308 = ADVANCED_FACE('',(#3309),#3320,.T.);
#3309 = FACE_BOUND('',#3310,.T.);
#3310 = EDGE_LOOP('',(#3311,#3312,#3318,#3319));
#3311 = ORIENTED_EDGE('',*,*,#1970,.F.);
#3312 = ORIENTED_EDGE('',*,*,#3313,.T.);
#3313 = EDGE_CURVE('',#1963,#2043,#3314,.T.);
#3314 = LINE('',#3315,#3316);
#3315 = CARTESIAN_POINT('',(3.61,-2.22,5.551115123126E-16));
#3316 = VECTOR('',#3317,1.);
#3317 = DIRECTION('',(0.,-1.,0.));
#3318 = ORIENTED_EDGE('',*,*,#2050,.T.);
#3319 = ORIENTED_EDGE('',*,*,#3295,.F.);
#3320 = PLANE('',#3321);
#3321 = AXIS2_PLACEMENT_3D('',#3322,#3323,#3324);
#3322 = CARTESIAN_POINT('',(3.77,-2.22,5.551115123126E-16));
#3323 = DIRECTION('',(-0.,-0.,-1.));
#3324 = DIRECTION('',(-1.,0.,0.));
#3325 = ADVANCED_FACE('',(#3326),#3351,.F.);
#3326 = FACE_BOUND('',#3327,.F.);
#3327 = EDGE_LOOP('',(#3328,#3336,#3344,#3350));
#3328 = ORIENTED_EDGE('',*,*,#3329,.F.);
#3329 = EDGE_CURVE('',#3330,#2041,#3332,.T.);
#3330 = VERTEX_POINT('',#3331);
#3331 = CARTESIAN_POINT('',(3.77,-2.7,0.48));
#3332 = LINE('',#3333,#3334);
#3333 = CARTESIAN_POINT('',(3.77,-2.7,0.48));
#3334 = VECTOR('',#3335,1.);
#3335 = DIRECTION('',(-0.57735026919,-0.57735026919,0.57735026919));
#3336 = ORIENTED_EDGE('',*,*,#3337,.T.);
#3337 = EDGE_CURVE('',#3330,#3338,#3340,.T.);
#3338 = VERTEX_POINT('',#3339);
#3339 = CARTESIAN_POINT('',(3.77,-2.7,0.16));
#3340 = LINE('',#3341,#3342);
#3341 = CARTESIAN_POINT('',(3.77,-2.7,0.64));
#3342 = VECTOR('',#3343,1.);
#3343 = DIRECTION('',(0.,0.,-1.));
#3344 = ORIENTED_EDGE('',*,*,#3345,.T.);
#3345 = EDGE_CURVE('',#3338,#2043,#3346,.T.);
#3346 = LINE('',#3347,#3348);
#3347 = CARTESIAN_POINT('',(3.876666666667,-2.593333333333,
    0.266666666667));
#3348 = VECTOR('',#3349,1.);
#3349 = DIRECTION('',(-0.57735026919,-0.57735026919,-0.57735026919));
#3350 = ORIENTED_EDGE('',*,*,#2040,.F.);
#3351 = PLANE('',#3352);
#3352 = AXIS2_PLACEMENT_3D('',#3353,#3354,#3355);
#3353 = CARTESIAN_POINT('',(3.69,-2.78,0.64));
#3354 = DIRECTION('',(-0.707106781187,0.707106781187,0.));
#3355 = DIRECTION('',(0.,0.,-1.));
#3356 = ADVANCED_FACE('',(#3357),#3382,.T.);
#3357 = FACE_BOUND('',#3358,.T.);
#3358 = EDGE_LOOP('',(#3359,#3367,#3368,#3376));
#3359 = ORIENTED_EDGE('',*,*,#3360,.F.);
#3360 = EDGE_CURVE('',#2108,#3361,#3363,.T.);
#3361 = VERTEX_POINT('',#3362);
#3362 = CARTESIAN_POINT('',(-1.11,0.16,9.3));
#3363 = LINE('',#3364,#3365);
#3364 = CARTESIAN_POINT('',(-1.003333333333,0.266666666667,
    9.193333333333));
#3365 = VECTOR('',#3366,1.);
#3366 = DIRECTION('',(-0.57735026919,-0.57735026919,0.57735026919));
#3367 = ORIENTED_EDGE('',*,*,#2115,.T.);
#3368 = ORIENTED_EDGE('',*,*,#3369,.T.);
#3369 = EDGE_CURVE('',#2116,#3370,#3372,.T.);
#3370 = VERTEX_POINT('',#3371);
#3371 = CARTESIAN_POINT('',(-1.43,0.16,9.3));
#3372 = LINE('',#3373,#3374);
#3373 = CARTESIAN_POINT('',(-1.43,0.16,9.3));
#3374 = VECTOR('',#3375,1.);
#3375 = DIRECTION('',(0.57735026919,-0.57735026919,0.57735026919));
#3376 = ORIENTED_EDGE('',*,*,#3377,.F.);
#3377 = EDGE_CURVE('',#3361,#3370,#3378,.T.);
#3378 = LINE('',#3379,#3380);
#3379 = CARTESIAN_POINT('',(-0.95,0.16,9.3));
#3380 = VECTOR('',#3381,1.);
#3381 = DIRECTION('',(-1.,0.,0.));
#3382 = PLANE('',#3383);
#3383 = AXIS2_PLACEMENT_3D('',#3384,#3385,#3386);
#3384 = CARTESIAN_POINT('',(-0.95,0.24,9.22));
#3385 = DIRECTION('',(0.,0.707106781187,0.707106781187));
#3386 = DIRECTION('',(-1.,0.,0.));
#3387 = ADVANCED_FACE('',(#3388),#3406,.T.);
#3388 = FACE_BOUND('',#3389,.F.);
#3389 = EDGE_LOOP('',(#3390,#3391,#3399,#3405));
#3390 = ORIENTED_EDGE('',*,*,#3369,.T.);
#3391 = ORIENTED_EDGE('',*,*,#3392,.T.);
#3392 = EDGE_CURVE('',#3370,#3393,#3395,.T.);
#3393 = VERTEX_POINT('',#3394);
#3394 = CARTESIAN_POINT('',(-1.43,-0.16,9.3));
#3395 = LINE('',#3396,#3397);
#3396 = CARTESIAN_POINT('',(-1.43,0.32,9.3));
#3397 = VECTOR('',#3398,1.);
#3398 = DIRECTION('',(0.,-1.,0.));
#3399 = ORIENTED_EDGE('',*,*,#3400,.F.);
#3400 = EDGE_CURVE('',#2139,#3393,#3401,.T.);
#3401 = LINE('',#3402,#3403);
#3402 = CARTESIAN_POINT('',(-1.323333333333,-5.333333333333E-02,
    9.406666666667));
#3403 = VECTOR('',#3404,1.);
#3404 = DIRECTION('',(0.57735026919,0.57735026919,0.57735026919));
#3405 = ORIENTED_EDGE('',*,*,#2138,.F.);
#3406 = PLANE('',#3407);
#3407 = AXIS2_PLACEMENT_3D('',#3408,#3409,#3410);
#3408 = CARTESIAN_POINT('',(-1.51,0.32,9.22));
#3409 = DIRECTION('',(-0.707106781187,-1.735167508357E-18,0.707106781187
    ));
#3410 = DIRECTION('',(-1.226948711654E-18,1.,1.226948711654E-18));
#3411 = ADVANCED_FACE('',(#3412),#3430,.F.);
#3412 = FACE_BOUND('',#3413,.F.);
#3413 = EDGE_LOOP('',(#3414,#3422,#3423,#3424));
#3414 = ORIENTED_EDGE('',*,*,#3415,.F.);
#3415 = EDGE_CURVE('',#2163,#3416,#3418,.T.);
#3416 = VERTEX_POINT('',#3417);
#3417 = CARTESIAN_POINT('',(-1.11,-0.16,9.3));
#3418 = LINE('',#3419,#3420);
#3419 = CARTESIAN_POINT('',(-1.11,-0.16,9.3));
#3420 = VECTOR('',#3421,1.);
#3421 = DIRECTION('',(-0.57735026919,0.57735026919,0.57735026919));
#3422 = ORIENTED_EDGE('',*,*,#2170,.T.);
#3423 = ORIENTED_EDGE('',*,*,#3400,.T.);
#3424 = ORIENTED_EDGE('',*,*,#3425,.F.);
#3425 = EDGE_CURVE('',#3416,#3393,#3426,.T.);
#3426 = LINE('',#3427,#3428);
#3427 = CARTESIAN_POINT('',(-0.95,-0.16,9.3));
#3428 = VECTOR('',#3429,1.);
#3429 = DIRECTION('',(-1.,0.,0.));
#3430 = PLANE('',#3431);
#3431 = AXIS2_PLACEMENT_3D('',#3432,#3433,#3434);
#3432 = CARTESIAN_POINT('',(-0.95,-0.24,9.22));
#3433 = DIRECTION('',(0.,0.707106781187,-0.707106781187));
#3434 = DIRECTION('',(-1.,0.,0.));
#3435 = ADVANCED_FACE('',(#3436),#3447,.T.);
#3436 = FACE_BOUND('',#3437,.F.);
#3437 = EDGE_LOOP('',(#3438,#3439,#3440,#3441));
#3438 = ORIENTED_EDGE('',*,*,#3360,.F.);
#3439 = ORIENTED_EDGE('',*,*,#2188,.T.);
#3440 = ORIENTED_EDGE('',*,*,#3415,.T.);
#3441 = ORIENTED_EDGE('',*,*,#3442,.F.);
#3442 = EDGE_CURVE('',#3361,#3416,#3443,.T.);
#3443 = LINE('',#3444,#3445);
#3444 = CARTESIAN_POINT('',(-1.11,0.32,9.3));
#3445 = VECTOR('',#3446,1.);
#3446 = DIRECTION('',(0.,-1.,0.));
#3447 = PLANE('',#3448);
#3448 = AXIS2_PLACEMENT_3D('',#3449,#3450,#3451);
#3449 = CARTESIAN_POINT('',(-1.03,0.32,9.22));
#3450 = DIRECTION('',(0.707106781187,1.735167508357E-18,0.707106781187)
  );
#3451 = DIRECTION('',(-1.226948711654E-18,1.,-1.226948711654E-18));
#3452 = ADVANCED_FACE('',(#3453),#3478,.T.);
#3453 = FACE_BOUND('',#3454,.F.);
#3454 = EDGE_LOOP('',(#3455,#3463,#3464,#3472));
#3455 = ORIENTED_EDGE('',*,*,#3456,.F.);
#3456 = EDGE_CURVE('',#2204,#3457,#3459,.T.);
#3457 = VERTEX_POINT('',#3458);
#3458 = CARTESIAN_POINT('',(1.11,0.16,9.3));
#3459 = LINE('',#3460,#3461);
#3460 = CARTESIAN_POINT('',(1.003333333333,0.266666666667,9.193333333333
    ));
#3461 = VECTOR('',#3462,1.);
#3462 = DIRECTION('',(0.57735026919,-0.57735026919,0.57735026919));
#3463 = ORIENTED_EDGE('',*,*,#2211,.T.);
#3464 = ORIENTED_EDGE('',*,*,#3465,.T.);
#3465 = EDGE_CURVE('',#2212,#3466,#3468,.T.);
#3466 = VERTEX_POINT('',#3467);
#3467 = CARTESIAN_POINT('',(1.43,0.16,9.3));
#3468 = LINE('',#3469,#3470);
#3469 = CARTESIAN_POINT('',(1.43,0.16,9.3));
#3470 = VECTOR('',#3471,1.);
#3471 = DIRECTION('',(-0.57735026919,-0.57735026919,0.57735026919));
#3472 = ORIENTED_EDGE('',*,*,#3473,.F.);
#3473 = EDGE_CURVE('',#3457,#3466,#3474,.T.);
#3474 = LINE('',#3475,#3476);
#3475 = CARTESIAN_POINT('',(0.95,0.16,9.3));
#3476 = VECTOR('',#3477,1.);
#3477 = DIRECTION('',(1.,0.,0.));
#3478 = PLANE('',#3479);
#3479 = AXIS2_PLACEMENT_3D('',#3480,#3481,#3482);
#3480 = CARTESIAN_POINT('',(0.95,0.24,9.22));
#3481 = DIRECTION('',(0.,0.707106781187,0.707106781187));
#3482 = DIRECTION('',(-1.,0.,0.));
#3483 = ADVANCED_FACE('',(#3484),#3502,.T.);
#3484 = FACE_BOUND('',#3485,.T.);
#3485 = EDGE_LOOP('',(#3486,#3487,#3488,#3496));
#3486 = ORIENTED_EDGE('',*,*,#3456,.F.);
#3487 = ORIENTED_EDGE('',*,*,#2243,.T.);
#3488 = ORIENTED_EDGE('',*,*,#3489,.T.);
#3489 = EDGE_CURVE('',#2236,#3490,#3492,.T.);
#3490 = VERTEX_POINT('',#3491);
#3491 = CARTESIAN_POINT('',(1.11,-0.16,9.3));
#3492 = LINE('',#3493,#3494);
#3493 = CARTESIAN_POINT('',(1.11,-0.16,9.3));
#3494 = VECTOR('',#3495,1.);
#3495 = DIRECTION('',(0.57735026919,0.57735026919,0.57735026919));
#3496 = ORIENTED_EDGE('',*,*,#3497,.F.);
#3497 = EDGE_CURVE('',#3457,#3490,#3498,.T.);
#3498 = LINE('',#3499,#3500);
#3499 = CARTESIAN_POINT('',(1.11,0.32,9.3));
#3500 = VECTOR('',#3501,1.);
#3501 = DIRECTION('',(0.,-1.,0.));
#3502 = PLANE('',#3503);
#3503 = AXIS2_PLACEMENT_3D('',#3504,#3505,#3506);
#3504 = CARTESIAN_POINT('',(1.03,0.32,9.22));
#3505 = DIRECTION('',(-0.707106781187,-1.735167508357E-18,0.707106781187
    ));
#3506 = DIRECTION('',(1.226948711654E-18,-1.,-1.226948711654E-18));
#3507 = ADVANCED_FACE('',(#3508),#3526,.F.);
#3508 = FACE_BOUND('',#3509,.T.);
#3509 = EDGE_LOOP('',(#3510,#3511,#3512,#3520));
#3510 = ORIENTED_EDGE('',*,*,#3489,.F.);
#3511 = ORIENTED_EDGE('',*,*,#2259,.T.);
#3512 = ORIENTED_EDGE('',*,*,#3513,.T.);
#3513 = EDGE_CURVE('',#2260,#3514,#3516,.T.);
#3514 = VERTEX_POINT('',#3515);
#3515 = CARTESIAN_POINT('',(1.43,-0.16,9.3));
#3516 = LINE('',#3517,#3518);
#3517 = CARTESIAN_POINT('',(1.323333333333,-5.333333333333E-02,
    9.406666666667));
#3518 = VECTOR('',#3519,1.);
#3519 = DIRECTION('',(-0.57735026919,0.57735026919,0.57735026919));
#3520 = ORIENTED_EDGE('',*,*,#3521,.F.);
#3521 = EDGE_CURVE('',#3490,#3514,#3522,.T.);
#3522 = LINE('',#3523,#3524);
#3523 = CARTESIAN_POINT('',(0.95,-0.16,9.3));
#3524 = VECTOR('',#3525,1.);
#3525 = DIRECTION('',(1.,0.,0.));
#3526 = PLANE('',#3527);
#3527 = AXIS2_PLACEMENT_3D('',#3528,#3529,#3530);
#3528 = CARTESIAN_POINT('',(0.95,-0.24,9.22));
#3529 = DIRECTION('',(0.,0.707106781187,-0.707106781187));
#3530 = DIRECTION('',(-1.,0.,-0.));
#3531 = ADVANCED_FACE('',(#3532),#3543,.T.);
#3532 = FACE_BOUND('',#3533,.T.);
#3533 = EDGE_LOOP('',(#3534,#3535,#3541,#3542));
#3534 = ORIENTED_EDGE('',*,*,#3465,.T.);
#3535 = ORIENTED_EDGE('',*,*,#3536,.T.);
#3536 = EDGE_CURVE('',#3466,#3514,#3537,.T.);
#3537 = LINE('',#3538,#3539);
#3538 = CARTESIAN_POINT('',(1.43,0.32,9.3));
#3539 = VECTOR('',#3540,1.);
#3540 = DIRECTION('',(0.,-1.,0.));
#3541 = ORIENTED_EDGE('',*,*,#3513,.F.);
#3542 = ORIENTED_EDGE('',*,*,#2282,.F.);
#3543 = PLANE('',#3544);
#3544 = AXIS2_PLACEMENT_3D('',#3545,#3546,#3547);
#3545 = CARTESIAN_POINT('',(1.51,0.32,9.22));
#3546 = DIRECTION('',(0.707106781187,1.735167508357E-18,0.707106781187)
  );
#3547 = DIRECTION('',(1.226948711654E-18,-1.,1.226948711654E-18));
#3548 = ADVANCED_FACE('',(#3549),#3574,.T.);
#3549 = FACE_BOUND('',#3550,.T.);
#3550 = EDGE_LOOP('',(#3551,#3559,#3567,#3573));
#3551 = ORIENTED_EDGE('',*,*,#3552,.T.);
#3552 = EDGE_CURVE('',#2299,#3553,#3555,.T.);
#3553 = VERTEX_POINT('',#3554);
#3554 = CARTESIAN_POINT('',(1.43,2.7,9.3));
#3555 = LINE('',#3556,#3557);
#3556 = CARTESIAN_POINT('',(1.43,2.7,9.3));
#3557 = VECTOR('',#3558,1.);
#3558 = DIRECTION('',(-0.57735026919,-0.57735026919,0.57735026919));
#3559 = ORIENTED_EDGE('',*,*,#3560,.T.);
#3560 = EDGE_CURVE('',#3553,#3561,#3563,.T.);
#3561 = VERTEX_POINT('',#3562);
#3562 = CARTESIAN_POINT('',(1.43,2.38,9.3));
#3563 = LINE('',#3564,#3565);
#3564 = CARTESIAN_POINT('',(1.43,2.86,9.3));
#3565 = VECTOR('',#3566,1.);
#3566 = DIRECTION('',(0.,-1.,0.));
#3567 = ORIENTED_EDGE('',*,*,#3568,.F.);
#3568 = EDGE_CURVE('',#2307,#3561,#3569,.T.);
#3569 = LINE('',#3570,#3571);
#3570 = CARTESIAN_POINT('',(1.323333333333,2.486666666667,9.406666666667
    ));
#3571 = VECTOR('',#3572,1.);
#3572 = DIRECTION('',(-0.57735026919,0.57735026919,0.57735026919));
#3573 = ORIENTED_EDGE('',*,*,#2306,.F.);
#3574 = PLANE('',#3575);
#3575 = AXIS2_PLACEMENT_3D('',#3576,#3577,#3578);
#3576 = CARTESIAN_POINT('',(1.51,2.86,9.22));
#3577 = DIRECTION('',(0.707106781187,1.735167508357E-18,0.707106781187)
  );
#3578 = DIRECTION('',(1.226948711654E-18,-1.,1.226948711654E-18));
#3579 = ADVANCED_FACE('',(#3580),#3598,.T.);
#3580 = FACE_BOUND('',#3581,.F.);
#3581 = EDGE_LOOP('',(#3582,#3590,#3591,#3592));
#3582 = ORIENTED_EDGE('',*,*,#3583,.F.);
#3583 = EDGE_CURVE('',#2331,#3584,#3586,.T.);
#3584 = VERTEX_POINT('',#3585);
#3585 = CARTESIAN_POINT('',(1.11,2.7,9.3));
#3586 = LINE('',#3587,#3588);
#3587 = CARTESIAN_POINT('',(1.003333333333,2.806666666667,9.193333333333
    ));
#3588 = VECTOR('',#3589,1.);
#3589 = DIRECTION('',(0.57735026919,-0.57735026919,0.57735026919));
#3590 = ORIENTED_EDGE('',*,*,#2338,.T.);
#3591 = ORIENTED_EDGE('',*,*,#3552,.T.);
#3592 = ORIENTED_EDGE('',*,*,#3593,.F.);
#3593 = EDGE_CURVE('',#3584,#3553,#3594,.T.);
#3594 = LINE('',#3595,#3596);
#3595 = CARTESIAN_POINT('',(0.95,2.7,9.3));
#3596 = VECTOR('',#3597,1.);
#3597 = DIRECTION('',(1.,0.,0.));
#3598 = PLANE('',#3599);
#3599 = AXIS2_PLACEMENT_3D('',#3600,#3601,#3602);
#3600 = CARTESIAN_POINT('',(0.95,2.78,9.22));
#3601 = DIRECTION('',(0.,0.707106781187,0.707106781187));
#3602 = DIRECTION('',(-1.,0.,0.));
#3603 = ADVANCED_FACE('',(#3604),#3622,.T.);
#3604 = FACE_BOUND('',#3605,.T.);
#3605 = EDGE_LOOP('',(#3606,#3607,#3608,#3616));
#3606 = ORIENTED_EDGE('',*,*,#3583,.F.);
#3607 = ORIENTED_EDGE('',*,*,#2363,.T.);
#3608 = ORIENTED_EDGE('',*,*,#3609,.T.);
#3609 = EDGE_CURVE('',#2356,#3610,#3612,.T.);
#3610 = VERTEX_POINT('',#3611);
#3611 = CARTESIAN_POINT('',(1.11,2.38,9.3));
#3612 = LINE('',#3613,#3614);
#3613 = CARTESIAN_POINT('',(1.11,2.38,9.3));
#3614 = VECTOR('',#3615,1.);
#3615 = DIRECTION('',(0.57735026919,0.57735026919,0.57735026919));
#3616 = ORIENTED_EDGE('',*,*,#3617,.F.);
#3617 = EDGE_CURVE('',#3584,#3610,#3618,.T.);
#3618 = LINE('',#3619,#3620);
#3619 = CARTESIAN_POINT('',(1.11,2.86,9.3));
#3620 = VECTOR('',#3621,1.);
#3621 = DIRECTION('',(0.,-1.,0.));
#3622 = PLANE('',#3623);
#3623 = AXIS2_PLACEMENT_3D('',#3624,#3625,#3626);
#3624 = CARTESIAN_POINT('',(1.03,2.86,9.22));
#3625 = DIRECTION('',(-0.707106781187,-1.735167508357E-18,0.707106781187
    ));
#3626 = DIRECTION('',(1.226948711654E-18,-1.,-1.226948711654E-18));
#3627 = ADVANCED_FACE('',(#3628),#3639,.F.);
#3628 = FACE_BOUND('',#3629,.T.);
#3629 = EDGE_LOOP('',(#3630,#3631,#3632,#3633));
#3630 = ORIENTED_EDGE('',*,*,#3609,.F.);
#3631 = ORIENTED_EDGE('',*,*,#2379,.T.);
#3632 = ORIENTED_EDGE('',*,*,#3568,.T.);
#3633 = ORIENTED_EDGE('',*,*,#3634,.F.);
#3634 = EDGE_CURVE('',#3610,#3561,#3635,.T.);
#3635 = LINE('',#3636,#3637);
#3636 = CARTESIAN_POINT('',(0.95,2.38,9.3));
#3637 = VECTOR('',#3638,1.);
#3638 = DIRECTION('',(1.,0.,0.));
#3639 = PLANE('',#3640);
#3640 = AXIS2_PLACEMENT_3D('',#3641,#3642,#3643);
#3641 = CARTESIAN_POINT('',(0.95,2.3,9.22));
#3642 = DIRECTION('',(0.,0.707106781187,-0.707106781187));
#3643 = DIRECTION('',(-1.,0.,-0.));
#3644 = ADVANCED_FACE('',(#3645),#3670,.F.);
#3645 = FACE_BOUND('',#3646,.F.);
#3646 = EDGE_LOOP('',(#3647,#3655,#3656,#3664));
#3647 = ORIENTED_EDGE('',*,*,#3648,.F.);
#3648 = EDGE_CURVE('',#2396,#3649,#3651,.T.);
#3649 = VERTEX_POINT('',#3650);
#3650 = CARTESIAN_POINT('',(-1.11,2.38,9.3));
#3651 = LINE('',#3652,#3653);
#3652 = CARTESIAN_POINT('',(-1.11,2.38,9.3));
#3653 = VECTOR('',#3654,1.);
#3654 = DIRECTION('',(-0.57735026919,0.57735026919,0.57735026919));
#3655 = ORIENTED_EDGE('',*,*,#2403,.T.);
#3656 = ORIENTED_EDGE('',*,*,#3657,.T.);
#3657 = EDGE_CURVE('',#2404,#3658,#3660,.T.);
#3658 = VERTEX_POINT('',#3659);
#3659 = CARTESIAN_POINT('',(-1.43,2.38,9.3));
#3660 = LINE('',#3661,#3662);
#3661 = CARTESIAN_POINT('',(-1.323333333333,2.486666666667,
    9.406666666667));
#3662 = VECTOR('',#3663,1.);
#3663 = DIRECTION('',(0.57735026919,0.57735026919,0.57735026919));
#3664 = ORIENTED_EDGE('',*,*,#3665,.F.);
#3665 = EDGE_CURVE('',#3649,#3658,#3666,.T.);
#3666 = LINE('',#3667,#3668);
#3667 = CARTESIAN_POINT('',(-0.95,2.38,9.3));
#3668 = VECTOR('',#3669,1.);
#3669 = DIRECTION('',(-1.,0.,0.));
#3670 = PLANE('',#3671);
#3671 = AXIS2_PLACEMENT_3D('',#3672,#3673,#3674);
#3672 = CARTESIAN_POINT('',(-0.95,2.3,9.22));
#3673 = DIRECTION('',(0.,0.707106781187,-0.707106781187));
#3674 = DIRECTION('',(-1.,0.,0.));
#3675 = ADVANCED_FACE('',(#3676),#3694,.T.);
#3676 = FACE_BOUND('',#3677,.F.);
#3677 = EDGE_LOOP('',(#3678,#3686,#3687,#3688));
#3678 = ORIENTED_EDGE('',*,*,#3679,.F.);
#3679 = EDGE_CURVE('',#2426,#3680,#3682,.T.);
#3680 = VERTEX_POINT('',#3681);
#3681 = CARTESIAN_POINT('',(-1.11,2.7,9.3));
#3682 = LINE('',#3683,#3684);
#3683 = CARTESIAN_POINT('',(-1.003333333333,2.806666666667,
    9.193333333333));
#3684 = VECTOR('',#3685,1.);
#3685 = DIRECTION('',(-0.57735026919,-0.57735026919,0.57735026919));
#3686 = ORIENTED_EDGE('',*,*,#2435,.T.);
#3687 = ORIENTED_EDGE('',*,*,#3648,.T.);
#3688 = ORIENTED_EDGE('',*,*,#3689,.F.);
#3689 = EDGE_CURVE('',#3680,#3649,#3690,.T.);
#3690 = LINE('',#3691,#3692);
#3691 = CARTESIAN_POINT('',(-1.11,2.86,9.3));
#3692 = VECTOR('',#3693,1.);
#3693 = DIRECTION('',(0.,-1.,0.));
#3694 = PLANE('',#3695);
#3695 = AXIS2_PLACEMENT_3D('',#3696,#3697,#3698);
#3696 = CARTESIAN_POINT('',(-1.03,2.86,9.22));
#3697 = DIRECTION('',(0.707106781187,1.735167508357E-18,0.707106781187)
  );
#3698 = DIRECTION('',(-1.226948711654E-18,1.,-1.226948711654E-18));
#3699 = ADVANCED_FACE('',(#3700),#3718,.T.);
#3700 = FACE_BOUND('',#3701,.T.);
#3701 = EDGE_LOOP('',(#3702,#3703,#3704,#3712));
#3702 = ORIENTED_EDGE('',*,*,#3679,.F.);
#3703 = ORIENTED_EDGE('',*,*,#2451,.T.);
#3704 = ORIENTED_EDGE('',*,*,#3705,.T.);
#3705 = EDGE_CURVE('',#2452,#3706,#3708,.T.);
#3706 = VERTEX_POINT('',#3707);
#3707 = CARTESIAN_POINT('',(-1.43,2.7,9.3));
#3708 = LINE('',#3709,#3710);
#3709 = CARTESIAN_POINT('',(-1.43,2.7,9.3));
#3710 = VECTOR('',#3711,1.);
#3711 = DIRECTION('',(0.57735026919,-0.57735026919,0.57735026919));
#3712 = ORIENTED_EDGE('',*,*,#3713,.F.);
#3713 = EDGE_CURVE('',#3680,#3706,#3714,.T.);
#3714 = LINE('',#3715,#3716);
#3715 = CARTESIAN_POINT('',(-0.95,2.7,9.3));
#3716 = VECTOR('',#3717,1.);
#3717 = DIRECTION('',(-1.,0.,0.));
#3718 = PLANE('',#3719);
#3719 = AXIS2_PLACEMENT_3D('',#3720,#3721,#3722);
#3720 = CARTESIAN_POINT('',(-0.95,2.78,9.22));
#3721 = DIRECTION('',(0.,0.707106781187,0.707106781187));
#3722 = DIRECTION('',(-1.,0.,0.));
#3723 = ADVANCED_FACE('',(#3724),#3735,.T.);
#3724 = FACE_BOUND('',#3725,.F.);
#3725 = EDGE_LOOP('',(#3726,#3727,#3733,#3734));
#3726 = ORIENTED_EDGE('',*,*,#3705,.T.);
#3727 = ORIENTED_EDGE('',*,*,#3728,.T.);
#3728 = EDGE_CURVE('',#3706,#3658,#3729,.T.);
#3729 = LINE('',#3730,#3731);
#3730 = CARTESIAN_POINT('',(-1.43,2.86,9.3));
#3731 = VECTOR('',#3732,1.);
#3732 = DIRECTION('',(0.,-1.,0.));
#3733 = ORIENTED_EDGE('',*,*,#3657,.F.);
#3734 = ORIENTED_EDGE('',*,*,#2474,.F.);
#3735 = PLANE('',#3736);
#3736 = AXIS2_PLACEMENT_3D('',#3737,#3738,#3739);
#3737 = CARTESIAN_POINT('',(-1.51,2.86,9.22));
#3738 = DIRECTION('',(-0.707106781187,-1.735167508357E-18,0.707106781187
    ));
#3739 = DIRECTION('',(-1.226948711654E-18,1.,1.226948711654E-18));
#3740 = ADVANCED_FACE('',(#3741),#3766,.T.);
#3741 = FACE_BOUND('',#3742,.F.);
#3742 = EDGE_LOOP('',(#3743,#3751,#3759,#3765));
#3743 = ORIENTED_EDGE('',*,*,#3744,.T.);
#3744 = EDGE_CURVE('',#2491,#3745,#3747,.T.);
#3745 = VERTEX_POINT('',#3746);
#3746 = CARTESIAN_POINT('',(-1.43,-2.38,9.3));
#3747 = LINE('',#3748,#3749);
#3748 = CARTESIAN_POINT('',(-1.43,-2.38,9.3));
#3749 = VECTOR('',#3750,1.);
#3750 = DIRECTION('',(0.57735026919,-0.57735026919,0.57735026919));
#3751 = ORIENTED_EDGE('',*,*,#3752,.T.);
#3752 = EDGE_CURVE('',#3745,#3753,#3755,.T.);
#3753 = VERTEX_POINT('',#3754);
#3754 = CARTESIAN_POINT('',(-1.43,-2.7,9.3));
#3755 = LINE('',#3756,#3757);
#3756 = CARTESIAN_POINT('',(-1.43,-2.22,9.3));
#3757 = VECTOR('',#3758,1.);
#3758 = DIRECTION('',(0.,-1.,0.));
#3759 = ORIENTED_EDGE('',*,*,#3760,.F.);
#3760 = EDGE_CURVE('',#2499,#3753,#3761,.T.);
#3761 = LINE('',#3762,#3763);
#3762 = CARTESIAN_POINT('',(-1.323333333333,-2.593333333333,
    9.406666666667));
#3763 = VECTOR('',#3764,1.);
#3764 = DIRECTION('',(0.57735026919,0.57735026919,0.57735026919));
#3765 = ORIENTED_EDGE('',*,*,#2498,.F.);
#3766 = PLANE('',#3767);
#3767 = AXIS2_PLACEMENT_3D('',#3768,#3769,#3770);
#3768 = CARTESIAN_POINT('',(-1.51,-2.22,9.22));
#3769 = DIRECTION('',(-0.707106781187,-1.735167508357E-18,0.707106781187
    ));
#3770 = DIRECTION('',(-1.226948711654E-18,1.,1.226948711654E-18));
#3771 = ADVANCED_FACE('',(#3772),#3790,.F.);
#3772 = FACE_BOUND('',#3773,.F.);
#3773 = EDGE_LOOP('',(#3774,#3782,#3783,#3784));
#3774 = ORIENTED_EDGE('',*,*,#3775,.F.);
#3775 = EDGE_CURVE('',#2523,#3776,#3778,.T.);
#3776 = VERTEX_POINT('',#3777);
#3777 = CARTESIAN_POINT('',(-1.11,-2.7,9.3));
#3778 = LINE('',#3779,#3780);
#3779 = CARTESIAN_POINT('',(-1.11,-2.7,9.3));
#3780 = VECTOR('',#3781,1.);
#3781 = DIRECTION('',(-0.57735026919,0.57735026919,0.57735026919));
#3782 = ORIENTED_EDGE('',*,*,#2530,.T.);
#3783 = ORIENTED_EDGE('',*,*,#3760,.T.);
#3784 = ORIENTED_EDGE('',*,*,#3785,.F.);
#3785 = EDGE_CURVE('',#3776,#3753,#3786,.T.);
#3786 = LINE('',#3787,#3788);
#3787 = CARTESIAN_POINT('',(-0.95,-2.7,9.3));
#3788 = VECTOR('',#3789,1.);
#3789 = DIRECTION('',(-1.,0.,0.));
#3790 = PLANE('',#3791);
#3791 = AXIS2_PLACEMENT_3D('',#3792,#3793,#3794);
#3792 = CARTESIAN_POINT('',(-0.95,-2.78,9.22));
#3793 = DIRECTION('',(0.,0.707106781187,-0.707106781187));
#3794 = DIRECTION('',(-1.,0.,0.));
#3795 = ADVANCED_FACE('',(#3796),#3814,.T.);
#3796 = FACE_BOUND('',#3797,.F.);
#3797 = EDGE_LOOP('',(#3798,#3806,#3807,#3808));
#3798 = ORIENTED_EDGE('',*,*,#3799,.F.);
#3799 = EDGE_CURVE('',#2546,#3800,#3802,.T.);
#3800 = VERTEX_POINT('',#3801);
#3801 = CARTESIAN_POINT('',(-1.11,-2.38,9.3));
#3802 = LINE('',#3803,#3804);
#3803 = CARTESIAN_POINT('',(-1.003333333333,-2.273333333333,
    9.193333333333));
#3804 = VECTOR('',#3805,1.);
#3805 = DIRECTION('',(-0.57735026919,-0.57735026919,0.57735026919));
#3806 = ORIENTED_EDGE('',*,*,#2555,.T.);
#3807 = ORIENTED_EDGE('',*,*,#3775,.T.);
#3808 = ORIENTED_EDGE('',*,*,#3809,.F.);
#3809 = EDGE_CURVE('',#3800,#3776,#3810,.T.);
#3810 = LINE('',#3811,#3812);
#3811 = CARTESIAN_POINT('',(-1.11,-2.22,9.3));
#3812 = VECTOR('',#3813,1.);
#3813 = DIRECTION('',(0.,-1.,0.));
#3814 = PLANE('',#3815);
#3815 = AXIS2_PLACEMENT_3D('',#3816,#3817,#3818);
#3816 = CARTESIAN_POINT('',(-1.03,-2.22,9.22));
#3817 = DIRECTION('',(0.707106781187,1.735167508357E-18,0.707106781187)
  );
#3818 = DIRECTION('',(-1.226948711654E-18,1.,-1.226948711654E-18));
#3819 = ADVANCED_FACE('',(#3820),#3831,.T.);
#3820 = FACE_BOUND('',#3821,.T.);
#3821 = EDGE_LOOP('',(#3822,#3823,#3824,#3825));
#3822 = ORIENTED_EDGE('',*,*,#3799,.F.);
#3823 = ORIENTED_EDGE('',*,*,#2571,.T.);
#3824 = ORIENTED_EDGE('',*,*,#3744,.T.);
#3825 = ORIENTED_EDGE('',*,*,#3826,.F.);
#3826 = EDGE_CURVE('',#3800,#3745,#3827,.T.);
#3827 = LINE('',#3828,#3829);
#3828 = CARTESIAN_POINT('',(-0.95,-2.38,9.3));
#3829 = VECTOR('',#3830,1.);
#3830 = DIRECTION('',(-1.,0.,0.));
#3831 = PLANE('',#3832);
#3832 = AXIS2_PLACEMENT_3D('',#3833,#3834,#3835);
#3833 = CARTESIAN_POINT('',(-0.95,-2.3,9.22));
#3834 = DIRECTION('',(0.,0.707106781187,0.707106781187));
#3835 = DIRECTION('',(-1.,0.,0.));
#3836 = ADVANCED_FACE('',(#3837),#3862,.T.);
#3837 = FACE_BOUND('',#3838,.F.);
#3838 = EDGE_LOOP('',(#3839,#3847,#3848,#3856));
#3839 = ORIENTED_EDGE('',*,*,#3840,.F.);
#3840 = EDGE_CURVE('',#2588,#3841,#3843,.T.);
#3841 = VERTEX_POINT('',#3842);
#3842 = CARTESIAN_POINT('',(1.11,-2.38,9.3));
#3843 = LINE('',#3844,#3845);
#3844 = CARTESIAN_POINT('',(1.003333333333,-2.273333333333,
    9.193333333333));
#3845 = VECTOR('',#3846,1.);
#3846 = DIRECTION('',(0.57735026919,-0.57735026919,0.57735026919));
#3847 = ORIENTED_EDGE('',*,*,#2595,.T.);
#3848 = ORIENTED_EDGE('',*,*,#3849,.T.);
#3849 = EDGE_CURVE('',#2596,#3850,#3852,.T.);
#3850 = VERTEX_POINT('',#3851);
#3851 = CARTESIAN_POINT('',(1.43,-2.38,9.3));
#3852 = LINE('',#3853,#3854);
#3853 = CARTESIAN_POINT('',(1.43,-2.38,9.3));
#3854 = VECTOR('',#3855,1.);
#3855 = DIRECTION('',(-0.57735026919,-0.57735026919,0.57735026919));
#3856 = ORIENTED_EDGE('',*,*,#3857,.F.);
#3857 = EDGE_CURVE('',#3841,#3850,#3858,.T.);
#3858 = LINE('',#3859,#3860);
#3859 = CARTESIAN_POINT('',(0.95,-2.38,9.3));
#3860 = VECTOR('',#3861,1.);
#3861 = DIRECTION('',(1.,0.,0.));
#3862 = PLANE('',#3863);
#3863 = AXIS2_PLACEMENT_3D('',#3864,#3865,#3866);
#3864 = CARTESIAN_POINT('',(0.95,-2.3,9.22));
#3865 = DIRECTION('',(0.,0.707106781187,0.707106781187));
#3866 = DIRECTION('',(-1.,0.,0.));
#3867 = ADVANCED_FACE('',(#3868),#3886,.T.);
#3868 = FACE_BOUND('',#3869,.T.);
#3869 = EDGE_LOOP('',(#3870,#3871,#3872,#3880));
#3870 = ORIENTED_EDGE('',*,*,#3840,.F.);
#3871 = ORIENTED_EDGE('',*,*,#2627,.T.);
#3872 = ORIENTED_EDGE('',*,*,#3873,.T.);
#3873 = EDGE_CURVE('',#2620,#3874,#3876,.T.);
#3874 = VERTEX_POINT('',#3875);
#3875 = CARTESIAN_POINT('',(1.11,-2.7,9.3));
#3876 = LINE('',#3877,#3878);
#3877 = CARTESIAN_POINT('',(1.11,-2.7,9.3));
#3878 = VECTOR('',#3879,1.);
#3879 = DIRECTION('',(0.57735026919,0.57735026919,0.57735026919));
#3880 = ORIENTED_EDGE('',*,*,#3881,.F.);
#3881 = EDGE_CURVE('',#3841,#3874,#3882,.T.);
#3882 = LINE('',#3883,#3884);
#3883 = CARTESIAN_POINT('',(1.11,-2.22,9.3));
#3884 = VECTOR('',#3885,1.);
#3885 = DIRECTION('',(0.,-1.,0.));
#3886 = PLANE('',#3887);
#3887 = AXIS2_PLACEMENT_3D('',#3888,#3889,#3890);
#3888 = CARTESIAN_POINT('',(1.03,-2.22,9.22));
#3889 = DIRECTION('',(-0.707106781187,-1.735167508357E-18,0.707106781187
    ));
#3890 = DIRECTION('',(1.226948711654E-18,-1.,-1.226948711654E-18));
#3891 = ADVANCED_FACE('',(#3892),#3910,.F.);
#3892 = FACE_BOUND('',#3893,.T.);
#3893 = EDGE_LOOP('',(#3894,#3895,#3896,#3904));
#3894 = ORIENTED_EDGE('',*,*,#3873,.F.);
#3895 = ORIENTED_EDGE('',*,*,#2643,.T.);
#3896 = ORIENTED_EDGE('',*,*,#3897,.T.);
#3897 = EDGE_CURVE('',#2644,#3898,#3900,.T.);
#3898 = VERTEX_POINT('',#3899);
#3899 = CARTESIAN_POINT('',(1.43,-2.7,9.3));
#3900 = LINE('',#3901,#3902);
#3901 = CARTESIAN_POINT('',(1.323333333333,-2.593333333333,
    9.406666666667));
#3902 = VECTOR('',#3903,1.);
#3903 = DIRECTION('',(-0.57735026919,0.57735026919,0.57735026919));
#3904 = ORIENTED_EDGE('',*,*,#3905,.F.);
#3905 = EDGE_CURVE('',#3874,#3898,#3906,.T.);
#3906 = LINE('',#3907,#3908);
#3907 = CARTESIAN_POINT('',(0.95,-2.7,9.3));
#3908 = VECTOR('',#3909,1.);
#3909 = DIRECTION('',(1.,0.,0.));
#3910 = PLANE('',#3911);
#3911 = AXIS2_PLACEMENT_3D('',#3912,#3913,#3914);
#3912 = CARTESIAN_POINT('',(0.95,-2.78,9.22));
#3913 = DIRECTION('',(0.,0.707106781187,-0.707106781187));
#3914 = DIRECTION('',(-1.,0.,-0.));
#3915 = ADVANCED_FACE('',(#3916),#3927,.T.);
#3916 = FACE_BOUND('',#3917,.T.);
#3917 = EDGE_LOOP('',(#3918,#3919,#3925,#3926));
#3918 = ORIENTED_EDGE('',*,*,#3849,.T.);
#3919 = ORIENTED_EDGE('',*,*,#3920,.T.);
#3920 = EDGE_CURVE('',#3850,#3898,#3921,.T.);
#3921 = LINE('',#3922,#3923);
#3922 = CARTESIAN_POINT('',(1.43,-2.22,9.3));
#3923 = VECTOR('',#3924,1.);
#3924 = DIRECTION('',(0.,-1.,0.));
#3925 = ORIENTED_EDGE('',*,*,#3897,.F.);
#3926 = ORIENTED_EDGE('',*,*,#2666,.F.);
#3927 = PLANE('',#3928);
#3928 = AXIS2_PLACEMENT_3D('',#3929,#3930,#3931);
#3929 = CARTESIAN_POINT('',(1.51,-2.22,9.22));
#3930 = DIRECTION('',(0.707106781187,1.735167508357E-18,0.707106781187)
  );
#3931 = DIRECTION('',(1.226948711654E-18,-1.,1.226948711654E-18));
#3932 = ADVANCED_FACE('',(#3933),#3944,.T.);
#3933 = FACE_BOUND('',#3934,.F.);
#3934 = EDGE_LOOP('',(#3935,#3936,#3937,#3938));
#3935 = ORIENTED_EDGE('',*,*,#2682,.F.);
#3936 = ORIENTED_EDGE('',*,*,#2716,.T.);
#3937 = ORIENTED_EDGE('',*,*,#2764,.T.);
#3938 = ORIENTED_EDGE('',*,*,#3939,.F.);
#3939 = EDGE_CURVE('',#2683,#2765,#3940,.T.);
#3940 = LINE('',#3941,#3942);
#3941 = CARTESIAN_POINT('',(-3.77,0.32,0.48));
#3942 = VECTOR('',#3943,1.);
#3943 = DIRECTION('',(0.,-1.,0.));
#3944 = PLANE('',#3945);
#3945 = AXIS2_PLACEMENT_3D('',#3946,#3947,#3948);
#3946 = CARTESIAN_POINT('',(-3.69,0.32,0.56));
#3947 = DIRECTION('',(-0.707106781187,0.,0.707106781187));
#3948 = DIRECTION('',(0.,1.,0.));
#3949 = ADVANCED_FACE('',(#3950),#3961,.F.);
#3950 = FACE_BOUND('',#3951,.F.);
#3951 = EDGE_LOOP('',(#3952,#3953,#3954,#3960));
#3952 = ORIENTED_EDGE('',*,*,#3939,.T.);
#3953 = ORIENTED_EDGE('',*,*,#2772,.T.);
#3954 = ORIENTED_EDGE('',*,*,#3955,.F.);
#3955 = EDGE_CURVE('',#2692,#2773,#3956,.T.);
#3956 = LINE('',#3957,#3958);
#3957 = CARTESIAN_POINT('',(-3.77,0.32,0.16));
#3958 = VECTOR('',#3959,1.);
#3959 = DIRECTION('',(0.,-1.,0.));
#3960 = ORIENTED_EDGE('',*,*,#2699,.F.);
#3961 = PLANE('',#3962);
#3962 = AXIS2_PLACEMENT_3D('',#3963,#3964,#3965);
#3963 = CARTESIAN_POINT('',(-3.77,0.32,0.64));
#3964 = DIRECTION('',(1.,0.,0.));
#3965 = DIRECTION('',(0.,0.,-1.));
#3966 = ADVANCED_FACE('',(#3967),#3973,.T.);
#3967 = FACE_BOUND('',#3968,.T.);
#3968 = EDGE_LOOP('',(#3969,#3970,#3971,#3972));
#3969 = ORIENTED_EDGE('',*,*,#2691,.F.);
#3970 = ORIENTED_EDGE('',*,*,#2748,.T.);
#3971 = ORIENTED_EDGE('',*,*,#2780,.F.);
#3972 = ORIENTED_EDGE('',*,*,#3955,.F.);
#3973 = PLANE('',#3974);
#3974 = AXIS2_PLACEMENT_3D('',#3975,#3976,#3977);
#3975 = CARTESIAN_POINT('',(-3.69,0.32,8.E-02));
#3976 = DIRECTION('',(-0.707106781187,1.735167508357E-18,-0.707106781187
    ));
#3977 = DIRECTION('',(-1.226948711654E-18,-1.,-1.226948711654E-18));
#3978 = ADVANCED_FACE('',(#3979),#3990,.T.);
#3979 = FACE_BOUND('',#3980,.T.);
#3980 = EDGE_LOOP('',(#3981,#3982,#3983,#3984));
#3981 = ORIENTED_EDGE('',*,*,#2795,.F.);
#3982 = ORIENTED_EDGE('',*,*,#2829,.T.);
#3983 = ORIENTED_EDGE('',*,*,#2877,.F.);
#3984 = ORIENTED_EDGE('',*,*,#3985,.F.);
#3985 = EDGE_CURVE('',#2796,#2878,#3986,.T.);
#3986 = LINE('',#3987,#3988);
#3987 = CARTESIAN_POINT('',(3.77,0.32,0.48));
#3988 = VECTOR('',#3989,1.);
#3989 = DIRECTION('',(0.,-1.,0.));
#3990 = PLANE('',#3991);
#3991 = AXIS2_PLACEMENT_3D('',#3992,#3993,#3994);
#3992 = CARTESIAN_POINT('',(3.69,0.32,0.56));
#3993 = DIRECTION('',(0.707106781187,0.,0.707106781187));
#3994 = DIRECTION('',(0.,-1.,0.));
#3995 = ADVANCED_FACE('',(#3996),#4007,.T.);
#3996 = FACE_BOUND('',#3997,.T.);
#3997 = EDGE_LOOP('',(#3998,#3999,#4005,#4006));
#3998 = ORIENTED_EDGE('',*,*,#2885,.T.);
#3999 = ORIENTED_EDGE('',*,*,#4000,.F.);
#4000 = EDGE_CURVE('',#2805,#2886,#4001,.T.);
#4001 = LINE('',#4002,#4003);
#4002 = CARTESIAN_POINT('',(3.77,0.32,0.16));
#4003 = VECTOR('',#4004,1.);
#4004 = DIRECTION('',(0.,-1.,0.));
#4005 = ORIENTED_EDGE('',*,*,#2812,.F.);
#4006 = ORIENTED_EDGE('',*,*,#3985,.T.);
#4007 = PLANE('',#4008);
#4008 = AXIS2_PLACEMENT_3D('',#4009,#4010,#4011);
#4009 = CARTESIAN_POINT('',(3.77,0.32,0.64));
#4010 = DIRECTION('',(1.,0.,0.));
#4011 = DIRECTION('',(0.,0.,-1.));
#4012 = ADVANCED_FACE('',(#4013),#4019,.T.);
#4013 = FACE_BOUND('',#4014,.F.);
#4014 = EDGE_LOOP('',(#4015,#4016,#4017,#4018));
#4015 = ORIENTED_EDGE('',*,*,#2804,.F.);
#4016 = ORIENTED_EDGE('',*,*,#2861,.T.);
#4017 = ORIENTED_EDGE('',*,*,#2893,.F.);
#4018 = ORIENTED_EDGE('',*,*,#4000,.F.);
#4019 = PLANE('',#4020);
#4020 = AXIS2_PLACEMENT_3D('',#4021,#4022,#4023);
#4021 = CARTESIAN_POINT('',(3.69,0.32,8.E-02));
#4022 = DIRECTION('',(0.707106781187,-1.735167508357E-18,-0.707106781187
    ));
#4023 = DIRECTION('',(1.226948711654E-18,1.,-1.226948711654E-18));
#4024 = ADVANCED_FACE('',(#4025),#4036,.T.);
#4025 = FACE_BOUND('',#4026,.T.);
#4026 = EDGE_LOOP('',(#4027,#4028,#4029,#4030));
#4027 = ORIENTED_EDGE('',*,*,#2925,.F.);
#4028 = ORIENTED_EDGE('',*,*,#2911,.T.);
#4029 = ORIENTED_EDGE('',*,*,#2990,.F.);
#4030 = ORIENTED_EDGE('',*,*,#4031,.F.);
#4031 = EDGE_CURVE('',#2926,#2991,#4032,.T.);
#4032 = LINE('',#4033,#4034);
#4033 = CARTESIAN_POINT('',(3.77,2.86,0.48));
#4034 = VECTOR('',#4035,1.);
#4035 = DIRECTION('',(0.,-1.,0.));
#4036 = PLANE('',#4037);
#4037 = AXIS2_PLACEMENT_3D('',#4038,#4039,#4040);
#4038 = CARTESIAN_POINT('',(3.69,2.86,0.56));
#4039 = DIRECTION('',(0.707106781187,0.,0.707106781187));
#4040 = DIRECTION('',(0.,-1.,0.));
#4041 = ADVANCED_FACE('',(#4042),#4053,.T.);
#4042 = FACE_BOUND('',#4043,.T.);
#4043 = EDGE_LOOP('',(#4044,#4045,#4051,#4052));
#4044 = ORIENTED_EDGE('',*,*,#2998,.T.);
#4045 = ORIENTED_EDGE('',*,*,#4046,.F.);
#4046 = EDGE_CURVE('',#2935,#2999,#4047,.T.);
#4047 = LINE('',#4048,#4049);
#4048 = CARTESIAN_POINT('',(3.77,2.86,0.16));
#4049 = VECTOR('',#4050,1.);
#4050 = DIRECTION('',(0.,-1.,0.));
#4051 = ORIENTED_EDGE('',*,*,#2942,.F.);
#4052 = ORIENTED_EDGE('',*,*,#4031,.T.);
#4053 = PLANE('',#4054);
#4054 = AXIS2_PLACEMENT_3D('',#4055,#4056,#4057);
#4055 = CARTESIAN_POINT('',(3.77,2.86,0.64));
#4056 = DIRECTION('',(1.,0.,0.));
#4057 = DIRECTION('',(0.,0.,-1.));
#4058 = ADVANCED_FACE('',(#4059),#4065,.T.);
#4059 = FACE_BOUND('',#4060,.F.);
#4060 = EDGE_LOOP('',(#4061,#4062,#4063,#4064));
#4061 = ORIENTED_EDGE('',*,*,#2934,.F.);
#4062 = ORIENTED_EDGE('',*,*,#2974,.T.);
#4063 = ORIENTED_EDGE('',*,*,#3006,.F.);
#4064 = ORIENTED_EDGE('',*,*,#4046,.F.);
#4065 = PLANE('',#4066);
#4066 = AXIS2_PLACEMENT_3D('',#4067,#4068,#4069);
#4067 = CARTESIAN_POINT('',(3.69,2.86,8.E-02));
#4068 = DIRECTION('',(0.707106781187,-1.735167508357E-18,-0.707106781187
    ));
#4069 = DIRECTION('',(1.226948711654E-18,1.,-1.226948711654E-18));
#4070 = ADVANCED_FACE('',(#4071),#4082,.T.);
#4071 = FACE_BOUND('',#4072,.F.);
#4072 = EDGE_LOOP('',(#4073,#4074,#4075,#4076));
#4073 = ORIENTED_EDGE('',*,*,#3103,.F.);
#4074 = ORIENTED_EDGE('',*,*,#3055,.T.);
#4075 = ORIENTED_EDGE('',*,*,#3021,.T.);
#4076 = ORIENTED_EDGE('',*,*,#4077,.F.);
#4077 = EDGE_CURVE('',#3104,#3022,#4078,.T.);
#4078 = LINE('',#4079,#4080);
#4079 = CARTESIAN_POINT('',(-3.77,2.86,0.48));
#4080 = VECTOR('',#4081,1.);
#4081 = DIRECTION('',(0.,-1.,0.));
#4082 = PLANE('',#4083);
#4083 = AXIS2_PLACEMENT_3D('',#4084,#4085,#4086);
#4084 = CARTESIAN_POINT('',(-3.69,2.86,0.56));
#4085 = DIRECTION('',(-0.707106781187,0.,0.707106781187));
#4086 = DIRECTION('',(0.,1.,0.));
#4087 = ADVANCED_FACE('',(#4088),#4099,.F.);
#4088 = FACE_BOUND('',#4089,.F.);
#4089 = EDGE_LOOP('',(#4090,#4091,#4092,#4098));
#4090 = ORIENTED_EDGE('',*,*,#4077,.T.);
#4091 = ORIENTED_EDGE('',*,*,#3029,.T.);
#4092 = ORIENTED_EDGE('',*,*,#4093,.F.);
#4093 = EDGE_CURVE('',#3113,#3030,#4094,.T.);
#4094 = LINE('',#4095,#4096);
#4095 = CARTESIAN_POINT('',(-3.77,2.86,0.16));
#4096 = VECTOR('',#4097,1.);
#4097 = DIRECTION('',(0.,-1.,0.));
#4098 = ORIENTED_EDGE('',*,*,#3120,.F.);
#4099 = PLANE('',#4100);
#4100 = AXIS2_PLACEMENT_3D('',#4101,#4102,#4103);
#4101 = CARTESIAN_POINT('',(-3.77,2.86,0.64));
#4102 = DIRECTION('',(1.,0.,0.));
#4103 = DIRECTION('',(0.,0.,-1.));
#4104 = ADVANCED_FACE('',(#4105),#4111,.T.);
#4105 = FACE_BOUND('',#4106,.T.);
#4106 = EDGE_LOOP('',(#4107,#4108,#4109,#4110));
#4107 = ORIENTED_EDGE('',*,*,#3112,.F.);
#4108 = ORIENTED_EDGE('',*,*,#3087,.T.);
#4109 = ORIENTED_EDGE('',*,*,#3037,.F.);
#4110 = ORIENTED_EDGE('',*,*,#4093,.F.);
#4111 = PLANE('',#4112);
#4112 = AXIS2_PLACEMENT_3D('',#4113,#4114,#4115);
#4113 = CARTESIAN_POINT('',(-3.69,2.86,8.E-02));
#4114 = DIRECTION('',(-0.707106781187,1.735167508357E-18,-0.707106781187
    ));
#4115 = DIRECTION('',(-1.226948711654E-18,-1.,-1.226948711654E-18));
#4116 = ADVANCED_FACE('',(#4117),#4128,.T.);
#4117 = FACE_BOUND('',#4118,.F.);
#4118 = EDGE_LOOP('',(#4119,#4120,#4121,#4122));
#4119 = ORIENTED_EDGE('',*,*,#3216,.F.);
#4120 = ORIENTED_EDGE('',*,*,#3137,.T.);
#4121 = ORIENTED_EDGE('',*,*,#3151,.T.);
#4122 = ORIENTED_EDGE('',*,*,#4123,.F.);
#4123 = EDGE_CURVE('',#3217,#3152,#4124,.T.);
#4124 = LINE('',#4125,#4126);
#4125 = CARTESIAN_POINT('',(-3.77,-2.22,0.48));
#4126 = VECTOR('',#4127,1.);
#4127 = DIRECTION('',(0.,-1.,0.));
#4128 = PLANE('',#4129);
#4129 = AXIS2_PLACEMENT_3D('',#4130,#4131,#4132);
#4130 = CARTESIAN_POINT('',(-3.69,-2.22,0.56));
#4131 = DIRECTION('',(-0.707106781187,0.,0.707106781187));
#4132 = DIRECTION('',(0.,1.,0.));
#4133 = ADVANCED_FACE('',(#4134),#4145,.F.);
#4134 = FACE_BOUND('',#4135,.F.);
#4135 = EDGE_LOOP('',(#4136,#4137,#4138,#4144));
#4136 = ORIENTED_EDGE('',*,*,#4123,.T.);
#4137 = ORIENTED_EDGE('',*,*,#3159,.T.);
#4138 = ORIENTED_EDGE('',*,*,#4139,.F.);
#4139 = EDGE_CURVE('',#3226,#3160,#4140,.T.);
#4140 = LINE('',#4141,#4142);
#4141 = CARTESIAN_POINT('',(-3.77,-2.22,0.16));
#4142 = VECTOR('',#4143,1.);
#4143 = DIRECTION('',(0.,-1.,0.));
#4144 = ORIENTED_EDGE('',*,*,#3233,.F.);
#4145 = PLANE('',#4146);
#4146 = AXIS2_PLACEMENT_3D('',#4147,#4148,#4149);
#4147 = CARTESIAN_POINT('',(-3.77,-2.22,0.64));
#4148 = DIRECTION('',(1.,0.,0.));
#4149 = DIRECTION('',(0.,0.,-1.));
#4150 = ADVANCED_FACE('',(#4151),#4157,.T.);
#4151 = FACE_BOUND('',#4152,.T.);
#4152 = EDGE_LOOP('',(#4153,#4154,#4155,#4156));
#4153 = ORIENTED_EDGE('',*,*,#3225,.F.);
#4154 = ORIENTED_EDGE('',*,*,#3200,.T.);
#4155 = ORIENTED_EDGE('',*,*,#3167,.F.);
#4156 = ORIENTED_EDGE('',*,*,#4139,.F.);
#4157 = PLANE('',#4158);
#4158 = AXIS2_PLACEMENT_3D('',#4159,#4160,#4161);
#4159 = CARTESIAN_POINT('',(-3.69,-2.22,8.E-02));
#4160 = DIRECTION('',(-0.707106781187,1.735167508357E-18,-0.707106781187
    ));
#4161 = DIRECTION('',(-1.226948711654E-18,-1.,-1.226948711654E-18));
#4162 = ADVANCED_FACE('',(#4163),#4174,.T.);
#4163 = FACE_BOUND('',#4164,.T.);
#4164 = EDGE_LOOP('',(#4165,#4166,#4167,#4168));
#4165 = ORIENTED_EDGE('',*,*,#3247,.F.);
#4166 = ORIENTED_EDGE('',*,*,#3281,.T.);
#4167 = ORIENTED_EDGE('',*,*,#3329,.F.);
#4168 = ORIENTED_EDGE('',*,*,#4169,.F.);
#4169 = EDGE_CURVE('',#3248,#3330,#4170,.T.);
#4170 = LINE('',#4171,#4172);
#4171 = CARTESIAN_POINT('',(3.77,-2.22,0.48));
#4172 = VECTOR('',#4173,1.);
#4173 = DIRECTION('',(0.,-1.,0.));
#4174 = PLANE('',#4175);
#4175 = AXIS2_PLACEMENT_3D('',#4176,#4177,#4178);
#4176 = CARTESIAN_POINT('',(3.69,-2.22,0.56));
#4177 = DIRECTION('',(0.707106781187,0.,0.707106781187));
#4178 = DIRECTION('',(0.,-1.,0.));
#4179 = ADVANCED_FACE('',(#4180),#4191,.T.);
#4180 = FACE_BOUND('',#4181,.T.);
#4181 = EDGE_LOOP('',(#4182,#4183,#4189,#4190));
#4182 = ORIENTED_EDGE('',*,*,#3337,.T.);
#4183 = ORIENTED_EDGE('',*,*,#4184,.F.);
#4184 = EDGE_CURVE('',#3257,#3338,#4185,.T.);
#4185 = LINE('',#4186,#4187);
#4186 = CARTESIAN_POINT('',(3.77,-2.22,0.16));
#4187 = VECTOR('',#4188,1.);
#4188 = DIRECTION('',(0.,-1.,0.));
#4189 = ORIENTED_EDGE('',*,*,#3264,.F.);
#4190 = ORIENTED_EDGE('',*,*,#4169,.T.);
#4191 = PLANE('',#4192);
#4192 = AXIS2_PLACEMENT_3D('',#4193,#4194,#4195);
#4193 = CARTESIAN_POINT('',(3.77,-2.22,0.64));
#4194 = DIRECTION('',(1.,0.,0.));
#4195 = DIRECTION('',(0.,0.,-1.));
#4196 = ADVANCED_FACE('',(#4197),#4203,.T.);
#4197 = FACE_BOUND('',#4198,.F.);
#4198 = EDGE_LOOP('',(#4199,#4200,#4201,#4202));
#4199 = ORIENTED_EDGE('',*,*,#3256,.F.);
#4200 = ORIENTED_EDGE('',*,*,#3313,.T.);
#4201 = ORIENTED_EDGE('',*,*,#3345,.F.);
#4202 = ORIENTED_EDGE('',*,*,#4184,.F.);
#4203 = PLANE('',#4204);
#4204 = AXIS2_PLACEMENT_3D('',#4205,#4206,#4207);
#4205 = CARTESIAN_POINT('',(3.69,-2.22,8.E-02));
#4206 = DIRECTION('',(0.707106781187,-1.735167508357E-18,-0.707106781187
    ));
#4207 = DIRECTION('',(1.226948711654E-18,1.,-1.226948711654E-18));
#4208 = ADVANCED_FACE('',(#4209),#4215,.F.);
#4209 = FACE_BOUND('',#4210,.F.);
#4210 = EDGE_LOOP('',(#4211,#4212,#4213,#4214));
#4211 = ORIENTED_EDGE('',*,*,#3442,.T.);
#4212 = ORIENTED_EDGE('',*,*,#3425,.T.);
#4213 = ORIENTED_EDGE('',*,*,#3392,.F.);
#4214 = ORIENTED_EDGE('',*,*,#3377,.F.);
#4215 = PLANE('',#4216);
#4216 = AXIS2_PLACEMENT_3D('',#4217,#4218,#4219);
#4217 = CARTESIAN_POINT('',(-0.95,0.32,9.3));
#4218 = DIRECTION('',(-0.,-0.,-1.));
#4219 = DIRECTION('',(-1.,0.,0.));
#4220 = ADVANCED_FACE('',(#4221),#4227,.T.);
#4221 = FACE_BOUND('',#4222,.T.);
#4222 = EDGE_LOOP('',(#4223,#4224,#4225,#4226));
#4223 = ORIENTED_EDGE('',*,*,#3521,.T.);
#4224 = ORIENTED_EDGE('',*,*,#3536,.F.);
#4225 = ORIENTED_EDGE('',*,*,#3473,.F.);
#4226 = ORIENTED_EDGE('',*,*,#3497,.T.);
#4227 = PLANE('',#4228);
#4228 = AXIS2_PLACEMENT_3D('',#4229,#4230,#4231);
#4229 = CARTESIAN_POINT('',(0.95,0.32,9.3));
#4230 = DIRECTION('',(0.,0.,1.));
#4231 = DIRECTION('',(1.,0.,-0.));
#4232 = ADVANCED_FACE('',(#4233),#4239,.T.);
#4233 = FACE_BOUND('',#4234,.T.);
#4234 = EDGE_LOOP('',(#4235,#4236,#4237,#4238));
#4235 = ORIENTED_EDGE('',*,*,#3634,.T.);
#4236 = ORIENTED_EDGE('',*,*,#3560,.F.);
#4237 = ORIENTED_EDGE('',*,*,#3593,.F.);
#4238 = ORIENTED_EDGE('',*,*,#3617,.T.);
#4239 = PLANE('',#4240);
#4240 = AXIS2_PLACEMENT_3D('',#4241,#4242,#4243);
#4241 = CARTESIAN_POINT('',(0.95,2.86,9.3));
#4242 = DIRECTION('',(0.,0.,1.));
#4243 = DIRECTION('',(1.,0.,-0.));
#4244 = ADVANCED_FACE('',(#4245),#4251,.F.);
#4245 = FACE_BOUND('',#4246,.F.);
#4246 = EDGE_LOOP('',(#4247,#4248,#4249,#4250));
#4247 = ORIENTED_EDGE('',*,*,#3689,.T.);
#4248 = ORIENTED_EDGE('',*,*,#3665,.T.);
#4249 = ORIENTED_EDGE('',*,*,#3728,.F.);
#4250 = ORIENTED_EDGE('',*,*,#3713,.F.);
#4251 = PLANE('',#4252);
#4252 = AXIS2_PLACEMENT_3D('',#4253,#4254,#4255);
#4253 = CARTESIAN_POINT('',(-0.95,2.86,9.3));
#4254 = DIRECTION('',(-0.,-0.,-1.));
#4255 = DIRECTION('',(-1.,0.,0.));
#4256 = ADVANCED_FACE('',(#4257),#4263,.F.);
#4257 = FACE_BOUND('',#4258,.F.);
#4258 = EDGE_LOOP('',(#4259,#4260,#4261,#4262));
#4259 = ORIENTED_EDGE('',*,*,#3809,.T.);
#4260 = ORIENTED_EDGE('',*,*,#3785,.T.);
#4261 = ORIENTED_EDGE('',*,*,#3752,.F.);
#4262 = ORIENTED_EDGE('',*,*,#3826,.F.);
#4263 = PLANE('',#4264);
#4264 = AXIS2_PLACEMENT_3D('',#4265,#4266,#4267);
#4265 = CARTESIAN_POINT('',(-0.95,-2.22,9.3));
#4266 = DIRECTION('',(-0.,-0.,-1.));
#4267 = DIRECTION('',(-1.,0.,0.));
#4268 = ADVANCED_FACE('',(#4269),#4275,.T.);
#4269 = FACE_BOUND('',#4270,.T.);
#4270 = EDGE_LOOP('',(#4271,#4272,#4273,#4274));
#4271 = ORIENTED_EDGE('',*,*,#3905,.T.);
#4272 = ORIENTED_EDGE('',*,*,#3920,.F.);
#4273 = ORIENTED_EDGE('',*,*,#3857,.F.);
#4274 = ORIENTED_EDGE('',*,*,#3881,.T.);
#4275 = PLANE('',#4276);
#4276 = AXIS2_PLACEMENT_3D('',#4277,#4278,#4279);
#4277 = CARTESIAN_POINT('',(0.95,-2.22,9.3));
#4278 = DIRECTION('',(0.,0.,1.));
#4279 = DIRECTION('',(1.,0.,-0.));
#4280 = ( GEOMETRIC_REPRESENTATION_CONTEXT(3) 
GLOBAL_UNCERTAINTY_ASSIGNED_CONTEXT((#4284)) 
GLOBAL_UNIT_ASSIGNED_CONTEXT((#4281,#4282,#4283)) REPRESENTATION_CONTEXT
('Context #1','3D Context with UNIT and UNCERTAINTY') );
#4281 = ( LENGTH_UNIT() NAMED_UNIT(*) SI_UNIT(.MILLI.,.METRE.) );
#4282 = ( NAMED_UNIT(*) PLANE_ANGLE_UNIT() SI_UNIT($,.RADIAN.) );
#4283 = ( NAMED_UNIT(*) SI_UNIT($,.STERADIAN.) SOLID_ANGLE_UNIT() );
#4284 = UNCERTAINTY_MEASURE_WITH_UNIT(LENGTH_MEASURE(1.E-07),#4281,
  'distance_accuracy_value','confusion accuracy');
#4285 = CONTEXT_DEPENDENT_SHAPE_REPRESENTATION(#4286,#4288);
#4286 = ( REPRESENTATION_RELATIONSHIP('','',#139,#116) 
REPRESENTATION_RELATIONSHIP_WITH_TRANSFORMATION(#4287) 
SHAPE_REPRESENTATION_RELATIONSHIP() );
#4287 = ITEM_DEFINED_TRANSFORMATION('','',#11,#117);
#4288 = PRODUCT_DEFINITION_SHAPE('Placement','Placement of an item',
  #4289);
#4289 = NEXT_ASSEMBLY_USAGE_OCCURRENCE('1','=>[0:1:1:3]','',#111,#134,$
  );
#4290 = PRODUCT_RELATED_PRODUCT_CATEGORY('part',$,(#136));
#4291 = SHAPE_DEFINITION_REPRESENTATION(#4292,#4298);
#4292 = PRODUCT_DEFINITION_SHAPE('','',#4293);
#4293 = PRODUCT_DEFINITION('design','',#4294,#4297);
#4294 = PRODUCT_DEFINITION_FORMATION('','',#4295);
#4295 = PRODUCT('R_1206_3216Metric','R_1206_3216Metric','',(#4296));
#4296 = PRODUCT_CONTEXT('',#2,'mechanical');
#4297 = PRODUCT_DEFINITION_CONTEXT('part definition',#2,'design');
#4298 = SHAPE_REPRESENTATION('',(#11,#4299),#4303);
#4299 = AXIS2_PLACEMENT_3D('',#4300,#4301,#4302);
#4300 = CARTESIAN_POINT('',(0.,0.,0.));
#4301 = DIRECTION('',(0.,0.,1.));
#4302 = DIRECTION('',(1.,0.,-0.));
#4303 = ( GEOMETRIC_REPRESENTATION_CONTEXT(3) 
GLOBAL_UNCERTAINTY_ASSIGNED_CONTEXT((#4307)) 
GLOBAL_UNIT_ASSIGNED_CONTEXT((#4304,#4305,#4306)) REPRESENTATION_CONTEXT
('Context #1','3D Context with UNIT and UNCERTAINTY') );
#4304 = ( LENGTH_UNIT() NAMED_UNIT(*) SI_UNIT(.MILLI.,.METRE.) );
#4305 = ( NAMED_UNIT(*) PLANE_ANGLE_UNIT() SI_UNIT($,.RADIAN.) );
#4306 = ( NAMED_UNIT(*) SI_UNIT($,.STERADIAN.) SOLID_ANGLE_UNIT() );
#4307 = UNCERTAINTY_MEASURE_WITH_UNIT(LENGTH_MEASURE(1.E-07),#4304,
  'distance_accuracy_value','confusion accuracy');
#4308 = CONTEXT_DEPENDENT_SHAPE_REPRESENTATION(#4309,#4311);
#4309 = ( REPRESENTATION_RELATIONSHIP('','',#4298,#10) 
REPRESENTATION_RELATIONSHIP_WITH_TRANSFORMATION(#4310) 
SHAPE_REPRESENTATION_RELATIONSHIP() );
#4310 = ITEM_DEFINED_TRANSFORMATION('','',#11,#19);
#4311 = PRODUCT_DEFINITION_SHAPE('Placement','Placement of an item',
  #4312);
#4312 = NEXT_ASSEMBLY_USAGE_OCCURRENCE('4','JP19','',#5,#4293,$);
#4313 = PRODUCT_RELATED_PRODUCT_CATEGORY('part',$,(#4295));
#4314 = SHAPE_DEFINITION_REPRESENTATION(#4315,#4321);
#4315 = PRODUCT_DEFINITION_SHAPE('','',#4316);
#4316 = PRODUCT_DEFINITION('design','',#4317,#4320);
#4317 = PRODUCT_DEFINITION_FORMATION('','',#4318);
#4318 = PRODUCT('R_1206_3216Metric','R_1206_3216Metric','',(#4319));
#4319 = PRODUCT_CONTEXT('',#2,'mechanical');
#4320 = PRODUCT_DEFINITION_CONTEXT('part definition',#2,'design');
#4321 = ADVANCED_BREP_SHAPE_REPRESENTATION('',(#11,#4322),#5112);
#4322 = MANIFOLD_SOLID_BREP('',#4323);
#4323 = CLOSED_SHELL('',(#4324,#4364,#4447,#4472,#4497,#4564,#4581,#4598
    ,#4647,#4664,#4681,#4730,#4747,#4816,#4847,#4871,#4940,#4964,#4981,
    #4998,#5015,#5032,#5049,#5066,#5083,#5100));
#4324 = ADVANCED_FACE('',(#4325),#4359,.F.);
#4325 = FACE_BOUND('',#4326,.F.);
#4326 = EDGE_LOOP('',(#4327,#4337,#4345,#4353));
#4327 = ORIENTED_EDGE('',*,*,#4328,.F.);
#4328 = EDGE_CURVE('',#4329,#4331,#4333,.T.);
#4329 = VERTEX_POINT('',#4330);
#4330 = CARTESIAN_POINT('',(-1.6,-0.8,5.5E-02));
#4331 = VERTEX_POINT('',#4332);
#4332 = CARTESIAN_POINT('',(-1.6,-0.8,0.495));
#4333 = LINE('',#4334,#4335);
#4334 = CARTESIAN_POINT('',(-1.6,-0.8,0.));
#4335 = VECTOR('',#4336,1.);
#4336 = DIRECTION('',(0.,0.,1.));
#4337 = ORIENTED_EDGE('',*,*,#4338,.T.);
#4338 = EDGE_CURVE('',#4329,#4339,#4341,.T.);
#4339 = VERTEX_POINT('',#4340);
#4340 = CARTESIAN_POINT('',(-1.6,0.8,5.5E-02));
#4341 = LINE('',#4342,#4343);
#4342 = CARTESIAN_POINT('',(-1.6,-0.8,5.5E-02));
#4343 = VECTOR('',#4344,1.);
#4344 = DIRECTION('',(0.,1.,0.));
#4345 = ORIENTED_EDGE('',*,*,#4346,.T.);
#4346 = EDGE_CURVE('',#4339,#4347,#4349,.T.);
#4347 = VERTEX_POINT('',#4348);
#4348 = CARTESIAN_POINT('',(-1.6,0.8,0.495));
#4349 = LINE('',#4350,#4351);
#4350 = CARTESIAN_POINT('',(-1.6,0.8,0.));
#4351 = VECTOR('',#4352,1.);
#4352 = DIRECTION('',(0.,0.,1.));
#4353 = ORIENTED_EDGE('',*,*,#4354,.F.);
#4354 = EDGE_CURVE('',#4331,#4347,#4355,.T.);
#4355 = LINE('',#4356,#4357);
#4356 = CARTESIAN_POINT('',(-1.6,-0.8,0.495));
#4357 = VECTOR('',#4358,1.);
#4358 = DIRECTION('',(0.,1.,0.));
#4359 = PLANE('',#4360);
#4360 = AXIS2_PLACEMENT_3D('',#4361,#4362,#4363);
#4361 = CARTESIAN_POINT('',(-1.6,-0.8,0.));
#4362 = DIRECTION('',(1.,0.,0.));
#4363 = DIRECTION('',(0.,0.,1.));
#4364 = ADVANCED_FACE('',(#4365),#4442,.F.);
#4365 = FACE_BOUND('',#4366,.F.);
#4366 = EDGE_LOOP('',(#4367,#4377,#4384,#4385,#4394,#4402,#4411,#4419,
    #4427,#4435));
#4367 = ORIENTED_EDGE('',*,*,#4368,.F.);
#4368 = EDGE_CURVE('',#4369,#4371,#4373,.T.);
#4369 = VERTEX_POINT('',#4370);
#4370 = CARTESIAN_POINT('',(-1.545,-0.8,0.));
#4371 = VERTEX_POINT('',#4372);
#4372 = CARTESIAN_POINT('',(-1.255,-0.8,0.));
#4373 = LINE('',#4374,#4375);
#4374 = CARTESIAN_POINT('',(-1.6,-0.8,0.));
#4375 = VECTOR('',#4376,1.);
#4376 = DIRECTION('',(1.,0.,0.));
#4377 = ORIENTED_EDGE('',*,*,#4378,.F.);
#4378 = EDGE_CURVE('',#4329,#4369,#4379,.T.);
#4379 = CIRCLE('',#4380,5.5E-02);
#4380 = AXIS2_PLACEMENT_3D('',#4381,#4382,#4383);
#4381 = CARTESIAN_POINT('',(-1.545,-0.8,5.5E-02));
#4382 = DIRECTION('',(0.,-1.,0.));
#4383 = DIRECTION('',(0.,0.,1.));
#4384 = ORIENTED_EDGE('',*,*,#4328,.T.);
#4385 = ORIENTED_EDGE('',*,*,#4386,.T.);
#4386 = EDGE_CURVE('',#4331,#4387,#4389,.T.);
#4387 = VERTEX_POINT('',#4388);
#4388 = CARTESIAN_POINT('',(-1.545,-0.8,0.55));
#4389 = CIRCLE('',#4390,5.5E-02);
#4390 = AXIS2_PLACEMENT_3D('',#4391,#4392,#4393);
#4391 = CARTESIAN_POINT('',(-1.545,-0.8,0.495));
#4392 = DIRECTION('',(0.,1.,0.));
#4393 = DIRECTION('',(0.,-0.,1.));
#4394 = ORIENTED_EDGE('',*,*,#4395,.T.);
#4395 = EDGE_CURVE('',#4387,#4396,#4398,.T.);
#4396 = VERTEX_POINT('',#4397);
#4397 = CARTESIAN_POINT('',(-1.255,-0.8,0.55));
#4398 = LINE('',#4399,#4400);
#4399 = CARTESIAN_POINT('',(-1.6,-0.8,0.55));
#4400 = VECTOR('',#4401,1.);
#4401 = DIRECTION('',(1.,0.,0.));
#4402 = ORIENTED_EDGE('',*,*,#4403,.F.);
#4403 = EDGE_CURVE('',#4404,#4396,#4406,.T.);
#4404 = VERTEX_POINT('',#4405);
#4405 = CARTESIAN_POINT('',(-1.2,-0.8,0.495));
#4406 = CIRCLE('',#4407,5.5E-02);
#4407 = AXIS2_PLACEMENT_3D('',#4408,#4409,#4410);
#4408 = CARTESIAN_POINT('',(-1.255,-0.8,0.495));
#4409 = DIRECTION('',(0.,-1.,0.));
#4410 = DIRECTION('',(0.,0.,1.));
#4411 = ORIENTED_EDGE('',*,*,#4412,.F.);
#4412 = EDGE_CURVE('',#4413,#4404,#4415,.T.);
#4413 = VERTEX_POINT('',#4414);
#4414 = CARTESIAN_POINT('',(-1.545,-0.8,0.495));
#4415 = LINE('',#4416,#4417);
#4416 = CARTESIAN_POINT('',(-1.545,-0.8,0.495));
#4417 = VECTOR('',#4418,1.);
#4418 = DIRECTION('',(1.,0.,0.));
#4419 = ORIENTED_EDGE('',*,*,#4420,.F.);
#4420 = EDGE_CURVE('',#4421,#4413,#4423,.T.);
#4421 = VERTEX_POINT('',#4422);
#4422 = CARTESIAN_POINT('',(-1.545,-0.8,5.5E-02));
#4423 = LINE('',#4424,#4425);
#4424 = CARTESIAN_POINT('',(-1.545,-0.8,5.5E-02));
#4425 = VECTOR('',#4426,1.);
#4426 = DIRECTION('',(0.,0.,1.));
#4427 = ORIENTED_EDGE('',*,*,#4428,.T.);
#4428 = EDGE_CURVE('',#4421,#4429,#4431,.T.);
#4429 = VERTEX_POINT('',#4430);
#4430 = CARTESIAN_POINT('',(-1.2,-0.8,5.5E-02));
#4431 = LINE('',#4432,#4433);
#4432 = CARTESIAN_POINT('',(-1.545,-0.8,5.5E-02));
#4433 = VECTOR('',#4434,1.);
#4434 = DIRECTION('',(1.,0.,0.));
#4435 = ORIENTED_EDGE('',*,*,#4436,.T.);
#4436 = EDGE_CURVE('',#4429,#4371,#4437,.T.);
#4437 = CIRCLE('',#4438,5.5E-02);
#4438 = AXIS2_PLACEMENT_3D('',#4439,#4440,#4441);
#4439 = CARTESIAN_POINT('',(-1.255,-0.8,5.5E-02));
#4440 = DIRECTION('',(0.,1.,0.));
#4441 = DIRECTION('',(0.,-0.,1.));
#4442 = PLANE('',#4443);
#4443 = AXIS2_PLACEMENT_3D('',#4444,#4445,#4446);
#4444 = CARTESIAN_POINT('',(-1.6,-0.8,0.));
#4445 = DIRECTION('',(0.,1.,0.));
#4446 = DIRECTION('',(0.,-0.,1.));
#4447 = ADVANCED_FACE('',(#4448),#4467,.T.);
#4448 = FACE_BOUND('',#4449,.T.);
#4449 = EDGE_LOOP('',(#4450,#4451,#4460,#4466));
#4450 = ORIENTED_EDGE('',*,*,#4338,.T.);
#4451 = ORIENTED_EDGE('',*,*,#4452,.T.);
#4452 = EDGE_CURVE('',#4339,#4453,#4455,.T.);
#4453 = VERTEX_POINT('',#4454);
#4454 = CARTESIAN_POINT('',(-1.545,0.8,0.));
#4455 = CIRCLE('',#4456,5.5E-02);
#4456 = AXIS2_PLACEMENT_3D('',#4457,#4458,#4459);
#4457 = CARTESIAN_POINT('',(-1.545,0.8,5.5E-02));
#4458 = DIRECTION('',(0.,-1.,0.));
#4459 = DIRECTION('',(0.,0.,1.));
#4460 = ORIENTED_EDGE('',*,*,#4461,.F.);
#4461 = EDGE_CURVE('',#4369,#4453,#4462,.T.);
#4462 = LINE('',#4463,#4464);
#4463 = CARTESIAN_POINT('',(-1.545,-0.8,0.));
#4464 = VECTOR('',#4465,1.);
#4465 = DIRECTION('',(0.,1.,0.));
#4466 = ORIENTED_EDGE('',*,*,#4378,.F.);
#4467 = CYLINDRICAL_SURFACE('',#4468,5.5E-02);
#4468 = AXIS2_PLACEMENT_3D('',#4469,#4470,#4471);
#4469 = CARTESIAN_POINT('',(-1.545,-0.8,5.5E-02));
#4470 = DIRECTION('',(0.,1.,0.));
#4471 = DIRECTION('',(-1.,0.,0.));
#4472 = ADVANCED_FACE('',(#4473),#4492,.T.);
#4473 = FACE_BOUND('',#4474,.T.);
#4474 = EDGE_LOOP('',(#4475,#4476,#4484,#4491));
#4475 = ORIENTED_EDGE('',*,*,#4386,.T.);
#4476 = ORIENTED_EDGE('',*,*,#4477,.T.);
#4477 = EDGE_CURVE('',#4387,#4478,#4480,.T.);
#4478 = VERTEX_POINT('',#4479);
#4479 = CARTESIAN_POINT('',(-1.545,0.8,0.55));
#4480 = LINE('',#4481,#4482);
#4481 = CARTESIAN_POINT('',(-1.545,-0.8,0.55));
#4482 = VECTOR('',#4483,1.);
#4483 = DIRECTION('',(0.,1.,0.));
#4484 = ORIENTED_EDGE('',*,*,#4485,.F.);
#4485 = EDGE_CURVE('',#4347,#4478,#4486,.T.);
#4486 = CIRCLE('',#4487,5.5E-02);
#4487 = AXIS2_PLACEMENT_3D('',#4488,#4489,#4490);
#4488 = CARTESIAN_POINT('',(-1.545,0.8,0.495));
#4489 = DIRECTION('',(0.,1.,0.));
#4490 = DIRECTION('',(0.,-0.,1.));
#4491 = ORIENTED_EDGE('',*,*,#4354,.F.);
#4492 = CYLINDRICAL_SURFACE('',#4493,5.5E-02);
#4493 = AXIS2_PLACEMENT_3D('',#4494,#4495,#4496);
#4494 = CARTESIAN_POINT('',(-1.545,-0.8,0.495));
#4495 = DIRECTION('',(0.,1.,0.));
#4496 = DIRECTION('',(-1.,0.,0.));
#4497 = ADVANCED_FACE('',(#4498),#4559,.T.);
#4498 = FACE_BOUND('',#4499,.T.);
#4499 = EDGE_LOOP('',(#4500,#4508,#4509,#4510,#4511,#4519,#4528,#4536,
    #4544,#4552));
#4500 = ORIENTED_EDGE('',*,*,#4501,.F.);
#4501 = EDGE_CURVE('',#4453,#4502,#4504,.T.);
#4502 = VERTEX_POINT('',#4503);
#4503 = CARTESIAN_POINT('',(-1.255,0.8,0.));
#4504 = LINE('',#4505,#4506);
#4505 = CARTESIAN_POINT('',(-1.6,0.8,0.));
#4506 = VECTOR('',#4507,1.);
#4507 = DIRECTION('',(1.,0.,0.));
#4508 = ORIENTED_EDGE('',*,*,#4452,.F.);
#4509 = ORIENTED_EDGE('',*,*,#4346,.T.);
#4510 = ORIENTED_EDGE('',*,*,#4485,.T.);
#4511 = ORIENTED_EDGE('',*,*,#4512,.T.);
#4512 = EDGE_CURVE('',#4478,#4513,#4515,.T.);
#4513 = VERTEX_POINT('',#4514);
#4514 = CARTESIAN_POINT('',(-1.255,0.8,0.55));
#4515 = LINE('',#4516,#4517);
#4516 = CARTESIAN_POINT('',(-1.6,0.8,0.55));
#4517 = VECTOR('',#4518,1.);
#4518 = DIRECTION('',(1.,0.,0.));
#4519 = ORIENTED_EDGE('',*,*,#4520,.F.);
#4520 = EDGE_CURVE('',#4521,#4513,#4523,.T.);
#4521 = VERTEX_POINT('',#4522);
#4522 = CARTESIAN_POINT('',(-1.2,0.8,0.495));
#4523 = CIRCLE('',#4524,5.5E-02);
#4524 = AXIS2_PLACEMENT_3D('',#4525,#4526,#4527);
#4525 = CARTESIAN_POINT('',(-1.255,0.8,0.495));
#4526 = DIRECTION('',(0.,-1.,0.));
#4527 = DIRECTION('',(0.,0.,1.));
#4528 = ORIENTED_EDGE('',*,*,#4529,.F.);
#4529 = EDGE_CURVE('',#4530,#4521,#4532,.T.);
#4530 = VERTEX_POINT('',#4531);
#4531 = CARTESIAN_POINT('',(-1.545,0.8,0.495));
#4532 = LINE('',#4533,#4534);
#4533 = CARTESIAN_POINT('',(-1.545,0.8,0.495));
#4534 = VECTOR('',#4535,1.);
#4535 = DIRECTION('',(1.,0.,0.));
#4536 = ORIENTED_EDGE('',*,*,#4537,.F.);
#4537 = EDGE_CURVE('',#4538,#4530,#4540,.T.);
#4538 = VERTEX_POINT('',#4539);
#4539 = CARTESIAN_POINT('',(-1.545,0.8,5.5E-02));
#4540 = LINE('',#4541,#4542);
#4541 = CARTESIAN_POINT('',(-1.545,0.8,5.5E-02));
#4542 = VECTOR('',#4543,1.);
#4543 = DIRECTION('',(0.,0.,1.));
#4544 = ORIENTED_EDGE('',*,*,#4545,.T.);
#4545 = EDGE_CURVE('',#4538,#4546,#4548,.T.);
#4546 = VERTEX_POINT('',#4547);
#4547 = CARTESIAN_POINT('',(-1.2,0.8,5.5E-02));
#4548 = LINE('',#4549,#4550);
#4549 = CARTESIAN_POINT('',(-1.545,0.8,5.5E-02));
#4550 = VECTOR('',#4551,1.);
#4551 = DIRECTION('',(1.,0.,0.));
#4552 = ORIENTED_EDGE('',*,*,#4553,.T.);
#4553 = EDGE_CURVE('',#4546,#4502,#4554,.T.);
#4554 = CIRCLE('',#4555,5.5E-02);
#4555 = AXIS2_PLACEMENT_3D('',#4556,#4557,#4558);
#4556 = CARTESIAN_POINT('',(-1.255,0.8,5.5E-02));
#4557 = DIRECTION('',(0.,1.,0.));
#4558 = DIRECTION('',(0.,-0.,1.));
#4559 = PLANE('',#4560);
#4560 = AXIS2_PLACEMENT_3D('',#4561,#4562,#4563);
#4561 = CARTESIAN_POINT('',(-1.6,0.8,0.));
#4562 = DIRECTION('',(0.,1.,0.));
#4563 = DIRECTION('',(0.,-0.,1.));
#4564 = ADVANCED_FACE('',(#4565),#4576,.F.);
#4565 = FACE_BOUND('',#4566,.F.);
#4566 = EDGE_LOOP('',(#4567,#4568,#4569,#4570));
#4567 = ORIENTED_EDGE('',*,*,#4501,.F.);
#4568 = ORIENTED_EDGE('',*,*,#4461,.F.);
#4569 = ORIENTED_EDGE('',*,*,#4368,.T.);
#4570 = ORIENTED_EDGE('',*,*,#4571,.T.);
#4571 = EDGE_CURVE('',#4371,#4502,#4572,.T.);
#4572 = LINE('',#4573,#4574);
#4573 = CARTESIAN_POINT('',(-1.255,-0.8,0.));
#4574 = VECTOR('',#4575,1.);
#4575 = DIRECTION('',(0.,1.,0.));
#4576 = PLANE('',#4577);
#4577 = AXIS2_PLACEMENT_3D('',#4578,#4579,#4580);
#4578 = CARTESIAN_POINT('',(-1.6,-0.8,0.));
#4579 = DIRECTION('',(0.,0.,1.));
#4580 = DIRECTION('',(1.,0.,-0.));
#4581 = ADVANCED_FACE('',(#4582),#4593,.T.);
#4582 = FACE_BOUND('',#4583,.T.);
#4583 = EDGE_LOOP('',(#4584,#4585,#4586,#4587));
#4584 = ORIENTED_EDGE('',*,*,#4436,.T.);
#4585 = ORIENTED_EDGE('',*,*,#4571,.T.);
#4586 = ORIENTED_EDGE('',*,*,#4553,.F.);
#4587 = ORIENTED_EDGE('',*,*,#4588,.F.);
#4588 = EDGE_CURVE('',#4429,#4546,#4589,.T.);
#4589 = LINE('',#4590,#4591);
#4590 = CARTESIAN_POINT('',(-1.2,-0.8,5.5E-02));
#4591 = VECTOR('',#4592,1.);
#4592 = DIRECTION('',(0.,1.,0.));
#4593 = CYLINDRICAL_SURFACE('',#4594,5.5E-02);
#4594 = AXIS2_PLACEMENT_3D('',#4595,#4596,#4597);
#4595 = CARTESIAN_POINT('',(-1.255,-0.8,5.5E-02));
#4596 = DIRECTION('',(0.,1.,0.));
#4597 = DIRECTION('',(1.,0.,0.));
#4598 = ADVANCED_FACE('',(#4599),#4642,.F.);
#4599 = FACE_BOUND('',#4600,.F.);
#4600 = EDGE_LOOP('',(#4601,#4602,#4603,#4604,#4612,#4620,#4628,#4636));
#4601 = ORIENTED_EDGE('',*,*,#4428,.F.);
#4602 = ORIENTED_EDGE('',*,*,#4420,.T.);
#4603 = ORIENTED_EDGE('',*,*,#4412,.T.);
#4604 = ORIENTED_EDGE('',*,*,#4605,.T.);
#4605 = EDGE_CURVE('',#4404,#4606,#4608,.T.);
#4606 = VERTEX_POINT('',#4607);
#4607 = CARTESIAN_POINT('',(1.2,-0.8,0.495));
#4608 = LINE('',#4609,#4610);
#4609 = CARTESIAN_POINT('',(-1.2,-0.8,0.495));
#4610 = VECTOR('',#4611,1.);
#4611 = DIRECTION('',(1.,0.,0.));
#4612 = ORIENTED_EDGE('',*,*,#4613,.T.);
#4613 = EDGE_CURVE('',#4606,#4614,#4616,.T.);
#4614 = VERTEX_POINT('',#4615);
#4615 = CARTESIAN_POINT('',(1.545,-0.8,0.495));
#4616 = LINE('',#4617,#4618);
#4617 = CARTESIAN_POINT('',(-1.545,-0.8,0.495));
#4618 = VECTOR('',#4619,1.);
#4619 = DIRECTION('',(1.,0.,0.));
#4620 = ORIENTED_EDGE('',*,*,#4621,.F.);
#4621 = EDGE_CURVE('',#4622,#4614,#4624,.T.);
#4622 = VERTEX_POINT('',#4623);
#4623 = CARTESIAN_POINT('',(1.545,-0.8,5.5E-02));
#4624 = LINE('',#4625,#4626);
#4625 = CARTESIAN_POINT('',(1.545,-0.8,5.5E-02));
#4626 = VECTOR('',#4627,1.);
#4627 = DIRECTION('',(0.,0.,1.));
#4628 = ORIENTED_EDGE('',*,*,#4629,.F.);
#4629 = EDGE_CURVE('',#4630,#4622,#4632,.T.);
#4630 = VERTEX_POINT('',#4631);
#4631 = CARTESIAN_POINT('',(1.2,-0.8,5.5E-02));
#4632 = LINE('',#4633,#4634);
#4633 = CARTESIAN_POINT('',(-1.545,-0.8,5.5E-02));
#4634 = VECTOR('',#4635,1.);
#4635 = DIRECTION('',(1.,0.,0.));
#4636 = ORIENTED_EDGE('',*,*,#4637,.F.);
#4637 = EDGE_CURVE('',#4429,#4630,#4638,.T.);
#4638 = LINE('',#4639,#4640);
#4639 = CARTESIAN_POINT('',(-1.545,-0.8,5.5E-02));
#4640 = VECTOR('',#4641,1.);
#4641 = DIRECTION('',(1.,0.,0.));
#4642 = PLANE('',#4643);
#4643 = AXIS2_PLACEMENT_3D('',#4644,#4645,#4646);
#4644 = CARTESIAN_POINT('',(-1.545,-0.8,5.5E-02));
#4645 = DIRECTION('',(0.,1.,0.));
#4646 = DIRECTION('',(0.,-0.,1.));
#4647 = ADVANCED_FACE('',(#4648),#4659,.T.);
#4648 = FACE_BOUND('',#4649,.T.);
#4649 = EDGE_LOOP('',(#4650,#4651,#4652,#4653));
#4650 = ORIENTED_EDGE('',*,*,#4512,.F.);
#4651 = ORIENTED_EDGE('',*,*,#4477,.F.);
#4652 = ORIENTED_EDGE('',*,*,#4395,.T.);
#4653 = ORIENTED_EDGE('',*,*,#4654,.T.);
#4654 = EDGE_CURVE('',#4396,#4513,#4655,.T.);
#4655 = LINE('',#4656,#4657);
#4656 = CARTESIAN_POINT('',(-1.255,-0.8,0.55));
#4657 = VECTOR('',#4658,1.);
#4658 = DIRECTION('',(0.,1.,0.));
#4659 = PLANE('',#4660);
#4660 = AXIS2_PLACEMENT_3D('',#4661,#4662,#4663);
#4661 = CARTESIAN_POINT('',(-1.6,-0.8,0.55));
#4662 = DIRECTION('',(0.,0.,1.));
#4663 = DIRECTION('',(1.,0.,-0.));
#4664 = ADVANCED_FACE('',(#4665),#4676,.T.);
#4665 = FACE_BOUND('',#4666,.T.);
#4666 = EDGE_LOOP('',(#4667,#4673,#4674,#4675));
#4667 = ORIENTED_EDGE('',*,*,#4668,.T.);
#4668 = EDGE_CURVE('',#4404,#4521,#4669,.T.);
#4669 = LINE('',#4670,#4671);
#4670 = CARTESIAN_POINT('',(-1.2,-0.8,0.495));
#4671 = VECTOR('',#4672,1.);
#4672 = DIRECTION('',(0.,1.,0.));
#4673 = ORIENTED_EDGE('',*,*,#4520,.T.);
#4674 = ORIENTED_EDGE('',*,*,#4654,.F.);
#4675 = ORIENTED_EDGE('',*,*,#4403,.F.);
#4676 = CYLINDRICAL_SURFACE('',#4677,5.5E-02);
#4677 = AXIS2_PLACEMENT_3D('',#4678,#4679,#4680);
#4678 = CARTESIAN_POINT('',(-1.255,-0.8,0.495));
#4679 = DIRECTION('',(0.,1.,0.));
#4680 = DIRECTION('',(1.,0.,0.));
#4681 = ADVANCED_FACE('',(#4682),#4725,.T.);
#4682 = FACE_BOUND('',#4683,.T.);
#4683 = EDGE_LOOP('',(#4684,#4685,#4686,#4687,#4695,#4703,#4711,#4719));
#4684 = ORIENTED_EDGE('',*,*,#4545,.F.);
#4685 = ORIENTED_EDGE('',*,*,#4537,.T.);
#4686 = ORIENTED_EDGE('',*,*,#4529,.T.);
#4687 = ORIENTED_EDGE('',*,*,#4688,.T.);
#4688 = EDGE_CURVE('',#4521,#4689,#4691,.T.);
#4689 = VERTEX_POINT('',#4690);
#4690 = CARTESIAN_POINT('',(1.2,0.8,0.495));
#4691 = LINE('',#4692,#4693);
#4692 = CARTESIAN_POINT('',(-1.2,0.8,0.495));
#4693 = VECTOR('',#4694,1.);
#4694 = DIRECTION('',(1.,0.,0.));
#4695 = ORIENTED_EDGE('',*,*,#4696,.T.);
#4696 = EDGE_CURVE('',#4689,#4697,#4699,.T.);
#4697 = VERTEX_POINT('',#4698);
#4698 = CARTESIAN_POINT('',(1.545,0.8,0.495));
#4699 = LINE('',#4700,#4701);
#4700 = CARTESIAN_POINT('',(-1.545,0.8,0.495));
#4701 = VECTOR('',#4702,1.);
#4702 = DIRECTION('',(1.,0.,0.));
#4703 = ORIENTED_EDGE('',*,*,#4704,.F.);
#4704 = EDGE_CURVE('',#4705,#4697,#4707,.T.);
#4705 = VERTEX_POINT('',#4706);
#4706 = CARTESIAN_POINT('',(1.545,0.8,5.5E-02));
#4707 = LINE('',#4708,#4709);
#4708 = CARTESIAN_POINT('',(1.545,0.8,5.5E-02));
#4709 = VECTOR('',#4710,1.);
#4710 = DIRECTION('',(0.,0.,1.));
#4711 = ORIENTED_EDGE('',*,*,#4712,.F.);
#4712 = EDGE_CURVE('',#4713,#4705,#4715,.T.);
#4713 = VERTEX_POINT('',#4714);
#4714 = CARTESIAN_POINT('',(1.2,0.8,5.5E-02));
#4715 = LINE('',#4716,#4717);
#4716 = CARTESIAN_POINT('',(-1.545,0.8,5.5E-02));
#4717 = VECTOR('',#4718,1.);
#4718 = DIRECTION('',(1.,0.,0.));
#4719 = ORIENTED_EDGE('',*,*,#4720,.F.);
#4720 = EDGE_CURVE('',#4546,#4713,#4721,.T.);
#4721 = LINE('',#4722,#4723);
#4722 = CARTESIAN_POINT('',(-1.545,0.8,5.5E-02));
#4723 = VECTOR('',#4724,1.);
#4724 = DIRECTION('',(1.,0.,0.));
#4725 = PLANE('',#4726);
#4726 = AXIS2_PLACEMENT_3D('',#4727,#4728,#4729);
#4727 = CARTESIAN_POINT('',(-1.545,0.8,5.5E-02));
#4728 = DIRECTION('',(0.,1.,0.));
#4729 = DIRECTION('',(0.,-0.,1.));
#4730 = ADVANCED_FACE('',(#4731),#4742,.F.);
#4731 = FACE_BOUND('',#4732,.F.);
#4732 = EDGE_LOOP('',(#4733,#4734,#4735,#4741));
#4733 = ORIENTED_EDGE('',*,*,#4588,.F.);
#4734 = ORIENTED_EDGE('',*,*,#4637,.T.);
#4735 = ORIENTED_EDGE('',*,*,#4736,.T.);
#4736 = EDGE_CURVE('',#4630,#4713,#4737,.T.);
#4737 = LINE('',#4738,#4739);
#4738 = CARTESIAN_POINT('',(1.2,-0.8,5.5E-02));
#4739 = VECTOR('',#4740,1.);
#4740 = DIRECTION('',(0.,1.,0.));
#4741 = ORIENTED_EDGE('',*,*,#4720,.F.);
#4742 = PLANE('',#4743);
#4743 = AXIS2_PLACEMENT_3D('',#4744,#4745,#4746);
#4744 = CARTESIAN_POINT('',(-1.545,-0.8,5.5E-02));
#4745 = DIRECTION('',(0.,0.,1.));
#4746 = DIRECTION('',(1.,0.,-0.));
#4747 = ADVANCED_FACE('',(#4748),#4811,.F.);
#4748 = FACE_BOUND('',#4749,.F.);
#4749 = EDGE_LOOP('',(#4750,#4760,#4767,#4768,#4769,#4770,#4779,#4787,
    #4796,#4804));
#4750 = ORIENTED_EDGE('',*,*,#4751,.F.);
#4751 = EDGE_CURVE('',#4752,#4754,#4756,.T.);
#4752 = VERTEX_POINT('',#4753);
#4753 = CARTESIAN_POINT('',(1.255,-0.8,0.));
#4754 = VERTEX_POINT('',#4755);
#4755 = CARTESIAN_POINT('',(1.545,-0.8,0.));
#4756 = LINE('',#4757,#4758);
#4757 = CARTESIAN_POINT('',(1.2,-0.8,0.));
#4758 = VECTOR('',#4759,1.);
#4759 = DIRECTION('',(1.,0.,0.));
#4760 = ORIENTED_EDGE('',*,*,#4761,.F.);
#4761 = EDGE_CURVE('',#4630,#4752,#4762,.T.);
#4762 = CIRCLE('',#4763,5.5E-02);
#4763 = AXIS2_PLACEMENT_3D('',#4764,#4765,#4766);
#4764 = CARTESIAN_POINT('',(1.255,-0.8,5.5E-02));
#4765 = DIRECTION('',(0.,-1.,0.));
#4766 = DIRECTION('',(0.,0.,1.));
#4767 = ORIENTED_EDGE('',*,*,#4629,.T.);
#4768 = ORIENTED_EDGE('',*,*,#4621,.T.);
#4769 = ORIENTED_EDGE('',*,*,#4613,.F.);
#4770 = ORIENTED_EDGE('',*,*,#4771,.T.);
#4771 = EDGE_CURVE('',#4606,#4772,#4774,.T.);
#4772 = VERTEX_POINT('',#4773);
#4773 = CARTESIAN_POINT('',(1.255,-0.8,0.55));
#4774 = CIRCLE('',#4775,5.5E-02);
#4775 = AXIS2_PLACEMENT_3D('',#4776,#4777,#4778);
#4776 = CARTESIAN_POINT('',(1.255,-0.8,0.495));
#4777 = DIRECTION('',(0.,1.,0.));
#4778 = DIRECTION('',(0.,-0.,1.));
#4779 = ORIENTED_EDGE('',*,*,#4780,.T.);
#4780 = EDGE_CURVE('',#4772,#4781,#4783,.T.);
#4781 = VERTEX_POINT('',#4782);
#4782 = CARTESIAN_POINT('',(1.545,-0.8,0.55));
#4783 = LINE('',#4784,#4785);
#4784 = CARTESIAN_POINT('',(1.2,-0.8,0.55));
#4785 = VECTOR('',#4786,1.);
#4786 = DIRECTION('',(1.,0.,0.));
#4787 = ORIENTED_EDGE('',*,*,#4788,.F.);
#4788 = EDGE_CURVE('',#4789,#4781,#4791,.T.);
#4789 = VERTEX_POINT('',#4790);
#4790 = CARTESIAN_POINT('',(1.6,-0.8,0.495));
#4791 = CIRCLE('',#4792,5.5E-02);
#4792 = AXIS2_PLACEMENT_3D('',#4793,#4794,#4795);
#4793 = CARTESIAN_POINT('',(1.545,-0.8,0.495));
#4794 = DIRECTION('',(0.,-1.,0.));
#4795 = DIRECTION('',(0.,0.,1.));
#4796 = ORIENTED_EDGE('',*,*,#4797,.F.);
#4797 = EDGE_CURVE('',#4798,#4789,#4800,.T.);
#4798 = VERTEX_POINT('',#4799);
#4799 = CARTESIAN_POINT('',(1.6,-0.8,5.5E-02));
#4800 = LINE('',#4801,#4802);
#4801 = CARTESIAN_POINT('',(1.6,-0.8,0.));
#4802 = VECTOR('',#4803,1.);
#4803 = DIRECTION('',(0.,0.,1.));
#4804 = ORIENTED_EDGE('',*,*,#4805,.T.);
#4805 = EDGE_CURVE('',#4798,#4754,#4806,.T.);
#4806 = CIRCLE('',#4807,5.5E-02);
#4807 = AXIS2_PLACEMENT_3D('',#4808,#4809,#4810);
#4808 = CARTESIAN_POINT('',(1.545,-0.8,5.5E-02));
#4809 = DIRECTION('',(0.,1.,0.));
#4810 = DIRECTION('',(0.,-0.,1.));
#4811 = PLANE('',#4812);
#4812 = AXIS2_PLACEMENT_3D('',#4813,#4814,#4815);
#4813 = CARTESIAN_POINT('',(1.2,-0.8,0.));
#4814 = DIRECTION('',(0.,1.,0.));
#4815 = DIRECTION('',(0.,-0.,1.));
#4816 = ADVANCED_FACE('',(#4817),#4842,.F.);
#4817 = FACE_BOUND('',#4818,.F.);
#4818 = EDGE_LOOP('',(#4819,#4820,#4828,#4836));
#4819 = ORIENTED_EDGE('',*,*,#4605,.F.);
#4820 = ORIENTED_EDGE('',*,*,#4821,.T.);
#4821 = EDGE_CURVE('',#4404,#4822,#4824,.T.);
#4822 = VERTEX_POINT('',#4823);
#4823 = CARTESIAN_POINT('',(-1.2,-0.8,0.55));
#4824 = LINE('',#4825,#4826);
#4825 = CARTESIAN_POINT('',(-1.2,-0.8,0.495));
#4826 = VECTOR('',#4827,1.);
#4827 = DIRECTION('',(0.,0.,1.));
#4828 = ORIENTED_EDGE('',*,*,#4829,.T.);
#4829 = EDGE_CURVE('',#4822,#4830,#4832,.T.);
#4830 = VERTEX_POINT('',#4831);
#4831 = CARTESIAN_POINT('',(1.2,-0.8,0.55));
#4832 = LINE('',#4833,#4834);
#4833 = CARTESIAN_POINT('',(-1.2,-0.8,0.55));
#4834 = VECTOR('',#4835,1.);
#4835 = DIRECTION('',(1.,0.,0.));
#4836 = ORIENTED_EDGE('',*,*,#4837,.F.);
#4837 = EDGE_CURVE('',#4606,#4830,#4838,.T.);
#4838 = LINE('',#4839,#4840);
#4839 = CARTESIAN_POINT('',(1.2,-0.8,0.495));
#4840 = VECTOR('',#4841,1.);
#4841 = DIRECTION('',(0.,0.,1.));
#4842 = PLANE('',#4843);
#4843 = AXIS2_PLACEMENT_3D('',#4844,#4845,#4846);
#4844 = CARTESIAN_POINT('',(-1.2,-0.8,0.495));
#4845 = DIRECTION('',(0.,1.,0.));
#4846 = DIRECTION('',(0.,-0.,1.));
#4847 = ADVANCED_FACE('',(#4848),#4866,.F.);
#4848 = FACE_BOUND('',#4849,.F.);
#4849 = EDGE_LOOP('',(#4850,#4851,#4852,#4860));
#4850 = ORIENTED_EDGE('',*,*,#4821,.F.);
#4851 = ORIENTED_EDGE('',*,*,#4668,.T.);
#4852 = ORIENTED_EDGE('',*,*,#4853,.T.);
#4853 = EDGE_CURVE('',#4521,#4854,#4856,.T.);
#4854 = VERTEX_POINT('',#4855);
#4855 = CARTESIAN_POINT('',(-1.2,0.8,0.55));
#4856 = LINE('',#4857,#4858);
#4857 = CARTESIAN_POINT('',(-1.2,0.8,0.495));
#4858 = VECTOR('',#4859,1.);
#4859 = DIRECTION('',(0.,0.,1.));
#4860 = ORIENTED_EDGE('',*,*,#4861,.F.);
#4861 = EDGE_CURVE('',#4822,#4854,#4862,.T.);
#4862 = LINE('',#4863,#4864);
#4863 = CARTESIAN_POINT('',(-1.2,-0.8,0.55));
#4864 = VECTOR('',#4865,1.);
#4865 = DIRECTION('',(0.,1.,0.));
#4866 = PLANE('',#4867);
#4867 = AXIS2_PLACEMENT_3D('',#4868,#4869,#4870);
#4868 = CARTESIAN_POINT('',(-1.2,-0.8,0.495));
#4869 = DIRECTION('',(1.,0.,0.));
#4870 = DIRECTION('',(0.,0.,1.));
#4871 = ADVANCED_FACE('',(#4872),#4935,.T.);
#4872 = FACE_BOUND('',#4873,.T.);
#4873 = EDGE_LOOP('',(#4874,#4884,#4891,#4892,#4893,#4894,#4903,#4911,
    #4920,#4928));
#4874 = ORIENTED_EDGE('',*,*,#4875,.F.);
#4875 = EDGE_CURVE('',#4876,#4878,#4880,.T.);
#4876 = VERTEX_POINT('',#4877);
#4877 = CARTESIAN_POINT('',(1.255,0.8,0.));
#4878 = VERTEX_POINT('',#4879);
#4879 = CARTESIAN_POINT('',(1.545,0.8,0.));
#4880 = LINE('',#4881,#4882);
#4881 = CARTESIAN_POINT('',(1.2,0.8,0.));
#4882 = VECTOR('',#4883,1.);
#4883 = DIRECTION('',(1.,0.,0.));
#4884 = ORIENTED_EDGE('',*,*,#4885,.F.);
#4885 = EDGE_CURVE('',#4713,#4876,#4886,.T.);
#4886 = CIRCLE('',#4887,5.5E-02);
#4887 = AXIS2_PLACEMENT_3D('',#4888,#4889,#4890);
#4888 = CARTESIAN_POINT('',(1.255,0.8,5.5E-02));
#4889 = DIRECTION('',(0.,-1.,0.));
#4890 = DIRECTION('',(0.,0.,1.));
#4891 = ORIENTED_EDGE('',*,*,#4712,.T.);
#4892 = ORIENTED_EDGE('',*,*,#4704,.T.);
#4893 = ORIENTED_EDGE('',*,*,#4696,.F.);
#4894 = ORIENTED_EDGE('',*,*,#4895,.T.);
#4895 = EDGE_CURVE('',#4689,#4896,#4898,.T.);
#4896 = VERTEX_POINT('',#4897);
#4897 = CARTESIAN_POINT('',(1.255,0.8,0.55));
#4898 = CIRCLE('',#4899,5.5E-02);
#4899 = AXIS2_PLACEMENT_3D('',#4900,#4901,#4902);
#4900 = CARTESIAN_POINT('',(1.255,0.8,0.495));
#4901 = DIRECTION('',(0.,1.,0.));
#4902 = DIRECTION('',(0.,-0.,1.));
#4903 = ORIENTED_EDGE('',*,*,#4904,.T.);
#4904 = EDGE_CURVE('',#4896,#4905,#4907,.T.);
#4905 = VERTEX_POINT('',#4906);
#4906 = CARTESIAN_POINT('',(1.545,0.8,0.55));
#4907 = LINE('',#4908,#4909);
#4908 = CARTESIAN_POINT('',(1.2,0.8,0.55));
#4909 = VECTOR('',#4910,1.);
#4910 = DIRECTION('',(1.,0.,0.));
#4911 = ORIENTED_EDGE('',*,*,#4912,.F.);
#4912 = EDGE_CURVE('',#4913,#4905,#4915,.T.);
#4913 = VERTEX_POINT('',#4914);
#4914 = CARTESIAN_POINT('',(1.6,0.8,0.495));
#4915 = CIRCLE('',#4916,5.5E-02);
#4916 = AXIS2_PLACEMENT_3D('',#4917,#4918,#4919);
#4917 = CARTESIAN_POINT('',(1.545,0.8,0.495));
#4918 = DIRECTION('',(0.,-1.,0.));
#4919 = DIRECTION('',(0.,0.,1.));
#4920 = ORIENTED_EDGE('',*,*,#4921,.F.);
#4921 = EDGE_CURVE('',#4922,#4913,#4924,.T.);
#4922 = VERTEX_POINT('',#4923);
#4923 = CARTESIAN_POINT('',(1.6,0.8,5.5E-02));
#4924 = LINE('',#4925,#4926);
#4925 = CARTESIAN_POINT('',(1.6,0.8,0.));
#4926 = VECTOR('',#4927,1.);
#4927 = DIRECTION('',(0.,0.,1.));
#4928 = ORIENTED_EDGE('',*,*,#4929,.T.);
#4929 = EDGE_CURVE('',#4922,#4878,#4930,.T.);
#4930 = CIRCLE('',#4931,5.5E-02);
#4931 = AXIS2_PLACEMENT_3D('',#4932,#4933,#4934);
#4932 = CARTESIAN_POINT('',(1.545,0.8,5.5E-02));
#4933 = DIRECTION('',(0.,1.,0.));
#4934 = DIRECTION('',(0.,-0.,1.));
#4935 = PLANE('',#4936);
#4936 = AXIS2_PLACEMENT_3D('',#4937,#4938,#4939);
#4937 = CARTESIAN_POINT('',(1.2,0.8,0.));
#4938 = DIRECTION('',(0.,1.,0.));
#4939 = DIRECTION('',(0.,-0.,1.));
#4940 = ADVANCED_FACE('',(#4941),#4959,.T.);
#4941 = FACE_BOUND('',#4942,.T.);
#4942 = EDGE_LOOP('',(#4943,#4944,#4945,#4953));
#4943 = ORIENTED_EDGE('',*,*,#4688,.F.);
#4944 = ORIENTED_EDGE('',*,*,#4853,.T.);
#4945 = ORIENTED_EDGE('',*,*,#4946,.T.);
#4946 = EDGE_CURVE('',#4854,#4947,#4949,.T.);
#4947 = VERTEX_POINT('',#4948);
#4948 = CARTESIAN_POINT('',(1.2,0.8,0.55));
#4949 = LINE('',#4950,#4951);
#4950 = CARTESIAN_POINT('',(-1.2,0.8,0.55));
#4951 = VECTOR('',#4952,1.);
#4952 = DIRECTION('',(1.,0.,0.));
#4953 = ORIENTED_EDGE('',*,*,#4954,.F.);
#4954 = EDGE_CURVE('',#4689,#4947,#4955,.T.);
#4955 = LINE('',#4956,#4957);
#4956 = CARTESIAN_POINT('',(1.2,0.8,0.495));
#4957 = VECTOR('',#4958,1.);
#4958 = DIRECTION('',(0.,0.,1.));
#4959 = PLANE('',#4960);
#4960 = AXIS2_PLACEMENT_3D('',#4961,#4962,#4963);
#4961 = CARTESIAN_POINT('',(-1.2,0.8,0.495));
#4962 = DIRECTION('',(0.,1.,0.));
#4963 = DIRECTION('',(0.,-0.,1.));
#4964 = ADVANCED_FACE('',(#4965),#4976,.T.);
#4965 = FACE_BOUND('',#4966,.T.);
#4966 = EDGE_LOOP('',(#4967,#4968,#4969,#4975));
#4967 = ORIENTED_EDGE('',*,*,#4736,.T.);
#4968 = ORIENTED_EDGE('',*,*,#4885,.T.);
#4969 = ORIENTED_EDGE('',*,*,#4970,.F.);
#4970 = EDGE_CURVE('',#4752,#4876,#4971,.T.);
#4971 = LINE('',#4972,#4973);
#4972 = CARTESIAN_POINT('',(1.255,-0.8,0.));
#4973 = VECTOR('',#4974,1.);
#4974 = DIRECTION('',(0.,1.,0.));
#4975 = ORIENTED_EDGE('',*,*,#4761,.F.);
#4976 = CYLINDRICAL_SURFACE('',#4977,5.5E-02);
#4977 = AXIS2_PLACEMENT_3D('',#4978,#4979,#4980);
#4978 = CARTESIAN_POINT('',(1.255,-0.8,5.5E-02));
#4979 = DIRECTION('',(0.,1.,0.));
#4980 = DIRECTION('',(-1.,0.,0.));
#4981 = ADVANCED_FACE('',(#4982),#4993,.F.);
#4982 = FACE_BOUND('',#4983,.F.);
#4983 = EDGE_LOOP('',(#4984,#4985,#4986,#4987));
#4984 = ORIENTED_EDGE('',*,*,#4875,.F.);
#4985 = ORIENTED_EDGE('',*,*,#4970,.F.);
#4986 = ORIENTED_EDGE('',*,*,#4751,.T.);
#4987 = ORIENTED_EDGE('',*,*,#4988,.T.);
#4988 = EDGE_CURVE('',#4754,#4878,#4989,.T.);
#4989 = LINE('',#4990,#4991);
#4990 = CARTESIAN_POINT('',(1.545,-0.8,0.));
#4991 = VECTOR('',#4992,1.);
#4992 = DIRECTION('',(0.,1.,0.));
#4993 = PLANE('',#4994);
#4994 = AXIS2_PLACEMENT_3D('',#4995,#4996,#4997);
#4995 = CARTESIAN_POINT('',(1.2,-0.8,0.));
#4996 = DIRECTION('',(0.,0.,1.));
#4997 = DIRECTION('',(1.,0.,-0.));
#4998 = ADVANCED_FACE('',(#4999),#5010,.T.);
#4999 = FACE_BOUND('',#5000,.T.);
#5000 = EDGE_LOOP('',(#5001,#5002,#5003,#5004));
#5001 = ORIENTED_EDGE('',*,*,#4805,.T.);
#5002 = ORIENTED_EDGE('',*,*,#4988,.T.);
#5003 = ORIENTED_EDGE('',*,*,#4929,.F.);
#5004 = ORIENTED_EDGE('',*,*,#5005,.F.);
#5005 = EDGE_CURVE('',#4798,#4922,#5006,.T.);
#5006 = LINE('',#5007,#5008);
#5007 = CARTESIAN_POINT('',(1.6,-0.8,5.5E-02));
#5008 = VECTOR('',#5009,1.);
#5009 = DIRECTION('',(0.,1.,0.));
#5010 = CYLINDRICAL_SURFACE('',#5011,5.5E-02);
#5011 = AXIS2_PLACEMENT_3D('',#5012,#5013,#5014);
#5012 = CARTESIAN_POINT('',(1.545,-0.8,5.5E-02));
#5013 = DIRECTION('',(0.,1.,0.));
#5014 = DIRECTION('',(1.,0.,0.));
#5015 = ADVANCED_FACE('',(#5016),#5027,.T.);
#5016 = FACE_BOUND('',#5017,.T.);
#5017 = EDGE_LOOP('',(#5018,#5019,#5020,#5021));
#5018 = ORIENTED_EDGE('',*,*,#4797,.F.);
#5019 = ORIENTED_EDGE('',*,*,#5005,.T.);
#5020 = ORIENTED_EDGE('',*,*,#4921,.T.);
#5021 = ORIENTED_EDGE('',*,*,#5022,.F.);
#5022 = EDGE_CURVE('',#4789,#4913,#5023,.T.);
#5023 = LINE('',#5024,#5025);
#5024 = CARTESIAN_POINT('',(1.6,-0.8,0.495));
#5025 = VECTOR('',#5026,1.);
#5026 = DIRECTION('',(0.,1.,0.));
#5027 = PLANE('',#5028);
#5028 = AXIS2_PLACEMENT_3D('',#5029,#5030,#5031);
#5029 = CARTESIAN_POINT('',(1.6,-0.8,0.));
#5030 = DIRECTION('',(1.,0.,0.));
#5031 = DIRECTION('',(0.,0.,1.));
#5032 = ADVANCED_FACE('',(#5033),#5044,.T.);
#5033 = FACE_BOUND('',#5034,.T.);
#5034 = EDGE_LOOP('',(#5035,#5036,#5037,#5043));
#5035 = ORIENTED_EDGE('',*,*,#5022,.T.);
#5036 = ORIENTED_EDGE('',*,*,#4912,.T.);
#5037 = ORIENTED_EDGE('',*,*,#5038,.F.);
#5038 = EDGE_CURVE('',#4781,#4905,#5039,.T.);
#5039 = LINE('',#5040,#5041);
#5040 = CARTESIAN_POINT('',(1.545,-0.8,0.55));
#5041 = VECTOR('',#5042,1.);
#5042 = DIRECTION('',(0.,1.,0.));
#5043 = ORIENTED_EDGE('',*,*,#4788,.F.);
#5044 = CYLINDRICAL_SURFACE('',#5045,5.5E-02);
#5045 = AXIS2_PLACEMENT_3D('',#5046,#5047,#5048);
#5046 = CARTESIAN_POINT('',(1.545,-0.8,0.495));
#5047 = DIRECTION('',(0.,1.,0.));
#5048 = DIRECTION('',(1.,0.,0.));
#5049 = ADVANCED_FACE('',(#5050),#5061,.T.);
#5050 = FACE_BOUND('',#5051,.T.);
#5051 = EDGE_LOOP('',(#5052,#5053,#5059,#5060));
#5052 = ORIENTED_EDGE('',*,*,#4904,.F.);
#5053 = ORIENTED_EDGE('',*,*,#5054,.F.);
#5054 = EDGE_CURVE('',#4772,#4896,#5055,.T.);
#5055 = LINE('',#5056,#5057);
#5056 = CARTESIAN_POINT('',(1.255,-0.8,0.55));
#5057 = VECTOR('',#5058,1.);
#5058 = DIRECTION('',(0.,1.,0.));
#5059 = ORIENTED_EDGE('',*,*,#4780,.T.);
#5060 = ORIENTED_EDGE('',*,*,#5038,.T.);
#5061 = PLANE('',#5062);
#5062 = AXIS2_PLACEMENT_3D('',#5063,#5064,#5065);
#5063 = CARTESIAN_POINT('',(1.2,-0.8,0.55));
#5064 = DIRECTION('',(0.,0.,1.));
#5065 = DIRECTION('',(1.,0.,-0.));
#5066 = ADVANCED_FACE('',(#5067),#5078,.T.);
#5067 = FACE_BOUND('',#5068,.T.);
#5068 = EDGE_LOOP('',(#5069,#5070,#5071,#5072));
#5069 = ORIENTED_EDGE('',*,*,#4771,.T.);
#5070 = ORIENTED_EDGE('',*,*,#5054,.T.);
#5071 = ORIENTED_EDGE('',*,*,#4895,.F.);
#5072 = ORIENTED_EDGE('',*,*,#5073,.F.);
#5073 = EDGE_CURVE('',#4606,#4689,#5074,.T.);
#5074 = LINE('',#5075,#5076);
#5075 = CARTESIAN_POINT('',(1.2,-0.8,0.495));
#5076 = VECTOR('',#5077,1.);
#5077 = DIRECTION('',(0.,1.,0.));
#5078 = CYLINDRICAL_SURFACE('',#5079,5.5E-02);
#5079 = AXIS2_PLACEMENT_3D('',#5080,#5081,#5082);
#5080 = CARTESIAN_POINT('',(1.255,-0.8,0.495));
#5081 = DIRECTION('',(0.,1.,0.));
#5082 = DIRECTION('',(-1.,0.,0.));
#5083 = ADVANCED_FACE('',(#5084),#5095,.T.);
#5084 = FACE_BOUND('',#5085,.T.);
#5085 = EDGE_LOOP('',(#5086,#5087,#5088,#5089));
#5086 = ORIENTED_EDGE('',*,*,#4837,.F.);
#5087 = ORIENTED_EDGE('',*,*,#5073,.T.);
#5088 = ORIENTED_EDGE('',*,*,#4954,.T.);
#5089 = ORIENTED_EDGE('',*,*,#5090,.F.);
#5090 = EDGE_CURVE('',#4830,#4947,#5091,.T.);
#5091 = LINE('',#5092,#5093);
#5092 = CARTESIAN_POINT('',(1.2,-0.8,0.55));
#5093 = VECTOR('',#5094,1.);
#5094 = DIRECTION('',(0.,1.,0.));
#5095 = PLANE('',#5096);
#5096 = AXIS2_PLACEMENT_3D('',#5097,#5098,#5099);
#5097 = CARTESIAN_POINT('',(1.2,-0.8,0.495));
#5098 = DIRECTION('',(1.,0.,0.));
#5099 = DIRECTION('',(0.,0.,1.));
#5100 = ADVANCED_FACE('',(#5101),#5107,.T.);
#5101 = FACE_BOUND('',#5102,.T.);
#5102 = EDGE_LOOP('',(#5103,#5104,#5105,#5106));
#5103 = ORIENTED_EDGE('',*,*,#4861,.F.);
#5104 = ORIENTED_EDGE('',*,*,#4829,.T.);
#5105 = ORIENTED_EDGE('',*,*,#5090,.T.);
#5106 = ORIENTED_EDGE('',*,*,#4946,.F.);
#5107 = PLANE('',#5108);
#5108 = AXIS2_PLACEMENT_3D('',#5109,#5110,#5111);
#5109 = CARTESIAN_POINT('',(-1.2,-0.8,0.55));
#5110 = DIRECTION('',(0.,0.,1.));
#5111 = DIRECTION('',(1.,0.,-0.));
#5112 = ( GEOMETRIC_REPRESENTATION_CONTEXT(3) 
GLOBAL_UNCERTAINTY_ASSIGNED_CONTEXT((#5116)) 
GLOBAL_UNIT_ASSIGNED_CONTEXT((#5113,#5114,#5115)) REPRESENTATION_CONTEXT
('Context #1','3D Context with UNIT and UNCERTAINTY') );
#5113 = ( LENGTH_UNIT() NAMED_UNIT(*) SI_UNIT(.MILLI.,.METRE.) );
#5114 = ( NAMED_UNIT(*) PLANE_ANGLE_UNIT() SI_UNIT($,.RADIAN.) );
#5115 = ( NAMED_UNIT(*) SI_UNIT($,.STERADIAN.) SOLID_ANGLE_UNIT() );
#5116 = UNCERTAINTY_MEASURE_WITH_UNIT(LENGTH_MEASURE(1.E-07),#5113,
  'distance_accuracy_value','confusion accuracy');
#5117 = CONTEXT_DEPENDENT_SHAPE_REPRESENTATION(#5118,#5120);
#5118 = ( REPRESENTATION_RELATIONSHIP('','',#4321,#4298) 
REPRESENTATION_RELATIONSHIP_WITH_TRANSFORMATION(#5119) 
SHAPE_REPRESENTATION_RELATIONSHIP() );
#5119 = ITEM_DEFINED_TRANSFORMATION('','',#11,#4299);
#5120 = PRODUCT_DEFINITION_SHAPE('Placement','Placement of an item',
  #5121);
#5121 = NEXT_ASSEMBLY_USAGE_OCCURRENCE('3','=>[0:1:1:5]','',#4293,#4316,
  $);
#5122 = PRODUCT_RELATED_PRODUCT_CATEGORY('part',$,(#4318));
#5123 = SHAPE_DEFINITION_REPRESENTATION(#5124,#5130);
#5124 = PRODUCT_DEFINITION_SHAPE('','',#5125);
#5125 = PRODUCT_DEFINITION('design','',#5126,#5129);
#5126 = PRODUCT_DEFINITION_FORMATION('','',#5127);
#5127 = PRODUCT('C_1206_3216Metric','C_1206_3216Metric','',(#5128));
#5128 = PRODUCT_CONTEXT('',#2,'mechanical');
#5129 = PRODUCT_DEFINITION_CONTEXT('part definition',#2,'design');
#5130 = SHAPE_REPRESENTATION('',(#11,#5131),#5135);
#5131 = AXIS2_PLACEMENT_3D('',#5132,#5133,#5134);
#5132 = CARTESIAN_POINT('',(0.,0.,0.));
#5133 = DIRECTION('',(0.,0.,1.));
#5134 = DIRECTION('',(1.,0.,-0.));
#5135 = ( GEOMETRIC_REPRESENTATION_CONTEXT(3) 
GLOBAL_UNCERTAINTY_ASSIGNED_CONTEXT((#5139)) 
GLOBAL_UNIT_ASSIGNED_CONTEXT((#5136,#5137,#5138)) REPRESENTATION_CONTEXT
('Context #1','3D Context with UNIT and UNCERTAINTY') );
#5136 = ( LENGTH_UNIT() NAMED_UNIT(*) SI_UNIT(.MILLI.,.METRE.) );
#5137 = ( NAMED_UNIT(*) PLANE_ANGLE_UNIT() SI_UNIT($,.RADIAN.) );
#5138 = ( NAMED_UNIT(*) SI_UNIT($,.STERADIAN.) SOLID_ANGLE_UNIT() );
#5139 = UNCERTAINTY_MEASURE_WITH_UNIT(LENGTH_MEASURE(1.E-07),#5136,
  'distance_accuracy_value','confusion accuracy');
#5140 = CONTEXT_DEPENDENT_SHAPE_REPRESENTATION(#5141,#5143);
#5141 = ( REPRESENTATION_RELATIONSHIP('','',#5130,#10) 
REPRESENTATION_RELATIONSHIP_WITH_TRANSFORMATION(#5142) 
SHAPE_REPRESENTATION_RELATIONSHIP() );
#5142 = ITEM_DEFINED_TRANSFORMATION('','',#11,#23);
#5143 = PRODUCT_DEFINITION_SHAPE('Placement','Placement of an item',
  #5144);
#5144 = NEXT_ASSEMBLY_USAGE_OCCURRENCE('6','C2','',#5,#5125,$);
#5145 = PRODUCT_RELATED_PRODUCT_CATEGORY('part',$,(#5127));
#5146 = SHAPE_DEFINITION_REPRESENTATION(#5147,#5153);
#5147 = PRODUCT_DEFINITION_SHAPE('','',#5148);
#5148 = PRODUCT_DEFINITION('design','',#5149,#5152);
#5149 = PRODUCT_DEFINITION_FORMATION('','',#5150);
#5150 = PRODUCT('C_1206_3216Metric','C_1206_3216Metric','',(#5151));
#5151 = PRODUCT_CONTEXT('',#2,'mechanical');
#5152 = PRODUCT_DEFINITION_CONTEXT('part definition',#2,'design');
#5153 = ADVANCED_BREP_SHAPE_REPRESENTATION('',(#11,#5154),#6008);
#5154 = MANIFOLD_SOLID_BREP('',#5155);
#5155 = CLOSED_SHELL('',(#5156,#5232,#5263,#5288,#5313,#5337,#5361,#5386
    ,#5411,#5428,#5514,#5546,#5570,#5595,#5619,#5644,#5668,#5693,#5710,
    #5796,#5827,#5852,#5877,#5901,#5925,#5950,#5975,#5992));
#5156 = ADVANCED_FACE('',(#5157),#5227,.F.);
#5157 = FACE_BOUND('',#5158,.F.);
#5158 = EDGE_LOOP('',(#5159,#5169,#5178,#5186,#5195,#5203,#5212,#5220));
#5159 = ORIENTED_EDGE('',*,*,#5160,.F.);
#5160 = EDGE_CURVE('',#5161,#5163,#5165,.T.);
#5161 = VERTEX_POINT('',#5162);
#5162 = CARTESIAN_POINT('',(-1.6,-0.8,4.E-02));
#5163 = VERTEX_POINT('',#5164);
#5164 = CARTESIAN_POINT('',(-1.6,-0.8,1.56));
#5165 = LINE('',#5166,#5167);
#5166 = CARTESIAN_POINT('',(-1.6,-0.8,0.));
#5167 = VECTOR('',#5168,1.);
#5168 = DIRECTION('',(0.,0.,1.));
#5169 = ORIENTED_EDGE('',*,*,#5170,.T.);
#5170 = EDGE_CURVE('',#5161,#5171,#5173,.T.);
#5171 = VERTEX_POINT('',#5172);
#5172 = CARTESIAN_POINT('',(-1.6,-0.76,0.));
#5173 = CIRCLE('',#5174,4.E-02);
#5174 = AXIS2_PLACEMENT_3D('',#5175,#5176,#5177);
#5175 = CARTESIAN_POINT('',(-1.6,-0.76,4.E-02));
#5176 = DIRECTION('',(1.,0.,-0.));
#5177 = DIRECTION('',(0.,0.,1.));
#5178 = ORIENTED_EDGE('',*,*,#5179,.T.);
#5179 = EDGE_CURVE('',#5171,#5180,#5182,.T.);
#5180 = VERTEX_POINT('',#5181);
#5181 = CARTESIAN_POINT('',(-1.6,0.76,0.));
#5182 = LINE('',#5183,#5184);
#5183 = CARTESIAN_POINT('',(-1.6,-0.8,0.));
#5184 = VECTOR('',#5185,1.);
#5185 = DIRECTION('',(0.,1.,0.));
#5186 = ORIENTED_EDGE('',*,*,#5187,.F.);
#5187 = EDGE_CURVE('',#5188,#5180,#5190,.T.);
#5188 = VERTEX_POINT('',#5189);
#5189 = CARTESIAN_POINT('',(-1.6,0.8,4.E-02));
#5190 = CIRCLE('',#5191,4.E-02);
#5191 = AXIS2_PLACEMENT_3D('',#5192,#5193,#5194);
#5192 = CARTESIAN_POINT('',(-1.6,0.76,4.E-02));
#5193 = DIRECTION('',(-1.,0.,0.));
#5194 = DIRECTION('',(0.,0.,1.));
#5195 = ORIENTED_EDGE('',*,*,#5196,.T.);
#5196 = EDGE_CURVE('',#5188,#5197,#5199,.T.);
#5197 = VERTEX_POINT('',#5198);
#5198 = CARTESIAN_POINT('',(-1.6,0.8,1.56));
#5199 = LINE('',#5200,#5201);
#5200 = CARTESIAN_POINT('',(-1.6,0.8,0.));
#5201 = VECTOR('',#5202,1.);
#5202 = DIRECTION('',(0.,0.,1.));
#5203 = ORIENTED_EDGE('',*,*,#5204,.T.);
#5204 = EDGE_CURVE('',#5197,#5205,#5207,.T.);
#5205 = VERTEX_POINT('',#5206);
#5206 = CARTESIAN_POINT('',(-1.6,0.76,1.6));
#5207 = CIRCLE('',#5208,4.E-02);
#5208 = AXIS2_PLACEMENT_3D('',#5209,#5210,#5211);
#5209 = CARTESIAN_POINT('',(-1.6,0.76,1.56));
#5210 = DIRECTION('',(1.,0.,-0.));
#5211 = DIRECTION('',(0.,0.,1.));
#5212 = ORIENTED_EDGE('',*,*,#5213,.F.);
#5213 = EDGE_CURVE('',#5214,#5205,#5216,.T.);
#5214 = VERTEX_POINT('',#5215);
#5215 = CARTESIAN_POINT('',(-1.6,-0.76,1.6));
#5216 = LINE('',#5217,#5218);
#5217 = CARTESIAN_POINT('',(-1.6,-0.8,1.6));
#5218 = VECTOR('',#5219,1.);
#5219 = DIRECTION('',(0.,1.,0.));
#5220 = ORIENTED_EDGE('',*,*,#5221,.F.);
#5221 = EDGE_CURVE('',#5163,#5214,#5222,.T.);
#5222 = CIRCLE('',#5223,4.E-02);
#5223 = AXIS2_PLACEMENT_3D('',#5224,#5225,#5226);
#5224 = CARTESIAN_POINT('',(-1.6,-0.76,1.56));
#5225 = DIRECTION('',(-1.,0.,0.));
#5226 = DIRECTION('',(0.,0.,1.));
#5227 = PLANE('',#5228);
#5228 = AXIS2_PLACEMENT_3D('',#5229,#5230,#5231);
#5229 = CARTESIAN_POINT('',(-1.6,-0.8,0.));
#5230 = DIRECTION('',(1.,0.,0.));
#5231 = DIRECTION('',(0.,0.,1.));
#5232 = ADVANCED_FACE('',(#5233),#5258,.F.);
#5233 = FACE_BOUND('',#5234,.F.);
#5234 = EDGE_LOOP('',(#5235,#5245,#5251,#5252));
#5235 = ORIENTED_EDGE('',*,*,#5236,.F.);
#5236 = EDGE_CURVE('',#5237,#5239,#5241,.T.);
#5237 = VERTEX_POINT('',#5238);
#5238 = CARTESIAN_POINT('',(-1.2,-0.8,4.E-02));
#5239 = VERTEX_POINT('',#5240);
#5240 = CARTESIAN_POINT('',(-1.2,-0.8,1.56));
#5241 = LINE('',#5242,#5243);
#5242 = CARTESIAN_POINT('',(-1.2,-0.8,0.));
#5243 = VECTOR('',#5244,1.);
#5244 = DIRECTION('',(0.,0.,1.));
#5245 = ORIENTED_EDGE('',*,*,#5246,.F.);
#5246 = EDGE_CURVE('',#5161,#5237,#5247,.T.);
#5247 = LINE('',#5248,#5249);
#5248 = CARTESIAN_POINT('',(-1.6,-0.8,4.E-02));
#5249 = VECTOR('',#5250,1.);
#5250 = DIRECTION('',(1.,0.,0.));
#5251 = ORIENTED_EDGE('',*,*,#5160,.T.);
#5252 = ORIENTED_EDGE('',*,*,#5253,.T.);
#5253 = EDGE_CURVE('',#5163,#5239,#5254,.T.);
#5254 = LINE('',#5255,#5256);
#5255 = CARTESIAN_POINT('',(-1.6,-0.8,1.56));
#5256 = VECTOR('',#5257,1.);
#5257 = DIRECTION('',(1.,0.,0.));
#5258 = PLANE('',#5259);
#5259 = AXIS2_PLACEMENT_3D('',#5260,#5261,#5262);
#5260 = CARTESIAN_POINT('',(-1.6,-0.8,0.));
#5261 = DIRECTION('',(0.,1.,0.));
#5262 = DIRECTION('',(0.,-0.,1.));
#5263 = ADVANCED_FACE('',(#5264),#5283,.T.);
#5264 = FACE_BOUND('',#5265,.T.);
#5265 = EDGE_LOOP('',(#5266,#5267,#5275,#5282));
#5266 = ORIENTED_EDGE('',*,*,#5170,.T.);
#5267 = ORIENTED_EDGE('',*,*,#5268,.T.);
#5268 = EDGE_CURVE('',#5171,#5269,#5271,.T.);
#5269 = VERTEX_POINT('',#5270);
#5270 = CARTESIAN_POINT('',(-1.2,-0.76,0.));
#5271 = LINE('',#5272,#5273);
#5272 = CARTESIAN_POINT('',(-1.6,-0.76,0.));
#5273 = VECTOR('',#5274,1.);
#5274 = DIRECTION('',(1.,0.,0.));
#5275 = ORIENTED_EDGE('',*,*,#5276,.F.);
#5276 = EDGE_CURVE('',#5237,#5269,#5277,.T.);
#5277 = CIRCLE('',#5278,4.E-02);
#5278 = AXIS2_PLACEMENT_3D('',#5279,#5280,#5281);
#5279 = CARTESIAN_POINT('',(-1.2,-0.76,4.E-02));
#5280 = DIRECTION('',(1.,0.,-0.));
#5281 = DIRECTION('',(0.,0.,1.));
#5282 = ORIENTED_EDGE('',*,*,#5246,.F.);
#5283 = CYLINDRICAL_SURFACE('',#5284,4.E-02);
#5284 = AXIS2_PLACEMENT_3D('',#5285,#5286,#5287);
#5285 = CARTESIAN_POINT('',(-1.6,-0.76,4.E-02));
#5286 = DIRECTION('',(1.,0.,0.));
#5287 = DIRECTION('',(0.,-1.,0.));
#5288 = ADVANCED_FACE('',(#5289),#5308,.T.);
#5289 = FACE_BOUND('',#5290,.T.);
#5290 = EDGE_LOOP('',(#5291,#5292,#5301,#5307));
#5291 = ORIENTED_EDGE('',*,*,#5253,.T.);
#5292 = ORIENTED_EDGE('',*,*,#5293,.T.);
#5293 = EDGE_CURVE('',#5239,#5294,#5296,.T.);
#5294 = VERTEX_POINT('',#5295);
#5295 = CARTESIAN_POINT('',(-1.2,-0.76,1.6));
#5296 = CIRCLE('',#5297,4.E-02);
#5297 = AXIS2_PLACEMENT_3D('',#5298,#5299,#5300);
#5298 = CARTESIAN_POINT('',(-1.2,-0.76,1.56));
#5299 = DIRECTION('',(-1.,0.,0.));
#5300 = DIRECTION('',(0.,0.,1.));
#5301 = ORIENTED_EDGE('',*,*,#5302,.F.);
#5302 = EDGE_CURVE('',#5214,#5294,#5303,.T.);
#5303 = LINE('',#5304,#5305);
#5304 = CARTESIAN_POINT('',(-1.6,-0.76,1.6));
#5305 = VECTOR('',#5306,1.);
#5306 = DIRECTION('',(1.,0.,0.));
#5307 = ORIENTED_EDGE('',*,*,#5221,.F.);
#5308 = CYLINDRICAL_SURFACE('',#5309,4.E-02);
#5309 = AXIS2_PLACEMENT_3D('',#5310,#5311,#5312);
#5310 = CARTESIAN_POINT('',(-1.6,-0.76,1.56));
#5311 = DIRECTION('',(1.,0.,0.));
#5312 = DIRECTION('',(0.,-1.,0.));
#5313 = ADVANCED_FACE('',(#5314),#5332,.F.);
#5314 = FACE_BOUND('',#5315,.F.);
#5315 = EDGE_LOOP('',(#5316,#5317,#5318,#5326));
#5316 = ORIENTED_EDGE('',*,*,#5179,.F.);
#5317 = ORIENTED_EDGE('',*,*,#5268,.T.);
#5318 = ORIENTED_EDGE('',*,*,#5319,.T.);
#5319 = EDGE_CURVE('',#5269,#5320,#5322,.T.);
#5320 = VERTEX_POINT('',#5321);
#5321 = CARTESIAN_POINT('',(-1.2,0.76,0.));
#5322 = LINE('',#5323,#5324);
#5323 = CARTESIAN_POINT('',(-1.2,-0.8,0.));
#5324 = VECTOR('',#5325,1.);
#5325 = DIRECTION('',(0.,1.,0.));
#5326 = ORIENTED_EDGE('',*,*,#5327,.F.);
#5327 = EDGE_CURVE('',#5180,#5320,#5328,.T.);
#5328 = LINE('',#5329,#5330);
#5329 = CARTESIAN_POINT('',(-1.6,0.76,0.));
#5330 = VECTOR('',#5331,1.);
#5331 = DIRECTION('',(1.,0.,0.));
#5332 = PLANE('',#5333);
#5333 = AXIS2_PLACEMENT_3D('',#5334,#5335,#5336);
#5334 = CARTESIAN_POINT('',(-1.6,-0.8,0.));
#5335 = DIRECTION('',(0.,0.,1.));
#5336 = DIRECTION('',(1.,0.,-0.));
#5337 = ADVANCED_FACE('',(#5338),#5356,.T.);
#5338 = FACE_BOUND('',#5339,.T.);
#5339 = EDGE_LOOP('',(#5340,#5341,#5342,#5350));
#5340 = ORIENTED_EDGE('',*,*,#5213,.F.);
#5341 = ORIENTED_EDGE('',*,*,#5302,.T.);
#5342 = ORIENTED_EDGE('',*,*,#5343,.T.);
#5343 = EDGE_CURVE('',#5294,#5344,#5346,.T.);
#5344 = VERTEX_POINT('',#5345);
#5345 = CARTESIAN_POINT('',(-1.2,0.76,1.6));
#5346 = LINE('',#5347,#5348);
#5347 = CARTESIAN_POINT('',(-1.2,-0.8,1.6));
#5348 = VECTOR('',#5349,1.);
#5349 = DIRECTION('',(0.,1.,0.));
#5350 = ORIENTED_EDGE('',*,*,#5351,.F.);
#5351 = EDGE_CURVE('',#5205,#5344,#5352,.T.);
#5352 = LINE('',#5353,#5354);
#5353 = CARTESIAN_POINT('',(-1.6,0.76,1.6));
#5354 = VECTOR('',#5355,1.);
#5355 = DIRECTION('',(1.,0.,0.));
#5356 = PLANE('',#5357);
#5357 = AXIS2_PLACEMENT_3D('',#5358,#5359,#5360);
#5358 = CARTESIAN_POINT('',(-1.6,-0.8,1.6));
#5359 = DIRECTION('',(0.,0.,1.));
#5360 = DIRECTION('',(1.,0.,-0.));
#5361 = ADVANCED_FACE('',(#5362),#5381,.T.);
#5362 = FACE_BOUND('',#5363,.T.);
#5363 = EDGE_LOOP('',(#5364,#5372,#5379,#5380));
#5364 = ORIENTED_EDGE('',*,*,#5365,.T.);
#5365 = EDGE_CURVE('',#5188,#5366,#5368,.T.);
#5366 = VERTEX_POINT('',#5367);
#5367 = CARTESIAN_POINT('',(-1.2,0.8,4.E-02));
#5368 = LINE('',#5369,#5370);
#5369 = CARTESIAN_POINT('',(-1.6,0.8,4.E-02));
#5370 = VECTOR('',#5371,1.);
#5371 = DIRECTION('',(1.,0.,0.));
#5372 = ORIENTED_EDGE('',*,*,#5373,.T.);
#5373 = EDGE_CURVE('',#5366,#5320,#5374,.T.);
#5374 = CIRCLE('',#5375,4.E-02);
#5375 = AXIS2_PLACEMENT_3D('',#5376,#5377,#5378);
#5376 = CARTESIAN_POINT('',(-1.2,0.76,4.E-02));
#5377 = DIRECTION('',(-1.,0.,0.));
#5378 = DIRECTION('',(0.,0.,1.));
#5379 = ORIENTED_EDGE('',*,*,#5327,.F.);
#5380 = ORIENTED_EDGE('',*,*,#5187,.F.);
#5381 = CYLINDRICAL_SURFACE('',#5382,4.E-02);
#5382 = AXIS2_PLACEMENT_3D('',#5383,#5384,#5385);
#5383 = CARTESIAN_POINT('',(-1.6,0.76,4.E-02));
#5384 = DIRECTION('',(1.,0.,0.));
#5385 = DIRECTION('',(-0.,1.,0.));
#5386 = ADVANCED_FACE('',(#5387),#5406,.T.);
#5387 = FACE_BOUND('',#5388,.T.);
#5388 = EDGE_LOOP('',(#5389,#5390,#5391,#5400));
#5389 = ORIENTED_EDGE('',*,*,#5204,.T.);
#5390 = ORIENTED_EDGE('',*,*,#5351,.T.);
#5391 = ORIENTED_EDGE('',*,*,#5392,.F.);
#5392 = EDGE_CURVE('',#5393,#5344,#5395,.T.);
#5393 = VERTEX_POINT('',#5394);
#5394 = CARTESIAN_POINT('',(-1.2,0.8,1.56));
#5395 = CIRCLE('',#5396,4.E-02);
#5396 = AXIS2_PLACEMENT_3D('',#5397,#5398,#5399);
#5397 = CARTESIAN_POINT('',(-1.2,0.76,1.56));
#5398 = DIRECTION('',(1.,0.,-0.));
#5399 = DIRECTION('',(0.,0.,1.));
#5400 = ORIENTED_EDGE('',*,*,#5401,.F.);
#5401 = EDGE_CURVE('',#5197,#5393,#5402,.T.);
#5402 = LINE('',#5403,#5404);
#5403 = CARTESIAN_POINT('',(-1.6,0.8,1.56));
#5404 = VECTOR('',#5405,1.);
#5405 = DIRECTION('',(1.,0.,0.));
#5406 = CYLINDRICAL_SURFACE('',#5407,4.E-02);
#5407 = AXIS2_PLACEMENT_3D('',#5408,#5409,#5410);
#5408 = CARTESIAN_POINT('',(-1.6,0.76,1.56));
#5409 = DIRECTION('',(1.,0.,0.));
#5410 = DIRECTION('',(-0.,1.,0.));
#5411 = ADVANCED_FACE('',(#5412),#5423,.T.);
#5412 = FACE_BOUND('',#5413,.T.);
#5413 = EDGE_LOOP('',(#5414,#5420,#5421,#5422));
#5414 = ORIENTED_EDGE('',*,*,#5415,.F.);
#5415 = EDGE_CURVE('',#5366,#5393,#5416,.T.);
#5416 = LINE('',#5417,#5418);
#5417 = CARTESIAN_POINT('',(-1.2,0.8,0.));
#5418 = VECTOR('',#5419,1.);
#5419 = DIRECTION('',(0.,0.,1.));
#5420 = ORIENTED_EDGE('',*,*,#5365,.F.);
#5421 = ORIENTED_EDGE('',*,*,#5196,.T.);
#5422 = ORIENTED_EDGE('',*,*,#5401,.T.);
#5423 = PLANE('',#5424);
#5424 = AXIS2_PLACEMENT_3D('',#5425,#5426,#5427);
#5425 = CARTESIAN_POINT('',(-1.6,0.8,0.));
#5426 = DIRECTION('',(0.,1.,0.));
#5427 = DIRECTION('',(0.,-0.,1.));
#5428 = ADVANCED_FACE('',(#5429,#5439),#5509,.T.);
#5429 = FACE_BOUND('',#5430,.T.);
#5430 = EDGE_LOOP('',(#5431,#5432,#5433,#5434,#5435,#5436,#5437,#5438));
#5431 = ORIENTED_EDGE('',*,*,#5236,.F.);
#5432 = ORIENTED_EDGE('',*,*,#5276,.T.);
#5433 = ORIENTED_EDGE('',*,*,#5319,.T.);
#5434 = ORIENTED_EDGE('',*,*,#5373,.F.);
#5435 = ORIENTED_EDGE('',*,*,#5415,.T.);
#5436 = ORIENTED_EDGE('',*,*,#5392,.T.);
#5437 = ORIENTED_EDGE('',*,*,#5343,.F.);
#5438 = ORIENTED_EDGE('',*,*,#5293,.F.);
#5439 = FACE_BOUND('',#5440,.T.);
#5440 = EDGE_LOOP('',(#5441,#5452,#5460,#5469,#5477,#5486,#5494,#5503));
#5441 = ORIENTED_EDGE('',*,*,#5442,.F.);
#5442 = EDGE_CURVE('',#5443,#5445,#5447,.T.);
#5443 = VERTEX_POINT('',#5444);
#5444 = CARTESIAN_POINT('',(-1.2,-0.76,8.E-02));
#5445 = VERTEX_POINT('',#5446);
#5446 = CARTESIAN_POINT('',(-1.2,-0.72,4.E-02));
#5447 = CIRCLE('',#5448,4.E-02);
#5448 = AXIS2_PLACEMENT_3D('',#5449,#5450,#5451);
#5449 = CARTESIAN_POINT('',(-1.2,-0.72,8.E-02));
#5450 = DIRECTION('',(1.,0.,-0.));
#5451 = DIRECTION('',(0.,0.,1.));
#5452 = ORIENTED_EDGE('',*,*,#5453,.T.);
#5453 = EDGE_CURVE('',#5443,#5454,#5456,.T.);
#5454 = VERTEX_POINT('',#5455);
#5455 = CARTESIAN_POINT('',(-1.2,-0.76,1.52));
#5456 = LINE('',#5457,#5458);
#5457 = CARTESIAN_POINT('',(-1.2,-0.76,4.E-02));
#5458 = VECTOR('',#5459,1.);
#5459 = DIRECTION('',(0.,0.,1.));
#5460 = ORIENTED_EDGE('',*,*,#5461,.T.);
#5461 = EDGE_CURVE('',#5454,#5462,#5464,.T.);
#5462 = VERTEX_POINT('',#5463);
#5463 = CARTESIAN_POINT('',(-1.2,-0.72,1.56));
#5464 = CIRCLE('',#5465,4.E-02);
#5465 = AXIS2_PLACEMENT_3D('',#5466,#5467,#5468);
#5466 = CARTESIAN_POINT('',(-1.2,-0.72,1.52));
#5467 = DIRECTION('',(-1.,0.,0.));
#5468 = DIRECTION('',(0.,0.,1.));
#5469 = ORIENTED_EDGE('',*,*,#5470,.T.);
#5470 = EDGE_CURVE('',#5462,#5471,#5473,.T.);
#5471 = VERTEX_POINT('',#5472);
#5472 = CARTESIAN_POINT('',(-1.2,0.72,1.56));
#5473 = LINE('',#5474,#5475);
#5474 = CARTESIAN_POINT('',(-1.2,-0.76,1.56));
#5475 = VECTOR('',#5476,1.);
#5476 = DIRECTION('',(0.,1.,0.));
#5477 = ORIENTED_EDGE('',*,*,#5478,.F.);
#5478 = EDGE_CURVE('',#5479,#5471,#5481,.T.);
#5479 = VERTEX_POINT('',#5480);
#5480 = CARTESIAN_POINT('',(-1.2,0.76,1.52));
#5481 = CIRCLE('',#5482,4.E-02);
#5482 = AXIS2_PLACEMENT_3D('',#5483,#5484,#5485);
#5483 = CARTESIAN_POINT('',(-1.2,0.72,1.52));
#5484 = DIRECTION('',(1.,0.,-0.));
#5485 = DIRECTION('',(0.,0.,1.));
#5486 = ORIENTED_EDGE('',*,*,#5487,.F.);
#5487 = EDGE_CURVE('',#5488,#5479,#5490,.T.);
#5488 = VERTEX_POINT('',#5489);
#5489 = CARTESIAN_POINT('',(-1.2,0.76,8.E-02));
#5490 = LINE('',#5491,#5492);
#5491 = CARTESIAN_POINT('',(-1.2,0.76,4.E-02));
#5492 = VECTOR('',#5493,1.);
#5493 = DIRECTION('',(0.,0.,1.));
#5494 = ORIENTED_EDGE('',*,*,#5495,.T.);
#5495 = EDGE_CURVE('',#5488,#5496,#5498,.T.);
#5496 = VERTEX_POINT('',#5497);
#5497 = CARTESIAN_POINT('',(-1.2,0.72,4.E-02));
#5498 = CIRCLE('',#5499,4.E-02);
#5499 = AXIS2_PLACEMENT_3D('',#5500,#5501,#5502);
#5500 = CARTESIAN_POINT('',(-1.2,0.72,8.E-02));
#5501 = DIRECTION('',(-1.,0.,0.));
#5502 = DIRECTION('',(0.,0.,1.));
#5503 = ORIENTED_EDGE('',*,*,#5504,.F.);
#5504 = EDGE_CURVE('',#5445,#5496,#5505,.T.);
#5505 = LINE('',#5506,#5507);
#5506 = CARTESIAN_POINT('',(-1.2,-0.76,4.E-02));
#5507 = VECTOR('',#5508,1.);
#5508 = DIRECTION('',(0.,1.,0.));
#5509 = PLANE('',#5510);
#5510 = AXIS2_PLACEMENT_3D('',#5511,#5512,#5513);
#5511 = CARTESIAN_POINT('',(-1.2,-0.8,0.));
#5512 = DIRECTION('',(1.,0.,0.));
#5513 = DIRECTION('',(0.,0.,1.));
#5514 = ADVANCED_FACE('',(#5515),#5541,.T.);
#5515 = FACE_BOUND('',#5516,.T.);
#5516 = EDGE_LOOP('',(#5517,#5518,#5526,#5535));
#5517 = ORIENTED_EDGE('',*,*,#5442,.T.);
#5518 = ORIENTED_EDGE('',*,*,#5519,.T.);
#5519 = EDGE_CURVE('',#5445,#5520,#5522,.T.);
#5520 = VERTEX_POINT('',#5521);
#5521 = CARTESIAN_POINT('',(1.2,-0.72,4.E-02));
#5522 = LINE('',#5523,#5524);
#5523 = CARTESIAN_POINT('',(-1.2,-0.72,4.E-02));
#5524 = VECTOR('',#5525,1.);
#5525 = DIRECTION('',(1.,0.,0.));
#5526 = ORIENTED_EDGE('',*,*,#5527,.F.);
#5527 = EDGE_CURVE('',#5528,#5520,#5530,.T.);
#5528 = VERTEX_POINT('',#5529);
#5529 = CARTESIAN_POINT('',(1.2,-0.76,8.E-02));
#5530 = CIRCLE('',#5531,4.E-02);
#5531 = AXIS2_PLACEMENT_3D('',#5532,#5533,#5534);
#5532 = CARTESIAN_POINT('',(1.2,-0.72,8.E-02));
#5533 = DIRECTION('',(1.,0.,-0.));
#5534 = DIRECTION('',(0.,0.,1.));
#5535 = ORIENTED_EDGE('',*,*,#5536,.F.);
#5536 = EDGE_CURVE('',#5443,#5528,#5537,.T.);
#5537 = LINE('',#5538,#5539);
#5538 = CARTESIAN_POINT('',(-1.2,-0.76,8.E-02));
#5539 = VECTOR('',#5540,1.);
#5540 = DIRECTION('',(1.,0.,0.));
#5541 = CYLINDRICAL_SURFACE('',#5542,4.E-02);
#5542 = AXIS2_PLACEMENT_3D('',#5543,#5544,#5545);
#5543 = CARTESIAN_POINT('',(-1.2,-0.72,8.E-02));
#5544 = DIRECTION('',(1.,0.,0.));
#5545 = DIRECTION('',(0.,-1.,0.));
#5546 = ADVANCED_FACE('',(#5547),#5565,.F.);
#5547 = FACE_BOUND('',#5548,.F.);
#5548 = EDGE_LOOP('',(#5549,#5550,#5551,#5559));
#5549 = ORIENTED_EDGE('',*,*,#5504,.F.);
#5550 = ORIENTED_EDGE('',*,*,#5519,.T.);
#5551 = ORIENTED_EDGE('',*,*,#5552,.T.);
#5552 = EDGE_CURVE('',#5520,#5553,#5555,.T.);
#5553 = VERTEX_POINT('',#5554);
#5554 = CARTESIAN_POINT('',(1.2,0.72,4.E-02));
#5555 = LINE('',#5556,#5557);
#5556 = CARTESIAN_POINT('',(1.2,-0.76,4.E-02));
#5557 = VECTOR('',#5558,1.);
#5558 = DIRECTION('',(0.,1.,0.));
#5559 = ORIENTED_EDGE('',*,*,#5560,.F.);
#5560 = EDGE_CURVE('',#5496,#5553,#5561,.T.);
#5561 = LINE('',#5562,#5563);
#5562 = CARTESIAN_POINT('',(-1.2,0.72,4.E-02));
#5563 = VECTOR('',#5564,1.);
#5564 = DIRECTION('',(1.,0.,0.));
#5565 = PLANE('',#5566);
#5566 = AXIS2_PLACEMENT_3D('',#5567,#5568,#5569);
#5567 = CARTESIAN_POINT('',(-1.2,-0.76,4.E-02));
#5568 = DIRECTION('',(0.,0.,1.));
#5569 = DIRECTION('',(1.,0.,-0.));
#5570 = ADVANCED_FACE('',(#5571),#5590,.T.);
#5571 = FACE_BOUND('',#5572,.T.);
#5572 = EDGE_LOOP('',(#5573,#5581,#5588,#5589));
#5573 = ORIENTED_EDGE('',*,*,#5574,.T.);
#5574 = EDGE_CURVE('',#5488,#5575,#5577,.T.);
#5575 = VERTEX_POINT('',#5576);
#5576 = CARTESIAN_POINT('',(1.2,0.76,8.E-02));
#5577 = LINE('',#5578,#5579);
#5578 = CARTESIAN_POINT('',(-1.2,0.76,8.E-02));
#5579 = VECTOR('',#5580,1.);
#5580 = DIRECTION('',(1.,0.,0.));
#5581 = ORIENTED_EDGE('',*,*,#5582,.T.);
#5582 = EDGE_CURVE('',#5575,#5553,#5583,.T.);
#5583 = CIRCLE('',#5584,4.E-02);
#5584 = AXIS2_PLACEMENT_3D('',#5585,#5586,#5587);
#5585 = CARTESIAN_POINT('',(1.2,0.72,8.E-02));
#5586 = DIRECTION('',(-1.,0.,0.));
#5587 = DIRECTION('',(0.,0.,1.));
#5588 = ORIENTED_EDGE('',*,*,#5560,.F.);
#5589 = ORIENTED_EDGE('',*,*,#5495,.F.);
#5590 = CYLINDRICAL_SURFACE('',#5591,4.E-02);
#5591 = AXIS2_PLACEMENT_3D('',#5592,#5593,#5594);
#5592 = CARTESIAN_POINT('',(-1.2,0.72,8.E-02));
#5593 = DIRECTION('',(1.,0.,0.));
#5594 = DIRECTION('',(-0.,1.,0.));
#5595 = ADVANCED_FACE('',(#5596),#5614,.T.);
#5596 = FACE_BOUND('',#5597,.T.);
#5597 = EDGE_LOOP('',(#5598,#5606,#5607,#5608));
#5598 = ORIENTED_EDGE('',*,*,#5599,.F.);
#5599 = EDGE_CURVE('',#5575,#5600,#5602,.T.);
#5600 = VERTEX_POINT('',#5601);
#5601 = CARTESIAN_POINT('',(1.2,0.76,1.52));
#5602 = LINE('',#5603,#5604);
#5603 = CARTESIAN_POINT('',(1.2,0.76,4.E-02));
#5604 = VECTOR('',#5605,1.);
#5605 = DIRECTION('',(0.,0.,1.));
#5606 = ORIENTED_EDGE('',*,*,#5574,.F.);
#5607 = ORIENTED_EDGE('',*,*,#5487,.T.);
#5608 = ORIENTED_EDGE('',*,*,#5609,.T.);
#5609 = EDGE_CURVE('',#5479,#5600,#5610,.T.);
#5610 = LINE('',#5611,#5612);
#5611 = CARTESIAN_POINT('',(-1.2,0.76,1.52));
#5612 = VECTOR('',#5613,1.);
#5613 = DIRECTION('',(1.,0.,0.));
#5614 = PLANE('',#5615);
#5615 = AXIS2_PLACEMENT_3D('',#5616,#5617,#5618);
#5616 = CARTESIAN_POINT('',(-1.2,0.76,4.E-02));
#5617 = DIRECTION('',(0.,1.,0.));
#5618 = DIRECTION('',(0.,-0.,1.));
#5619 = ADVANCED_FACE('',(#5620),#5639,.T.);
#5620 = FACE_BOUND('',#5621,.T.);
#5621 = EDGE_LOOP('',(#5622,#5623,#5631,#5638));
#5622 = ORIENTED_EDGE('',*,*,#5478,.T.);
#5623 = ORIENTED_EDGE('',*,*,#5624,.T.);
#5624 = EDGE_CURVE('',#5471,#5625,#5627,.T.);
#5625 = VERTEX_POINT('',#5626);
#5626 = CARTESIAN_POINT('',(1.2,0.72,1.56));
#5627 = LINE('',#5628,#5629);
#5628 = CARTESIAN_POINT('',(-1.2,0.72,1.56));
#5629 = VECTOR('',#5630,1.);
#5630 = DIRECTION('',(1.,0.,0.));
#5631 = ORIENTED_EDGE('',*,*,#5632,.F.);
#5632 = EDGE_CURVE('',#5600,#5625,#5633,.T.);
#5633 = CIRCLE('',#5634,4.E-02);
#5634 = AXIS2_PLACEMENT_3D('',#5635,#5636,#5637);
#5635 = CARTESIAN_POINT('',(1.2,0.72,1.52));
#5636 = DIRECTION('',(1.,0.,-0.));
#5637 = DIRECTION('',(0.,0.,1.));
#5638 = ORIENTED_EDGE('',*,*,#5609,.F.);
#5639 = CYLINDRICAL_SURFACE('',#5640,4.E-02);
#5640 = AXIS2_PLACEMENT_3D('',#5641,#5642,#5643);
#5641 = CARTESIAN_POINT('',(-1.2,0.72,1.52));
#5642 = DIRECTION('',(1.,0.,0.));
#5643 = DIRECTION('',(-0.,1.,0.));
#5644 = ADVANCED_FACE('',(#5645),#5663,.T.);
#5645 = FACE_BOUND('',#5646,.T.);
#5646 = EDGE_LOOP('',(#5647,#5648,#5656,#5662));
#5647 = ORIENTED_EDGE('',*,*,#5470,.F.);
#5648 = ORIENTED_EDGE('',*,*,#5649,.T.);
#5649 = EDGE_CURVE('',#5462,#5650,#5652,.T.);
#5650 = VERTEX_POINT('',#5651);
#5651 = CARTESIAN_POINT('',(1.2,-0.72,1.56));
#5652 = LINE('',#5653,#5654);
#5653 = CARTESIAN_POINT('',(-1.2,-0.72,1.56));
#5654 = VECTOR('',#5655,1.);
#5655 = DIRECTION('',(1.,0.,0.));
#5656 = ORIENTED_EDGE('',*,*,#5657,.T.);
#5657 = EDGE_CURVE('',#5650,#5625,#5658,.T.);
#5658 = LINE('',#5659,#5660);
#5659 = CARTESIAN_POINT('',(1.2,-0.76,1.56));
#5660 = VECTOR('',#5661,1.);
#5661 = DIRECTION('',(0.,1.,0.));
#5662 = ORIENTED_EDGE('',*,*,#5624,.F.);
#5663 = PLANE('',#5664);
#5664 = AXIS2_PLACEMENT_3D('',#5665,#5666,#5667);
#5665 = CARTESIAN_POINT('',(-1.2,-0.76,1.56));
#5666 = DIRECTION('',(0.,0.,1.));
#5667 = DIRECTION('',(1.,0.,-0.));
#5668 = ADVANCED_FACE('',(#5669),#5688,.T.);
#5669 = FACE_BOUND('',#5670,.T.);
#5670 = EDGE_LOOP('',(#5671,#5679,#5686,#5687));
#5671 = ORIENTED_EDGE('',*,*,#5672,.T.);
#5672 = EDGE_CURVE('',#5454,#5673,#5675,.T.);
#5673 = VERTEX_POINT('',#5674);
#5674 = CARTESIAN_POINT('',(1.2,-0.76,1.52));
#5675 = LINE('',#5676,#5677);
#5676 = CARTESIAN_POINT('',(-1.2,-0.76,1.52));
#5677 = VECTOR('',#5678,1.);
#5678 = DIRECTION('',(1.,0.,0.));
#5679 = ORIENTED_EDGE('',*,*,#5680,.T.);
#5680 = EDGE_CURVE('',#5673,#5650,#5681,.T.);
#5681 = CIRCLE('',#5682,4.E-02);
#5682 = AXIS2_PLACEMENT_3D('',#5683,#5684,#5685);
#5683 = CARTESIAN_POINT('',(1.2,-0.72,1.52));
#5684 = DIRECTION('',(-1.,0.,0.));
#5685 = DIRECTION('',(0.,0.,1.));
#5686 = ORIENTED_EDGE('',*,*,#5649,.F.);
#5687 = ORIENTED_EDGE('',*,*,#5461,.F.);
#5688 = CYLINDRICAL_SURFACE('',#5689,4.E-02);
#5689 = AXIS2_PLACEMENT_3D('',#5690,#5691,#5692);
#5690 = CARTESIAN_POINT('',(-1.2,-0.72,1.52));
#5691 = DIRECTION('',(1.,0.,0.));
#5692 = DIRECTION('',(0.,-1.,0.));
#5693 = ADVANCED_FACE('',(#5694),#5705,.F.);
#5694 = FACE_BOUND('',#5695,.F.);
#5695 = EDGE_LOOP('',(#5696,#5702,#5703,#5704));
#5696 = ORIENTED_EDGE('',*,*,#5697,.F.);
#5697 = EDGE_CURVE('',#5528,#5673,#5698,.T.);
#5698 = LINE('',#5699,#5700);
#5699 = CARTESIAN_POINT('',(1.2,-0.76,4.E-02));
#5700 = VECTOR('',#5701,1.);
#5701 = DIRECTION('',(0.,0.,1.));
#5702 = ORIENTED_EDGE('',*,*,#5536,.F.);
#5703 = ORIENTED_EDGE('',*,*,#5453,.T.);
#5704 = ORIENTED_EDGE('',*,*,#5672,.T.);
#5705 = PLANE('',#5706);
#5706 = AXIS2_PLACEMENT_3D('',#5707,#5708,#5709);
#5707 = CARTESIAN_POINT('',(-1.2,-0.76,4.E-02));
#5708 = DIRECTION('',(0.,1.,0.));
#5709 = DIRECTION('',(0.,-0.,1.));
#5710 = ADVANCED_FACE('',(#5711,#5781),#5791,.F.);
#5711 = FACE_BOUND('',#5712,.F.);
#5712 = EDGE_LOOP('',(#5713,#5723,#5732,#5740,#5749,#5757,#5766,#5774));
#5713 = ORIENTED_EDGE('',*,*,#5714,.F.);
#5714 = EDGE_CURVE('',#5715,#5717,#5719,.T.);
#5715 = VERTEX_POINT('',#5716);
#5716 = CARTESIAN_POINT('',(1.2,-0.8,4.E-02));
#5717 = VERTEX_POINT('',#5718);
#5718 = CARTESIAN_POINT('',(1.2,-0.8,1.56));
#5719 = LINE('',#5720,#5721);
#5720 = CARTESIAN_POINT('',(1.2,-0.8,0.));
#5721 = VECTOR('',#5722,1.);
#5722 = DIRECTION('',(0.,0.,1.));
#5723 = ORIENTED_EDGE('',*,*,#5724,.T.);
#5724 = EDGE_CURVE('',#5715,#5725,#5727,.T.);
#5725 = VERTEX_POINT('',#5726);
#5726 = CARTESIAN_POINT('',(1.2,-0.76,0.));
#5727 = CIRCLE('',#5728,4.E-02);
#5728 = AXIS2_PLACEMENT_3D('',#5729,#5730,#5731);
#5729 = CARTESIAN_POINT('',(1.2,-0.76,4.E-02));
#5730 = DIRECTION('',(1.,0.,-0.));
#5731 = DIRECTION('',(0.,0.,1.));
#5732 = ORIENTED_EDGE('',*,*,#5733,.T.);
#5733 = EDGE_CURVE('',#5725,#5734,#5736,.T.);
#5734 = VERTEX_POINT('',#5735);
#5735 = CARTESIAN_POINT('',(1.2,0.76,0.));
#5736 = LINE('',#5737,#5738);
#5737 = CARTESIAN_POINT('',(1.2,-0.8,0.));
#5738 = VECTOR('',#5739,1.);
#5739 = DIRECTION('',(0.,1.,0.));
#5740 = ORIENTED_EDGE('',*,*,#5741,.F.);
#5741 = EDGE_CURVE('',#5742,#5734,#5744,.T.);
#5742 = VERTEX_POINT('',#5743);
#5743 = CARTESIAN_POINT('',(1.2,0.8,4.E-02));
#5744 = CIRCLE('',#5745,4.E-02);
#5745 = AXIS2_PLACEMENT_3D('',#5746,#5747,#5748);
#5746 = CARTESIAN_POINT('',(1.2,0.76,4.E-02));
#5747 = DIRECTION('',(-1.,0.,0.));
#5748 = DIRECTION('',(0.,0.,1.));
#5749 = ORIENTED_EDGE('',*,*,#5750,.T.);
#5750 = EDGE_CURVE('',#5742,#5751,#5753,.T.);
#5751 = VERTEX_POINT('',#5752);
#5752 = CARTESIAN_POINT('',(1.2,0.8,1.56));
#5753 = LINE('',#5754,#5755);
#5754 = CARTESIAN_POINT('',(1.2,0.8,0.));
#5755 = VECTOR('',#5756,1.);
#5756 = DIRECTION('',(0.,0.,1.));
#5757 = ORIENTED_EDGE('',*,*,#5758,.T.);
#5758 = EDGE_CURVE('',#5751,#5759,#5761,.T.);
#5759 = VERTEX_POINT('',#5760);
#5760 = CARTESIAN_POINT('',(1.2,0.76,1.6));
#5761 = CIRCLE('',#5762,4.E-02);
#5762 = AXIS2_PLACEMENT_3D('',#5763,#5764,#5765);
#5763 = CARTESIAN_POINT('',(1.2,0.76,1.56));
#5764 = DIRECTION('',(1.,0.,-0.));
#5765 = DIRECTION('',(0.,0.,1.));
#5766 = ORIENTED_EDGE('',*,*,#5767,.F.);
#5767 = EDGE_CURVE('',#5768,#5759,#5770,.T.);
#5768 = VERTEX_POINT('',#5769);
#5769 = CARTESIAN_POINT('',(1.2,-0.76,1.6));
#5770 = LINE('',#5771,#5772);
#5771 = CARTESIAN_POINT('',(1.2,-0.8,1.6));
#5772 = VECTOR('',#5773,1.);
#5773 = DIRECTION('',(0.,1.,0.));
#5774 = ORIENTED_EDGE('',*,*,#5775,.F.);
#5775 = EDGE_CURVE('',#5717,#5768,#5776,.T.);
#5776 = CIRCLE('',#5777,4.E-02);
#5777 = AXIS2_PLACEMENT_3D('',#5778,#5779,#5780);
#5778 = CARTESIAN_POINT('',(1.2,-0.76,1.56));
#5779 = DIRECTION('',(-1.,0.,0.));
#5780 = DIRECTION('',(0.,0.,1.));
#5781 = FACE_BOUND('',#5782,.F.);
#5782 = EDGE_LOOP('',(#5783,#5784,#5785,#5786,#5787,#5788,#5789,#5790));
#5783 = ORIENTED_EDGE('',*,*,#5527,.F.);
#5784 = ORIENTED_EDGE('',*,*,#5697,.T.);
#5785 = ORIENTED_EDGE('',*,*,#5680,.T.);
#5786 = ORIENTED_EDGE('',*,*,#5657,.T.);
#5787 = ORIENTED_EDGE('',*,*,#5632,.F.);
#5788 = ORIENTED_EDGE('',*,*,#5599,.F.);
#5789 = ORIENTED_EDGE('',*,*,#5582,.T.);
#5790 = ORIENTED_EDGE('',*,*,#5552,.F.);
#5791 = PLANE('',#5792);
#5792 = AXIS2_PLACEMENT_3D('',#5793,#5794,#5795);
#5793 = CARTESIAN_POINT('',(1.2,-0.8,0.));
#5794 = DIRECTION('',(1.,0.,0.));
#5795 = DIRECTION('',(0.,0.,1.));
#5796 = ADVANCED_FACE('',(#5797),#5822,.F.);
#5797 = FACE_BOUND('',#5798,.F.);
#5798 = EDGE_LOOP('',(#5799,#5809,#5815,#5816));
#5799 = ORIENTED_EDGE('',*,*,#5800,.F.);
#5800 = EDGE_CURVE('',#5801,#5803,#5805,.T.);
#5801 = VERTEX_POINT('',#5802);
#5802 = CARTESIAN_POINT('',(1.6,-0.8,4.E-02));
#5803 = VERTEX_POINT('',#5804);
#5804 = CARTESIAN_POINT('',(1.6,-0.8,1.56));
#5805 = LINE('',#5806,#5807);
#5806 = CARTESIAN_POINT('',(1.6,-0.8,0.));
#5807 = VECTOR('',#5808,1.);
#5808 = DIRECTION('',(0.,0.,1.));
#5809 = ORIENTED_EDGE('',*,*,#5810,.F.);
#5810 = EDGE_CURVE('',#5715,#5801,#5811,.T.);
#5811 = LINE('',#5812,#5813);
#5812 = CARTESIAN_POINT('',(1.2,-0.8,4.E-02));
#5813 = VECTOR('',#5814,1.);
#5814 = DIRECTION('',(1.,0.,0.));
#5815 = ORIENTED_EDGE('',*,*,#5714,.T.);
#5816 = ORIENTED_EDGE('',*,*,#5817,.T.);
#5817 = EDGE_CURVE('',#5717,#5803,#5818,.T.);
#5818 = LINE('',#5819,#5820);
#5819 = CARTESIAN_POINT('',(1.2,-0.8,1.56));
#5820 = VECTOR('',#5821,1.);
#5821 = DIRECTION('',(1.,0.,0.));
#5822 = PLANE('',#5823);
#5823 = AXIS2_PLACEMENT_3D('',#5824,#5825,#5826);
#5824 = CARTESIAN_POINT('',(1.2,-0.8,0.));
#5825 = DIRECTION('',(0.,1.,0.));
#5826 = DIRECTION('',(0.,-0.,1.));
#5827 = ADVANCED_FACE('',(#5828),#5847,.T.);
#5828 = FACE_BOUND('',#5829,.T.);
#5829 = EDGE_LOOP('',(#5830,#5831,#5839,#5846));
#5830 = ORIENTED_EDGE('',*,*,#5724,.T.);
#5831 = ORIENTED_EDGE('',*,*,#5832,.T.);
#5832 = EDGE_CURVE('',#5725,#5833,#5835,.T.);
#5833 = VERTEX_POINT('',#5834);
#5834 = CARTESIAN_POINT('',(1.6,-0.76,0.));
#5835 = LINE('',#5836,#5837);
#5836 = CARTESIAN_POINT('',(1.2,-0.76,0.));
#5837 = VECTOR('',#5838,1.);
#5838 = DIRECTION('',(1.,0.,0.));
#5839 = ORIENTED_EDGE('',*,*,#5840,.F.);
#5840 = EDGE_CURVE('',#5801,#5833,#5841,.T.);
#5841 = CIRCLE('',#5842,4.E-02);
#5842 = AXIS2_PLACEMENT_3D('',#5843,#5844,#5845);
#5843 = CARTESIAN_POINT('',(1.6,-0.76,4.E-02));
#5844 = DIRECTION('',(1.,0.,-0.));
#5845 = DIRECTION('',(0.,0.,1.));
#5846 = ORIENTED_EDGE('',*,*,#5810,.F.);
#5847 = CYLINDRICAL_SURFACE('',#5848,4.E-02);
#5848 = AXIS2_PLACEMENT_3D('',#5849,#5850,#5851);
#5849 = CARTESIAN_POINT('',(1.2,-0.76,4.E-02));
#5850 = DIRECTION('',(1.,0.,0.));
#5851 = DIRECTION('',(0.,-1.,0.));
#5852 = ADVANCED_FACE('',(#5853),#5872,.T.);
#5853 = FACE_BOUND('',#5854,.T.);
#5854 = EDGE_LOOP('',(#5855,#5856,#5865,#5871));
#5855 = ORIENTED_EDGE('',*,*,#5817,.T.);
#5856 = ORIENTED_EDGE('',*,*,#5857,.T.);
#5857 = EDGE_CURVE('',#5803,#5858,#5860,.T.);
#5858 = VERTEX_POINT('',#5859);
#5859 = CARTESIAN_POINT('',(1.6,-0.76,1.6));
#5860 = CIRCLE('',#5861,4.E-02);
#5861 = AXIS2_PLACEMENT_3D('',#5862,#5863,#5864);
#5862 = CARTESIAN_POINT('',(1.6,-0.76,1.56));
#5863 = DIRECTION('',(-1.,0.,0.));
#5864 = DIRECTION('',(0.,0.,1.));
#5865 = ORIENTED_EDGE('',*,*,#5866,.F.);
#5866 = EDGE_CURVE('',#5768,#5858,#5867,.T.);
#5867 = LINE('',#5868,#5869);
#5868 = CARTESIAN_POINT('',(1.2,-0.76,1.6));
#5869 = VECTOR('',#5870,1.);
#5870 = DIRECTION('',(1.,0.,0.));
#5871 = ORIENTED_EDGE('',*,*,#5775,.F.);
#5872 = CYLINDRICAL_SURFACE('',#5873,4.E-02);
#5873 = AXIS2_PLACEMENT_3D('',#5874,#5875,#5876);
#5874 = CARTESIAN_POINT('',(1.2,-0.76,1.56));
#5875 = DIRECTION('',(1.,0.,0.));
#5876 = DIRECTION('',(0.,-1.,0.));
#5877 = ADVANCED_FACE('',(#5878),#5896,.F.);
#5878 = FACE_BOUND('',#5879,.F.);
#5879 = EDGE_LOOP('',(#5880,#5881,#5882,#5890));
#5880 = ORIENTED_EDGE('',*,*,#5733,.F.);
#5881 = ORIENTED_EDGE('',*,*,#5832,.T.);
#5882 = ORIENTED_EDGE('',*,*,#5883,.T.);
#5883 = EDGE_CURVE('',#5833,#5884,#5886,.T.);
#5884 = VERTEX_POINT('',#5885);
#5885 = CARTESIAN_POINT('',(1.6,0.76,0.));
#5886 = LINE('',#5887,#5888);
#5887 = CARTESIAN_POINT('',(1.6,-0.8,0.));
#5888 = VECTOR('',#5889,1.);
#5889 = DIRECTION('',(0.,1.,0.));
#5890 = ORIENTED_EDGE('',*,*,#5891,.F.);
#5891 = EDGE_CURVE('',#5734,#5884,#5892,.T.);
#5892 = LINE('',#5893,#5894);
#5893 = CARTESIAN_POINT('',(1.2,0.76,0.));
#5894 = VECTOR('',#5895,1.);
#5895 = DIRECTION('',(1.,0.,0.));
#5896 = PLANE('',#5897);
#5897 = AXIS2_PLACEMENT_3D('',#5898,#5899,#5900);
#5898 = CARTESIAN_POINT('',(1.2,-0.8,0.));
#5899 = DIRECTION('',(0.,0.,1.));
#5900 = DIRECTION('',(1.,0.,-0.));
#5901 = ADVANCED_FACE('',(#5902),#5920,.T.);
#5902 = FACE_BOUND('',#5903,.T.);
#5903 = EDGE_LOOP('',(#5904,#5905,#5906,#5914));
#5904 = ORIENTED_EDGE('',*,*,#5767,.F.);
#5905 = ORIENTED_EDGE('',*,*,#5866,.T.);
#5906 = ORIENTED_EDGE('',*,*,#5907,.T.);
#5907 = EDGE_CURVE('',#5858,#5908,#5910,.T.);
#5908 = VERTEX_POINT('',#5909);
#5909 = CARTESIAN_POINT('',(1.6,0.76,1.6));
#5910 = LINE('',#5911,#5912);
#5911 = CARTESIAN_POINT('',(1.6,-0.8,1.6));
#5912 = VECTOR('',#5913,1.);
#5913 = DIRECTION('',(0.,1.,0.));
#5914 = ORIENTED_EDGE('',*,*,#5915,.F.);
#5915 = EDGE_CURVE('',#5759,#5908,#5916,.T.);
#5916 = LINE('',#5917,#5918);
#5917 = CARTESIAN_POINT('',(1.2,0.76,1.6));
#5918 = VECTOR('',#5919,1.);
#5919 = DIRECTION('',(1.,0.,0.));
#5920 = PLANE('',#5921);
#5921 = AXIS2_PLACEMENT_3D('',#5922,#5923,#5924);
#5922 = CARTESIAN_POINT('',(1.2,-0.8,1.6));
#5923 = DIRECTION('',(0.,0.,1.));
#5924 = DIRECTION('',(1.,0.,-0.));
#5925 = ADVANCED_FACE('',(#5926),#5945,.T.);
#5926 = FACE_BOUND('',#5927,.T.);
#5927 = EDGE_LOOP('',(#5928,#5936,#5943,#5944));
#5928 = ORIENTED_EDGE('',*,*,#5929,.T.);
#5929 = EDGE_CURVE('',#5742,#5930,#5932,.T.);
#5930 = VERTEX_POINT('',#5931);
#5931 = CARTESIAN_POINT('',(1.6,0.8,4.E-02));
#5932 = LINE('',#5933,#5934);
#5933 = CARTESIAN_POINT('',(1.2,0.8,4.E-02));
#5934 = VECTOR('',#5935,1.);
#5935 = DIRECTION('',(1.,0.,0.));
#5936 = ORIENTED_EDGE('',*,*,#5937,.T.);
#5937 = EDGE_CURVE('',#5930,#5884,#5938,.T.);
#5938 = CIRCLE('',#5939,4.E-02);
#5939 = AXIS2_PLACEMENT_3D('',#5940,#5941,#5942);
#5940 = CARTESIAN_POINT('',(1.6,0.76,4.E-02));
#5941 = DIRECTION('',(-1.,0.,0.));
#5942 = DIRECTION('',(0.,0.,1.));
#5943 = ORIENTED_EDGE('',*,*,#5891,.F.);
#5944 = ORIENTED_EDGE('',*,*,#5741,.F.);
#5945 = CYLINDRICAL_SURFACE('',#5946,4.E-02);
#5946 = AXIS2_PLACEMENT_3D('',#5947,#5948,#5949);
#5947 = CARTESIAN_POINT('',(1.2,0.76,4.E-02));
#5948 = DIRECTION('',(1.,0.,0.));
#5949 = DIRECTION('',(-0.,1.,0.));
#5950 = ADVANCED_FACE('',(#5951),#5970,.T.);
#5951 = FACE_BOUND('',#5952,.T.);
#5952 = EDGE_LOOP('',(#5953,#5954,#5955,#5964));
#5953 = ORIENTED_EDGE('',*,*,#5758,.T.);
#5954 = ORIENTED_EDGE('',*,*,#5915,.T.);
#5955 = ORIENTED_EDGE('',*,*,#5956,.F.);
#5956 = EDGE_CURVE('',#5957,#5908,#5959,.T.);
#5957 = VERTEX_POINT('',#5958);
#5958 = CARTESIAN_POINT('',(1.6,0.8,1.56));
#5959 = CIRCLE('',#5960,4.E-02);
#5960 = AXIS2_PLACEMENT_3D('',#5961,#5962,#5963);
#5961 = CARTESIAN_POINT('',(1.6,0.76,1.56));
#5962 = DIRECTION('',(1.,0.,-0.));
#5963 = DIRECTION('',(0.,0.,1.));
#5964 = ORIENTED_EDGE('',*,*,#5965,.F.);
#5965 = EDGE_CURVE('',#5751,#5957,#5966,.T.);
#5966 = LINE('',#5967,#5968);
#5967 = CARTESIAN_POINT('',(1.2,0.8,1.56));
#5968 = VECTOR('',#5969,1.);
#5969 = DIRECTION('',(1.,0.,0.));
#5970 = CYLINDRICAL_SURFACE('',#5971,4.E-02);
#5971 = AXIS2_PLACEMENT_3D('',#5972,#5973,#5974);
#5972 = CARTESIAN_POINT('',(1.2,0.76,1.56));
#5973 = DIRECTION('',(1.,0.,0.));
#5974 = DIRECTION('',(-0.,1.,0.));
#5975 = ADVANCED_FACE('',(#5976),#5987,.T.);
#5976 = FACE_BOUND('',#5977,.T.);
#5977 = EDGE_LOOP('',(#5978,#5984,#5985,#5986));
#5978 = ORIENTED_EDGE('',*,*,#5979,.F.);
#5979 = EDGE_CURVE('',#5930,#5957,#5980,.T.);
#5980 = LINE('',#5981,#5982);
#5981 = CARTESIAN_POINT('',(1.6,0.8,0.));
#5982 = VECTOR('',#5983,1.);
#5983 = DIRECTION('',(0.,0.,1.));
#5984 = ORIENTED_EDGE('',*,*,#5929,.F.);
#5985 = ORIENTED_EDGE('',*,*,#5750,.T.);
#5986 = ORIENTED_EDGE('',*,*,#5965,.T.);
#5987 = PLANE('',#5988);
#5988 = AXIS2_PLACEMENT_3D('',#5989,#5990,#5991);
#5989 = CARTESIAN_POINT('',(1.2,0.8,0.));
#5990 = DIRECTION('',(0.,1.,0.));
#5991 = DIRECTION('',(0.,-0.,1.));
#5992 = ADVANCED_FACE('',(#5993),#6003,.T.);
#5993 = FACE_BOUND('',#5994,.T.);
#5994 = EDGE_LOOP('',(#5995,#5996,#5997,#5998,#5999,#6000,#6001,#6002));
#5995 = ORIENTED_EDGE('',*,*,#5800,.F.);
#5996 = ORIENTED_EDGE('',*,*,#5840,.T.);
#5997 = ORIENTED_EDGE('',*,*,#5883,.T.);
#5998 = ORIENTED_EDGE('',*,*,#5937,.F.);
#5999 = ORIENTED_EDGE('',*,*,#5979,.T.);
#6000 = ORIENTED_EDGE('',*,*,#5956,.T.);
#6001 = ORIENTED_EDGE('',*,*,#5907,.F.);
#6002 = ORIENTED_EDGE('',*,*,#5857,.F.);
#6003 = PLANE('',#6004);
#6004 = AXIS2_PLACEMENT_3D('',#6005,#6006,#6007);
#6005 = CARTESIAN_POINT('',(1.6,-0.8,0.));
#6006 = DIRECTION('',(1.,0.,0.));
#6007 = DIRECTION('',(0.,0.,1.));
#6008 = ( GEOMETRIC_REPRESENTATION_CONTEXT(3) 
GLOBAL_UNCERTAINTY_ASSIGNED_CONTEXT((#6012)) 
GLOBAL_UNIT_ASSIGNED_CONTEXT((#6009,#6010,#6011)) REPRESENTATION_CONTEXT
('Context #1','3D Context with UNIT and UNCERTAINTY') );
#6009 = ( LENGTH_UNIT() NAMED_UNIT(*) SI_UNIT(.MILLI.,.METRE.) );
#6010 = ( NAMED_UNIT(*) PLANE_ANGLE_UNIT() SI_UNIT($,.RADIAN.) );
#6011 = ( NAMED_UNIT(*) SI_UNIT($,.STERADIAN.) SOLID_ANGLE_UNIT() );
#6012 = UNCERTAINTY_MEASURE_WITH_UNIT(LENGTH_MEASURE(1.E-07),#6009,
  'distance_accuracy_value','confusion accuracy');
#6013 = CONTEXT_DEPENDENT_SHAPE_REPRESENTATION(#6014,#6016);
#6014 = ( REPRESENTATION_RELATIONSHIP('','',#5153,#5130) 
REPRESENTATION_RELATIONSHIP_WITH_TRANSFORMATION(#6015) 
SHAPE_REPRESENTATION_RELATIONSHIP() );
#6015 = ITEM_DEFINED_TRANSFORMATION('','',#11,#5131);
#6016 = PRODUCT_DEFINITION_SHAPE('Placement','Placement of an item',
  #6017);
#6017 = NEXT_ASSEMBLY_USAGE_OCCURRENCE('5','=>[0:1:1:7]','',#5125,#5148,
  $);
#6018 = PRODUCT_RELATED_PRODUCT_CATEGORY('part',$,(#5150));
#6019 = CONTEXT_DEPENDENT_SHAPE_REPRESENTATION(#6020,#6022);
#6020 = ( REPRESENTATION_RELATIONSHIP('','',#4298,#10) 
REPRESENTATION_RELATIONSHIP_WITH_TRANSFORMATION(#6021) 
SHAPE_REPRESENTATION_RELATIONSHIP() );
#6021 = ITEM_DEFINED_TRANSFORMATION('','',#11,#27);
#6022 = PRODUCT_DEFINITION_SHAPE('Placement','Placement of an item',
  #6023);
#6023 = NEXT_ASSEMBLY_USAGE_OCCURRENCE('7','JP23','',#5,#4293,$);
#6024 = CONTEXT_DEPENDENT_SHAPE_REPRESENTATION(#6025,#6027);
#6025 = ( REPRESENTATION_RELATIONSHIP('','',#4298,#10) 
REPRESENTATION_RELATIONSHIP_WITH_TRANSFORMATION(#6026) 
SHAPE_REPRESENTATION_RELATIONSHIP() );
#6026 = ITEM_DEFINED_TRANSFORMATION('','',#11,#31);
#6027 = PRODUCT_DEFINITION_SHAPE('Placement','Placement of an item',
  #6028);
#6028 = NEXT_ASSEMBLY_USAGE_OCCURRENCE('8','JP8','',#5,#4293,$);
#6029 = CONTEXT_DEPENDENT_SHAPE_REPRESENTATION(#6030,#6032);
#6030 = ( REPRESENTATION_RELATIONSHIP('','',#116,#10) 
REPRESENTATION_RELATIONSHIP_WITH_TRANSFORMATION(#6031) 
SHAPE_REPRESENTATION_RELATIONSHIP() );
#6031 = ITEM_DEFINED_TRANSFORMATION('','',#11,#35);
#6032 = PRODUCT_DEFINITION_SHAPE('Placement','Placement of an item',
  #6033);
#6033 = NEXT_ASSEMBLY_USAGE_OCCURRENCE('9','J1','',#5,#111,$);
#6034 = CONTEXT_DEPENDENT_SHAPE_REPRESENTATION(#6035,#6037);
#6035 = ( REPRESENTATION_RELATIONSHIP('','',#4298,#10) 
REPRESENTATION_RELATIONSHIP_WITH_TRANSFORMATION(#6036) 
SHAPE_REPRESENTATION_RELATIONSHIP() );
#6036 = ITEM_DEFINED_TRANSFORMATION('','',#11,#39);
#6037 = PRODUCT_DEFINITION_SHAPE('Placement','Placement of an item',
  #6038);
#6038 = NEXT_ASSEMBLY_USAGE_OCCURRENCE('10','JP7','',#5,#4293,$);
#6039 = CONTEXT_DEPENDENT_SHAPE_REPRESENTATION(#6040,#6042);
#6040 = ( REPRESENTATION_RELATIONSHIP('','',#4298,#10) 
REPRESENTATION_RELATIONSHIP_WITH_TRANSFORMATION(#6041) 
SHAPE_REPRESENTATION_RELATIONSHIP() );
#6041 = ITEM_DEFINED_TRANSFORMATION('','',#11,#43);
#6042 = PRODUCT_DEFINITION_SHAPE('Placement','Placement of an item',
  #6043);
#6043 = NEXT_ASSEMBLY_USAGE_OCCURRENCE('11','JP21','',#5,#4293,$);
#6044 = CONTEXT_DEPENDENT_SHAPE_REPRESENTATION(#6045,#6047);
#6045 = ( REPRESENTATION_RELATIONSHIP('','',#4298,#10) 
REPRESENTATION_RELATIONSHIP_WITH_TRANSFORMATION(#6046) 
SHAPE_REPRESENTATION_RELATIONSHIP() );
#6046 = ITEM_DEFINED_TRANSFORMATION('','',#11,#47);
#6047 = PRODUCT_DEFINITION_SHAPE('Placement','Placement of an item',
  #6048);
#6048 = NEXT_ASSEMBLY_USAGE_OCCURRENCE('12','JP20','',#5,#4293,$);
#6049 = CONTEXT_DEPENDENT_SHAPE_REPRESENTATION(#6050,#6052);
#6050 = ( REPRESENTATION_RELATIONSHIP('','',#5130,#10) 
REPRESENTATION_RELATIONSHIP_WITH_TRANSFORMATION(#6051) 
SHAPE_REPRESENTATION_RELATIONSHIP() );
#6051 = ITEM_DEFINED_TRANSFORMATION('','',#11,#51);
#6052 = PRODUCT_DEFINITION_SHAPE('Placement','Placement of an item',
  #6053);
#6053 = NEXT_ASSEMBLY_USAGE_OCCURRENCE('13','C1','',#5,#5125,$);
#6054 = CONTEXT_DEPENDENT_SHAPE_REPRESENTATION(#6055,#6057);
#6055 = ( REPRESENTATION_RELATIONSHIP('','',#4298,#10) 
REPRESENTATION_RELATIONSHIP_WITH_TRANSFORMATION(#6056) 
SHAPE_REPRESENTATION_RELATIONSHIP() );
#6056 = ITEM_DEFINED_TRANSFORMATION('','',#11,#55);
#6057 = PRODUCT_DEFINITION_SHAPE('Placement','Placement of an item',
  #6058);
#6058 = NEXT_ASSEMBLY_USAGE_OCCURRENCE('14','JP18','',#5,#4293,$);
#6059 = CONTEXT_DEPENDENT_SHAPE_REPRESENTATION(#6060,#6062);
#6060 = ( REPRESENTATION_RELATIONSHIP('','',#4298,#10) 
REPRESENTATION_RELATIONSHIP_WITH_TRANSFORMATION(#6061) 
SHAPE_REPRESENTATION_RELATIONSHIP() );
#6061 = ITEM_DEFINED_TRANSFORMATION('','',#11,#59);
#6062 = PRODUCT_DEFINITION_SHAPE('Placement','Placement of an item',
  #6063);
#6063 = NEXT_ASSEMBLY_USAGE_OCCURRENCE('15','JP17','',#5,#4293,$);
#6064 = CONTEXT_DEPENDENT_SHAPE_REPRESENTATION(#6065,#6067);
#6065 = ( REPRESENTATION_RELATIONSHIP('','',#4298,#10) 
REPRESENTATION_RELATIONSHIP_WITH_TRANSFORMATION(#6066) 
SHAPE_REPRESENTATION_RELATIONSHIP() );
#6066 = ITEM_DEFINED_TRANSFORMATION('','',#11,#63);
#6067 = PRODUCT_DEFINITION_SHAPE('Placement','Placement of an item',
  #6068);
#6068 = NEXT_ASSEMBLY_USAGE_OCCURRENCE('16','JP5','',#5,#4293,$);
#6069 = SHAPE_DEFINITION_REPRESENTATION(#6070,#6076);
#6070 = PRODUCT_DEFINITION_SHAPE('','',#6071);
#6071 = PRODUCT_DEFINITION('design','',#6072,#6075);
#6072 = PRODUCT_DEFINITION_FORMATION('','',#6073);
#6073 = PRODUCT('PinHeader_1x04_P2.54mm_Vertical_SMD_Pin1Left',
  'PinHeader_1x04_P2.54mm_Vertical_SMD_Pin1Left','',(#6074));
#6074 = PRODUCT_CONTEXT('',#2,'mechanical');
#6075 = PRODUCT_DEFINITION_CONTEXT('part definition',#2,'design');
#6076 = SHAPE_REPRESENTATION('',(#11,#6077),#6081);
#6077 = AXIS2_PLACEMENT_3D('',#6078,#6079,#6080);
#6078 = CARTESIAN_POINT('',(0.,0.,0.));
#6079 = DIRECTION('',(0.,0.,1.));
#6080 = DIRECTION('',(1.,0.,-0.));
#6081 = ( GEOMETRIC_REPRESENTATION_CONTEXT(3) 
GLOBAL_UNCERTAINTY_ASSIGNED_CONTEXT((#6085)) 
GLOBAL_UNIT_ASSIGNED_CONTEXT((#6082,#6083,#6084)) REPRESENTATION_CONTEXT
('Context #1','3D Context with UNIT and UNCERTAINTY') );
#6082 = ( LENGTH_UNIT() NAMED_UNIT(*) SI_UNIT(.MILLI.,.METRE.) );
#6083 = ( NAMED_UNIT(*) PLANE_ANGLE_UNIT() SI_UNIT($,.RADIAN.) );
#6084 = ( NAMED_UNIT(*) SI_UNIT($,.STERADIAN.) SOLID_ANGLE_UNIT() );
#6085 = UNCERTAINTY_MEASURE_WITH_UNIT(LENGTH_MEASURE(1.E-07),#6082,
  'distance_accuracy_value','confusion accuracy');
#6086 = CONTEXT_DEPENDENT_SHAPE_REPRESENTATION(#6087,#6089);
#6087 = ( REPRESENTATION_RELATIONSHIP('','',#6076,#10) 
REPRESENTATION_RELATIONSHIP_WITH_TRANSFORMATION(#6088) 
SHAPE_REPRESENTATION_RELATIONSHIP() );
#6088 = ITEM_DEFINED_TRANSFORMATION('','',#11,#67);
#6089 = PRODUCT_DEFINITION_SHAPE('Placement','Placement of an item',
  #6090);
#6090 = NEXT_ASSEMBLY_USAGE_OCCURRENCE('18','J3','',#5,#6071,$);
#6091 = PRODUCT_RELATED_PRODUCT_CATEGORY('part',$,(#6073));
#6092 = SHAPE_DEFINITION_REPRESENTATION(#6093,#6099);
#6093 = PRODUCT_DEFINITION_SHAPE('','',#6094);
#6094 = PRODUCT_DEFINITION('design','',#6095,#6098);
#6095 = PRODUCT_DEFINITION_FORMATION('','',#6096);
#6096 = PRODUCT('PinHeader_1x04_P254mm_Vertical_SMD_Pin1Left',
  'PinHeader_1x04_P254mm_Vertical_SMD_Pin1Left','',(#6097));
#6097 = PRODUCT_CONTEXT('',#2,'mechanical');
#6098 = PRODUCT_DEFINITION_CONTEXT('part definition',#2,'design');
#6099 = ADVANCED_BREP_SHAPE_REPRESENTATION('',(#11,#6100),#9284);
#6100 = MANIFOLD_SOLID_BREP('',#6101);
#6101 = CLOSED_SHELL('',(#6102,#6142,#6173,#6204,#6533,#6862,#6879,#6896
    ,#6913,#6930,#6947,#6964,#6981,#6998,#7015,#7032,#7049,#7066,#7083,
    #7100,#7117,#7134,#7151,#7168,#7185,#7202,#7219,#7236,#7248,#7279,
    #7328,#7352,#7394,#7425,#7474,#7498,#7540,#7596,#7620,#7669,#7686,
    #7717,#7766,#7790,#7832,#7863,#7887,#7911,#7928,#7959,#7983,#8007,
    #8024,#8055,#8079,#8103,#8120,#8151,#8175,#8199,#8216,#8233,#8264,
    #8281,#8298,#8329,#8346,#8377,#8394,#8411,#8442,#8473,#8490,#8507,
    #8524,#8555,#8572,#8603,#8620,#8637,#8668,#8699,#8723,#8747,#8764,
    #8795,#8819,#8843,#8860,#8891,#8915,#8939,#8956,#8987,#9011,#9035,
    #9052,#9069,#9086,#9098,#9115,#9132,#9144,#9161,#9178,#9190,#9207,
    #9224,#9236,#9248,#9260,#9272));
#6102 = ADVANCED_FACE('',(#6103),#6137,.F.);
#6103 = FACE_BOUND('',#6104,.F.);
#6104 = EDGE_LOOP('',(#6105,#6115,#6123,#6131));
#6105 = ORIENTED_EDGE('',*,*,#6106,.T.);
#6106 = EDGE_CURVE('',#6107,#6109,#6111,.T.);
#6107 = VERTEX_POINT('',#6108);
#6108 = CARTESIAN_POINT('',(-1.016,5.08,0.76));
#6109 = VERTEX_POINT('',#6110);
#6110 = CARTESIAN_POINT('',(-1.016,5.08,3.3));
#6111 = LINE('',#6112,#6113);
#6112 = CARTESIAN_POINT('',(-1.016,5.08,0.76));
#6113 = VECTOR('',#6114,1.);
#6114 = DIRECTION('',(0.,0.,1.));
#6115 = ORIENTED_EDGE('',*,*,#6116,.T.);
#6116 = EDGE_CURVE('',#6109,#6117,#6119,.T.);
#6117 = VERTEX_POINT('',#6118);
#6118 = CARTESIAN_POINT('',(-1.27,4.826,3.3));
#6119 = LINE('',#6120,#6121);
#6120 = CARTESIAN_POINT('',(-1.016,5.08,3.3));
#6121 = VECTOR('',#6122,1.);
#6122 = DIRECTION('',(-0.707106781187,-0.707106781187,0.));
#6123 = ORIENTED_EDGE('',*,*,#6124,.F.);
#6124 = EDGE_CURVE('',#6125,#6117,#6127,.T.);
#6125 = VERTEX_POINT('',#6126);
#6126 = CARTESIAN_POINT('',(-1.27,4.826,0.76));
#6127 = LINE('',#6128,#6129);
#6128 = CARTESIAN_POINT('',(-1.27,4.826,0.76));
#6129 = VECTOR('',#6130,1.);
#6130 = DIRECTION('',(0.,0.,1.));
#6131 = ORIENTED_EDGE('',*,*,#6132,.F.);
#6132 = EDGE_CURVE('',#6107,#6125,#6133,.T.);
#6133 = LINE('',#6134,#6135);
#6134 = CARTESIAN_POINT('',(-1.016,5.08,0.76));
#6135 = VECTOR('',#6136,1.);
#6136 = DIRECTION('',(-0.707106781187,-0.707106781187,0.));
#6137 = PLANE('',#6138);
#6138 = AXIS2_PLACEMENT_3D('',#6139,#6140,#6141);
#6139 = CARTESIAN_POINT('',(-1.016,5.08,0.76));
#6140 = DIRECTION('',(0.707106781187,-0.707106781187,0.));
#6141 = DIRECTION('',(-0.707106781187,-0.707106781187,0.));
#6142 = ADVANCED_FACE('',(#6143),#6168,.F.);
#6143 = FACE_BOUND('',#6144,.F.);
#6144 = EDGE_LOOP('',(#6145,#6155,#6161,#6162));
#6145 = ORIENTED_EDGE('',*,*,#6146,.T.);
#6146 = EDGE_CURVE('',#6147,#6149,#6151,.T.);
#6147 = VERTEX_POINT('',#6148);
#6148 = CARTESIAN_POINT('',(1.016,5.08,0.76));
#6149 = VERTEX_POINT('',#6150);
#6150 = CARTESIAN_POINT('',(1.016,5.08,3.3));
#6151 = LINE('',#6152,#6153);
#6152 = CARTESIAN_POINT('',(1.016,5.08,0.76));
#6153 = VECTOR('',#6154,1.);
#6154 = DIRECTION('',(0.,0.,1.));
#6155 = ORIENTED_EDGE('',*,*,#6156,.T.);
#6156 = EDGE_CURVE('',#6149,#6109,#6157,.T.);
#6157 = LINE('',#6158,#6159);
#6158 = CARTESIAN_POINT('',(1.016,5.08,3.3));
#6159 = VECTOR('',#6160,1.);
#6160 = DIRECTION('',(-1.,0.,0.));
#6161 = ORIENTED_EDGE('',*,*,#6106,.F.);
#6162 = ORIENTED_EDGE('',*,*,#6163,.F.);
#6163 = EDGE_CURVE('',#6147,#6107,#6164,.T.);
#6164 = LINE('',#6165,#6166);
#6165 = CARTESIAN_POINT('',(1.016,5.08,0.76));
#6166 = VECTOR('',#6167,1.);
#6167 = DIRECTION('',(-1.,0.,0.));
#6168 = PLANE('',#6169);
#6169 = AXIS2_PLACEMENT_3D('',#6170,#6171,#6172);
#6170 = CARTESIAN_POINT('',(1.016,5.08,0.76));
#6171 = DIRECTION('',(0.,-1.,0.));
#6172 = DIRECTION('',(-1.,0.,0.));
#6173 = ADVANCED_FACE('',(#6174),#6199,.F.);
#6174 = FACE_BOUND('',#6175,.F.);
#6175 = EDGE_LOOP('',(#6176,#6177,#6185,#6193));
#6176 = ORIENTED_EDGE('',*,*,#6124,.T.);
#6177 = ORIENTED_EDGE('',*,*,#6178,.T.);
#6178 = EDGE_CURVE('',#6117,#6179,#6181,.T.);
#6179 = VERTEX_POINT('',#6180);
#6180 = CARTESIAN_POINT('',(-1.27,2.794,3.3));
#6181 = LINE('',#6182,#6183);
#6182 = CARTESIAN_POINT('',(-1.27,4.826,3.3));
#6183 = VECTOR('',#6184,1.);
#6184 = DIRECTION('',(0.,-1.,0.));
#6185 = ORIENTED_EDGE('',*,*,#6186,.F.);
#6186 = EDGE_CURVE('',#6187,#6179,#6189,.T.);
#6187 = VERTEX_POINT('',#6188);
#6188 = CARTESIAN_POINT('',(-1.27,2.794,0.76));
#6189 = LINE('',#6190,#6191);
#6190 = CARTESIAN_POINT('',(-1.27,2.794,0.76));
#6191 = VECTOR('',#6192,1.);
#6192 = DIRECTION('',(0.,0.,1.));
#6193 = ORIENTED_EDGE('',*,*,#6194,.F.);
#6194 = EDGE_CURVE('',#6125,#6187,#6195,.T.);
#6195 = LINE('',#6196,#6197);
#6196 = CARTESIAN_POINT('',(-1.27,4.826,0.76));
#6197 = VECTOR('',#6198,1.);
#6198 = DIRECTION('',(0.,-1.,0.));
#6199 = PLANE('',#6200);
#6200 = AXIS2_PLACEMENT_3D('',#6201,#6202,#6203);
#6201 = CARTESIAN_POINT('',(-1.27,4.826,0.76));
#6202 = DIRECTION('',(1.,0.,0.));
#6203 = DIRECTION('',(0.,-1.,0.));
#6204 = ADVANCED_FACE('',(#6205,#6392,#6426,#6460,#6494),#6528,.F.);
#6205 = FACE_BOUND('',#6206,.F.);
#6206 = EDGE_LOOP('',(#6207,#6208,#6209,#6217,#6225,#6233,#6241,#6249,
    #6257,#6265,#6273,#6281,#6289,#6297,#6305,#6313,#6321,#6329,#6337,
    #6345,#6353,#6361,#6369,#6377,#6385,#6391));
#6207 = ORIENTED_EDGE('',*,*,#6132,.T.);
#6208 = ORIENTED_EDGE('',*,*,#6194,.T.);
#6209 = ORIENTED_EDGE('',*,*,#6210,.T.);
#6210 = EDGE_CURVE('',#6187,#6211,#6213,.T.);
#6211 = VERTEX_POINT('',#6212);
#6212 = CARTESIAN_POINT('',(-1.016,2.54,0.76));
#6213 = LINE('',#6214,#6215);
#6214 = CARTESIAN_POINT('',(-1.27,2.794,0.76));
#6215 = VECTOR('',#6216,1.);
#6216 = DIRECTION('',(0.707106781187,-0.707106781187,0.));
#6217 = ORIENTED_EDGE('',*,*,#6218,.T.);
#6218 = EDGE_CURVE('',#6211,#6219,#6221,.T.);
#6219 = VERTEX_POINT('',#6220);
#6220 = CARTESIAN_POINT('',(-1.27,2.286,0.76));
#6221 = LINE('',#6222,#6223);
#6222 = CARTESIAN_POINT('',(-1.016,2.54,0.76));
#6223 = VECTOR('',#6224,1.);
#6224 = DIRECTION('',(-0.707106781187,-0.707106781187,0.));
#6225 = ORIENTED_EDGE('',*,*,#6226,.T.);
#6226 = EDGE_CURVE('',#6219,#6227,#6229,.T.);
#6227 = VERTEX_POINT('',#6228);
#6228 = CARTESIAN_POINT('',(-1.27,0.254,0.76));
#6229 = LINE('',#6230,#6231);
#6230 = CARTESIAN_POINT('',(-1.27,2.286,0.76));
#6231 = VECTOR('',#6232,1.);
#6232 = DIRECTION('',(0.,-1.,0.));
#6233 = ORIENTED_EDGE('',*,*,#6234,.T.);
#6234 = EDGE_CURVE('',#6227,#6235,#6237,.T.);
#6235 = VERTEX_POINT('',#6236);
#6236 = CARTESIAN_POINT('',(-1.016,4.440892098501E-16,0.76));
#6237 = LINE('',#6238,#6239);
#6238 = CARTESIAN_POINT('',(-1.27,0.254,0.76));
#6239 = VECTOR('',#6240,1.);
#6240 = DIRECTION('',(0.707106781187,-0.707106781187,0.));
#6241 = ORIENTED_EDGE('',*,*,#6242,.T.);
#6242 = EDGE_CURVE('',#6235,#6243,#6245,.T.);
#6243 = VERTEX_POINT('',#6244);
#6244 = CARTESIAN_POINT('',(-1.27,-0.254,0.76));
#6245 = LINE('',#6246,#6247);
#6246 = CARTESIAN_POINT('',(-1.016,4.440892098501E-16,0.76));
#6247 = VECTOR('',#6248,1.);
#6248 = DIRECTION('',(-0.707106781187,-0.707106781187,0.));
#6249 = ORIENTED_EDGE('',*,*,#6250,.T.);
#6250 = EDGE_CURVE('',#6243,#6251,#6253,.T.);
#6251 = VERTEX_POINT('',#6252);
#6252 = CARTESIAN_POINT('',(-1.27,-2.286,0.76));
#6253 = LINE('',#6254,#6255);
#6254 = CARTESIAN_POINT('',(-1.27,-0.254,0.76));
#6255 = VECTOR('',#6256,1.);
#6256 = DIRECTION('',(0.,-1.,0.));
#6257 = ORIENTED_EDGE('',*,*,#6258,.T.);
#6258 = EDGE_CURVE('',#6251,#6259,#6261,.T.);
#6259 = VERTEX_POINT('',#6260);
#6260 = CARTESIAN_POINT('',(-1.016,-2.54,0.76));
#6261 = LINE('',#6262,#6263);
#6262 = CARTESIAN_POINT('',(-1.27,-2.286,0.76));
#6263 = VECTOR('',#6264,1.);
#6264 = DIRECTION('',(0.707106781187,-0.707106781187,0.));
#6265 = ORIENTED_EDGE('',*,*,#6266,.T.);
#6266 = EDGE_CURVE('',#6259,#6267,#6269,.T.);
#6267 = VERTEX_POINT('',#6268);
#6268 = CARTESIAN_POINT('',(-1.27,-2.794,0.76));
#6269 = LINE('',#6270,#6271);
#6270 = CARTESIAN_POINT('',(-1.016,-2.54,0.76));
#6271 = VECTOR('',#6272,1.);
#6272 = DIRECTION('',(-0.707106781187,-0.707106781187,0.));
#6273 = ORIENTED_EDGE('',*,*,#6274,.T.);
#6274 = EDGE_CURVE('',#6267,#6275,#6277,.T.);
#6275 = VERTEX_POINT('',#6276);
#6276 = CARTESIAN_POINT('',(-1.27,-4.826,0.76));
#6277 = LINE('',#6278,#6279);
#6278 = CARTESIAN_POINT('',(-1.27,-2.794,0.76));
#6279 = VECTOR('',#6280,1.);
#6280 = DIRECTION('',(0.,-1.,0.));
#6281 = ORIENTED_EDGE('',*,*,#6282,.T.);
#6282 = EDGE_CURVE('',#6275,#6283,#6285,.T.);
#6283 = VERTEX_POINT('',#6284);
#6284 = CARTESIAN_POINT('',(-1.016,-5.08,0.76));
#6285 = LINE('',#6286,#6287);
#6286 = CARTESIAN_POINT('',(-1.27,-4.826,0.76));
#6287 = VECTOR('',#6288,1.);
#6288 = DIRECTION('',(0.707106781187,-0.707106781187,0.));
#6289 = ORIENTED_EDGE('',*,*,#6290,.T.);
#6290 = EDGE_CURVE('',#6283,#6291,#6293,.T.);
#6291 = VERTEX_POINT('',#6292);
#6292 = CARTESIAN_POINT('',(1.016,-5.08,0.76));
#6293 = LINE('',#6294,#6295);
#6294 = CARTESIAN_POINT('',(-1.016,-5.08,0.76));
#6295 = VECTOR('',#6296,1.);
#6296 = DIRECTION('',(1.,0.,0.));
#6297 = ORIENTED_EDGE('',*,*,#6298,.T.);
#6298 = EDGE_CURVE('',#6291,#6299,#6301,.T.);
#6299 = VERTEX_POINT('',#6300);
#6300 = CARTESIAN_POINT('',(1.27,-4.826,0.76));
#6301 = LINE('',#6302,#6303);
#6302 = CARTESIAN_POINT('',(1.016,-5.08,0.76));
#6303 = VECTOR('',#6304,1.);
#6304 = DIRECTION('',(0.707106781187,0.707106781187,0.));
#6305 = ORIENTED_EDGE('',*,*,#6306,.T.);
#6306 = EDGE_CURVE('',#6299,#6307,#6309,.T.);
#6307 = VERTEX_POINT('',#6308);
#6308 = CARTESIAN_POINT('',(1.27,-2.794,0.76));
#6309 = LINE('',#6310,#6311);
#6310 = CARTESIAN_POINT('',(1.27,-4.826,0.76));
#6311 = VECTOR('',#6312,1.);
#6312 = DIRECTION('',(0.,1.,0.));
#6313 = ORIENTED_EDGE('',*,*,#6314,.T.);
#6314 = EDGE_CURVE('',#6307,#6315,#6317,.T.);
#6315 = VERTEX_POINT('',#6316);
#6316 = CARTESIAN_POINT('',(1.016,-2.54,0.76));
#6317 = LINE('',#6318,#6319);
#6318 = CARTESIAN_POINT('',(1.27,-2.794,0.76));
#6319 = VECTOR('',#6320,1.);
#6320 = DIRECTION('',(-0.707106781187,0.707106781187,0.));
#6321 = ORIENTED_EDGE('',*,*,#6322,.T.);
#6322 = EDGE_CURVE('',#6315,#6323,#6325,.T.);
#6323 = VERTEX_POINT('',#6324);
#6324 = CARTESIAN_POINT('',(1.27,-2.286,0.76));
#6325 = LINE('',#6326,#6327);
#6326 = CARTESIAN_POINT('',(1.016,-2.54,0.76));
#6327 = VECTOR('',#6328,1.);
#6328 = DIRECTION('',(0.707106781187,0.707106781187,0.));
#6329 = ORIENTED_EDGE('',*,*,#6330,.T.);
#6330 = EDGE_CURVE('',#6323,#6331,#6333,.T.);
#6331 = VERTEX_POINT('',#6332);
#6332 = CARTESIAN_POINT('',(1.27,-0.254,0.76));
#6333 = LINE('',#6334,#6335);
#6334 = CARTESIAN_POINT('',(1.27,-2.286,0.76));
#6335 = VECTOR('',#6336,1.);
#6336 = DIRECTION('',(0.,1.,0.));
#6337 = ORIENTED_EDGE('',*,*,#6338,.T.);
#6338 = EDGE_CURVE('',#6331,#6339,#6341,.T.);
#6339 = VERTEX_POINT('',#6340);
#6340 = CARTESIAN_POINT('',(1.016,-4.440892098501E-16,0.76));
#6341 = LINE('',#6342,#6343);
#6342 = CARTESIAN_POINT('',(1.27,-0.254,0.76));
#6343 = VECTOR('',#6344,1.);
#6344 = DIRECTION('',(-0.707106781187,0.707106781187,0.));
#6345 = ORIENTED_EDGE('',*,*,#6346,.T.);
#6346 = EDGE_CURVE('',#6339,#6347,#6349,.T.);
#6347 = VERTEX_POINT('',#6348);
#6348 = CARTESIAN_POINT('',(1.27,0.254,0.76));
#6349 = LINE('',#6350,#6351);
#6350 = CARTESIAN_POINT('',(1.016,-4.440892098501E-16,0.76));
#6351 = VECTOR('',#6352,1.);
#6352 = DIRECTION('',(0.707106781187,0.707106781187,0.));
#6353 = ORIENTED_EDGE('',*,*,#6354,.T.);
#6354 = EDGE_CURVE('',#6347,#6355,#6357,.T.);
#6355 = VERTEX_POINT('',#6356);
#6356 = CARTESIAN_POINT('',(1.27,2.286,0.76));
#6357 = LINE('',#6358,#6359);
#6358 = CARTESIAN_POINT('',(1.27,0.254,0.76));
#6359 = VECTOR('',#6360,1.);
#6360 = DIRECTION('',(0.,1.,0.));
#6361 = ORIENTED_EDGE('',*,*,#6362,.T.);
#6362 = EDGE_CURVE('',#6355,#6363,#6365,.T.);
#6363 = VERTEX_POINT('',#6364);
#6364 = CARTESIAN_POINT('',(1.016,2.54,0.76));
#6365 = LINE('',#6366,#6367);
#6366 = CARTESIAN_POINT('',(1.27,2.286,0.76));
#6367 = VECTOR('',#6368,1.);
#6368 = DIRECTION('',(-0.707106781187,0.707106781187,0.));
#6369 = ORIENTED_EDGE('',*,*,#6370,.T.);
#6370 = EDGE_CURVE('',#6363,#6371,#6373,.T.);
#6371 = VERTEX_POINT('',#6372);
#6372 = CARTESIAN_POINT('',(1.27,2.794,0.76));
#6373 = LINE('',#6374,#6375);
#6374 = CARTESIAN_POINT('',(1.016,2.54,0.76));
#6375 = VECTOR('',#6376,1.);
#6376 = DIRECTION('',(0.707106781187,0.707106781187,0.));
#6377 = ORIENTED_EDGE('',*,*,#6378,.T.);
#6378 = EDGE_CURVE('',#6371,#6379,#6381,.T.);
#6379 = VERTEX_POINT('',#6380);
#6380 = CARTESIAN_POINT('',(1.27,4.826,0.76));
#6381 = LINE('',#6382,#6383);
#6382 = CARTESIAN_POINT('',(1.27,2.794,0.76));
#6383 = VECTOR('',#6384,1.);
#6384 = DIRECTION('',(0.,1.,0.));
#6385 = ORIENTED_EDGE('',*,*,#6386,.T.);
#6386 = EDGE_CURVE('',#6379,#6147,#6387,.T.);
#6387 = LINE('',#6388,#6389);
#6388 = CARTESIAN_POINT('',(1.27,4.826,0.76));
#6389 = VECTOR('',#6390,1.);
#6390 = DIRECTION('',(-0.707106781187,0.707106781187,0.));
#6391 = ORIENTED_EDGE('',*,*,#6163,.T.);
#6392 = FACE_BOUND('',#6393,.F.);
#6393 = EDGE_LOOP('',(#6394,#6404,#6412,#6420));
#6394 = ORIENTED_EDGE('',*,*,#6395,.T.);
#6395 = EDGE_CURVE('',#6396,#6398,#6400,.T.);
#6396 = VERTEX_POINT('',#6397);
#6397 = CARTESIAN_POINT('',(-0.32,-1.59,0.76));
#6398 = VERTEX_POINT('',#6399);
#6399 = CARTESIAN_POINT('',(-0.32,-0.95,0.76));
#6400 = LINE('',#6401,#6402);
#6401 = CARTESIAN_POINT('',(-0.32,-0.475,0.76));
#6402 = VECTOR('',#6403,1.);
#6403 = DIRECTION('',(0.,1.,-3.919805375684E-33));
#6404 = ORIENTED_EDGE('',*,*,#6405,.T.);
#6405 = EDGE_CURVE('',#6398,#6406,#6408,.T.);
#6406 = VERTEX_POINT('',#6407);
#6407 = CARTESIAN_POINT('',(0.32,-0.95,0.76));
#6408 = LINE('',#6409,#6410);
#6409 = CARTESIAN_POINT('',(-0.155585808581,-0.95,0.76));
#6410 = VECTOR('',#6411,1.);
#6411 = DIRECTION('',(1.,-1.977317844427E-31,1.976524071839E-32));
#6412 = ORIENTED_EDGE('',*,*,#6413,.T.);
#6413 = EDGE_CURVE('',#6406,#6414,#6416,.T.);
#6414 = VERTEX_POINT('',#6415);
#6415 = CARTESIAN_POINT('',(0.32,-1.59,0.76));
#6416 = LINE('',#6417,#6418);
#6417 = CARTESIAN_POINT('',(0.32,-0.475,0.76));
#6418 = VECTOR('',#6419,1.);
#6419 = DIRECTION('',(-1.169854349498E-49,-1.,3.919805375684E-33));
#6420 = ORIENTED_EDGE('',*,*,#6421,.F.);
#6421 = EDGE_CURVE('',#6396,#6414,#6422,.T.);
#6422 = LINE('',#6423,#6424);
#6423 = CARTESIAN_POINT('',(-0.155585808581,-1.59,0.76));
#6424 = VECTOR('',#6425,1.);
#6425 = DIRECTION('',(1.,-1.977317844427E-31,1.976524071839E-32));
#6426 = FACE_BOUND('',#6427,.F.);
#6427 = EDGE_LOOP('',(#6428,#6438,#6446,#6454));
#6428 = ORIENTED_EDGE('',*,*,#6429,.F.);
#6429 = EDGE_CURVE('',#6430,#6432,#6434,.T.);
#6430 = VERTEX_POINT('',#6431);
#6431 = CARTESIAN_POINT('',(0.32,-4.13,0.76));
#6432 = VERTEX_POINT('',#6433);
#6433 = CARTESIAN_POINT('',(0.32,-3.49,0.76));
#6434 = LINE('',#6435,#6436);
#6435 = CARTESIAN_POINT('',(0.32,-1.745,0.76));
#6436 = VECTOR('',#6437,1.);
#6437 = DIRECTION('',(0.,1.,-3.919805375684E-33));
#6438 = ORIENTED_EDGE('',*,*,#6439,.T.);
#6439 = EDGE_CURVE('',#6430,#6440,#6442,.T.);
#6440 = VERTEX_POINT('',#6441);
#6441 = CARTESIAN_POINT('',(-0.32,-4.13,0.76));
#6442 = LINE('',#6443,#6444);
#6443 = CARTESIAN_POINT('',(0.155585808581,-4.13,0.76));
#6444 = VECTOR('',#6445,1.);
#6445 = DIRECTION('',(-1.,-1.977317844427E-31,-1.976524071839E-32));
#6446 = ORIENTED_EDGE('',*,*,#6447,.F.);
#6447 = EDGE_CURVE('',#6448,#6440,#6450,.T.);
#6448 = VERTEX_POINT('',#6449);
#6449 = CARTESIAN_POINT('',(-0.32,-3.49,0.76));
#6450 = LINE('',#6451,#6452);
#6451 = CARTESIAN_POINT('',(-0.32,-1.745,0.76));
#6452 = VECTOR('',#6453,1.);
#6453 = DIRECTION('',(1.169854349498E-49,-1.,3.919805375684E-33));
#6454 = ORIENTED_EDGE('',*,*,#6455,.F.);
#6455 = EDGE_CURVE('',#6432,#6448,#6456,.T.);
#6456 = LINE('',#6457,#6458);
#6457 = CARTESIAN_POINT('',(0.155585808581,-3.49,0.76));
#6458 = VECTOR('',#6459,1.);
#6459 = DIRECTION('',(-1.,-1.977317844427E-31,-1.976524071839E-32));
#6460 = FACE_BOUND('',#6461,.F.);
#6461 = EDGE_LOOP('',(#6462,#6472,#6480,#6488));
#6462 = ORIENTED_EDGE('',*,*,#6463,.F.);
#6463 = EDGE_CURVE('',#6464,#6466,#6468,.T.);
#6464 = VERTEX_POINT('',#6465);
#6465 = CARTESIAN_POINT('',(-0.32,3.49,0.76));
#6466 = VERTEX_POINT('',#6467);
#6467 = CARTESIAN_POINT('',(0.32,3.49,0.76));
#6468 = LINE('',#6469,#6470);
#6469 = CARTESIAN_POINT('',(-0.155585808581,3.49,0.76));
#6470 = VECTOR('',#6471,1.);
#6471 = DIRECTION('',(1.,-1.977317844427E-31,1.976524071839E-32));
#6472 = ORIENTED_EDGE('',*,*,#6473,.T.);
#6473 = EDGE_CURVE('',#6464,#6474,#6476,.T.);
#6474 = VERTEX_POINT('',#6475);
#6475 = CARTESIAN_POINT('',(-0.32,4.13,0.76));
#6476 = LINE('',#6477,#6478);
#6477 = CARTESIAN_POINT('',(-0.32,2.065,0.76));
#6478 = VECTOR('',#6479,1.);
#6479 = DIRECTION('',(0.,1.,-3.919805375684E-33));
#6480 = ORIENTED_EDGE('',*,*,#6481,.T.);
#6481 = EDGE_CURVE('',#6474,#6482,#6484,.T.);
#6482 = VERTEX_POINT('',#6483);
#6483 = CARTESIAN_POINT('',(0.32,4.13,0.76));
#6484 = LINE('',#6485,#6486);
#6485 = CARTESIAN_POINT('',(-0.155585808581,4.13,0.76));
#6486 = VECTOR('',#6487,1.);
#6487 = DIRECTION('',(1.,-1.977317844427E-31,1.976524071839E-32));
#6488 = ORIENTED_EDGE('',*,*,#6489,.T.);
#6489 = EDGE_CURVE('',#6482,#6466,#6490,.T.);
#6490 = LINE('',#6491,#6492);
#6491 = CARTESIAN_POINT('',(0.32,2.065,0.76));
#6492 = VECTOR('',#6493,1.);
#6493 = DIRECTION('',(-1.169854349498E-49,-1.,3.919805375684E-33));
#6494 = FACE_BOUND('',#6495,.F.);
#6495 = EDGE_LOOP('',(#6496,#6506,#6514,#6522));
#6496 = ORIENTED_EDGE('',*,*,#6497,.F.);
#6497 = EDGE_CURVE('',#6498,#6500,#6502,.T.);
#6498 = VERTEX_POINT('',#6499);
#6499 = CARTESIAN_POINT('',(0.32,0.95,0.76));
#6500 = VERTEX_POINT('',#6501);
#6501 = CARTESIAN_POINT('',(0.32,1.59,0.76));
#6502 = LINE('',#6503,#6504);
#6503 = CARTESIAN_POINT('',(0.32,0.795,0.76));
#6504 = VECTOR('',#6505,1.);
#6505 = DIRECTION('',(0.,1.,-3.919805375684E-33));
#6506 = ORIENTED_EDGE('',*,*,#6507,.T.);
#6507 = EDGE_CURVE('',#6498,#6508,#6510,.T.);
#6508 = VERTEX_POINT('',#6509);
#6509 = CARTESIAN_POINT('',(-0.32,0.95,0.76));
#6510 = LINE('',#6511,#6512);
#6511 = CARTESIAN_POINT('',(0.155585808581,0.95,0.76));
#6512 = VECTOR('',#6513,1.);
#6513 = DIRECTION('',(-1.,-1.977317844427E-31,-1.976524071839E-32));
#6514 = ORIENTED_EDGE('',*,*,#6515,.F.);
#6515 = EDGE_CURVE('',#6516,#6508,#6518,.T.);
#6516 = VERTEX_POINT('',#6517);
#6517 = CARTESIAN_POINT('',(-0.32,1.59,0.76));
#6518 = LINE('',#6519,#6520);
#6519 = CARTESIAN_POINT('',(-0.32,0.795,0.76));
#6520 = VECTOR('',#6521,1.);
#6521 = DIRECTION('',(1.169854349498E-49,-1.,3.919805375684E-33));
#6522 = ORIENTED_EDGE('',*,*,#6523,.F.);
#6523 = EDGE_CURVE('',#6500,#6516,#6524,.T.);
#6524 = LINE('',#6525,#6526);
#6525 = CARTESIAN_POINT('',(0.155585808581,1.59,0.76));
#6526 = VECTOR('',#6527,1.);
#6527 = DIRECTION('',(-1.,-1.977317844427E-31,-1.976524071839E-32));
#6528 = PLANE('',#6529);
#6529 = AXIS2_PLACEMENT_3D('',#6530,#6531,#6532);
#6530 = CARTESIAN_POINT('',(5.962675164989E-17,2.044345770853E-16,0.76)
  );
#6531 = DIRECTION('',(-1.976524071839E-32,3.919805375684E-33,1.));
#6532 = DIRECTION('',(1.,0.,1.976524071839E-32));
#6533 = ADVANCED_FACE('',(#6534,#6721,#6755,#6789,#6823),#6857,.T.);
#6534 = FACE_BOUND('',#6535,.T.);
#6535 = EDGE_LOOP('',(#6536,#6537,#6538,#6546,#6554,#6562,#6570,#6578,
    #6586,#6594,#6602,#6610,#6618,#6626,#6634,#6642,#6650,#6658,#6666,
    #6674,#6682,#6690,#6698,#6706,#6714,#6720));
#6536 = ORIENTED_EDGE('',*,*,#6116,.T.);
#6537 = ORIENTED_EDGE('',*,*,#6178,.T.);
#6538 = ORIENTED_EDGE('',*,*,#6539,.T.);
#6539 = EDGE_CURVE('',#6179,#6540,#6542,.T.);
#6540 = VERTEX_POINT('',#6541);
#6541 = CARTESIAN_POINT('',(-1.016,2.54,3.3));
#6542 = LINE('',#6543,#6544);
#6543 = CARTESIAN_POINT('',(-1.27,2.794,3.3));
#6544 = VECTOR('',#6545,1.);
#6545 = DIRECTION('',(0.707106781187,-0.707106781187,0.));
#6546 = ORIENTED_EDGE('',*,*,#6547,.T.);
#6547 = EDGE_CURVE('',#6540,#6548,#6550,.T.);
#6548 = VERTEX_POINT('',#6549);
#6549 = CARTESIAN_POINT('',(-1.27,2.286,3.3));
#6550 = LINE('',#6551,#6552);
#6551 = CARTESIAN_POINT('',(-1.016,2.54,3.3));
#6552 = VECTOR('',#6553,1.);
#6553 = DIRECTION('',(-0.707106781187,-0.707106781187,0.));
#6554 = ORIENTED_EDGE('',*,*,#6555,.T.);
#6555 = EDGE_CURVE('',#6548,#6556,#6558,.T.);
#6556 = VERTEX_POINT('',#6557);
#6557 = CARTESIAN_POINT('',(-1.27,0.254,3.3));
#6558 = LINE('',#6559,#6560);
#6559 = CARTESIAN_POINT('',(-1.27,2.286,3.3));
#6560 = VECTOR('',#6561,1.);
#6561 = DIRECTION('',(0.,-1.,0.));
#6562 = ORIENTED_EDGE('',*,*,#6563,.T.);
#6563 = EDGE_CURVE('',#6556,#6564,#6566,.T.);
#6564 = VERTEX_POINT('',#6565);
#6565 = CARTESIAN_POINT('',(-1.016,4.440892098501E-16,3.3));
#6566 = LINE('',#6567,#6568);
#6567 = CARTESIAN_POINT('',(-1.27,0.254,3.3));
#6568 = VECTOR('',#6569,1.);
#6569 = DIRECTION('',(0.707106781187,-0.707106781187,0.));
#6570 = ORIENTED_EDGE('',*,*,#6571,.T.);
#6571 = EDGE_CURVE('',#6564,#6572,#6574,.T.);
#6572 = VERTEX_POINT('',#6573);
#6573 = CARTESIAN_POINT('',(-1.27,-0.254,3.3));
#6574 = LINE('',#6575,#6576);
#6575 = CARTESIAN_POINT('',(-1.016,4.440892098501E-16,3.3));
#6576 = VECTOR('',#6577,1.);
#6577 = DIRECTION('',(-0.707106781187,-0.707106781187,0.));
#6578 = ORIENTED_EDGE('',*,*,#6579,.T.);
#6579 = EDGE_CURVE('',#6572,#6580,#6582,.T.);
#6580 = VERTEX_POINT('',#6581);
#6581 = CARTESIAN_POINT('',(-1.27,-2.286,3.3));
#6582 = LINE('',#6583,#6584);
#6583 = CARTESIAN_POINT('',(-1.27,-0.254,3.3));
#6584 = VECTOR('',#6585,1.);
#6585 = DIRECTION('',(0.,-1.,0.));
#6586 = ORIENTED_EDGE('',*,*,#6587,.T.);
#6587 = EDGE_CURVE('',#6580,#6588,#6590,.T.);
#6588 = VERTEX_POINT('',#6589);
#6589 = CARTESIAN_POINT('',(-1.016,-2.54,3.3));
#6590 = LINE('',#6591,#6592);
#6591 = CARTESIAN_POINT('',(-1.27,-2.286,3.3));
#6592 = VECTOR('',#6593,1.);
#6593 = DIRECTION('',(0.707106781187,-0.707106781187,0.));
#6594 = ORIENTED_EDGE('',*,*,#6595,.T.);
#6595 = EDGE_CURVE('',#6588,#6596,#6598,.T.);
#6596 = VERTEX_POINT('',#6597);
#6597 = CARTESIAN_POINT('',(-1.27,-2.794,3.3));
#6598 = LINE('',#6599,#6600);
#6599 = CARTESIAN_POINT('',(-1.016,-2.54,3.3));
#6600 = VECTOR('',#6601,1.);
#6601 = DIRECTION('',(-0.707106781187,-0.707106781187,0.));
#6602 = ORIENTED_EDGE('',*,*,#6603,.T.);
#6603 = EDGE_CURVE('',#6596,#6604,#6606,.T.);
#6604 = VERTEX_POINT('',#6605);
#6605 = CARTESIAN_POINT('',(-1.27,-4.826,3.3));
#6606 = LINE('',#6607,#6608);
#6607 = CARTESIAN_POINT('',(-1.27,-2.794,3.3));
#6608 = VECTOR('',#6609,1.);
#6609 = DIRECTION('',(0.,-1.,0.));
#6610 = ORIENTED_EDGE('',*,*,#6611,.T.);
#6611 = EDGE_CURVE('',#6604,#6612,#6614,.T.);
#6612 = VERTEX_POINT('',#6613);
#6613 = CARTESIAN_POINT('',(-1.016,-5.08,3.3));
#6614 = LINE('',#6615,#6616);
#6615 = CARTESIAN_POINT('',(-1.27,-4.826,3.3));
#6616 = VECTOR('',#6617,1.);
#6617 = DIRECTION('',(0.707106781187,-0.707106781187,0.));
#6618 = ORIENTED_EDGE('',*,*,#6619,.T.);
#6619 = EDGE_CURVE('',#6612,#6620,#6622,.T.);
#6620 = VERTEX_POINT('',#6621);
#6621 = CARTESIAN_POINT('',(1.016,-5.08,3.3));
#6622 = LINE('',#6623,#6624);
#6623 = CARTESIAN_POINT('',(-1.016,-5.08,3.3));
#6624 = VECTOR('',#6625,1.);
#6625 = DIRECTION('',(1.,0.,0.));
#6626 = ORIENTED_EDGE('',*,*,#6627,.T.);
#6627 = EDGE_CURVE('',#6620,#6628,#6630,.T.);
#6628 = VERTEX_POINT('',#6629);
#6629 = CARTESIAN_POINT('',(1.27,-4.826,3.3));
#6630 = LINE('',#6631,#6632);
#6631 = CARTESIAN_POINT('',(1.016,-5.08,3.3));
#6632 = VECTOR('',#6633,1.);
#6633 = DIRECTION('',(0.707106781187,0.707106781187,0.));
#6634 = ORIENTED_EDGE('',*,*,#6635,.T.);
#6635 = EDGE_CURVE('',#6628,#6636,#6638,.T.);
#6636 = VERTEX_POINT('',#6637);
#6637 = CARTESIAN_POINT('',(1.27,-2.794,3.3));
#6638 = LINE('',#6639,#6640);
#6639 = CARTESIAN_POINT('',(1.27,-4.826,3.3));
#6640 = VECTOR('',#6641,1.);
#6641 = DIRECTION('',(0.,1.,0.));
#6642 = ORIENTED_EDGE('',*,*,#6643,.T.);
#6643 = EDGE_CURVE('',#6636,#6644,#6646,.T.);
#6644 = VERTEX_POINT('',#6645);
#6645 = CARTESIAN_POINT('',(1.016,-2.54,3.3));
#6646 = LINE('',#6647,#6648);
#6647 = CARTESIAN_POINT('',(1.27,-2.794,3.3));
#6648 = VECTOR('',#6649,1.);
#6649 = DIRECTION('',(-0.707106781187,0.707106781187,0.));
#6650 = ORIENTED_EDGE('',*,*,#6651,.T.);
#6651 = EDGE_CURVE('',#6644,#6652,#6654,.T.);
#6652 = VERTEX_POINT('',#6653);
#6653 = CARTESIAN_POINT('',(1.27,-2.286,3.3));
#6654 = LINE('',#6655,#6656);
#6655 = CARTESIAN_POINT('',(1.016,-2.54,3.3));
#6656 = VECTOR('',#6657,1.);
#6657 = DIRECTION('',(0.707106781187,0.707106781187,0.));
#6658 = ORIENTED_EDGE('',*,*,#6659,.T.);
#6659 = EDGE_CURVE('',#6652,#6660,#6662,.T.);
#6660 = VERTEX_POINT('',#6661);
#6661 = CARTESIAN_POINT('',(1.27,-0.254,3.3));
#6662 = LINE('',#6663,#6664);
#6663 = CARTESIAN_POINT('',(1.27,-2.286,3.3));
#6664 = VECTOR('',#6665,1.);
#6665 = DIRECTION('',(0.,1.,0.));
#6666 = ORIENTED_EDGE('',*,*,#6667,.T.);
#6667 = EDGE_CURVE('',#6660,#6668,#6670,.T.);
#6668 = VERTEX_POINT('',#6669);
#6669 = CARTESIAN_POINT('',(1.016,-4.440892098501E-16,3.3));
#6670 = LINE('',#6671,#6672);
#6671 = CARTESIAN_POINT('',(1.27,-0.254,3.3));
#6672 = VECTOR('',#6673,1.);
#6673 = DIRECTION('',(-0.707106781187,0.707106781187,0.));
#6674 = ORIENTED_EDGE('',*,*,#6675,.T.);
#6675 = EDGE_CURVE('',#6668,#6676,#6678,.T.);
#6676 = VERTEX_POINT('',#6677);
#6677 = CARTESIAN_POINT('',(1.27,0.254,3.3));
#6678 = LINE('',#6679,#6680);
#6679 = CARTESIAN_POINT('',(1.016,-4.440892098501E-16,3.3));
#6680 = VECTOR('',#6681,1.);
#6681 = DIRECTION('',(0.707106781187,0.707106781187,0.));
#6682 = ORIENTED_EDGE('',*,*,#6683,.T.);
#6683 = EDGE_CURVE('',#6676,#6684,#6686,.T.);
#6684 = VERTEX_POINT('',#6685);
#6685 = CARTESIAN_POINT('',(1.27,2.286,3.3));
#6686 = LINE('',#6687,#6688);
#6687 = CARTESIAN_POINT('',(1.27,0.254,3.3));
#6688 = VECTOR('',#6689,1.);
#6689 = DIRECTION('',(0.,1.,0.));
#6690 = ORIENTED_EDGE('',*,*,#6691,.T.);
#6691 = EDGE_CURVE('',#6684,#6692,#6694,.T.);
#6692 = VERTEX_POINT('',#6693);
#6693 = CARTESIAN_POINT('',(1.016,2.54,3.3));
#6694 = LINE('',#6695,#6696);
#6695 = CARTESIAN_POINT('',(1.27,2.286,3.3));
#6696 = VECTOR('',#6697,1.);
#6697 = DIRECTION('',(-0.707106781187,0.707106781187,0.));
#6698 = ORIENTED_EDGE('',*,*,#6699,.T.);
#6699 = EDGE_CURVE('',#6692,#6700,#6702,.T.);
#6700 = VERTEX_POINT('',#6701);
#6701 = CARTESIAN_POINT('',(1.27,2.794,3.3));
#6702 = LINE('',#6703,#6704);
#6703 = CARTESIAN_POINT('',(1.016,2.54,3.3));
#6704 = VECTOR('',#6705,1.);
#6705 = DIRECTION('',(0.707106781187,0.707106781187,0.));
#6706 = ORIENTED_EDGE('',*,*,#6707,.T.);
#6707 = EDGE_CURVE('',#6700,#6708,#6710,.T.);
#6708 = VERTEX_POINT('',#6709);
#6709 = CARTESIAN_POINT('',(1.27,4.826,3.3));
#6710 = LINE('',#6711,#6712);
#6711 = CARTESIAN_POINT('',(1.27,2.794,3.3));
#6712 = VECTOR('',#6713,1.);
#6713 = DIRECTION('',(0.,1.,0.));
#6714 = ORIENTED_EDGE('',*,*,#6715,.T.);
#6715 = EDGE_CURVE('',#6708,#6149,#6716,.T.);
#6716 = LINE('',#6717,#6718);
#6717 = CARTESIAN_POINT('',(1.27,4.826,3.3));
#6718 = VECTOR('',#6719,1.);
#6719 = DIRECTION('',(-0.707106781187,0.707106781187,0.));
#6720 = ORIENTED_EDGE('',*,*,#6156,.T.);
#6721 = FACE_BOUND('',#6722,.T.);
#6722 = EDGE_LOOP('',(#6723,#6733,#6741,#6749));
#6723 = ORIENTED_EDGE('',*,*,#6724,.T.);
#6724 = EDGE_CURVE('',#6725,#6727,#6729,.T.);
#6725 = VERTEX_POINT('',#6726);
#6726 = CARTESIAN_POINT('',(-0.32,-1.59,3.3));
#6727 = VERTEX_POINT('',#6728);
#6728 = CARTESIAN_POINT('',(-0.32,-0.95,3.3));
#6729 = LINE('',#6730,#6731);
#6730 = CARTESIAN_POINT('',(-0.32,-0.475,3.3));
#6731 = VECTOR('',#6732,1.);
#6732 = DIRECTION('',(0.,1.,-3.919805375684E-33));
#6733 = ORIENTED_EDGE('',*,*,#6734,.T.);
#6734 = EDGE_CURVE('',#6727,#6735,#6737,.T.);
#6735 = VERTEX_POINT('',#6736);
#6736 = CARTESIAN_POINT('',(0.32,-0.95,3.3));
#6737 = LINE('',#6738,#6739);
#6738 = CARTESIAN_POINT('',(-0.155585808581,-0.95,3.3));
#6739 = VECTOR('',#6740,1.);
#6740 = DIRECTION('',(1.,-1.977317844427E-31,1.976524071839E-32));
#6741 = ORIENTED_EDGE('',*,*,#6742,.T.);
#6742 = EDGE_CURVE('',#6735,#6743,#6745,.T.);
#6743 = VERTEX_POINT('',#6744);
#6744 = CARTESIAN_POINT('',(0.32,-1.59,3.3));
#6745 = LINE('',#6746,#6747);
#6746 = CARTESIAN_POINT('',(0.32,-0.475,3.3));
#6747 = VECTOR('',#6748,1.);
#6748 = DIRECTION('',(-1.169854349498E-49,-1.,3.919805375684E-33));
#6749 = ORIENTED_EDGE('',*,*,#6750,.F.);
#6750 = EDGE_CURVE('',#6725,#6743,#6751,.T.);
#6751 = LINE('',#6752,#6753);
#6752 = CARTESIAN_POINT('',(-0.155585808581,-1.59,3.3));
#6753 = VECTOR('',#6754,1.);
#6754 = DIRECTION('',(1.,-1.977317844427E-31,1.976524071839E-32));
#6755 = FACE_BOUND('',#6756,.T.);
#6756 = EDGE_LOOP('',(#6757,#6767,#6775,#6783));
#6757 = ORIENTED_EDGE('',*,*,#6758,.F.);
#6758 = EDGE_CURVE('',#6759,#6761,#6763,.T.);
#6759 = VERTEX_POINT('',#6760);
#6760 = CARTESIAN_POINT('',(0.32,-4.13,3.3));
#6761 = VERTEX_POINT('',#6762);
#6762 = CARTESIAN_POINT('',(0.32,-3.49,3.3));
#6763 = LINE('',#6764,#6765);
#6764 = CARTESIAN_POINT('',(0.32,-1.745,3.3));
#6765 = VECTOR('',#6766,1.);
#6766 = DIRECTION('',(0.,1.,-3.919805375684E-33));
#6767 = ORIENTED_EDGE('',*,*,#6768,.T.);
#6768 = EDGE_CURVE('',#6759,#6769,#6771,.T.);
#6769 = VERTEX_POINT('',#6770);
#6770 = CARTESIAN_POINT('',(-0.32,-4.13,3.3));
#6771 = LINE('',#6772,#6773);
#6772 = CARTESIAN_POINT('',(0.155585808581,-4.13,3.3));
#6773 = VECTOR('',#6774,1.);
#6774 = DIRECTION('',(-1.,-1.977317844427E-31,-1.976524071839E-32));
#6775 = ORIENTED_EDGE('',*,*,#6776,.F.);
#6776 = EDGE_CURVE('',#6777,#6769,#6779,.T.);
#6777 = VERTEX_POINT('',#6778);
#6778 = CARTESIAN_POINT('',(-0.32,-3.49,3.3));
#6779 = LINE('',#6780,#6781);
#6780 = CARTESIAN_POINT('',(-0.32,-1.745,3.3));
#6781 = VECTOR('',#6782,1.);
#6782 = DIRECTION('',(1.169854349498E-49,-1.,3.919805375684E-33));
#6783 = ORIENTED_EDGE('',*,*,#6784,.F.);
#6784 = EDGE_CURVE('',#6761,#6777,#6785,.T.);
#6785 = LINE('',#6786,#6787);
#6786 = CARTESIAN_POINT('',(0.155585808581,-3.49,3.3));
#6787 = VECTOR('',#6788,1.);
#6788 = DIRECTION('',(-1.,-1.977317844427E-31,-1.976524071839E-32));
#6789 = FACE_BOUND('',#6790,.T.);
#6790 = EDGE_LOOP('',(#6791,#6801,#6809,#6817));
#6791 = ORIENTED_EDGE('',*,*,#6792,.F.);
#6792 = EDGE_CURVE('',#6793,#6795,#6797,.T.);
#6793 = VERTEX_POINT('',#6794);
#6794 = CARTESIAN_POINT('',(-0.32,3.49,3.3));
#6795 = VERTEX_POINT('',#6796);
#6796 = CARTESIAN_POINT('',(0.32,3.49,3.3));
#6797 = LINE('',#6798,#6799);
#6798 = CARTESIAN_POINT('',(-0.155585808581,3.49,3.3));
#6799 = VECTOR('',#6800,1.);
#6800 = DIRECTION('',(1.,-1.977317844427E-31,1.976524071839E-32));
#6801 = ORIENTED_EDGE('',*,*,#6802,.T.);
#6802 = EDGE_CURVE('',#6793,#6803,#6805,.T.);
#6803 = VERTEX_POINT('',#6804);
#6804 = CARTESIAN_POINT('',(-0.32,4.13,3.3));
#6805 = LINE('',#6806,#6807);
#6806 = CARTESIAN_POINT('',(-0.32,2.065,3.3));
#6807 = VECTOR('',#6808,1.);
#6808 = DIRECTION('',(0.,1.,-3.919805375684E-33));
#6809 = ORIENTED_EDGE('',*,*,#6810,.T.);
#6810 = EDGE_CURVE('',#6803,#6811,#6813,.T.);
#6811 = VERTEX_POINT('',#6812);
#6812 = CARTESIAN_POINT('',(0.32,4.13,3.3));
#6813 = LINE('',#6814,#6815);
#6814 = CARTESIAN_POINT('',(-0.155585808581,4.13,3.3));
#6815 = VECTOR('',#6816,1.);
#6816 = DIRECTION('',(1.,-1.977317844427E-31,1.976524071839E-32));
#6817 = ORIENTED_EDGE('',*,*,#6818,.T.);
#6818 = EDGE_CURVE('',#6811,#6795,#6819,.T.);
#6819 = LINE('',#6820,#6821);
#6820 = CARTESIAN_POINT('',(0.32,2.065,3.3));
#6821 = VECTOR('',#6822,1.);
#6822 = DIRECTION('',(-1.169854349498E-49,-1.,3.919805375684E-33));
#6823 = FACE_BOUND('',#6824,.T.);
#6824 = EDGE_LOOP('',(#6825,#6835,#6843,#6851));
#6825 = ORIENTED_EDGE('',*,*,#6826,.F.);
#6826 = EDGE_CURVE('',#6827,#6829,#6831,.T.);
#6827 = VERTEX_POINT('',#6828);
#6828 = CARTESIAN_POINT('',(0.32,0.95,3.3));
#6829 = VERTEX_POINT('',#6830);
#6830 = CARTESIAN_POINT('',(0.32,1.59,3.3));
#6831 = LINE('',#6832,#6833);
#6832 = CARTESIAN_POINT('',(0.32,0.795,3.3));
#6833 = VECTOR('',#6834,1.);
#6834 = DIRECTION('',(0.,1.,-3.919805375684E-33));
#6835 = ORIENTED_EDGE('',*,*,#6836,.T.);
#6836 = EDGE_CURVE('',#6827,#6837,#6839,.T.);
#6837 = VERTEX_POINT('',#6838);
#6838 = CARTESIAN_POINT('',(-0.32,0.95,3.3));
#6839 = LINE('',#6840,#6841);
#6840 = CARTESIAN_POINT('',(0.155585808581,0.95,3.3));
#6841 = VECTOR('',#6842,1.);
#6842 = DIRECTION('',(-1.,-1.977317844427E-31,-1.976524071839E-32));
#6843 = ORIENTED_EDGE('',*,*,#6844,.F.);
#6844 = EDGE_CURVE('',#6845,#6837,#6847,.T.);
#6845 = VERTEX_POINT('',#6846);
#6846 = CARTESIAN_POINT('',(-0.32,1.59,3.3));
#6847 = LINE('',#6848,#6849);
#6848 = CARTESIAN_POINT('',(-0.32,0.795,3.3));
#6849 = VECTOR('',#6850,1.);
#6850 = DIRECTION('',(1.169854349498E-49,-1.,3.919805375684E-33));
#6851 = ORIENTED_EDGE('',*,*,#6852,.F.);
#6852 = EDGE_CURVE('',#6829,#6845,#6853,.T.);
#6853 = LINE('',#6854,#6855);
#6854 = CARTESIAN_POINT('',(0.155585808581,1.59,3.3));
#6855 = VECTOR('',#6856,1.);
#6856 = DIRECTION('',(-1.,-1.977317844427E-31,-1.976524071839E-32));
#6857 = PLANE('',#6858);
#6858 = AXIS2_PLACEMENT_3D('',#6859,#6860,#6861);
#6859 = CARTESIAN_POINT('',(5.962675164989E-17,2.044345770853E-16,3.3));
#6860 = DIRECTION('',(-1.976524071839E-32,3.919805375684E-33,1.));
#6861 = DIRECTION('',(1.,0.,1.976524071839E-32));
#6862 = ADVANCED_FACE('',(#6863),#6874,.F.);
#6863 = FACE_BOUND('',#6864,.F.);
#6864 = EDGE_LOOP('',(#6865,#6871,#6872,#6873));
#6865 = ORIENTED_EDGE('',*,*,#6866,.T.);
#6866 = EDGE_CURVE('',#6379,#6708,#6867,.T.);
#6867 = LINE('',#6868,#6869);
#6868 = CARTESIAN_POINT('',(1.27,4.826,0.76));
#6869 = VECTOR('',#6870,1.);
#6870 = DIRECTION('',(0.,0.,1.));
#6871 = ORIENTED_EDGE('',*,*,#6715,.T.);
#6872 = ORIENTED_EDGE('',*,*,#6146,.F.);
#6873 = ORIENTED_EDGE('',*,*,#6386,.F.);
#6874 = PLANE('',#6875);
#6875 = AXIS2_PLACEMENT_3D('',#6876,#6877,#6878);
#6876 = CARTESIAN_POINT('',(1.27,4.826,0.76));
#6877 = DIRECTION('',(-0.707106781187,-0.707106781187,0.));
#6878 = DIRECTION('',(-0.707106781187,0.707106781187,0.));
#6879 = ADVANCED_FACE('',(#6880),#6891,.F.);
#6880 = FACE_BOUND('',#6881,.F.);
#6881 = EDGE_LOOP('',(#6882,#6883,#6884,#6890));
#6882 = ORIENTED_EDGE('',*,*,#6186,.T.);
#6883 = ORIENTED_EDGE('',*,*,#6539,.T.);
#6884 = ORIENTED_EDGE('',*,*,#6885,.F.);
#6885 = EDGE_CURVE('',#6211,#6540,#6886,.T.);
#6886 = LINE('',#6887,#6888);
#6887 = CARTESIAN_POINT('',(-1.016,2.54,0.76));
#6888 = VECTOR('',#6889,1.);
#6889 = DIRECTION('',(0.,0.,1.));
#6890 = ORIENTED_EDGE('',*,*,#6210,.F.);
#6891 = PLANE('',#6892);
#6892 = AXIS2_PLACEMENT_3D('',#6893,#6894,#6895);
#6893 = CARTESIAN_POINT('',(-1.27,2.794,0.76));
#6894 = DIRECTION('',(0.707106781187,0.707106781187,0.));
#6895 = DIRECTION('',(0.707106781187,-0.707106781187,0.));
#6896 = ADVANCED_FACE('',(#6897),#6908,.F.);
#6897 = FACE_BOUND('',#6898,.F.);
#6898 = EDGE_LOOP('',(#6899,#6905,#6906,#6907));
#6899 = ORIENTED_EDGE('',*,*,#6900,.T.);
#6900 = EDGE_CURVE('',#6371,#6700,#6901,.T.);
#6901 = LINE('',#6902,#6903);
#6902 = CARTESIAN_POINT('',(1.27,2.794,0.76));
#6903 = VECTOR('',#6904,1.);
#6904 = DIRECTION('',(0.,0.,1.));
#6905 = ORIENTED_EDGE('',*,*,#6707,.T.);
#6906 = ORIENTED_EDGE('',*,*,#6866,.F.);
#6907 = ORIENTED_EDGE('',*,*,#6378,.F.);
#6908 = PLANE('',#6909);
#6909 = AXIS2_PLACEMENT_3D('',#6910,#6911,#6912);
#6910 = CARTESIAN_POINT('',(1.27,2.794,0.76));
#6911 = DIRECTION('',(-1.,0.,0.));
#6912 = DIRECTION('',(0.,1.,0.));
#6913 = ADVANCED_FACE('',(#6914),#6925,.F.);
#6914 = FACE_BOUND('',#6915,.F.);
#6915 = EDGE_LOOP('',(#6916,#6917,#6918,#6924));
#6916 = ORIENTED_EDGE('',*,*,#6885,.T.);
#6917 = ORIENTED_EDGE('',*,*,#6547,.T.);
#6918 = ORIENTED_EDGE('',*,*,#6919,.F.);
#6919 = EDGE_CURVE('',#6219,#6548,#6920,.T.);
#6920 = LINE('',#6921,#6922);
#6921 = CARTESIAN_POINT('',(-1.27,2.286,0.76));
#6922 = VECTOR('',#6923,1.);
#6923 = DIRECTION('',(0.,0.,1.));
#6924 = ORIENTED_EDGE('',*,*,#6218,.F.);
#6925 = PLANE('',#6926);
#6926 = AXIS2_PLACEMENT_3D('',#6927,#6928,#6929);
#6927 = CARTESIAN_POINT('',(-1.016,2.54,0.76));
#6928 = DIRECTION('',(0.707106781187,-0.707106781187,0.));
#6929 = DIRECTION('',(-0.707106781187,-0.707106781187,0.));
#6930 = ADVANCED_FACE('',(#6931),#6942,.F.);
#6931 = FACE_BOUND('',#6932,.F.);
#6932 = EDGE_LOOP('',(#6933,#6939,#6940,#6941));
#6933 = ORIENTED_EDGE('',*,*,#6934,.T.);
#6934 = EDGE_CURVE('',#6363,#6692,#6935,.T.);
#6935 = LINE('',#6936,#6937);
#6936 = CARTESIAN_POINT('',(1.016,2.54,0.76));
#6937 = VECTOR('',#6938,1.);
#6938 = DIRECTION('',(0.,0.,1.));
#6939 = ORIENTED_EDGE('',*,*,#6699,.T.);
#6940 = ORIENTED_EDGE('',*,*,#6900,.F.);
#6941 = ORIENTED_EDGE('',*,*,#6370,.F.);
#6942 = PLANE('',#6943);
#6943 = AXIS2_PLACEMENT_3D('',#6944,#6945,#6946);
#6944 = CARTESIAN_POINT('',(1.016,2.54,0.76));
#6945 = DIRECTION('',(-0.707106781187,0.707106781187,0.));
#6946 = DIRECTION('',(0.707106781187,0.707106781187,0.));
#6947 = ADVANCED_FACE('',(#6948),#6959,.F.);
#6948 = FACE_BOUND('',#6949,.F.);
#6949 = EDGE_LOOP('',(#6950,#6951,#6952,#6958));
#6950 = ORIENTED_EDGE('',*,*,#6919,.T.);
#6951 = ORIENTED_EDGE('',*,*,#6555,.T.);
#6952 = ORIENTED_EDGE('',*,*,#6953,.F.);
#6953 = EDGE_CURVE('',#6227,#6556,#6954,.T.);
#6954 = LINE('',#6955,#6956);
#6955 = CARTESIAN_POINT('',(-1.27,0.254,0.76));
#6956 = VECTOR('',#6957,1.);
#6957 = DIRECTION('',(0.,0.,1.));
#6958 = ORIENTED_EDGE('',*,*,#6226,.F.);
#6959 = PLANE('',#6960);
#6960 = AXIS2_PLACEMENT_3D('',#6961,#6962,#6963);
#6961 = CARTESIAN_POINT('',(-1.27,2.286,0.76));
#6962 = DIRECTION('',(1.,0.,0.));
#6963 = DIRECTION('',(0.,-1.,0.));
#6964 = ADVANCED_FACE('',(#6965),#6976,.F.);
#6965 = FACE_BOUND('',#6966,.F.);
#6966 = EDGE_LOOP('',(#6967,#6973,#6974,#6975));
#6967 = ORIENTED_EDGE('',*,*,#6968,.T.);
#6968 = EDGE_CURVE('',#6355,#6684,#6969,.T.);
#6969 = LINE('',#6970,#6971);
#6970 = CARTESIAN_POINT('',(1.27,2.286,0.76));
#6971 = VECTOR('',#6972,1.);
#6972 = DIRECTION('',(0.,0.,1.));
#6973 = ORIENTED_EDGE('',*,*,#6691,.T.);
#6974 = ORIENTED_EDGE('',*,*,#6934,.F.);
#6975 = ORIENTED_EDGE('',*,*,#6362,.F.);
#6976 = PLANE('',#6977);
#6977 = AXIS2_PLACEMENT_3D('',#6978,#6979,#6980);
#6978 = CARTESIAN_POINT('',(1.27,2.286,0.76));
#6979 = DIRECTION('',(-0.707106781187,-0.707106781187,0.));
#6980 = DIRECTION('',(-0.707106781187,0.707106781187,0.));
#6981 = ADVANCED_FACE('',(#6982),#6993,.F.);
#6982 = FACE_BOUND('',#6983,.F.);
#6983 = EDGE_LOOP('',(#6984,#6985,#6986,#6992));
#6984 = ORIENTED_EDGE('',*,*,#6953,.T.);
#6985 = ORIENTED_EDGE('',*,*,#6563,.T.);
#6986 = ORIENTED_EDGE('',*,*,#6987,.F.);
#6987 = EDGE_CURVE('',#6235,#6564,#6988,.T.);
#6988 = LINE('',#6989,#6990);
#6989 = CARTESIAN_POINT('',(-1.016,4.440892098501E-16,0.76));
#6990 = VECTOR('',#6991,1.);
#6991 = DIRECTION('',(0.,0.,1.));
#6992 = ORIENTED_EDGE('',*,*,#6234,.F.);
#6993 = PLANE('',#6994);
#6994 = AXIS2_PLACEMENT_3D('',#6995,#6996,#6997);
#6995 = CARTESIAN_POINT('',(-1.27,0.254,0.76));
#6996 = DIRECTION('',(0.707106781187,0.707106781187,0.));
#6997 = DIRECTION('',(0.707106781187,-0.707106781187,0.));
#6998 = ADVANCED_FACE('',(#6999),#7010,.F.);
#6999 = FACE_BOUND('',#7000,.F.);
#7000 = EDGE_LOOP('',(#7001,#7007,#7008,#7009));
#7001 = ORIENTED_EDGE('',*,*,#7002,.T.);
#7002 = EDGE_CURVE('',#6347,#6676,#7003,.T.);
#7003 = LINE('',#7004,#7005);
#7004 = CARTESIAN_POINT('',(1.27,0.254,0.76));
#7005 = VECTOR('',#7006,1.);
#7006 = DIRECTION('',(0.,0.,1.));
#7007 = ORIENTED_EDGE('',*,*,#6683,.T.);
#7008 = ORIENTED_EDGE('',*,*,#6968,.F.);
#7009 = ORIENTED_EDGE('',*,*,#6354,.F.);
#7010 = PLANE('',#7011);
#7011 = AXIS2_PLACEMENT_3D('',#7012,#7013,#7014);
#7012 = CARTESIAN_POINT('',(1.27,0.254,0.76));
#7013 = DIRECTION('',(-1.,0.,0.));
#7014 = DIRECTION('',(0.,1.,0.));
#7015 = ADVANCED_FACE('',(#7016),#7027,.F.);
#7016 = FACE_BOUND('',#7017,.F.);
#7017 = EDGE_LOOP('',(#7018,#7019,#7020,#7026));
#7018 = ORIENTED_EDGE('',*,*,#6987,.T.);
#7019 = ORIENTED_EDGE('',*,*,#6571,.T.);
#7020 = ORIENTED_EDGE('',*,*,#7021,.F.);
#7021 = EDGE_CURVE('',#6243,#6572,#7022,.T.);
#7022 = LINE('',#7023,#7024);
#7023 = CARTESIAN_POINT('',(-1.27,-0.254,0.76));
#7024 = VECTOR('',#7025,1.);
#7025 = DIRECTION('',(0.,0.,1.));
#7026 = ORIENTED_EDGE('',*,*,#6242,.F.);
#7027 = PLANE('',#7028);
#7028 = AXIS2_PLACEMENT_3D('',#7029,#7030,#7031);
#7029 = CARTESIAN_POINT('',(-1.016,4.440892098501E-16,0.76));
#7030 = DIRECTION('',(0.707106781187,-0.707106781187,0.));
#7031 = DIRECTION('',(-0.707106781187,-0.707106781187,0.));
#7032 = ADVANCED_FACE('',(#7033),#7044,.F.);
#7033 = FACE_BOUND('',#7034,.F.);
#7034 = EDGE_LOOP('',(#7035,#7041,#7042,#7043));
#7035 = ORIENTED_EDGE('',*,*,#7036,.T.);
#7036 = EDGE_CURVE('',#6339,#6668,#7037,.T.);
#7037 = LINE('',#7038,#7039);
#7038 = CARTESIAN_POINT('',(1.016,-4.440892098501E-16,0.76));
#7039 = VECTOR('',#7040,1.);
#7040 = DIRECTION('',(0.,0.,1.));
#7041 = ORIENTED_EDGE('',*,*,#6675,.T.);
#7042 = ORIENTED_EDGE('',*,*,#7002,.F.);
#7043 = ORIENTED_EDGE('',*,*,#6346,.F.);
#7044 = PLANE('',#7045);
#7045 = AXIS2_PLACEMENT_3D('',#7046,#7047,#7048);
#7046 = CARTESIAN_POINT('',(1.016,-4.440892098501E-16,0.76));
#7047 = DIRECTION('',(-0.707106781187,0.707106781187,0.));
#7048 = DIRECTION('',(0.707106781187,0.707106781187,0.));
#7049 = ADVANCED_FACE('',(#7050),#7061,.F.);
#7050 = FACE_BOUND('',#7051,.F.);
#7051 = EDGE_LOOP('',(#7052,#7053,#7054,#7060));
#7052 = ORIENTED_EDGE('',*,*,#7021,.T.);
#7053 = ORIENTED_EDGE('',*,*,#6579,.T.);
#7054 = ORIENTED_EDGE('',*,*,#7055,.F.);
#7055 = EDGE_CURVE('',#6251,#6580,#7056,.T.);
#7056 = LINE('',#7057,#7058);
#7057 = CARTESIAN_POINT('',(-1.27,-2.286,0.76));
#7058 = VECTOR('',#7059,1.);
#7059 = DIRECTION('',(0.,0.,1.));
#7060 = ORIENTED_EDGE('',*,*,#6250,.F.);
#7061 = PLANE('',#7062);
#7062 = AXIS2_PLACEMENT_3D('',#7063,#7064,#7065);
#7063 = CARTESIAN_POINT('',(-1.27,-0.254,0.76));
#7064 = DIRECTION('',(1.,0.,0.));
#7065 = DIRECTION('',(0.,-1.,0.));
#7066 = ADVANCED_FACE('',(#7067),#7078,.F.);
#7067 = FACE_BOUND('',#7068,.F.);
#7068 = EDGE_LOOP('',(#7069,#7075,#7076,#7077));
#7069 = ORIENTED_EDGE('',*,*,#7070,.T.);
#7070 = EDGE_CURVE('',#6331,#6660,#7071,.T.);
#7071 = LINE('',#7072,#7073);
#7072 = CARTESIAN_POINT('',(1.27,-0.254,0.76));
#7073 = VECTOR('',#7074,1.);
#7074 = DIRECTION('',(0.,0.,1.));
#7075 = ORIENTED_EDGE('',*,*,#6667,.T.);
#7076 = ORIENTED_EDGE('',*,*,#7036,.F.);
#7077 = ORIENTED_EDGE('',*,*,#6338,.F.);
#7078 = PLANE('',#7079);
#7079 = AXIS2_PLACEMENT_3D('',#7080,#7081,#7082);
#7080 = CARTESIAN_POINT('',(1.27,-0.254,0.76));
#7081 = DIRECTION('',(-0.707106781187,-0.707106781187,0.));
#7082 = DIRECTION('',(-0.707106781187,0.707106781187,0.));
#7083 = ADVANCED_FACE('',(#7084),#7095,.F.);
#7084 = FACE_BOUND('',#7085,.F.);
#7085 = EDGE_LOOP('',(#7086,#7087,#7088,#7094));
#7086 = ORIENTED_EDGE('',*,*,#7055,.T.);
#7087 = ORIENTED_EDGE('',*,*,#6587,.T.);
#7088 = ORIENTED_EDGE('',*,*,#7089,.F.);
#7089 = EDGE_CURVE('',#6259,#6588,#7090,.T.);
#7090 = LINE('',#7091,#7092);
#7091 = CARTESIAN_POINT('',(-1.016,-2.54,0.76));
#7092 = VECTOR('',#7093,1.);
#7093 = DIRECTION('',(0.,0.,1.));
#7094 = ORIENTED_EDGE('',*,*,#6258,.F.);
#7095 = PLANE('',#7096);
#7096 = AXIS2_PLACEMENT_3D('',#7097,#7098,#7099);
#7097 = CARTESIAN_POINT('',(-1.27,-2.286,0.76));
#7098 = DIRECTION('',(0.707106781187,0.707106781187,0.));
#7099 = DIRECTION('',(0.707106781187,-0.707106781187,0.));
#7100 = ADVANCED_FACE('',(#7101),#7112,.F.);
#7101 = FACE_BOUND('',#7102,.F.);
#7102 = EDGE_LOOP('',(#7103,#7109,#7110,#7111));
#7103 = ORIENTED_EDGE('',*,*,#7104,.T.);
#7104 = EDGE_CURVE('',#6323,#6652,#7105,.T.);
#7105 = LINE('',#7106,#7107);
#7106 = CARTESIAN_POINT('',(1.27,-2.286,0.76));
#7107 = VECTOR('',#7108,1.);
#7108 = DIRECTION('',(0.,0.,1.));
#7109 = ORIENTED_EDGE('',*,*,#6659,.T.);
#7110 = ORIENTED_EDGE('',*,*,#7070,.F.);
#7111 = ORIENTED_EDGE('',*,*,#6330,.F.);
#7112 = PLANE('',#7113);
#7113 = AXIS2_PLACEMENT_3D('',#7114,#7115,#7116);
#7114 = CARTESIAN_POINT('',(1.27,-2.286,0.76));
#7115 = DIRECTION('',(-1.,0.,0.));
#7116 = DIRECTION('',(0.,1.,0.));
#7117 = ADVANCED_FACE('',(#7118),#7129,.F.);
#7118 = FACE_BOUND('',#7119,.F.);
#7119 = EDGE_LOOP('',(#7120,#7121,#7122,#7128));
#7120 = ORIENTED_EDGE('',*,*,#7089,.T.);
#7121 = ORIENTED_EDGE('',*,*,#6595,.T.);
#7122 = ORIENTED_EDGE('',*,*,#7123,.F.);
#7123 = EDGE_CURVE('',#6267,#6596,#7124,.T.);
#7124 = LINE('',#7125,#7126);
#7125 = CARTESIAN_POINT('',(-1.27,-2.794,0.76));
#7126 = VECTOR('',#7127,1.);
#7127 = DIRECTION('',(0.,0.,1.));
#7128 = ORIENTED_EDGE('',*,*,#6266,.F.);
#7129 = PLANE('',#7130);
#7130 = AXIS2_PLACEMENT_3D('',#7131,#7132,#7133);
#7131 = CARTESIAN_POINT('',(-1.016,-2.54,0.76));
#7132 = DIRECTION('',(0.707106781187,-0.707106781187,0.));
#7133 = DIRECTION('',(-0.707106781187,-0.707106781187,0.));
#7134 = ADVANCED_FACE('',(#7135),#7146,.F.);
#7135 = FACE_BOUND('',#7136,.F.);
#7136 = EDGE_LOOP('',(#7137,#7143,#7144,#7145));
#7137 = ORIENTED_EDGE('',*,*,#7138,.T.);
#7138 = EDGE_CURVE('',#6315,#6644,#7139,.T.);
#7139 = LINE('',#7140,#7141);
#7140 = CARTESIAN_POINT('',(1.016,-2.54,0.76));
#7141 = VECTOR('',#7142,1.);
#7142 = DIRECTION('',(0.,0.,1.));
#7143 = ORIENTED_EDGE('',*,*,#6651,.T.);
#7144 = ORIENTED_EDGE('',*,*,#7104,.F.);
#7145 = ORIENTED_EDGE('',*,*,#6322,.F.);
#7146 = PLANE('',#7147);
#7147 = AXIS2_PLACEMENT_3D('',#7148,#7149,#7150);
#7148 = CARTESIAN_POINT('',(1.016,-2.54,0.76));
#7149 = DIRECTION('',(-0.707106781187,0.707106781187,0.));
#7150 = DIRECTION('',(0.707106781187,0.707106781187,0.));
#7151 = ADVANCED_FACE('',(#7152),#7163,.F.);
#7152 = FACE_BOUND('',#7153,.F.);
#7153 = EDGE_LOOP('',(#7154,#7155,#7156,#7162));
#7154 = ORIENTED_EDGE('',*,*,#7123,.T.);
#7155 = ORIENTED_EDGE('',*,*,#6603,.T.);
#7156 = ORIENTED_EDGE('',*,*,#7157,.F.);
#7157 = EDGE_CURVE('',#6275,#6604,#7158,.T.);
#7158 = LINE('',#7159,#7160);
#7159 = CARTESIAN_POINT('',(-1.27,-4.826,0.76));
#7160 = VECTOR('',#7161,1.);
#7161 = DIRECTION('',(0.,0.,1.));
#7162 = ORIENTED_EDGE('',*,*,#6274,.F.);
#7163 = PLANE('',#7164);
#7164 = AXIS2_PLACEMENT_3D('',#7165,#7166,#7167);
#7165 = CARTESIAN_POINT('',(-1.27,-2.794,0.76));
#7166 = DIRECTION('',(1.,0.,0.));
#7167 = DIRECTION('',(0.,-1.,0.));
#7168 = ADVANCED_FACE('',(#7169),#7180,.F.);
#7169 = FACE_BOUND('',#7170,.F.);
#7170 = EDGE_LOOP('',(#7171,#7177,#7178,#7179));
#7171 = ORIENTED_EDGE('',*,*,#7172,.T.);
#7172 = EDGE_CURVE('',#6307,#6636,#7173,.T.);
#7173 = LINE('',#7174,#7175);
#7174 = CARTESIAN_POINT('',(1.27,-2.794,0.76));
#7175 = VECTOR('',#7176,1.);
#7176 = DIRECTION('',(0.,0.,1.));
#7177 = ORIENTED_EDGE('',*,*,#6643,.T.);
#7178 = ORIENTED_EDGE('',*,*,#7138,.F.);
#7179 = ORIENTED_EDGE('',*,*,#6314,.F.);
#7180 = PLANE('',#7181);
#7181 = AXIS2_PLACEMENT_3D('',#7182,#7183,#7184);
#7182 = CARTESIAN_POINT('',(1.27,-2.794,0.76));
#7183 = DIRECTION('',(-0.707106781187,-0.707106781187,0.));
#7184 = DIRECTION('',(-0.707106781187,0.707106781187,0.));
#7185 = ADVANCED_FACE('',(#7186),#7197,.F.);
#7186 = FACE_BOUND('',#7187,.F.);
#7187 = EDGE_LOOP('',(#7188,#7189,#7190,#7196));
#7188 = ORIENTED_EDGE('',*,*,#7157,.T.);
#7189 = ORIENTED_EDGE('',*,*,#6611,.T.);
#7190 = ORIENTED_EDGE('',*,*,#7191,.F.);
#7191 = EDGE_CURVE('',#6283,#6612,#7192,.T.);
#7192 = LINE('',#7193,#7194);
#7193 = CARTESIAN_POINT('',(-1.016,-5.08,0.76));
#7194 = VECTOR('',#7195,1.);
#7195 = DIRECTION('',(0.,0.,1.));
#7196 = ORIENTED_EDGE('',*,*,#6282,.F.);
#7197 = PLANE('',#7198);
#7198 = AXIS2_PLACEMENT_3D('',#7199,#7200,#7201);
#7199 = CARTESIAN_POINT('',(-1.27,-4.826,0.76));
#7200 = DIRECTION('',(0.707106781187,0.707106781187,0.));
#7201 = DIRECTION('',(0.707106781187,-0.707106781187,0.));
#7202 = ADVANCED_FACE('',(#7203),#7214,.F.);
#7203 = FACE_BOUND('',#7204,.F.);
#7204 = EDGE_LOOP('',(#7205,#7211,#7212,#7213));
#7205 = ORIENTED_EDGE('',*,*,#7206,.T.);
#7206 = EDGE_CURVE('',#6299,#6628,#7207,.T.);
#7207 = LINE('',#7208,#7209);
#7208 = CARTESIAN_POINT('',(1.27,-4.826,0.76));
#7209 = VECTOR('',#7210,1.);
#7210 = DIRECTION('',(0.,0.,1.));
#7211 = ORIENTED_EDGE('',*,*,#6635,.T.);
#7212 = ORIENTED_EDGE('',*,*,#7172,.F.);
#7213 = ORIENTED_EDGE('',*,*,#6306,.F.);
#7214 = PLANE('',#7215);
#7215 = AXIS2_PLACEMENT_3D('',#7216,#7217,#7218);
#7216 = CARTESIAN_POINT('',(1.27,-4.826,0.76));
#7217 = DIRECTION('',(-1.,0.,0.));
#7218 = DIRECTION('',(0.,1.,0.));
#7219 = ADVANCED_FACE('',(#7220),#7231,.F.);
#7220 = FACE_BOUND('',#7221,.F.);
#7221 = EDGE_LOOP('',(#7222,#7223,#7224,#7230));
#7222 = ORIENTED_EDGE('',*,*,#7191,.T.);
#7223 = ORIENTED_EDGE('',*,*,#6619,.T.);
#7224 = ORIENTED_EDGE('',*,*,#7225,.F.);
#7225 = EDGE_CURVE('',#6291,#6620,#7226,.T.);
#7226 = LINE('',#7227,#7228);
#7227 = CARTESIAN_POINT('',(1.016,-5.08,0.76));
#7228 = VECTOR('',#7229,1.);
#7229 = DIRECTION('',(0.,0.,1.));
#7230 = ORIENTED_EDGE('',*,*,#6290,.F.);
#7231 = PLANE('',#7232);
#7232 = AXIS2_PLACEMENT_3D('',#7233,#7234,#7235);
#7233 = CARTESIAN_POINT('',(-1.016,-5.08,0.76));
#7234 = DIRECTION('',(0.,1.,0.));
#7235 = DIRECTION('',(1.,0.,0.));
#7236 = ADVANCED_FACE('',(#7237),#7243,.F.);
#7237 = FACE_BOUND('',#7238,.F.);
#7238 = EDGE_LOOP('',(#7239,#7240,#7241,#7242));
#7239 = ORIENTED_EDGE('',*,*,#7225,.T.);
#7240 = ORIENTED_EDGE('',*,*,#6627,.T.);
#7241 = ORIENTED_EDGE('',*,*,#7206,.F.);
#7242 = ORIENTED_EDGE('',*,*,#6298,.F.);
#7243 = PLANE('',#7244);
#7244 = AXIS2_PLACEMENT_3D('',#7245,#7246,#7247);
#7245 = CARTESIAN_POINT('',(1.016,-5.08,0.76));
#7246 = DIRECTION('',(-0.707106781187,0.707106781187,0.));
#7247 = DIRECTION('',(0.707106781187,0.707106781187,0.));
#7248 = ADVANCED_FACE('',(#7249),#7274,.F.);
#7249 = FACE_BOUND('',#7250,.F.);
#7250 = EDGE_LOOP('',(#7251,#7259,#7260,#7268));
#7251 = ORIENTED_EDGE('',*,*,#7252,.F.);
#7252 = EDGE_CURVE('',#6398,#7253,#7255,.T.);
#7253 = VERTEX_POINT('',#7254);
#7254 = CARTESIAN_POINT('',(-0.32,-0.95,0.64));
#7255 = LINE('',#7256,#7257);
#7256 = CARTESIAN_POINT('',(-0.32,-0.95,9.3));
#7257 = VECTOR('',#7258,1.);
#7258 = DIRECTION('',(0.,0.,-1.));
#7259 = ORIENTED_EDGE('',*,*,#6395,.F.);
#7260 = ORIENTED_EDGE('',*,*,#7261,.T.);
#7261 = EDGE_CURVE('',#6396,#7262,#7264,.T.);
#7262 = VERTEX_POINT('',#7263);
#7263 = CARTESIAN_POINT('',(-0.32,-1.59,0.64));
#7264 = LINE('',#7265,#7266);
#7265 = CARTESIAN_POINT('',(-0.32,-1.59,9.3));
#7266 = VECTOR('',#7267,1.);
#7267 = DIRECTION('',(0.,0.,-1.));
#7268 = ORIENTED_EDGE('',*,*,#7269,.F.);
#7269 = EDGE_CURVE('',#7253,#7262,#7270,.T.);
#7270 = LINE('',#7271,#7272);
#7271 = CARTESIAN_POINT('',(-0.32,-0.95,0.64));
#7272 = VECTOR('',#7273,1.);
#7273 = DIRECTION('',(0.,-1.,0.));
#7274 = PLANE('',#7275);
#7275 = AXIS2_PLACEMENT_3D('',#7276,#7277,#7278);
#7276 = CARTESIAN_POINT('',(-0.32,-0.95,9.3));
#7277 = DIRECTION('',(1.,0.,0.));
#7278 = DIRECTION('',(0.,0.,-1.));
#7279 = ADVANCED_FACE('',(#7280),#7323,.T.);
#7280 = FACE_BOUND('',#7281,.T.);
#7281 = EDGE_LOOP('',(#7282,#7292,#7300,#7309,#7315,#7316,#7317));
#7282 = ORIENTED_EDGE('',*,*,#7283,.T.);
#7283 = EDGE_CURVE('',#7284,#7286,#7288,.T.);
#7284 = VERTEX_POINT('',#7285);
#7285 = CARTESIAN_POINT('',(-2.34,-1.59,0.64));
#7286 = VERTEX_POINT('',#7287);
#7287 = CARTESIAN_POINT('',(-2.34,-1.59,4.440892098501E-16));
#7288 = LINE('',#7289,#7290);
#7289 = CARTESIAN_POINT('',(-2.34,-1.59,0.64));
#7290 = VECTOR('',#7291,1.);
#7291 = DIRECTION('',(0.,0.,-1.));
#7292 = ORIENTED_EDGE('',*,*,#7293,.T.);
#7293 = EDGE_CURVE('',#7286,#7294,#7296,.T.);
#7294 = VERTEX_POINT('',#7295);
#7295 = CARTESIAN_POINT('',(-0.32,-1.59,4.440892098501E-16));
#7296 = LINE('',#7297,#7298);
#7297 = CARTESIAN_POINT('',(-2.5,-1.59,5.551115123126E-16));
#7298 = VECTOR('',#7299,1.);
#7299 = DIRECTION('',(1.,0.,0.));
#7300 = ORIENTED_EDGE('',*,*,#7301,.T.);
#7301 = EDGE_CURVE('',#7294,#7302,#7304,.T.);
#7302 = VERTEX_POINT('',#7303);
#7303 = CARTESIAN_POINT('',(0.32,-1.59,0.64));
#7304 = CIRCLE('',#7305,0.64);
#7305 = AXIS2_PLACEMENT_3D('',#7306,#7307,#7308);
#7306 = CARTESIAN_POINT('',(-0.32,-1.59,0.64));
#7307 = DIRECTION('',(0.,-1.,0.));
#7308 = DIRECTION('',(0.,0.,-1.));
#7309 = ORIENTED_EDGE('',*,*,#7310,.T.);
#7310 = EDGE_CURVE('',#7302,#6414,#7311,.T.);
#7311 = LINE('',#7312,#7313);
#7312 = CARTESIAN_POINT('',(0.32,-1.59,5.551115123126E-16));
#7313 = VECTOR('',#7314,1.);
#7314 = DIRECTION('',(-2.984470496304E-17,0.,1.));
#7315 = ORIENTED_EDGE('',*,*,#6421,.F.);
#7316 = ORIENTED_EDGE('',*,*,#7261,.T.);
#7317 = ORIENTED_EDGE('',*,*,#7318,.T.);
#7318 = EDGE_CURVE('',#7262,#7284,#7319,.T.);
#7319 = LINE('',#7320,#7321);
#7320 = CARTESIAN_POINT('',(-0.32,-1.59,0.64));
#7321 = VECTOR('',#7322,1.);
#7322 = DIRECTION('',(-1.,0.,0.));
#7323 = PLANE('',#7324);
#7324 = AXIS2_PLACEMENT_3D('',#7325,#7326,#7327);
#7325 = CARTESIAN_POINT('',(-0.311171617162,-1.59,3.871171617162));
#7326 = DIRECTION('',(-1.977317844427E-31,-1.,5.79034588647E-32));
#7327 = DIRECTION('',(-1.,1.977317844427E-31,-1.426937481922E-79));
#7328 = ADVANCED_FACE('',(#7329),#7347,.F.);
#7329 = FACE_BOUND('',#7330,.F.);
#7330 = EDGE_LOOP('',(#7331,#7339,#7345,#7346));
#7331 = ORIENTED_EDGE('',*,*,#7332,.F.);
#7332 = EDGE_CURVE('',#7333,#6406,#7335,.T.);
#7333 = VERTEX_POINT('',#7334);
#7334 = CARTESIAN_POINT('',(0.32,-0.95,0.64));
#7335 = LINE('',#7336,#7337);
#7336 = CARTESIAN_POINT('',(0.32,-0.95,5.551115123126E-16));
#7337 = VECTOR('',#7338,1.);
#7338 = DIRECTION('',(-2.984470496304E-17,0.,1.));
#7339 = ORIENTED_EDGE('',*,*,#7340,.T.);
#7340 = EDGE_CURVE('',#7333,#7302,#7341,.T.);
#7341 = LINE('',#7342,#7343);
#7342 = CARTESIAN_POINT('',(0.32,-0.95,0.64));
#7343 = VECTOR('',#7344,1.);
#7344 = DIRECTION('',(0.,-1.,0.));
#7345 = ORIENTED_EDGE('',*,*,#7310,.T.);
#7346 = ORIENTED_EDGE('',*,*,#6413,.F.);
#7347 = PLANE('',#7348);
#7348 = AXIS2_PLACEMENT_3D('',#7349,#7350,#7351);
#7349 = CARTESIAN_POINT('',(0.32,-0.95,5.551115123126E-16));
#7350 = DIRECTION('',(-1.,-0.,-2.984470496304E-17));
#7351 = DIRECTION('',(-2.984470496304E-17,0.,1.));
#7352 = ADVANCED_FACE('',(#7353),#7389,.F.);
#7353 = FACE_BOUND('',#7354,.F.);
#7354 = EDGE_LOOP('',(#7355,#7365,#7373,#7380,#7381,#7382,#7383));
#7355 = ORIENTED_EDGE('',*,*,#7356,.T.);
#7356 = EDGE_CURVE('',#7357,#7359,#7361,.T.);
#7357 = VERTEX_POINT('',#7358);
#7358 = CARTESIAN_POINT('',(-2.34,-0.95,0.64));
#7359 = VERTEX_POINT('',#7360);
#7360 = CARTESIAN_POINT('',(-2.34,-0.95,4.440892098501E-16));
#7361 = LINE('',#7362,#7363);
#7362 = CARTESIAN_POINT('',(-2.34,-0.95,0.64));
#7363 = VECTOR('',#7364,1.);
#7364 = DIRECTION('',(0.,0.,-1.));
#7365 = ORIENTED_EDGE('',*,*,#7366,.T.);
#7366 = EDGE_CURVE('',#7359,#7367,#7369,.T.);
#7367 = VERTEX_POINT('',#7368);
#7368 = CARTESIAN_POINT('',(-0.32,-0.95,4.440892098501E-16));
#7369 = LINE('',#7370,#7371);
#7370 = CARTESIAN_POINT('',(-2.5,-0.95,5.551115123126E-16));
#7371 = VECTOR('',#7372,1.);
#7372 = DIRECTION('',(1.,0.,0.));
#7373 = ORIENTED_EDGE('',*,*,#7374,.T.);
#7374 = EDGE_CURVE('',#7367,#7333,#7375,.T.);
#7375 = CIRCLE('',#7376,0.64);
#7376 = AXIS2_PLACEMENT_3D('',#7377,#7378,#7379);
#7377 = CARTESIAN_POINT('',(-0.32,-0.95,0.64));
#7378 = DIRECTION('',(0.,-1.,0.));
#7379 = DIRECTION('',(0.,0.,-1.));
#7380 = ORIENTED_EDGE('',*,*,#7332,.T.);
#7381 = ORIENTED_EDGE('',*,*,#6405,.F.);
#7382 = ORIENTED_EDGE('',*,*,#7252,.T.);
#7383 = ORIENTED_EDGE('',*,*,#7384,.T.);
#7384 = EDGE_CURVE('',#7253,#7357,#7385,.T.);
#7385 = LINE('',#7386,#7387);
#7386 = CARTESIAN_POINT('',(-0.32,-0.95,0.64));
#7387 = VECTOR('',#7388,1.);
#7388 = DIRECTION('',(-1.,0.,0.));
#7389 = PLANE('',#7390);
#7390 = AXIS2_PLACEMENT_3D('',#7391,#7392,#7393);
#7391 = CARTESIAN_POINT('',(-0.311171617162,-0.95,3.871171617162));
#7392 = DIRECTION('',(-1.977317844427E-31,-1.,5.79034588647E-32));
#7393 = DIRECTION('',(-1.,1.977317844427E-31,-1.426937481922E-79));
#7394 = ADVANCED_FACE('',(#7395),#7420,.T.);
#7395 = FACE_BOUND('',#7396,.T.);
#7396 = EDGE_LOOP('',(#7397,#7405,#7406,#7414));
#7397 = ORIENTED_EDGE('',*,*,#7398,.F.);
#7398 = EDGE_CURVE('',#6432,#7399,#7401,.T.);
#7399 = VERTEX_POINT('',#7400);
#7400 = CARTESIAN_POINT('',(0.32,-3.49,0.64));
#7401 = LINE('',#7402,#7403);
#7402 = CARTESIAN_POINT('',(0.32,-3.49,9.3));
#7403 = VECTOR('',#7404,1.);
#7404 = DIRECTION('',(0.,0.,-1.));
#7405 = ORIENTED_EDGE('',*,*,#6429,.F.);
#7406 = ORIENTED_EDGE('',*,*,#7407,.T.);
#7407 = EDGE_CURVE('',#6430,#7408,#7410,.T.);
#7408 = VERTEX_POINT('',#7409);
#7409 = CARTESIAN_POINT('',(0.32,-4.13,0.64));
#7410 = LINE('',#7411,#7412);
#7411 = CARTESIAN_POINT('',(0.32,-4.13,9.3));
#7412 = VECTOR('',#7413,1.);
#7413 = DIRECTION('',(0.,0.,-1.));
#7414 = ORIENTED_EDGE('',*,*,#7415,.F.);
#7415 = EDGE_CURVE('',#7399,#7408,#7416,.T.);
#7416 = LINE('',#7417,#7418);
#7417 = CARTESIAN_POINT('',(0.32,-3.49,0.64));
#7418 = VECTOR('',#7419,1.);
#7419 = DIRECTION('',(0.,-1.,0.));
#7420 = PLANE('',#7421);
#7421 = AXIS2_PLACEMENT_3D('',#7422,#7423,#7424);
#7422 = CARTESIAN_POINT('',(0.32,-3.49,9.3));
#7423 = DIRECTION('',(1.,0.,0.));
#7424 = DIRECTION('',(0.,0.,-1.));
#7425 = ADVANCED_FACE('',(#7426),#7469,.T.);
#7426 = FACE_BOUND('',#7427,.T.);
#7427 = EDGE_LOOP('',(#7428,#7438,#7446,#7455,#7461,#7462,#7463));
#7428 = ORIENTED_EDGE('',*,*,#7429,.T.);
#7429 = EDGE_CURVE('',#7430,#7432,#7434,.T.);
#7430 = VERTEX_POINT('',#7431);
#7431 = CARTESIAN_POINT('',(2.34,-3.49,0.64));
#7432 = VERTEX_POINT('',#7433);
#7433 = CARTESIAN_POINT('',(2.34,-3.49,4.440892098501E-16));
#7434 = LINE('',#7435,#7436);
#7435 = CARTESIAN_POINT('',(2.34,-3.49,0.64));
#7436 = VECTOR('',#7437,1.);
#7437 = DIRECTION('',(0.,0.,-1.));
#7438 = ORIENTED_EDGE('',*,*,#7439,.T.);
#7439 = EDGE_CURVE('',#7432,#7440,#7442,.T.);
#7440 = VERTEX_POINT('',#7441);
#7441 = CARTESIAN_POINT('',(0.32,-3.49,4.440892098501E-16));
#7442 = LINE('',#7443,#7444);
#7443 = CARTESIAN_POINT('',(2.5,-3.49,5.551115123126E-16));
#7444 = VECTOR('',#7445,1.);
#7445 = DIRECTION('',(-1.,0.,0.));
#7446 = ORIENTED_EDGE('',*,*,#7447,.T.);
#7447 = EDGE_CURVE('',#7440,#7448,#7450,.T.);
#7448 = VERTEX_POINT('',#7449);
#7449 = CARTESIAN_POINT('',(-0.32,-3.49,0.64));
#7450 = CIRCLE('',#7451,0.64);
#7451 = AXIS2_PLACEMENT_3D('',#7452,#7453,#7454);
#7452 = CARTESIAN_POINT('',(0.32,-3.49,0.64));
#7453 = DIRECTION('',(0.,1.,0.));
#7454 = DIRECTION('',(0.,0.,-1.));
#7455 = ORIENTED_EDGE('',*,*,#7456,.T.);
#7456 = EDGE_CURVE('',#7448,#6448,#7457,.T.);
#7457 = LINE('',#7458,#7459);
#7458 = CARTESIAN_POINT('',(-0.32,-3.49,5.551115123126E-16));
#7459 = VECTOR('',#7460,1.);
#7460 = DIRECTION('',(2.984470496304E-17,0.,1.));
#7461 = ORIENTED_EDGE('',*,*,#6455,.F.);
#7462 = ORIENTED_EDGE('',*,*,#7398,.T.);
#7463 = ORIENTED_EDGE('',*,*,#7464,.T.);
#7464 = EDGE_CURVE('',#7399,#7430,#7465,.T.);
#7465 = LINE('',#7466,#7467);
#7466 = CARTESIAN_POINT('',(0.32,-3.49,0.64));
#7467 = VECTOR('',#7468,1.);
#7468 = DIRECTION('',(1.,0.,0.));
#7469 = PLANE('',#7470);
#7470 = AXIS2_PLACEMENT_3D('',#7471,#7472,#7473);
#7471 = CARTESIAN_POINT('',(0.311171617162,-3.49,3.871171617162));
#7472 = DIRECTION('',(-1.977317844427E-31,1.,-5.79034588647E-32));
#7473 = DIRECTION('',(1.,1.977317844427E-31,-1.426937481922E-79));
#7474 = ADVANCED_FACE('',(#7475),#7493,.T.);
#7475 = FACE_BOUND('',#7476,.T.);
#7476 = EDGE_LOOP('',(#7477,#7478,#7486,#7492));
#7477 = ORIENTED_EDGE('',*,*,#7456,.F.);
#7478 = ORIENTED_EDGE('',*,*,#7479,.T.);
#7479 = EDGE_CURVE('',#7448,#7480,#7482,.T.);
#7480 = VERTEX_POINT('',#7481);
#7481 = CARTESIAN_POINT('',(-0.32,-4.13,0.64));
#7482 = LINE('',#7483,#7484);
#7483 = CARTESIAN_POINT('',(-0.32,-3.49,0.64));
#7484 = VECTOR('',#7485,1.);
#7485 = DIRECTION('',(0.,-1.,0.));
#7486 = ORIENTED_EDGE('',*,*,#7487,.T.);
#7487 = EDGE_CURVE('',#7480,#6440,#7488,.T.);
#7488 = LINE('',#7489,#7490);
#7489 = CARTESIAN_POINT('',(-0.32,-4.13,5.551115123126E-16));
#7490 = VECTOR('',#7491,1.);
#7491 = DIRECTION('',(2.984470496304E-17,0.,1.));
#7492 = ORIENTED_EDGE('',*,*,#6447,.F.);
#7493 = PLANE('',#7494);
#7494 = AXIS2_PLACEMENT_3D('',#7495,#7496,#7497);
#7495 = CARTESIAN_POINT('',(-0.32,-3.49,5.551115123126E-16));
#7496 = DIRECTION('',(-1.,0.,2.984470496304E-17));
#7497 = DIRECTION('',(2.984470496304E-17,0.,1.));
#7498 = ADVANCED_FACE('',(#7499),#7535,.F.);
#7499 = FACE_BOUND('',#7500,.F.);
#7500 = EDGE_LOOP('',(#7501,#7511,#7519,#7526,#7527,#7528,#7529));
#7501 = ORIENTED_EDGE('',*,*,#7502,.T.);
#7502 = EDGE_CURVE('',#7503,#7505,#7507,.T.);
#7503 = VERTEX_POINT('',#7504);
#7504 = CARTESIAN_POINT('',(2.34,-4.13,0.64));
#7505 = VERTEX_POINT('',#7506);
#7506 = CARTESIAN_POINT('',(2.34,-4.13,4.440892098501E-16));
#7507 = LINE('',#7508,#7509);
#7508 = CARTESIAN_POINT('',(2.34,-4.13,0.64));
#7509 = VECTOR('',#7510,1.);
#7510 = DIRECTION('',(0.,0.,-1.));
#7511 = ORIENTED_EDGE('',*,*,#7512,.T.);
#7512 = EDGE_CURVE('',#7505,#7513,#7515,.T.);
#7513 = VERTEX_POINT('',#7514);
#7514 = CARTESIAN_POINT('',(0.32,-4.13,4.440892098501E-16));
#7515 = LINE('',#7516,#7517);
#7516 = CARTESIAN_POINT('',(2.5,-4.13,5.551115123126E-16));
#7517 = VECTOR('',#7518,1.);
#7518 = DIRECTION('',(-1.,0.,0.));
#7519 = ORIENTED_EDGE('',*,*,#7520,.T.);
#7520 = EDGE_CURVE('',#7513,#7480,#7521,.T.);
#7521 = CIRCLE('',#7522,0.64);
#7522 = AXIS2_PLACEMENT_3D('',#7523,#7524,#7525);
#7523 = CARTESIAN_POINT('',(0.32,-4.13,0.64));
#7524 = DIRECTION('',(0.,1.,0.));
#7525 = DIRECTION('',(0.,0.,-1.));
#7526 = ORIENTED_EDGE('',*,*,#7487,.T.);
#7527 = ORIENTED_EDGE('',*,*,#6439,.F.);
#7528 = ORIENTED_EDGE('',*,*,#7407,.T.);
#7529 = ORIENTED_EDGE('',*,*,#7530,.T.);
#7530 = EDGE_CURVE('',#7408,#7503,#7531,.T.);
#7531 = LINE('',#7532,#7533);
#7532 = CARTESIAN_POINT('',(0.32,-4.13,0.64));
#7533 = VECTOR('',#7534,1.);
#7534 = DIRECTION('',(1.,0.,0.));
#7535 = PLANE('',#7536);
#7536 = AXIS2_PLACEMENT_3D('',#7537,#7538,#7539);
#7537 = CARTESIAN_POINT('',(0.311171617162,-4.13,3.871171617162));
#7538 = DIRECTION('',(-1.977317844427E-31,1.,-5.79034588647E-32));
#7539 = DIRECTION('',(1.,1.977317844427E-31,-1.426937481922E-79));
#7540 = ADVANCED_FACE('',(#7541),#7591,.T.);
#7541 = FACE_BOUND('',#7542,.T.);
#7542 = EDGE_LOOP('',(#7543,#7553,#7561,#7570,#7576,#7577,#7585));
#7543 = ORIENTED_EDGE('',*,*,#7544,.T.);
#7544 = EDGE_CURVE('',#7545,#7547,#7549,.T.);
#7545 = VERTEX_POINT('',#7546);
#7546 = CARTESIAN_POINT('',(-2.34,3.49,0.64));
#7547 = VERTEX_POINT('',#7548);
#7548 = CARTESIAN_POINT('',(-2.34,3.49,4.440892098501E-16));
#7549 = LINE('',#7550,#7551);
#7550 = CARTESIAN_POINT('',(-2.34,3.49,0.64));
#7551 = VECTOR('',#7552,1.);
#7552 = DIRECTION('',(0.,0.,-1.));
#7553 = ORIENTED_EDGE('',*,*,#7554,.T.);
#7554 = EDGE_CURVE('',#7547,#7555,#7557,.T.);
#7555 = VERTEX_POINT('',#7556);
#7556 = CARTESIAN_POINT('',(-0.32,3.49,4.440892098501E-16));
#7557 = LINE('',#7558,#7559);
#7558 = CARTESIAN_POINT('',(-2.5,3.49,5.551115123126E-16));
#7559 = VECTOR('',#7560,1.);
#7560 = DIRECTION('',(1.,0.,0.));
#7561 = ORIENTED_EDGE('',*,*,#7562,.T.);
#7562 = EDGE_CURVE('',#7555,#7563,#7565,.T.);
#7563 = VERTEX_POINT('',#7564);
#7564 = CARTESIAN_POINT('',(0.32,3.49,0.64));
#7565 = CIRCLE('',#7566,0.64);
#7566 = AXIS2_PLACEMENT_3D('',#7567,#7568,#7569);
#7567 = CARTESIAN_POINT('',(-0.32,3.49,0.64));
#7568 = DIRECTION('',(0.,-1.,0.));
#7569 = DIRECTION('',(0.,0.,-1.));
#7570 = ORIENTED_EDGE('',*,*,#7571,.T.);
#7571 = EDGE_CURVE('',#7563,#6466,#7572,.T.);
#7572 = LINE('',#7573,#7574);
#7573 = CARTESIAN_POINT('',(0.32,3.49,5.551115123126E-16));
#7574 = VECTOR('',#7575,1.);
#7575 = DIRECTION('',(-2.984470496304E-17,0.,1.));
#7576 = ORIENTED_EDGE('',*,*,#6463,.F.);
#7577 = ORIENTED_EDGE('',*,*,#7578,.T.);
#7578 = EDGE_CURVE('',#6464,#7579,#7581,.T.);
#7579 = VERTEX_POINT('',#7580);
#7580 = CARTESIAN_POINT('',(-0.32,3.49,0.64));
#7581 = LINE('',#7582,#7583);
#7582 = CARTESIAN_POINT('',(-0.32,3.49,9.3));
#7583 = VECTOR('',#7584,1.);
#7584 = DIRECTION('',(0.,0.,-1.));
#7585 = ORIENTED_EDGE('',*,*,#7586,.T.);
#7586 = EDGE_CURVE('',#7579,#7545,#7587,.T.);
#7587 = LINE('',#7588,#7589);
#7588 = CARTESIAN_POINT('',(-0.32,3.49,0.64));
#7589 = VECTOR('',#7590,1.);
#7590 = DIRECTION('',(-1.,0.,0.));
#7591 = PLANE('',#7592);
#7592 = AXIS2_PLACEMENT_3D('',#7593,#7594,#7595);
#7593 = CARTESIAN_POINT('',(-0.311171617162,3.49,3.871171617162));
#7594 = DIRECTION('',(-1.977317844427E-31,-1.,5.79034588647E-32));
#7595 = DIRECTION('',(-1.,1.977317844427E-31,-1.426937481922E-79));
#7596 = ADVANCED_FACE('',(#7597),#7615,.F.);
#7597 = FACE_BOUND('',#7598,.F.);
#7598 = EDGE_LOOP('',(#7599,#7607,#7613,#7614));
#7599 = ORIENTED_EDGE('',*,*,#7600,.F.);
#7600 = EDGE_CURVE('',#7601,#6482,#7603,.T.);
#7601 = VERTEX_POINT('',#7602);
#7602 = CARTESIAN_POINT('',(0.32,4.13,0.64));
#7603 = LINE('',#7604,#7605);
#7604 = CARTESIAN_POINT('',(0.32,4.13,5.551115123126E-16));
#7605 = VECTOR('',#7606,1.);
#7606 = DIRECTION('',(-2.984470496304E-17,0.,1.));
#7607 = ORIENTED_EDGE('',*,*,#7608,.T.);
#7608 = EDGE_CURVE('',#7601,#7563,#7609,.T.);
#7609 = LINE('',#7610,#7611);
#7610 = CARTESIAN_POINT('',(0.32,4.13,0.64));
#7611 = VECTOR('',#7612,1.);
#7612 = DIRECTION('',(0.,-1.,0.));
#7613 = ORIENTED_EDGE('',*,*,#7571,.T.);
#7614 = ORIENTED_EDGE('',*,*,#6489,.F.);
#7615 = PLANE('',#7616);
#7616 = AXIS2_PLACEMENT_3D('',#7617,#7618,#7619);
#7617 = CARTESIAN_POINT('',(0.32,4.13,5.551115123126E-16));
#7618 = DIRECTION('',(-1.,-0.,-2.984470496304E-17));
#7619 = DIRECTION('',(-2.984470496304E-17,0.,1.));
#7620 = ADVANCED_FACE('',(#7621),#7664,.F.);
#7621 = FACE_BOUND('',#7622,.F.);
#7622 = EDGE_LOOP('',(#7623,#7633,#7641,#7648,#7649,#7650,#7658));
#7623 = ORIENTED_EDGE('',*,*,#7624,.T.);
#7624 = EDGE_CURVE('',#7625,#7627,#7629,.T.);
#7625 = VERTEX_POINT('',#7626);
#7626 = CARTESIAN_POINT('',(-2.34,4.13,0.64));
#7627 = VERTEX_POINT('',#7628);
#7628 = CARTESIAN_POINT('',(-2.34,4.13,4.440892098501E-16));
#7629 = LINE('',#7630,#7631);
#7630 = CARTESIAN_POINT('',(-2.34,4.13,0.64));
#7631 = VECTOR('',#7632,1.);
#7632 = DIRECTION('',(0.,0.,-1.));
#7633 = ORIENTED_EDGE('',*,*,#7634,.T.);
#7634 = EDGE_CURVE('',#7627,#7635,#7637,.T.);
#7635 = VERTEX_POINT('',#7636);
#7636 = CARTESIAN_POINT('',(-0.32,4.13,4.440892098501E-16));
#7637 = LINE('',#7638,#7639);
#7638 = CARTESIAN_POINT('',(-2.5,4.13,5.551115123126E-16));
#7639 = VECTOR('',#7640,1.);
#7640 = DIRECTION('',(1.,0.,0.));
#7641 = ORIENTED_EDGE('',*,*,#7642,.T.);
#7642 = EDGE_CURVE('',#7635,#7601,#7643,.T.);
#7643 = CIRCLE('',#7644,0.64);
#7644 = AXIS2_PLACEMENT_3D('',#7645,#7646,#7647);
#7645 = CARTESIAN_POINT('',(-0.32,4.13,0.64));
#7646 = DIRECTION('',(0.,-1.,0.));
#7647 = DIRECTION('',(0.,0.,-1.));
#7648 = ORIENTED_EDGE('',*,*,#7600,.T.);
#7649 = ORIENTED_EDGE('',*,*,#6481,.F.);
#7650 = ORIENTED_EDGE('',*,*,#7651,.T.);
#7651 = EDGE_CURVE('',#6474,#7652,#7654,.T.);
#7652 = VERTEX_POINT('',#7653);
#7653 = CARTESIAN_POINT('',(-0.32,4.13,0.64));
#7654 = LINE('',#7655,#7656);
#7655 = CARTESIAN_POINT('',(-0.32,4.13,9.3));
#7656 = VECTOR('',#7657,1.);
#7657 = DIRECTION('',(0.,0.,-1.));
#7658 = ORIENTED_EDGE('',*,*,#7659,.T.);
#7659 = EDGE_CURVE('',#7652,#7625,#7660,.T.);
#7660 = LINE('',#7661,#7662);
#7661 = CARTESIAN_POINT('',(-0.32,4.13,0.64));
#7662 = VECTOR('',#7663,1.);
#7663 = DIRECTION('',(-1.,0.,0.));
#7664 = PLANE('',#7665);
#7665 = AXIS2_PLACEMENT_3D('',#7666,#7667,#7668);
#7666 = CARTESIAN_POINT('',(-0.311171617162,4.13,3.871171617162));
#7667 = DIRECTION('',(-1.977317844427E-31,-1.,5.79034588647E-32));
#7668 = DIRECTION('',(-1.,1.977317844427E-31,-1.426937481922E-79));
#7669 = ADVANCED_FACE('',(#7670),#7681,.F.);
#7670 = FACE_BOUND('',#7671,.F.);
#7671 = EDGE_LOOP('',(#7672,#7673,#7674,#7675));
#7672 = ORIENTED_EDGE('',*,*,#7651,.F.);
#7673 = ORIENTED_EDGE('',*,*,#6473,.F.);
#7674 = ORIENTED_EDGE('',*,*,#7578,.T.);
#7675 = ORIENTED_EDGE('',*,*,#7676,.F.);
#7676 = EDGE_CURVE('',#7652,#7579,#7677,.T.);
#7677 = LINE('',#7678,#7679);
#7678 = CARTESIAN_POINT('',(-0.32,4.13,0.64));
#7679 = VECTOR('',#7680,1.);
#7680 = DIRECTION('',(0.,-1.,0.));
#7681 = PLANE('',#7682);
#7682 = AXIS2_PLACEMENT_3D('',#7683,#7684,#7685);
#7683 = CARTESIAN_POINT('',(-0.32,4.13,9.3));
#7684 = DIRECTION('',(1.,0.,0.));
#7685 = DIRECTION('',(0.,0.,-1.));
#7686 = ADVANCED_FACE('',(#7687),#7712,.T.);
#7687 = FACE_BOUND('',#7688,.T.);
#7688 = EDGE_LOOP('',(#7689,#7697,#7698,#7706));
#7689 = ORIENTED_EDGE('',*,*,#7690,.F.);
#7690 = EDGE_CURVE('',#6500,#7691,#7693,.T.);
#7691 = VERTEX_POINT('',#7692);
#7692 = CARTESIAN_POINT('',(0.32,1.59,0.64));
#7693 = LINE('',#7694,#7695);
#7694 = CARTESIAN_POINT('',(0.32,1.59,9.3));
#7695 = VECTOR('',#7696,1.);
#7696 = DIRECTION('',(0.,0.,-1.));
#7697 = ORIENTED_EDGE('',*,*,#6497,.F.);
#7698 = ORIENTED_EDGE('',*,*,#7699,.T.);
#7699 = EDGE_CURVE('',#6498,#7700,#7702,.T.);
#7700 = VERTEX_POINT('',#7701);
#7701 = CARTESIAN_POINT('',(0.32,0.95,0.64));
#7702 = LINE('',#7703,#7704);
#7703 = CARTESIAN_POINT('',(0.32,0.95,9.3));
#7704 = VECTOR('',#7705,1.);
#7705 = DIRECTION('',(0.,0.,-1.));
#7706 = ORIENTED_EDGE('',*,*,#7707,.F.);
#7707 = EDGE_CURVE('',#7691,#7700,#7708,.T.);
#7708 = LINE('',#7709,#7710);
#7709 = CARTESIAN_POINT('',(0.32,1.59,0.64));
#7710 = VECTOR('',#7711,1.);
#7711 = DIRECTION('',(0.,-1.,0.));
#7712 = PLANE('',#7713);
#7713 = AXIS2_PLACEMENT_3D('',#7714,#7715,#7716);
#7714 = CARTESIAN_POINT('',(0.32,1.59,9.3));
#7715 = DIRECTION('',(1.,0.,0.));
#7716 = DIRECTION('',(0.,0.,-1.));
#7717 = ADVANCED_FACE('',(#7718),#7761,.T.);
#7718 = FACE_BOUND('',#7719,.T.);
#7719 = EDGE_LOOP('',(#7720,#7730,#7738,#7747,#7753,#7754,#7755));
#7720 = ORIENTED_EDGE('',*,*,#7721,.T.);
#7721 = EDGE_CURVE('',#7722,#7724,#7726,.T.);
#7722 = VERTEX_POINT('',#7723);
#7723 = CARTESIAN_POINT('',(2.34,1.59,0.64));
#7724 = VERTEX_POINT('',#7725);
#7725 = CARTESIAN_POINT('',(2.34,1.59,4.440892098501E-16));
#7726 = LINE('',#7727,#7728);
#7727 = CARTESIAN_POINT('',(2.34,1.59,0.64));
#7728 = VECTOR('',#7729,1.);
#7729 = DIRECTION('',(0.,0.,-1.));
#7730 = ORIENTED_EDGE('',*,*,#7731,.T.);
#7731 = EDGE_CURVE('',#7724,#7732,#7734,.T.);
#7732 = VERTEX_POINT('',#7733);
#7733 = CARTESIAN_POINT('',(0.32,1.59,4.440892098501E-16));
#7734 = LINE('',#7735,#7736);
#7735 = CARTESIAN_POINT('',(2.5,1.59,5.551115123126E-16));
#7736 = VECTOR('',#7737,1.);
#7737 = DIRECTION('',(-1.,0.,0.));
#7738 = ORIENTED_EDGE('',*,*,#7739,.T.);
#7739 = EDGE_CURVE('',#7732,#7740,#7742,.T.);
#7740 = VERTEX_POINT('',#7741);
#7741 = CARTESIAN_POINT('',(-0.32,1.59,0.64));
#7742 = CIRCLE('',#7743,0.64);
#7743 = AXIS2_PLACEMENT_3D('',#7744,#7745,#7746);
#7744 = CARTESIAN_POINT('',(0.32,1.59,0.64));
#7745 = DIRECTION('',(0.,1.,0.));
#7746 = DIRECTION('',(0.,0.,-1.));
#7747 = ORIENTED_EDGE('',*,*,#7748,.T.);
#7748 = EDGE_CURVE('',#7740,#6516,#7749,.T.);
#7749 = LINE('',#7750,#7751);
#7750 = CARTESIAN_POINT('',(-0.32,1.59,5.551115123126E-16));
#7751 = VECTOR('',#7752,1.);
#7752 = DIRECTION('',(2.984470496304E-17,0.,1.));
#7753 = ORIENTED_EDGE('',*,*,#6523,.F.);
#7754 = ORIENTED_EDGE('',*,*,#7690,.T.);
#7755 = ORIENTED_EDGE('',*,*,#7756,.T.);
#7756 = EDGE_CURVE('',#7691,#7722,#7757,.T.);
#7757 = LINE('',#7758,#7759);
#7758 = CARTESIAN_POINT('',(0.32,1.59,0.64));
#7759 = VECTOR('',#7760,1.);
#7760 = DIRECTION('',(1.,0.,0.));
#7761 = PLANE('',#7762);
#7762 = AXIS2_PLACEMENT_3D('',#7763,#7764,#7765);
#7763 = CARTESIAN_POINT('',(0.311171617162,1.59,3.871171617162));
#7764 = DIRECTION('',(-1.977317844427E-31,1.,-5.79034588647E-32));
#7765 = DIRECTION('',(1.,1.977317844427E-31,-1.426937481922E-79));
#7766 = ADVANCED_FACE('',(#7767),#7785,.T.);
#7767 = FACE_BOUND('',#7768,.T.);
#7768 = EDGE_LOOP('',(#7769,#7770,#7778,#7784));
#7769 = ORIENTED_EDGE('',*,*,#7748,.F.);
#7770 = ORIENTED_EDGE('',*,*,#7771,.T.);
#7771 = EDGE_CURVE('',#7740,#7772,#7774,.T.);
#7772 = VERTEX_POINT('',#7773);
#7773 = CARTESIAN_POINT('',(-0.32,0.95,0.64));
#7774 = LINE('',#7775,#7776);
#7775 = CARTESIAN_POINT('',(-0.32,1.59,0.64));
#7776 = VECTOR('',#7777,1.);
#7777 = DIRECTION('',(0.,-1.,0.));
#7778 = ORIENTED_EDGE('',*,*,#7779,.T.);
#7779 = EDGE_CURVE('',#7772,#6508,#7780,.T.);
#7780 = LINE('',#7781,#7782);
#7781 = CARTESIAN_POINT('',(-0.32,0.95,5.551115123126E-16));
#7782 = VECTOR('',#7783,1.);
#7783 = DIRECTION('',(2.984470496304E-17,0.,1.));
#7784 = ORIENTED_EDGE('',*,*,#6515,.F.);
#7785 = PLANE('',#7786);
#7786 = AXIS2_PLACEMENT_3D('',#7787,#7788,#7789);
#7787 = CARTESIAN_POINT('',(-0.32,1.59,5.551115123126E-16));
#7788 = DIRECTION('',(-1.,0.,2.984470496304E-17));
#7789 = DIRECTION('',(2.984470496304E-17,0.,1.));
#7790 = ADVANCED_FACE('',(#7791),#7827,.F.);
#7791 = FACE_BOUND('',#7792,.F.);
#7792 = EDGE_LOOP('',(#7793,#7803,#7811,#7818,#7819,#7820,#7821));
#7793 = ORIENTED_EDGE('',*,*,#7794,.T.);
#7794 = EDGE_CURVE('',#7795,#7797,#7799,.T.);
#7795 = VERTEX_POINT('',#7796);
#7796 = CARTESIAN_POINT('',(2.34,0.95,0.64));
#7797 = VERTEX_POINT('',#7798);
#7798 = CARTESIAN_POINT('',(2.34,0.95,4.440892098501E-16));
#7799 = LINE('',#7800,#7801);
#7800 = CARTESIAN_POINT('',(2.34,0.95,0.64));
#7801 = VECTOR('',#7802,1.);
#7802 = DIRECTION('',(0.,0.,-1.));
#7803 = ORIENTED_EDGE('',*,*,#7804,.T.);
#7804 = EDGE_CURVE('',#7797,#7805,#7807,.T.);
#7805 = VERTEX_POINT('',#7806);
#7806 = CARTESIAN_POINT('',(0.32,0.95,4.440892098501E-16));
#7807 = LINE('',#7808,#7809);
#7808 = CARTESIAN_POINT('',(2.5,0.95,5.551115123126E-16));
#7809 = VECTOR('',#7810,1.);
#7810 = DIRECTION('',(-1.,0.,0.));
#7811 = ORIENTED_EDGE('',*,*,#7812,.T.);
#7812 = EDGE_CURVE('',#7805,#7772,#7813,.T.);
#7813 = CIRCLE('',#7814,0.64);
#7814 = AXIS2_PLACEMENT_3D('',#7815,#7816,#7817);
#7815 = CARTESIAN_POINT('',(0.32,0.95,0.64));
#7816 = DIRECTION('',(0.,1.,0.));
#7817 = DIRECTION('',(0.,0.,-1.));
#7818 = ORIENTED_EDGE('',*,*,#7779,.T.);
#7819 = ORIENTED_EDGE('',*,*,#6507,.F.);
#7820 = ORIENTED_EDGE('',*,*,#7699,.T.);
#7821 = ORIENTED_EDGE('',*,*,#7822,.T.);
#7822 = EDGE_CURVE('',#7700,#7795,#7823,.T.);
#7823 = LINE('',#7824,#7825);
#7824 = CARTESIAN_POINT('',(0.32,0.95,0.64));
#7825 = VECTOR('',#7826,1.);
#7826 = DIRECTION('',(1.,0.,0.));
#7827 = PLANE('',#7828);
#7828 = AXIS2_PLACEMENT_3D('',#7829,#7830,#7831);
#7829 = CARTESIAN_POINT('',(0.311171617162,0.95,3.871171617162));
#7830 = DIRECTION('',(-1.977317844427E-31,1.,-5.79034588647E-32));
#7831 = DIRECTION('',(1.,1.977317844427E-31,-1.426937481922E-79));
#7832 = ADVANCED_FACE('',(#7833),#7858,.F.);
#7833 = FACE_BOUND('',#7834,.F.);
#7834 = EDGE_LOOP('',(#7835,#7843,#7851,#7857));
#7835 = ORIENTED_EDGE('',*,*,#7836,.F.);
#7836 = EDGE_CURVE('',#7837,#6727,#7839,.T.);
#7837 = VERTEX_POINT('',#7838);
#7838 = CARTESIAN_POINT('',(-0.32,-0.95,9.14));
#7839 = LINE('',#7840,#7841);
#7840 = CARTESIAN_POINT('',(-0.32,-0.95,9.3));
#7841 = VECTOR('',#7842,1.);
#7842 = DIRECTION('',(0.,0.,-1.));
#7843 = ORIENTED_EDGE('',*,*,#7844,.T.);
#7844 = EDGE_CURVE('',#7837,#7845,#7847,.T.);
#7845 = VERTEX_POINT('',#7846);
#7846 = CARTESIAN_POINT('',(-0.32,-1.59,9.14));
#7847 = LINE('',#7848,#7849);
#7848 = CARTESIAN_POINT('',(-0.32,-0.95,9.14));
#7849 = VECTOR('',#7850,1.);
#7850 = DIRECTION('',(0.,-1.,0.));
#7851 = ORIENTED_EDGE('',*,*,#7852,.T.);
#7852 = EDGE_CURVE('',#7845,#6725,#7853,.T.);
#7853 = LINE('',#7854,#7855);
#7854 = CARTESIAN_POINT('',(-0.32,-1.59,9.3));
#7855 = VECTOR('',#7856,1.);
#7856 = DIRECTION('',(0.,0.,-1.));
#7857 = ORIENTED_EDGE('',*,*,#6724,.T.);
#7858 = PLANE('',#7859);
#7859 = AXIS2_PLACEMENT_3D('',#7860,#7861,#7862);
#7860 = CARTESIAN_POINT('',(-0.32,-0.95,9.3));
#7861 = DIRECTION('',(1.,0.,0.));
#7862 = DIRECTION('',(0.,0.,-1.));
#7863 = ADVANCED_FACE('',(#7864),#7882,.T.);
#7864 = FACE_BOUND('',#7865,.T.);
#7865 = EDGE_LOOP('',(#7866,#7867,#7875,#7881));
#7866 = ORIENTED_EDGE('',*,*,#6750,.T.);
#7867 = ORIENTED_EDGE('',*,*,#7868,.T.);
#7868 = EDGE_CURVE('',#6743,#7869,#7871,.T.);
#7869 = VERTEX_POINT('',#7870);
#7870 = CARTESIAN_POINT('',(0.32,-1.59,9.14));
#7871 = LINE('',#7872,#7873);
#7872 = CARTESIAN_POINT('',(0.32,-1.59,5.551115123126E-16));
#7873 = VECTOR('',#7874,1.);
#7874 = DIRECTION('',(-2.984470496304E-17,0.,1.));
#7875 = ORIENTED_EDGE('',*,*,#7876,.T.);
#7876 = EDGE_CURVE('',#7869,#7845,#7877,.T.);
#7877 = LINE('',#7878,#7879);
#7878 = CARTESIAN_POINT('',(0.32,-1.59,9.14));
#7879 = VECTOR('',#7880,1.);
#7880 = DIRECTION('',(-1.,0.,0.));
#7881 = ORIENTED_EDGE('',*,*,#7852,.T.);
#7882 = PLANE('',#7883);
#7883 = AXIS2_PLACEMENT_3D('',#7884,#7885,#7886);
#7884 = CARTESIAN_POINT('',(-0.311171617162,-1.59,3.871171617162));
#7885 = DIRECTION('',(-1.977317844427E-31,-1.,5.79034588647E-32));
#7886 = DIRECTION('',(-1.,1.977317844427E-31,-1.426937481922E-79));
#7887 = ADVANCED_FACE('',(#7888),#7906,.F.);
#7888 = FACE_BOUND('',#7889,.F.);
#7889 = EDGE_LOOP('',(#7890,#7898,#7899,#7900));
#7890 = ORIENTED_EDGE('',*,*,#7891,.F.);
#7891 = EDGE_CURVE('',#6735,#7892,#7894,.T.);
#7892 = VERTEX_POINT('',#7893);
#7893 = CARTESIAN_POINT('',(0.32,-0.95,9.14));
#7894 = LINE('',#7895,#7896);
#7895 = CARTESIAN_POINT('',(0.32,-0.95,5.551115123126E-16));
#7896 = VECTOR('',#7897,1.);
#7897 = DIRECTION('',(-2.984470496304E-17,0.,1.));
#7898 = ORIENTED_EDGE('',*,*,#6742,.T.);
#7899 = ORIENTED_EDGE('',*,*,#7868,.T.);
#7900 = ORIENTED_EDGE('',*,*,#7901,.F.);
#7901 = EDGE_CURVE('',#7892,#7869,#7902,.T.);
#7902 = LINE('',#7903,#7904);
#7903 = CARTESIAN_POINT('',(0.32,-0.95,9.14));
#7904 = VECTOR('',#7905,1.);
#7905 = DIRECTION('',(0.,-1.,0.));
#7906 = PLANE('',#7907);
#7907 = AXIS2_PLACEMENT_3D('',#7908,#7909,#7910);
#7908 = CARTESIAN_POINT('',(0.32,-0.95,5.551115123126E-16));
#7909 = DIRECTION('',(-1.,-0.,-2.984470496304E-17));
#7910 = DIRECTION('',(-2.984470496304E-17,0.,1.));
#7911 = ADVANCED_FACE('',(#7912),#7923,.F.);
#7912 = FACE_BOUND('',#7913,.F.);
#7913 = EDGE_LOOP('',(#7914,#7915,#7916,#7922));
#7914 = ORIENTED_EDGE('',*,*,#6734,.T.);
#7915 = ORIENTED_EDGE('',*,*,#7891,.T.);
#7916 = ORIENTED_EDGE('',*,*,#7917,.T.);
#7917 = EDGE_CURVE('',#7892,#7837,#7918,.T.);
#7918 = LINE('',#7919,#7920);
#7919 = CARTESIAN_POINT('',(0.32,-0.95,9.14));
#7920 = VECTOR('',#7921,1.);
#7921 = DIRECTION('',(-1.,0.,0.));
#7922 = ORIENTED_EDGE('',*,*,#7836,.T.);
#7923 = PLANE('',#7924);
#7924 = AXIS2_PLACEMENT_3D('',#7925,#7926,#7927);
#7925 = CARTESIAN_POINT('',(-0.311171617162,-0.95,3.871171617162));
#7926 = DIRECTION('',(-1.977317844427E-31,-1.,5.79034588647E-32));
#7927 = DIRECTION('',(-1.,1.977317844427E-31,-1.426937481922E-79));
#7928 = ADVANCED_FACE('',(#7929),#7954,.T.);
#7929 = FACE_BOUND('',#7930,.T.);
#7930 = EDGE_LOOP('',(#7931,#7939,#7947,#7953));
#7931 = ORIENTED_EDGE('',*,*,#7932,.F.);
#7932 = EDGE_CURVE('',#7933,#6761,#7935,.T.);
#7933 = VERTEX_POINT('',#7934);
#7934 = CARTESIAN_POINT('',(0.32,-3.49,9.14));
#7935 = LINE('',#7936,#7937);
#7936 = CARTESIAN_POINT('',(0.32,-3.49,9.3));
#7937 = VECTOR('',#7938,1.);
#7938 = DIRECTION('',(0.,0.,-1.));
#7939 = ORIENTED_EDGE('',*,*,#7940,.T.);
#7940 = EDGE_CURVE('',#7933,#7941,#7943,.T.);
#7941 = VERTEX_POINT('',#7942);
#7942 = CARTESIAN_POINT('',(0.32,-4.13,9.14));
#7943 = LINE('',#7944,#7945);
#7944 = CARTESIAN_POINT('',(0.32,-3.49,9.14));
#7945 = VECTOR('',#7946,1.);
#7946 = DIRECTION('',(0.,-1.,0.));
#7947 = ORIENTED_EDGE('',*,*,#7948,.T.);
#7948 = EDGE_CURVE('',#7941,#6759,#7949,.T.);
#7949 = LINE('',#7950,#7951);
#7950 = CARTESIAN_POINT('',(0.32,-4.13,9.3));
#7951 = VECTOR('',#7952,1.);
#7952 = DIRECTION('',(0.,0.,-1.));
#7953 = ORIENTED_EDGE('',*,*,#6758,.T.);
#7954 = PLANE('',#7955);
#7955 = AXIS2_PLACEMENT_3D('',#7956,#7957,#7958);
#7956 = CARTESIAN_POINT('',(0.32,-3.49,9.3));
#7957 = DIRECTION('',(1.,0.,0.));
#7958 = DIRECTION('',(0.,0.,-1.));
#7959 = ADVANCED_FACE('',(#7960),#7978,.T.);
#7960 = FACE_BOUND('',#7961,.T.);
#7961 = EDGE_LOOP('',(#7962,#7963,#7971,#7977));
#7962 = ORIENTED_EDGE('',*,*,#6784,.T.);
#7963 = ORIENTED_EDGE('',*,*,#7964,.T.);
#7964 = EDGE_CURVE('',#6777,#7965,#7967,.T.);
#7965 = VERTEX_POINT('',#7966);
#7966 = CARTESIAN_POINT('',(-0.32,-3.49,9.14));
#7967 = LINE('',#7968,#7969);
#7968 = CARTESIAN_POINT('',(-0.32,-3.49,5.551115123126E-16));
#7969 = VECTOR('',#7970,1.);
#7970 = DIRECTION('',(2.984470496304E-17,0.,1.));
#7971 = ORIENTED_EDGE('',*,*,#7972,.T.);
#7972 = EDGE_CURVE('',#7965,#7933,#7973,.T.);
#7973 = LINE('',#7974,#7975);
#7974 = CARTESIAN_POINT('',(-0.32,-3.49,9.14));
#7975 = VECTOR('',#7976,1.);
#7976 = DIRECTION('',(1.,0.,0.));
#7977 = ORIENTED_EDGE('',*,*,#7932,.T.);
#7978 = PLANE('',#7979);
#7979 = AXIS2_PLACEMENT_3D('',#7980,#7981,#7982);
#7980 = CARTESIAN_POINT('',(0.311171617162,-3.49,3.871171617162));
#7981 = DIRECTION('',(-1.977317844427E-31,1.,-5.79034588647E-32));
#7982 = DIRECTION('',(1.,1.977317844427E-31,-1.426937481922E-79));
#7983 = ADVANCED_FACE('',(#7984),#8002,.T.);
#7984 = FACE_BOUND('',#7985,.T.);
#7985 = EDGE_LOOP('',(#7986,#7987,#7988,#7996));
#7986 = ORIENTED_EDGE('',*,*,#7964,.F.);
#7987 = ORIENTED_EDGE('',*,*,#6776,.T.);
#7988 = ORIENTED_EDGE('',*,*,#7989,.T.);
#7989 = EDGE_CURVE('',#6769,#7990,#7992,.T.);
#7990 = VERTEX_POINT('',#7991);
#7991 = CARTESIAN_POINT('',(-0.32,-4.13,9.14));
#7992 = LINE('',#7993,#7994);
#7993 = CARTESIAN_POINT('',(-0.32,-4.13,5.551115123126E-16));
#7994 = VECTOR('',#7995,1.);
#7995 = DIRECTION('',(2.984470496304E-17,0.,1.));
#7996 = ORIENTED_EDGE('',*,*,#7997,.F.);
#7997 = EDGE_CURVE('',#7965,#7990,#7998,.T.);
#7998 = LINE('',#7999,#8000);
#7999 = CARTESIAN_POINT('',(-0.32,-3.49,9.14));
#8000 = VECTOR('',#8001,1.);
#8001 = DIRECTION('',(0.,-1.,0.));
#8002 = PLANE('',#8003);
#8003 = AXIS2_PLACEMENT_3D('',#8004,#8005,#8006);
#8004 = CARTESIAN_POINT('',(-0.32,-3.49,5.551115123126E-16));
#8005 = DIRECTION('',(-1.,0.,2.984470496304E-17));
#8006 = DIRECTION('',(2.984470496304E-17,0.,1.));
#8007 = ADVANCED_FACE('',(#8008),#8019,.F.);
#8008 = FACE_BOUND('',#8009,.F.);
#8009 = EDGE_LOOP('',(#8010,#8011,#8012,#8018));
#8010 = ORIENTED_EDGE('',*,*,#6768,.T.);
#8011 = ORIENTED_EDGE('',*,*,#7989,.T.);
#8012 = ORIENTED_EDGE('',*,*,#8013,.T.);
#8013 = EDGE_CURVE('',#7990,#7941,#8014,.T.);
#8014 = LINE('',#8015,#8016);
#8015 = CARTESIAN_POINT('',(-0.32,-4.13,9.14));
#8016 = VECTOR('',#8017,1.);
#8017 = DIRECTION('',(1.,0.,0.));
#8018 = ORIENTED_EDGE('',*,*,#7948,.T.);
#8019 = PLANE('',#8020);
#8020 = AXIS2_PLACEMENT_3D('',#8021,#8022,#8023);
#8021 = CARTESIAN_POINT('',(0.311171617162,-4.13,3.871171617162));
#8022 = DIRECTION('',(-1.977317844427E-31,1.,-5.79034588647E-32));
#8023 = DIRECTION('',(1.,1.977317844427E-31,-1.426937481922E-79));
#8024 = ADVANCED_FACE('',(#8025),#8050,.T.);
#8025 = FACE_BOUND('',#8026,.T.);
#8026 = EDGE_LOOP('',(#8027,#8028,#8036,#8044));
#8027 = ORIENTED_EDGE('',*,*,#6792,.T.);
#8028 = ORIENTED_EDGE('',*,*,#8029,.T.);
#8029 = EDGE_CURVE('',#6795,#8030,#8032,.T.);
#8030 = VERTEX_POINT('',#8031);
#8031 = CARTESIAN_POINT('',(0.32,3.49,9.14));
#8032 = LINE('',#8033,#8034);
#8033 = CARTESIAN_POINT('',(0.32,3.49,5.551115123126E-16));
#8034 = VECTOR('',#8035,1.);
#8035 = DIRECTION('',(-2.984470496304E-17,0.,1.));
#8036 = ORIENTED_EDGE('',*,*,#8037,.T.);
#8037 = EDGE_CURVE('',#8030,#8038,#8040,.T.);
#8038 = VERTEX_POINT('',#8039);
#8039 = CARTESIAN_POINT('',(-0.32,3.49,9.14));
#8040 = LINE('',#8041,#8042);
#8041 = CARTESIAN_POINT('',(0.32,3.49,9.14));
#8042 = VECTOR('',#8043,1.);
#8043 = DIRECTION('',(-1.,0.,0.));
#8044 = ORIENTED_EDGE('',*,*,#8045,.T.);
#8045 = EDGE_CURVE('',#8038,#6793,#8046,.T.);
#8046 = LINE('',#8047,#8048);
#8047 = CARTESIAN_POINT('',(-0.32,3.49,9.3));
#8048 = VECTOR('',#8049,1.);
#8049 = DIRECTION('',(0.,0.,-1.));
#8050 = PLANE('',#8051);
#8051 = AXIS2_PLACEMENT_3D('',#8052,#8053,#8054);
#8052 = CARTESIAN_POINT('',(-0.311171617162,3.49,3.871171617162));
#8053 = DIRECTION('',(-1.977317844427E-31,-1.,5.79034588647E-32));
#8054 = DIRECTION('',(-1.,1.977317844427E-31,-1.426937481922E-79));
#8055 = ADVANCED_FACE('',(#8056),#8074,.F.);
#8056 = FACE_BOUND('',#8057,.F.);
#8057 = EDGE_LOOP('',(#8058,#8066,#8067,#8068));
#8058 = ORIENTED_EDGE('',*,*,#8059,.F.);
#8059 = EDGE_CURVE('',#6811,#8060,#8062,.T.);
#8060 = VERTEX_POINT('',#8061);
#8061 = CARTESIAN_POINT('',(0.32,4.13,9.14));
#8062 = LINE('',#8063,#8064);
#8063 = CARTESIAN_POINT('',(0.32,4.13,5.551115123126E-16));
#8064 = VECTOR('',#8065,1.);
#8065 = DIRECTION('',(-2.984470496304E-17,0.,1.));
#8066 = ORIENTED_EDGE('',*,*,#6818,.T.);
#8067 = ORIENTED_EDGE('',*,*,#8029,.T.);
#8068 = ORIENTED_EDGE('',*,*,#8069,.F.);
#8069 = EDGE_CURVE('',#8060,#8030,#8070,.T.);
#8070 = LINE('',#8071,#8072);
#8071 = CARTESIAN_POINT('',(0.32,4.13,9.14));
#8072 = VECTOR('',#8073,1.);
#8073 = DIRECTION('',(0.,-1.,0.));
#8074 = PLANE('',#8075);
#8075 = AXIS2_PLACEMENT_3D('',#8076,#8077,#8078);
#8076 = CARTESIAN_POINT('',(0.32,4.13,5.551115123126E-16));
#8077 = DIRECTION('',(-1.,-0.,-2.984470496304E-17));
#8078 = DIRECTION('',(-2.984470496304E-17,0.,1.));
#8079 = ADVANCED_FACE('',(#8080),#8098,.F.);
#8080 = FACE_BOUND('',#8081,.F.);
#8081 = EDGE_LOOP('',(#8082,#8083,#8084,#8092));
#8082 = ORIENTED_EDGE('',*,*,#6810,.T.);
#8083 = ORIENTED_EDGE('',*,*,#8059,.T.);
#8084 = ORIENTED_EDGE('',*,*,#8085,.T.);
#8085 = EDGE_CURVE('',#8060,#8086,#8088,.T.);
#8086 = VERTEX_POINT('',#8087);
#8087 = CARTESIAN_POINT('',(-0.32,4.13,9.14));
#8088 = LINE('',#8089,#8090);
#8089 = CARTESIAN_POINT('',(0.32,4.13,9.14));
#8090 = VECTOR('',#8091,1.);
#8091 = DIRECTION('',(-1.,0.,0.));
#8092 = ORIENTED_EDGE('',*,*,#8093,.T.);
#8093 = EDGE_CURVE('',#8086,#6803,#8094,.T.);
#8094 = LINE('',#8095,#8096);
#8095 = CARTESIAN_POINT('',(-0.32,4.13,9.3));
#8096 = VECTOR('',#8097,1.);
#8097 = DIRECTION('',(0.,0.,-1.));
#8098 = PLANE('',#8099);
#8099 = AXIS2_PLACEMENT_3D('',#8100,#8101,#8102);
#8100 = CARTESIAN_POINT('',(-0.311171617162,4.13,3.871171617162));
#8101 = DIRECTION('',(-1.977317844427E-31,-1.,5.79034588647E-32));
#8102 = DIRECTION('',(-1.,1.977317844427E-31,-1.426937481922E-79));
#8103 = ADVANCED_FACE('',(#8104),#8115,.F.);
#8104 = FACE_BOUND('',#8105,.F.);
#8105 = EDGE_LOOP('',(#8106,#8107,#8113,#8114));
#8106 = ORIENTED_EDGE('',*,*,#8093,.F.);
#8107 = ORIENTED_EDGE('',*,*,#8108,.T.);
#8108 = EDGE_CURVE('',#8086,#8038,#8109,.T.);
#8109 = LINE('',#8110,#8111);
#8110 = CARTESIAN_POINT('',(-0.32,4.13,9.14));
#8111 = VECTOR('',#8112,1.);
#8112 = DIRECTION('',(0.,-1.,0.));
#8113 = ORIENTED_EDGE('',*,*,#8045,.T.);
#8114 = ORIENTED_EDGE('',*,*,#6802,.T.);
#8115 = PLANE('',#8116);
#8116 = AXIS2_PLACEMENT_3D('',#8117,#8118,#8119);
#8117 = CARTESIAN_POINT('',(-0.32,4.13,9.3));
#8118 = DIRECTION('',(1.,0.,0.));
#8119 = DIRECTION('',(0.,0.,-1.));
#8120 = ADVANCED_FACE('',(#8121),#8146,.T.);
#8121 = FACE_BOUND('',#8122,.T.);
#8122 = EDGE_LOOP('',(#8123,#8131,#8139,#8145));
#8123 = ORIENTED_EDGE('',*,*,#8124,.F.);
#8124 = EDGE_CURVE('',#8125,#6829,#8127,.T.);
#8125 = VERTEX_POINT('',#8126);
#8126 = CARTESIAN_POINT('',(0.32,1.59,9.14));
#8127 = LINE('',#8128,#8129);
#8128 = CARTESIAN_POINT('',(0.32,1.59,9.3));
#8129 = VECTOR('',#8130,1.);
#8130 = DIRECTION('',(0.,0.,-1.));
#8131 = ORIENTED_EDGE('',*,*,#8132,.T.);
#8132 = EDGE_CURVE('',#8125,#8133,#8135,.T.);
#8133 = VERTEX_POINT('',#8134);
#8134 = CARTESIAN_POINT('',(0.32,0.95,9.14));
#8135 = LINE('',#8136,#8137);
#8136 = CARTESIAN_POINT('',(0.32,1.59,9.14));
#8137 = VECTOR('',#8138,1.);
#8138 = DIRECTION('',(0.,-1.,0.));
#8139 = ORIENTED_EDGE('',*,*,#8140,.T.);
#8140 = EDGE_CURVE('',#8133,#6827,#8141,.T.);
#8141 = LINE('',#8142,#8143);
#8142 = CARTESIAN_POINT('',(0.32,0.95,9.3));
#8143 = VECTOR('',#8144,1.);
#8144 = DIRECTION('',(0.,0.,-1.));
#8145 = ORIENTED_EDGE('',*,*,#6826,.T.);
#8146 = PLANE('',#8147);
#8147 = AXIS2_PLACEMENT_3D('',#8148,#8149,#8150);
#8148 = CARTESIAN_POINT('',(0.32,1.59,9.3));
#8149 = DIRECTION('',(1.,0.,0.));
#8150 = DIRECTION('',(0.,0.,-1.));
#8151 = ADVANCED_FACE('',(#8152),#8170,.T.);
#8152 = FACE_BOUND('',#8153,.T.);
#8153 = EDGE_LOOP('',(#8154,#8155,#8163,#8169));
#8154 = ORIENTED_EDGE('',*,*,#6852,.T.);
#8155 = ORIENTED_EDGE('',*,*,#8156,.T.);
#8156 = EDGE_CURVE('',#6845,#8157,#8159,.T.);
#8157 = VERTEX_POINT('',#8158);
#8158 = CARTESIAN_POINT('',(-0.32,1.59,9.14));
#8159 = LINE('',#8160,#8161);
#8160 = CARTESIAN_POINT('',(-0.32,1.59,5.551115123126E-16));
#8161 = VECTOR('',#8162,1.);
#8162 = DIRECTION('',(2.984470496304E-17,0.,1.));
#8163 = ORIENTED_EDGE('',*,*,#8164,.T.);
#8164 = EDGE_CURVE('',#8157,#8125,#8165,.T.);
#8165 = LINE('',#8166,#8167);
#8166 = CARTESIAN_POINT('',(-0.32,1.59,9.14));
#8167 = VECTOR('',#8168,1.);
#8168 = DIRECTION('',(1.,0.,0.));
#8169 = ORIENTED_EDGE('',*,*,#8124,.T.);
#8170 = PLANE('',#8171);
#8171 = AXIS2_PLACEMENT_3D('',#8172,#8173,#8174);
#8172 = CARTESIAN_POINT('',(0.311171617162,1.59,3.871171617162));
#8173 = DIRECTION('',(-1.977317844427E-31,1.,-5.79034588647E-32));
#8174 = DIRECTION('',(1.,1.977317844427E-31,-1.426937481922E-79));
#8175 = ADVANCED_FACE('',(#8176),#8194,.T.);
#8176 = FACE_BOUND('',#8177,.T.);
#8177 = EDGE_LOOP('',(#8178,#8179,#8180,#8188));
#8178 = ORIENTED_EDGE('',*,*,#8156,.F.);
#8179 = ORIENTED_EDGE('',*,*,#6844,.T.);
#8180 = ORIENTED_EDGE('',*,*,#8181,.T.);
#8181 = EDGE_CURVE('',#6837,#8182,#8184,.T.);
#8182 = VERTEX_POINT('',#8183);
#8183 = CARTESIAN_POINT('',(-0.32,0.95,9.14));
#8184 = LINE('',#8185,#8186);
#8185 = CARTESIAN_POINT('',(-0.32,0.95,5.551115123126E-16));
#8186 = VECTOR('',#8187,1.);
#8187 = DIRECTION('',(2.984470496304E-17,0.,1.));
#8188 = ORIENTED_EDGE('',*,*,#8189,.F.);
#8189 = EDGE_CURVE('',#8157,#8182,#8190,.T.);
#8190 = LINE('',#8191,#8192);
#8191 = CARTESIAN_POINT('',(-0.32,1.59,9.14));
#8192 = VECTOR('',#8193,1.);
#8193 = DIRECTION('',(0.,-1.,0.));
#8194 = PLANE('',#8195);
#8195 = AXIS2_PLACEMENT_3D('',#8196,#8197,#8198);
#8196 = CARTESIAN_POINT('',(-0.32,1.59,5.551115123126E-16));
#8197 = DIRECTION('',(-1.,0.,2.984470496304E-17));
#8198 = DIRECTION('',(2.984470496304E-17,0.,1.));
#8199 = ADVANCED_FACE('',(#8200),#8211,.F.);
#8200 = FACE_BOUND('',#8201,.F.);
#8201 = EDGE_LOOP('',(#8202,#8203,#8204,#8210));
#8202 = ORIENTED_EDGE('',*,*,#6836,.T.);
#8203 = ORIENTED_EDGE('',*,*,#8181,.T.);
#8204 = ORIENTED_EDGE('',*,*,#8205,.T.);
#8205 = EDGE_CURVE('',#8182,#8133,#8206,.T.);
#8206 = LINE('',#8207,#8208);
#8207 = CARTESIAN_POINT('',(-0.32,0.95,9.14));
#8208 = VECTOR('',#8209,1.);
#8209 = DIRECTION('',(1.,0.,0.));
#8210 = ORIENTED_EDGE('',*,*,#8140,.T.);
#8211 = PLANE('',#8212);
#8212 = AXIS2_PLACEMENT_3D('',#8213,#8214,#8215);
#8213 = CARTESIAN_POINT('',(0.311171617162,0.95,3.871171617162));
#8214 = DIRECTION('',(-1.977317844427E-31,1.,-5.79034588647E-32));
#8215 = DIRECTION('',(1.,1.977317844427E-31,-1.426937481922E-79));
#8216 = ADVANCED_FACE('',(#8217),#8228,.F.);
#8217 = FACE_BOUND('',#8218,.F.);
#8218 = EDGE_LOOP('',(#8219,#8220,#8221,#8222));
#8219 = ORIENTED_EDGE('',*,*,#7384,.F.);
#8220 = ORIENTED_EDGE('',*,*,#7269,.T.);
#8221 = ORIENTED_EDGE('',*,*,#7318,.T.);
#8222 = ORIENTED_EDGE('',*,*,#8223,.F.);
#8223 = EDGE_CURVE('',#7357,#7284,#8224,.T.);
#8224 = LINE('',#8225,#8226);
#8225 = CARTESIAN_POINT('',(-2.34,-0.95,0.64));
#8226 = VECTOR('',#8227,1.);
#8227 = DIRECTION('',(0.,-1.,0.));
#8228 = PLANE('',#8229);
#8229 = AXIS2_PLACEMENT_3D('',#8230,#8231,#8232);
#8230 = CARTESIAN_POINT('',(-0.32,-0.95,0.64));
#8231 = DIRECTION('',(-0.,-0.,-1.));
#8232 = DIRECTION('',(-1.,0.,0.));
#8233 = ADVANCED_FACE('',(#8234),#8259,.F.);
#8234 = FACE_BOUND('',#8235,.T.);
#8235 = EDGE_LOOP('',(#8236,#8244,#8252,#8258));
#8236 = ORIENTED_EDGE('',*,*,#8237,.T.);
#8237 = EDGE_CURVE('',#7284,#8238,#8240,.T.);
#8238 = VERTEX_POINT('',#8239);
#8239 = CARTESIAN_POINT('',(-2.5,-1.43,0.48));
#8240 = LINE('',#8241,#8242);
#8241 = CARTESIAN_POINT('',(-2.5,-1.43,0.48));
#8242 = VECTOR('',#8243,1.);
#8243 = DIRECTION('',(-0.57735026919,0.57735026919,-0.57735026919));
#8244 = ORIENTED_EDGE('',*,*,#8245,.T.);
#8245 = EDGE_CURVE('',#8238,#8246,#8248,.T.);
#8246 = VERTEX_POINT('',#8247);
#8247 = CARTESIAN_POINT('',(-2.5,-1.43,0.16));
#8248 = LINE('',#8249,#8250);
#8249 = CARTESIAN_POINT('',(-2.5,-1.43,0.64));
#8250 = VECTOR('',#8251,1.);
#8251 = DIRECTION('',(0.,0.,-1.));
#8252 = ORIENTED_EDGE('',*,*,#8253,.T.);
#8253 = EDGE_CURVE('',#8246,#7286,#8254,.T.);
#8254 = LINE('',#8255,#8256);
#8255 = CARTESIAN_POINT('',(-2.606666666667,-1.323333333333,
    0.266666666667));
#8256 = VECTOR('',#8257,1.);
#8257 = DIRECTION('',(0.57735026919,-0.57735026919,-0.57735026919));
#8258 = ORIENTED_EDGE('',*,*,#7283,.F.);
#8259 = PLANE('',#8260);
#8260 = AXIS2_PLACEMENT_3D('',#8261,#8262,#8263);
#8261 = CARTESIAN_POINT('',(-2.42,-1.51,0.64));
#8262 = DIRECTION('',(0.707106781187,0.707106781187,0.));
#8263 = DIRECTION('',(0.,-0.,1.));
#8264 = ADVANCED_FACE('',(#8265),#8276,.T.);
#8265 = FACE_BOUND('',#8266,.T.);
#8266 = EDGE_LOOP('',(#8267,#8268,#8269,#8270));
#8267 = ORIENTED_EDGE('',*,*,#7374,.T.);
#8268 = ORIENTED_EDGE('',*,*,#7340,.T.);
#8269 = ORIENTED_EDGE('',*,*,#7301,.F.);
#8270 = ORIENTED_EDGE('',*,*,#8271,.F.);
#8271 = EDGE_CURVE('',#7367,#7294,#8272,.T.);
#8272 = LINE('',#8273,#8274);
#8273 = CARTESIAN_POINT('',(-0.32,-0.95,4.440892098501E-16));
#8274 = VECTOR('',#8275,1.);
#8275 = DIRECTION('',(0.,-1.,0.));
#8276 = CYLINDRICAL_SURFACE('',#8277,0.64);
#8277 = AXIS2_PLACEMENT_3D('',#8278,#8279,#8280);
#8278 = CARTESIAN_POINT('',(-0.32,-0.95,0.64));
#8279 = DIRECTION('',(0.,-1.,0.));
#8280 = DIRECTION('',(0.,0.,-1.));
#8281 = ADVANCED_FACE('',(#8282),#8293,.F.);
#8282 = FACE_BOUND('',#8283,.F.);
#8283 = EDGE_LOOP('',(#8284,#8285,#8291,#8292));
#8284 = ORIENTED_EDGE('',*,*,#7366,.F.);
#8285 = ORIENTED_EDGE('',*,*,#8286,.T.);
#8286 = EDGE_CURVE('',#7359,#7286,#8287,.T.);
#8287 = LINE('',#8288,#8289);
#8288 = CARTESIAN_POINT('',(-2.34,-0.95,5.551115123126E-16));
#8289 = VECTOR('',#8290,1.);
#8290 = DIRECTION('',(0.,-1.,0.));
#8291 = ORIENTED_EDGE('',*,*,#7293,.T.);
#8292 = ORIENTED_EDGE('',*,*,#8271,.F.);
#8293 = PLANE('',#8294);
#8294 = AXIS2_PLACEMENT_3D('',#8295,#8296,#8297);
#8295 = CARTESIAN_POINT('',(-2.5,-0.95,5.551115123126E-16));
#8296 = DIRECTION('',(0.,0.,1.));
#8297 = DIRECTION('',(1.,0.,-0.));
#8298 = ADVANCED_FACE('',(#8299),#8324,.T.);
#8299 = FACE_BOUND('',#8300,.T.);
#8300 = EDGE_LOOP('',(#8301,#8309,#8310,#8318));
#8301 = ORIENTED_EDGE('',*,*,#8302,.F.);
#8302 = EDGE_CURVE('',#7357,#8303,#8305,.T.);
#8303 = VERTEX_POINT('',#8304);
#8304 = CARTESIAN_POINT('',(-2.5,-1.11,0.48));
#8305 = LINE('',#8306,#8307);
#8306 = CARTESIAN_POINT('',(-2.393333333333,-1.003333333333,
    0.586666666667));
#8307 = VECTOR('',#8308,1.);
#8308 = DIRECTION('',(-0.57735026919,-0.57735026919,-0.57735026919));
#8309 = ORIENTED_EDGE('',*,*,#7356,.T.);
#8310 = ORIENTED_EDGE('',*,*,#8311,.T.);
#8311 = EDGE_CURVE('',#7359,#8312,#8314,.T.);
#8312 = VERTEX_POINT('',#8313);
#8313 = CARTESIAN_POINT('',(-2.5,-1.11,0.16));
#8314 = LINE('',#8315,#8316);
#8315 = CARTESIAN_POINT('',(-2.5,-1.11,0.16));
#8316 = VECTOR('',#8317,1.);
#8317 = DIRECTION('',(-0.57735026919,-0.57735026919,0.57735026919));
#8318 = ORIENTED_EDGE('',*,*,#8319,.F.);
#8319 = EDGE_CURVE('',#8303,#8312,#8320,.T.);
#8320 = LINE('',#8321,#8322);
#8321 = CARTESIAN_POINT('',(-2.5,-1.11,0.64));
#8322 = VECTOR('',#8323,1.);
#8323 = DIRECTION('',(0.,0.,-1.));
#8324 = PLANE('',#8325);
#8325 = AXIS2_PLACEMENT_3D('',#8326,#8327,#8328);
#8326 = CARTESIAN_POINT('',(-2.42,-1.03,0.64));
#8327 = DIRECTION('',(-0.707106781187,0.707106781187,0.));
#8328 = DIRECTION('',(0.,0.,-1.));
#8329 = ADVANCED_FACE('',(#8330),#8341,.T.);
#8330 = FACE_BOUND('',#8331,.T.);
#8331 = EDGE_LOOP('',(#8332,#8333,#8334,#8335));
#8332 = ORIENTED_EDGE('',*,*,#7464,.F.);
#8333 = ORIENTED_EDGE('',*,*,#7415,.T.);
#8334 = ORIENTED_EDGE('',*,*,#7530,.T.);
#8335 = ORIENTED_EDGE('',*,*,#8336,.F.);
#8336 = EDGE_CURVE('',#7430,#7503,#8337,.T.);
#8337 = LINE('',#8338,#8339);
#8338 = CARTESIAN_POINT('',(2.34,-3.49,0.64));
#8339 = VECTOR('',#8340,1.);
#8340 = DIRECTION('',(0.,-1.,0.));
#8341 = PLANE('',#8342);
#8342 = AXIS2_PLACEMENT_3D('',#8343,#8344,#8345);
#8343 = CARTESIAN_POINT('',(0.32,-3.49,0.64));
#8344 = DIRECTION('',(0.,0.,1.));
#8345 = DIRECTION('',(1.,0.,-0.));
#8346 = ADVANCED_FACE('',(#8347),#8372,.T.);
#8347 = FACE_BOUND('',#8348,.F.);
#8348 = EDGE_LOOP('',(#8349,#8357,#8358,#8366));
#8349 = ORIENTED_EDGE('',*,*,#8350,.F.);
#8350 = EDGE_CURVE('',#7430,#8351,#8353,.T.);
#8351 = VERTEX_POINT('',#8352);
#8352 = CARTESIAN_POINT('',(2.5,-3.65,0.48));
#8353 = LINE('',#8354,#8355);
#8354 = CARTESIAN_POINT('',(2.393333333333,-3.543333333333,
    0.586666666667));
#8355 = VECTOR('',#8356,1.);
#8356 = DIRECTION('',(0.57735026919,-0.57735026919,-0.57735026919));
#8357 = ORIENTED_EDGE('',*,*,#7429,.T.);
#8358 = ORIENTED_EDGE('',*,*,#8359,.T.);
#8359 = EDGE_CURVE('',#7432,#8360,#8362,.T.);
#8360 = VERTEX_POINT('',#8361);
#8361 = CARTESIAN_POINT('',(2.5,-3.65,0.16));
#8362 = LINE('',#8363,#8364);
#8363 = CARTESIAN_POINT('',(2.5,-3.65,0.16));
#8364 = VECTOR('',#8365,1.);
#8365 = DIRECTION('',(0.57735026919,-0.57735026919,0.57735026919));
#8366 = ORIENTED_EDGE('',*,*,#8367,.F.);
#8367 = EDGE_CURVE('',#8351,#8360,#8368,.T.);
#8368 = LINE('',#8369,#8370);
#8369 = CARTESIAN_POINT('',(2.5,-3.65,0.64));
#8370 = VECTOR('',#8371,1.);
#8371 = DIRECTION('',(0.,0.,-1.));
#8372 = PLANE('',#8373);
#8373 = AXIS2_PLACEMENT_3D('',#8374,#8375,#8376);
#8374 = CARTESIAN_POINT('',(2.42,-3.57,0.64));
#8375 = DIRECTION('',(0.707106781187,0.707106781187,0.));
#8376 = DIRECTION('',(0.,-0.,1.));
#8377 = ADVANCED_FACE('',(#8378),#8389,.T.);
#8378 = FACE_BOUND('',#8379,.T.);
#8379 = EDGE_LOOP('',(#8380,#8386,#8387,#8388));
#8380 = ORIENTED_EDGE('',*,*,#8381,.T.);
#8381 = EDGE_CURVE('',#7440,#7513,#8382,.T.);
#8382 = LINE('',#8383,#8384);
#8383 = CARTESIAN_POINT('',(0.32,-3.49,4.440892098501E-16));
#8384 = VECTOR('',#8385,1.);
#8385 = DIRECTION('',(0.,-1.,0.));
#8386 = ORIENTED_EDGE('',*,*,#7520,.T.);
#8387 = ORIENTED_EDGE('',*,*,#7479,.F.);
#8388 = ORIENTED_EDGE('',*,*,#7447,.F.);
#8389 = CYLINDRICAL_SURFACE('',#8390,0.64);
#8390 = AXIS2_PLACEMENT_3D('',#8391,#8392,#8393);
#8391 = CARTESIAN_POINT('',(0.32,-3.49,0.64));
#8392 = DIRECTION('',(0.,-1.,0.));
#8393 = DIRECTION('',(-0.,-0.,-1.));
#8394 = ADVANCED_FACE('',(#8395),#8406,.T.);
#8395 = FACE_BOUND('',#8396,.T.);
#8396 = EDGE_LOOP('',(#8397,#8398,#8404,#8405));
#8397 = ORIENTED_EDGE('',*,*,#7439,.F.);
#8398 = ORIENTED_EDGE('',*,*,#8399,.T.);
#8399 = EDGE_CURVE('',#7432,#7505,#8400,.T.);
#8400 = LINE('',#8401,#8402);
#8401 = CARTESIAN_POINT('',(2.34,-3.49,5.551115123126E-16));
#8402 = VECTOR('',#8403,1.);
#8403 = DIRECTION('',(0.,-1.,0.));
#8404 = ORIENTED_EDGE('',*,*,#7512,.T.);
#8405 = ORIENTED_EDGE('',*,*,#8381,.F.);
#8406 = PLANE('',#8407);
#8407 = AXIS2_PLACEMENT_3D('',#8408,#8409,#8410);
#8408 = CARTESIAN_POINT('',(2.5,-3.49,5.551115123126E-16));
#8409 = DIRECTION('',(-0.,-0.,-1.));
#8410 = DIRECTION('',(-1.,0.,0.));
#8411 = ADVANCED_FACE('',(#8412),#8437,.F.);
#8412 = FACE_BOUND('',#8413,.F.);
#8413 = EDGE_LOOP('',(#8414,#8422,#8430,#8436));
#8414 = ORIENTED_EDGE('',*,*,#8415,.T.);
#8415 = EDGE_CURVE('',#7503,#8416,#8418,.T.);
#8416 = VERTEX_POINT('',#8417);
#8417 = CARTESIAN_POINT('',(2.5,-3.97,0.48));
#8418 = LINE('',#8419,#8420);
#8419 = CARTESIAN_POINT('',(2.5,-3.97,0.48));
#8420 = VECTOR('',#8421,1.);
#8421 = DIRECTION('',(0.57735026919,0.57735026919,-0.57735026919));
#8422 = ORIENTED_EDGE('',*,*,#8423,.T.);
#8423 = EDGE_CURVE('',#8416,#8424,#8426,.T.);
#8424 = VERTEX_POINT('',#8425);
#8425 = CARTESIAN_POINT('',(2.5,-3.97,0.16));
#8426 = LINE('',#8427,#8428);
#8427 = CARTESIAN_POINT('',(2.5,-3.97,0.64));
#8428 = VECTOR('',#8429,1.);
#8429 = DIRECTION('',(0.,0.,-1.));
#8430 = ORIENTED_EDGE('',*,*,#8431,.T.);
#8431 = EDGE_CURVE('',#8424,#7505,#8432,.T.);
#8432 = LINE('',#8433,#8434);
#8433 = CARTESIAN_POINT('',(2.606666666667,-3.863333333333,
    0.266666666667));
#8434 = VECTOR('',#8435,1.);
#8435 = DIRECTION('',(-0.57735026919,-0.57735026919,-0.57735026919));
#8436 = ORIENTED_EDGE('',*,*,#7502,.F.);
#8437 = PLANE('',#8438);
#8438 = AXIS2_PLACEMENT_3D('',#8439,#8440,#8441);
#8439 = CARTESIAN_POINT('',(2.42,-4.05,0.64));
#8440 = DIRECTION('',(-0.707106781187,0.707106781187,0.));
#8441 = DIRECTION('',(0.,0.,-1.));
#8442 = ADVANCED_FACE('',(#8443),#8468,.F.);
#8443 = FACE_BOUND('',#8444,.T.);
#8444 = EDGE_LOOP('',(#8445,#8453,#8461,#8467));
#8445 = ORIENTED_EDGE('',*,*,#8446,.T.);
#8446 = EDGE_CURVE('',#7545,#8447,#8449,.T.);
#8447 = VERTEX_POINT('',#8448);
#8448 = CARTESIAN_POINT('',(-2.5,3.65,0.48));
#8449 = LINE('',#8450,#8451);
#8450 = CARTESIAN_POINT('',(-2.5,3.65,0.48));
#8451 = VECTOR('',#8452,1.);
#8452 = DIRECTION('',(-0.57735026919,0.57735026919,-0.57735026919));
#8453 = ORIENTED_EDGE('',*,*,#8454,.T.);
#8454 = EDGE_CURVE('',#8447,#8455,#8457,.T.);
#8455 = VERTEX_POINT('',#8456);
#8456 = CARTESIAN_POINT('',(-2.5,3.65,0.16));
#8457 = LINE('',#8458,#8459);
#8458 = CARTESIAN_POINT('',(-2.5,3.65,0.64));
#8459 = VECTOR('',#8460,1.);
#8460 = DIRECTION('',(0.,0.,-1.));
#8461 = ORIENTED_EDGE('',*,*,#8462,.T.);
#8462 = EDGE_CURVE('',#8455,#7547,#8463,.T.);
#8463 = LINE('',#8464,#8465);
#8464 = CARTESIAN_POINT('',(-2.606666666667,3.756666666667,
    0.266666666667));
#8465 = VECTOR('',#8466,1.);
#8466 = DIRECTION('',(0.57735026919,-0.57735026919,-0.57735026919));
#8467 = ORIENTED_EDGE('',*,*,#7544,.F.);
#8468 = PLANE('',#8469);
#8469 = AXIS2_PLACEMENT_3D('',#8470,#8471,#8472);
#8470 = CARTESIAN_POINT('',(-2.42,3.57,0.64));
#8471 = DIRECTION('',(0.707106781187,0.707106781187,0.));
#8472 = DIRECTION('',(0.,-0.,1.));
#8473 = ADVANCED_FACE('',(#8474),#8485,.F.);
#8474 = FACE_BOUND('',#8475,.F.);
#8475 = EDGE_LOOP('',(#8476,#8477,#8478,#8479));
#8476 = ORIENTED_EDGE('',*,*,#7659,.F.);
#8477 = ORIENTED_EDGE('',*,*,#7676,.T.);
#8478 = ORIENTED_EDGE('',*,*,#7586,.T.);
#8479 = ORIENTED_EDGE('',*,*,#8480,.F.);
#8480 = EDGE_CURVE('',#7625,#7545,#8481,.T.);
#8481 = LINE('',#8482,#8483);
#8482 = CARTESIAN_POINT('',(-2.34,4.13,0.64));
#8483 = VECTOR('',#8484,1.);
#8484 = DIRECTION('',(0.,-1.,0.));
#8485 = PLANE('',#8486);
#8486 = AXIS2_PLACEMENT_3D('',#8487,#8488,#8489);
#8487 = CARTESIAN_POINT('',(-0.32,4.13,0.64));
#8488 = DIRECTION('',(-0.,-0.,-1.));
#8489 = DIRECTION('',(-1.,0.,0.));
#8490 = ADVANCED_FACE('',(#8491),#8502,.T.);
#8491 = FACE_BOUND('',#8492,.T.);
#8492 = EDGE_LOOP('',(#8493,#8494,#8495,#8496));
#8493 = ORIENTED_EDGE('',*,*,#7642,.T.);
#8494 = ORIENTED_EDGE('',*,*,#7608,.T.);
#8495 = ORIENTED_EDGE('',*,*,#7562,.F.);
#8496 = ORIENTED_EDGE('',*,*,#8497,.F.);
#8497 = EDGE_CURVE('',#7635,#7555,#8498,.T.);
#8498 = LINE('',#8499,#8500);
#8499 = CARTESIAN_POINT('',(-0.32,4.13,4.440892098501E-16));
#8500 = VECTOR('',#8501,1.);
#8501 = DIRECTION('',(0.,-1.,0.));
#8502 = CYLINDRICAL_SURFACE('',#8503,0.64);
#8503 = AXIS2_PLACEMENT_3D('',#8504,#8505,#8506);
#8504 = CARTESIAN_POINT('',(-0.32,4.13,0.64));
#8505 = DIRECTION('',(0.,-1.,0.));
#8506 = DIRECTION('',(0.,0.,-1.));
#8507 = ADVANCED_FACE('',(#8508),#8519,.F.);
#8508 = FACE_BOUND('',#8509,.F.);
#8509 = EDGE_LOOP('',(#8510,#8511,#8517,#8518));
#8510 = ORIENTED_EDGE('',*,*,#7634,.F.);
#8511 = ORIENTED_EDGE('',*,*,#8512,.T.);
#8512 = EDGE_CURVE('',#7627,#7547,#8513,.T.);
#8513 = LINE('',#8514,#8515);
#8514 = CARTESIAN_POINT('',(-2.34,4.13,5.551115123126E-16));
#8515 = VECTOR('',#8516,1.);
#8516 = DIRECTION('',(0.,-1.,0.));
#8517 = ORIENTED_EDGE('',*,*,#7554,.T.);
#8518 = ORIENTED_EDGE('',*,*,#8497,.F.);
#8519 = PLANE('',#8520);
#8520 = AXIS2_PLACEMENT_3D('',#8521,#8522,#8523);
#8521 = CARTESIAN_POINT('',(-2.5,4.13,5.551115123126E-16));
#8522 = DIRECTION('',(0.,0.,1.));
#8523 = DIRECTION('',(1.,0.,-0.));
#8524 = ADVANCED_FACE('',(#8525),#8550,.T.);
#8525 = FACE_BOUND('',#8526,.T.);
#8526 = EDGE_LOOP('',(#8527,#8535,#8536,#8544));
#8527 = ORIENTED_EDGE('',*,*,#8528,.F.);
#8528 = EDGE_CURVE('',#7625,#8529,#8531,.T.);
#8529 = VERTEX_POINT('',#8530);
#8530 = CARTESIAN_POINT('',(-2.5,3.97,0.48));
#8531 = LINE('',#8532,#8533);
#8532 = CARTESIAN_POINT('',(-2.393333333333,4.076666666667,
    0.586666666667));
#8533 = VECTOR('',#8534,1.);
#8534 = DIRECTION('',(-0.57735026919,-0.57735026919,-0.57735026919));
#8535 = ORIENTED_EDGE('',*,*,#7624,.T.);
#8536 = ORIENTED_EDGE('',*,*,#8537,.T.);
#8537 = EDGE_CURVE('',#7627,#8538,#8540,.T.);
#8538 = VERTEX_POINT('',#8539);
#8539 = CARTESIAN_POINT('',(-2.5,3.97,0.16));
#8540 = LINE('',#8541,#8542);
#8541 = CARTESIAN_POINT('',(-2.5,3.97,0.16));
#8542 = VECTOR('',#8543,1.);
#8543 = DIRECTION('',(-0.57735026919,-0.57735026919,0.57735026919));
#8544 = ORIENTED_EDGE('',*,*,#8545,.F.);
#8545 = EDGE_CURVE('',#8529,#8538,#8546,.T.);
#8546 = LINE('',#8547,#8548);
#8547 = CARTESIAN_POINT('',(-2.5,3.97,0.64));
#8548 = VECTOR('',#8549,1.);
#8549 = DIRECTION('',(0.,0.,-1.));
#8550 = PLANE('',#8551);
#8551 = AXIS2_PLACEMENT_3D('',#8552,#8553,#8554);
#8552 = CARTESIAN_POINT('',(-2.42,4.05,0.64));
#8553 = DIRECTION('',(-0.707106781187,0.707106781187,0.));
#8554 = DIRECTION('',(0.,0.,-1.));
#8555 = ADVANCED_FACE('',(#8556),#8567,.T.);
#8556 = FACE_BOUND('',#8557,.T.);
#8557 = EDGE_LOOP('',(#8558,#8559,#8560,#8561));
#8558 = ORIENTED_EDGE('',*,*,#7756,.F.);
#8559 = ORIENTED_EDGE('',*,*,#7707,.T.);
#8560 = ORIENTED_EDGE('',*,*,#7822,.T.);
#8561 = ORIENTED_EDGE('',*,*,#8562,.F.);
#8562 = EDGE_CURVE('',#7722,#7795,#8563,.T.);
#8563 = LINE('',#8564,#8565);
#8564 = CARTESIAN_POINT('',(2.34,1.59,0.64));
#8565 = VECTOR('',#8566,1.);
#8566 = DIRECTION('',(0.,-1.,0.));
#8567 = PLANE('',#8568);
#8568 = AXIS2_PLACEMENT_3D('',#8569,#8570,#8571);
#8569 = CARTESIAN_POINT('',(0.32,1.59,0.64));
#8570 = DIRECTION('',(0.,0.,1.));
#8571 = DIRECTION('',(1.,0.,-0.));
#8572 = ADVANCED_FACE('',(#8573),#8598,.T.);
#8573 = FACE_BOUND('',#8574,.F.);
#8574 = EDGE_LOOP('',(#8575,#8583,#8584,#8592));
#8575 = ORIENTED_EDGE('',*,*,#8576,.F.);
#8576 = EDGE_CURVE('',#7722,#8577,#8579,.T.);
#8577 = VERTEX_POINT('',#8578);
#8578 = CARTESIAN_POINT('',(2.5,1.43,0.48));
#8579 = LINE('',#8580,#8581);
#8580 = CARTESIAN_POINT('',(2.393333333333,1.536666666667,0.586666666667
    ));
#8581 = VECTOR('',#8582,1.);
#8582 = DIRECTION('',(0.57735026919,-0.57735026919,-0.57735026919));
#8583 = ORIENTED_EDGE('',*,*,#7721,.T.);
#8584 = ORIENTED_EDGE('',*,*,#8585,.T.);
#8585 = EDGE_CURVE('',#7724,#8586,#8588,.T.);
#8586 = VERTEX_POINT('',#8587);
#8587 = CARTESIAN_POINT('',(2.5,1.43,0.16));
#8588 = LINE('',#8589,#8590);
#8589 = CARTESIAN_POINT('',(2.5,1.43,0.16));
#8590 = VECTOR('',#8591,1.);
#8591 = DIRECTION('',(0.57735026919,-0.57735026919,0.57735026919));
#8592 = ORIENTED_EDGE('',*,*,#8593,.F.);
#8593 = EDGE_CURVE('',#8577,#8586,#8594,.T.);
#8594 = LINE('',#8595,#8596);
#8595 = CARTESIAN_POINT('',(2.5,1.43,0.64));
#8596 = VECTOR('',#8597,1.);
#8597 = DIRECTION('',(0.,0.,-1.));
#8598 = PLANE('',#8599);
#8599 = AXIS2_PLACEMENT_3D('',#8600,#8601,#8602);
#8600 = CARTESIAN_POINT('',(2.42,1.51,0.64));
#8601 = DIRECTION('',(0.707106781187,0.707106781187,0.));
#8602 = DIRECTION('',(0.,-0.,1.));
#8603 = ADVANCED_FACE('',(#8604),#8615,.T.);
#8604 = FACE_BOUND('',#8605,.T.);
#8605 = EDGE_LOOP('',(#8606,#8612,#8613,#8614));
#8606 = ORIENTED_EDGE('',*,*,#8607,.T.);
#8607 = EDGE_CURVE('',#7732,#7805,#8608,.T.);
#8608 = LINE('',#8609,#8610);
#8609 = CARTESIAN_POINT('',(0.32,1.59,4.440892098501E-16));
#8610 = VECTOR('',#8611,1.);
#8611 = DIRECTION('',(0.,-1.,0.));
#8612 = ORIENTED_EDGE('',*,*,#7812,.T.);
#8613 = ORIENTED_EDGE('',*,*,#7771,.F.);
#8614 = ORIENTED_EDGE('',*,*,#7739,.F.);
#8615 = CYLINDRICAL_SURFACE('',#8616,0.64);
#8616 = AXIS2_PLACEMENT_3D('',#8617,#8618,#8619);
#8617 = CARTESIAN_POINT('',(0.32,1.59,0.64));
#8618 = DIRECTION('',(0.,-1.,0.));
#8619 = DIRECTION('',(-0.,-0.,-1.));
#8620 = ADVANCED_FACE('',(#8621),#8632,.T.);
#8621 = FACE_BOUND('',#8622,.T.);
#8622 = EDGE_LOOP('',(#8623,#8624,#8630,#8631));
#8623 = ORIENTED_EDGE('',*,*,#7731,.F.);
#8624 = ORIENTED_EDGE('',*,*,#8625,.T.);
#8625 = EDGE_CURVE('',#7724,#7797,#8626,.T.);
#8626 = LINE('',#8627,#8628);
#8627 = CARTESIAN_POINT('',(2.34,1.59,5.551115123126E-16));
#8628 = VECTOR('',#8629,1.);
#8629 = DIRECTION('',(0.,-1.,0.));
#8630 = ORIENTED_EDGE('',*,*,#7804,.T.);
#8631 = ORIENTED_EDGE('',*,*,#8607,.F.);
#8632 = PLANE('',#8633);
#8633 = AXIS2_PLACEMENT_3D('',#8634,#8635,#8636);
#8634 = CARTESIAN_POINT('',(2.5,1.59,5.551115123126E-16));
#8635 = DIRECTION('',(-0.,-0.,-1.));
#8636 = DIRECTION('',(-1.,0.,0.));
#8637 = ADVANCED_FACE('',(#8638),#8663,.F.);
#8638 = FACE_BOUND('',#8639,.F.);
#8639 = EDGE_LOOP('',(#8640,#8648,#8656,#8662));
#8640 = ORIENTED_EDGE('',*,*,#8641,.T.);
#8641 = EDGE_CURVE('',#7795,#8642,#8644,.T.);
#8642 = VERTEX_POINT('',#8643);
#8643 = CARTESIAN_POINT('',(2.5,1.11,0.48));
#8644 = LINE('',#8645,#8646);
#8645 = CARTESIAN_POINT('',(2.5,1.11,0.48));
#8646 = VECTOR('',#8647,1.);
#8647 = DIRECTION('',(0.57735026919,0.57735026919,-0.57735026919));
#8648 = ORIENTED_EDGE('',*,*,#8649,.T.);
#8649 = EDGE_CURVE('',#8642,#8650,#8652,.T.);
#8650 = VERTEX_POINT('',#8651);
#8651 = CARTESIAN_POINT('',(2.5,1.11,0.16));
#8652 = LINE('',#8653,#8654);
#8653 = CARTESIAN_POINT('',(2.5,1.11,0.64));
#8654 = VECTOR('',#8655,1.);
#8655 = DIRECTION('',(0.,0.,-1.));
#8656 = ORIENTED_EDGE('',*,*,#8657,.T.);
#8657 = EDGE_CURVE('',#8650,#7797,#8658,.T.);
#8658 = LINE('',#8659,#8660);
#8659 = CARTESIAN_POINT('',(2.606666666667,1.216666666667,0.266666666667
    ));
#8660 = VECTOR('',#8661,1.);
#8661 = DIRECTION('',(-0.57735026919,-0.57735026919,-0.57735026919));
#8662 = ORIENTED_EDGE('',*,*,#7794,.F.);
#8663 = PLANE('',#8664);
#8664 = AXIS2_PLACEMENT_3D('',#8665,#8666,#8667);
#8665 = CARTESIAN_POINT('',(2.42,1.03,0.64));
#8666 = DIRECTION('',(-0.707106781187,0.707106781187,0.));
#8667 = DIRECTION('',(0.,0.,-1.));
#8668 = ADVANCED_FACE('',(#8669),#8694,.T.);
#8669 = FACE_BOUND('',#8670,.F.);
#8670 = EDGE_LOOP('',(#8671,#8679,#8687,#8693));
#8671 = ORIENTED_EDGE('',*,*,#8672,.T.);
#8672 = EDGE_CURVE('',#7837,#8673,#8675,.T.);
#8673 = VERTEX_POINT('',#8674);
#8674 = CARTESIAN_POINT('',(-0.16,-1.11,9.3));
#8675 = LINE('',#8676,#8677);
#8676 = CARTESIAN_POINT('',(-0.16,-1.11,9.3));
#8677 = VECTOR('',#8678,1.);
#8678 = DIRECTION('',(0.57735026919,-0.57735026919,0.57735026919));
#8679 = ORIENTED_EDGE('',*,*,#8680,.T.);
#8680 = EDGE_CURVE('',#8673,#8681,#8683,.T.);
#8681 = VERTEX_POINT('',#8682);
#8682 = CARTESIAN_POINT('',(-0.16,-1.43,9.3));
#8683 = LINE('',#8684,#8685);
#8684 = CARTESIAN_POINT('',(-0.16,-0.95,9.3));
#8685 = VECTOR('',#8686,1.);
#8686 = DIRECTION('',(0.,-1.,0.));
#8687 = ORIENTED_EDGE('',*,*,#8688,.F.);
#8688 = EDGE_CURVE('',#7845,#8681,#8689,.T.);
#8689 = LINE('',#8690,#8691);
#8690 = CARTESIAN_POINT('',(-5.333333333333E-02,-1.323333333333,
    9.406666666667));
#8691 = VECTOR('',#8692,1.);
#8692 = DIRECTION('',(0.57735026919,0.57735026919,0.57735026919));
#8693 = ORIENTED_EDGE('',*,*,#7844,.F.);
#8694 = PLANE('',#8695);
#8695 = AXIS2_PLACEMENT_3D('',#8696,#8697,#8698);
#8696 = CARTESIAN_POINT('',(-0.24,-0.95,9.22));
#8697 = DIRECTION('',(-0.707106781187,1.735167508357E-18,0.707106781187)
  );
#8698 = DIRECTION('',(1.226948711654E-18,1.,-1.226948711654E-18));
#8699 = ADVANCED_FACE('',(#8700),#8718,.F.);
#8700 = FACE_BOUND('',#8701,.F.);
#8701 = EDGE_LOOP('',(#8702,#8710,#8711,#8712));
#8702 = ORIENTED_EDGE('',*,*,#8703,.F.);
#8703 = EDGE_CURVE('',#7869,#8704,#8706,.T.);
#8704 = VERTEX_POINT('',#8705);
#8705 = CARTESIAN_POINT('',(0.16,-1.43,9.3));
#8706 = LINE('',#8707,#8708);
#8707 = CARTESIAN_POINT('',(0.16,-1.43,9.3));
#8708 = VECTOR('',#8709,1.);
#8709 = DIRECTION('',(-0.57735026919,0.57735026919,0.57735026919));
#8710 = ORIENTED_EDGE('',*,*,#7876,.T.);
#8711 = ORIENTED_EDGE('',*,*,#8688,.T.);
#8712 = ORIENTED_EDGE('',*,*,#8713,.F.);
#8713 = EDGE_CURVE('',#8704,#8681,#8714,.T.);
#8714 = LINE('',#8715,#8716);
#8715 = CARTESIAN_POINT('',(0.32,-1.43,9.3));
#8716 = VECTOR('',#8717,1.);
#8717 = DIRECTION('',(-1.,0.,0.));
#8718 = PLANE('',#8719);
#8719 = AXIS2_PLACEMENT_3D('',#8720,#8721,#8722);
#8720 = CARTESIAN_POINT('',(0.32,-1.51,9.22));
#8721 = DIRECTION('',(0.,0.707106781187,-0.707106781187));
#8722 = DIRECTION('',(-1.,0.,0.));
#8723 = ADVANCED_FACE('',(#8724),#8742,.T.);
#8724 = FACE_BOUND('',#8725,.F.);
#8725 = EDGE_LOOP('',(#8726,#8734,#8735,#8736));
#8726 = ORIENTED_EDGE('',*,*,#8727,.F.);
#8727 = EDGE_CURVE('',#7892,#8728,#8730,.T.);
#8728 = VERTEX_POINT('',#8729);
#8729 = CARTESIAN_POINT('',(0.16,-1.11,9.3));
#8730 = LINE('',#8731,#8732);
#8731 = CARTESIAN_POINT('',(0.266666666667,-1.003333333333,
    9.193333333333));
#8732 = VECTOR('',#8733,1.);
#8733 = DIRECTION('',(-0.57735026919,-0.57735026919,0.57735026919));
#8734 = ORIENTED_EDGE('',*,*,#7901,.T.);
#8735 = ORIENTED_EDGE('',*,*,#8703,.T.);
#8736 = ORIENTED_EDGE('',*,*,#8737,.F.);
#8737 = EDGE_CURVE('',#8728,#8704,#8738,.T.);
#8738 = LINE('',#8739,#8740);
#8739 = CARTESIAN_POINT('',(0.16,-0.95,9.3));
#8740 = VECTOR('',#8741,1.);
#8741 = DIRECTION('',(0.,-1.,0.));
#8742 = PLANE('',#8743);
#8743 = AXIS2_PLACEMENT_3D('',#8744,#8745,#8746);
#8744 = CARTESIAN_POINT('',(0.24,-0.95,9.22));
#8745 = DIRECTION('',(0.707106781187,-1.735167508357E-18,0.707106781187)
  );
#8746 = DIRECTION('',(1.226948711654E-18,1.,1.226948711654E-18));
#8747 = ADVANCED_FACE('',(#8748),#8759,.T.);
#8748 = FACE_BOUND('',#8749,.T.);
#8749 = EDGE_LOOP('',(#8750,#8751,#8752,#8753));
#8750 = ORIENTED_EDGE('',*,*,#8727,.F.);
#8751 = ORIENTED_EDGE('',*,*,#7917,.T.);
#8752 = ORIENTED_EDGE('',*,*,#8672,.T.);
#8753 = ORIENTED_EDGE('',*,*,#8754,.F.);
#8754 = EDGE_CURVE('',#8728,#8673,#8755,.T.);
#8755 = LINE('',#8756,#8757);
#8756 = CARTESIAN_POINT('',(0.32,-1.11,9.3));
#8757 = VECTOR('',#8758,1.);
#8758 = DIRECTION('',(-1.,0.,0.));
#8759 = PLANE('',#8760);
#8760 = AXIS2_PLACEMENT_3D('',#8761,#8762,#8763);
#8761 = CARTESIAN_POINT('',(0.32,-1.03,9.22));
#8762 = DIRECTION('',(0.,0.707106781187,0.707106781187));
#8763 = DIRECTION('',(-1.,0.,0.));
#8764 = ADVANCED_FACE('',(#8765),#8790,.T.);
#8765 = FACE_BOUND('',#8766,.T.);
#8766 = EDGE_LOOP('',(#8767,#8775,#8783,#8789));
#8767 = ORIENTED_EDGE('',*,*,#8768,.T.);
#8768 = EDGE_CURVE('',#7933,#8769,#8771,.T.);
#8769 = VERTEX_POINT('',#8770);
#8770 = CARTESIAN_POINT('',(0.16,-3.65,9.3));
#8771 = LINE('',#8772,#8773);
#8772 = CARTESIAN_POINT('',(0.16,-3.65,9.3));
#8773 = VECTOR('',#8774,1.);
#8774 = DIRECTION('',(-0.57735026919,-0.57735026919,0.57735026919));
#8775 = ORIENTED_EDGE('',*,*,#8776,.T.);
#8776 = EDGE_CURVE('',#8769,#8777,#8779,.T.);
#8777 = VERTEX_POINT('',#8778);
#8778 = CARTESIAN_POINT('',(0.16,-3.97,9.3));
#8779 = LINE('',#8780,#8781);
#8780 = CARTESIAN_POINT('',(0.16,-3.49,9.3));
#8781 = VECTOR('',#8782,1.);
#8782 = DIRECTION('',(0.,-1.,0.));
#8783 = ORIENTED_EDGE('',*,*,#8784,.F.);
#8784 = EDGE_CURVE('',#7941,#8777,#8785,.T.);
#8785 = LINE('',#8786,#8787);
#8786 = CARTESIAN_POINT('',(5.333333333333E-02,-3.863333333333,
    9.406666666667));
#8787 = VECTOR('',#8788,1.);
#8788 = DIRECTION('',(-0.57735026919,0.57735026919,0.57735026919));
#8789 = ORIENTED_EDGE('',*,*,#7940,.F.);
#8790 = PLANE('',#8791);
#8791 = AXIS2_PLACEMENT_3D('',#8792,#8793,#8794);
#8792 = CARTESIAN_POINT('',(0.24,-3.49,9.22));
#8793 = DIRECTION('',(0.707106781187,-1.735167508357E-18,0.707106781187)
  );
#8794 = DIRECTION('',(-1.226948711654E-18,-1.,-1.226948711654E-18));
#8795 = ADVANCED_FACE('',(#8796),#8814,.T.);
#8796 = FACE_BOUND('',#8797,.F.);
#8797 = EDGE_LOOP('',(#8798,#8806,#8807,#8808));
#8798 = ORIENTED_EDGE('',*,*,#8799,.F.);
#8799 = EDGE_CURVE('',#7965,#8800,#8802,.T.);
#8800 = VERTEX_POINT('',#8801);
#8801 = CARTESIAN_POINT('',(-0.16,-3.65,9.3));
#8802 = LINE('',#8803,#8804);
#8803 = CARTESIAN_POINT('',(-0.266666666667,-3.543333333333,
    9.193333333333));
#8804 = VECTOR('',#8805,1.);
#8805 = DIRECTION('',(0.57735026919,-0.57735026919,0.57735026919));
#8806 = ORIENTED_EDGE('',*,*,#7972,.T.);
#8807 = ORIENTED_EDGE('',*,*,#8768,.T.);
#8808 = ORIENTED_EDGE('',*,*,#8809,.F.);
#8809 = EDGE_CURVE('',#8800,#8769,#8810,.T.);
#8810 = LINE('',#8811,#8812);
#8811 = CARTESIAN_POINT('',(-0.32,-3.65,9.3));
#8812 = VECTOR('',#8813,1.);
#8813 = DIRECTION('',(1.,0.,0.));
#8814 = PLANE('',#8815);
#8815 = AXIS2_PLACEMENT_3D('',#8816,#8817,#8818);
#8816 = CARTESIAN_POINT('',(-0.32,-3.57,9.22));
#8817 = DIRECTION('',(0.,0.707106781187,0.707106781187));
#8818 = DIRECTION('',(-1.,0.,0.));
#8819 = ADVANCED_FACE('',(#8820),#8838,.T.);
#8820 = FACE_BOUND('',#8821,.T.);
#8821 = EDGE_LOOP('',(#8822,#8823,#8824,#8832));
#8822 = ORIENTED_EDGE('',*,*,#8799,.F.);
#8823 = ORIENTED_EDGE('',*,*,#7997,.T.);
#8824 = ORIENTED_EDGE('',*,*,#8825,.T.);
#8825 = EDGE_CURVE('',#7990,#8826,#8828,.T.);
#8826 = VERTEX_POINT('',#8827);
#8827 = CARTESIAN_POINT('',(-0.16,-3.97,9.3));
#8828 = LINE('',#8829,#8830);
#8829 = CARTESIAN_POINT('',(-0.16,-3.97,9.3));
#8830 = VECTOR('',#8831,1.);
#8831 = DIRECTION('',(0.57735026919,0.57735026919,0.57735026919));
#8832 = ORIENTED_EDGE('',*,*,#8833,.F.);
#8833 = EDGE_CURVE('',#8800,#8826,#8834,.T.);
#8834 = LINE('',#8835,#8836);
#8835 = CARTESIAN_POINT('',(-0.16,-3.49,9.3));
#8836 = VECTOR('',#8837,1.);
#8837 = DIRECTION('',(0.,-1.,0.));
#8838 = PLANE('',#8839);
#8839 = AXIS2_PLACEMENT_3D('',#8840,#8841,#8842);
#8840 = CARTESIAN_POINT('',(-0.24,-3.49,9.22));
#8841 = DIRECTION('',(-0.707106781187,1.735167508357E-18,0.707106781187)
  );
#8842 = DIRECTION('',(-1.226948711654E-18,-1.,1.226948711654E-18));
#8843 = ADVANCED_FACE('',(#8844),#8855,.F.);
#8844 = FACE_BOUND('',#8845,.T.);
#8845 = EDGE_LOOP('',(#8846,#8847,#8848,#8849));
#8846 = ORIENTED_EDGE('',*,*,#8825,.F.);
#8847 = ORIENTED_EDGE('',*,*,#8013,.T.);
#8848 = ORIENTED_EDGE('',*,*,#8784,.T.);
#8849 = ORIENTED_EDGE('',*,*,#8850,.F.);
#8850 = EDGE_CURVE('',#8826,#8777,#8851,.T.);
#8851 = LINE('',#8852,#8853);
#8852 = CARTESIAN_POINT('',(-0.32,-3.97,9.3));
#8853 = VECTOR('',#8854,1.);
#8854 = DIRECTION('',(1.,0.,0.));
#8855 = PLANE('',#8856);
#8856 = AXIS2_PLACEMENT_3D('',#8857,#8858,#8859);
#8857 = CARTESIAN_POINT('',(-0.32,-4.05,9.22));
#8858 = DIRECTION('',(0.,0.707106781187,-0.707106781187));
#8859 = DIRECTION('',(-1.,0.,-0.));
#8860 = ADVANCED_FACE('',(#8861),#8886,.F.);
#8861 = FACE_BOUND('',#8862,.F.);
#8862 = EDGE_LOOP('',(#8863,#8871,#8872,#8880));
#8863 = ORIENTED_EDGE('',*,*,#8864,.F.);
#8864 = EDGE_CURVE('',#8030,#8865,#8867,.T.);
#8865 = VERTEX_POINT('',#8866);
#8866 = CARTESIAN_POINT('',(0.16,3.65,9.3));
#8867 = LINE('',#8868,#8869);
#8868 = CARTESIAN_POINT('',(0.16,3.65,9.3));
#8869 = VECTOR('',#8870,1.);
#8870 = DIRECTION('',(-0.57735026919,0.57735026919,0.57735026919));
#8871 = ORIENTED_EDGE('',*,*,#8037,.T.);
#8872 = ORIENTED_EDGE('',*,*,#8873,.T.);
#8873 = EDGE_CURVE('',#8038,#8874,#8876,.T.);
#8874 = VERTEX_POINT('',#8875);
#8875 = CARTESIAN_POINT('',(-0.16,3.65,9.3));
#8876 = LINE('',#8877,#8878);
#8877 = CARTESIAN_POINT('',(-5.333333333333E-02,3.756666666667,
    9.406666666667));
#8878 = VECTOR('',#8879,1.);
#8879 = DIRECTION('',(0.57735026919,0.57735026919,0.57735026919));
#8880 = ORIENTED_EDGE('',*,*,#8881,.F.);
#8881 = EDGE_CURVE('',#8865,#8874,#8882,.T.);
#8882 = LINE('',#8883,#8884);
#8883 = CARTESIAN_POINT('',(0.32,3.65,9.3));
#8884 = VECTOR('',#8885,1.);
#8885 = DIRECTION('',(-1.,0.,0.));
#8886 = PLANE('',#8887);
#8887 = AXIS2_PLACEMENT_3D('',#8888,#8889,#8890);
#8888 = CARTESIAN_POINT('',(0.32,3.57,9.22));
#8889 = DIRECTION('',(0.,0.707106781187,-0.707106781187));
#8890 = DIRECTION('',(-1.,0.,0.));
#8891 = ADVANCED_FACE('',(#8892),#8910,.T.);
#8892 = FACE_BOUND('',#8893,.F.);
#8893 = EDGE_LOOP('',(#8894,#8902,#8903,#8904));
#8894 = ORIENTED_EDGE('',*,*,#8895,.F.);
#8895 = EDGE_CURVE('',#8060,#8896,#8898,.T.);
#8896 = VERTEX_POINT('',#8897);
#8897 = CARTESIAN_POINT('',(0.16,3.97,9.3));
#8898 = LINE('',#8899,#8900);
#8899 = CARTESIAN_POINT('',(0.266666666667,4.076666666667,9.193333333333
    ));
#8900 = VECTOR('',#8901,1.);
#8901 = DIRECTION('',(-0.57735026919,-0.57735026919,0.57735026919));
#8902 = ORIENTED_EDGE('',*,*,#8069,.T.);
#8903 = ORIENTED_EDGE('',*,*,#8864,.T.);
#8904 = ORIENTED_EDGE('',*,*,#8905,.F.);
#8905 = EDGE_CURVE('',#8896,#8865,#8906,.T.);
#8906 = LINE('',#8907,#8908);
#8907 = CARTESIAN_POINT('',(0.16,4.13,9.3));
#8908 = VECTOR('',#8909,1.);
#8909 = DIRECTION('',(0.,-1.,0.));
#8910 = PLANE('',#8911);
#8911 = AXIS2_PLACEMENT_3D('',#8912,#8913,#8914);
#8912 = CARTESIAN_POINT('',(0.24,4.13,9.22));
#8913 = DIRECTION('',(0.707106781187,-1.735167508357E-18,0.707106781187)
  );
#8914 = DIRECTION('',(1.226948711654E-18,1.,1.226948711654E-18));
#8915 = ADVANCED_FACE('',(#8916),#8934,.T.);
#8916 = FACE_BOUND('',#8917,.T.);
#8917 = EDGE_LOOP('',(#8918,#8919,#8920,#8928));
#8918 = ORIENTED_EDGE('',*,*,#8895,.F.);
#8919 = ORIENTED_EDGE('',*,*,#8085,.T.);
#8920 = ORIENTED_EDGE('',*,*,#8921,.T.);
#8921 = EDGE_CURVE('',#8086,#8922,#8924,.T.);
#8922 = VERTEX_POINT('',#8923);
#8923 = CARTESIAN_POINT('',(-0.16,3.97,9.3));
#8924 = LINE('',#8925,#8926);
#8925 = CARTESIAN_POINT('',(-0.16,3.97,9.3));
#8926 = VECTOR('',#8927,1.);
#8927 = DIRECTION('',(0.57735026919,-0.57735026919,0.57735026919));
#8928 = ORIENTED_EDGE('',*,*,#8929,.F.);
#8929 = EDGE_CURVE('',#8896,#8922,#8930,.T.);
#8930 = LINE('',#8931,#8932);
#8931 = CARTESIAN_POINT('',(0.32,3.97,9.3));
#8932 = VECTOR('',#8933,1.);
#8933 = DIRECTION('',(-1.,0.,0.));
#8934 = PLANE('',#8935);
#8935 = AXIS2_PLACEMENT_3D('',#8936,#8937,#8938);
#8936 = CARTESIAN_POINT('',(0.32,4.05,9.22));
#8937 = DIRECTION('',(0.,0.707106781187,0.707106781187));
#8938 = DIRECTION('',(-1.,0.,0.));
#8939 = ADVANCED_FACE('',(#8940),#8951,.T.);
#8940 = FACE_BOUND('',#8941,.F.);
#8941 = EDGE_LOOP('',(#8942,#8943,#8949,#8950));
#8942 = ORIENTED_EDGE('',*,*,#8921,.T.);
#8943 = ORIENTED_EDGE('',*,*,#8944,.T.);
#8944 = EDGE_CURVE('',#8922,#8874,#8945,.T.);
#8945 = LINE('',#8946,#8947);
#8946 = CARTESIAN_POINT('',(-0.16,4.13,9.3));
#8947 = VECTOR('',#8948,1.);
#8948 = DIRECTION('',(0.,-1.,0.));
#8949 = ORIENTED_EDGE('',*,*,#8873,.F.);
#8950 = ORIENTED_EDGE('',*,*,#8108,.F.);
#8951 = PLANE('',#8952);
#8952 = AXIS2_PLACEMENT_3D('',#8953,#8954,#8955);
#8953 = CARTESIAN_POINT('',(-0.24,4.13,9.22));
#8954 = DIRECTION('',(-0.707106781187,1.735167508357E-18,0.707106781187)
  );
#8955 = DIRECTION('',(1.226948711654E-18,1.,-1.226948711654E-18));
#8956 = ADVANCED_FACE('',(#8957),#8982,.T.);
#8957 = FACE_BOUND('',#8958,.T.);
#8958 = EDGE_LOOP('',(#8959,#8967,#8975,#8981));
#8959 = ORIENTED_EDGE('',*,*,#8960,.T.);
#8960 = EDGE_CURVE('',#8125,#8961,#8963,.T.);
#8961 = VERTEX_POINT('',#8962);
#8962 = CARTESIAN_POINT('',(0.16,1.43,9.3));
#8963 = LINE('',#8964,#8965);
#8964 = CARTESIAN_POINT('',(0.16,1.43,9.3));
#8965 = VECTOR('',#8966,1.);
#8966 = DIRECTION('',(-0.57735026919,-0.57735026919,0.57735026919));
#8967 = ORIENTED_EDGE('',*,*,#8968,.T.);
#8968 = EDGE_CURVE('',#8961,#8969,#8971,.T.);
#8969 = VERTEX_POINT('',#8970);
#8970 = CARTESIAN_POINT('',(0.16,1.11,9.3));
#8971 = LINE('',#8972,#8973);
#8972 = CARTESIAN_POINT('',(0.16,1.59,9.3));
#8973 = VECTOR('',#8974,1.);
#8974 = DIRECTION('',(0.,-1.,0.));
#8975 = ORIENTED_EDGE('',*,*,#8976,.F.);
#8976 = EDGE_CURVE('',#8133,#8969,#8977,.T.);
#8977 = LINE('',#8978,#8979);
#8978 = CARTESIAN_POINT('',(5.333333333333E-02,1.216666666667,
    9.406666666667));
#8979 = VECTOR('',#8980,1.);
#8980 = DIRECTION('',(-0.57735026919,0.57735026919,0.57735026919));
#8981 = ORIENTED_EDGE('',*,*,#8132,.F.);
#8982 = PLANE('',#8983);
#8983 = AXIS2_PLACEMENT_3D('',#8984,#8985,#8986);
#8984 = CARTESIAN_POINT('',(0.24,1.59,9.22));
#8985 = DIRECTION('',(0.707106781187,-1.735167508357E-18,0.707106781187)
  );
#8986 = DIRECTION('',(-1.226948711654E-18,-1.,-1.226948711654E-18));
#8987 = ADVANCED_FACE('',(#8988),#9006,.T.);
#8988 = FACE_BOUND('',#8989,.F.);
#8989 = EDGE_LOOP('',(#8990,#8998,#8999,#9000));
#8990 = ORIENTED_EDGE('',*,*,#8991,.F.);
#8991 = EDGE_CURVE('',#8157,#8992,#8994,.T.);
#8992 = VERTEX_POINT('',#8993);
#8993 = CARTESIAN_POINT('',(-0.16,1.43,9.3));
#8994 = LINE('',#8995,#8996);
#8995 = CARTESIAN_POINT('',(-0.266666666667,1.536666666667,
    9.193333333333));
#8996 = VECTOR('',#8997,1.);
#8997 = DIRECTION('',(0.57735026919,-0.57735026919,0.57735026919));
#8998 = ORIENTED_EDGE('',*,*,#8164,.T.);
#8999 = ORIENTED_EDGE('',*,*,#8960,.T.);
#9000 = ORIENTED_EDGE('',*,*,#9001,.F.);
#9001 = EDGE_CURVE('',#8992,#8961,#9002,.T.);
#9002 = LINE('',#9003,#9004);
#9003 = CARTESIAN_POINT('',(-0.32,1.43,9.3));
#9004 = VECTOR('',#9005,1.);
#9005 = DIRECTION('',(1.,0.,0.));
#9006 = PLANE('',#9007);
#9007 = AXIS2_PLACEMENT_3D('',#9008,#9009,#9010);
#9008 = CARTESIAN_POINT('',(-0.32,1.51,9.22));
#9009 = DIRECTION('',(0.,0.707106781187,0.707106781187));
#9010 = DIRECTION('',(-1.,0.,0.));
#9011 = ADVANCED_FACE('',(#9012),#9030,.T.);
#9012 = FACE_BOUND('',#9013,.T.);
#9013 = EDGE_LOOP('',(#9014,#9015,#9016,#9024));
#9014 = ORIENTED_EDGE('',*,*,#8991,.F.);
#9015 = ORIENTED_EDGE('',*,*,#8189,.T.);
#9016 = ORIENTED_EDGE('',*,*,#9017,.T.);
#9017 = EDGE_CURVE('',#8182,#9018,#9020,.T.);
#9018 = VERTEX_POINT('',#9019);
#9019 = CARTESIAN_POINT('',(-0.16,1.11,9.3));
#9020 = LINE('',#9021,#9022);
#9021 = CARTESIAN_POINT('',(-0.16,1.11,9.3));
#9022 = VECTOR('',#9023,1.);
#9023 = DIRECTION('',(0.57735026919,0.57735026919,0.57735026919));
#9024 = ORIENTED_EDGE('',*,*,#9025,.F.);
#9025 = EDGE_CURVE('',#8992,#9018,#9026,.T.);
#9026 = LINE('',#9027,#9028);
#9027 = CARTESIAN_POINT('',(-0.16,1.59,9.3));
#9028 = VECTOR('',#9029,1.);
#9029 = DIRECTION('',(0.,-1.,0.));
#9030 = PLANE('',#9031);
#9031 = AXIS2_PLACEMENT_3D('',#9032,#9033,#9034);
#9032 = CARTESIAN_POINT('',(-0.24,1.59,9.22));
#9033 = DIRECTION('',(-0.707106781187,1.735167508357E-18,0.707106781187)
  );
#9034 = DIRECTION('',(-1.226948711654E-18,-1.,1.226948711654E-18));
#9035 = ADVANCED_FACE('',(#9036),#9047,.F.);
#9036 = FACE_BOUND('',#9037,.T.);
#9037 = EDGE_LOOP('',(#9038,#9039,#9040,#9041));
#9038 = ORIENTED_EDGE('',*,*,#9017,.F.);
#9039 = ORIENTED_EDGE('',*,*,#8205,.T.);
#9040 = ORIENTED_EDGE('',*,*,#8976,.T.);
#9041 = ORIENTED_EDGE('',*,*,#9042,.F.);
#9042 = EDGE_CURVE('',#9018,#8969,#9043,.T.);
#9043 = LINE('',#9044,#9045);
#9044 = CARTESIAN_POINT('',(-0.32,1.11,9.3));
#9045 = VECTOR('',#9046,1.);
#9046 = DIRECTION('',(1.,0.,0.));
#9047 = PLANE('',#9048);
#9048 = AXIS2_PLACEMENT_3D('',#9049,#9050,#9051);
#9049 = CARTESIAN_POINT('',(-0.32,1.03,9.22));
#9050 = DIRECTION('',(0.,0.707106781187,-0.707106781187));
#9051 = DIRECTION('',(-1.,0.,-0.));
#9052 = ADVANCED_FACE('',(#9053),#9064,.T.);
#9053 = FACE_BOUND('',#9054,.F.);
#9054 = EDGE_LOOP('',(#9055,#9056,#9057,#9058));
#9055 = ORIENTED_EDGE('',*,*,#8302,.F.);
#9056 = ORIENTED_EDGE('',*,*,#8223,.T.);
#9057 = ORIENTED_EDGE('',*,*,#8237,.T.);
#9058 = ORIENTED_EDGE('',*,*,#9059,.F.);
#9059 = EDGE_CURVE('',#8303,#8238,#9060,.T.);
#9060 = LINE('',#9061,#9062);
#9061 = CARTESIAN_POINT('',(-2.5,-0.95,0.48));
#9062 = VECTOR('',#9063,1.);
#9063 = DIRECTION('',(0.,-1.,0.));
#9064 = PLANE('',#9065);
#9065 = AXIS2_PLACEMENT_3D('',#9066,#9067,#9068);
#9066 = CARTESIAN_POINT('',(-2.42,-0.95,0.56));
#9067 = DIRECTION('',(-0.707106781187,0.,0.707106781187));
#9068 = DIRECTION('',(0.,1.,0.));
#9069 = ADVANCED_FACE('',(#9070),#9081,.F.);
#9070 = FACE_BOUND('',#9071,.F.);
#9071 = EDGE_LOOP('',(#9072,#9073,#9074,#9080));
#9072 = ORIENTED_EDGE('',*,*,#9059,.T.);
#9073 = ORIENTED_EDGE('',*,*,#8245,.T.);
#9074 = ORIENTED_EDGE('',*,*,#9075,.F.);
#9075 = EDGE_CURVE('',#8312,#8246,#9076,.T.);
#9076 = LINE('',#9077,#9078);
#9077 = CARTESIAN_POINT('',(-2.5,-0.95,0.16));
#9078 = VECTOR('',#9079,1.);
#9079 = DIRECTION('',(0.,-1.,0.));
#9080 = ORIENTED_EDGE('',*,*,#8319,.F.);
#9081 = PLANE('',#9082);
#9082 = AXIS2_PLACEMENT_3D('',#9083,#9084,#9085);
#9083 = CARTESIAN_POINT('',(-2.5,-0.95,0.64));
#9084 = DIRECTION('',(1.,0.,0.));
#9085 = DIRECTION('',(0.,0.,-1.));
#9086 = ADVANCED_FACE('',(#9087),#9093,.T.);
#9087 = FACE_BOUND('',#9088,.T.);
#9088 = EDGE_LOOP('',(#9089,#9090,#9091,#9092));
#9089 = ORIENTED_EDGE('',*,*,#8311,.F.);
#9090 = ORIENTED_EDGE('',*,*,#8286,.T.);
#9091 = ORIENTED_EDGE('',*,*,#8253,.F.);
#9092 = ORIENTED_EDGE('',*,*,#9075,.F.);
#9093 = PLANE('',#9094);
#9094 = AXIS2_PLACEMENT_3D('',#9095,#9096,#9097);
#9095 = CARTESIAN_POINT('',(-2.42,-0.95,8.E-02));
#9096 = DIRECTION('',(-0.707106781187,1.735167508357E-18,-0.707106781187
    ));
#9097 = DIRECTION('',(-1.226948711654E-18,-1.,-1.226948711654E-18));
#9098 = ADVANCED_FACE('',(#9099),#9110,.T.);
#9099 = FACE_BOUND('',#9100,.T.);
#9100 = EDGE_LOOP('',(#9101,#9102,#9103,#9104));
#9101 = ORIENTED_EDGE('',*,*,#8350,.F.);
#9102 = ORIENTED_EDGE('',*,*,#8336,.T.);
#9103 = ORIENTED_EDGE('',*,*,#8415,.T.);
#9104 = ORIENTED_EDGE('',*,*,#9105,.F.);
#9105 = EDGE_CURVE('',#8351,#8416,#9106,.T.);
#9106 = LINE('',#9107,#9108);
#9107 = CARTESIAN_POINT('',(2.5,-3.49,0.48));
#9108 = VECTOR('',#9109,1.);
#9109 = DIRECTION('',(0.,-1.,0.));
#9110 = PLANE('',#9111);
#9111 = AXIS2_PLACEMENT_3D('',#9112,#9113,#9114);
#9112 = CARTESIAN_POINT('',(2.42,-3.49,0.56));
#9113 = DIRECTION('',(0.707106781187,0.,0.707106781187));
#9114 = DIRECTION('',(0.,-1.,0.));
#9115 = ADVANCED_FACE('',(#9116),#9127,.T.);
#9116 = FACE_BOUND('',#9117,.T.);
#9117 = EDGE_LOOP('',(#9118,#9119,#9120,#9126));
#9118 = ORIENTED_EDGE('',*,*,#9105,.T.);
#9119 = ORIENTED_EDGE('',*,*,#8423,.T.);
#9120 = ORIENTED_EDGE('',*,*,#9121,.F.);
#9121 = EDGE_CURVE('',#8360,#8424,#9122,.T.);
#9122 = LINE('',#9123,#9124);
#9123 = CARTESIAN_POINT('',(2.5,-3.49,0.16));
#9124 = VECTOR('',#9125,1.);
#9125 = DIRECTION('',(0.,-1.,0.));
#9126 = ORIENTED_EDGE('',*,*,#8367,.F.);
#9127 = PLANE('',#9128);
#9128 = AXIS2_PLACEMENT_3D('',#9129,#9130,#9131);
#9129 = CARTESIAN_POINT('',(2.5,-3.49,0.64));
#9130 = DIRECTION('',(1.,0.,0.));
#9131 = DIRECTION('',(0.,0.,-1.));
#9132 = ADVANCED_FACE('',(#9133),#9139,.T.);
#9133 = FACE_BOUND('',#9134,.F.);
#9134 = EDGE_LOOP('',(#9135,#9136,#9137,#9138));
#9135 = ORIENTED_EDGE('',*,*,#8359,.F.);
#9136 = ORIENTED_EDGE('',*,*,#8399,.T.);
#9137 = ORIENTED_EDGE('',*,*,#8431,.F.);
#9138 = ORIENTED_EDGE('',*,*,#9121,.F.);
#9139 = PLANE('',#9140);
#9140 = AXIS2_PLACEMENT_3D('',#9141,#9142,#9143);
#9141 = CARTESIAN_POINT('',(2.42,-3.49,8.E-02));
#9142 = DIRECTION('',(0.707106781187,-1.735167508357E-18,-0.707106781187
    ));
#9143 = DIRECTION('',(1.226948711654E-18,1.,-1.226948711654E-18));
#9144 = ADVANCED_FACE('',(#9145),#9156,.T.);
#9145 = FACE_BOUND('',#9146,.F.);
#9146 = EDGE_LOOP('',(#9147,#9148,#9149,#9150));
#9147 = ORIENTED_EDGE('',*,*,#8528,.F.);
#9148 = ORIENTED_EDGE('',*,*,#8480,.T.);
#9149 = ORIENTED_EDGE('',*,*,#8446,.T.);
#9150 = ORIENTED_EDGE('',*,*,#9151,.F.);
#9151 = EDGE_CURVE('',#8529,#8447,#9152,.T.);
#9152 = LINE('',#9153,#9154);
#9153 = CARTESIAN_POINT('',(-2.5,4.13,0.48));
#9154 = VECTOR('',#9155,1.);
#9155 = DIRECTION('',(0.,-1.,0.));
#9156 = PLANE('',#9157);
#9157 = AXIS2_PLACEMENT_3D('',#9158,#9159,#9160);
#9158 = CARTESIAN_POINT('',(-2.42,4.13,0.56));
#9159 = DIRECTION('',(-0.707106781187,0.,0.707106781187));
#9160 = DIRECTION('',(0.,1.,0.));
#9161 = ADVANCED_FACE('',(#9162),#9173,.F.);
#9162 = FACE_BOUND('',#9163,.F.);
#9163 = EDGE_LOOP('',(#9164,#9165,#9166,#9172));
#9164 = ORIENTED_EDGE('',*,*,#9151,.T.);
#9165 = ORIENTED_EDGE('',*,*,#8454,.T.);
#9166 = ORIENTED_EDGE('',*,*,#9167,.F.);
#9167 = EDGE_CURVE('',#8538,#8455,#9168,.T.);
#9168 = LINE('',#9169,#9170);
#9169 = CARTESIAN_POINT('',(-2.5,4.13,0.16));
#9170 = VECTOR('',#9171,1.);
#9171 = DIRECTION('',(0.,-1.,0.));
#9172 = ORIENTED_EDGE('',*,*,#8545,.F.);
#9173 = PLANE('',#9174);
#9174 = AXIS2_PLACEMENT_3D('',#9175,#9176,#9177);
#9175 = CARTESIAN_POINT('',(-2.5,4.13,0.64));
#9176 = DIRECTION('',(1.,0.,0.));
#9177 = DIRECTION('',(0.,0.,-1.));
#9178 = ADVANCED_FACE('',(#9179),#9185,.T.);
#9179 = FACE_BOUND('',#9180,.T.);
#9180 = EDGE_LOOP('',(#9181,#9182,#9183,#9184));
#9181 = ORIENTED_EDGE('',*,*,#8537,.F.);
#9182 = ORIENTED_EDGE('',*,*,#8512,.T.);
#9183 = ORIENTED_EDGE('',*,*,#8462,.F.);
#9184 = ORIENTED_EDGE('',*,*,#9167,.F.);
#9185 = PLANE('',#9186);
#9186 = AXIS2_PLACEMENT_3D('',#9187,#9188,#9189);
#9187 = CARTESIAN_POINT('',(-2.42,4.13,8.E-02));
#9188 = DIRECTION('',(-0.707106781187,1.735167508357E-18,-0.707106781187
    ));
#9189 = DIRECTION('',(-1.226948711654E-18,-1.,-1.226948711654E-18));
#9190 = ADVANCED_FACE('',(#9191),#9202,.T.);
#9191 = FACE_BOUND('',#9192,.T.);
#9192 = EDGE_LOOP('',(#9193,#9194,#9195,#9196));
#9193 = ORIENTED_EDGE('',*,*,#8576,.F.);
#9194 = ORIENTED_EDGE('',*,*,#8562,.T.);
#9195 = ORIENTED_EDGE('',*,*,#8641,.T.);
#9196 = ORIENTED_EDGE('',*,*,#9197,.F.);
#9197 = EDGE_CURVE('',#8577,#8642,#9198,.T.);
#9198 = LINE('',#9199,#9200);
#9199 = CARTESIAN_POINT('',(2.5,1.59,0.48));
#9200 = VECTOR('',#9201,1.);
#9201 = DIRECTION('',(0.,-1.,0.));
#9202 = PLANE('',#9203);
#9203 = AXIS2_PLACEMENT_3D('',#9204,#9205,#9206);
#9204 = CARTESIAN_POINT('',(2.42,1.59,0.56));
#9205 = DIRECTION('',(0.707106781187,0.,0.707106781187));
#9206 = DIRECTION('',(0.,-1.,0.));
#9207 = ADVANCED_FACE('',(#9208),#9219,.T.);
#9208 = FACE_BOUND('',#9209,.T.);
#9209 = EDGE_LOOP('',(#9210,#9211,#9212,#9218));
#9210 = ORIENTED_EDGE('',*,*,#9197,.T.);
#9211 = ORIENTED_EDGE('',*,*,#8649,.T.);
#9212 = ORIENTED_EDGE('',*,*,#9213,.F.);
#9213 = EDGE_CURVE('',#8586,#8650,#9214,.T.);
#9214 = LINE('',#9215,#9216);
#9215 = CARTESIAN_POINT('',(2.5,1.59,0.16));
#9216 = VECTOR('',#9217,1.);
#9217 = DIRECTION('',(0.,-1.,0.));
#9218 = ORIENTED_EDGE('',*,*,#8593,.F.);
#9219 = PLANE('',#9220);
#9220 = AXIS2_PLACEMENT_3D('',#9221,#9222,#9223);
#9221 = CARTESIAN_POINT('',(2.5,1.59,0.64));
#9222 = DIRECTION('',(1.,0.,0.));
#9223 = DIRECTION('',(0.,0.,-1.));
#9224 = ADVANCED_FACE('',(#9225),#9231,.T.);
#9225 = FACE_BOUND('',#9226,.F.);
#9226 = EDGE_LOOP('',(#9227,#9228,#9229,#9230));
#9227 = ORIENTED_EDGE('',*,*,#8585,.F.);
#9228 = ORIENTED_EDGE('',*,*,#8625,.T.);
#9229 = ORIENTED_EDGE('',*,*,#8657,.F.);
#9230 = ORIENTED_EDGE('',*,*,#9213,.F.);
#9231 = PLANE('',#9232);
#9232 = AXIS2_PLACEMENT_3D('',#9233,#9234,#9235);
#9233 = CARTESIAN_POINT('',(2.42,1.59,8.E-02));
#9234 = DIRECTION('',(0.707106781187,-1.735167508357E-18,-0.707106781187
    ));
#9235 = DIRECTION('',(1.226948711654E-18,1.,-1.226948711654E-18));
#9236 = ADVANCED_FACE('',(#9237),#9243,.F.);
#9237 = FACE_BOUND('',#9238,.F.);
#9238 = EDGE_LOOP('',(#9239,#9240,#9241,#9242));
#9239 = ORIENTED_EDGE('',*,*,#8713,.T.);
#9240 = ORIENTED_EDGE('',*,*,#8680,.F.);
#9241 = ORIENTED_EDGE('',*,*,#8754,.F.);
#9242 = ORIENTED_EDGE('',*,*,#8737,.T.);
#9243 = PLANE('',#9244);
#9244 = AXIS2_PLACEMENT_3D('',#9245,#9246,#9247);
#9245 = CARTESIAN_POINT('',(0.32,-0.95,9.3));
#9246 = DIRECTION('',(-0.,-0.,-1.));
#9247 = DIRECTION('',(-1.,0.,0.));
#9248 = ADVANCED_FACE('',(#9249),#9255,.T.);
#9249 = FACE_BOUND('',#9250,.T.);
#9250 = EDGE_LOOP('',(#9251,#9252,#9253,#9254));
#9251 = ORIENTED_EDGE('',*,*,#8833,.T.);
#9252 = ORIENTED_EDGE('',*,*,#8850,.T.);
#9253 = ORIENTED_EDGE('',*,*,#8776,.F.);
#9254 = ORIENTED_EDGE('',*,*,#8809,.F.);
#9255 = PLANE('',#9256);
#9256 = AXIS2_PLACEMENT_3D('',#9257,#9258,#9259);
#9257 = CARTESIAN_POINT('',(-0.32,-3.49,9.3));
#9258 = DIRECTION('',(0.,0.,1.));
#9259 = DIRECTION('',(1.,0.,-0.));
#9260 = ADVANCED_FACE('',(#9261),#9267,.F.);
#9261 = FACE_BOUND('',#9262,.F.);
#9262 = EDGE_LOOP('',(#9263,#9264,#9265,#9266));
#9263 = ORIENTED_EDGE('',*,*,#8881,.T.);
#9264 = ORIENTED_EDGE('',*,*,#8944,.F.);
#9265 = ORIENTED_EDGE('',*,*,#8929,.F.);
#9266 = ORIENTED_EDGE('',*,*,#8905,.T.);
#9267 = PLANE('',#9268);
#9268 = AXIS2_PLACEMENT_3D('',#9269,#9270,#9271);
#9269 = CARTESIAN_POINT('',(0.32,4.13,9.3));
#9270 = DIRECTION('',(-0.,-0.,-1.));
#9271 = DIRECTION('',(-1.,0.,0.));
#9272 = ADVANCED_FACE('',(#9273),#9279,.T.);
#9273 = FACE_BOUND('',#9274,.T.);
#9274 = EDGE_LOOP('',(#9275,#9276,#9277,#9278));
#9275 = ORIENTED_EDGE('',*,*,#9025,.T.);
#9276 = ORIENTED_EDGE('',*,*,#9042,.T.);
#9277 = ORIENTED_EDGE('',*,*,#8968,.F.);
#9278 = ORIENTED_EDGE('',*,*,#9001,.F.);
#9279 = PLANE('',#9280);
#9280 = AXIS2_PLACEMENT_3D('',#9281,#9282,#9283);
#9281 = CARTESIAN_POINT('',(-0.32,1.59,9.3));
#9282 = DIRECTION('',(0.,0.,1.));
#9283 = DIRECTION('',(1.,0.,-0.));
#9284 = ( GEOMETRIC_REPRESENTATION_CONTEXT(3) 
GLOBAL_UNCERTAINTY_ASSIGNED_CONTEXT((#9288)) 
GLOBAL_UNIT_ASSIGNED_CONTEXT((#9285,#9286,#9287)) REPRESENTATION_CONTEXT
('Context #1','3D Context with UNIT and UNCERTAINTY') );
#9285 = ( LENGTH_UNIT() NAMED_UNIT(*) SI_UNIT(.MILLI.,.METRE.) );
#9286 = ( NAMED_UNIT(*) PLANE_ANGLE_UNIT() SI_UNIT($,.RADIAN.) );
#9287 = ( NAMED_UNIT(*) SI_UNIT($,.STERADIAN.) SOLID_ANGLE_UNIT() );
#9288 = UNCERTAINTY_MEASURE_WITH_UNIT(LENGTH_MEASURE(1.E-07),#9285,
  'distance_accuracy_value','confusion accuracy');
#9289 = CONTEXT_DEPENDENT_SHAPE_REPRESENTATION(#9290,#9292);
#9290 = ( REPRESENTATION_RELATIONSHIP('','',#6099,#6076) 
REPRESENTATION_RELATIONSHIP_WITH_TRANSFORMATION(#9291) 
SHAPE_REPRESENTATION_RELATIONSHIP() );
#9291 = ITEM_DEFINED_TRANSFORMATION('','',#11,#6077);
#9292 = PRODUCT_DEFINITION_SHAPE('Placement','Placement of an item',
  #9293);
#9293 = NEXT_ASSEMBLY_USAGE_OCCURRENCE('17','=>[0:1:1:9]','',#6071,#6094
  ,$);
#9294 = PRODUCT_RELATED_PRODUCT_CATEGORY('part',$,(#6096));
#9295 = CONTEXT_DEPENDENT_SHAPE_REPRESENTATION(#9296,#9298);
#9296 = ( REPRESENTATION_RELATIONSHIP('','',#4298,#10) 
REPRESENTATION_RELATIONSHIP_WITH_TRANSFORMATION(#9297) 
SHAPE_REPRESENTATION_RELATIONSHIP() );
#9297 = ITEM_DEFINED_TRANSFORMATION('','',#11,#71);
#9298 = PRODUCT_DEFINITION_SHAPE('Placement','Placement of an item',
  #9299);
#9299 = NEXT_ASSEMBLY_USAGE_OCCURRENCE('19','R2','',#5,#4293,$);
#9300 = CONTEXT_DEPENDENT_SHAPE_REPRESENTATION(#9301,#9303);
#9301 = ( REPRESENTATION_RELATIONSHIP('','',#4298,#10) 
REPRESENTATION_RELATIONSHIP_WITH_TRANSFORMATION(#9302) 
SHAPE_REPRESENTATION_RELATIONSHIP() );
#9302 = ITEM_DEFINED_TRANSFORMATION('','',#11,#75);
#9303 = PRODUCT_DEFINITION_SHAPE('Placement','Placement of an item',
  #9304);
#9304 = NEXT_ASSEMBLY_USAGE_OCCURRENCE('20','JP22','',#5,#4293,$);
#9305 = CONTEXT_DEPENDENT_SHAPE_REPRESENTATION(#9306,#9308);
#9306 = ( REPRESENTATION_RELATIONSHIP('','',#4298,#10) 
REPRESENTATION_RELATIONSHIP_WITH_TRANSFORMATION(#9307) 
SHAPE_REPRESENTATION_RELATIONSHIP() );
#9307 = ITEM_DEFINED_TRANSFORMATION('','',#11,#79);
#9308 = PRODUCT_DEFINITION_SHAPE('Placement','Placement of an item',
  #9309);
#9309 = NEXT_ASSEMBLY_USAGE_OCCURRENCE('21','JP16','',#5,#4293,$);
#9310 = CONTEXT_DEPENDENT_SHAPE_REPRESENTATION(#9311,#9313);
#9311 = ( REPRESENTATION_RELATIONSHIP('','',#4298,#10) 
REPRESENTATION_RELATIONSHIP_WITH_TRANSFORMATION(#9312) 
SHAPE_REPRESENTATION_RELATIONSHIP() );
#9312 = ITEM_DEFINED_TRANSFORMATION('','',#11,#83);
#9313 = PRODUCT_DEFINITION_SHAPE('Placement','Placement of an item',
  #9314);
#9314 = NEXT_ASSEMBLY_USAGE_OCCURRENCE('22','JP24','',#5,#4293,$);
#9315 = SHAPE_DEFINITION_REPRESENTATION(#9316,#9322);
#9316 = PRODUCT_DEFINITION_SHAPE('','',#9317);
#9317 = PRODUCT_DEFINITION('design','',#9318,#9321);
#9318 = PRODUCT_DEFINITION_FORMATION('','',#9319);
#9319 = PRODUCT('SOIC-14_3.9x8.7mm_P1.27mm','SOIC-14_3.9x8.7mm_P1.27mm',
  '',(#9320));
#9320 = PRODUCT_CONTEXT('',#2,'mechanical');
#9321 = PRODUCT_DEFINITION_CONTEXT('part definition',#2,'design');
#9322 = SHAPE_REPRESENTATION('',(#11,#9323),#9327);
#9323 = AXIS2_PLACEMENT_3D('',#9324,#9325,#9326);
#9324 = CARTESIAN_POINT('',(0.,0.,0.));
#9325 = DIRECTION('',(0.,0.,1.));
#9326 = DIRECTION('',(1.,0.,-0.));
#9327 = ( GEOMETRIC_REPRESENTATION_CONTEXT(3) 
GLOBAL_UNCERTAINTY_ASSIGNED_CONTEXT((#9331)) 
GLOBAL_UNIT_ASSIGNED_CONTEXT((#9328,#9329,#9330)) REPRESENTATION_CONTEXT
('Context #1','3D Context with UNIT and UNCERTAINTY') );
#9328 = ( LENGTH_UNIT() NAMED_UNIT(*) SI_UNIT(.MILLI.,.METRE.) );
#9329 = ( NAMED_UNIT(*) PLANE_ANGLE_UNIT() SI_UNIT($,.RADIAN.) );
#9330 = ( NAMED_UNIT(*) SI_UNIT($,.STERADIAN.) SOLID_ANGLE_UNIT() );
#9331 = UNCERTAINTY_MEASURE_WITH_UNIT(LENGTH_MEASURE(1.E-07),#9328,
  'distance_accuracy_value','confusion accuracy');
#9332 = CONTEXT_DEPENDENT_SHAPE_REPRESENTATION(#9333,#9335);
#9333 = ( REPRESENTATION_RELATIONSHIP('','',#9322,#10) 
REPRESENTATION_RELATIONSHIP_WITH_TRANSFORMATION(#9334) 
SHAPE_REPRESENTATION_RELATIONSHIP() );
#9334 = ITEM_DEFINED_TRANSFORMATION('','',#11,#87);
#9335 = PRODUCT_DEFINITION_SHAPE('Placement','Placement of an item',
  #9336);
#9336 = NEXT_ASSEMBLY_USAGE_OCCURRENCE('24','U1','',#5,#9317,$);
#9337 = PRODUCT_RELATED_PRODUCT_CATEGORY('part',$,(#9319));
#9338 = SHAPE_DEFINITION_REPRESENTATION(#9339,#9345);
#9339 = PRODUCT_DEFINITION_SHAPE('','',#9340);
#9340 = PRODUCT_DEFINITION('design','',#9341,#9344);
#9341 = PRODUCT_DEFINITION_FORMATION('','',#9342);
#9342 = PRODUCT('SOIC-14_3.9x8.7mm_P1.27mm','SOIC-14_3.9x8.7mm_P1.27mm',
  '',(#9343));
#9343 = PRODUCT_CONTEXT('',#2,'mechanical');
#9344 = PRODUCT_DEFINITION_CONTEXT('part definition',#2,'design');
#9345 = ADVANCED_BREP_SHAPE_REPRESENTATION('',(#11,#9346),#16618);
#9346 = MANIFOLD_SOLID_BREP('',#9347);
#9347 = CLOSED_SHELL('',(#9348,#9386,#9449,#9472,#9501,#9524,#9659,#9794
    ,#9817,#9840,#9857,#9880,#9968,#9984,#10014,#10045,#10076,#10107,
    #10138,#10169,#10200,#10231,#10262,#10293,#10324,#10355,#10386,
    #10417,#10434,#10451,#10482,#10513,#10544,#10575,#10606,#10637,
    #10668,#10699,#10730,#10761,#10792,#10823,#10854,#10884,#10907,
    #10930,#10947,#10992,#11126,#11149,#11172,#11195,#11330,#11368,
    #11417,#11509,#11534,#11618,#11640,#11732,#11757,#11841,#11863,
    #11955,#11980,#12064,#12086,#12178,#12203,#12287,#12309,#12401,
    #12426,#12510,#12532,#12624,#12649,#12733,#12750,#12835,#12860,
    #12937,#13022,#13047,#13124,#13141,#13233,#13258,#13342,#13364,
    #13456,#13481,#13565,#13587,#13679,#13704,#13788,#13810,#13902,
    #13927,#14011,#14033,#14125,#14150,#14234,#14256,#14348,#14373,
    #14457,#14474,#14493,#14512,#14531,#14550,#14569,#14588,#14634,
    #14650,#14669,#14688,#14707,#14726,#14745,#14764,#14780,#14797,
    #14809,#14826,#14843,#14860,#14877,#14894,#14911,#14928,#14940,
    #14957,#14974,#14991,#15008,#15025,#15042,#15059,#15071,#15088,
    #15105,#15122,#15139,#15156,#15173,#15190,#15202,#15219,#15236,
    #15253,#15270,#15287,#15304,#15321,#15333,#15350,#15367,#15384,
    #15401,#15418,#15435,#15452,#15464,#15481,#15498,#15515,#15532,
    #15549,#15566,#15583,#15595,#15612,#15629,#15646,#15663,#15680,
    #15697,#15709,#15726,#15743,#15760,#15777,#15794,#15811,#15823,
    #15840,#15857,#15874,#15891,#15908,#15925,#15942,#15954,#15971,
    #15988,#16005,#16022,#16039,#16056,#16073,#16085,#16102,#16119,
    #16136,#16153,#16170,#16187,#16204,#16216,#16233,#16250,#16267,
    #16284,#16301,#16318,#16335,#16347,#16364,#16381,#16398,#16415,
    #16432,#16449,#16466,#16478,#16495,#16512,#16529,#16546,#16563,
    #16580,#16597,#16609));
#9348 = ADVANCED_FACE('',(#9349),#9381,.F.);
#9349 = FACE_BOUND('',#9350,.F.);
#9350 = EDGE_LOOP('',(#9351,#9361,#9368,#9376));
#9351 = ORIENTED_EDGE('',*,*,#9352,.T.);
#9352 = EDGE_CURVE('',#9353,#9355,#9357,.T.);
#9353 = VERTEX_POINT('',#9354);
#9354 = CARTESIAN_POINT('',(-1.717585640382,4.235171280765,0.1));
#9355 = VERTEX_POINT('',#9356);
#9356 = CARTESIAN_POINT('',(1.717585640382,4.235171280765,0.1));
#9357 = LINE('',#9358,#9359);
#9358 = CARTESIAN_POINT('',(-1.717585640382,4.235171280765,0.1));
#9359 = VECTOR('',#9360,1.);
#9360 = DIRECTION('',(1.,1.110223024625E-16,0.));
#9361 = ORIENTED_EDGE('',*,*,#9362,.T.);
#9362 = EDGE_CURVE('',#9355,#9363,#9365,.T.);
#9363 = VERTEX_POINT('',#9364);
#9364 = CARTESIAN_POINT('',(1.775,4.35,0.825));
#9365 = B_SPLINE_CURVE_WITH_KNOTS('',1,(#9366,#9367),.UNSPECIFIED.,.F.,
  .F.,(2,2),(0.,1.),.PIECEWISE_BEZIER_KNOTS.);
#9366 = CARTESIAN_POINT('',(1.717585640382,4.235171280765,0.1));
#9367 = CARTESIAN_POINT('',(1.775,4.35,0.825));
#9368 = ORIENTED_EDGE('',*,*,#9369,.F.);
#9369 = EDGE_CURVE('',#9370,#9363,#9372,.T.);
#9370 = VERTEX_POINT('',#9371);
#9371 = CARTESIAN_POINT('',(-1.775,4.35,0.825));
#9372 = LINE('',#9373,#9374);
#9373 = CARTESIAN_POINT('',(-1.775,4.35,0.825));
#9374 = VECTOR('',#9375,1.);
#9375 = DIRECTION('',(1.,1.110223024625E-16,0.));
#9376 = ORIENTED_EDGE('',*,*,#9377,.F.);
#9377 = EDGE_CURVE('',#9353,#9370,#9378,.T.);
#9378 = B_SPLINE_CURVE_WITH_KNOTS('',1,(#9379,#9380),.UNSPECIFIED.,.F.,
  .F.,(2,2),(0.,1.),.PIECEWISE_BEZIER_KNOTS.);
#9379 = CARTESIAN_POINT('',(-1.717585640382,4.235171280765,0.1));
#9380 = CARTESIAN_POINT('',(-1.775,4.35,0.825));
#9381 = B_SPLINE_SURFACE_WITH_KNOTS('',1,1,(
    (#9382,#9383)
    ,(#9384,#9385
    )),.UNSPECIFIED.,.F.,.F.,.F.,(2,2),(2,2),(0.,3.55),(0.,1.),
  .PIECEWISE_BEZIER_KNOTS.);
#9382 = CARTESIAN_POINT('',(-1.717585640382,4.235171280765,0.1));
#9383 = CARTESIAN_POINT('',(-1.775,4.35,0.825));
#9384 = CARTESIAN_POINT('',(1.717585640382,4.235171280765,0.1));
#9385 = CARTESIAN_POINT('',(1.775,4.35,0.825));
#9386 = ADVANCED_FACE('',(#9387),#9444,.F.);
#9387 = FACE_BOUND('',#9388,.T.);
#9388 = EDGE_LOOP('',(#9389,#9390,#9398,#9406,#9414,#9422,#9430,#9438));
#9389 = ORIENTED_EDGE('',*,*,#9352,.T.);
#9390 = ORIENTED_EDGE('',*,*,#9391,.T.);
#9391 = EDGE_CURVE('',#9355,#9392,#9394,.T.);
#9392 = VERTEX_POINT('',#9393);
#9393 = CARTESIAN_POINT('',(1.835171280765,4.117585640382,0.1));
#9394 = LINE('',#9395,#9396);
#9395 = CARTESIAN_POINT('',(1.717585640382,4.235171280765,0.1));
#9396 = VECTOR('',#9397,1.);
#9397 = DIRECTION('',(0.707106781187,-0.707106781187,0.));
#9398 = ORIENTED_EDGE('',*,*,#9399,.T.);
#9399 = EDGE_CURVE('',#9392,#9400,#9402,.T.);
#9400 = VERTEX_POINT('',#9401);
#9401 = CARTESIAN_POINT('',(1.835171280765,-4.117585640382,0.1));
#9402 = LINE('',#9403,#9404);
#9403 = CARTESIAN_POINT('',(1.835171280765,4.117585640382,0.1));
#9404 = VECTOR('',#9405,1.);
#9405 = DIRECTION('',(1.110223024625E-16,-1.,0.));
#9406 = ORIENTED_EDGE('',*,*,#9407,.T.);
#9407 = EDGE_CURVE('',#9400,#9408,#9410,.T.);
#9408 = VERTEX_POINT('',#9409);
#9409 = CARTESIAN_POINT('',(1.717585640382,-4.235171280765,0.1));
#9410 = LINE('',#9411,#9412);
#9411 = CARTESIAN_POINT('',(1.835171280765,-4.117585640382,0.1));
#9412 = VECTOR('',#9413,1.);
#9413 = DIRECTION('',(-0.707106781187,-0.707106781187,0.));
#9414 = ORIENTED_EDGE('',*,*,#9415,.T.);
#9415 = EDGE_CURVE('',#9408,#9416,#9418,.T.);
#9416 = VERTEX_POINT('',#9417);
#9417 = CARTESIAN_POINT('',(-1.717585640382,-4.235171280765,0.1));
#9418 = LINE('',#9419,#9420);
#9419 = CARTESIAN_POINT('',(1.717585640382,-4.235171280765,0.1));
#9420 = VECTOR('',#9421,1.);
#9421 = DIRECTION('',(-1.,-1.110223024625E-16,0.));
#9422 = ORIENTED_EDGE('',*,*,#9423,.T.);
#9423 = EDGE_CURVE('',#9416,#9424,#9426,.T.);
#9424 = VERTEX_POINT('',#9425);
#9425 = CARTESIAN_POINT('',(-1.835171280765,-4.117585640382,0.1));
#9426 = LINE('',#9427,#9428);
#9427 = CARTESIAN_POINT('',(-1.717585640382,-4.235171280765,0.1));
#9428 = VECTOR('',#9429,1.);
#9429 = DIRECTION('',(-0.707106781187,0.707106781187,0.));
#9430 = ORIENTED_EDGE('',*,*,#9431,.T.);
#9431 = EDGE_CURVE('',#9424,#9432,#9434,.T.);
#9432 = VERTEX_POINT('',#9433);
#9433 = CARTESIAN_POINT('',(-1.835171280765,4.117585640382,0.1));
#9434 = LINE('',#9435,#9436);
#9435 = CARTESIAN_POINT('',(-1.835171280765,-4.117585640382,0.1));
#9436 = VECTOR('',#9437,1.);
#9437 = DIRECTION('',(-1.110223024625E-16,1.,0.));
#9438 = ORIENTED_EDGE('',*,*,#9439,.T.);
#9439 = EDGE_CURVE('',#9432,#9353,#9440,.T.);
#9440 = LINE('',#9441,#9442);
#9441 = CARTESIAN_POINT('',(-1.835171280765,4.117585640382,0.1));
#9442 = VECTOR('',#9443,1.);
#9443 = DIRECTION('',(0.707106781187,0.707106781187,0.));
#9444 = PLANE('',#9445);
#9445 = AXIS2_PLACEMENT_3D('',#9446,#9447,#9448);
#9446 = CARTESIAN_POINT('',(-1.717585640382,4.235171280765,0.1));
#9447 = DIRECTION('',(0.,0.,1.));
#9448 = DIRECTION('',(0.375822427863,-0.92669169777,0.));
#9449 = ADVANCED_FACE('',(#9450),#9467,.F.);
#9450 = FACE_BOUND('',#9451,.F.);
#9451 = EDGE_LOOP('',(#9452,#9453,#9460,#9466));
#9452 = ORIENTED_EDGE('',*,*,#9391,.T.);
#9453 = ORIENTED_EDGE('',*,*,#9454,.T.);
#9454 = EDGE_CURVE('',#9392,#9455,#9457,.T.);
#9455 = VERTEX_POINT('',#9456);
#9456 = CARTESIAN_POINT('',(1.95,4.175,0.825));
#9457 = B_SPLINE_CURVE_WITH_KNOTS('',1,(#9458,#9459),.UNSPECIFIED.,.F.,
  .F.,(2,2),(0.,1.),.PIECEWISE_BEZIER_KNOTS.);
#9458 = CARTESIAN_POINT('',(1.835171280765,4.117585640382,0.1));
#9459 = CARTESIAN_POINT('',(1.95,4.175,0.825));
#9460 = ORIENTED_EDGE('',*,*,#9461,.F.);
#9461 = EDGE_CURVE('',#9363,#9455,#9462,.T.);
#9462 = LINE('',#9463,#9464);
#9463 = CARTESIAN_POINT('',(1.775,4.35,0.825));
#9464 = VECTOR('',#9465,1.);
#9465 = DIRECTION('',(0.707106781187,-0.707106781187,0.));
#9466 = ORIENTED_EDGE('',*,*,#9362,.F.);
#9467 = B_SPLINE_SURFACE_WITH_KNOTS('',1,1,(
    (#9468,#9469)
    ,(#9470,#9471
    )),.UNSPECIFIED.,.F.,.F.,.F.,(2,2),(2,2),(0.,0.247487373415),(0.,1.)
  ,.PIECEWISE_BEZIER_KNOTS.);
#9468 = CARTESIAN_POINT('',(1.717585640382,4.235171280765,0.1));
#9469 = CARTESIAN_POINT('',(1.775,4.35,0.825));
#9470 = CARTESIAN_POINT('',(1.835171280765,4.117585640382,0.1));
#9471 = CARTESIAN_POINT('',(1.95,4.175,0.825));
#9472 = ADVANCED_FACE('',(#9473),#9496,.F.);
#9473 = FACE_BOUND('',#9474,.F.);
#9474 = EDGE_LOOP('',(#9475,#9476,#9483,#9491));
#9475 = ORIENTED_EDGE('',*,*,#9369,.T.);
#9476 = ORIENTED_EDGE('',*,*,#9477,.T.);
#9477 = EDGE_CURVE('',#9363,#9478,#9480,.T.);
#9478 = VERTEX_POINT('',#9479);
#9479 = CARTESIAN_POINT('',(1.775,4.35,1.025));
#9480 = B_SPLINE_CURVE_WITH_KNOTS('',1,(#9481,#9482),.UNSPECIFIED.,.F.,
  .F.,(2,2),(0.,1.),.PIECEWISE_BEZIER_KNOTS.);
#9481 = CARTESIAN_POINT('',(1.775,4.35,0.825));
#9482 = CARTESIAN_POINT('',(1.775,4.35,1.025));
#9483 = ORIENTED_EDGE('',*,*,#9484,.F.);
#9484 = EDGE_CURVE('',#9485,#9478,#9487,.T.);
#9485 = VERTEX_POINT('',#9486);
#9486 = CARTESIAN_POINT('',(-1.775,4.35,1.025));
#9487 = LINE('',#9488,#9489);
#9488 = CARTESIAN_POINT('',(-1.775,4.35,1.025));
#9489 = VECTOR('',#9490,1.);
#9490 = DIRECTION('',(1.,1.110223024625E-16,0.));
#9491 = ORIENTED_EDGE('',*,*,#9492,.F.);
#9492 = EDGE_CURVE('',#9370,#9485,#9493,.T.);
#9493 = B_SPLINE_CURVE_WITH_KNOTS('',1,(#9494,#9495),.UNSPECIFIED.,.F.,
  .F.,(2,2),(0.,1.),.PIECEWISE_BEZIER_KNOTS.);
#9494 = CARTESIAN_POINT('',(-1.775,4.35,0.825));
#9495 = CARTESIAN_POINT('',(-1.775,4.35,1.025));
#9496 = PLANE('',#9497);
#9497 = AXIS2_PLACEMENT_3D('',#9498,#9499,#9500);
#9498 = CARTESIAN_POINT('',(-1.775,4.35,1.025));
#9499 = DIRECTION('',(1.110223024625E-16,-1.,0.));
#9500 = DIRECTION('',(1.,1.110223024625E-16,0.));
#9501 = ADVANCED_FACE('',(#9502),#9519,.F.);
#9502 = FACE_BOUND('',#9503,.F.);
#9503 = EDGE_LOOP('',(#9504,#9505,#9506,#9514));
#9504 = ORIENTED_EDGE('',*,*,#9439,.T.);
#9505 = ORIENTED_EDGE('',*,*,#9377,.T.);
#9506 = ORIENTED_EDGE('',*,*,#9507,.F.);
#9507 = EDGE_CURVE('',#9508,#9370,#9510,.T.);
#9508 = VERTEX_POINT('',#9509);
#9509 = CARTESIAN_POINT('',(-1.95,4.175,0.825));
#9510 = LINE('',#9511,#9512);
#9511 = CARTESIAN_POINT('',(-1.95,4.175,0.825));
#9512 = VECTOR('',#9513,1.);
#9513 = DIRECTION('',(0.707106781187,0.707106781187,0.));
#9514 = ORIENTED_EDGE('',*,*,#9515,.F.);
#9515 = EDGE_CURVE('',#9432,#9508,#9516,.T.);
#9516 = B_SPLINE_CURVE_WITH_KNOTS('',1,(#9517,#9518),.UNSPECIFIED.,.F.,
  .F.,(2,2),(0.,1.),.PIECEWISE_BEZIER_KNOTS.);
#9517 = CARTESIAN_POINT('',(-1.835171280765,4.117585640382,0.1));
#9518 = CARTESIAN_POINT('',(-1.95,4.175,0.825));
#9519 = B_SPLINE_SURFACE_WITH_KNOTS('',1,1,(
    (#9520,#9521)
    ,(#9522,#9523
    )),.UNSPECIFIED.,.F.,.F.,.F.,(2,2),(2,2),(0.,0.247487373415),(0.,1.)
  ,.PIECEWISE_BEZIER_KNOTS.);
#9520 = CARTESIAN_POINT('',(-1.835171280765,4.117585640382,0.1));
#9521 = CARTESIAN_POINT('',(-1.95,4.175,0.825));
#9522 = CARTESIAN_POINT('',(-1.717585640382,4.235171280765,0.1));
#9523 = CARTESIAN_POINT('',(-1.775,4.35,0.825));
#9524 = ADVANCED_FACE('',(#9525),#9654,.F.);
#9525 = FACE_BOUND('',#9526,.F.);
#9526 = EDGE_LOOP('',(#9527,#9528,#9529,#9537,#9545,#9553,#9561,#9569,
    #9577,#9585,#9593,#9601,#9609,#9617,#9625,#9633,#9641,#9649));
#9527 = ORIENTED_EDGE('',*,*,#9431,.T.);
#9528 = ORIENTED_EDGE('',*,*,#9515,.T.);
#9529 = ORIENTED_EDGE('',*,*,#9530,.F.);
#9530 = EDGE_CURVE('',#9531,#9508,#9533,.T.);
#9531 = VERTEX_POINT('',#9532);
#9532 = CARTESIAN_POINT('',(-1.95,4.015,0.825));
#9533 = LINE('',#9534,#9535);
#9534 = CARTESIAN_POINT('',(-1.95,-4.175,0.825));
#9535 = VECTOR('',#9536,1.);
#9536 = DIRECTION('',(-1.110223024625E-16,1.,0.));
#9537 = ORIENTED_EDGE('',*,*,#9538,.F.);
#9538 = EDGE_CURVE('',#9539,#9531,#9541,.T.);
#9539 = VERTEX_POINT('',#9540);
#9540 = CARTESIAN_POINT('',(-1.95,3.605,0.825));
#9541 = LINE('',#9542,#9543);
#9542 = CARTESIAN_POINT('',(-1.95,-4.175,0.825));
#9543 = VECTOR('',#9544,1.);
#9544 = DIRECTION('',(-1.110223024625E-16,1.,0.));
#9545 = ORIENTED_EDGE('',*,*,#9546,.F.);
#9546 = EDGE_CURVE('',#9547,#9539,#9549,.T.);
#9547 = VERTEX_POINT('',#9548);
#9548 = CARTESIAN_POINT('',(-1.95,2.745,0.825));
#9549 = LINE('',#9550,#9551);
#9550 = CARTESIAN_POINT('',(-1.95,-4.175,0.825));
#9551 = VECTOR('',#9552,1.);
#9552 = DIRECTION('',(-1.110223024625E-16,1.,0.));
#9553 = ORIENTED_EDGE('',*,*,#9554,.F.);
#9554 = EDGE_CURVE('',#9555,#9547,#9557,.T.);
#9555 = VERTEX_POINT('',#9556);
#9556 = CARTESIAN_POINT('',(-1.95,2.335,0.825));
#9557 = LINE('',#9558,#9559);
#9558 = CARTESIAN_POINT('',(-1.95,-4.175,0.825));
#9559 = VECTOR('',#9560,1.);
#9560 = DIRECTION('',(-1.110223024625E-16,1.,0.));
#9561 = ORIENTED_EDGE('',*,*,#9562,.F.);
#9562 = EDGE_CURVE('',#9563,#9555,#9565,.T.);
#9563 = VERTEX_POINT('',#9564);
#9564 = CARTESIAN_POINT('',(-1.95,1.475,0.825));
#9565 = LINE('',#9566,#9567);
#9566 = CARTESIAN_POINT('',(-1.95,-4.175,0.825));
#9567 = VECTOR('',#9568,1.);
#9568 = DIRECTION('',(-1.110223024625E-16,1.,0.));
#9569 = ORIENTED_EDGE('',*,*,#9570,.F.);
#9570 = EDGE_CURVE('',#9571,#9563,#9573,.T.);
#9571 = VERTEX_POINT('',#9572);
#9572 = CARTESIAN_POINT('',(-1.95,1.065,0.825));
#9573 = LINE('',#9574,#9575);
#9574 = CARTESIAN_POINT('',(-1.95,-4.175,0.825));
#9575 = VECTOR('',#9576,1.);
#9576 = DIRECTION('',(-1.110223024625E-16,1.,0.));
#9577 = ORIENTED_EDGE('',*,*,#9578,.F.);
#9578 = EDGE_CURVE('',#9579,#9571,#9581,.T.);
#9579 = VERTEX_POINT('',#9580);
#9580 = CARTESIAN_POINT('',(-1.95,0.205,0.825));
#9581 = LINE('',#9582,#9583);
#9582 = CARTESIAN_POINT('',(-1.95,-4.175,0.825));
#9583 = VECTOR('',#9584,1.);
#9584 = DIRECTION('',(-1.110223024625E-16,1.,0.));
#9585 = ORIENTED_EDGE('',*,*,#9586,.F.);
#9586 = EDGE_CURVE('',#9587,#9579,#9589,.T.);
#9587 = VERTEX_POINT('',#9588);
#9588 = CARTESIAN_POINT('',(-1.95,-0.205,0.825));
#9589 = LINE('',#9590,#9591);
#9590 = CARTESIAN_POINT('',(-1.95,-4.175,0.825));
#9591 = VECTOR('',#9592,1.);
#9592 = DIRECTION('',(-1.110223024625E-16,1.,0.));
#9593 = ORIENTED_EDGE('',*,*,#9594,.F.);
#9594 = EDGE_CURVE('',#9595,#9587,#9597,.T.);
#9595 = VERTEX_POINT('',#9596);
#9596 = CARTESIAN_POINT('',(-1.95,-1.065,0.825));
#9597 = LINE('',#9598,#9599);
#9598 = CARTESIAN_POINT('',(-1.95,-4.175,0.825));
#9599 = VECTOR('',#9600,1.);
#9600 = DIRECTION('',(-1.110223024625E-16,1.,0.));
#9601 = ORIENTED_EDGE('',*,*,#9602,.F.);
#9602 = EDGE_CURVE('',#9603,#9595,#9605,.T.);
#9603 = VERTEX_POINT('',#9604);
#9604 = CARTESIAN_POINT('',(-1.95,-1.475,0.825));
#9605 = LINE('',#9606,#9607);
#9606 = CARTESIAN_POINT('',(-1.95,-4.175,0.825));
#9607 = VECTOR('',#9608,1.);
#9608 = DIRECTION('',(-1.110223024625E-16,1.,0.));
#9609 = ORIENTED_EDGE('',*,*,#9610,.F.);
#9610 = EDGE_CURVE('',#9611,#9603,#9613,.T.);
#9611 = VERTEX_POINT('',#9612);
#9612 = CARTESIAN_POINT('',(-1.95,-2.335,0.825));
#9613 = LINE('',#9614,#9615);
#9614 = CARTESIAN_POINT('',(-1.95,-4.175,0.825));
#9615 = VECTOR('',#9616,1.);
#9616 = DIRECTION('',(-1.110223024625E-16,1.,0.));
#9617 = ORIENTED_EDGE('',*,*,#9618,.F.);
#9618 = EDGE_CURVE('',#9619,#9611,#9621,.T.);
#9619 = VERTEX_POINT('',#9620);
#9620 = CARTESIAN_POINT('',(-1.95,-2.745,0.825));
#9621 = LINE('',#9622,#9623);
#9622 = CARTESIAN_POINT('',(-1.95,-4.175,0.825));
#9623 = VECTOR('',#9624,1.);
#9624 = DIRECTION('',(-1.110223024625E-16,1.,0.));
#9625 = ORIENTED_EDGE('',*,*,#9626,.F.);
#9626 = EDGE_CURVE('',#9627,#9619,#9629,.T.);
#9627 = VERTEX_POINT('',#9628);
#9628 = CARTESIAN_POINT('',(-1.95,-3.605,0.825));
#9629 = LINE('',#9630,#9631);
#9630 = CARTESIAN_POINT('',(-1.95,-4.175,0.825));
#9631 = VECTOR('',#9632,1.);
#9632 = DIRECTION('',(-1.110223024625E-16,1.,0.));
#9633 = ORIENTED_EDGE('',*,*,#9634,.F.);
#9634 = EDGE_CURVE('',#9635,#9627,#9637,.T.);
#9635 = VERTEX_POINT('',#9636);
#9636 = CARTESIAN_POINT('',(-1.95,-4.015,0.825));
#9637 = LINE('',#9638,#9639);
#9638 = CARTESIAN_POINT('',(-1.95,-4.175,0.825));
#9639 = VECTOR('',#9640,1.);
#9640 = DIRECTION('',(-1.110223024625E-16,1.,0.));
#9641 = ORIENTED_EDGE('',*,*,#9642,.F.);
#9642 = EDGE_CURVE('',#9643,#9635,#9645,.T.);
#9643 = VERTEX_POINT('',#9644);
#9644 = CARTESIAN_POINT('',(-1.95,-4.175,0.825));
#9645 = LINE('',#9646,#9647);
#9646 = CARTESIAN_POINT('',(-1.95,-4.175,0.825));
#9647 = VECTOR('',#9648,1.);
#9648 = DIRECTION('',(-1.110223024625E-16,1.,0.));
#9649 = ORIENTED_EDGE('',*,*,#9650,.F.);
#9650 = EDGE_CURVE('',#9424,#9643,#9651,.T.);
#9651 = B_SPLINE_CURVE_WITH_KNOTS('',1,(#9652,#9653),.UNSPECIFIED.,.F.,
  .F.,(2,2),(0.,1.),.PIECEWISE_BEZIER_KNOTS.);
#9652 = CARTESIAN_POINT('',(-1.835171280765,-4.117585640382,0.1));
#9653 = CARTESIAN_POINT('',(-1.95,-4.175,0.825));
#9654 = B_SPLINE_SURFACE_WITH_KNOTS('',1,1,(
    (#9655,#9656)
    ,(#9657,#9658
    )),.UNSPECIFIED.,.F.,.F.,.F.,(2,2),(2,2),(0.,8.35),(0.,1.),
  .PIECEWISE_BEZIER_KNOTS.);
#9655 = CARTESIAN_POINT('',(-1.835171280765,-4.117585640382,0.1));
#9656 = CARTESIAN_POINT('',(-1.95,-4.175,0.825));
#9657 = CARTESIAN_POINT('',(-1.835171280765,4.117585640382,0.1));
#9658 = CARTESIAN_POINT('',(-1.95,4.175,0.825));
#9659 = ADVANCED_FACE('',(#9660),#9789,.F.);
#9660 = FACE_BOUND('',#9661,.F.);
#9661 = EDGE_LOOP('',(#9662,#9663,#9670,#9678,#9686,#9694,#9702,#9710,
    #9718,#9726,#9734,#9742,#9750,#9758,#9766,#9774,#9782,#9788));
#9662 = ORIENTED_EDGE('',*,*,#9399,.T.);
#9663 = ORIENTED_EDGE('',*,*,#9664,.T.);
#9664 = EDGE_CURVE('',#9400,#9665,#9667,.T.);
#9665 = VERTEX_POINT('',#9666);
#9666 = CARTESIAN_POINT('',(1.95,-4.175,0.825));
#9667 = B_SPLINE_CURVE_WITH_KNOTS('',1,(#9668,#9669),.UNSPECIFIED.,.F.,
  .F.,(2,2),(0.,1.),.PIECEWISE_BEZIER_KNOTS.);
#9668 = CARTESIAN_POINT('',(1.835171280765,-4.117585640382,0.1));
#9669 = CARTESIAN_POINT('',(1.95,-4.175,0.825));
#9670 = ORIENTED_EDGE('',*,*,#9671,.F.);
#9671 = EDGE_CURVE('',#9672,#9665,#9674,.T.);
#9672 = VERTEX_POINT('',#9673);
#9673 = CARTESIAN_POINT('',(1.95,-4.015,0.825));
#9674 = LINE('',#9675,#9676);
#9675 = CARTESIAN_POINT('',(1.95,4.175,0.825));
#9676 = VECTOR('',#9677,1.);
#9677 = DIRECTION('',(1.110223024625E-16,-1.,0.));
#9678 = ORIENTED_EDGE('',*,*,#9679,.F.);
#9679 = EDGE_CURVE('',#9680,#9672,#9682,.T.);
#9680 = VERTEX_POINT('',#9681);
#9681 = CARTESIAN_POINT('',(1.95,-3.605,0.825));
#9682 = LINE('',#9683,#9684);
#9683 = CARTESIAN_POINT('',(1.95,4.175,0.825));
#9684 = VECTOR('',#9685,1.);
#9685 = DIRECTION('',(1.110223024625E-16,-1.,0.));
#9686 = ORIENTED_EDGE('',*,*,#9687,.F.);
#9687 = EDGE_CURVE('',#9688,#9680,#9690,.T.);
#9688 = VERTEX_POINT('',#9689);
#9689 = CARTESIAN_POINT('',(1.95,-2.745,0.825));
#9690 = LINE('',#9691,#9692);
#9691 = CARTESIAN_POINT('',(1.95,4.175,0.825));
#9692 = VECTOR('',#9693,1.);
#9693 = DIRECTION('',(1.110223024625E-16,-1.,0.));
#9694 = ORIENTED_EDGE('',*,*,#9695,.F.);
#9695 = EDGE_CURVE('',#9696,#9688,#9698,.T.);
#9696 = VERTEX_POINT('',#9697);
#9697 = CARTESIAN_POINT('',(1.95,-2.335,0.825));
#9698 = LINE('',#9699,#9700);
#9699 = CARTESIAN_POINT('',(1.95,4.175,0.825));
#9700 = VECTOR('',#9701,1.);
#9701 = DIRECTION('',(1.110223024625E-16,-1.,0.));
#9702 = ORIENTED_EDGE('',*,*,#9703,.F.);
#9703 = EDGE_CURVE('',#9704,#9696,#9706,.T.);
#9704 = VERTEX_POINT('',#9705);
#9705 = CARTESIAN_POINT('',(1.95,-1.475,0.825));
#9706 = LINE('',#9707,#9708);
#9707 = CARTESIAN_POINT('',(1.95,4.175,0.825));
#9708 = VECTOR('',#9709,1.);
#9709 = DIRECTION('',(1.110223024625E-16,-1.,0.));
#9710 = ORIENTED_EDGE('',*,*,#9711,.F.);
#9711 = EDGE_CURVE('',#9712,#9704,#9714,.T.);
#9712 = VERTEX_POINT('',#9713);
#9713 = CARTESIAN_POINT('',(1.95,-1.065,0.825));
#9714 = LINE('',#9715,#9716);
#9715 = CARTESIAN_POINT('',(1.95,4.175,0.825));
#9716 = VECTOR('',#9717,1.);
#9717 = DIRECTION('',(1.110223024625E-16,-1.,0.));
#9718 = ORIENTED_EDGE('',*,*,#9719,.F.);
#9719 = EDGE_CURVE('',#9720,#9712,#9722,.T.);
#9720 = VERTEX_POINT('',#9721);
#9721 = CARTESIAN_POINT('',(1.95,-0.205,0.825));
#9722 = LINE('',#9723,#9724);
#9723 = CARTESIAN_POINT('',(1.95,4.175,0.825));
#9724 = VECTOR('',#9725,1.);
#9725 = DIRECTION('',(1.110223024625E-16,-1.,0.));
#9726 = ORIENTED_EDGE('',*,*,#9727,.F.);
#9727 = EDGE_CURVE('',#9728,#9720,#9730,.T.);
#9728 = VERTEX_POINT('',#9729);
#9729 = CARTESIAN_POINT('',(1.95,0.205,0.825));
#9730 = LINE('',#9731,#9732);
#9731 = CARTESIAN_POINT('',(1.95,4.175,0.825));
#9732 = VECTOR('',#9733,1.);
#9733 = DIRECTION('',(1.110223024625E-16,-1.,0.));
#9734 = ORIENTED_EDGE('',*,*,#9735,.F.);
#9735 = EDGE_CURVE('',#9736,#9728,#9738,.T.);
#9736 = VERTEX_POINT('',#9737);
#9737 = CARTESIAN_POINT('',(1.95,1.065,0.825));
#9738 = LINE('',#9739,#9740);
#9739 = CARTESIAN_POINT('',(1.95,4.175,0.825));
#9740 = VECTOR('',#9741,1.);
#9741 = DIRECTION('',(1.110223024625E-16,-1.,0.));
#9742 = ORIENTED_EDGE('',*,*,#9743,.F.);
#9743 = EDGE_CURVE('',#9744,#9736,#9746,.T.);
#9744 = VERTEX_POINT('',#9745);
#9745 = CARTESIAN_POINT('',(1.95,1.475,0.825));
#9746 = LINE('',#9747,#9748);
#9747 = CARTESIAN_POINT('',(1.95,4.175,0.825));
#9748 = VECTOR('',#9749,1.);
#9749 = DIRECTION('',(1.110223024625E-16,-1.,0.));
#9750 = ORIENTED_EDGE('',*,*,#9751,.F.);
#9751 = EDGE_CURVE('',#9752,#9744,#9754,.T.);
#9752 = VERTEX_POINT('',#9753);
#9753 = CARTESIAN_POINT('',(1.95,2.335,0.825));
#9754 = LINE('',#9755,#9756);
#9755 = CARTESIAN_POINT('',(1.95,4.175,0.825));
#9756 = VECTOR('',#9757,1.);
#9757 = DIRECTION('',(1.110223024625E-16,-1.,0.));
#9758 = ORIENTED_EDGE('',*,*,#9759,.F.);
#9759 = EDGE_CURVE('',#9760,#9752,#9762,.T.);
#9760 = VERTEX_POINT('',#9761);
#9761 = CARTESIAN_POINT('',(1.95,2.745,0.825));
#9762 = LINE('',#9763,#9764);
#9763 = CARTESIAN_POINT('',(1.95,4.175,0.825));
#9764 = VECTOR('',#9765,1.);
#9765 = DIRECTION('',(1.110223024625E-16,-1.,0.));
#9766 = ORIENTED_EDGE('',*,*,#9767,.F.);
#9767 = EDGE_CURVE('',#9768,#9760,#9770,.T.);
#9768 = VERTEX_POINT('',#9769);
#9769 = CARTESIAN_POINT('',(1.95,3.605,0.825));
#9770 = LINE('',#9771,#9772);
#9771 = CARTESIAN_POINT('',(1.95,4.175,0.825));
#9772 = VECTOR('',#9773,1.);
#9773 = DIRECTION('',(1.110223024625E-16,-1.,0.));
#9774 = ORIENTED_EDGE('',*,*,#9775,.F.);
#9775 = EDGE_CURVE('',#9776,#9768,#9778,.T.);
#9776 = VERTEX_POINT('',#9777);
#9777 = CARTESIAN_POINT('',(1.95,4.015,0.825));
#9778 = LINE('',#9779,#9780);
#9779 = CARTESIAN_POINT('',(1.95,4.175,0.825));
#9780 = VECTOR('',#9781,1.);
#9781 = DIRECTION('',(1.110223024625E-16,-1.,0.));
#9782 = ORIENTED_EDGE('',*,*,#9783,.F.);
#9783 = EDGE_CURVE('',#9455,#9776,#9784,.T.);
#9784 = LINE('',#9785,#9786);
#9785 = CARTESIAN_POINT('',(1.95,4.175,0.825));
#9786 = VECTOR('',#9787,1.);
#9787 = DIRECTION('',(1.110223024625E-16,-1.,0.));
#9788 = ORIENTED_EDGE('',*,*,#9454,.F.);
#9789 = B_SPLINE_SURFACE_WITH_KNOTS('',1,1,(
    (#9790,#9791)
    ,(#9792,#9793
    )),.UNSPECIFIED.,.F.,.F.,.F.,(2,2),(2,2),(0.,8.35),(0.,1.),
  .PIECEWISE_BEZIER_KNOTS.);
#9790 = CARTESIAN_POINT('',(1.835171280765,4.117585640382,0.1));
#9791 = CARTESIAN_POINT('',(1.95,4.175,0.825));
#9792 = CARTESIAN_POINT('',(1.835171280765,-4.117585640382,0.1));
#9793 = CARTESIAN_POINT('',(1.95,-4.175,0.825));
#9794 = ADVANCED_FACE('',(#9795),#9812,.F.);
#9795 = FACE_BOUND('',#9796,.F.);
#9796 = EDGE_LOOP('',(#9797,#9798,#9799,#9807));
#9797 = ORIENTED_EDGE('',*,*,#9423,.T.);
#9798 = ORIENTED_EDGE('',*,*,#9650,.T.);
#9799 = ORIENTED_EDGE('',*,*,#9800,.F.);
#9800 = EDGE_CURVE('',#9801,#9643,#9803,.T.);
#9801 = VERTEX_POINT('',#9802);
#9802 = CARTESIAN_POINT('',(-1.775,-4.35,0.825));
#9803 = LINE('',#9804,#9805);
#9804 = CARTESIAN_POINT('',(-1.775,-4.35,0.825));
#9805 = VECTOR('',#9806,1.);
#9806 = DIRECTION('',(-0.707106781187,0.707106781187,0.));
#9807 = ORIENTED_EDGE('',*,*,#9808,.F.);
#9808 = EDGE_CURVE('',#9416,#9801,#9809,.T.);
#9809 = B_SPLINE_CURVE_WITH_KNOTS('',1,(#9810,#9811),.UNSPECIFIED.,.F.,
  .F.,(2,2),(0.,1.),.PIECEWISE_BEZIER_KNOTS.);
#9810 = CARTESIAN_POINT('',(-1.717585640382,-4.235171280765,0.1));
#9811 = CARTESIAN_POINT('',(-1.775,-4.35,0.825));
#9812 = B_SPLINE_SURFACE_WITH_KNOTS('',1,1,(
    (#9813,#9814)
    ,(#9815,#9816
    )),.UNSPECIFIED.,.F.,.F.,.F.,(2,2),(2,2),(0.,0.247487373415),(0.,1.)
  ,.PIECEWISE_BEZIER_KNOTS.);
#9813 = CARTESIAN_POINT('',(-1.717585640382,-4.235171280765,0.1));
#9814 = CARTESIAN_POINT('',(-1.775,-4.35,0.825));
#9815 = CARTESIAN_POINT('',(-1.835171280765,-4.117585640382,0.1));
#9816 = CARTESIAN_POINT('',(-1.95,-4.175,0.825));
#9817 = ADVANCED_FACE('',(#9818),#9835,.F.);
#9818 = FACE_BOUND('',#9819,.F.);
#9819 = EDGE_LOOP('',(#9820,#9821,#9828,#9834));
#9820 = ORIENTED_EDGE('',*,*,#9407,.T.);
#9821 = ORIENTED_EDGE('',*,*,#9822,.T.);
#9822 = EDGE_CURVE('',#9408,#9823,#9825,.T.);
#9823 = VERTEX_POINT('',#9824);
#9824 = CARTESIAN_POINT('',(1.775,-4.35,0.825));
#9825 = B_SPLINE_CURVE_WITH_KNOTS('',1,(#9826,#9827),.UNSPECIFIED.,.F.,
  .F.,(2,2),(0.,1.),.PIECEWISE_BEZIER_KNOTS.);
#9826 = CARTESIAN_POINT('',(1.717585640382,-4.235171280765,0.1));
#9827 = CARTESIAN_POINT('',(1.775,-4.35,0.825));
#9828 = ORIENTED_EDGE('',*,*,#9829,.F.);
#9829 = EDGE_CURVE('',#9665,#9823,#9830,.T.);
#9830 = LINE('',#9831,#9832);
#9831 = CARTESIAN_POINT('',(1.95,-4.175,0.825));
#9832 = VECTOR('',#9833,1.);
#9833 = DIRECTION('',(-0.707106781187,-0.707106781187,0.));
#9834 = ORIENTED_EDGE('',*,*,#9664,.F.);
#9835 = B_SPLINE_SURFACE_WITH_KNOTS('',1,1,(
    (#9836,#9837)
    ,(#9838,#9839
    )),.UNSPECIFIED.,.F.,.F.,.F.,(2,2),(2,2),(0.,0.247487373415),(0.,1.)
  ,.PIECEWISE_BEZIER_KNOTS.);
#9836 = CARTESIAN_POINT('',(1.835171280765,-4.117585640382,0.1));
#9837 = CARTESIAN_POINT('',(1.95,-4.175,0.825));
#9838 = CARTESIAN_POINT('',(1.717585640382,-4.235171280765,0.1));
#9839 = CARTESIAN_POINT('',(1.775,-4.35,0.825));
#9840 = ADVANCED_FACE('',(#9841),#9852,.F.);
#9841 = FACE_BOUND('',#9842,.F.);
#9842 = EDGE_LOOP('',(#9843,#9844,#9845,#9851));
#9843 = ORIENTED_EDGE('',*,*,#9415,.T.);
#9844 = ORIENTED_EDGE('',*,*,#9808,.T.);
#9845 = ORIENTED_EDGE('',*,*,#9846,.F.);
#9846 = EDGE_CURVE('',#9823,#9801,#9847,.T.);
#9847 = LINE('',#9848,#9849);
#9848 = CARTESIAN_POINT('',(1.775,-4.35,0.825));
#9849 = VECTOR('',#9850,1.);
#9850 = DIRECTION('',(-1.,-1.110223024625E-16,0.));
#9851 = ORIENTED_EDGE('',*,*,#9822,.F.);
#9852 = B_SPLINE_SURFACE_WITH_KNOTS('',1,1,(
    (#9853,#9854)
    ,(#9855,#9856
    )),.UNSPECIFIED.,.F.,.F.,.F.,(2,2),(2,2),(0.,3.55),(0.,1.),
  .PIECEWISE_BEZIER_KNOTS.);
#9853 = CARTESIAN_POINT('',(1.717585640382,-4.235171280765,0.1));
#9854 = CARTESIAN_POINT('',(1.775,-4.35,0.825));
#9855 = CARTESIAN_POINT('',(-1.717585640382,-4.235171280765,0.1));
#9856 = CARTESIAN_POINT('',(-1.775,-4.35,0.825));
#9857 = ADVANCED_FACE('',(#9858),#9875,.F.);
#9858 = FACE_BOUND('',#9859,.F.);
#9859 = EDGE_LOOP('',(#9860,#9861,#9868,#9874));
#9860 = ORIENTED_EDGE('',*,*,#9461,.T.);
#9861 = ORIENTED_EDGE('',*,*,#9862,.T.);
#9862 = EDGE_CURVE('',#9455,#9863,#9865,.T.);
#9863 = VERTEX_POINT('',#9864);
#9864 = CARTESIAN_POINT('',(1.95,4.175,1.025));
#9865 = B_SPLINE_CURVE_WITH_KNOTS('',1,(#9866,#9867),.UNSPECIFIED.,.F.,
  .F.,(2,2),(0.,1.),.PIECEWISE_BEZIER_KNOTS.);
#9866 = CARTESIAN_POINT('',(1.95,4.175,0.825));
#9867 = CARTESIAN_POINT('',(1.95,4.175,1.025));
#9868 = ORIENTED_EDGE('',*,*,#9869,.F.);
#9869 = EDGE_CURVE('',#9478,#9863,#9870,.T.);
#9870 = LINE('',#9871,#9872);
#9871 = CARTESIAN_POINT('',(1.775,4.35,1.025));
#9872 = VECTOR('',#9873,1.);
#9873 = DIRECTION('',(0.707106781187,-0.707106781187,0.));
#9874 = ORIENTED_EDGE('',*,*,#9477,.F.);
#9875 = PLANE('',#9876);
#9876 = AXIS2_PLACEMENT_3D('',#9877,#9878,#9879);
#9877 = CARTESIAN_POINT('',(1.775,4.35,1.025));
#9878 = DIRECTION('',(-0.707106781187,-0.707106781187,0.));
#9879 = DIRECTION('',(0.707106781187,-0.707106781187,0.));
#9880 = ADVANCED_FACE('',(#9881),#9963,.F.);
#9881 = FACE_BOUND('',#9882,.F.);
#9882 = EDGE_LOOP('',(#9883,#9891,#9892,#9893,#9901,#9909,#9917,#9925,
    #9933,#9941,#9949,#9957));
#9883 = ORIENTED_EDGE('',*,*,#9884,.T.);
#9884 = EDGE_CURVE('',#9885,#9485,#9887,.T.);
#9885 = VERTEX_POINT('',#9886);
#9886 = CARTESIAN_POINT('',(-1.95,4.175,1.025));
#9887 = LINE('',#9888,#9889);
#9888 = CARTESIAN_POINT('',(-1.95,4.175,1.025));
#9889 = VECTOR('',#9890,1.);
#9890 = DIRECTION('',(0.707106781187,0.707106781187,0.));
#9891 = ORIENTED_EDGE('',*,*,#9484,.T.);
#9892 = ORIENTED_EDGE('',*,*,#9869,.T.);
#9893 = ORIENTED_EDGE('',*,*,#9894,.T.);
#9894 = EDGE_CURVE('',#9863,#9895,#9897,.T.);
#9895 = VERTEX_POINT('',#9896);
#9896 = CARTESIAN_POINT('',(1.95,4.015,1.025));
#9897 = LINE('',#9898,#9899);
#9898 = CARTESIAN_POINT('',(1.95,4.175,1.025));
#9899 = VECTOR('',#9900,1.);
#9900 = DIRECTION('',(1.110223024625E-16,-1.,0.));
#9901 = ORIENTED_EDGE('',*,*,#9902,.T.);
#9902 = EDGE_CURVE('',#9895,#9903,#9905,.T.);
#9903 = VERTEX_POINT('',#9904);
#9904 = CARTESIAN_POINT('',(1.875,4.015,1.025));
#9905 = LINE('',#9906,#9907);
#9906 = CARTESIAN_POINT('',(2.25,4.015,1.025));
#9907 = VECTOR('',#9908,1.);
#9908 = DIRECTION('',(-1.,-1.110223024625E-16,0.));
#9909 = ORIENTED_EDGE('',*,*,#9910,.F.);
#9910 = EDGE_CURVE('',#9911,#9903,#9913,.T.);
#9911 = VERTEX_POINT('',#9912);
#9912 = CARTESIAN_POINT('',(1.875,4.1375,1.025));
#9913 = LINE('',#9914,#9915);
#9914 = CARTESIAN_POINT('',(1.875,4.1375,1.025));
#9915 = VECTOR('',#9916,1.);
#9916 = DIRECTION('',(1.110223024625E-16,-1.,0.));
#9917 = ORIENTED_EDGE('',*,*,#9918,.F.);
#9918 = EDGE_CURVE('',#9919,#9911,#9921,.T.);
#9919 = VERTEX_POINT('',#9920);
#9920 = CARTESIAN_POINT('',(1.7375,4.275,1.025));
#9921 = LINE('',#9922,#9923);
#9922 = CARTESIAN_POINT('',(1.7375,4.275,1.025));
#9923 = VECTOR('',#9924,1.);
#9924 = DIRECTION('',(0.707106781187,-0.707106781187,0.));
#9925 = ORIENTED_EDGE('',*,*,#9926,.F.);
#9926 = EDGE_CURVE('',#9927,#9919,#9929,.T.);
#9927 = VERTEX_POINT('',#9928);
#9928 = CARTESIAN_POINT('',(-1.7375,4.275,1.025));
#9929 = LINE('',#9930,#9931);
#9930 = CARTESIAN_POINT('',(-1.7375,4.275,1.025));
#9931 = VECTOR('',#9932,1.);
#9932 = DIRECTION('',(1.,1.110223024625E-16,0.));
#9933 = ORIENTED_EDGE('',*,*,#9934,.F.);
#9934 = EDGE_CURVE('',#9935,#9927,#9937,.T.);
#9935 = VERTEX_POINT('',#9936);
#9936 = CARTESIAN_POINT('',(-1.875,4.1375,1.025));
#9937 = LINE('',#9938,#9939);
#9938 = CARTESIAN_POINT('',(-1.875,4.1375,1.025));
#9939 = VECTOR('',#9940,1.);
#9940 = DIRECTION('',(0.707106781187,0.707106781187,0.));
#9941 = ORIENTED_EDGE('',*,*,#9942,.F.);
#9942 = EDGE_CURVE('',#9943,#9935,#9945,.T.);
#9943 = VERTEX_POINT('',#9944);
#9944 = CARTESIAN_POINT('',(-1.875,4.015,1.025));
#9945 = LINE('',#9946,#9947);
#9946 = CARTESIAN_POINT('',(-1.875,-4.1375,1.025));
#9947 = VECTOR('',#9948,1.);
#9948 = DIRECTION('',(-1.110223024625E-16,1.,0.));
#9949 = ORIENTED_EDGE('',*,*,#9950,.F.);
#9950 = EDGE_CURVE('',#9951,#9943,#9953,.T.);
#9951 = VERTEX_POINT('',#9952);
#9952 = CARTESIAN_POINT('',(-1.95,4.015,1.025));
#9953 = LINE('',#9954,#9955);
#9954 = CARTESIAN_POINT('',(-2.25,4.015,1.025));
#9955 = VECTOR('',#9956,1.);
#9956 = DIRECTION('',(1.,-1.144237745222E-17,0.));
#9957 = ORIENTED_EDGE('',*,*,#9958,.T.);
#9958 = EDGE_CURVE('',#9951,#9885,#9959,.T.);
#9959 = LINE('',#9960,#9961);
#9960 = CARTESIAN_POINT('',(-1.95,-4.175,1.025));
#9961 = VECTOR('',#9962,1.);
#9962 = DIRECTION('',(-1.110223024625E-16,1.,0.));
#9963 = PLANE('',#9964);
#9964 = AXIS2_PLACEMENT_3D('',#9965,#9966,#9967);
#9965 = CARTESIAN_POINT('',(-5.13650187581E-16,4.3125,1.025));
#9966 = DIRECTION('',(2.007919022419E-31,1.243053547621E-27,-1.));
#9967 = DIRECTION('',(1.,9.251540906623E-17,2.00791902242E-31));
#9968 = ADVANCED_FACE('',(#9969),#9979,.F.);
#9969 = FACE_BOUND('',#9970,.F.);
#9970 = EDGE_LOOP('',(#9971,#9972,#9973,#9974));
#9971 = ORIENTED_EDGE('',*,*,#9507,.T.);
#9972 = ORIENTED_EDGE('',*,*,#9492,.T.);
#9973 = ORIENTED_EDGE('',*,*,#9884,.F.);
#9974 = ORIENTED_EDGE('',*,*,#9975,.F.);
#9975 = EDGE_CURVE('',#9508,#9885,#9976,.T.);
#9976 = B_SPLINE_CURVE_WITH_KNOTS('',1,(#9977,#9978),.UNSPECIFIED.,.F.,
  .F.,(2,2),(0.,1.),.PIECEWISE_BEZIER_KNOTS.);
#9977 = CARTESIAN_POINT('',(-1.95,4.175,0.825));
#9978 = CARTESIAN_POINT('',(-1.95,4.175,1.025));
#9979 = PLANE('',#9980);
#9980 = AXIS2_PLACEMENT_3D('',#9981,#9982,#9983);
#9981 = CARTESIAN_POINT('',(-1.95,4.175,1.025));
#9982 = DIRECTION('',(0.707106781187,-0.707106781187,0.));
#9983 = DIRECTION('',(0.707106781187,0.707106781187,0.));
#9984 = ADVANCED_FACE('',(#9985),#10009,.F.);
#9985 = FACE_BOUND('',#9986,.F.);
#9986 = EDGE_LOOP('',(#9987,#9994,#9995,#10003));
#9987 = ORIENTED_EDGE('',*,*,#9988,.F.);
#9988 = EDGE_CURVE('',#9643,#9989,#9991,.T.);
#9989 = VERTEX_POINT('',#9990);
#9990 = CARTESIAN_POINT('',(-1.95,-4.175,1.025));
#9991 = B_SPLINE_CURVE_WITH_KNOTS('',1,(#9992,#9993),.UNSPECIFIED.,.F.,
  .F.,(2,2),(0.,1.),.PIECEWISE_BEZIER_KNOTS.);
#9992 = CARTESIAN_POINT('',(-1.95,-4.175,0.825));
#9993 = CARTESIAN_POINT('',(-1.95,-4.175,1.025));
#9994 = ORIENTED_EDGE('',*,*,#9642,.T.);
#9995 = ORIENTED_EDGE('',*,*,#9996,.T.);
#9996 = EDGE_CURVE('',#9635,#9997,#9999,.T.);
#9997 = VERTEX_POINT('',#9998);
#9998 = CARTESIAN_POINT('',(-1.95,-4.015,1.025));
#9999 = LINE('',#10000,#10001);
#10000 = CARTESIAN_POINT('',(-1.95,-4.015,0.786976568901));
#10001 = VECTOR('',#10002,1.);
#10002 = DIRECTION('',(0.,0.,1.));
#10003 = ORIENTED_EDGE('',*,*,#10004,.F.);
#10004 = EDGE_CURVE('',#9989,#9997,#10005,.T.);
#10005 = LINE('',#10006,#10007);
#10006 = CARTESIAN_POINT('',(-1.95,-4.175,1.025));
#10007 = VECTOR('',#10008,1.);
#10008 = DIRECTION('',(-1.110223024625E-16,1.,0.));
#10009 = PLANE('',#10010);
#10010 = AXIS2_PLACEMENT_3D('',#10011,#10012,#10013);
#10011 = CARTESIAN_POINT('',(-1.95,-4.175,1.025));
#10012 = DIRECTION('',(1.,1.110223024625E-16,0.));
#10013 = DIRECTION('',(-1.110223024625E-16,1.,0.));
#10014 = ADVANCED_FACE('',(#10015),#10040,.F.);
#10015 = FACE_BOUND('',#10016,.F.);
#10016 = EDGE_LOOP('',(#10017,#10025,#10026,#10034));
#10017 = ORIENTED_EDGE('',*,*,#10018,.F.);
#10018 = EDGE_CURVE('',#9635,#10019,#10021,.T.);
#10019 = VERTEX_POINT('',#10020);
#10020 = CARTESIAN_POINT('',(-2.25,-4.015,0.825));
#10021 = LINE('',#10022,#10023);
#10022 = CARTESIAN_POINT('',(-1.8,-4.015,0.825));
#10023 = VECTOR('',#10024,1.);
#10024 = DIRECTION('',(-1.,1.144237745222E-17,0.));
#10025 = ORIENTED_EDGE('',*,*,#9634,.T.);
#10026 = ORIENTED_EDGE('',*,*,#10027,.T.);
#10027 = EDGE_CURVE('',#9627,#10028,#10030,.T.);
#10028 = VERTEX_POINT('',#10029);
#10029 = CARTESIAN_POINT('',(-2.25,-3.605,0.825));
#10030 = LINE('',#10031,#10032);
#10031 = CARTESIAN_POINT('',(-1.8,-3.605,0.825));
#10032 = VECTOR('',#10033,1.);
#10033 = DIRECTION('',(-1.,1.144237745222E-17,0.));
#10034 = ORIENTED_EDGE('',*,*,#10035,.F.);
#10035 = EDGE_CURVE('',#10019,#10028,#10036,.T.);
#10036 = LINE('',#10037,#10038);
#10037 = CARTESIAN_POINT('',(-2.25,-4.015,0.825));
#10038 = VECTOR('',#10039,1.);
#10039 = DIRECTION('',(1.144237745222E-17,1.,0.));
#10040 = PLANE('',#10041);
#10041 = AXIS2_PLACEMENT_3D('',#10042,#10043,#10044);
#10042 = CARTESIAN_POINT('',(-1.8,-4.015,0.825));
#10043 = DIRECTION('',(0.,0.,1.));
#10044 = DIRECTION('',(-1.,1.144237745222E-17,0.));
#10045 = ADVANCED_FACE('',(#10046),#10071,.F.);
#10046 = FACE_BOUND('',#10047,.F.);
#10047 = EDGE_LOOP('',(#10048,#10056,#10057,#10065));
#10048 = ORIENTED_EDGE('',*,*,#10049,.F.);
#10049 = EDGE_CURVE('',#9627,#10050,#10052,.T.);
#10050 = VERTEX_POINT('',#10051);
#10051 = CARTESIAN_POINT('',(-1.95,-3.605,1.025));
#10052 = LINE('',#10053,#10054);
#10053 = CARTESIAN_POINT('',(-1.95,-3.605,0.786976568901));
#10054 = VECTOR('',#10055,1.);
#10055 = DIRECTION('',(0.,0.,1.));
#10056 = ORIENTED_EDGE('',*,*,#9626,.T.);
#10057 = ORIENTED_EDGE('',*,*,#10058,.T.);
#10058 = EDGE_CURVE('',#9619,#10059,#10061,.T.);
#10059 = VERTEX_POINT('',#10060);
#10060 = CARTESIAN_POINT('',(-1.95,-2.745,1.025));
#10061 = LINE('',#10062,#10063);
#10062 = CARTESIAN_POINT('',(-1.95,-2.745,0.786976568901));
#10063 = VECTOR('',#10064,1.);
#10064 = DIRECTION('',(0.,0.,1.));
#10065 = ORIENTED_EDGE('',*,*,#10066,.F.);
#10066 = EDGE_CURVE('',#10050,#10059,#10067,.T.);
#10067 = LINE('',#10068,#10069);
#10068 = CARTESIAN_POINT('',(-1.95,-4.175,1.025));
#10069 = VECTOR('',#10070,1.);
#10070 = DIRECTION('',(-1.110223024625E-16,1.,0.));
#10071 = PLANE('',#10072);
#10072 = AXIS2_PLACEMENT_3D('',#10073,#10074,#10075);
#10073 = CARTESIAN_POINT('',(-1.95,-4.175,1.025));
#10074 = DIRECTION('',(1.,1.110223024625E-16,0.));
#10075 = DIRECTION('',(-1.110223024625E-16,1.,0.));
#10076 = ADVANCED_FACE('',(#10077),#10102,.F.);
#10077 = FACE_BOUND('',#10078,.F.);
#10078 = EDGE_LOOP('',(#10079,#10087,#10088,#10096));
#10079 = ORIENTED_EDGE('',*,*,#10080,.F.);
#10080 = EDGE_CURVE('',#9619,#10081,#10083,.T.);
#10081 = VERTEX_POINT('',#10082);
#10082 = CARTESIAN_POINT('',(-2.25,-2.745,0.825));
#10083 = LINE('',#10084,#10085);
#10084 = CARTESIAN_POINT('',(-1.8,-2.745,0.825));
#10085 = VECTOR('',#10086,1.);
#10086 = DIRECTION('',(-1.,1.144237745222E-17,0.));
#10087 = ORIENTED_EDGE('',*,*,#9618,.T.);
#10088 = ORIENTED_EDGE('',*,*,#10089,.T.);
#10089 = EDGE_CURVE('',#9611,#10090,#10092,.T.);
#10090 = VERTEX_POINT('',#10091);
#10091 = CARTESIAN_POINT('',(-2.25,-2.335,0.825));
#10092 = LINE('',#10093,#10094);
#10093 = CARTESIAN_POINT('',(-1.8,-2.335,0.825));
#10094 = VECTOR('',#10095,1.);
#10095 = DIRECTION('',(-1.,1.144237745222E-17,0.));
#10096 = ORIENTED_EDGE('',*,*,#10097,.F.);
#10097 = EDGE_CURVE('',#10081,#10090,#10098,.T.);
#10098 = LINE('',#10099,#10100);
#10099 = CARTESIAN_POINT('',(-2.25,-2.745,0.825));
#10100 = VECTOR('',#10101,1.);
#10101 = DIRECTION('',(1.144237745222E-17,1.,0.));
#10102 = PLANE('',#10103);
#10103 = AXIS2_PLACEMENT_3D('',#10104,#10105,#10106);
#10104 = CARTESIAN_POINT('',(-1.8,-2.745,0.825));
#10105 = DIRECTION('',(0.,0.,1.));
#10106 = DIRECTION('',(-1.,1.144237745222E-17,0.));
#10107 = ADVANCED_FACE('',(#10108),#10133,.F.);
#10108 = FACE_BOUND('',#10109,.F.);
#10109 = EDGE_LOOP('',(#10110,#10118,#10119,#10127));
#10110 = ORIENTED_EDGE('',*,*,#10111,.F.);
#10111 = EDGE_CURVE('',#9611,#10112,#10114,.T.);
#10112 = VERTEX_POINT('',#10113);
#10113 = CARTESIAN_POINT('',(-1.95,-2.335,1.025));
#10114 = LINE('',#10115,#10116);
#10115 = CARTESIAN_POINT('',(-1.95,-2.335,0.786976568901));
#10116 = VECTOR('',#10117,1.);
#10117 = DIRECTION('',(0.,0.,1.));
#10118 = ORIENTED_EDGE('',*,*,#9610,.T.);
#10119 = ORIENTED_EDGE('',*,*,#10120,.T.);
#10120 = EDGE_CURVE('',#9603,#10121,#10123,.T.);
#10121 = VERTEX_POINT('',#10122);
#10122 = CARTESIAN_POINT('',(-1.95,-1.475,1.025));
#10123 = LINE('',#10124,#10125);
#10124 = CARTESIAN_POINT('',(-1.95,-1.475,0.786976568901));
#10125 = VECTOR('',#10126,1.);
#10126 = DIRECTION('',(0.,0.,1.));
#10127 = ORIENTED_EDGE('',*,*,#10128,.F.);
#10128 = EDGE_CURVE('',#10112,#10121,#10129,.T.);
#10129 = LINE('',#10130,#10131);
#10130 = CARTESIAN_POINT('',(-1.95,-4.175,1.025));
#10131 = VECTOR('',#10132,1.);
#10132 = DIRECTION('',(-1.110223024625E-16,1.,0.));
#10133 = PLANE('',#10134);
#10134 = AXIS2_PLACEMENT_3D('',#10135,#10136,#10137);
#10135 = CARTESIAN_POINT('',(-1.95,-4.175,1.025));
#10136 = DIRECTION('',(1.,1.110223024625E-16,0.));
#10137 = DIRECTION('',(-1.110223024625E-16,1.,0.));
#10138 = ADVANCED_FACE('',(#10139),#10164,.F.);
#10139 = FACE_BOUND('',#10140,.F.);
#10140 = EDGE_LOOP('',(#10141,#10149,#10150,#10158));
#10141 = ORIENTED_EDGE('',*,*,#10142,.F.);
#10142 = EDGE_CURVE('',#9603,#10143,#10145,.T.);
#10143 = VERTEX_POINT('',#10144);
#10144 = CARTESIAN_POINT('',(-2.25,-1.475,0.825));
#10145 = LINE('',#10146,#10147);
#10146 = CARTESIAN_POINT('',(-1.8,-1.475,0.825));
#10147 = VECTOR('',#10148,1.);
#10148 = DIRECTION('',(-1.,1.144237745222E-17,0.));
#10149 = ORIENTED_EDGE('',*,*,#9602,.T.);
#10150 = ORIENTED_EDGE('',*,*,#10151,.T.);
#10151 = EDGE_CURVE('',#9595,#10152,#10154,.T.);
#10152 = VERTEX_POINT('',#10153);
#10153 = CARTESIAN_POINT('',(-2.25,-1.065,0.825));
#10154 = LINE('',#10155,#10156);
#10155 = CARTESIAN_POINT('',(-1.8,-1.065,0.825));
#10156 = VECTOR('',#10157,1.);
#10157 = DIRECTION('',(-1.,1.144237745222E-17,0.));
#10158 = ORIENTED_EDGE('',*,*,#10159,.F.);
#10159 = EDGE_CURVE('',#10143,#10152,#10160,.T.);
#10160 = LINE('',#10161,#10162);
#10161 = CARTESIAN_POINT('',(-2.25,-1.475,0.825));
#10162 = VECTOR('',#10163,1.);
#10163 = DIRECTION('',(1.144237745222E-17,1.,0.));
#10164 = PLANE('',#10165);
#10165 = AXIS2_PLACEMENT_3D('',#10166,#10167,#10168);
#10166 = CARTESIAN_POINT('',(-1.8,-1.475,0.825));
#10167 = DIRECTION('',(0.,0.,1.));
#10168 = DIRECTION('',(-1.,1.144237745222E-17,0.));
#10169 = ADVANCED_FACE('',(#10170),#10195,.F.);
#10170 = FACE_BOUND('',#10171,.F.);
#10171 = EDGE_LOOP('',(#10172,#10180,#10181,#10189));
#10172 = ORIENTED_EDGE('',*,*,#10173,.F.);
#10173 = EDGE_CURVE('',#9595,#10174,#10176,.T.);
#10174 = VERTEX_POINT('',#10175);
#10175 = CARTESIAN_POINT('',(-1.95,-1.065,1.025));
#10176 = LINE('',#10177,#10178);
#10177 = CARTESIAN_POINT('',(-1.95,-1.065,0.786976568901));
#10178 = VECTOR('',#10179,1.);
#10179 = DIRECTION('',(0.,0.,1.));
#10180 = ORIENTED_EDGE('',*,*,#9594,.T.);
#10181 = ORIENTED_EDGE('',*,*,#10182,.T.);
#10182 = EDGE_CURVE('',#9587,#10183,#10185,.T.);
#10183 = VERTEX_POINT('',#10184);
#10184 = CARTESIAN_POINT('',(-1.95,-0.205,1.025));
#10185 = LINE('',#10186,#10187);
#10186 = CARTESIAN_POINT('',(-1.95,-0.205,0.786976568901));
#10187 = VECTOR('',#10188,1.);
#10188 = DIRECTION('',(0.,0.,1.));
#10189 = ORIENTED_EDGE('',*,*,#10190,.F.);
#10190 = EDGE_CURVE('',#10174,#10183,#10191,.T.);
#10191 = LINE('',#10192,#10193);
#10192 = CARTESIAN_POINT('',(-1.95,-4.175,1.025));
#10193 = VECTOR('',#10194,1.);
#10194 = DIRECTION('',(-1.110223024625E-16,1.,0.));
#10195 = PLANE('',#10196);
#10196 = AXIS2_PLACEMENT_3D('',#10197,#10198,#10199);
#10197 = CARTESIAN_POINT('',(-1.95,-4.175,1.025));
#10198 = DIRECTION('',(1.,1.110223024625E-16,0.));
#10199 = DIRECTION('',(-1.110223024625E-16,1.,0.));
#10200 = ADVANCED_FACE('',(#10201),#10226,.F.);
#10201 = FACE_BOUND('',#10202,.F.);
#10202 = EDGE_LOOP('',(#10203,#10211,#10212,#10220));
#10203 = ORIENTED_EDGE('',*,*,#10204,.F.);
#10204 = EDGE_CURVE('',#9587,#10205,#10207,.T.);
#10205 = VERTEX_POINT('',#10206);
#10206 = CARTESIAN_POINT('',(-2.25,-0.205,0.825));
#10207 = LINE('',#10208,#10209);
#10208 = CARTESIAN_POINT('',(-1.8,-0.205,0.825));
#10209 = VECTOR('',#10210,1.);
#10210 = DIRECTION('',(-1.,1.144237745222E-17,0.));
#10211 = ORIENTED_EDGE('',*,*,#9586,.T.);
#10212 = ORIENTED_EDGE('',*,*,#10213,.T.);
#10213 = EDGE_CURVE('',#9579,#10214,#10216,.T.);
#10214 = VERTEX_POINT('',#10215);
#10215 = CARTESIAN_POINT('',(-2.25,0.205,0.825));
#10216 = LINE('',#10217,#10218);
#10217 = CARTESIAN_POINT('',(-1.8,0.205,0.825));
#10218 = VECTOR('',#10219,1.);
#10219 = DIRECTION('',(-1.,1.144237745222E-17,0.));
#10220 = ORIENTED_EDGE('',*,*,#10221,.F.);
#10221 = EDGE_CURVE('',#10205,#10214,#10222,.T.);
#10222 = LINE('',#10223,#10224);
#10223 = CARTESIAN_POINT('',(-2.25,-0.205,0.825));
#10224 = VECTOR('',#10225,1.);
#10225 = DIRECTION('',(1.144237745222E-17,1.,0.));
#10226 = PLANE('',#10227);
#10227 = AXIS2_PLACEMENT_3D('',#10228,#10229,#10230);
#10228 = CARTESIAN_POINT('',(-1.8,-0.205,0.825));
#10229 = DIRECTION('',(0.,0.,1.));
#10230 = DIRECTION('',(-1.,1.144237745222E-17,0.));
#10231 = ADVANCED_FACE('',(#10232),#10257,.F.);
#10232 = FACE_BOUND('',#10233,.F.);
#10233 = EDGE_LOOP('',(#10234,#10242,#10243,#10251));
#10234 = ORIENTED_EDGE('',*,*,#10235,.F.);
#10235 = EDGE_CURVE('',#9579,#10236,#10238,.T.);
#10236 = VERTEX_POINT('',#10237);
#10237 = CARTESIAN_POINT('',(-1.95,0.205,1.025));
#10238 = LINE('',#10239,#10240);
#10239 = CARTESIAN_POINT('',(-1.95,0.205,0.786976568901));
#10240 = VECTOR('',#10241,1.);
#10241 = DIRECTION('',(0.,0.,1.));
#10242 = ORIENTED_EDGE('',*,*,#9578,.T.);
#10243 = ORIENTED_EDGE('',*,*,#10244,.T.);
#10244 = EDGE_CURVE('',#9571,#10245,#10247,.T.);
#10245 = VERTEX_POINT('',#10246);
#10246 = CARTESIAN_POINT('',(-1.95,1.065,1.025));
#10247 = LINE('',#10248,#10249);
#10248 = CARTESIAN_POINT('',(-1.95,1.065,0.786976568901));
#10249 = VECTOR('',#10250,1.);
#10250 = DIRECTION('',(0.,0.,1.));
#10251 = ORIENTED_EDGE('',*,*,#10252,.F.);
#10252 = EDGE_CURVE('',#10236,#10245,#10253,.T.);
#10253 = LINE('',#10254,#10255);
#10254 = CARTESIAN_POINT('',(-1.95,-4.175,1.025));
#10255 = VECTOR('',#10256,1.);
#10256 = DIRECTION('',(-1.110223024625E-16,1.,0.));
#10257 = PLANE('',#10258);
#10258 = AXIS2_PLACEMENT_3D('',#10259,#10260,#10261);
#10259 = CARTESIAN_POINT('',(-1.95,-4.175,1.025));
#10260 = DIRECTION('',(1.,1.110223024625E-16,0.));
#10261 = DIRECTION('',(-1.110223024625E-16,1.,0.));
#10262 = ADVANCED_FACE('',(#10263),#10288,.F.);
#10263 = FACE_BOUND('',#10264,.F.);
#10264 = EDGE_LOOP('',(#10265,#10273,#10274,#10282));
#10265 = ORIENTED_EDGE('',*,*,#10266,.F.);
#10266 = EDGE_CURVE('',#9571,#10267,#10269,.T.);
#10267 = VERTEX_POINT('',#10268);
#10268 = CARTESIAN_POINT('',(-2.25,1.065,0.825));
#10269 = LINE('',#10270,#10271);
#10270 = CARTESIAN_POINT('',(-1.8,1.065,0.825));
#10271 = VECTOR('',#10272,1.);
#10272 = DIRECTION('',(-1.,1.144237745222E-17,0.));
#10273 = ORIENTED_EDGE('',*,*,#9570,.T.);
#10274 = ORIENTED_EDGE('',*,*,#10275,.T.);
#10275 = EDGE_CURVE('',#9563,#10276,#10278,.T.);
#10276 = VERTEX_POINT('',#10277);
#10277 = CARTESIAN_POINT('',(-2.25,1.475,0.825));
#10278 = LINE('',#10279,#10280);
#10279 = CARTESIAN_POINT('',(-1.8,1.475,0.825));
#10280 = VECTOR('',#10281,1.);
#10281 = DIRECTION('',(-1.,1.144237745222E-17,0.));
#10282 = ORIENTED_EDGE('',*,*,#10283,.F.);
#10283 = EDGE_CURVE('',#10267,#10276,#10284,.T.);
#10284 = LINE('',#10285,#10286);
#10285 = CARTESIAN_POINT('',(-2.25,1.065,0.825));
#10286 = VECTOR('',#10287,1.);
#10287 = DIRECTION('',(1.144237745222E-17,1.,0.));
#10288 = PLANE('',#10289);
#10289 = AXIS2_PLACEMENT_3D('',#10290,#10291,#10292);
#10290 = CARTESIAN_POINT('',(-1.8,1.065,0.825));
#10291 = DIRECTION('',(0.,0.,1.));
#10292 = DIRECTION('',(-1.,1.144237745222E-17,0.));
#10293 = ADVANCED_FACE('',(#10294),#10319,.F.);
#10294 = FACE_BOUND('',#10295,.F.);
#10295 = EDGE_LOOP('',(#10296,#10304,#10305,#10313));
#10296 = ORIENTED_EDGE('',*,*,#10297,.F.);
#10297 = EDGE_CURVE('',#9563,#10298,#10300,.T.);
#10298 = VERTEX_POINT('',#10299);
#10299 = CARTESIAN_POINT('',(-1.95,1.475,1.025));
#10300 = LINE('',#10301,#10302);
#10301 = CARTESIAN_POINT('',(-1.95,1.475,0.786976568901));
#10302 = VECTOR('',#10303,1.);
#10303 = DIRECTION('',(0.,0.,1.));
#10304 = ORIENTED_EDGE('',*,*,#9562,.T.);
#10305 = ORIENTED_EDGE('',*,*,#10306,.T.);
#10306 = EDGE_CURVE('',#9555,#10307,#10309,.T.);
#10307 = VERTEX_POINT('',#10308);
#10308 = CARTESIAN_POINT('',(-1.95,2.335,1.025));
#10309 = LINE('',#10310,#10311);
#10310 = CARTESIAN_POINT('',(-1.95,2.335,0.786976568901));
#10311 = VECTOR('',#10312,1.);
#10312 = DIRECTION('',(0.,0.,1.));
#10313 = ORIENTED_EDGE('',*,*,#10314,.F.);
#10314 = EDGE_CURVE('',#10298,#10307,#10315,.T.);
#10315 = LINE('',#10316,#10317);
#10316 = CARTESIAN_POINT('',(-1.95,-4.175,1.025));
#10317 = VECTOR('',#10318,1.);
#10318 = DIRECTION('',(-1.110223024625E-16,1.,0.));
#10319 = PLANE('',#10320);
#10320 = AXIS2_PLACEMENT_3D('',#10321,#10322,#10323);
#10321 = CARTESIAN_POINT('',(-1.95,-4.175,1.025));
#10322 = DIRECTION('',(1.,1.110223024625E-16,0.));
#10323 = DIRECTION('',(-1.110223024625E-16,1.,0.));
#10324 = ADVANCED_FACE('',(#10325),#10350,.F.);
#10325 = FACE_BOUND('',#10326,.F.);
#10326 = EDGE_LOOP('',(#10327,#10335,#10336,#10344));
#10327 = ORIENTED_EDGE('',*,*,#10328,.F.);
#10328 = EDGE_CURVE('',#9555,#10329,#10331,.T.);
#10329 = VERTEX_POINT('',#10330);
#10330 = CARTESIAN_POINT('',(-2.25,2.335,0.825));
#10331 = LINE('',#10332,#10333);
#10332 = CARTESIAN_POINT('',(-1.8,2.335,0.825));
#10333 = VECTOR('',#10334,1.);
#10334 = DIRECTION('',(-1.,1.144237745222E-17,0.));
#10335 = ORIENTED_EDGE('',*,*,#9554,.T.);
#10336 = ORIENTED_EDGE('',*,*,#10337,.T.);
#10337 = EDGE_CURVE('',#9547,#10338,#10340,.T.);
#10338 = VERTEX_POINT('',#10339);
#10339 = CARTESIAN_POINT('',(-2.25,2.745,0.825));
#10340 = LINE('',#10341,#10342);
#10341 = CARTESIAN_POINT('',(-1.8,2.745,0.825));
#10342 = VECTOR('',#10343,1.);
#10343 = DIRECTION('',(-1.,1.144237745222E-17,0.));
#10344 = ORIENTED_EDGE('',*,*,#10345,.F.);
#10345 = EDGE_CURVE('',#10329,#10338,#10346,.T.);
#10346 = LINE('',#10347,#10348);
#10347 = CARTESIAN_POINT('',(-2.25,2.335,0.825));
#10348 = VECTOR('',#10349,1.);
#10349 = DIRECTION('',(1.144237745222E-17,1.,0.));
#10350 = PLANE('',#10351);
#10351 = AXIS2_PLACEMENT_3D('',#10352,#10353,#10354);
#10352 = CARTESIAN_POINT('',(-1.8,2.335,0.825));
#10353 = DIRECTION('',(0.,0.,1.));
#10354 = DIRECTION('',(-1.,1.144237745222E-17,0.));
#10355 = ADVANCED_FACE('',(#10356),#10381,.F.);
#10356 = FACE_BOUND('',#10357,.F.);
#10357 = EDGE_LOOP('',(#10358,#10366,#10367,#10375));
#10358 = ORIENTED_EDGE('',*,*,#10359,.F.);
#10359 = EDGE_CURVE('',#9547,#10360,#10362,.T.);
#10360 = VERTEX_POINT('',#10361);
#10361 = CARTESIAN_POINT('',(-1.95,2.745,1.025));
#10362 = LINE('',#10363,#10364);
#10363 = CARTESIAN_POINT('',(-1.95,2.745,0.786976568901));
#10364 = VECTOR('',#10365,1.);
#10365 = DIRECTION('',(0.,0.,1.));
#10366 = ORIENTED_EDGE('',*,*,#9546,.T.);
#10367 = ORIENTED_EDGE('',*,*,#10368,.T.);
#10368 = EDGE_CURVE('',#9539,#10369,#10371,.T.);
#10369 = VERTEX_POINT('',#10370);
#10370 = CARTESIAN_POINT('',(-1.95,3.605,1.025));
#10371 = LINE('',#10372,#10373);
#10372 = CARTESIAN_POINT('',(-1.95,3.605,0.786976568901));
#10373 = VECTOR('',#10374,1.);
#10374 = DIRECTION('',(0.,0.,1.));
#10375 = ORIENTED_EDGE('',*,*,#10376,.F.);
#10376 = EDGE_CURVE('',#10360,#10369,#10377,.T.);
#10377 = LINE('',#10378,#10379);
#10378 = CARTESIAN_POINT('',(-1.95,-4.175,1.025));
#10379 = VECTOR('',#10380,1.);
#10380 = DIRECTION('',(-1.110223024625E-16,1.,0.));
#10381 = PLANE('',#10382);
#10382 = AXIS2_PLACEMENT_3D('',#10383,#10384,#10385);
#10383 = CARTESIAN_POINT('',(-1.95,-4.175,1.025));
#10384 = DIRECTION('',(1.,1.110223024625E-16,0.));
#10385 = DIRECTION('',(-1.110223024625E-16,1.,0.));
#10386 = ADVANCED_FACE('',(#10387),#10412,.F.);
#10387 = FACE_BOUND('',#10388,.F.);
#10388 = EDGE_LOOP('',(#10389,#10397,#10398,#10406));
#10389 = ORIENTED_EDGE('',*,*,#10390,.F.);
#10390 = EDGE_CURVE('',#9539,#10391,#10393,.T.);
#10391 = VERTEX_POINT('',#10392);
#10392 = CARTESIAN_POINT('',(-2.25,3.605,0.825));
#10393 = LINE('',#10394,#10395);
#10394 = CARTESIAN_POINT('',(-1.8,3.605,0.825));
#10395 = VECTOR('',#10396,1.);
#10396 = DIRECTION('',(-1.,1.144237745222E-17,0.));
#10397 = ORIENTED_EDGE('',*,*,#9538,.T.);
#10398 = ORIENTED_EDGE('',*,*,#10399,.T.);
#10399 = EDGE_CURVE('',#9531,#10400,#10402,.T.);
#10400 = VERTEX_POINT('',#10401);
#10401 = CARTESIAN_POINT('',(-2.25,4.015,0.825));
#10402 = LINE('',#10403,#10404);
#10403 = CARTESIAN_POINT('',(-1.8,4.015,0.825));
#10404 = VECTOR('',#10405,1.);
#10405 = DIRECTION('',(-1.,1.144237745222E-17,0.));
#10406 = ORIENTED_EDGE('',*,*,#10407,.F.);
#10407 = EDGE_CURVE('',#10391,#10400,#10408,.T.);
#10408 = LINE('',#10409,#10410);
#10409 = CARTESIAN_POINT('',(-2.25,3.605,0.825));
#10410 = VECTOR('',#10411,1.);
#10411 = DIRECTION('',(1.144237745222E-17,1.,0.));
#10412 = PLANE('',#10413);
#10413 = AXIS2_PLACEMENT_3D('',#10414,#10415,#10416);
#10414 = CARTESIAN_POINT('',(-1.8,3.605,0.825));
#10415 = DIRECTION('',(0.,0.,1.));
#10416 = DIRECTION('',(-1.,1.144237745222E-17,0.));
#10417 = ADVANCED_FACE('',(#10418),#10429,.F.);
#10418 = FACE_BOUND('',#10419,.F.);
#10419 = EDGE_LOOP('',(#10420,#10426,#10427,#10428));
#10420 = ORIENTED_EDGE('',*,*,#10421,.F.);
#10421 = EDGE_CURVE('',#9531,#9951,#10422,.T.);
#10422 = LINE('',#10423,#10424);
#10423 = CARTESIAN_POINT('',(-1.95,4.015,0.786976568901));
#10424 = VECTOR('',#10425,1.);
#10425 = DIRECTION('',(0.,0.,1.));
#10426 = ORIENTED_EDGE('',*,*,#9530,.T.);
#10427 = ORIENTED_EDGE('',*,*,#9975,.T.);
#10428 = ORIENTED_EDGE('',*,*,#9958,.F.);
#10429 = PLANE('',#10430);
#10430 = AXIS2_PLACEMENT_3D('',#10431,#10432,#10433);
#10431 = CARTESIAN_POINT('',(-1.95,-4.175,1.025));
#10432 = DIRECTION('',(1.,1.110223024625E-16,0.));
#10433 = DIRECTION('',(-1.110223024625E-16,1.,0.));
#10434 = ADVANCED_FACE('',(#10435),#10446,.F.);
#10435 = FACE_BOUND('',#10436,.F.);
#10436 = EDGE_LOOP('',(#10437,#10438,#10439,#10445));
#10437 = ORIENTED_EDGE('',*,*,#9862,.F.);
#10438 = ORIENTED_EDGE('',*,*,#9783,.T.);
#10439 = ORIENTED_EDGE('',*,*,#10440,.T.);
#10440 = EDGE_CURVE('',#9776,#9895,#10441,.T.);
#10441 = LINE('',#10442,#10443);
#10442 = CARTESIAN_POINT('',(1.95,4.015,0.786976568901));
#10443 = VECTOR('',#10444,1.);
#10444 = DIRECTION('',(0.,0.,1.));
#10445 = ORIENTED_EDGE('',*,*,#9894,.F.);
#10446 = PLANE('',#10447);
#10447 = AXIS2_PLACEMENT_3D('',#10448,#10449,#10450);
#10448 = CARTESIAN_POINT('',(1.95,4.175,1.025));
#10449 = DIRECTION('',(-1.,-1.110223024625E-16,0.));
#10450 = DIRECTION('',(1.110223024625E-16,-1.,0.));
#10451 = ADVANCED_FACE('',(#10452),#10477,.F.);
#10452 = FACE_BOUND('',#10453,.F.);
#10453 = EDGE_LOOP('',(#10454,#10462,#10463,#10471));
#10454 = ORIENTED_EDGE('',*,*,#10455,.F.);
#10455 = EDGE_CURVE('',#9776,#10456,#10458,.T.);
#10456 = VERTEX_POINT('',#10457);
#10457 = CARTESIAN_POINT('',(2.25,4.015,0.825));
#10458 = LINE('',#10459,#10460);
#10459 = CARTESIAN_POINT('',(1.8,4.015,0.825));
#10460 = VECTOR('',#10461,1.);
#10461 = DIRECTION('',(1.,1.110223024625E-16,0.));
#10462 = ORIENTED_EDGE('',*,*,#9775,.T.);
#10463 = ORIENTED_EDGE('',*,*,#10464,.T.);
#10464 = EDGE_CURVE('',#9768,#10465,#10467,.T.);
#10465 = VERTEX_POINT('',#10466);
#10466 = CARTESIAN_POINT('',(2.25,3.605,0.825));
#10467 = LINE('',#10468,#10469);
#10468 = CARTESIAN_POINT('',(1.8,3.605,0.825));
#10469 = VECTOR('',#10470,1.);
#10470 = DIRECTION('',(1.,1.110223024625E-16,0.));
#10471 = ORIENTED_EDGE('',*,*,#10472,.F.);
#10472 = EDGE_CURVE('',#10456,#10465,#10473,.T.);
#10473 = LINE('',#10474,#10475);
#10474 = CARTESIAN_POINT('',(2.25,4.015,0.825));
#10475 = VECTOR('',#10476,1.);
#10476 = DIRECTION('',(1.110223024625E-16,-1.,0.));
#10477 = PLANE('',#10478);
#10478 = AXIS2_PLACEMENT_3D('',#10479,#10480,#10481);
#10479 = CARTESIAN_POINT('',(1.8,4.015,0.825));
#10480 = DIRECTION('',(0.,0.,1.));
#10481 = DIRECTION('',(1.,1.110223024625E-16,-0.));
#10482 = ADVANCED_FACE('',(#10483),#10508,.F.);
#10483 = FACE_BOUND('',#10484,.F.);
#10484 = EDGE_LOOP('',(#10485,#10493,#10494,#10502));
#10485 = ORIENTED_EDGE('',*,*,#10486,.F.);
#10486 = EDGE_CURVE('',#9768,#10487,#10489,.T.);
#10487 = VERTEX_POINT('',#10488);
#10488 = CARTESIAN_POINT('',(1.95,3.605,1.025));
#10489 = LINE('',#10490,#10491);
#10490 = CARTESIAN_POINT('',(1.95,3.605,0.786976568901));
#10491 = VECTOR('',#10492,1.);
#10492 = DIRECTION('',(0.,0.,1.));
#10493 = ORIENTED_EDGE('',*,*,#9767,.T.);
#10494 = ORIENTED_EDGE('',*,*,#10495,.T.);
#10495 = EDGE_CURVE('',#9760,#10496,#10498,.T.);
#10496 = VERTEX_POINT('',#10497);
#10497 = CARTESIAN_POINT('',(1.95,2.745,1.025));
#10498 = LINE('',#10499,#10500);
#10499 = CARTESIAN_POINT('',(1.95,2.745,0.786976568901));
#10500 = VECTOR('',#10501,1.);
#10501 = DIRECTION('',(0.,0.,1.));
#10502 = ORIENTED_EDGE('',*,*,#10503,.F.);
#10503 = EDGE_CURVE('',#10487,#10496,#10504,.T.);
#10504 = LINE('',#10505,#10506);
#10505 = CARTESIAN_POINT('',(1.95,4.175,1.025));
#10506 = VECTOR('',#10507,1.);
#10507 = DIRECTION('',(1.110223024625E-16,-1.,0.));
#10508 = PLANE('',#10509);
#10509 = AXIS2_PLACEMENT_3D('',#10510,#10511,#10512);
#10510 = CARTESIAN_POINT('',(1.95,4.175,1.025));
#10511 = DIRECTION('',(-1.,-1.110223024625E-16,0.));
#10512 = DIRECTION('',(1.110223024625E-16,-1.,0.));
#10513 = ADVANCED_FACE('',(#10514),#10539,.F.);
#10514 = FACE_BOUND('',#10515,.F.);
#10515 = EDGE_LOOP('',(#10516,#10524,#10525,#10533));
#10516 = ORIENTED_EDGE('',*,*,#10517,.F.);
#10517 = EDGE_CURVE('',#9760,#10518,#10520,.T.);
#10518 = VERTEX_POINT('',#10519);
#10519 = CARTESIAN_POINT('',(2.25,2.745,0.825));
#10520 = LINE('',#10521,#10522);
#10521 = CARTESIAN_POINT('',(1.8,2.745,0.825));
#10522 = VECTOR('',#10523,1.);
#10523 = DIRECTION('',(1.,1.110223024625E-16,0.));
#10524 = ORIENTED_EDGE('',*,*,#9759,.T.);
#10525 = ORIENTED_EDGE('',*,*,#10526,.T.);
#10526 = EDGE_CURVE('',#9752,#10527,#10529,.T.);
#10527 = VERTEX_POINT('',#10528);
#10528 = CARTESIAN_POINT('',(2.25,2.335,0.825));
#10529 = LINE('',#10530,#10531);
#10530 = CARTESIAN_POINT('',(1.8,2.335,0.825));
#10531 = VECTOR('',#10532,1.);
#10532 = DIRECTION('',(1.,1.110223024625E-16,0.));
#10533 = ORIENTED_EDGE('',*,*,#10534,.F.);
#10534 = EDGE_CURVE('',#10518,#10527,#10535,.T.);
#10535 = LINE('',#10536,#10537);
#10536 = CARTESIAN_POINT('',(2.25,2.745,0.825));
#10537 = VECTOR('',#10538,1.);
#10538 = DIRECTION('',(1.110223024625E-16,-1.,0.));
#10539 = PLANE('',#10540);
#10540 = AXIS2_PLACEMENT_3D('',#10541,#10542,#10543);
#10541 = CARTESIAN_POINT('',(1.8,2.745,0.825));
#10542 = DIRECTION('',(0.,0.,1.));
#10543 = DIRECTION('',(1.,1.110223024625E-16,-0.));
#10544 = ADVANCED_FACE('',(#10545),#10570,.F.);
#10545 = FACE_BOUND('',#10546,.F.);
#10546 = EDGE_LOOP('',(#10547,#10555,#10556,#10564));
#10547 = ORIENTED_EDGE('',*,*,#10548,.F.);
#10548 = EDGE_CURVE('',#9752,#10549,#10551,.T.);
#10549 = VERTEX_POINT('',#10550);
#10550 = CARTESIAN_POINT('',(1.95,2.335,1.025));
#10551 = LINE('',#10552,#10553);
#10552 = CARTESIAN_POINT('',(1.95,2.335,0.786976568901));
#10553 = VECTOR('',#10554,1.);
#10554 = DIRECTION('',(0.,0.,1.));
#10555 = ORIENTED_EDGE('',*,*,#9751,.T.);
#10556 = ORIENTED_EDGE('',*,*,#10557,.T.);
#10557 = EDGE_CURVE('',#9744,#10558,#10560,.T.);
#10558 = VERTEX_POINT('',#10559);
#10559 = CARTESIAN_POINT('',(1.95,1.475,1.025));
#10560 = LINE('',#10561,#10562);
#10561 = CARTESIAN_POINT('',(1.95,1.475,0.786976568901));
#10562 = VECTOR('',#10563,1.);
#10563 = DIRECTION('',(0.,0.,1.));
#10564 = ORIENTED_EDGE('',*,*,#10565,.F.);
#10565 = EDGE_CURVE('',#10549,#10558,#10566,.T.);
#10566 = LINE('',#10567,#10568);
#10567 = CARTESIAN_POINT('',(1.95,4.175,1.025));
#10568 = VECTOR('',#10569,1.);
#10569 = DIRECTION('',(1.110223024625E-16,-1.,0.));
#10570 = PLANE('',#10571);
#10571 = AXIS2_PLACEMENT_3D('',#10572,#10573,#10574);
#10572 = CARTESIAN_POINT('',(1.95,4.175,1.025));
#10573 = DIRECTION('',(-1.,-1.110223024625E-16,0.));
#10574 = DIRECTION('',(1.110223024625E-16,-1.,0.));
#10575 = ADVANCED_FACE('',(#10576),#10601,.F.);
#10576 = FACE_BOUND('',#10577,.F.);
#10577 = EDGE_LOOP('',(#10578,#10586,#10587,#10595));
#10578 = ORIENTED_EDGE('',*,*,#10579,.F.);
#10579 = EDGE_CURVE('',#9744,#10580,#10582,.T.);
#10580 = VERTEX_POINT('',#10581);
#10581 = CARTESIAN_POINT('',(2.25,1.475,0.825));
#10582 = LINE('',#10583,#10584);
#10583 = CARTESIAN_POINT('',(1.8,1.475,0.825));
#10584 = VECTOR('',#10585,1.);
#10585 = DIRECTION('',(1.,1.110223024625E-16,0.));
#10586 = ORIENTED_EDGE('',*,*,#9743,.T.);
#10587 = ORIENTED_EDGE('',*,*,#10588,.T.);
#10588 = EDGE_CURVE('',#9736,#10589,#10591,.T.);
#10589 = VERTEX_POINT('',#10590);
#10590 = CARTESIAN_POINT('',(2.25,1.065,0.825));
#10591 = LINE('',#10592,#10593);
#10592 = CARTESIAN_POINT('',(1.8,1.065,0.825));
#10593 = VECTOR('',#10594,1.);
#10594 = DIRECTION('',(1.,1.110223024625E-16,0.));
#10595 = ORIENTED_EDGE('',*,*,#10596,.F.);
#10596 = EDGE_CURVE('',#10580,#10589,#10597,.T.);
#10597 = LINE('',#10598,#10599);
#10598 = CARTESIAN_POINT('',(2.25,1.475,0.825));
#10599 = VECTOR('',#10600,1.);
#10600 = DIRECTION('',(1.110223024625E-16,-1.,0.));
#10601 = PLANE('',#10602);
#10602 = AXIS2_PLACEMENT_3D('',#10603,#10604,#10605);
#10603 = CARTESIAN_POINT('',(1.8,1.475,0.825));
#10604 = DIRECTION('',(0.,0.,1.));
#10605 = DIRECTION('',(1.,1.110223024625E-16,-0.));
#10606 = ADVANCED_FACE('',(#10607),#10632,.F.);
#10607 = FACE_BOUND('',#10608,.F.);
#10608 = EDGE_LOOP('',(#10609,#10617,#10618,#10626));
#10609 = ORIENTED_EDGE('',*,*,#10610,.F.);
#10610 = EDGE_CURVE('',#9736,#10611,#10613,.T.);
#10611 = VERTEX_POINT('',#10612);
#10612 = CARTESIAN_POINT('',(1.95,1.065,1.025));
#10613 = LINE('',#10614,#10615);
#10614 = CARTESIAN_POINT('',(1.95,1.065,0.786976568901));
#10615 = VECTOR('',#10616,1.);
#10616 = DIRECTION('',(0.,0.,1.));
#10617 = ORIENTED_EDGE('',*,*,#9735,.T.);
#10618 = ORIENTED_EDGE('',*,*,#10619,.T.);
#10619 = EDGE_CURVE('',#9728,#10620,#10622,.T.);
#10620 = VERTEX_POINT('',#10621);
#10621 = CARTESIAN_POINT('',(1.95,0.205,1.025));
#10622 = LINE('',#10623,#10624);
#10623 = CARTESIAN_POINT('',(1.95,0.205,0.786976568901));
#10624 = VECTOR('',#10625,1.);
#10625 = DIRECTION('',(0.,0.,1.));
#10626 = ORIENTED_EDGE('',*,*,#10627,.F.);
#10627 = EDGE_CURVE('',#10611,#10620,#10628,.T.);
#10628 = LINE('',#10629,#10630);
#10629 = CARTESIAN_POINT('',(1.95,4.175,1.025));
#10630 = VECTOR('',#10631,1.);
#10631 = DIRECTION('',(1.110223024625E-16,-1.,0.));
#10632 = PLANE('',#10633);
#10633 = AXIS2_PLACEMENT_3D('',#10634,#10635,#10636);
#10634 = CARTESIAN_POINT('',(1.95,4.175,1.025));
#10635 = DIRECTION('',(-1.,-1.110223024625E-16,0.));
#10636 = DIRECTION('',(1.110223024625E-16,-1.,0.));
#10637 = ADVANCED_FACE('',(#10638),#10663,.F.);
#10638 = FACE_BOUND('',#10639,.F.);
#10639 = EDGE_LOOP('',(#10640,#10648,#10649,#10657));
#10640 = ORIENTED_EDGE('',*,*,#10641,.F.);
#10641 = EDGE_CURVE('',#9728,#10642,#10644,.T.);
#10642 = VERTEX_POINT('',#10643);
#10643 = CARTESIAN_POINT('',(2.25,0.205,0.825));
#10644 = LINE('',#10645,#10646);
#10645 = CARTESIAN_POINT('',(1.8,0.205,0.825));
#10646 = VECTOR('',#10647,1.);
#10647 = DIRECTION('',(1.,1.110223024625E-16,0.));
#10648 = ORIENTED_EDGE('',*,*,#9727,.T.);
#10649 = ORIENTED_EDGE('',*,*,#10650,.T.);
#10650 = EDGE_CURVE('',#9720,#10651,#10653,.T.);
#10651 = VERTEX_POINT('',#10652);
#10652 = CARTESIAN_POINT('',(2.25,-0.205,0.825));
#10653 = LINE('',#10654,#10655);
#10654 = CARTESIAN_POINT('',(1.8,-0.205,0.825));
#10655 = VECTOR('',#10656,1.);
#10656 = DIRECTION('',(1.,1.110223024625E-16,0.));
#10657 = ORIENTED_EDGE('',*,*,#10658,.F.);
#10658 = EDGE_CURVE('',#10642,#10651,#10659,.T.);
#10659 = LINE('',#10660,#10661);
#10660 = CARTESIAN_POINT('',(2.25,0.205,0.825));
#10661 = VECTOR('',#10662,1.);
#10662 = DIRECTION('',(1.110223024625E-16,-1.,0.));
#10663 = PLANE('',#10664);
#10664 = AXIS2_PLACEMENT_3D('',#10665,#10666,#10667);
#10665 = CARTESIAN_POINT('',(1.8,0.205,0.825));
#10666 = DIRECTION('',(0.,0.,1.));
#10667 = DIRECTION('',(1.,1.110223024625E-16,-0.));
#10668 = ADVANCED_FACE('',(#10669),#10694,.F.);
#10669 = FACE_BOUND('',#10670,.F.);
#10670 = EDGE_LOOP('',(#10671,#10679,#10680,#10688));
#10671 = ORIENTED_EDGE('',*,*,#10672,.F.);
#10672 = EDGE_CURVE('',#9720,#10673,#10675,.T.);
#10673 = VERTEX_POINT('',#10674);
#10674 = CARTESIAN_POINT('',(1.95,-0.205,1.025));
#10675 = LINE('',#10676,#10677);
#10676 = CARTESIAN_POINT('',(1.95,-0.205,0.786976568901));
#10677 = VECTOR('',#10678,1.);
#10678 = DIRECTION('',(0.,0.,1.));
#10679 = ORIENTED_EDGE('',*,*,#9719,.T.);
#10680 = ORIENTED_EDGE('',*,*,#10681,.T.);
#10681 = EDGE_CURVE('',#9712,#10682,#10684,.T.);
#10682 = VERTEX_POINT('',#10683);
#10683 = CARTESIAN_POINT('',(1.95,-1.065,1.025));
#10684 = LINE('',#10685,#10686);
#10685 = CARTESIAN_POINT('',(1.95,-1.065,0.786976568901));
#10686 = VECTOR('',#10687,1.);
#10687 = DIRECTION('',(0.,0.,1.));
#10688 = ORIENTED_EDGE('',*,*,#10689,.F.);
#10689 = EDGE_CURVE('',#10673,#10682,#10690,.T.);
#10690 = LINE('',#10691,#10692);
#10691 = CARTESIAN_POINT('',(1.95,4.175,1.025));
#10692 = VECTOR('',#10693,1.);
#10693 = DIRECTION('',(1.110223024625E-16,-1.,0.));
#10694 = PLANE('',#10695);
#10695 = AXIS2_PLACEMENT_3D('',#10696,#10697,#10698);
#10696 = CARTESIAN_POINT('',(1.95,4.175,1.025));
#10697 = DIRECTION('',(-1.,-1.110223024625E-16,0.));
#10698 = DIRECTION('',(1.110223024625E-16,-1.,0.));
#10699 = ADVANCED_FACE('',(#10700),#10725,.F.);
#10700 = FACE_BOUND('',#10701,.F.);
#10701 = EDGE_LOOP('',(#10702,#10710,#10711,#10719));
#10702 = ORIENTED_EDGE('',*,*,#10703,.F.);
#10703 = EDGE_CURVE('',#9712,#10704,#10706,.T.);
#10704 = VERTEX_POINT('',#10705);
#10705 = CARTESIAN_POINT('',(2.25,-1.065,0.825));
#10706 = LINE('',#10707,#10708);
#10707 = CARTESIAN_POINT('',(1.8,-1.065,0.825));
#10708 = VECTOR('',#10709,1.);
#10709 = DIRECTION('',(1.,1.110223024625E-16,0.));
#10710 = ORIENTED_EDGE('',*,*,#9711,.T.);
#10711 = ORIENTED_EDGE('',*,*,#10712,.T.);
#10712 = EDGE_CURVE('',#9704,#10713,#10715,.T.);
#10713 = VERTEX_POINT('',#10714);
#10714 = CARTESIAN_POINT('',(2.25,-1.475,0.825));
#10715 = LINE('',#10716,#10717);
#10716 = CARTESIAN_POINT('',(1.8,-1.475,0.825));
#10717 = VECTOR('',#10718,1.);
#10718 = DIRECTION('',(1.,1.110223024625E-16,0.));
#10719 = ORIENTED_EDGE('',*,*,#10720,.F.);
#10720 = EDGE_CURVE('',#10704,#10713,#10721,.T.);
#10721 = LINE('',#10722,#10723);
#10722 = CARTESIAN_POINT('',(2.25,-1.065,0.825));
#10723 = VECTOR('',#10724,1.);
#10724 = DIRECTION('',(1.110223024625E-16,-1.,0.));
#10725 = PLANE('',#10726);
#10726 = AXIS2_PLACEMENT_3D('',#10727,#10728,#10729);
#10727 = CARTESIAN_POINT('',(1.8,-1.065,0.825));
#10728 = DIRECTION('',(0.,0.,1.));
#10729 = DIRECTION('',(1.,1.110223024625E-16,-0.));
#10730 = ADVANCED_FACE('',(#10731),#10756,.F.);
#10731 = FACE_BOUND('',#10732,.F.);
#10732 = EDGE_LOOP('',(#10733,#10741,#10742,#10750));
#10733 = ORIENTED_EDGE('',*,*,#10734,.F.);
#10734 = EDGE_CURVE('',#9704,#10735,#10737,.T.);
#10735 = VERTEX_POINT('',#10736);
#10736 = CARTESIAN_POINT('',(1.95,-1.475,1.025));
#10737 = LINE('',#10738,#10739);
#10738 = CARTESIAN_POINT('',(1.95,-1.475,0.786976568901));
#10739 = VECTOR('',#10740,1.);
#10740 = DIRECTION('',(0.,0.,1.));
#10741 = ORIENTED_EDGE('',*,*,#9703,.T.);
#10742 = ORIENTED_EDGE('',*,*,#10743,.T.);
#10743 = EDGE_CURVE('',#9696,#10744,#10746,.T.);
#10744 = VERTEX_POINT('',#10745);
#10745 = CARTESIAN_POINT('',(1.95,-2.335,1.025));
#10746 = LINE('',#10747,#10748);
#10747 = CARTESIAN_POINT('',(1.95,-2.335,0.786976568901));
#10748 = VECTOR('',#10749,1.);
#10749 = DIRECTION('',(0.,0.,1.));
#10750 = ORIENTED_EDGE('',*,*,#10751,.F.);
#10751 = EDGE_CURVE('',#10735,#10744,#10752,.T.);
#10752 = LINE('',#10753,#10754);
#10753 = CARTESIAN_POINT('',(1.95,4.175,1.025));
#10754 = VECTOR('',#10755,1.);
#10755 = DIRECTION('',(1.110223024625E-16,-1.,0.));
#10756 = PLANE('',#10757);
#10757 = AXIS2_PLACEMENT_3D('',#10758,#10759,#10760);
#10758 = CARTESIAN_POINT('',(1.95,4.175,1.025));
#10759 = DIRECTION('',(-1.,-1.110223024625E-16,0.));
#10760 = DIRECTION('',(1.110223024625E-16,-1.,0.));
#10761 = ADVANCED_FACE('',(#10762),#10787,.F.);
#10762 = FACE_BOUND('',#10763,.F.);
#10763 = EDGE_LOOP('',(#10764,#10772,#10773,#10781));
#10764 = ORIENTED_EDGE('',*,*,#10765,.F.);
#10765 = EDGE_CURVE('',#9696,#10766,#10768,.T.);
#10766 = VERTEX_POINT('',#10767);
#10767 = CARTESIAN_POINT('',(2.25,-2.335,0.825));
#10768 = LINE('',#10769,#10770);
#10769 = CARTESIAN_POINT('',(1.8,-2.335,0.825));
#10770 = VECTOR('',#10771,1.);
#10771 = DIRECTION('',(1.,1.110223024625E-16,0.));
#10772 = ORIENTED_EDGE('',*,*,#9695,.T.);
#10773 = ORIENTED_EDGE('',*,*,#10774,.T.);
#10774 = EDGE_CURVE('',#9688,#10775,#10777,.T.);
#10775 = VERTEX_POINT('',#10776);
#10776 = CARTESIAN_POINT('',(2.25,-2.745,0.825));
#10777 = LINE('',#10778,#10779);
#10778 = CARTESIAN_POINT('',(1.8,-2.745,0.825));
#10779 = VECTOR('',#10780,1.);
#10780 = DIRECTION('',(1.,1.110223024625E-16,0.));
#10781 = ORIENTED_EDGE('',*,*,#10782,.F.);
#10782 = EDGE_CURVE('',#10766,#10775,#10783,.T.);
#10783 = LINE('',#10784,#10785);
#10784 = CARTESIAN_POINT('',(2.25,-2.335,0.825));
#10785 = VECTOR('',#10786,1.);
#10786 = DIRECTION('',(1.110223024625E-16,-1.,0.));
#10787 = PLANE('',#10788);
#10788 = AXIS2_PLACEMENT_3D('',#10789,#10790,#10791);
#10789 = CARTESIAN_POINT('',(1.8,-2.335,0.825));
#10790 = DIRECTION('',(0.,0.,1.));
#10791 = DIRECTION('',(1.,1.110223024625E-16,-0.));
#10792 = ADVANCED_FACE('',(#10793),#10818,.F.);
#10793 = FACE_BOUND('',#10794,.F.);
#10794 = EDGE_LOOP('',(#10795,#10803,#10804,#10812));
#10795 = ORIENTED_EDGE('',*,*,#10796,.F.);
#10796 = EDGE_CURVE('',#9688,#10797,#10799,.T.);
#10797 = VERTEX_POINT('',#10798);
#10798 = CARTESIAN_POINT('',(1.95,-2.745,1.025));
#10799 = LINE('',#10800,#10801);
#10800 = CARTESIAN_POINT('',(1.95,-2.745,0.786976568901));
#10801 = VECTOR('',#10802,1.);
#10802 = DIRECTION('',(0.,0.,1.));
#10803 = ORIENTED_EDGE('',*,*,#9687,.T.);
#10804 = ORIENTED_EDGE('',*,*,#10805,.T.);
#10805 = EDGE_CURVE('',#9680,#10806,#10808,.T.);
#10806 = VERTEX_POINT('',#10807);
#10807 = CARTESIAN_POINT('',(1.95,-3.605,1.025));
#10808 = LINE('',#10809,#10810);
#10809 = CARTESIAN_POINT('',(1.95,-3.605,0.786976568901));
#10810 = VECTOR('',#10811,1.);
#10811 = DIRECTION('',(0.,0.,1.));
#10812 = ORIENTED_EDGE('',*,*,#10813,.F.);
#10813 = EDGE_CURVE('',#10797,#10806,#10814,.T.);
#10814 = LINE('',#10815,#10816);
#10815 = CARTESIAN_POINT('',(1.95,4.175,1.025));
#10816 = VECTOR('',#10817,1.);
#10817 = DIRECTION('',(1.110223024625E-16,-1.,0.));
#10818 = PLANE('',#10819);
#10819 = AXIS2_PLACEMENT_3D('',#10820,#10821,#10822);
#10820 = CARTESIAN_POINT('',(1.95,4.175,1.025));
#10821 = DIRECTION('',(-1.,-1.110223024625E-16,0.));
#10822 = DIRECTION('',(1.110223024625E-16,-1.,0.));
#10823 = ADVANCED_FACE('',(#10824),#10849,.F.);
#10824 = FACE_BOUND('',#10825,.F.);
#10825 = EDGE_LOOP('',(#10826,#10834,#10835,#10843));
#10826 = ORIENTED_EDGE('',*,*,#10827,.F.);
#10827 = EDGE_CURVE('',#9680,#10828,#10830,.T.);
#10828 = VERTEX_POINT('',#10829);
#10829 = CARTESIAN_POINT('',(2.25,-3.605,0.825));
#10830 = LINE('',#10831,#10832);
#10831 = CARTESIAN_POINT('',(1.8,-3.605,0.825));
#10832 = VECTOR('',#10833,1.);
#10833 = DIRECTION('',(1.,1.110223024625E-16,0.));
#10834 = ORIENTED_EDGE('',*,*,#9679,.T.);
#10835 = ORIENTED_EDGE('',*,*,#10836,.T.);
#10836 = EDGE_CURVE('',#9672,#10837,#10839,.T.);
#10837 = VERTEX_POINT('',#10838);
#10838 = CARTESIAN_POINT('',(2.25,-4.015,0.825));
#10839 = LINE('',#10840,#10841);
#10840 = CARTESIAN_POINT('',(1.8,-4.015,0.825));
#10841 = VECTOR('',#10842,1.);
#10842 = DIRECTION('',(1.,1.110223024625E-16,0.));
#10843 = ORIENTED_EDGE('',*,*,#10844,.F.);
#10844 = EDGE_CURVE('',#10828,#10837,#10845,.T.);
#10845 = LINE('',#10846,#10847);
#10846 = CARTESIAN_POINT('',(2.25,-3.605,0.825));
#10847 = VECTOR('',#10848,1.);
#10848 = DIRECTION('',(1.110223024625E-16,-1.,0.));
#10849 = PLANE('',#10850);
#10850 = AXIS2_PLACEMENT_3D('',#10851,#10852,#10853);
#10851 = CARTESIAN_POINT('',(1.8,-3.605,0.825));
#10852 = DIRECTION('',(0.,0.,1.));
#10853 = DIRECTION('',(1.,1.110223024625E-16,-0.));
#10854 = ADVANCED_FACE('',(#10855),#10879,.F.);
#10855 = FACE_BOUND('',#10856,.F.);
#10856 = EDGE_LOOP('',(#10857,#10865,#10866,#10873));
#10857 = ORIENTED_EDGE('',*,*,#10858,.F.);
#10858 = EDGE_CURVE('',#9672,#10859,#10861,.T.);
#10859 = VERTEX_POINT('',#10860);
#10860 = CARTESIAN_POINT('',(1.95,-4.015,1.025));
#10861 = LINE('',#10862,#10863);
#10862 = CARTESIAN_POINT('',(1.95,-4.015,0.786976568901));
#10863 = VECTOR('',#10864,1.);
#10864 = DIRECTION('',(0.,0.,1.));
#10865 = ORIENTED_EDGE('',*,*,#9671,.T.);
#10866 = ORIENTED_EDGE('',*,*,#10867,.T.);
#10867 = EDGE_CURVE('',#9665,#10868,#10870,.T.);
#10868 = VERTEX_POINT('',#10869);
#10869 = CARTESIAN_POINT('',(1.95,-4.175,1.025));
#10870 = B_SPLINE_CURVE_WITH_KNOTS('',1,(#10871,#10872),.UNSPECIFIED.,
  .F.,.F.,(2,2),(0.,1.),.PIECEWISE_BEZIER_KNOTS.);
#10871 = CARTESIAN_POINT('',(1.95,-4.175,0.825));
#10872 = CARTESIAN_POINT('',(1.95,-4.175,1.025));
#10873 = ORIENTED_EDGE('',*,*,#10874,.F.);
#10874 = EDGE_CURVE('',#10859,#10868,#10875,.T.);
#10875 = LINE('',#10876,#10877);
#10876 = CARTESIAN_POINT('',(1.95,4.175,1.025));
#10877 = VECTOR('',#10878,1.);
#10878 = DIRECTION('',(1.110223024625E-16,-1.,0.));
#10879 = PLANE('',#10880);
#10880 = AXIS2_PLACEMENT_3D('',#10881,#10882,#10883);
#10881 = CARTESIAN_POINT('',(1.95,4.175,1.025));
#10882 = DIRECTION('',(-1.,-1.110223024625E-16,0.));
#10883 = DIRECTION('',(1.110223024625E-16,-1.,0.));
#10884 = ADVANCED_FACE('',(#10885),#10902,.F.);
#10885 = FACE_BOUND('',#10886,.F.);
#10886 = EDGE_LOOP('',(#10887,#10888,#10889,#10897));
#10887 = ORIENTED_EDGE('',*,*,#9800,.T.);
#10888 = ORIENTED_EDGE('',*,*,#9988,.T.);
#10889 = ORIENTED_EDGE('',*,*,#10890,.F.);
#10890 = EDGE_CURVE('',#10891,#9989,#10893,.T.);
#10891 = VERTEX_POINT('',#10892);
#10892 = CARTESIAN_POINT('',(-1.775,-4.35,1.025));
#10893 = LINE('',#10894,#10895);
#10894 = CARTESIAN_POINT('',(-1.775,-4.35,1.025));
#10895 = VECTOR('',#10896,1.);
#10896 = DIRECTION('',(-0.707106781187,0.707106781187,0.));
#10897 = ORIENTED_EDGE('',*,*,#10898,.F.);
#10898 = EDGE_CURVE('',#9801,#10891,#10899,.T.);
#10899 = B_SPLINE_CURVE_WITH_KNOTS('',1,(#10900,#10901),.UNSPECIFIED.,
  .F.,.F.,(2,2),(0.,1.),.PIECEWISE_BEZIER_KNOTS.);
#10900 = CARTESIAN_POINT('',(-1.775,-4.35,0.825));
#10901 = CARTESIAN_POINT('',(-1.775,-4.35,1.025));
#10902 = PLANE('',#10903);
#10903 = AXIS2_PLACEMENT_3D('',#10904,#10905,#10906);
#10904 = CARTESIAN_POINT('',(-1.775,-4.35,1.025));
#10905 = DIRECTION('',(0.707106781187,0.707106781187,0.));
#10906 = DIRECTION('',(-0.707106781187,0.707106781187,0.));
#10907 = ADVANCED_FACE('',(#10908),#10925,.F.);
#10908 = FACE_BOUND('',#10909,.F.);
#10909 = EDGE_LOOP('',(#10910,#10911,#10918,#10924));
#10910 = ORIENTED_EDGE('',*,*,#9829,.T.);
#10911 = ORIENTED_EDGE('',*,*,#10912,.T.);
#10912 = EDGE_CURVE('',#9823,#10913,#10915,.T.);
#10913 = VERTEX_POINT('',#10914);
#10914 = CARTESIAN_POINT('',(1.775,-4.35,1.025));
#10915 = B_SPLINE_CURVE_WITH_KNOTS('',1,(#10916,#10917),.UNSPECIFIED.,
  .F.,.F.,(2,2),(0.,1.),.PIECEWISE_BEZIER_KNOTS.);
#10916 = CARTESIAN_POINT('',(1.775,-4.35,0.825));
#10917 = CARTESIAN_POINT('',(1.775,-4.35,1.025));
#10918 = ORIENTED_EDGE('',*,*,#10919,.F.);
#10919 = EDGE_CURVE('',#10868,#10913,#10920,.T.);
#10920 = LINE('',#10921,#10922);
#10921 = CARTESIAN_POINT('',(1.95,-4.175,1.025));
#10922 = VECTOR('',#10923,1.);
#10923 = DIRECTION('',(-0.707106781187,-0.707106781187,0.));
#10924 = ORIENTED_EDGE('',*,*,#10867,.F.);
#10925 = PLANE('',#10926);
#10926 = AXIS2_PLACEMENT_3D('',#10927,#10928,#10929);
#10927 = CARTESIAN_POINT('',(1.95,-4.175,1.025));
#10928 = DIRECTION('',(-0.707106781187,0.707106781187,0.));
#10929 = DIRECTION('',(-0.707106781187,-0.707106781187,0.));
#10930 = ADVANCED_FACE('',(#10931),#10942,.F.);
#10931 = FACE_BOUND('',#10932,.F.);
#10932 = EDGE_LOOP('',(#10933,#10934,#10935,#10941));
#10933 = ORIENTED_EDGE('',*,*,#9846,.T.);
#10934 = ORIENTED_EDGE('',*,*,#10898,.T.);
#10935 = ORIENTED_EDGE('',*,*,#10936,.F.);
#10936 = EDGE_CURVE('',#10913,#10891,#10937,.T.);
#10937 = LINE('',#10938,#10939);
#10938 = CARTESIAN_POINT('',(1.775,-4.35,1.025));
#10939 = VECTOR('',#10940,1.);
#10940 = DIRECTION('',(-1.,-1.110223024625E-16,0.));
#10941 = ORIENTED_EDGE('',*,*,#10912,.F.);
#10942 = PLANE('',#10943);
#10943 = AXIS2_PLACEMENT_3D('',#10944,#10945,#10946);
#10944 = CARTESIAN_POINT('',(1.775,-4.35,1.025));
#10945 = DIRECTION('',(-1.110223024625E-16,1.,0.));
#10946 = DIRECTION('',(-1.,-1.110223024625E-16,0.));
#10947 = ADVANCED_FACE('',(#10948),#10987,.F.);
#10948 = FACE_BOUND('',#10949,.F.);
#10949 = EDGE_LOOP('',(#10950,#10958,#10966,#10972,#10973,#10981));
#10950 = ORIENTED_EDGE('',*,*,#10951,.F.);
#10951 = EDGE_CURVE('',#10952,#10369,#10954,.T.);
#10952 = VERTEX_POINT('',#10953);
#10953 = CARTESIAN_POINT('',(-2.25,3.605,1.025));
#10954 = LINE('',#10955,#10956);
#10955 = CARTESIAN_POINT('',(-2.25,3.605,1.025));
#10956 = VECTOR('',#10957,1.);
#10957 = DIRECTION('',(1.,-1.144237745222E-17,0.));
#10958 = ORIENTED_EDGE('',*,*,#10959,.T.);
#10959 = EDGE_CURVE('',#10952,#10960,#10962,.T.);
#10960 = VERTEX_POINT('',#10961);
#10961 = CARTESIAN_POINT('',(-2.25,4.015,1.025));
#10962 = LINE('',#10963,#10964);
#10963 = CARTESIAN_POINT('',(-2.25,3.605,1.025));
#10964 = VECTOR('',#10965,1.);
#10965 = DIRECTION('',(1.144237745222E-17,1.,0.));
#10966 = ORIENTED_EDGE('',*,*,#10967,.T.);
#10967 = EDGE_CURVE('',#10960,#9951,#10968,.T.);
#10968 = LINE('',#10969,#10970);
#10969 = CARTESIAN_POINT('',(-2.25,4.015,1.025));
#10970 = VECTOR('',#10971,1.);
#10971 = DIRECTION('',(1.,-1.144237745222E-17,0.));
#10972 = ORIENTED_EDGE('',*,*,#9950,.T.);
#10973 = ORIENTED_EDGE('',*,*,#10974,.F.);
#10974 = EDGE_CURVE('',#10975,#9943,#10977,.T.);
#10975 = VERTEX_POINT('',#10976);
#10976 = CARTESIAN_POINT('',(-1.875,3.605,1.025));
#10977 = LINE('',#10978,#10979);
#10978 = CARTESIAN_POINT('',(-1.875,-4.1375,1.025));
#10979 = VECTOR('',#10980,1.);
#10980 = DIRECTION('',(-1.110223024625E-16,1.,0.));
#10981 = ORIENTED_EDGE('',*,*,#10982,.F.);
#10982 = EDGE_CURVE('',#10369,#10975,#10983,.T.);
#10983 = LINE('',#10984,#10985);
#10984 = CARTESIAN_POINT('',(-2.25,3.605,1.025));
#10985 = VECTOR('',#10986,1.);
#10986 = DIRECTION('',(1.,-1.144237745222E-17,0.));
#10987 = PLANE('',#10988);
#10988 = AXIS2_PLACEMENT_3D('',#10989,#10990,#10991);
#10989 = CARTESIAN_POINT('',(-2.25,3.605,1.025));
#10990 = DIRECTION('',(0.,0.,-1.));
#10991 = DIRECTION('',(1.,-1.144237745222E-17,0.));
#10992 = ADVANCED_FACE('',(#10993),#11121,.F.);
#10993 = FACE_BOUND('',#10994,.F.);
#10994 = EDGE_LOOP('',(#10995,#11005,#11013,#11021,#11029,#11037,#11045,
    #11053,#11061,#11069,#11077,#11085,#11093,#11099,#11100,#11101,
    #11108,#11116));
#10995 = ORIENTED_EDGE('',*,*,#10996,.T.);
#10996 = EDGE_CURVE('',#10997,#10999,#11001,.T.);
#10997 = VERTEX_POINT('',#10998);
#10998 = CARTESIAN_POINT('',(-1.875,-4.1375,1.025));
#10999 = VERTEX_POINT('',#11000);
#11000 = CARTESIAN_POINT('',(-1.875,-4.015,1.025));
#11001 = LINE('',#11002,#11003);
#11002 = CARTESIAN_POINT('',(-1.875,-4.1375,1.025));
#11003 = VECTOR('',#11004,1.);
#11004 = DIRECTION('',(-1.110223024625E-16,1.,0.));
#11005 = ORIENTED_EDGE('',*,*,#11006,.T.);
#11006 = EDGE_CURVE('',#10999,#11007,#11009,.T.);
#11007 = VERTEX_POINT('',#11008);
#11008 = CARTESIAN_POINT('',(-1.875,-3.605,1.025));
#11009 = LINE('',#11010,#11011);
#11010 = CARTESIAN_POINT('',(-1.875,-4.1375,1.025));
#11011 = VECTOR('',#11012,1.);
#11012 = DIRECTION('',(-1.110223024625E-16,1.,0.));
#11013 = ORIENTED_EDGE('',*,*,#11014,.T.);
#11014 = EDGE_CURVE('',#11007,#11015,#11017,.T.);
#11015 = VERTEX_POINT('',#11016);
#11016 = CARTESIAN_POINT('',(-1.875,-2.745,1.025));
#11017 = LINE('',#11018,#11019);
#11018 = CARTESIAN_POINT('',(-1.875,-4.1375,1.025));
#11019 = VECTOR('',#11020,1.);
#11020 = DIRECTION('',(-1.110223024625E-16,1.,0.));
#11021 = ORIENTED_EDGE('',*,*,#11022,.T.);
#11022 = EDGE_CURVE('',#11015,#11023,#11025,.T.);
#11023 = VERTEX_POINT('',#11024);
#11024 = CARTESIAN_POINT('',(-1.875,-2.335,1.025));
#11025 = LINE('',#11026,#11027);
#11026 = CARTESIAN_POINT('',(-1.875,-4.1375,1.025));
#11027 = VECTOR('',#11028,1.);
#11028 = DIRECTION('',(-1.110223024625E-16,1.,0.));
#11029 = ORIENTED_EDGE('',*,*,#11030,.T.);
#11030 = EDGE_CURVE('',#11023,#11031,#11033,.T.);
#11031 = VERTEX_POINT('',#11032);
#11032 = CARTESIAN_POINT('',(-1.875,-1.475,1.025));
#11033 = LINE('',#11034,#11035);
#11034 = CARTESIAN_POINT('',(-1.875,-4.1375,1.025));
#11035 = VECTOR('',#11036,1.);
#11036 = DIRECTION('',(-1.110223024625E-16,1.,0.));
#11037 = ORIENTED_EDGE('',*,*,#11038,.T.);
#11038 = EDGE_CURVE('',#11031,#11039,#11041,.T.);
#11039 = VERTEX_POINT('',#11040);
#11040 = CARTESIAN_POINT('',(-1.875,-1.065,1.025));
#11041 = LINE('',#11042,#11043);
#11042 = CARTESIAN_POINT('',(-1.875,-4.1375,1.025));
#11043 = VECTOR('',#11044,1.);
#11044 = DIRECTION('',(-1.110223024625E-16,1.,0.));
#11045 = ORIENTED_EDGE('',*,*,#11046,.T.);
#11046 = EDGE_CURVE('',#11039,#11047,#11049,.T.);
#11047 = VERTEX_POINT('',#11048);
#11048 = CARTESIAN_POINT('',(-1.875,-0.205,1.025));
#11049 = LINE('',#11050,#11051);
#11050 = CARTESIAN_POINT('',(-1.875,-4.1375,1.025));
#11051 = VECTOR('',#11052,1.);
#11052 = DIRECTION('',(-1.110223024625E-16,1.,0.));
#11053 = ORIENTED_EDGE('',*,*,#11054,.T.);
#11054 = EDGE_CURVE('',#11047,#11055,#11057,.T.);
#11055 = VERTEX_POINT('',#11056);
#11056 = CARTESIAN_POINT('',(-1.875,0.205,1.025));
#11057 = LINE('',#11058,#11059);
#11058 = CARTESIAN_POINT('',(-1.875,-4.1375,1.025));
#11059 = VECTOR('',#11060,1.);
#11060 = DIRECTION('',(-1.110223024625E-16,1.,0.));
#11061 = ORIENTED_EDGE('',*,*,#11062,.T.);
#11062 = EDGE_CURVE('',#11055,#11063,#11065,.T.);
#11063 = VERTEX_POINT('',#11064);
#11064 = CARTESIAN_POINT('',(-1.875,1.065,1.025));
#11065 = LINE('',#11066,#11067);
#11066 = CARTESIAN_POINT('',(-1.875,-4.1375,1.025));
#11067 = VECTOR('',#11068,1.);
#11068 = DIRECTION('',(-1.110223024625E-16,1.,0.));
#11069 = ORIENTED_EDGE('',*,*,#11070,.T.);
#11070 = EDGE_CURVE('',#11063,#11071,#11073,.T.);
#11071 = VERTEX_POINT('',#11072);
#11072 = CARTESIAN_POINT('',(-1.875,1.475,1.025));
#11073 = LINE('',#11074,#11075);
#11074 = CARTESIAN_POINT('',(-1.875,-4.1375,1.025));
#11075 = VECTOR('',#11076,1.);
#11076 = DIRECTION('',(-1.110223024625E-16,1.,0.));
#11077 = ORIENTED_EDGE('',*,*,#11078,.T.);
#11078 = EDGE_CURVE('',#11071,#11079,#11081,.T.);
#11079 = VERTEX_POINT('',#11080);
#11080 = CARTESIAN_POINT('',(-1.875,2.335,1.025));
#11081 = LINE('',#11082,#11083);
#11082 = CARTESIAN_POINT('',(-1.875,-4.1375,1.025));
#11083 = VECTOR('',#11084,1.);
#11084 = DIRECTION('',(-1.110223024625E-16,1.,0.));
#11085 = ORIENTED_EDGE('',*,*,#11086,.T.);
#11086 = EDGE_CURVE('',#11079,#11087,#11089,.T.);
#11087 = VERTEX_POINT('',#11088);
#11088 = CARTESIAN_POINT('',(-1.875,2.745,1.025));
#11089 = LINE('',#11090,#11091);
#11090 = CARTESIAN_POINT('',(-1.875,-4.1375,1.025));
#11091 = VECTOR('',#11092,1.);
#11092 = DIRECTION('',(-1.110223024625E-16,1.,0.));
#11093 = ORIENTED_EDGE('',*,*,#11094,.T.);
#11094 = EDGE_CURVE('',#11087,#10975,#11095,.T.);
#11095 = LINE('',#11096,#11097);
#11096 = CARTESIAN_POINT('',(-1.875,-4.1375,1.025));
#11097 = VECTOR('',#11098,1.);
#11098 = DIRECTION('',(-1.110223024625E-16,1.,0.));
#11099 = ORIENTED_EDGE('',*,*,#10974,.T.);
#11100 = ORIENTED_EDGE('',*,*,#9942,.T.);
#11101 = ORIENTED_EDGE('',*,*,#11102,.T.);
#11102 = EDGE_CURVE('',#9935,#11103,#11105,.T.);
#11103 = VERTEX_POINT('',#11104);
#11104 = CARTESIAN_POINT('',(-1.760171280765,4.080085640382,1.75));
#11105 = B_SPLINE_CURVE_WITH_KNOTS('',1,(#11106,#11107),.UNSPECIFIED.,
  .F.,.F.,(2,2),(0.,1.),.PIECEWISE_BEZIER_KNOTS.);
#11106 = CARTESIAN_POINT('',(-1.875,4.1375,1.025));
#11107 = CARTESIAN_POINT('',(-1.760171280765,4.080085640382,1.75));
#11108 = ORIENTED_EDGE('',*,*,#11109,.F.);
#11109 = EDGE_CURVE('',#11110,#11103,#11112,.T.);
#11110 = VERTEX_POINT('',#11111);
#11111 = CARTESIAN_POINT('',(-1.760171280765,-4.080085640382,1.75));
#11112 = LINE('',#11113,#11114);
#11113 = CARTESIAN_POINT('',(-1.760171280765,-4.080085640382,1.75));
#11114 = VECTOR('',#11115,1.);
#11115 = DIRECTION('',(-1.110223024625E-16,1.,0.));
#11116 = ORIENTED_EDGE('',*,*,#11117,.F.);
#11117 = EDGE_CURVE('',#10997,#11110,#11118,.T.);
#11118 = B_SPLINE_CURVE_WITH_KNOTS('',1,(#11119,#11120),.UNSPECIFIED.,
  .F.,.F.,(2,2),(0.,1.),.PIECEWISE_BEZIER_KNOTS.);
#11119 = CARTESIAN_POINT('',(-1.875,-4.1375,1.025));
#11120 = CARTESIAN_POINT('',(-1.760171280765,-4.080085640382,1.75));
#11121 = B_SPLINE_SURFACE_WITH_KNOTS('',1,1,(
    (#11122,#11123)
    ,(#11124,#11125
    )),.UNSPECIFIED.,.F.,.F.,.F.,(2,2),(2,2),(0.,8.275),(0.,1.),
  .PIECEWISE_BEZIER_KNOTS.);
#11122 = CARTESIAN_POINT('',(-1.875,-4.1375,1.025));
#11123 = CARTESIAN_POINT('',(-1.760171280765,-4.080085640382,1.75));
#11124 = CARTESIAN_POINT('',(-1.875,4.1375,1.025));
#11125 = CARTESIAN_POINT('',(-1.760171280765,4.080085640382,1.75));
#11126 = ADVANCED_FACE('',(#11127),#11144,.F.);
#11127 = FACE_BOUND('',#11128,.F.);
#11128 = EDGE_LOOP('',(#11129,#11130,#11137,#11143));
#11129 = ORIENTED_EDGE('',*,*,#9934,.T.);
#11130 = ORIENTED_EDGE('',*,*,#11131,.T.);
#11131 = EDGE_CURVE('',#9927,#11132,#11134,.T.);
#11132 = VERTEX_POINT('',#11133);
#11133 = CARTESIAN_POINT('',(-1.680085640382,4.160171280765,1.75));
#11134 = B_SPLINE_CURVE_WITH_KNOTS('',1,(#11135,#11136),.UNSPECIFIED.,
  .F.,.F.,(2,2),(0.,1.),.PIECEWISE_BEZIER_KNOTS.);
#11135 = CARTESIAN_POINT('',(-1.7375,4.275,1.025));
#11136 = CARTESIAN_POINT('',(-1.680085640382,4.160171280765,1.75));
#11137 = ORIENTED_EDGE('',*,*,#11138,.F.);
#11138 = EDGE_CURVE('',#11103,#11132,#11139,.T.);
#11139 = LINE('',#11140,#11141);
#11140 = CARTESIAN_POINT('',(-1.760171280765,4.080085640382,1.75));
#11141 = VECTOR('',#11142,1.);
#11142 = DIRECTION('',(0.707106781187,0.707106781187,0.));
#11143 = ORIENTED_EDGE('',*,*,#11102,.F.);
#11144 = B_SPLINE_SURFACE_WITH_KNOTS('',1,1,(
    (#11145,#11146)
    ,(#11147,#11148
    )),.UNSPECIFIED.,.F.,.F.,.F.,(2,2),(2,2),(0.,0.194454364826),(0.,1.)
  ,.PIECEWISE_BEZIER_KNOTS.);
#11145 = CARTESIAN_POINT('',(-1.875,4.1375,1.025));
#11146 = CARTESIAN_POINT('',(-1.760171280765,4.080085640382,1.75));
#11147 = CARTESIAN_POINT('',(-1.7375,4.275,1.025));
#11148 = CARTESIAN_POINT('',(-1.680085640382,4.160171280765,1.75));
#11149 = ADVANCED_FACE('',(#11150),#11167,.F.);
#11150 = FACE_BOUND('',#11151,.F.);
#11151 = EDGE_LOOP('',(#11152,#11153,#11160,#11166));
#11152 = ORIENTED_EDGE('',*,*,#9926,.T.);
#11153 = ORIENTED_EDGE('',*,*,#11154,.T.);
#11154 = EDGE_CURVE('',#9919,#11155,#11157,.T.);
#11155 = VERTEX_POINT('',#11156);
#11156 = CARTESIAN_POINT('',(1.680085640382,4.160171280765,1.75));
#11157 = B_SPLINE_CURVE_WITH_KNOTS('',1,(#11158,#11159),.UNSPECIFIED.,
  .F.,.F.,(2,2),(0.,1.),.PIECEWISE_BEZIER_KNOTS.);
#11158 = CARTESIAN_POINT('',(1.7375,4.275,1.025));
#11159 = CARTESIAN_POINT('',(1.680085640382,4.160171280765,1.75));
#11160 = ORIENTED_EDGE('',*,*,#11161,.F.);
#11161 = EDGE_CURVE('',#11132,#11155,#11162,.T.);
#11162 = LINE('',#11163,#11164);
#11163 = CARTESIAN_POINT('',(-1.680085640382,4.160171280765,1.75));
#11164 = VECTOR('',#11165,1.);
#11165 = DIRECTION('',(1.,1.110223024625E-16,0.));
#11166 = ORIENTED_EDGE('',*,*,#11131,.F.);
#11167 = B_SPLINE_SURFACE_WITH_KNOTS('',1,1,(
    (#11168,#11169)
    ,(#11170,#11171
    )),.UNSPECIFIED.,.F.,.F.,.F.,(2,2),(2,2),(0.,3.475),(0.,1.),
  .PIECEWISE_BEZIER_KNOTS.);
#11168 = CARTESIAN_POINT('',(-1.7375,4.275,1.025));
#11169 = CARTESIAN_POINT('',(-1.680085640382,4.160171280765,1.75));
#11170 = CARTESIAN_POINT('',(1.7375,4.275,1.025));
#11171 = CARTESIAN_POINT('',(1.680085640382,4.160171280765,1.75));
#11172 = ADVANCED_FACE('',(#11173),#11190,.F.);
#11173 = FACE_BOUND('',#11174,.F.);
#11174 = EDGE_LOOP('',(#11175,#11176,#11183,#11189));
#11175 = ORIENTED_EDGE('',*,*,#9918,.T.);
#11176 = ORIENTED_EDGE('',*,*,#11177,.T.);
#11177 = EDGE_CURVE('',#9911,#11178,#11180,.T.);
#11178 = VERTEX_POINT('',#11179);
#11179 = CARTESIAN_POINT('',(1.760171280765,4.080085640382,1.75));
#11180 = B_SPLINE_CURVE_WITH_KNOTS('',1,(#11181,#11182),.UNSPECIFIED.,
  .F.,.F.,(2,2),(0.,1.),.PIECEWISE_BEZIER_KNOTS.);
#11181 = CARTESIAN_POINT('',(1.875,4.1375,1.025));
#11182 = CARTESIAN_POINT('',(1.760171280765,4.080085640382,1.75));
#11183 = ORIENTED_EDGE('',*,*,#11184,.F.);
#11184 = EDGE_CURVE('',#11155,#11178,#11185,.T.);
#11185 = LINE('',#11186,#11187);
#11186 = CARTESIAN_POINT('',(1.680085640382,4.160171280765,1.75));
#11187 = VECTOR('',#11188,1.);
#11188 = DIRECTION('',(0.707106781187,-0.707106781187,0.));
#11189 = ORIENTED_EDGE('',*,*,#11154,.F.);
#11190 = B_SPLINE_SURFACE_WITH_KNOTS('',1,1,(
    (#11191,#11192)
    ,(#11193,#11194
    )),.UNSPECIFIED.,.F.,.F.,.F.,(2,2),(2,2),(0.,0.194454364826),(0.,1.)
  ,.PIECEWISE_BEZIER_KNOTS.);
#11191 = CARTESIAN_POINT('',(1.7375,4.275,1.025));
#11192 = CARTESIAN_POINT('',(1.680085640382,4.160171280765,1.75));
#11193 = CARTESIAN_POINT('',(1.875,4.1375,1.025));
#11194 = CARTESIAN_POINT('',(1.760171280765,4.080085640382,1.75));
#11195 = ADVANCED_FACE('',(#11196),#11325,.F.);
#11196 = FACE_BOUND('',#11197,.F.);
#11197 = EDGE_LOOP('',(#11198,#11199,#11207,#11215,#11223,#11231,#11239,
    #11247,#11255,#11263,#11271,#11279,#11287,#11295,#11303,#11311,
    #11318,#11324));
#11198 = ORIENTED_EDGE('',*,*,#9910,.T.);
#11199 = ORIENTED_EDGE('',*,*,#11200,.T.);
#11200 = EDGE_CURVE('',#9903,#11201,#11203,.T.);
#11201 = VERTEX_POINT('',#11202);
#11202 = CARTESIAN_POINT('',(1.875,3.605,1.025));
#11203 = LINE('',#11204,#11205);
#11204 = CARTESIAN_POINT('',(1.875,4.1375,1.025));
#11205 = VECTOR('',#11206,1.);
#11206 = DIRECTION('',(1.110223024625E-16,-1.,0.));
#11207 = ORIENTED_EDGE('',*,*,#11208,.T.);
#11208 = EDGE_CURVE('',#11201,#11209,#11211,.T.);
#11209 = VERTEX_POINT('',#11210);
#11210 = CARTESIAN_POINT('',(1.875,2.745,1.025));
#11211 = LINE('',#11212,#11213);
#11212 = CARTESIAN_POINT('',(1.875,4.1375,1.025));
#11213 = VECTOR('',#11214,1.);
#11214 = DIRECTION('',(1.110223024625E-16,-1.,0.));
#11215 = ORIENTED_EDGE('',*,*,#11216,.T.);
#11216 = EDGE_CURVE('',#11209,#11217,#11219,.T.);
#11217 = VERTEX_POINT('',#11218);
#11218 = CARTESIAN_POINT('',(1.875,2.335,1.025));
#11219 = LINE('',#11220,#11221);
#11220 = CARTESIAN_POINT('',(1.875,4.1375,1.025));
#11221 = VECTOR('',#11222,1.);
#11222 = DIRECTION('',(1.110223024625E-16,-1.,0.));
#11223 = ORIENTED_EDGE('',*,*,#11224,.T.);
#11224 = EDGE_CURVE('',#11217,#11225,#11227,.T.);
#11225 = VERTEX_POINT('',#11226);
#11226 = CARTESIAN_POINT('',(1.875,1.475,1.025));
#11227 = LINE('',#11228,#11229);
#11228 = CARTESIAN_POINT('',(1.875,4.1375,1.025));
#11229 = VECTOR('',#11230,1.);
#11230 = DIRECTION('',(1.110223024625E-16,-1.,0.));
#11231 = ORIENTED_EDGE('',*,*,#11232,.T.);
#11232 = EDGE_CURVE('',#11225,#11233,#11235,.T.);
#11233 = VERTEX_POINT('',#11234);
#11234 = CARTESIAN_POINT('',(1.875,1.065,1.025));
#11235 = LINE('',#11236,#11237);
#11236 = CARTESIAN_POINT('',(1.875,4.1375,1.025));
#11237 = VECTOR('',#11238,1.);
#11238 = DIRECTION('',(1.110223024625E-16,-1.,0.));
#11239 = ORIENTED_EDGE('',*,*,#11240,.T.);
#11240 = EDGE_CURVE('',#11233,#11241,#11243,.T.);
#11241 = VERTEX_POINT('',#11242);
#11242 = CARTESIAN_POINT('',(1.875,0.205,1.025));
#11243 = LINE('',#11244,#11245);
#11244 = CARTESIAN_POINT('',(1.875,4.1375,1.025));
#11245 = VECTOR('',#11246,1.);
#11246 = DIRECTION('',(1.110223024625E-16,-1.,0.));
#11247 = ORIENTED_EDGE('',*,*,#11248,.T.);
#11248 = EDGE_CURVE('',#11241,#11249,#11251,.T.);
#11249 = VERTEX_POINT('',#11250);
#11250 = CARTESIAN_POINT('',(1.875,-0.205,1.025));
#11251 = LINE('',#11252,#11253);
#11252 = CARTESIAN_POINT('',(1.875,4.1375,1.025));
#11253 = VECTOR('',#11254,1.);
#11254 = DIRECTION('',(1.110223024625E-16,-1.,0.));
#11255 = ORIENTED_EDGE('',*,*,#11256,.T.);
#11256 = EDGE_CURVE('',#11249,#11257,#11259,.T.);
#11257 = VERTEX_POINT('',#11258);
#11258 = CARTESIAN_POINT('',(1.875,-1.065,1.025));
#11259 = LINE('',#11260,#11261);
#11260 = CARTESIAN_POINT('',(1.875,4.1375,1.025));
#11261 = VECTOR('',#11262,1.);
#11262 = DIRECTION('',(1.110223024625E-16,-1.,0.));
#11263 = ORIENTED_EDGE('',*,*,#11264,.T.);
#11264 = EDGE_CURVE('',#11257,#11265,#11267,.T.);
#11265 = VERTEX_POINT('',#11266);
#11266 = CARTESIAN_POINT('',(1.875,-1.475,1.025));
#11267 = LINE('',#11268,#11269);
#11268 = CARTESIAN_POINT('',(1.875,4.1375,1.025));
#11269 = VECTOR('',#11270,1.);
#11270 = DIRECTION('',(1.110223024625E-16,-1.,0.));
#11271 = ORIENTED_EDGE('',*,*,#11272,.T.);
#11272 = EDGE_CURVE('',#11265,#11273,#11275,.T.);
#11273 = VERTEX_POINT('',#11274);
#11274 = CARTESIAN_POINT('',(1.875,-2.335,1.025));
#11275 = LINE('',#11276,#11277);
#11276 = CARTESIAN_POINT('',(1.875,4.1375,1.025));
#11277 = VECTOR('',#11278,1.);
#11278 = DIRECTION('',(1.110223024625E-16,-1.,0.));
#11279 = ORIENTED_EDGE('',*,*,#11280,.T.);
#11280 = EDGE_CURVE('',#11273,#11281,#11283,.T.);
#11281 = VERTEX_POINT('',#11282);
#11282 = CARTESIAN_POINT('',(1.875,-2.745,1.025));
#11283 = LINE('',#11284,#11285);
#11284 = CARTESIAN_POINT('',(1.875,4.1375,1.025));
#11285 = VECTOR('',#11286,1.);
#11286 = DIRECTION('',(1.110223024625E-16,-1.,0.));
#11287 = ORIENTED_EDGE('',*,*,#11288,.T.);
#11288 = EDGE_CURVE('',#11281,#11289,#11291,.T.);
#11289 = VERTEX_POINT('',#11290);
#11290 = CARTESIAN_POINT('',(1.875,-3.605,1.025));
#11291 = LINE('',#11292,#11293);
#11292 = CARTESIAN_POINT('',(1.875,4.1375,1.025));
#11293 = VECTOR('',#11294,1.);
#11294 = DIRECTION('',(1.110223024625E-16,-1.,0.));
#11295 = ORIENTED_EDGE('',*,*,#11296,.T.);
#11296 = EDGE_CURVE('',#11289,#11297,#11299,.T.);
#11297 = VERTEX_POINT('',#11298);
#11298 = CARTESIAN_POINT('',(1.875,-4.015,1.025));
#11299 = LINE('',#11300,#11301);
#11300 = CARTESIAN_POINT('',(1.875,4.1375,1.025));
#11301 = VECTOR('',#11302,1.);
#11302 = DIRECTION('',(1.110223024625E-16,-1.,0.));
#11303 = ORIENTED_EDGE('',*,*,#11304,.T.);
#11304 = EDGE_CURVE('',#11297,#11305,#11307,.T.);
#11305 = VERTEX_POINT('',#11306);
#11306 = CARTESIAN_POINT('',(1.875,-4.1375,1.025));
#11307 = LINE('',#11308,#11309);
#11308 = CARTESIAN_POINT('',(1.875,4.1375,1.025));
#11309 = VECTOR('',#11310,1.);
#11310 = DIRECTION('',(1.110223024625E-16,-1.,0.));
#11311 = ORIENTED_EDGE('',*,*,#11312,.T.);
#11312 = EDGE_CURVE('',#11305,#11313,#11315,.T.);
#11313 = VERTEX_POINT('',#11314);
#11314 = CARTESIAN_POINT('',(1.760171280765,-4.080085640382,1.75));
#11315 = B_SPLINE_CURVE_WITH_KNOTS('',1,(#11316,#11317),.UNSPECIFIED.,
  .F.,.F.,(2,2),(0.,1.),.PIECEWISE_BEZIER_KNOTS.);
#11316 = CARTESIAN_POINT('',(1.875,-4.1375,1.025));
#11317 = CARTESIAN_POINT('',(1.760171280765,-4.080085640382,1.75));
#11318 = ORIENTED_EDGE('',*,*,#11319,.F.);
#11319 = EDGE_CURVE('',#11178,#11313,#11320,.T.);
#11320 = LINE('',#11321,#11322);
#11321 = CARTESIAN_POINT('',(1.760171280765,4.080085640382,1.75));
#11322 = VECTOR('',#11323,1.);
#11323 = DIRECTION('',(1.110223024625E-16,-1.,0.));
#11324 = ORIENTED_EDGE('',*,*,#11177,.F.);
#11325 = B_SPLINE_SURFACE_WITH_KNOTS('',1,1,(
    (#11326,#11327)
    ,(#11328,#11329
    )),.UNSPECIFIED.,.F.,.F.,.F.,(2,2),(2,2),(0.,8.275),(0.,1.),
  .PIECEWISE_BEZIER_KNOTS.);
#11326 = CARTESIAN_POINT('',(1.875,4.1375,1.025));
#11327 = CARTESIAN_POINT('',(1.760171280765,4.080085640382,1.75));
#11328 = CARTESIAN_POINT('',(1.875,-4.1375,1.025));
#11329 = CARTESIAN_POINT('',(1.760171280765,-4.080085640382,1.75));
#11330 = ADVANCED_FACE('',(#11331),#11363,.F.);
#11331 = FACE_BOUND('',#11332,.F.);
#11332 = EDGE_LOOP('',(#11333,#11341,#11349,#11355,#11361,#11362));
#11333 = ORIENTED_EDGE('',*,*,#11334,.F.);
#11334 = EDGE_CURVE('',#11335,#9895,#11337,.T.);
#11335 = VERTEX_POINT('',#11336);
#11336 = CARTESIAN_POINT('',(2.25,4.015,1.025));
#11337 = LINE('',#11338,#11339);
#11338 = CARTESIAN_POINT('',(2.25,4.015,1.025));
#11339 = VECTOR('',#11340,1.);
#11340 = DIRECTION('',(-1.,-1.110223024625E-16,0.));
#11341 = ORIENTED_EDGE('',*,*,#11342,.T.);
#11342 = EDGE_CURVE('',#11335,#11343,#11345,.T.);
#11343 = VERTEX_POINT('',#11344);
#11344 = CARTESIAN_POINT('',(2.25,3.605,1.025));
#11345 = LINE('',#11346,#11347);
#11346 = CARTESIAN_POINT('',(2.25,4.015,1.025));
#11347 = VECTOR('',#11348,1.);
#11348 = DIRECTION('',(1.110223024625E-16,-1.,0.));
#11349 = ORIENTED_EDGE('',*,*,#11350,.T.);
#11350 = EDGE_CURVE('',#11343,#10487,#11351,.T.);
#11351 = LINE('',#11352,#11353);
#11352 = CARTESIAN_POINT('',(2.25,3.605,1.025));
#11353 = VECTOR('',#11354,1.);
#11354 = DIRECTION('',(-1.,-1.110223024625E-16,0.));
#11355 = ORIENTED_EDGE('',*,*,#11356,.T.);
#11356 = EDGE_CURVE('',#10487,#11201,#11357,.T.);
#11357 = LINE('',#11358,#11359);
#11358 = CARTESIAN_POINT('',(2.25,3.605,1.025));
#11359 = VECTOR('',#11360,1.);
#11360 = DIRECTION('',(-1.,-1.110223024625E-16,0.));
#11361 = ORIENTED_EDGE('',*,*,#11200,.F.);
#11362 = ORIENTED_EDGE('',*,*,#9902,.F.);
#11363 = PLANE('',#11364);
#11364 = AXIS2_PLACEMENT_3D('',#11365,#11366,#11367);
#11365 = CARTESIAN_POINT('',(2.25,4.015,1.025));
#11366 = DIRECTION('',(0.,0.,-1.));
#11367 = DIRECTION('',(-1.,-1.110223024625E-16,-0.));
#11368 = ADVANCED_FACE('',(#11369),#11412,.F.);
#11369 = FACE_BOUND('',#11370,.F.);
#11370 = EDGE_LOOP('',(#11371,#11372,#11378,#11379,#11387,#11395,#11401,
    #11402,#11408,#11409,#11410,#11411));
#11371 = ORIENTED_EDGE('',*,*,#10004,.T.);
#11372 = ORIENTED_EDGE('',*,*,#11373,.T.);
#11373 = EDGE_CURVE('',#9997,#10999,#11374,.T.);
#11374 = LINE('',#11375,#11376);
#11375 = CARTESIAN_POINT('',(-2.25,-4.015,1.025));
#11376 = VECTOR('',#11377,1.);
#11377 = DIRECTION('',(1.,-1.144237745222E-17,0.));
#11378 = ORIENTED_EDGE('',*,*,#10996,.F.);
#11379 = ORIENTED_EDGE('',*,*,#11380,.F.);
#11380 = EDGE_CURVE('',#11381,#10997,#11383,.T.);
#11381 = VERTEX_POINT('',#11382);
#11382 = CARTESIAN_POINT('',(-1.7375,-4.275,1.025));
#11383 = LINE('',#11384,#11385);
#11384 = CARTESIAN_POINT('',(-1.7375,-4.275,1.025));
#11385 = VECTOR('',#11386,1.);
#11386 = DIRECTION('',(-0.707106781187,0.707106781187,0.));
#11387 = ORIENTED_EDGE('',*,*,#11388,.F.);
#11388 = EDGE_CURVE('',#11389,#11381,#11391,.T.);
#11389 = VERTEX_POINT('',#11390);
#11390 = CARTESIAN_POINT('',(1.7375,-4.275,1.025));
#11391 = LINE('',#11392,#11393);
#11392 = CARTESIAN_POINT('',(1.7375,-4.275,1.025));
#11393 = VECTOR('',#11394,1.);
#11394 = DIRECTION('',(-1.,-1.110223024625E-16,0.));
#11395 = ORIENTED_EDGE('',*,*,#11396,.F.);
#11396 = EDGE_CURVE('',#11305,#11389,#11397,.T.);
#11397 = LINE('',#11398,#11399);
#11398 = CARTESIAN_POINT('',(1.875,-4.1375,1.025));
#11399 = VECTOR('',#11400,1.);
#11400 = DIRECTION('',(-0.707106781187,-0.707106781187,0.));
#11401 = ORIENTED_EDGE('',*,*,#11304,.F.);
#11402 = ORIENTED_EDGE('',*,*,#11403,.F.);
#11403 = EDGE_CURVE('',#10859,#11297,#11404,.T.);
#11404 = LINE('',#11405,#11406);
#11405 = CARTESIAN_POINT('',(2.25,-4.015,1.025));
#11406 = VECTOR('',#11407,1.);
#11407 = DIRECTION('',(-1.,-1.110223024625E-16,0.));
#11408 = ORIENTED_EDGE('',*,*,#10874,.T.);
#11409 = ORIENTED_EDGE('',*,*,#10919,.T.);
#11410 = ORIENTED_EDGE('',*,*,#10936,.T.);
#11411 = ORIENTED_EDGE('',*,*,#10890,.T.);
#11412 = PLANE('',#11413);
#11413 = AXIS2_PLACEMENT_3D('',#11414,#11415,#11416);
#11414 = CARTESIAN_POINT('',(-5.13650187581E-16,4.3125,1.025));
#11415 = DIRECTION('',(2.007919022419E-31,1.243053547621E-27,-1.));
#11416 = DIRECTION('',(1.,9.251540906623E-17,2.00791902242E-31));
#11417 = ADVANCED_FACE('',(#11418),#11504,.F.);
#11418 = FACE_BOUND('',#11419,.F.);
#11419 = EDGE_LOOP('',(#11420,#11421,#11422,#11431,#11439,#11448,#11456,
    #11464,#11472,#11481,#11489,#11498));
#11420 = ORIENTED_EDGE('',*,*,#9996,.F.);
#11421 = ORIENTED_EDGE('',*,*,#10018,.T.);
#11422 = ORIENTED_EDGE('',*,*,#11423,.T.);
#11423 = EDGE_CURVE('',#10019,#11424,#11426,.T.);
#11424 = VERTEX_POINT('',#11425);
#11425 = CARTESIAN_POINT('',(-2.348480775301,-4.015,0.742364817767));
#11426 = CIRCLE('',#11427,0.1);
#11427 = AXIS2_PLACEMENT_3D('',#11428,#11429,#11430);
#11428 = CARTESIAN_POINT('',(-2.25,-4.015,0.725));
#11429 = DIRECTION('',(-1.144237745222E-17,-1.,3.483726818625E-47));
#11430 = DIRECTION('',(-4.440892098501E-15,5.081436361563E-32,1.));
#11431 = ORIENTED_EDGE('',*,*,#11432,.T.);
#11432 = EDGE_CURVE('',#11424,#11433,#11435,.T.);
#11433 = VERTEX_POINT('',#11434);
#11434 = CARTESIAN_POINT('',(-2.429496640897,-4.015,0.2479055467));
#11435 = LINE('',#11436,#11437);
#11436 = CARTESIAN_POINT('',(-2.348480775301,-4.015,0.742364817767));
#11437 = VECTOR('',#11438,1.);
#11438 = DIRECTION('',(-0.161691392282,1.85013394127E-18,-0.986841372087
    ));
#11439 = ORIENTED_EDGE('',*,*,#11440,.T.);
#11440 = EDGE_CURVE('',#11433,#11441,#11443,.T.);
#11441 = VERTEX_POINT('',#11442);
#11442 = CARTESIAN_POINT('',(-2.724938966801,-4.015,-1.665334536938E-16)
  );
#11443 = CIRCLE('',#11444,0.3);
#11444 = AXIS2_PLACEMENT_3D('',#11445,#11446,#11447);
#11445 = CARTESIAN_POINT('',(-2.724938966801,-4.015,0.3));
#11446 = DIRECTION('',(1.144237745222E-17,1.,8.679168028915E-34));
#11447 = DIRECTION('',(0.984807753012,-1.126854202784E-17,
    -0.173648177667));
#11448 = ORIENTED_EDGE('',*,*,#11449,.T.);
#11449 = EDGE_CURVE('',#11441,#11450,#11452,.T.);
#11450 = VERTEX_POINT('',#11451);
#11451 = CARTESIAN_POINT('',(-3.,-4.015,-1.665334536938E-16));
#11452 = LINE('',#11453,#11454);
#11453 = CARTESIAN_POINT('',(-2.724938966801,-4.015,-1.665334536938E-16)
  );
#11454 = VECTOR('',#11455,1.);
#11455 = DIRECTION('',(-1.,1.144237745222E-17,0.));
#11456 = ORIENTED_EDGE('',*,*,#11457,.T.);
#11457 = EDGE_CURVE('',#11450,#11458,#11460,.T.);
#11458 = VERTEX_POINT('',#11459);
#11459 = CARTESIAN_POINT('',(-3.,-4.015,0.2));
#11460 = LINE('',#11461,#11462);
#11461 = CARTESIAN_POINT('',(-3.,-4.015,-1.665334536938E-16));
#11462 = VECTOR('',#11463,1.);
#11463 = DIRECTION('',(0.,0.,1.));
#11464 = ORIENTED_EDGE('',*,*,#11465,.T.);
#11465 = EDGE_CURVE('',#11458,#11466,#11468,.T.);
#11466 = VERTEX_POINT('',#11467);
#11467 = CARTESIAN_POINT('',(-2.724938966801,-4.015,0.2));
#11468 = LINE('',#11469,#11470);
#11469 = CARTESIAN_POINT('',(-3.,-4.015,0.2));
#11470 = VECTOR('',#11471,1.);
#11471 = DIRECTION('',(1.,-1.144237745222E-17,0.));
#11472 = ORIENTED_EDGE('',*,*,#11473,.T.);
#11473 = EDGE_CURVE('',#11466,#11474,#11476,.T.);
#11474 = VERTEX_POINT('',#11475);
#11475 = CARTESIAN_POINT('',(-2.6264581915,-4.015,0.282635182233));
#11476 = CIRCLE('',#11477,0.1);
#11477 = AXIS2_PLACEMENT_3D('',#11478,#11479,#11480);
#11478 = CARTESIAN_POINT('',(-2.724938966801,-4.015,0.3));
#11479 = DIRECTION('',(-1.144237745222E-17,-1.,-0.));
#11480 = DIRECTION('',(0.,0.,-1.));
#11481 = ORIENTED_EDGE('',*,*,#11482,.T.);
#11482 = EDGE_CURVE('',#11474,#11483,#11485,.T.);
#11483 = VERTEX_POINT('',#11484);
#11484 = CARTESIAN_POINT('',(-2.545442325904,-4.015,0.7770944533));
#11485 = LINE('',#11486,#11487);
#11486 = CARTESIAN_POINT('',(-2.6264581915,-4.015,0.282635182233));
#11487 = VECTOR('',#11488,1.);
#11488 = DIRECTION('',(0.161691392282,-1.85013394127E-18,0.986841372087)
  );
#11489 = ORIENTED_EDGE('',*,*,#11490,.T.);
#11490 = EDGE_CURVE('',#11483,#11491,#11493,.T.);
#11491 = VERTEX_POINT('',#11492);
#11492 = CARTESIAN_POINT('',(-2.25,-4.015,1.025));
#11493 = CIRCLE('',#11494,0.3);
#11494 = AXIS2_PLACEMENT_3D('',#11495,#11496,#11497);
#11495 = CARTESIAN_POINT('',(-2.25,-4.015,0.725));
#11496 = DIRECTION('',(1.144237745222E-17,1.,8.679168028915E-34));
#11497 = DIRECTION('',(-0.984807753012,1.126854202784E-17,0.173648177667
    ));
#11498 = ORIENTED_EDGE('',*,*,#11499,.T.);
#11499 = EDGE_CURVE('',#11491,#9997,#11500,.T.);
#11500 = LINE('',#11501,#11502);
#11501 = CARTESIAN_POINT('',(-2.25,-4.015,1.025));
#11502 = VECTOR('',#11503,1.);
#11503 = DIRECTION('',(1.,-1.144237745222E-17,0.));
#11504 = PLANE('',#11505);
#11505 = AXIS2_PLACEMENT_3D('',#11506,#11507,#11508);
#11506 = CARTESIAN_POINT('',(-2.42560961319,-4.015,0.548953137803));
#11507 = DIRECTION('',(1.144237745222E-17,1.,0.));
#11508 = DIRECTION('',(0.,-0.,1.));
#11509 = ADVANCED_FACE('',(#11510),#11529,.F.);
#11510 = FACE_BOUND('',#11511,.F.);
#11511 = EDGE_LOOP('',(#11512,#11513,#11522,#11528));
#11512 = ORIENTED_EDGE('',*,*,#10035,.T.);
#11513 = ORIENTED_EDGE('',*,*,#11514,.T.);
#11514 = EDGE_CURVE('',#10028,#11515,#11517,.T.);
#11515 = VERTEX_POINT('',#11516);
#11516 = CARTESIAN_POINT('',(-2.348480775301,-3.605,0.742364817767));
#11517 = CIRCLE('',#11518,0.1);
#11518 = AXIS2_PLACEMENT_3D('',#11519,#11520,#11521);
#11519 = CARTESIAN_POINT('',(-2.25,-3.605,0.725));
#11520 = DIRECTION('',(-1.144237745222E-17,-1.,3.483726818625E-47));
#11521 = DIRECTION('',(-4.440892098501E-15,5.081436361563E-32,1.));
#11522 = ORIENTED_EDGE('',*,*,#11523,.F.);
#11523 = EDGE_CURVE('',#11424,#11515,#11524,.T.);
#11524 = LINE('',#11525,#11526);
#11525 = CARTESIAN_POINT('',(-2.348480775301,-4.015,0.742364817767));
#11526 = VECTOR('',#11527,1.);
#11527 = DIRECTION('',(1.144237745222E-17,1.,0.));
#11528 = ORIENTED_EDGE('',*,*,#11423,.F.);
#11529 = CYLINDRICAL_SURFACE('',#11530,0.1);
#11530 = AXIS2_PLACEMENT_3D('',#11531,#11532,#11533);
#11531 = CARTESIAN_POINT('',(-2.25,-4.015,0.725));
#11532 = DIRECTION('',(-1.144237745222E-17,-1.,0.));
#11533 = DIRECTION('',(-4.440892098501E-15,5.081436361563E-32,1.));
#11534 = ADVANCED_FACE('',(#11535),#11613,.T.);
#11535 = FACE_BOUND('',#11536,.T.);
#11536 = EDGE_LOOP('',(#11537,#11538,#11539,#11540,#11548,#11557,#11565,
    #11573,#11581,#11590,#11598,#11607));
#11537 = ORIENTED_EDGE('',*,*,#10049,.F.);
#11538 = ORIENTED_EDGE('',*,*,#10027,.T.);
#11539 = ORIENTED_EDGE('',*,*,#11514,.T.);
#11540 = ORIENTED_EDGE('',*,*,#11541,.T.);
#11541 = EDGE_CURVE('',#11515,#11542,#11544,.T.);
#11542 = VERTEX_POINT('',#11543);
#11543 = CARTESIAN_POINT('',(-2.429496640897,-3.605,0.2479055467));
#11544 = LINE('',#11545,#11546);
#11545 = CARTESIAN_POINT('',(-2.348480775301,-3.605,0.742364817767));
#11546 = VECTOR('',#11547,1.);
#11547 = DIRECTION('',(-0.161691392282,1.85013394127E-18,-0.986841372087
    ));
#11548 = ORIENTED_EDGE('',*,*,#11549,.T.);
#11549 = EDGE_CURVE('',#11542,#11550,#11552,.T.);
#11550 = VERTEX_POINT('',#11551);
#11551 = CARTESIAN_POINT('',(-2.724938966801,-3.605,-1.665334536938E-16)
  );
#11552 = CIRCLE('',#11553,0.3);
#11553 = AXIS2_PLACEMENT_3D('',#11554,#11555,#11556);
#11554 = CARTESIAN_POINT('',(-2.724938966801,-3.605,0.3));
#11555 = DIRECTION('',(1.144237745222E-17,1.,8.679168028915E-34));
#11556 = DIRECTION('',(0.984807753012,-1.126854202784E-17,
    -0.173648177667));
#11557 = ORIENTED_EDGE('',*,*,#11558,.T.);
#11558 = EDGE_CURVE('',#11550,#11559,#11561,.T.);
#11559 = VERTEX_POINT('',#11560);
#11560 = CARTESIAN_POINT('',(-3.,-3.605,-1.665334536938E-16));
#11561 = LINE('',#11562,#11563);
#11562 = CARTESIAN_POINT('',(-2.724938966801,-3.605,-1.665334536938E-16)
  );
#11563 = VECTOR('',#11564,1.);
#11564 = DIRECTION('',(-1.,1.144237745222E-17,0.));
#11565 = ORIENTED_EDGE('',*,*,#11566,.T.);
#11566 = EDGE_CURVE('',#11559,#11567,#11569,.T.);
#11567 = VERTEX_POINT('',#11568);
#11568 = CARTESIAN_POINT('',(-3.,-3.605,0.2));
#11569 = LINE('',#11570,#11571);
#11570 = CARTESIAN_POINT('',(-3.,-3.605,-1.665334536938E-16));
#11571 = VECTOR('',#11572,1.);
#11572 = DIRECTION('',(0.,0.,1.));
#11573 = ORIENTED_EDGE('',*,*,#11574,.T.);
#11574 = EDGE_CURVE('',#11567,#11575,#11577,.T.);
#11575 = VERTEX_POINT('',#11576);
#11576 = CARTESIAN_POINT('',(-2.724938966801,-3.605,0.2));
#11577 = LINE('',#11578,#11579);
#11578 = CARTESIAN_POINT('',(-3.,-3.605,0.2));
#11579 = VECTOR('',#11580,1.);
#11580 = DIRECTION('',(1.,-1.144237745222E-17,0.));
#11581 = ORIENTED_EDGE('',*,*,#11582,.T.);
#11582 = EDGE_CURVE('',#11575,#11583,#11585,.T.);
#11583 = VERTEX_POINT('',#11584);
#11584 = CARTESIAN_POINT('',(-2.6264581915,-3.605,0.282635182233));
#11585 = CIRCLE('',#11586,0.1);
#11586 = AXIS2_PLACEMENT_3D('',#11587,#11588,#11589);
#11587 = CARTESIAN_POINT('',(-2.724938966801,-3.605,0.3));
#11588 = DIRECTION('',(-1.144237745222E-17,-1.,-0.));
#11589 = DIRECTION('',(0.,0.,-1.));
#11590 = ORIENTED_EDGE('',*,*,#11591,.T.);
#11591 = EDGE_CURVE('',#11583,#11592,#11594,.T.);
#11592 = VERTEX_POINT('',#11593);
#11593 = CARTESIAN_POINT('',(-2.545442325904,-3.605,0.7770944533));
#11594 = LINE('',#11595,#11596);
#11595 = CARTESIAN_POINT('',(-2.6264581915,-3.605,0.282635182233));
#11596 = VECTOR('',#11597,1.);
#11597 = DIRECTION('',(0.161691392282,-1.85013394127E-18,0.986841372087)
  );
#11598 = ORIENTED_EDGE('',*,*,#11599,.T.);
#11599 = EDGE_CURVE('',#11592,#11600,#11602,.T.);
#11600 = VERTEX_POINT('',#11601);
#11601 = CARTESIAN_POINT('',(-2.25,-3.605,1.025));
#11602 = CIRCLE('',#11603,0.3);
#11603 = AXIS2_PLACEMENT_3D('',#11604,#11605,#11606);
#11604 = CARTESIAN_POINT('',(-2.25,-3.605,0.725));
#11605 = DIRECTION('',(1.144237745222E-17,1.,8.679168028915E-34));
#11606 = DIRECTION('',(-0.984807753012,1.126854202784E-17,0.173648177667
    ));
#11607 = ORIENTED_EDGE('',*,*,#11608,.T.);
#11608 = EDGE_CURVE('',#11600,#10050,#11609,.T.);
#11609 = LINE('',#11610,#11611);
#11610 = CARTESIAN_POINT('',(-2.25,-3.605,1.025));
#11611 = VECTOR('',#11612,1.);
#11612 = DIRECTION('',(1.,-1.144237745222E-17,0.));
#11613 = PLANE('',#11614);
#11614 = AXIS2_PLACEMENT_3D('',#11615,#11616,#11617);
#11615 = CARTESIAN_POINT('',(-2.42560961319,-3.605,0.548953137803));
#11616 = DIRECTION('',(1.144237745222E-17,1.,0.));
#11617 = DIRECTION('',(0.,-0.,1.));
#11618 = ADVANCED_FACE('',(#11619),#11635,.F.);
#11619 = FACE_BOUND('',#11620,.F.);
#11620 = EDGE_LOOP('',(#11621,#11622,#11628,#11629));
#11621 = ORIENTED_EDGE('',*,*,#10066,.T.);
#11622 = ORIENTED_EDGE('',*,*,#11623,.T.);
#11623 = EDGE_CURVE('',#10059,#11015,#11624,.T.);
#11624 = LINE('',#11625,#11626);
#11625 = CARTESIAN_POINT('',(-2.25,-2.745,1.025));
#11626 = VECTOR('',#11627,1.);
#11627 = DIRECTION('',(1.,-1.144237745222E-17,0.));
#11628 = ORIENTED_EDGE('',*,*,#11014,.F.);
#11629 = ORIENTED_EDGE('',*,*,#11630,.F.);
#11630 = EDGE_CURVE('',#10050,#11007,#11631,.T.);
#11631 = LINE('',#11632,#11633);
#11632 = CARTESIAN_POINT('',(-2.25,-3.605,1.025));
#11633 = VECTOR('',#11634,1.);
#11634 = DIRECTION('',(1.,-1.144237745222E-17,0.));
#11635 = PLANE('',#11636);
#11636 = AXIS2_PLACEMENT_3D('',#11637,#11638,#11639);
#11637 = CARTESIAN_POINT('',(-5.13650187581E-16,4.3125,1.025));
#11638 = DIRECTION('',(2.007919022419E-31,1.243053547621E-27,-1.));
#11639 = DIRECTION('',(1.,9.251540906623E-17,2.00791902242E-31));
#11640 = ADVANCED_FACE('',(#11641),#11727,.F.);
#11641 = FACE_BOUND('',#11642,.F.);
#11642 = EDGE_LOOP('',(#11643,#11644,#11645,#11654,#11662,#11671,#11679,
    #11687,#11695,#11704,#11712,#11721));
#11643 = ORIENTED_EDGE('',*,*,#10058,.F.);
#11644 = ORIENTED_EDGE('',*,*,#10080,.T.);
#11645 = ORIENTED_EDGE('',*,*,#11646,.T.);
#11646 = EDGE_CURVE('',#10081,#11647,#11649,.T.);
#11647 = VERTEX_POINT('',#11648);
#11648 = CARTESIAN_POINT('',(-2.348480775301,-2.745,0.742364817767));
#11649 = CIRCLE('',#11650,0.1);
#11650 = AXIS2_PLACEMENT_3D('',#11651,#11652,#11653);
#11651 = CARTESIAN_POINT('',(-2.25,-2.745,0.725));
#11652 = DIRECTION('',(-1.144237745222E-17,-1.,3.483726818625E-47));
#11653 = DIRECTION('',(-4.440892098501E-15,5.081436361563E-32,1.));
#11654 = ORIENTED_EDGE('',*,*,#11655,.T.);
#11655 = EDGE_CURVE('',#11647,#11656,#11658,.T.);
#11656 = VERTEX_POINT('',#11657);
#11657 = CARTESIAN_POINT('',(-2.429496640897,-2.745,0.2479055467));
#11658 = LINE('',#11659,#11660);
#11659 = CARTESIAN_POINT('',(-2.348480775301,-2.745,0.742364817767));
#11660 = VECTOR('',#11661,1.);
#11661 = DIRECTION('',(-0.161691392282,1.85013394127E-18,-0.986841372087
    ));
#11662 = ORIENTED_EDGE('',*,*,#11663,.T.);
#11663 = EDGE_CURVE('',#11656,#11664,#11666,.T.);
#11664 = VERTEX_POINT('',#11665);
#11665 = CARTESIAN_POINT('',(-2.724938966801,-2.745,-1.665334536938E-16)
  );
#11666 = CIRCLE('',#11667,0.3);
#11667 = AXIS2_PLACEMENT_3D('',#11668,#11669,#11670);
#11668 = CARTESIAN_POINT('',(-2.724938966801,-2.745,0.3));
#11669 = DIRECTION('',(1.144237745222E-17,1.,8.679168028915E-34));
#11670 = DIRECTION('',(0.984807753012,-1.126854202784E-17,
    -0.173648177667));
#11671 = ORIENTED_EDGE('',*,*,#11672,.T.);
#11672 = EDGE_CURVE('',#11664,#11673,#11675,.T.);
#11673 = VERTEX_POINT('',#11674);
#11674 = CARTESIAN_POINT('',(-3.,-2.745,-1.665334536938E-16));
#11675 = LINE('',#11676,#11677);
#11676 = CARTESIAN_POINT('',(-2.724938966801,-2.745,-1.665334536938E-16)
  );
#11677 = VECTOR('',#11678,1.);
#11678 = DIRECTION('',(-1.,1.144237745222E-17,0.));
#11679 = ORIENTED_EDGE('',*,*,#11680,.T.);
#11680 = EDGE_CURVE('',#11673,#11681,#11683,.T.);
#11681 = VERTEX_POINT('',#11682);
#11682 = CARTESIAN_POINT('',(-3.,-2.745,0.2));
#11683 = LINE('',#11684,#11685);
#11684 = CARTESIAN_POINT('',(-3.,-2.745,-1.665334536938E-16));
#11685 = VECTOR('',#11686,1.);
#11686 = DIRECTION('',(0.,0.,1.));
#11687 = ORIENTED_EDGE('',*,*,#11688,.T.);
#11688 = EDGE_CURVE('',#11681,#11689,#11691,.T.);
#11689 = VERTEX_POINT('',#11690);
#11690 = CARTESIAN_POINT('',(-2.724938966801,-2.745,0.2));
#11691 = LINE('',#11692,#11693);
#11692 = CARTESIAN_POINT('',(-3.,-2.745,0.2));
#11693 = VECTOR('',#11694,1.);
#11694 = DIRECTION('',(1.,-1.144237745222E-17,0.));
#11695 = ORIENTED_EDGE('',*,*,#11696,.T.);
#11696 = EDGE_CURVE('',#11689,#11697,#11699,.T.);
#11697 = VERTEX_POINT('',#11698);
#11698 = CARTESIAN_POINT('',(-2.6264581915,-2.745,0.282635182233));
#11699 = CIRCLE('',#11700,0.1);
#11700 = AXIS2_PLACEMENT_3D('',#11701,#11702,#11703);
#11701 = CARTESIAN_POINT('',(-2.724938966801,-2.745,0.3));
#11702 = DIRECTION('',(-1.144237745222E-17,-1.,-0.));
#11703 = DIRECTION('',(0.,0.,-1.));
#11704 = ORIENTED_EDGE('',*,*,#11705,.T.);
#11705 = EDGE_CURVE('',#11697,#11706,#11708,.T.);
#11706 = VERTEX_POINT('',#11707);
#11707 = CARTESIAN_POINT('',(-2.545442325904,-2.745,0.7770944533));
#11708 = LINE('',#11709,#11710);
#11709 = CARTESIAN_POINT('',(-2.6264581915,-2.745,0.282635182233));
#11710 = VECTOR('',#11711,1.);
#11711 = DIRECTION('',(0.161691392282,-1.85013394127E-18,0.986841372087)
  );
#11712 = ORIENTED_EDGE('',*,*,#11713,.T.);
#11713 = EDGE_CURVE('',#11706,#11714,#11716,.T.);
#11714 = VERTEX_POINT('',#11715);
#11715 = CARTESIAN_POINT('',(-2.25,-2.745,1.025));
#11716 = CIRCLE('',#11717,0.3);
#11717 = AXIS2_PLACEMENT_3D('',#11718,#11719,#11720);
#11718 = CARTESIAN_POINT('',(-2.25,-2.745,0.725));
#11719 = DIRECTION('',(1.144237745222E-17,1.,8.679168028915E-34));
#11720 = DIRECTION('',(-0.984807753012,1.126854202784E-17,0.173648177667
    ));
#11721 = ORIENTED_EDGE('',*,*,#11722,.T.);
#11722 = EDGE_CURVE('',#11714,#10059,#11723,.T.);
#11723 = LINE('',#11724,#11725);
#11724 = CARTESIAN_POINT('',(-2.25,-2.745,1.025));
#11725 = VECTOR('',#11726,1.);
#11726 = DIRECTION('',(1.,-1.144237745222E-17,0.));
#11727 = PLANE('',#11728);
#11728 = AXIS2_PLACEMENT_3D('',#11729,#11730,#11731);
#11729 = CARTESIAN_POINT('',(-2.42560961319,-2.745,0.548953137803));
#11730 = DIRECTION('',(1.144237745222E-17,1.,0.));
#11731 = DIRECTION('',(0.,-0.,1.));
#11732 = ADVANCED_FACE('',(#11733),#11752,.F.);
#11733 = FACE_BOUND('',#11734,.F.);
#11734 = EDGE_LOOP('',(#11735,#11736,#11745,#11751));
#11735 = ORIENTED_EDGE('',*,*,#10097,.T.);
#11736 = ORIENTED_EDGE('',*,*,#11737,.T.);
#11737 = EDGE_CURVE('',#10090,#11738,#11740,.T.);
#11738 = VERTEX_POINT('',#11739);
#11739 = CARTESIAN_POINT('',(-2.348480775301,-2.335,0.742364817767));
#11740 = CIRCLE('',#11741,0.1);
#11741 = AXIS2_PLACEMENT_3D('',#11742,#11743,#11744);
#11742 = CARTESIAN_POINT('',(-2.25,-2.335,0.725));
#11743 = DIRECTION('',(-1.144237745222E-17,-1.,3.483726818625E-47));
#11744 = DIRECTION('',(-4.440892098501E-15,5.081436361563E-32,1.));
#11745 = ORIENTED_EDGE('',*,*,#11746,.F.);
#11746 = EDGE_CURVE('',#11647,#11738,#11747,.T.);
#11747 = LINE('',#11748,#11749);
#11748 = CARTESIAN_POINT('',(-2.348480775301,-2.745,0.742364817767));
#11749 = VECTOR('',#11750,1.);
#11750 = DIRECTION('',(1.144237745222E-17,1.,0.));
#11751 = ORIENTED_EDGE('',*,*,#11646,.F.);
#11752 = CYLINDRICAL_SURFACE('',#11753,0.1);
#11753 = AXIS2_PLACEMENT_3D('',#11754,#11755,#11756);
#11754 = CARTESIAN_POINT('',(-2.25,-2.745,0.725));
#11755 = DIRECTION('',(-1.144237745222E-17,-1.,0.));
#11756 = DIRECTION('',(-4.440892098501E-15,5.081436361563E-32,1.));
#11757 = ADVANCED_FACE('',(#11758),#11836,.T.);
#11758 = FACE_BOUND('',#11759,.T.);
#11759 = EDGE_LOOP('',(#11760,#11761,#11762,#11763,#11771,#11780,#11788,
    #11796,#11804,#11813,#11821,#11830));
#11760 = ORIENTED_EDGE('',*,*,#10111,.F.);
#11761 = ORIENTED_EDGE('',*,*,#10089,.T.);
#11762 = ORIENTED_EDGE('',*,*,#11737,.T.);
#11763 = ORIENTED_EDGE('',*,*,#11764,.T.);
#11764 = EDGE_CURVE('',#11738,#11765,#11767,.T.);
#11765 = VERTEX_POINT('',#11766);
#11766 = CARTESIAN_POINT('',(-2.429496640897,-2.335,0.2479055467));
#11767 = LINE('',#11768,#11769);
#11768 = CARTESIAN_POINT('',(-2.348480775301,-2.335,0.742364817767));
#11769 = VECTOR('',#11770,1.);
#11770 = DIRECTION('',(-0.161691392282,1.85013394127E-18,-0.986841372087
    ));
#11771 = ORIENTED_EDGE('',*,*,#11772,.T.);
#11772 = EDGE_CURVE('',#11765,#11773,#11775,.T.);
#11773 = VERTEX_POINT('',#11774);
#11774 = CARTESIAN_POINT('',(-2.724938966801,-2.335,-1.665334536938E-16)
  );
#11775 = CIRCLE('',#11776,0.3);
#11776 = AXIS2_PLACEMENT_3D('',#11777,#11778,#11779);
#11777 = CARTESIAN_POINT('',(-2.724938966801,-2.335,0.3));
#11778 = DIRECTION('',(1.144237745222E-17,1.,8.679168028915E-34));
#11779 = DIRECTION('',(0.984807753012,-1.126854202784E-17,
    -0.173648177667));
#11780 = ORIENTED_EDGE('',*,*,#11781,.T.);
#11781 = EDGE_CURVE('',#11773,#11782,#11784,.T.);
#11782 = VERTEX_POINT('',#11783);
#11783 = CARTESIAN_POINT('',(-3.,-2.335,-1.665334536938E-16));
#11784 = LINE('',#11785,#11786);
#11785 = CARTESIAN_POINT('',(-2.724938966801,-2.335,-1.665334536938E-16)
  );
#11786 = VECTOR('',#11787,1.);
#11787 = DIRECTION('',(-1.,1.144237745222E-17,0.));
#11788 = ORIENTED_EDGE('',*,*,#11789,.T.);
#11789 = EDGE_CURVE('',#11782,#11790,#11792,.T.);
#11790 = VERTEX_POINT('',#11791);
#11791 = CARTESIAN_POINT('',(-3.,-2.335,0.2));
#11792 = LINE('',#11793,#11794);
#11793 = CARTESIAN_POINT('',(-3.,-2.335,-1.665334536938E-16));
#11794 = VECTOR('',#11795,1.);
#11795 = DIRECTION('',(0.,0.,1.));
#11796 = ORIENTED_EDGE('',*,*,#11797,.T.);
#11797 = EDGE_CURVE('',#11790,#11798,#11800,.T.);
#11798 = VERTEX_POINT('',#11799);
#11799 = CARTESIAN_POINT('',(-2.724938966801,-2.335,0.2));
#11800 = LINE('',#11801,#11802);
#11801 = CARTESIAN_POINT('',(-3.,-2.335,0.2));
#11802 = VECTOR('',#11803,1.);
#11803 = DIRECTION('',(1.,-1.144237745222E-17,0.));
#11804 = ORIENTED_EDGE('',*,*,#11805,.T.);
#11805 = EDGE_CURVE('',#11798,#11806,#11808,.T.);
#11806 = VERTEX_POINT('',#11807);
#11807 = CARTESIAN_POINT('',(-2.6264581915,-2.335,0.282635182233));
#11808 = CIRCLE('',#11809,0.1);
#11809 = AXIS2_PLACEMENT_3D('',#11810,#11811,#11812);
#11810 = CARTESIAN_POINT('',(-2.724938966801,-2.335,0.3));
#11811 = DIRECTION('',(-1.144237745222E-17,-1.,-0.));
#11812 = DIRECTION('',(0.,0.,-1.));
#11813 = ORIENTED_EDGE('',*,*,#11814,.T.);
#11814 = EDGE_CURVE('',#11806,#11815,#11817,.T.);
#11815 = VERTEX_POINT('',#11816);
#11816 = CARTESIAN_POINT('',(-2.545442325904,-2.335,0.7770944533));
#11817 = LINE('',#11818,#11819);
#11818 = CARTESIAN_POINT('',(-2.6264581915,-2.335,0.282635182233));
#11819 = VECTOR('',#11820,1.);
#11820 = DIRECTION('',(0.161691392282,-1.85013394127E-18,0.986841372087)
  );
#11821 = ORIENTED_EDGE('',*,*,#11822,.T.);
#11822 = EDGE_CURVE('',#11815,#11823,#11825,.T.);
#11823 = VERTEX_POINT('',#11824);
#11824 = CARTESIAN_POINT('',(-2.25,-2.335,1.025));
#11825 = CIRCLE('',#11826,0.3);
#11826 = AXIS2_PLACEMENT_3D('',#11827,#11828,#11829);
#11827 = CARTESIAN_POINT('',(-2.25,-2.335,0.725));
#11828 = DIRECTION('',(1.144237745222E-17,1.,8.679168028915E-34));
#11829 = DIRECTION('',(-0.984807753012,1.126854202784E-17,0.173648177667
    ));
#11830 = ORIENTED_EDGE('',*,*,#11831,.T.);
#11831 = EDGE_CURVE('',#11823,#10112,#11832,.T.);
#11832 = LINE('',#11833,#11834);
#11833 = CARTESIAN_POINT('',(-2.25,-2.335,1.025));
#11834 = VECTOR('',#11835,1.);
#11835 = DIRECTION('',(1.,-1.144237745222E-17,0.));
#11836 = PLANE('',#11837);
#11837 = AXIS2_PLACEMENT_3D('',#11838,#11839,#11840);
#11838 = CARTESIAN_POINT('',(-2.42560961319,-2.335,0.548953137803));
#11839 = DIRECTION('',(1.144237745222E-17,1.,0.));
#11840 = DIRECTION('',(0.,-0.,1.));
#11841 = ADVANCED_FACE('',(#11842),#11858,.F.);
#11842 = FACE_BOUND('',#11843,.F.);
#11843 = EDGE_LOOP('',(#11844,#11845,#11851,#11852));
#11844 = ORIENTED_EDGE('',*,*,#10128,.T.);
#11845 = ORIENTED_EDGE('',*,*,#11846,.T.);
#11846 = EDGE_CURVE('',#10121,#11031,#11847,.T.);
#11847 = LINE('',#11848,#11849);
#11848 = CARTESIAN_POINT('',(-2.25,-1.475,1.025));
#11849 = VECTOR('',#11850,1.);
#11850 = DIRECTION('',(1.,-1.144237745222E-17,0.));
#11851 = ORIENTED_EDGE('',*,*,#11030,.F.);
#11852 = ORIENTED_EDGE('',*,*,#11853,.F.);
#11853 = EDGE_CURVE('',#10112,#11023,#11854,.T.);
#11854 = LINE('',#11855,#11856);
#11855 = CARTESIAN_POINT('',(-2.25,-2.335,1.025));
#11856 = VECTOR('',#11857,1.);
#11857 = DIRECTION('',(1.,-1.144237745222E-17,0.));
#11858 = PLANE('',#11859);
#11859 = AXIS2_PLACEMENT_3D('',#11860,#11861,#11862);
#11860 = CARTESIAN_POINT('',(-5.13650187581E-16,4.3125,1.025));
#11861 = DIRECTION('',(2.007919022419E-31,1.243053547621E-27,-1.));
#11862 = DIRECTION('',(1.,9.251540906623E-17,2.00791902242E-31));
#11863 = ADVANCED_FACE('',(#11864),#11950,.F.);
#11864 = FACE_BOUND('',#11865,.F.);
#11865 = EDGE_LOOP('',(#11866,#11867,#11868,#11877,#11885,#11894,#11902,
    #11910,#11918,#11927,#11935,#11944));
#11866 = ORIENTED_EDGE('',*,*,#10120,.F.);
#11867 = ORIENTED_EDGE('',*,*,#10142,.T.);
#11868 = ORIENTED_EDGE('',*,*,#11869,.T.);
#11869 = EDGE_CURVE('',#10143,#11870,#11872,.T.);
#11870 = VERTEX_POINT('',#11871);
#11871 = CARTESIAN_POINT('',(-2.348480775301,-1.475,0.742364817767));
#11872 = CIRCLE('',#11873,0.1);
#11873 = AXIS2_PLACEMENT_3D('',#11874,#11875,#11876);
#11874 = CARTESIAN_POINT('',(-2.25,-1.475,0.725));
#11875 = DIRECTION('',(-1.144237745222E-17,-1.,3.483726818625E-47));
#11876 = DIRECTION('',(-4.440892098501E-15,5.081436361563E-32,1.));
#11877 = ORIENTED_EDGE('',*,*,#11878,.T.);
#11878 = EDGE_CURVE('',#11870,#11879,#11881,.T.);
#11879 = VERTEX_POINT('',#11880);
#11880 = CARTESIAN_POINT('',(-2.429496640897,-1.475,0.2479055467));
#11881 = LINE('',#11882,#11883);
#11882 = CARTESIAN_POINT('',(-2.348480775301,-1.475,0.742364817767));
#11883 = VECTOR('',#11884,1.);
#11884 = DIRECTION('',(-0.161691392282,1.85013394127E-18,-0.986841372087
    ));
#11885 = ORIENTED_EDGE('',*,*,#11886,.T.);
#11886 = EDGE_CURVE('',#11879,#11887,#11889,.T.);
#11887 = VERTEX_POINT('',#11888);
#11888 = CARTESIAN_POINT('',(-2.724938966801,-1.475,-1.665334536938E-16)
  );
#11889 = CIRCLE('',#11890,0.3);
#11890 = AXIS2_PLACEMENT_3D('',#11891,#11892,#11893);
#11891 = CARTESIAN_POINT('',(-2.724938966801,-1.475,0.3));
#11892 = DIRECTION('',(1.144237745222E-17,1.,8.679168028915E-34));
#11893 = DIRECTION('',(0.984807753012,-1.126854202784E-17,
    -0.173648177667));
#11894 = ORIENTED_EDGE('',*,*,#11895,.T.);
#11895 = EDGE_CURVE('',#11887,#11896,#11898,.T.);
#11896 = VERTEX_POINT('',#11897);
#11897 = CARTESIAN_POINT('',(-3.,-1.475,-1.665334536938E-16));
#11898 = LINE('',#11899,#11900);
#11899 = CARTESIAN_POINT('',(-2.724938966801,-1.475,-1.665334536938E-16)
  );
#11900 = VECTOR('',#11901,1.);
#11901 = DIRECTION('',(-1.,1.144237745222E-17,0.));
#11902 = ORIENTED_EDGE('',*,*,#11903,.T.);
#11903 = EDGE_CURVE('',#11896,#11904,#11906,.T.);
#11904 = VERTEX_POINT('',#11905);
#11905 = CARTESIAN_POINT('',(-3.,-1.475,0.2));
#11906 = LINE('',#11907,#11908);
#11907 = CARTESIAN_POINT('',(-3.,-1.475,-1.665334536938E-16));
#11908 = VECTOR('',#11909,1.);
#11909 = DIRECTION('',(0.,0.,1.));
#11910 = ORIENTED_EDGE('',*,*,#11911,.T.);
#11911 = EDGE_CURVE('',#11904,#11912,#11914,.T.);
#11912 = VERTEX_POINT('',#11913);
#11913 = CARTESIAN_POINT('',(-2.724938966801,-1.475,0.2));
#11914 = LINE('',#11915,#11916);
#11915 = CARTESIAN_POINT('',(-3.,-1.475,0.2));
#11916 = VECTOR('',#11917,1.);
#11917 = DIRECTION('',(1.,-1.144237745222E-17,0.));
#11918 = ORIENTED_EDGE('',*,*,#11919,.T.);
#11919 = EDGE_CURVE('',#11912,#11920,#11922,.T.);
#11920 = VERTEX_POINT('',#11921);
#11921 = CARTESIAN_POINT('',(-2.6264581915,-1.475,0.282635182233));
#11922 = CIRCLE('',#11923,0.1);
#11923 = AXIS2_PLACEMENT_3D('',#11924,#11925,#11926);
#11924 = CARTESIAN_POINT('',(-2.724938966801,-1.475,0.3));
#11925 = DIRECTION('',(-1.144237745222E-17,-1.,-0.));
#11926 = DIRECTION('',(0.,0.,-1.));
#11927 = ORIENTED_EDGE('',*,*,#11928,.T.);
#11928 = EDGE_CURVE('',#11920,#11929,#11931,.T.);
#11929 = VERTEX_POINT('',#11930);
#11930 = CARTESIAN_POINT('',(-2.545442325904,-1.475,0.7770944533));
#11931 = LINE('',#11932,#11933);
#11932 = CARTESIAN_POINT('',(-2.6264581915,-1.475,0.282635182233));
#11933 = VECTOR('',#11934,1.);
#11934 = DIRECTION('',(0.161691392282,-1.85013394127E-18,0.986841372087)
  );
#11935 = ORIENTED_EDGE('',*,*,#11936,.T.);
#11936 = EDGE_CURVE('',#11929,#11937,#11939,.T.);
#11937 = VERTEX_POINT('',#11938);
#11938 = CARTESIAN_POINT('',(-2.25,-1.475,1.025));
#11939 = CIRCLE('',#11940,0.3);
#11940 = AXIS2_PLACEMENT_3D('',#11941,#11942,#11943);
#11941 = CARTESIAN_POINT('',(-2.25,-1.475,0.725));
#11942 = DIRECTION('',(1.144237745222E-17,1.,8.679168028915E-34));
#11943 = DIRECTION('',(-0.984807753012,1.126854202784E-17,0.173648177667
    ));
#11944 = ORIENTED_EDGE('',*,*,#11945,.T.);
#11945 = EDGE_CURVE('',#11937,#10121,#11946,.T.);
#11946 = LINE('',#11947,#11948);
#11947 = CARTESIAN_POINT('',(-2.25,-1.475,1.025));
#11948 = VECTOR('',#11949,1.);
#11949 = DIRECTION('',(1.,-1.144237745222E-17,0.));
#11950 = PLANE('',#11951);
#11951 = AXIS2_PLACEMENT_3D('',#11952,#11953,#11954);
#11952 = CARTESIAN_POINT('',(-2.42560961319,-1.475,0.548953137803));
#11953 = DIRECTION('',(1.144237745222E-17,1.,0.));
#11954 = DIRECTION('',(0.,-0.,1.));
#11955 = ADVANCED_FACE('',(#11956),#11975,.F.);
#11956 = FACE_BOUND('',#11957,.F.);
#11957 = EDGE_LOOP('',(#11958,#11959,#11968,#11974));
#11958 = ORIENTED_EDGE('',*,*,#10159,.T.);
#11959 = ORIENTED_EDGE('',*,*,#11960,.T.);
#11960 = EDGE_CURVE('',#10152,#11961,#11963,.T.);
#11961 = VERTEX_POINT('',#11962);
#11962 = CARTESIAN_POINT('',(-2.348480775301,-1.065,0.742364817767));
#11963 = CIRCLE('',#11964,0.1);
#11964 = AXIS2_PLACEMENT_3D('',#11965,#11966,#11967);
#11965 = CARTESIAN_POINT('',(-2.25,-1.065,0.725));
#11966 = DIRECTION('',(-1.144237745222E-17,-1.,3.483726818625E-47));
#11967 = DIRECTION('',(-4.440892098501E-15,5.081436361563E-32,1.));
#11968 = ORIENTED_EDGE('',*,*,#11969,.F.);
#11969 = EDGE_CURVE('',#11870,#11961,#11970,.T.);
#11970 = LINE('',#11971,#11972);
#11971 = CARTESIAN_POINT('',(-2.348480775301,-1.475,0.742364817767));
#11972 = VECTOR('',#11973,1.);
#11973 = DIRECTION('',(1.144237745222E-17,1.,0.));
#11974 = ORIENTED_EDGE('',*,*,#11869,.F.);
#11975 = CYLINDRICAL_SURFACE('',#11976,0.1);
#11976 = AXIS2_PLACEMENT_3D('',#11977,#11978,#11979);
#11977 = CARTESIAN_POINT('',(-2.25,-1.475,0.725));
#11978 = DIRECTION('',(-1.144237745222E-17,-1.,0.));
#11979 = DIRECTION('',(-4.440892098501E-15,5.081436361563E-32,1.));
#11980 = ADVANCED_FACE('',(#11981),#12059,.T.);
#11981 = FACE_BOUND('',#11982,.T.);
#11982 = EDGE_LOOP('',(#11983,#11984,#11985,#11986,#11994,#12003,#12011,
    #12019,#12027,#12036,#12044,#12053));
#11983 = ORIENTED_EDGE('',*,*,#10173,.F.);
#11984 = ORIENTED_EDGE('',*,*,#10151,.T.);
#11985 = ORIENTED_EDGE('',*,*,#11960,.T.);
#11986 = ORIENTED_EDGE('',*,*,#11987,.T.);
#11987 = EDGE_CURVE('',#11961,#11988,#11990,.T.);
#11988 = VERTEX_POINT('',#11989);
#11989 = CARTESIAN_POINT('',(-2.429496640897,-1.065,0.2479055467));
#11990 = LINE('',#11991,#11992);
#11991 = CARTESIAN_POINT('',(-2.348480775301,-1.065,0.742364817767));
#11992 = VECTOR('',#11993,1.);
#11993 = DIRECTION('',(-0.161691392282,1.85013394127E-18,-0.986841372087
    ));
#11994 = ORIENTED_EDGE('',*,*,#11995,.T.);
#11995 = EDGE_CURVE('',#11988,#11996,#11998,.T.);
#11996 = VERTEX_POINT('',#11997);
#11997 = CARTESIAN_POINT('',(-2.724938966801,-1.065,-1.665334536938E-16)
  );
#11998 = CIRCLE('',#11999,0.3);
#11999 = AXIS2_PLACEMENT_3D('',#12000,#12001,#12002);
#12000 = CARTESIAN_POINT('',(-2.724938966801,-1.065,0.3));
#12001 = DIRECTION('',(1.144237745222E-17,1.,8.679168028915E-34));
#12002 = DIRECTION('',(0.984807753012,-1.126854202784E-17,
    -0.173648177667));
#12003 = ORIENTED_EDGE('',*,*,#12004,.T.);
#12004 = EDGE_CURVE('',#11996,#12005,#12007,.T.);
#12005 = VERTEX_POINT('',#12006);
#12006 = CARTESIAN_POINT('',(-3.,-1.065,-1.665334536938E-16));
#12007 = LINE('',#12008,#12009);
#12008 = CARTESIAN_POINT('',(-2.724938966801,-1.065,-1.665334536938E-16)
  );
#12009 = VECTOR('',#12010,1.);
#12010 = DIRECTION('',(-1.,1.144237745222E-17,0.));
#12011 = ORIENTED_EDGE('',*,*,#12012,.T.);
#12012 = EDGE_CURVE('',#12005,#12013,#12015,.T.);
#12013 = VERTEX_POINT('',#12014);
#12014 = CARTESIAN_POINT('',(-3.,-1.065,0.2));
#12015 = LINE('',#12016,#12017);
#12016 = CARTESIAN_POINT('',(-3.,-1.065,-1.665334536938E-16));
#12017 = VECTOR('',#12018,1.);
#12018 = DIRECTION('',(0.,0.,1.));
#12019 = ORIENTED_EDGE('',*,*,#12020,.T.);
#12020 = EDGE_CURVE('',#12013,#12021,#12023,.T.);
#12021 = VERTEX_POINT('',#12022);
#12022 = CARTESIAN_POINT('',(-2.724938966801,-1.065,0.2));
#12023 = LINE('',#12024,#12025);
#12024 = CARTESIAN_POINT('',(-3.,-1.065,0.2));
#12025 = VECTOR('',#12026,1.);
#12026 = DIRECTION('',(1.,-1.144237745222E-17,0.));
#12027 = ORIENTED_EDGE('',*,*,#12028,.T.);
#12028 = EDGE_CURVE('',#12021,#12029,#12031,.T.);
#12029 = VERTEX_POINT('',#12030);
#12030 = CARTESIAN_POINT('',(-2.6264581915,-1.065,0.282635182233));
#12031 = CIRCLE('',#12032,0.1);
#12032 = AXIS2_PLACEMENT_3D('',#12033,#12034,#12035);
#12033 = CARTESIAN_POINT('',(-2.724938966801,-1.065,0.3));
#12034 = DIRECTION('',(-1.144237745222E-17,-1.,-0.));
#12035 = DIRECTION('',(0.,0.,-1.));
#12036 = ORIENTED_EDGE('',*,*,#12037,.T.);
#12037 = EDGE_CURVE('',#12029,#12038,#12040,.T.);
#12038 = VERTEX_POINT('',#12039);
#12039 = CARTESIAN_POINT('',(-2.545442325904,-1.065,0.7770944533));
#12040 = LINE('',#12041,#12042);
#12041 = CARTESIAN_POINT('',(-2.6264581915,-1.065,0.282635182233));
#12042 = VECTOR('',#12043,1.);
#12043 = DIRECTION('',(0.161691392282,-1.85013394127E-18,0.986841372087)
  );
#12044 = ORIENTED_EDGE('',*,*,#12045,.T.);
#12045 = EDGE_CURVE('',#12038,#12046,#12048,.T.);
#12046 = VERTEX_POINT('',#12047);
#12047 = CARTESIAN_POINT('',(-2.25,-1.065,1.025));
#12048 = CIRCLE('',#12049,0.3);
#12049 = AXIS2_PLACEMENT_3D('',#12050,#12051,#12052);
#12050 = CARTESIAN_POINT('',(-2.25,-1.065,0.725));
#12051 = DIRECTION('',(1.144237745222E-17,1.,8.679168028915E-34));
#12052 = DIRECTION('',(-0.984807753012,1.126854202784E-17,0.173648177667
    ));
#12053 = ORIENTED_EDGE('',*,*,#12054,.T.);
#12054 = EDGE_CURVE('',#12046,#10174,#12055,.T.);
#12055 = LINE('',#12056,#12057);
#12056 = CARTESIAN_POINT('',(-2.25,-1.065,1.025));
#12057 = VECTOR('',#12058,1.);
#12058 = DIRECTION('',(1.,-1.144237745222E-17,0.));
#12059 = PLANE('',#12060);
#12060 = AXIS2_PLACEMENT_3D('',#12061,#12062,#12063);
#12061 = CARTESIAN_POINT('',(-2.42560961319,-1.065,0.548953137803));
#12062 = DIRECTION('',(1.144237745222E-17,1.,0.));
#12063 = DIRECTION('',(0.,-0.,1.));
#12064 = ADVANCED_FACE('',(#12065),#12081,.F.);
#12065 = FACE_BOUND('',#12066,.F.);
#12066 = EDGE_LOOP('',(#12067,#12068,#12074,#12075));
#12067 = ORIENTED_EDGE('',*,*,#10190,.T.);
#12068 = ORIENTED_EDGE('',*,*,#12069,.T.);
#12069 = EDGE_CURVE('',#10183,#11047,#12070,.T.);
#12070 = LINE('',#12071,#12072);
#12071 = CARTESIAN_POINT('',(-2.25,-0.205,1.025));
#12072 = VECTOR('',#12073,1.);
#12073 = DIRECTION('',(1.,-1.144237745222E-17,0.));
#12074 = ORIENTED_EDGE('',*,*,#11046,.F.);
#12075 = ORIENTED_EDGE('',*,*,#12076,.F.);
#12076 = EDGE_CURVE('',#10174,#11039,#12077,.T.);
#12077 = LINE('',#12078,#12079);
#12078 = CARTESIAN_POINT('',(-2.25,-1.065,1.025));
#12079 = VECTOR('',#12080,1.);
#12080 = DIRECTION('',(1.,-1.144237745222E-17,0.));
#12081 = PLANE('',#12082);
#12082 = AXIS2_PLACEMENT_3D('',#12083,#12084,#12085);
#12083 = CARTESIAN_POINT('',(-5.13650187581E-16,4.3125,1.025));
#12084 = DIRECTION('',(2.007919022419E-31,1.243053547621E-27,-1.));
#12085 = DIRECTION('',(1.,9.251540906623E-17,2.00791902242E-31));
#12086 = ADVANCED_FACE('',(#12087),#12173,.F.);
#12087 = FACE_BOUND('',#12088,.F.);
#12088 = EDGE_LOOP('',(#12089,#12090,#12091,#12100,#12108,#12117,#12125,
    #12133,#12141,#12150,#12158,#12167));
#12089 = ORIENTED_EDGE('',*,*,#10182,.F.);
#12090 = ORIENTED_EDGE('',*,*,#10204,.T.);
#12091 = ORIENTED_EDGE('',*,*,#12092,.T.);
#12092 = EDGE_CURVE('',#10205,#12093,#12095,.T.);
#12093 = VERTEX_POINT('',#12094);
#12094 = CARTESIAN_POINT('',(-2.348480775301,-0.205,0.742364817767));
#12095 = CIRCLE('',#12096,0.1);
#12096 = AXIS2_PLACEMENT_3D('',#12097,#12098,#12099);
#12097 = CARTESIAN_POINT('',(-2.25,-0.205,0.725));
#12098 = DIRECTION('',(-1.144237745222E-17,-1.,3.483726818625E-47));
#12099 = DIRECTION('',(-4.440892098501E-15,5.081436361563E-32,1.));
#12100 = ORIENTED_EDGE('',*,*,#12101,.T.);
#12101 = EDGE_CURVE('',#12093,#12102,#12104,.T.);
#12102 = VERTEX_POINT('',#12103);
#12103 = CARTESIAN_POINT('',(-2.429496640897,-0.205,0.2479055467));
#12104 = LINE('',#12105,#12106);
#12105 = CARTESIAN_POINT('',(-2.348480775301,-0.205,0.742364817767));
#12106 = VECTOR('',#12107,1.);
#12107 = DIRECTION('',(-0.161691392282,1.85013394127E-18,-0.986841372087
    ));
#12108 = ORIENTED_EDGE('',*,*,#12109,.T.);
#12109 = EDGE_CURVE('',#12102,#12110,#12112,.T.);
#12110 = VERTEX_POINT('',#12111);
#12111 = CARTESIAN_POINT('',(-2.724938966801,-0.205,-1.665334536938E-16)
  );
#12112 = CIRCLE('',#12113,0.3);
#12113 = AXIS2_PLACEMENT_3D('',#12114,#12115,#12116);
#12114 = CARTESIAN_POINT('',(-2.724938966801,-0.205,0.3));
#12115 = DIRECTION('',(1.144237745222E-17,1.,8.679168028915E-34));
#12116 = DIRECTION('',(0.984807753012,-1.126854202784E-17,
    -0.173648177667));
#12117 = ORIENTED_EDGE('',*,*,#12118,.T.);
#12118 = EDGE_CURVE('',#12110,#12119,#12121,.T.);
#12119 = VERTEX_POINT('',#12120);
#12120 = CARTESIAN_POINT('',(-3.,-0.205,-1.665334536938E-16));
#12121 = LINE('',#12122,#12123);
#12122 = CARTESIAN_POINT('',(-2.724938966801,-0.205,-1.665334536938E-16)
  );
#12123 = VECTOR('',#12124,1.);
#12124 = DIRECTION('',(-1.,1.144237745222E-17,0.));
#12125 = ORIENTED_EDGE('',*,*,#12126,.T.);
#12126 = EDGE_CURVE('',#12119,#12127,#12129,.T.);
#12127 = VERTEX_POINT('',#12128);
#12128 = CARTESIAN_POINT('',(-3.,-0.205,0.2));
#12129 = LINE('',#12130,#12131);
#12130 = CARTESIAN_POINT('',(-3.,-0.205,-1.665334536938E-16));
#12131 = VECTOR('',#12132,1.);
#12132 = DIRECTION('',(0.,0.,1.));
#12133 = ORIENTED_EDGE('',*,*,#12134,.T.);
#12134 = EDGE_CURVE('',#12127,#12135,#12137,.T.);
#12135 = VERTEX_POINT('',#12136);
#12136 = CARTESIAN_POINT('',(-2.724938966801,-0.205,0.2));
#12137 = LINE('',#12138,#12139);
#12138 = CARTESIAN_POINT('',(-3.,-0.205,0.2));
#12139 = VECTOR('',#12140,1.);
#12140 = DIRECTION('',(1.,-1.144237745222E-17,0.));
#12141 = ORIENTED_EDGE('',*,*,#12142,.T.);
#12142 = EDGE_CURVE('',#12135,#12143,#12145,.T.);
#12143 = VERTEX_POINT('',#12144);
#12144 = CARTESIAN_POINT('',(-2.6264581915,-0.205,0.282635182233));
#12145 = CIRCLE('',#12146,0.1);
#12146 = AXIS2_PLACEMENT_3D('',#12147,#12148,#12149);
#12147 = CARTESIAN_POINT('',(-2.724938966801,-0.205,0.3));
#12148 = DIRECTION('',(-1.144237745222E-17,-1.,-0.));
#12149 = DIRECTION('',(0.,0.,-1.));
#12150 = ORIENTED_EDGE('',*,*,#12151,.T.);
#12151 = EDGE_CURVE('',#12143,#12152,#12154,.T.);
#12152 = VERTEX_POINT('',#12153);
#12153 = CARTESIAN_POINT('',(-2.545442325904,-0.205,0.7770944533));
#12154 = LINE('',#12155,#12156);
#12155 = CARTESIAN_POINT('',(-2.6264581915,-0.205,0.282635182233));
#12156 = VECTOR('',#12157,1.);
#12157 = DIRECTION('',(0.161691392282,-1.85013394127E-18,0.986841372087)
  );
#12158 = ORIENTED_EDGE('',*,*,#12159,.T.);
#12159 = EDGE_CURVE('',#12152,#12160,#12162,.T.);
#12160 = VERTEX_POINT('',#12161);
#12161 = CARTESIAN_POINT('',(-2.25,-0.205,1.025));
#12162 = CIRCLE('',#12163,0.3);
#12163 = AXIS2_PLACEMENT_3D('',#12164,#12165,#12166);
#12164 = CARTESIAN_POINT('',(-2.25,-0.205,0.725));
#12165 = DIRECTION('',(1.144237745222E-17,1.,8.679168028915E-34));
#12166 = DIRECTION('',(-0.984807753012,1.126854202784E-17,0.173648177667
    ));
#12167 = ORIENTED_EDGE('',*,*,#12168,.T.);
#12168 = EDGE_CURVE('',#12160,#10183,#12169,.T.);
#12169 = LINE('',#12170,#12171);
#12170 = CARTESIAN_POINT('',(-2.25,-0.205,1.025));
#12171 = VECTOR('',#12172,1.);
#12172 = DIRECTION('',(1.,-1.144237745222E-17,0.));
#12173 = PLANE('',#12174);
#12174 = AXIS2_PLACEMENT_3D('',#12175,#12176,#12177);
#12175 = CARTESIAN_POINT('',(-2.42560961319,-0.205,0.548953137803));
#12176 = DIRECTION('',(1.144237745222E-17,1.,0.));
#12177 = DIRECTION('',(0.,-0.,1.));
#12178 = ADVANCED_FACE('',(#12179),#12198,.F.);
#12179 = FACE_BOUND('',#12180,.F.);
#12180 = EDGE_LOOP('',(#12181,#12182,#12191,#12197));
#12181 = ORIENTED_EDGE('',*,*,#10221,.T.);
#12182 = ORIENTED_EDGE('',*,*,#12183,.T.);
#12183 = EDGE_CURVE('',#10214,#12184,#12186,.T.);
#12184 = VERTEX_POINT('',#12185);
#12185 = CARTESIAN_POINT('',(-2.348480775301,0.205,0.742364817767));
#12186 = CIRCLE('',#12187,0.1);
#12187 = AXIS2_PLACEMENT_3D('',#12188,#12189,#12190);
#12188 = CARTESIAN_POINT('',(-2.25,0.205,0.725));
#12189 = DIRECTION('',(-1.144237745222E-17,-1.,3.483726818625E-47));
#12190 = DIRECTION('',(-4.440892098501E-15,5.081436361563E-32,1.));
#12191 = ORIENTED_EDGE('',*,*,#12192,.F.);
#12192 = EDGE_CURVE('',#12093,#12184,#12193,.T.);
#12193 = LINE('',#12194,#12195);
#12194 = CARTESIAN_POINT('',(-2.348480775301,-0.205,0.742364817767));
#12195 = VECTOR('',#12196,1.);
#12196 = DIRECTION('',(1.144237745222E-17,1.,0.));
#12197 = ORIENTED_EDGE('',*,*,#12092,.F.);
#12198 = CYLINDRICAL_SURFACE('',#12199,0.1);
#12199 = AXIS2_PLACEMENT_3D('',#12200,#12201,#12202);
#12200 = CARTESIAN_POINT('',(-2.25,-0.205,0.725));
#12201 = DIRECTION('',(-1.144237745222E-17,-1.,0.));
#12202 = DIRECTION('',(-4.440892098501E-15,5.081436361563E-32,1.));
#12203 = ADVANCED_FACE('',(#12204),#12282,.T.);
#12204 = FACE_BOUND('',#12205,.T.);
#12205 = EDGE_LOOP('',(#12206,#12207,#12208,#12209,#12217,#12226,#12234,
    #12242,#12250,#12259,#12267,#12276));
#12206 = ORIENTED_EDGE('',*,*,#10235,.F.);
#12207 = ORIENTED_EDGE('',*,*,#10213,.T.);
#12208 = ORIENTED_EDGE('',*,*,#12183,.T.);
#12209 = ORIENTED_EDGE('',*,*,#12210,.T.);
#12210 = EDGE_CURVE('',#12184,#12211,#12213,.T.);
#12211 = VERTEX_POINT('',#12212);
#12212 = CARTESIAN_POINT('',(-2.429496640897,0.205,0.2479055467));
#12213 = LINE('',#12214,#12215);
#12214 = CARTESIAN_POINT('',(-2.348480775301,0.205,0.742364817767));
#12215 = VECTOR('',#12216,1.);
#12216 = DIRECTION('',(-0.161691392282,1.85013394127E-18,-0.986841372087
    ));
#12217 = ORIENTED_EDGE('',*,*,#12218,.T.);
#12218 = EDGE_CURVE('',#12211,#12219,#12221,.T.);
#12219 = VERTEX_POINT('',#12220);
#12220 = CARTESIAN_POINT('',(-2.724938966801,0.205,-1.665334536938E-16)
  );
#12221 = CIRCLE('',#12222,0.3);
#12222 = AXIS2_PLACEMENT_3D('',#12223,#12224,#12225);
#12223 = CARTESIAN_POINT('',(-2.724938966801,0.205,0.3));
#12224 = DIRECTION('',(1.144237745222E-17,1.,8.679168028915E-34));
#12225 = DIRECTION('',(0.984807753012,-1.126854202784E-17,
    -0.173648177667));
#12226 = ORIENTED_EDGE('',*,*,#12227,.T.);
#12227 = EDGE_CURVE('',#12219,#12228,#12230,.T.);
#12228 = VERTEX_POINT('',#12229);
#12229 = CARTESIAN_POINT('',(-3.,0.205,-1.665334536938E-16));
#12230 = LINE('',#12231,#12232);
#12231 = CARTESIAN_POINT('',(-2.724938966801,0.205,-1.665334536938E-16)
  );
#12232 = VECTOR('',#12233,1.);
#12233 = DIRECTION('',(-1.,1.144237745222E-17,0.));
#12234 = ORIENTED_EDGE('',*,*,#12235,.T.);
#12235 = EDGE_CURVE('',#12228,#12236,#12238,.T.);
#12236 = VERTEX_POINT('',#12237);
#12237 = CARTESIAN_POINT('',(-3.,0.205,0.2));
#12238 = LINE('',#12239,#12240);
#12239 = CARTESIAN_POINT('',(-3.,0.205,-1.665334536938E-16));
#12240 = VECTOR('',#12241,1.);
#12241 = DIRECTION('',(0.,0.,1.));
#12242 = ORIENTED_EDGE('',*,*,#12243,.T.);
#12243 = EDGE_CURVE('',#12236,#12244,#12246,.T.);
#12244 = VERTEX_POINT('',#12245);
#12245 = CARTESIAN_POINT('',(-2.724938966801,0.205,0.2));
#12246 = LINE('',#12247,#12248);
#12247 = CARTESIAN_POINT('',(-3.,0.205,0.2));
#12248 = VECTOR('',#12249,1.);
#12249 = DIRECTION('',(1.,-1.144237745222E-17,0.));
#12250 = ORIENTED_EDGE('',*,*,#12251,.T.);
#12251 = EDGE_CURVE('',#12244,#12252,#12254,.T.);
#12252 = VERTEX_POINT('',#12253);
#12253 = CARTESIAN_POINT('',(-2.6264581915,0.205,0.282635182233));
#12254 = CIRCLE('',#12255,0.1);
#12255 = AXIS2_PLACEMENT_3D('',#12256,#12257,#12258);
#12256 = CARTESIAN_POINT('',(-2.724938966801,0.205,0.3));
#12257 = DIRECTION('',(-1.144237745222E-17,-1.,-0.));
#12258 = DIRECTION('',(0.,0.,-1.));
#12259 = ORIENTED_EDGE('',*,*,#12260,.T.);
#12260 = EDGE_CURVE('',#12252,#12261,#12263,.T.);
#12261 = VERTEX_POINT('',#12262);
#12262 = CARTESIAN_POINT('',(-2.545442325904,0.205,0.7770944533));
#12263 = LINE('',#12264,#12265);
#12264 = CARTESIAN_POINT('',(-2.6264581915,0.205,0.282635182233));
#12265 = VECTOR('',#12266,1.);
#12266 = DIRECTION('',(0.161691392282,-1.85013394127E-18,0.986841372087)
  );
#12267 = ORIENTED_EDGE('',*,*,#12268,.T.);
#12268 = EDGE_CURVE('',#12261,#12269,#12271,.T.);
#12269 = VERTEX_POINT('',#12270);
#12270 = CARTESIAN_POINT('',(-2.25,0.205,1.025));
#12271 = CIRCLE('',#12272,0.3);
#12272 = AXIS2_PLACEMENT_3D('',#12273,#12274,#12275);
#12273 = CARTESIAN_POINT('',(-2.25,0.205,0.725));
#12274 = DIRECTION('',(1.144237745222E-17,1.,8.679168028915E-34));
#12275 = DIRECTION('',(-0.984807753012,1.126854202784E-17,0.173648177667
    ));
#12276 = ORIENTED_EDGE('',*,*,#12277,.T.);
#12277 = EDGE_CURVE('',#12269,#10236,#12278,.T.);
#12278 = LINE('',#12279,#12280);
#12279 = CARTESIAN_POINT('',(-2.25,0.205,1.025));
#12280 = VECTOR('',#12281,1.);
#12281 = DIRECTION('',(1.,-1.144237745222E-17,0.));
#12282 = PLANE('',#12283);
#12283 = AXIS2_PLACEMENT_3D('',#12284,#12285,#12286);
#12284 = CARTESIAN_POINT('',(-2.42560961319,0.205,0.548953137803));
#12285 = DIRECTION('',(1.144237745222E-17,1.,0.));
#12286 = DIRECTION('',(0.,-0.,1.));
#12287 = ADVANCED_FACE('',(#12288),#12304,.F.);
#12288 = FACE_BOUND('',#12289,.F.);
#12289 = EDGE_LOOP('',(#12290,#12291,#12297,#12298));
#12290 = ORIENTED_EDGE('',*,*,#10252,.T.);
#12291 = ORIENTED_EDGE('',*,*,#12292,.T.);
#12292 = EDGE_CURVE('',#10245,#11063,#12293,.T.);
#12293 = LINE('',#12294,#12295);
#12294 = CARTESIAN_POINT('',(-2.25,1.065,1.025));
#12295 = VECTOR('',#12296,1.);
#12296 = DIRECTION('',(1.,-1.144237745222E-17,0.));
#12297 = ORIENTED_EDGE('',*,*,#11062,.F.);
#12298 = ORIENTED_EDGE('',*,*,#12299,.F.);
#12299 = EDGE_CURVE('',#10236,#11055,#12300,.T.);
#12300 = LINE('',#12301,#12302);
#12301 = CARTESIAN_POINT('',(-2.25,0.205,1.025));
#12302 = VECTOR('',#12303,1.);
#12303 = DIRECTION('',(1.,-1.144237745222E-17,0.));
#12304 = PLANE('',#12305);
#12305 = AXIS2_PLACEMENT_3D('',#12306,#12307,#12308);
#12306 = CARTESIAN_POINT('',(-5.13650187581E-16,4.3125,1.025));
#12307 = DIRECTION('',(2.007919022419E-31,1.243053547621E-27,-1.));
#12308 = DIRECTION('',(1.,9.251540906623E-17,2.00791902242E-31));
#12309 = ADVANCED_FACE('',(#12310),#12396,.F.);
#12310 = FACE_BOUND('',#12311,.F.);
#12311 = EDGE_LOOP('',(#12312,#12313,#12314,#12323,#12331,#12340,#12348,
    #12356,#12364,#12373,#12381,#12390));
#12312 = ORIENTED_EDGE('',*,*,#10244,.F.);
#12313 = ORIENTED_EDGE('',*,*,#10266,.T.);
#12314 = ORIENTED_EDGE('',*,*,#12315,.T.);
#12315 = EDGE_CURVE('',#10267,#12316,#12318,.T.);
#12316 = VERTEX_POINT('',#12317);
#12317 = CARTESIAN_POINT('',(-2.348480775301,1.065,0.742364817767));
#12318 = CIRCLE('',#12319,0.1);
#12319 = AXIS2_PLACEMENT_3D('',#12320,#12321,#12322);
#12320 = CARTESIAN_POINT('',(-2.25,1.065,0.725));
#12321 = DIRECTION('',(-1.144237745222E-17,-1.,3.483726818625E-47));
#12322 = DIRECTION('',(-4.440892098501E-15,5.081436361563E-32,1.));
#12323 = ORIENTED_EDGE('',*,*,#12324,.T.);
#12324 = EDGE_CURVE('',#12316,#12325,#12327,.T.);
#12325 = VERTEX_POINT('',#12326);
#12326 = CARTESIAN_POINT('',(-2.429496640897,1.065,0.2479055467));
#12327 = LINE('',#12328,#12329);
#12328 = CARTESIAN_POINT('',(-2.348480775301,1.065,0.742364817767));
#12329 = VECTOR('',#12330,1.);
#12330 = DIRECTION('',(-0.161691392282,1.85013394127E-18,-0.986841372087
    ));
#12331 = ORIENTED_EDGE('',*,*,#12332,.T.);
#12332 = EDGE_CURVE('',#12325,#12333,#12335,.T.);
#12333 = VERTEX_POINT('',#12334);
#12334 = CARTESIAN_POINT('',(-2.724938966801,1.065,-1.665334536938E-16)
  );
#12335 = CIRCLE('',#12336,0.3);
#12336 = AXIS2_PLACEMENT_3D('',#12337,#12338,#12339);
#12337 = CARTESIAN_POINT('',(-2.724938966801,1.065,0.3));
#12338 = DIRECTION('',(1.144237745222E-17,1.,8.679168028915E-34));
#12339 = DIRECTION('',(0.984807753012,-1.126854202784E-17,
    -0.173648177667));
#12340 = ORIENTED_EDGE('',*,*,#12341,.T.);
#12341 = EDGE_CURVE('',#12333,#12342,#12344,.T.);
#12342 = VERTEX_POINT('',#12343);
#12343 = CARTESIAN_POINT('',(-3.,1.065,-1.665334536938E-16));
#12344 = LINE('',#12345,#12346);
#12345 = CARTESIAN_POINT('',(-2.724938966801,1.065,-1.665334536938E-16)
  );
#12346 = VECTOR('',#12347,1.);
#12347 = DIRECTION('',(-1.,1.144237745222E-17,0.));
#12348 = ORIENTED_EDGE('',*,*,#12349,.T.);
#12349 = EDGE_CURVE('',#12342,#12350,#12352,.T.);
#12350 = VERTEX_POINT('',#12351);
#12351 = CARTESIAN_POINT('',(-3.,1.065,0.2));
#12352 = LINE('',#12353,#12354);
#12353 = CARTESIAN_POINT('',(-3.,1.065,-1.665334536938E-16));
#12354 = VECTOR('',#12355,1.);
#12355 = DIRECTION('',(0.,0.,1.));
#12356 = ORIENTED_EDGE('',*,*,#12357,.T.);
#12357 = EDGE_CURVE('',#12350,#12358,#12360,.T.);
#12358 = VERTEX_POINT('',#12359);
#12359 = CARTESIAN_POINT('',(-2.724938966801,1.065,0.2));
#12360 = LINE('',#12361,#12362);
#12361 = CARTESIAN_POINT('',(-3.,1.065,0.2));
#12362 = VECTOR('',#12363,1.);
#12363 = DIRECTION('',(1.,-1.144237745222E-17,0.));
#12364 = ORIENTED_EDGE('',*,*,#12365,.T.);
#12365 = EDGE_CURVE('',#12358,#12366,#12368,.T.);
#12366 = VERTEX_POINT('',#12367);
#12367 = CARTESIAN_POINT('',(-2.6264581915,1.065,0.282635182233));
#12368 = CIRCLE('',#12369,0.1);
#12369 = AXIS2_PLACEMENT_3D('',#12370,#12371,#12372);
#12370 = CARTESIAN_POINT('',(-2.724938966801,1.065,0.3));
#12371 = DIRECTION('',(-1.144237745222E-17,-1.,-0.));
#12372 = DIRECTION('',(0.,0.,-1.));
#12373 = ORIENTED_EDGE('',*,*,#12374,.T.);
#12374 = EDGE_CURVE('',#12366,#12375,#12377,.T.);
#12375 = VERTEX_POINT('',#12376);
#12376 = CARTESIAN_POINT('',(-2.545442325904,1.065,0.7770944533));
#12377 = LINE('',#12378,#12379);
#12378 = CARTESIAN_POINT('',(-2.6264581915,1.065,0.282635182233));
#12379 = VECTOR('',#12380,1.);
#12380 = DIRECTION('',(0.161691392282,-1.85013394127E-18,0.986841372087)
  );
#12381 = ORIENTED_EDGE('',*,*,#12382,.T.);
#12382 = EDGE_CURVE('',#12375,#12383,#12385,.T.);
#12383 = VERTEX_POINT('',#12384);
#12384 = CARTESIAN_POINT('',(-2.25,1.065,1.025));
#12385 = CIRCLE('',#12386,0.3);
#12386 = AXIS2_PLACEMENT_3D('',#12387,#12388,#12389);
#12387 = CARTESIAN_POINT('',(-2.25,1.065,0.725));
#12388 = DIRECTION('',(1.144237745222E-17,1.,8.679168028915E-34));
#12389 = DIRECTION('',(-0.984807753012,1.126854202784E-17,0.173648177667
    ));
#12390 = ORIENTED_EDGE('',*,*,#12391,.T.);
#12391 = EDGE_CURVE('',#12383,#10245,#12392,.T.);
#12392 = LINE('',#12393,#12394);
#12393 = CARTESIAN_POINT('',(-2.25,1.065,1.025));
#12394 = VECTOR('',#12395,1.);
#12395 = DIRECTION('',(1.,-1.144237745222E-17,0.));
#12396 = PLANE('',#12397);
#12397 = AXIS2_PLACEMENT_3D('',#12398,#12399,#12400);
#12398 = CARTESIAN_POINT('',(-2.42560961319,1.065,0.548953137803));
#12399 = DIRECTION('',(1.144237745222E-17,1.,0.));
#12400 = DIRECTION('',(0.,-0.,1.));
#12401 = ADVANCED_FACE('',(#12402),#12421,.F.);
#12402 = FACE_BOUND('',#12403,.F.);
#12403 = EDGE_LOOP('',(#12404,#12405,#12414,#12420));
#12404 = ORIENTED_EDGE('',*,*,#10283,.T.);
#12405 = ORIENTED_EDGE('',*,*,#12406,.T.);
#12406 = EDGE_CURVE('',#10276,#12407,#12409,.T.);
#12407 = VERTEX_POINT('',#12408);
#12408 = CARTESIAN_POINT('',(-2.348480775301,1.475,0.742364817767));
#12409 = CIRCLE('',#12410,0.1);
#12410 = AXIS2_PLACEMENT_3D('',#12411,#12412,#12413);
#12411 = CARTESIAN_POINT('',(-2.25,1.475,0.725));
#12412 = DIRECTION('',(-1.144237745222E-17,-1.,3.483726818625E-47));
#12413 = DIRECTION('',(-4.440892098501E-15,5.081436361563E-32,1.));
#12414 = ORIENTED_EDGE('',*,*,#12415,.F.);
#12415 = EDGE_CURVE('',#12316,#12407,#12416,.T.);
#12416 = LINE('',#12417,#12418);
#12417 = CARTESIAN_POINT('',(-2.348480775301,1.065,0.742364817767));
#12418 = VECTOR('',#12419,1.);
#12419 = DIRECTION('',(1.144237745222E-17,1.,0.));
#12420 = ORIENTED_EDGE('',*,*,#12315,.F.);
#12421 = CYLINDRICAL_SURFACE('',#12422,0.1);
#12422 = AXIS2_PLACEMENT_3D('',#12423,#12424,#12425);
#12423 = CARTESIAN_POINT('',(-2.25,1.065,0.725));
#12424 = DIRECTION('',(-1.144237745222E-17,-1.,0.));
#12425 = DIRECTION('',(-4.440892098501E-15,5.081436361563E-32,1.));
#12426 = ADVANCED_FACE('',(#12427),#12505,.T.);
#12427 = FACE_BOUND('',#12428,.T.);
#12428 = EDGE_LOOP('',(#12429,#12430,#12431,#12432,#12440,#12449,#12457,
    #12465,#12473,#12482,#12490,#12499));
#12429 = ORIENTED_EDGE('',*,*,#10297,.F.);
#12430 = ORIENTED_EDGE('',*,*,#10275,.T.);
#12431 = ORIENTED_EDGE('',*,*,#12406,.T.);
#12432 = ORIENTED_EDGE('',*,*,#12433,.T.);
#12433 = EDGE_CURVE('',#12407,#12434,#12436,.T.);
#12434 = VERTEX_POINT('',#12435);
#12435 = CARTESIAN_POINT('',(-2.429496640897,1.475,0.2479055467));
#12436 = LINE('',#12437,#12438);
#12437 = CARTESIAN_POINT('',(-2.348480775301,1.475,0.742364817767));
#12438 = VECTOR('',#12439,1.);
#12439 = DIRECTION('',(-0.161691392282,1.85013394127E-18,-0.986841372087
    ));
#12440 = ORIENTED_EDGE('',*,*,#12441,.T.);
#12441 = EDGE_CURVE('',#12434,#12442,#12444,.T.);
#12442 = VERTEX_POINT('',#12443);
#12443 = CARTESIAN_POINT('',(-2.724938966801,1.475,-1.665334536938E-16)
  );
#12444 = CIRCLE('',#12445,0.3);
#12445 = AXIS2_PLACEMENT_3D('',#12446,#12447,#12448);
#12446 = CARTESIAN_POINT('',(-2.724938966801,1.475,0.3));
#12447 = DIRECTION('',(1.144237745222E-17,1.,8.679168028915E-34));
#12448 = DIRECTION('',(0.984807753012,-1.126854202784E-17,
    -0.173648177667));
#12449 = ORIENTED_EDGE('',*,*,#12450,.T.);
#12450 = EDGE_CURVE('',#12442,#12451,#12453,.T.);
#12451 = VERTEX_POINT('',#12452);
#12452 = CARTESIAN_POINT('',(-3.,1.475,-1.665334536938E-16));
#12453 = LINE('',#12454,#12455);
#12454 = CARTESIAN_POINT('',(-2.724938966801,1.475,-1.665334536938E-16)
  );
#12455 = VECTOR('',#12456,1.);
#12456 = DIRECTION('',(-1.,1.144237745222E-17,0.));
#12457 = ORIENTED_EDGE('',*,*,#12458,.T.);
#12458 = EDGE_CURVE('',#12451,#12459,#12461,.T.);
#12459 = VERTEX_POINT('',#12460);
#12460 = CARTESIAN_POINT('',(-3.,1.475,0.2));
#12461 = LINE('',#12462,#12463);
#12462 = CARTESIAN_POINT('',(-3.,1.475,-1.665334536938E-16));
#12463 = VECTOR('',#12464,1.);
#12464 = DIRECTION('',(0.,0.,1.));
#12465 = ORIENTED_EDGE('',*,*,#12466,.T.);
#12466 = EDGE_CURVE('',#12459,#12467,#12469,.T.);
#12467 = VERTEX_POINT('',#12468);
#12468 = CARTESIAN_POINT('',(-2.724938966801,1.475,0.2));
#12469 = LINE('',#12470,#12471);
#12470 = CARTESIAN_POINT('',(-3.,1.475,0.2));
#12471 = VECTOR('',#12472,1.);
#12472 = DIRECTION('',(1.,-1.144237745222E-17,0.));
#12473 = ORIENTED_EDGE('',*,*,#12474,.T.);
#12474 = EDGE_CURVE('',#12467,#12475,#12477,.T.);
#12475 = VERTEX_POINT('',#12476);
#12476 = CARTESIAN_POINT('',(-2.6264581915,1.475,0.282635182233));
#12477 = CIRCLE('',#12478,0.1);
#12478 = AXIS2_PLACEMENT_3D('',#12479,#12480,#12481);
#12479 = CARTESIAN_POINT('',(-2.724938966801,1.475,0.3));
#12480 = DIRECTION('',(-1.144237745222E-17,-1.,-0.));
#12481 = DIRECTION('',(0.,0.,-1.));
#12482 = ORIENTED_EDGE('',*,*,#12483,.T.);
#12483 = EDGE_CURVE('',#12475,#12484,#12486,.T.);
#12484 = VERTEX_POINT('',#12485);
#12485 = CARTESIAN_POINT('',(-2.545442325904,1.475,0.7770944533));
#12486 = LINE('',#12487,#12488);
#12487 = CARTESIAN_POINT('',(-2.6264581915,1.475,0.282635182233));
#12488 = VECTOR('',#12489,1.);
#12489 = DIRECTION('',(0.161691392282,-1.85013394127E-18,0.986841372087)
  );
#12490 = ORIENTED_EDGE('',*,*,#12491,.T.);
#12491 = EDGE_CURVE('',#12484,#12492,#12494,.T.);
#12492 = VERTEX_POINT('',#12493);
#12493 = CARTESIAN_POINT('',(-2.25,1.475,1.025));
#12494 = CIRCLE('',#12495,0.3);
#12495 = AXIS2_PLACEMENT_3D('',#12496,#12497,#12498);
#12496 = CARTESIAN_POINT('',(-2.25,1.475,0.725));
#12497 = DIRECTION('',(1.144237745222E-17,1.,8.679168028915E-34));
#12498 = DIRECTION('',(-0.984807753012,1.126854202784E-17,0.173648177667
    ));
#12499 = ORIENTED_EDGE('',*,*,#12500,.T.);
#12500 = EDGE_CURVE('',#12492,#10298,#12501,.T.);
#12501 = LINE('',#12502,#12503);
#12502 = CARTESIAN_POINT('',(-2.25,1.475,1.025));
#12503 = VECTOR('',#12504,1.);
#12504 = DIRECTION('',(1.,-1.144237745222E-17,0.));
#12505 = PLANE('',#12506);
#12506 = AXIS2_PLACEMENT_3D('',#12507,#12508,#12509);
#12507 = CARTESIAN_POINT('',(-2.42560961319,1.475,0.548953137803));
#12508 = DIRECTION('',(1.144237745222E-17,1.,0.));
#12509 = DIRECTION('',(0.,-0.,1.));
#12510 = ADVANCED_FACE('',(#12511),#12527,.F.);
#12511 = FACE_BOUND('',#12512,.F.);
#12512 = EDGE_LOOP('',(#12513,#12514,#12520,#12521));
#12513 = ORIENTED_EDGE('',*,*,#10314,.T.);
#12514 = ORIENTED_EDGE('',*,*,#12515,.T.);
#12515 = EDGE_CURVE('',#10307,#11079,#12516,.T.);
#12516 = LINE('',#12517,#12518);
#12517 = CARTESIAN_POINT('',(-2.25,2.335,1.025));
#12518 = VECTOR('',#12519,1.);
#12519 = DIRECTION('',(1.,-1.144237745222E-17,0.));
#12520 = ORIENTED_EDGE('',*,*,#11078,.F.);
#12521 = ORIENTED_EDGE('',*,*,#12522,.F.);
#12522 = EDGE_CURVE('',#10298,#11071,#12523,.T.);
#12523 = LINE('',#12524,#12525);
#12524 = CARTESIAN_POINT('',(-2.25,1.475,1.025));
#12525 = VECTOR('',#12526,1.);
#12526 = DIRECTION('',(1.,-1.144237745222E-17,0.));
#12527 = PLANE('',#12528);
#12528 = AXIS2_PLACEMENT_3D('',#12529,#12530,#12531);
#12529 = CARTESIAN_POINT('',(-5.13650187581E-16,4.3125,1.025));
#12530 = DIRECTION('',(2.007919022419E-31,1.243053547621E-27,-1.));
#12531 = DIRECTION('',(1.,9.251540906623E-17,2.00791902242E-31));
#12532 = ADVANCED_FACE('',(#12533),#12619,.F.);
#12533 = FACE_BOUND('',#12534,.F.);
#12534 = EDGE_LOOP('',(#12535,#12536,#12537,#12546,#12554,#12563,#12571,
    #12579,#12587,#12596,#12604,#12613));
#12535 = ORIENTED_EDGE('',*,*,#10306,.F.);
#12536 = ORIENTED_EDGE('',*,*,#10328,.T.);
#12537 = ORIENTED_EDGE('',*,*,#12538,.T.);
#12538 = EDGE_CURVE('',#10329,#12539,#12541,.T.);
#12539 = VERTEX_POINT('',#12540);
#12540 = CARTESIAN_POINT('',(-2.348480775301,2.335,0.742364817767));
#12541 = CIRCLE('',#12542,0.1);
#12542 = AXIS2_PLACEMENT_3D('',#12543,#12544,#12545);
#12543 = CARTESIAN_POINT('',(-2.25,2.335,0.725));
#12544 = DIRECTION('',(-1.144237745222E-17,-1.,3.483726818625E-47));
#12545 = DIRECTION('',(-4.440892098501E-15,5.081436361563E-32,1.));
#12546 = ORIENTED_EDGE('',*,*,#12547,.T.);
#12547 = EDGE_CURVE('',#12539,#12548,#12550,.T.);
#12548 = VERTEX_POINT('',#12549);
#12549 = CARTESIAN_POINT('',(-2.429496640897,2.335,0.2479055467));
#12550 = LINE('',#12551,#12552);
#12551 = CARTESIAN_POINT('',(-2.348480775301,2.335,0.742364817767));
#12552 = VECTOR('',#12553,1.);
#12553 = DIRECTION('',(-0.161691392282,1.85013394127E-18,-0.986841372087
    ));
#12554 = ORIENTED_EDGE('',*,*,#12555,.T.);
#12555 = EDGE_CURVE('',#12548,#12556,#12558,.T.);
#12556 = VERTEX_POINT('',#12557);
#12557 = CARTESIAN_POINT('',(-2.724938966801,2.335,-1.665334536938E-16)
  );
#12558 = CIRCLE('',#12559,0.3);
#12559 = AXIS2_PLACEMENT_3D('',#12560,#12561,#12562);
#12560 = CARTESIAN_POINT('',(-2.724938966801,2.335,0.3));
#12561 = DIRECTION('',(1.144237745222E-17,1.,8.679168028915E-34));
#12562 = DIRECTION('',(0.984807753012,-1.126854202784E-17,
    -0.173648177667));
#12563 = ORIENTED_EDGE('',*,*,#12564,.T.);
#12564 = EDGE_CURVE('',#12556,#12565,#12567,.T.);
#12565 = VERTEX_POINT('',#12566);
#12566 = CARTESIAN_POINT('',(-3.,2.335,-1.665334536938E-16));
#12567 = LINE('',#12568,#12569);
#12568 = CARTESIAN_POINT('',(-2.724938966801,2.335,-1.665334536938E-16)
  );
#12569 = VECTOR('',#12570,1.);
#12570 = DIRECTION('',(-1.,1.144237745222E-17,0.));
#12571 = ORIENTED_EDGE('',*,*,#12572,.T.);
#12572 = EDGE_CURVE('',#12565,#12573,#12575,.T.);
#12573 = VERTEX_POINT('',#12574);
#12574 = CARTESIAN_POINT('',(-3.,2.335,0.2));
#12575 = LINE('',#12576,#12577);
#12576 = CARTESIAN_POINT('',(-3.,2.335,-1.665334536938E-16));
#12577 = VECTOR('',#12578,1.);
#12578 = DIRECTION('',(0.,0.,1.));
#12579 = ORIENTED_EDGE('',*,*,#12580,.T.);
#12580 = EDGE_CURVE('',#12573,#12581,#12583,.T.);
#12581 = VERTEX_POINT('',#12582);
#12582 = CARTESIAN_POINT('',(-2.724938966801,2.335,0.2));
#12583 = LINE('',#12584,#12585);
#12584 = CARTESIAN_POINT('',(-3.,2.335,0.2));
#12585 = VECTOR('',#12586,1.);
#12586 = DIRECTION('',(1.,-1.144237745222E-17,0.));
#12587 = ORIENTED_EDGE('',*,*,#12588,.T.);
#12588 = EDGE_CURVE('',#12581,#12589,#12591,.T.);
#12589 = VERTEX_POINT('',#12590);
#12590 = CARTESIAN_POINT('',(-2.6264581915,2.335,0.282635182233));
#12591 = CIRCLE('',#12592,0.1);
#12592 = AXIS2_PLACEMENT_3D('',#12593,#12594,#12595);
#12593 = CARTESIAN_POINT('',(-2.724938966801,2.335,0.3));
#12594 = DIRECTION('',(-1.144237745222E-17,-1.,-0.));
#12595 = DIRECTION('',(0.,0.,-1.));
#12596 = ORIENTED_EDGE('',*,*,#12597,.T.);
#12597 = EDGE_CURVE('',#12589,#12598,#12600,.T.);
#12598 = VERTEX_POINT('',#12599);
#12599 = CARTESIAN_POINT('',(-2.545442325904,2.335,0.7770944533));
#12600 = LINE('',#12601,#12602);
#12601 = CARTESIAN_POINT('',(-2.6264581915,2.335,0.282635182233));
#12602 = VECTOR('',#12603,1.);
#12603 = DIRECTION('',(0.161691392282,-1.85013394127E-18,0.986841372087)
  );
#12604 = ORIENTED_EDGE('',*,*,#12605,.T.);
#12605 = EDGE_CURVE('',#12598,#12606,#12608,.T.);
#12606 = VERTEX_POINT('',#12607);
#12607 = CARTESIAN_POINT('',(-2.25,2.335,1.025));
#12608 = CIRCLE('',#12609,0.3);
#12609 = AXIS2_PLACEMENT_3D('',#12610,#12611,#12612);
#12610 = CARTESIAN_POINT('',(-2.25,2.335,0.725));
#12611 = DIRECTION('',(1.144237745222E-17,1.,8.679168028915E-34));
#12612 = DIRECTION('',(-0.984807753012,1.126854202784E-17,0.173648177667
    ));
#12613 = ORIENTED_EDGE('',*,*,#12614,.T.);
#12614 = EDGE_CURVE('',#12606,#10307,#12615,.T.);
#12615 = LINE('',#12616,#12617);
#12616 = CARTESIAN_POINT('',(-2.25,2.335,1.025));
#12617 = VECTOR('',#12618,1.);
#12618 = DIRECTION('',(1.,-1.144237745222E-17,0.));
#12619 = PLANE('',#12620);
#12620 = AXIS2_PLACEMENT_3D('',#12621,#12622,#12623);
#12621 = CARTESIAN_POINT('',(-2.42560961319,2.335,0.548953137803));
#12622 = DIRECTION('',(1.144237745222E-17,1.,0.));
#12623 = DIRECTION('',(0.,-0.,1.));
#12624 = ADVANCED_FACE('',(#12625),#12644,.F.);
#12625 = FACE_BOUND('',#12626,.F.);
#12626 = EDGE_LOOP('',(#12627,#12628,#12637,#12643));
#12627 = ORIENTED_EDGE('',*,*,#10345,.T.);
#12628 = ORIENTED_EDGE('',*,*,#12629,.T.);
#12629 = EDGE_CURVE('',#10338,#12630,#12632,.T.);
#12630 = VERTEX_POINT('',#12631);
#12631 = CARTESIAN_POINT('',(-2.348480775301,2.745,0.742364817767));
#12632 = CIRCLE('',#12633,0.1);
#12633 = AXIS2_PLACEMENT_3D('',#12634,#12635,#12636);
#12634 = CARTESIAN_POINT('',(-2.25,2.745,0.725));
#12635 = DIRECTION('',(-1.144237745222E-17,-1.,3.483726818625E-47));
#12636 = DIRECTION('',(-4.440892098501E-15,5.081436361563E-32,1.));
#12637 = ORIENTED_EDGE('',*,*,#12638,.F.);
#12638 = EDGE_CURVE('',#12539,#12630,#12639,.T.);
#12639 = LINE('',#12640,#12641);
#12640 = CARTESIAN_POINT('',(-2.348480775301,2.335,0.742364817767));
#12641 = VECTOR('',#12642,1.);
#12642 = DIRECTION('',(1.144237745222E-17,1.,0.));
#12643 = ORIENTED_EDGE('',*,*,#12538,.F.);
#12644 = CYLINDRICAL_SURFACE('',#12645,0.1);
#12645 = AXIS2_PLACEMENT_3D('',#12646,#12647,#12648);
#12646 = CARTESIAN_POINT('',(-2.25,2.335,0.725));
#12647 = DIRECTION('',(-1.144237745222E-17,-1.,0.));
#12648 = DIRECTION('',(-4.440892098501E-15,5.081436361563E-32,1.));
#12649 = ADVANCED_FACE('',(#12650),#12728,.T.);
#12650 = FACE_BOUND('',#12651,.T.);
#12651 = EDGE_LOOP('',(#12652,#12653,#12654,#12655,#12663,#12672,#12680,
    #12688,#12696,#12705,#12713,#12722));
#12652 = ORIENTED_EDGE('',*,*,#10359,.F.);
#12653 = ORIENTED_EDGE('',*,*,#10337,.T.);
#12654 = ORIENTED_EDGE('',*,*,#12629,.T.);
#12655 = ORIENTED_EDGE('',*,*,#12656,.T.);
#12656 = EDGE_CURVE('',#12630,#12657,#12659,.T.);
#12657 = VERTEX_POINT('',#12658);
#12658 = CARTESIAN_POINT('',(-2.429496640897,2.745,0.2479055467));
#12659 = LINE('',#12660,#12661);
#12660 = CARTESIAN_POINT('',(-2.348480775301,2.745,0.742364817767));
#12661 = VECTOR('',#12662,1.);
#12662 = DIRECTION('',(-0.161691392282,1.85013394127E-18,-0.986841372087
    ));
#12663 = ORIENTED_EDGE('',*,*,#12664,.T.);
#12664 = EDGE_CURVE('',#12657,#12665,#12667,.T.);
#12665 = VERTEX_POINT('',#12666);
#12666 = CARTESIAN_POINT('',(-2.724938966801,2.745,-1.665334536938E-16)
  );
#12667 = CIRCLE('',#12668,0.3);
#12668 = AXIS2_PLACEMENT_3D('',#12669,#12670,#12671);
#12669 = CARTESIAN_POINT('',(-2.724938966801,2.745,0.3));
#12670 = DIRECTION('',(1.144237745222E-17,1.,8.679168028915E-34));
#12671 = DIRECTION('',(0.984807753012,-1.126854202784E-17,
    -0.173648177667));
#12672 = ORIENTED_EDGE('',*,*,#12673,.T.);
#12673 = EDGE_CURVE('',#12665,#12674,#12676,.T.);
#12674 = VERTEX_POINT('',#12675);
#12675 = CARTESIAN_POINT('',(-3.,2.745,-1.665334536938E-16));
#12676 = LINE('',#12677,#12678);
#12677 = CARTESIAN_POINT('',(-2.724938966801,2.745,-1.665334536938E-16)
  );
#12678 = VECTOR('',#12679,1.);
#12679 = DIRECTION('',(-1.,1.144237745222E-17,0.));
#12680 = ORIENTED_EDGE('',*,*,#12681,.T.);
#12681 = EDGE_CURVE('',#12674,#12682,#12684,.T.);
#12682 = VERTEX_POINT('',#12683);
#12683 = CARTESIAN_POINT('',(-3.,2.745,0.2));
#12684 = LINE('',#12685,#12686);
#12685 = CARTESIAN_POINT('',(-3.,2.745,-1.665334536938E-16));
#12686 = VECTOR('',#12687,1.);
#12687 = DIRECTION('',(0.,0.,1.));
#12688 = ORIENTED_EDGE('',*,*,#12689,.T.);
#12689 = EDGE_CURVE('',#12682,#12690,#12692,.T.);
#12690 = VERTEX_POINT('',#12691);
#12691 = CARTESIAN_POINT('',(-2.724938966801,2.745,0.2));
#12692 = LINE('',#12693,#12694);
#12693 = CARTESIAN_POINT('',(-3.,2.745,0.2));
#12694 = VECTOR('',#12695,1.);
#12695 = DIRECTION('',(1.,-1.144237745222E-17,0.));
#12696 = ORIENTED_EDGE('',*,*,#12697,.T.);
#12697 = EDGE_CURVE('',#12690,#12698,#12700,.T.);
#12698 = VERTEX_POINT('',#12699);
#12699 = CARTESIAN_POINT('',(-2.6264581915,2.745,0.282635182233));
#12700 = CIRCLE('',#12701,0.1);
#12701 = AXIS2_PLACEMENT_3D('',#12702,#12703,#12704);
#12702 = CARTESIAN_POINT('',(-2.724938966801,2.745,0.3));
#12703 = DIRECTION('',(-1.144237745222E-17,-1.,-0.));
#12704 = DIRECTION('',(0.,0.,-1.));
#12705 = ORIENTED_EDGE('',*,*,#12706,.T.);
#12706 = EDGE_CURVE('',#12698,#12707,#12709,.T.);
#12707 = VERTEX_POINT('',#12708);
#12708 = CARTESIAN_POINT('',(-2.545442325904,2.745,0.7770944533));
#12709 = LINE('',#12710,#12711);
#12710 = CARTESIAN_POINT('',(-2.6264581915,2.745,0.282635182233));
#12711 = VECTOR('',#12712,1.);
#12712 = DIRECTION('',(0.161691392282,-1.85013394127E-18,0.986841372087)
  );
#12713 = ORIENTED_EDGE('',*,*,#12714,.T.);
#12714 = EDGE_CURVE('',#12707,#12715,#12717,.T.);
#12715 = VERTEX_POINT('',#12716);
#12716 = CARTESIAN_POINT('',(-2.25,2.745,1.025));
#12717 = CIRCLE('',#12718,0.3);
#12718 = AXIS2_PLACEMENT_3D('',#12719,#12720,#12721);
#12719 = CARTESIAN_POINT('',(-2.25,2.745,0.725));
#12720 = DIRECTION('',(1.144237745222E-17,1.,8.679168028915E-34));
#12721 = DIRECTION('',(-0.984807753012,1.126854202784E-17,0.173648177667
    ));
#12722 = ORIENTED_EDGE('',*,*,#12723,.T.);
#12723 = EDGE_CURVE('',#12715,#10360,#12724,.T.);
#12724 = LINE('',#12725,#12726);
#12725 = CARTESIAN_POINT('',(-2.25,2.745,1.025));
#12726 = VECTOR('',#12727,1.);
#12727 = DIRECTION('',(1.,-1.144237745222E-17,0.));
#12728 = PLANE('',#12729);
#12729 = AXIS2_PLACEMENT_3D('',#12730,#12731,#12732);
#12730 = CARTESIAN_POINT('',(-2.42560961319,2.745,0.548953137803));
#12731 = DIRECTION('',(1.144237745222E-17,1.,0.));
#12732 = DIRECTION('',(0.,-0.,1.));
#12733 = ADVANCED_FACE('',(#12734),#12745,.F.);
#12734 = FACE_BOUND('',#12735,.F.);
#12735 = EDGE_LOOP('',(#12736,#12737,#12738,#12739));
#12736 = ORIENTED_EDGE('',*,*,#10376,.T.);
#12737 = ORIENTED_EDGE('',*,*,#10982,.T.);
#12738 = ORIENTED_EDGE('',*,*,#11094,.F.);
#12739 = ORIENTED_EDGE('',*,*,#12740,.F.);
#12740 = EDGE_CURVE('',#10360,#11087,#12741,.T.);
#12741 = LINE('',#12742,#12743);
#12742 = CARTESIAN_POINT('',(-2.25,2.745,1.025));
#12743 = VECTOR('',#12744,1.);
#12744 = DIRECTION('',(1.,-1.144237745222E-17,0.));
#12745 = PLANE('',#12746);
#12746 = AXIS2_PLACEMENT_3D('',#12747,#12748,#12749);
#12747 = CARTESIAN_POINT('',(-5.13650187581E-16,4.3125,1.025));
#12748 = DIRECTION('',(2.007919022419E-31,1.243053547621E-27,-1.));
#12749 = DIRECTION('',(1.,9.251540906623E-17,2.00791902242E-31));
#12750 = ADVANCED_FACE('',(#12751),#12830,.F.);
#12751 = FACE_BOUND('',#12752,.F.);
#12752 = EDGE_LOOP('',(#12753,#12754,#12755,#12764,#12772,#12781,#12789,
    #12797,#12805,#12814,#12822,#12829));
#12753 = ORIENTED_EDGE('',*,*,#10368,.F.);
#12754 = ORIENTED_EDGE('',*,*,#10390,.T.);
#12755 = ORIENTED_EDGE('',*,*,#12756,.T.);
#12756 = EDGE_CURVE('',#10391,#12757,#12759,.T.);
#12757 = VERTEX_POINT('',#12758);
#12758 = CARTESIAN_POINT('',(-2.348480775301,3.605,0.742364817767));
#12759 = CIRCLE('',#12760,0.1);
#12760 = AXIS2_PLACEMENT_3D('',#12761,#12762,#12763);
#12761 = CARTESIAN_POINT('',(-2.25,3.605,0.725));
#12762 = DIRECTION('',(-1.144237745222E-17,-1.,3.483726818625E-47));
#12763 = DIRECTION('',(-4.440892098501E-15,5.081436361563E-32,1.));
#12764 = ORIENTED_EDGE('',*,*,#12765,.T.);
#12765 = EDGE_CURVE('',#12757,#12766,#12768,.T.);
#12766 = VERTEX_POINT('',#12767);
#12767 = CARTESIAN_POINT('',(-2.429496640897,3.605,0.2479055467));
#12768 = LINE('',#12769,#12770);
#12769 = CARTESIAN_POINT('',(-2.348480775301,3.605,0.742364817767));
#12770 = VECTOR('',#12771,1.);
#12771 = DIRECTION('',(-0.161691392282,1.85013394127E-18,-0.986841372087
    ));
#12772 = ORIENTED_EDGE('',*,*,#12773,.T.);
#12773 = EDGE_CURVE('',#12766,#12774,#12776,.T.);
#12774 = VERTEX_POINT('',#12775);
#12775 = CARTESIAN_POINT('',(-2.724938966801,3.605,-1.665334536938E-16)
  );
#12776 = CIRCLE('',#12777,0.3);
#12777 = AXIS2_PLACEMENT_3D('',#12778,#12779,#12780);
#12778 = CARTESIAN_POINT('',(-2.724938966801,3.605,0.3));
#12779 = DIRECTION('',(1.144237745222E-17,1.,8.679168028915E-34));
#12780 = DIRECTION('',(0.984807753012,-1.126854202784E-17,
    -0.173648177667));
#12781 = ORIENTED_EDGE('',*,*,#12782,.T.);
#12782 = EDGE_CURVE('',#12774,#12783,#12785,.T.);
#12783 = VERTEX_POINT('',#12784);
#12784 = CARTESIAN_POINT('',(-3.,3.605,-1.665334536938E-16));
#12785 = LINE('',#12786,#12787);
#12786 = CARTESIAN_POINT('',(-2.724938966801,3.605,-1.665334536938E-16)
  );
#12787 = VECTOR('',#12788,1.);
#12788 = DIRECTION('',(-1.,1.144237745222E-17,0.));
#12789 = ORIENTED_EDGE('',*,*,#12790,.T.);
#12790 = EDGE_CURVE('',#12783,#12791,#12793,.T.);
#12791 = VERTEX_POINT('',#12792);
#12792 = CARTESIAN_POINT('',(-3.,3.605,0.2));
#12793 = LINE('',#12794,#12795);
#12794 = CARTESIAN_POINT('',(-3.,3.605,-1.665334536938E-16));
#12795 = VECTOR('',#12796,1.);
#12796 = DIRECTION('',(0.,0.,1.));
#12797 = ORIENTED_EDGE('',*,*,#12798,.T.);
#12798 = EDGE_CURVE('',#12791,#12799,#12801,.T.);
#12799 = VERTEX_POINT('',#12800);
#12800 = CARTESIAN_POINT('',(-2.724938966801,3.605,0.2));
#12801 = LINE('',#12802,#12803);
#12802 = CARTESIAN_POINT('',(-3.,3.605,0.2));
#12803 = VECTOR('',#12804,1.);
#12804 = DIRECTION('',(1.,-1.144237745222E-17,0.));
#12805 = ORIENTED_EDGE('',*,*,#12806,.T.);
#12806 = EDGE_CURVE('',#12799,#12807,#12809,.T.);
#12807 = VERTEX_POINT('',#12808);
#12808 = CARTESIAN_POINT('',(-2.6264581915,3.605,0.282635182233));
#12809 = CIRCLE('',#12810,0.1);
#12810 = AXIS2_PLACEMENT_3D('',#12811,#12812,#12813);
#12811 = CARTESIAN_POINT('',(-2.724938966801,3.605,0.3));
#12812 = DIRECTION('',(-1.144237745222E-17,-1.,-0.));
#12813 = DIRECTION('',(0.,0.,-1.));
#12814 = ORIENTED_EDGE('',*,*,#12815,.T.);
#12815 = EDGE_CURVE('',#12807,#12816,#12818,.T.);
#12816 = VERTEX_POINT('',#12817);
#12817 = CARTESIAN_POINT('',(-2.545442325904,3.605,0.7770944533));
#12818 = LINE('',#12819,#12820);
#12819 = CARTESIAN_POINT('',(-2.6264581915,3.605,0.282635182233));
#12820 = VECTOR('',#12821,1.);
#12821 = DIRECTION('',(0.161691392282,-1.85013394127E-18,0.986841372087)
  );
#12822 = ORIENTED_EDGE('',*,*,#12823,.T.);
#12823 = EDGE_CURVE('',#12816,#10952,#12824,.T.);
#12824 = CIRCLE('',#12825,0.3);
#12825 = AXIS2_PLACEMENT_3D('',#12826,#12827,#12828);
#12826 = CARTESIAN_POINT('',(-2.25,3.605,0.725));
#12827 = DIRECTION('',(1.144237745222E-17,1.,8.679168028915E-34));
#12828 = DIRECTION('',(-0.984807753012,1.126854202784E-17,0.173648177667
    ));
#12829 = ORIENTED_EDGE('',*,*,#10951,.T.);
#12830 = PLANE('',#12831);
#12831 = AXIS2_PLACEMENT_3D('',#12832,#12833,#12834);
#12832 = CARTESIAN_POINT('',(-2.42560961319,3.605,0.548953137803));
#12833 = DIRECTION('',(1.144237745222E-17,1.,0.));
#12834 = DIRECTION('',(0.,-0.,1.));
#12835 = ADVANCED_FACE('',(#12836),#12855,.F.);
#12836 = FACE_BOUND('',#12837,.F.);
#12837 = EDGE_LOOP('',(#12838,#12839,#12848,#12854));
#12838 = ORIENTED_EDGE('',*,*,#10407,.T.);
#12839 = ORIENTED_EDGE('',*,*,#12840,.T.);
#12840 = EDGE_CURVE('',#10400,#12841,#12843,.T.);
#12841 = VERTEX_POINT('',#12842);
#12842 = CARTESIAN_POINT('',(-2.348480775301,4.015,0.742364817767));
#12843 = CIRCLE('',#12844,0.1);
#12844 = AXIS2_PLACEMENT_3D('',#12845,#12846,#12847);
#12845 = CARTESIAN_POINT('',(-2.25,4.015,0.725));
#12846 = DIRECTION('',(-1.144237745222E-17,-1.,3.483726818625E-47));
#12847 = DIRECTION('',(-4.440892098501E-15,5.081436361563E-32,1.));
#12848 = ORIENTED_EDGE('',*,*,#12849,.F.);
#12849 = EDGE_CURVE('',#12757,#12841,#12850,.T.);
#12850 = LINE('',#12851,#12852);
#12851 = CARTESIAN_POINT('',(-2.348480775301,3.605,0.742364817767));
#12852 = VECTOR('',#12853,1.);
#12853 = DIRECTION('',(1.144237745222E-17,1.,0.));
#12854 = ORIENTED_EDGE('',*,*,#12756,.F.);
#12855 = CYLINDRICAL_SURFACE('',#12856,0.1);
#12856 = AXIS2_PLACEMENT_3D('',#12857,#12858,#12859);
#12857 = CARTESIAN_POINT('',(-2.25,3.605,0.725));
#12858 = DIRECTION('',(-1.144237745222E-17,-1.,0.));
#12859 = DIRECTION('',(-4.440892098501E-15,5.081436361563E-32,1.));
#12860 = ADVANCED_FACE('',(#12861),#12932,.T.);
#12861 = FACE_BOUND('',#12862,.T.);
#12862 = EDGE_LOOP('',(#12863,#12864,#12865,#12866,#12874,#12883,#12891,
    #12899,#12907,#12916,#12924,#12931));
#12863 = ORIENTED_EDGE('',*,*,#10421,.F.);
#12864 = ORIENTED_EDGE('',*,*,#10399,.T.);
#12865 = ORIENTED_EDGE('',*,*,#12840,.T.);
#12866 = ORIENTED_EDGE('',*,*,#12867,.T.);
#12867 = EDGE_CURVE('',#12841,#12868,#12870,.T.);
#12868 = VERTEX_POINT('',#12869);
#12869 = CARTESIAN_POINT('',(-2.429496640897,4.015,0.2479055467));
#12870 = LINE('',#12871,#12872);
#12871 = CARTESIAN_POINT('',(-2.348480775301,4.015,0.742364817767));
#12872 = VECTOR('',#12873,1.);
#12873 = DIRECTION('',(-0.161691392282,1.85013394127E-18,-0.986841372087
    ));
#12874 = ORIENTED_EDGE('',*,*,#12875,.T.);
#12875 = EDGE_CURVE('',#12868,#12876,#12878,.T.);
#12876 = VERTEX_POINT('',#12877);
#12877 = CARTESIAN_POINT('',(-2.724938966801,4.015,-1.665334536938E-16)
  );
#12878 = CIRCLE('',#12879,0.3);
#12879 = AXIS2_PLACEMENT_3D('',#12880,#12881,#12882);
#12880 = CARTESIAN_POINT('',(-2.724938966801,4.015,0.3));
#12881 = DIRECTION('',(1.144237745222E-17,1.,8.679168028915E-34));
#12882 = DIRECTION('',(0.984807753012,-1.126854202784E-17,
    -0.173648177667));
#12883 = ORIENTED_EDGE('',*,*,#12884,.T.);
#12884 = EDGE_CURVE('',#12876,#12885,#12887,.T.);
#12885 = VERTEX_POINT('',#12886);
#12886 = CARTESIAN_POINT('',(-3.,4.015,-1.665334536938E-16));
#12887 = LINE('',#12888,#12889);
#12888 = CARTESIAN_POINT('',(-2.724938966801,4.015,-1.665334536938E-16)
  );
#12889 = VECTOR('',#12890,1.);
#12890 = DIRECTION('',(-1.,1.144237745222E-17,0.));
#12891 = ORIENTED_EDGE('',*,*,#12892,.T.);
#12892 = EDGE_CURVE('',#12885,#12893,#12895,.T.);
#12893 = VERTEX_POINT('',#12894);
#12894 = CARTESIAN_POINT('',(-3.,4.015,0.2));
#12895 = LINE('',#12896,#12897);
#12896 = CARTESIAN_POINT('',(-3.,4.015,-1.665334536938E-16));
#12897 = VECTOR('',#12898,1.);
#12898 = DIRECTION('',(0.,0.,1.));
#12899 = ORIENTED_EDGE('',*,*,#12900,.T.);
#12900 = EDGE_CURVE('',#12893,#12901,#12903,.T.);
#12901 = VERTEX_POINT('',#12902);
#12902 = CARTESIAN_POINT('',(-2.724938966801,4.015,0.2));
#12903 = LINE('',#12904,#12905);
#12904 = CARTESIAN_POINT('',(-3.,4.015,0.2));
#12905 = VECTOR('',#12906,1.);
#12906 = DIRECTION('',(1.,-1.144237745222E-17,0.));
#12907 = ORIENTED_EDGE('',*,*,#12908,.T.);
#12908 = EDGE_CURVE('',#12901,#12909,#12911,.T.);
#12909 = VERTEX_POINT('',#12910);
#12910 = CARTESIAN_POINT('',(-2.6264581915,4.015,0.282635182233));
#12911 = CIRCLE('',#12912,0.1);
#12912 = AXIS2_PLACEMENT_3D('',#12913,#12914,#12915);
#12913 = CARTESIAN_POINT('',(-2.724938966801,4.015,0.3));
#12914 = DIRECTION('',(-1.144237745222E-17,-1.,-0.));
#12915 = DIRECTION('',(0.,0.,-1.));
#12916 = ORIENTED_EDGE('',*,*,#12917,.T.);
#12917 = EDGE_CURVE('',#12909,#12918,#12920,.T.);
#12918 = VERTEX_POINT('',#12919);
#12919 = CARTESIAN_POINT('',(-2.545442325904,4.015,0.7770944533));
#12920 = LINE('',#12921,#12922);
#12921 = CARTESIAN_POINT('',(-2.6264581915,4.015,0.282635182233));
#12922 = VECTOR('',#12923,1.);
#12923 = DIRECTION('',(0.161691392282,-1.85013394127E-18,0.986841372087)
  );
#12924 = ORIENTED_EDGE('',*,*,#12925,.T.);
#12925 = EDGE_CURVE('',#12918,#10960,#12926,.T.);
#12926 = CIRCLE('',#12927,0.3);
#12927 = AXIS2_PLACEMENT_3D('',#12928,#12929,#12930);
#12928 = CARTESIAN_POINT('',(-2.25,4.015,0.725));
#12929 = DIRECTION('',(1.144237745222E-17,1.,8.679168028915E-34));
#12930 = DIRECTION('',(-0.984807753012,1.126854202784E-17,0.173648177667
    ));
#12931 = ORIENTED_EDGE('',*,*,#10967,.T.);
#12932 = PLANE('',#12933);
#12933 = AXIS2_PLACEMENT_3D('',#12934,#12935,#12936);
#12934 = CARTESIAN_POINT('',(-2.42560961319,4.015,0.548953137803));
#12935 = DIRECTION('',(1.144237745222E-17,1.,0.));
#12936 = DIRECTION('',(0.,-0.,1.));
#12937 = ADVANCED_FACE('',(#12938),#13017,.F.);
#12938 = FACE_BOUND('',#12939,.F.);
#12939 = EDGE_LOOP('',(#12940,#12941,#12942,#12951,#12959,#12968,#12976,
    #12984,#12992,#13001,#13009,#13016));
#12940 = ORIENTED_EDGE('',*,*,#10440,.F.);
#12941 = ORIENTED_EDGE('',*,*,#10455,.T.);
#12942 = ORIENTED_EDGE('',*,*,#12943,.T.);
#12943 = EDGE_CURVE('',#10456,#12944,#12946,.T.);
#12944 = VERTEX_POINT('',#12945);
#12945 = CARTESIAN_POINT('',(2.348480775301,4.015,0.742364817767));
#12946 = CIRCLE('',#12947,0.1);
#12947 = AXIS2_PLACEMENT_3D('',#12948,#12949,#12950);
#12948 = CARTESIAN_POINT('',(2.25,4.015,0.725));
#12949 = DIRECTION('',(-1.110223024625E-16,1.,2.189528849922E-47));
#12950 = DIRECTION('',(4.440892098501E-15,4.930380657631E-31,1.));
#12951 = ORIENTED_EDGE('',*,*,#12952,.T.);
#12952 = EDGE_CURVE('',#12944,#12953,#12955,.T.);
#12953 = VERTEX_POINT('',#12954);
#12954 = CARTESIAN_POINT('',(2.429496640897,4.015,0.2479055467));
#12955 = LINE('',#12956,#12957);
#12956 = CARTESIAN_POINT('',(2.348480775301,4.015,0.742364817767));
#12957 = VECTOR('',#12958,1.);
#12958 = DIRECTION('',(0.161691392282,1.795135065956E-17,-0.986841372087
    ));
#12959 = ORIENTED_EDGE('',*,*,#12960,.T.);
#12960 = EDGE_CURVE('',#12953,#12961,#12963,.T.);
#12961 = VERTEX_POINT('',#12962);
#12962 = CARTESIAN_POINT('',(2.724938966801,4.015,-1.665334536938E-16));
#12963 = CIRCLE('',#12964,0.3);
#12964 = AXIS2_PLACEMENT_3D('',#12965,#12966,#12967);
#12965 = CARTESIAN_POINT('',(2.724938966801,4.015,0.3));
#12966 = DIRECTION('',(1.110223024625E-16,-1.,-6.255634725081E-34));
#12967 = DIRECTION('',(-0.984807753012,-1.093356242223E-16,
    -0.173648177667));
#12968 = ORIENTED_EDGE('',*,*,#12969,.T.);
#12969 = EDGE_CURVE('',#12961,#12970,#12972,.T.);
#12970 = VERTEX_POINT('',#12971);
#12971 = CARTESIAN_POINT('',(3.,4.015,-1.665334536938E-16));
#12972 = LINE('',#12973,#12974);
#12973 = CARTESIAN_POINT('',(2.724938966801,4.015,-1.665334536938E-16));
#12974 = VECTOR('',#12975,1.);
#12975 = DIRECTION('',(1.,1.110223024625E-16,0.));
#12976 = ORIENTED_EDGE('',*,*,#12977,.T.);
#12977 = EDGE_CURVE('',#12970,#12978,#12980,.T.);
#12978 = VERTEX_POINT('',#12979);
#12979 = CARTESIAN_POINT('',(3.,4.015,0.2));
#12980 = LINE('',#12981,#12982);
#12981 = CARTESIAN_POINT('',(3.,4.015,-1.665334536938E-16));
#12982 = VECTOR('',#12983,1.);
#12983 = DIRECTION('',(0.,0.,1.));
#12984 = ORIENTED_EDGE('',*,*,#12985,.T.);
#12985 = EDGE_CURVE('',#12978,#12986,#12988,.T.);
#12986 = VERTEX_POINT('',#12987);
#12987 = CARTESIAN_POINT('',(2.724938966801,4.015,0.2));
#12988 = LINE('',#12989,#12990);
#12989 = CARTESIAN_POINT('',(3.,4.015,0.2));
#12990 = VECTOR('',#12991,1.);
#12991 = DIRECTION('',(-1.,-1.110223024625E-16,0.));
#12992 = ORIENTED_EDGE('',*,*,#12993,.T.);
#12993 = EDGE_CURVE('',#12986,#12994,#12996,.T.);
#12994 = VERTEX_POINT('',#12995);
#12995 = CARTESIAN_POINT('',(2.6264581915,4.015,0.282635182233));
#12996 = CIRCLE('',#12997,0.1);
#12997 = AXIS2_PLACEMENT_3D('',#12998,#12999,#13000);
#12998 = CARTESIAN_POINT('',(2.724938966801,4.015,0.3));
#12999 = DIRECTION('',(-1.110223024625E-16,1.,0.));
#13000 = DIRECTION('',(0.,0.,-1.));
#13001 = ORIENTED_EDGE('',*,*,#13002,.T.);
#13002 = EDGE_CURVE('',#12994,#13003,#13005,.T.);
#13003 = VERTEX_POINT('',#13004);
#13004 = CARTESIAN_POINT('',(2.545442325904,4.015,0.7770944533));
#13005 = LINE('',#13006,#13007);
#13006 = CARTESIAN_POINT('',(2.6264581915,4.015,0.282635182233));
#13007 = VECTOR('',#13008,1.);
#13008 = DIRECTION('',(-0.161691392282,-1.795135065956E-17,
    0.986841372087));
#13009 = ORIENTED_EDGE('',*,*,#13010,.T.);
#13010 = EDGE_CURVE('',#13003,#11335,#13011,.T.);
#13011 = CIRCLE('',#13012,0.3);
#13012 = AXIS2_PLACEMENT_3D('',#13013,#13014,#13015);
#13013 = CARTESIAN_POINT('',(2.25,4.015,0.725));
#13014 = DIRECTION('',(1.110223024625E-16,-1.,-6.255634725081E-34));
#13015 = DIRECTION('',(0.984807753012,1.093356242223E-16,0.173648177667)
  );
#13016 = ORIENTED_EDGE('',*,*,#11334,.T.);
#13017 = PLANE('',#13018);
#13018 = AXIS2_PLACEMENT_3D('',#13019,#13020,#13021);
#13019 = CARTESIAN_POINT('',(2.42560961319,4.015,0.548953137803));
#13020 = DIRECTION('',(1.110223024625E-16,-1.,0.));
#13021 = DIRECTION('',(0.,0.,1.));
#13022 = ADVANCED_FACE('',(#13023),#13042,.F.);
#13023 = FACE_BOUND('',#13024,.F.);
#13024 = EDGE_LOOP('',(#13025,#13026,#13035,#13041));
#13025 = ORIENTED_EDGE('',*,*,#10472,.T.);
#13026 = ORIENTED_EDGE('',*,*,#13027,.T.);
#13027 = EDGE_CURVE('',#10465,#13028,#13030,.T.);
#13028 = VERTEX_POINT('',#13029);
#13029 = CARTESIAN_POINT('',(2.348480775301,3.605,0.742364817767));
#13030 = CIRCLE('',#13031,0.1);
#13031 = AXIS2_PLACEMENT_3D('',#13032,#13033,#13034);
#13032 = CARTESIAN_POINT('',(2.25,3.605,0.725));
#13033 = DIRECTION('',(-1.110223024625E-16,1.,2.189528849922E-47));
#13034 = DIRECTION('',(4.440892098501E-15,4.930380657631E-31,1.));
#13035 = ORIENTED_EDGE('',*,*,#13036,.F.);
#13036 = EDGE_CURVE('',#12944,#13028,#13037,.T.);
#13037 = LINE('',#13038,#13039);
#13038 = CARTESIAN_POINT('',(2.348480775301,4.015,0.742364817767));
#13039 = VECTOR('',#13040,1.);
#13040 = DIRECTION('',(1.110223024625E-16,-1.,0.));
#13041 = ORIENTED_EDGE('',*,*,#12943,.F.);
#13042 = CYLINDRICAL_SURFACE('',#13043,0.1);
#13043 = AXIS2_PLACEMENT_3D('',#13044,#13045,#13046);
#13044 = CARTESIAN_POINT('',(2.25,4.015,0.725));
#13045 = DIRECTION('',(-1.110223024625E-16,1.,0.));
#13046 = DIRECTION('',(4.440892098501E-15,4.930380657631E-31,1.));
#13047 = ADVANCED_FACE('',(#13048),#13119,.T.);
#13048 = FACE_BOUND('',#13049,.T.);
#13049 = EDGE_LOOP('',(#13050,#13051,#13052,#13053,#13061,#13070,#13078,
    #13086,#13094,#13103,#13111,#13118));
#13050 = ORIENTED_EDGE('',*,*,#10486,.F.);
#13051 = ORIENTED_EDGE('',*,*,#10464,.T.);
#13052 = ORIENTED_EDGE('',*,*,#13027,.T.);
#13053 = ORIENTED_EDGE('',*,*,#13054,.T.);
#13054 = EDGE_CURVE('',#13028,#13055,#13057,.T.);
#13055 = VERTEX_POINT('',#13056);
#13056 = CARTESIAN_POINT('',(2.429496640897,3.605,0.2479055467));
#13057 = LINE('',#13058,#13059);
#13058 = CARTESIAN_POINT('',(2.348480775301,3.605,0.742364817767));
#13059 = VECTOR('',#13060,1.);
#13060 = DIRECTION('',(0.161691392282,1.795135065956E-17,-0.986841372087
    ));
#13061 = ORIENTED_EDGE('',*,*,#13062,.T.);
#13062 = EDGE_CURVE('',#13055,#13063,#13065,.T.);
#13063 = VERTEX_POINT('',#13064);
#13064 = CARTESIAN_POINT('',(2.724938966801,3.605,-1.665334536938E-16));
#13065 = CIRCLE('',#13066,0.3);
#13066 = AXIS2_PLACEMENT_3D('',#13067,#13068,#13069);
#13067 = CARTESIAN_POINT('',(2.724938966801,3.605,0.3));
#13068 = DIRECTION('',(1.110223024625E-16,-1.,-6.255634725081E-34));
#13069 = DIRECTION('',(-0.984807753012,-1.093356242223E-16,
    -0.173648177667));
#13070 = ORIENTED_EDGE('',*,*,#13071,.T.);
#13071 = EDGE_CURVE('',#13063,#13072,#13074,.T.);
#13072 = VERTEX_POINT('',#13073);
#13073 = CARTESIAN_POINT('',(3.,3.605,-1.665334536938E-16));
#13074 = LINE('',#13075,#13076);
#13075 = CARTESIAN_POINT('',(2.724938966801,3.605,-1.665334536938E-16));
#13076 = VECTOR('',#13077,1.);
#13077 = DIRECTION('',(1.,1.110223024625E-16,0.));
#13078 = ORIENTED_EDGE('',*,*,#13079,.T.);
#13079 = EDGE_CURVE('',#13072,#13080,#13082,.T.);
#13080 = VERTEX_POINT('',#13081);
#13081 = CARTESIAN_POINT('',(3.,3.605,0.2));
#13082 = LINE('',#13083,#13084);
#13083 = CARTESIAN_POINT('',(3.,3.605,-1.665334536938E-16));
#13084 = VECTOR('',#13085,1.);
#13085 = DIRECTION('',(0.,0.,1.));
#13086 = ORIENTED_EDGE('',*,*,#13087,.T.);
#13087 = EDGE_CURVE('',#13080,#13088,#13090,.T.);
#13088 = VERTEX_POINT('',#13089);
#13089 = CARTESIAN_POINT('',(2.724938966801,3.605,0.2));
#13090 = LINE('',#13091,#13092);
#13091 = CARTESIAN_POINT('',(3.,3.605,0.2));
#13092 = VECTOR('',#13093,1.);
#13093 = DIRECTION('',(-1.,-1.110223024625E-16,0.));
#13094 = ORIENTED_EDGE('',*,*,#13095,.T.);
#13095 = EDGE_CURVE('',#13088,#13096,#13098,.T.);
#13096 = VERTEX_POINT('',#13097);
#13097 = CARTESIAN_POINT('',(2.6264581915,3.605,0.282635182233));
#13098 = CIRCLE('',#13099,0.1);
#13099 = AXIS2_PLACEMENT_3D('',#13100,#13101,#13102);
#13100 = CARTESIAN_POINT('',(2.724938966801,3.605,0.3));
#13101 = DIRECTION('',(-1.110223024625E-16,1.,0.));
#13102 = DIRECTION('',(0.,0.,-1.));
#13103 = ORIENTED_EDGE('',*,*,#13104,.T.);
#13104 = EDGE_CURVE('',#13096,#13105,#13107,.T.);
#13105 = VERTEX_POINT('',#13106);
#13106 = CARTESIAN_POINT('',(2.545442325904,3.605,0.7770944533));
#13107 = LINE('',#13108,#13109);
#13108 = CARTESIAN_POINT('',(2.6264581915,3.605,0.282635182233));
#13109 = VECTOR('',#13110,1.);
#13110 = DIRECTION('',(-0.161691392282,-1.795135065956E-17,
    0.986841372087));
#13111 = ORIENTED_EDGE('',*,*,#13112,.T.);
#13112 = EDGE_CURVE('',#13105,#11343,#13113,.T.);
#13113 = CIRCLE('',#13114,0.3);
#13114 = AXIS2_PLACEMENT_3D('',#13115,#13116,#13117);
#13115 = CARTESIAN_POINT('',(2.25,3.605,0.725));
#13116 = DIRECTION('',(1.110223024625E-16,-1.,-6.255634725081E-34));
#13117 = DIRECTION('',(0.984807753012,1.093356242223E-16,0.173648177667)
  );
#13118 = ORIENTED_EDGE('',*,*,#11350,.T.);
#13119 = PLANE('',#13120);
#13120 = AXIS2_PLACEMENT_3D('',#13121,#13122,#13123);
#13121 = CARTESIAN_POINT('',(2.42560961319,3.605,0.548953137803));
#13122 = DIRECTION('',(1.110223024625E-16,-1.,0.));
#13123 = DIRECTION('',(0.,0.,1.));
#13124 = ADVANCED_FACE('',(#13125),#13136,.F.);
#13125 = FACE_BOUND('',#13126,.F.);
#13126 = EDGE_LOOP('',(#13127,#13128,#13129,#13135));
#13127 = ORIENTED_EDGE('',*,*,#11356,.F.);
#13128 = ORIENTED_EDGE('',*,*,#10503,.T.);
#13129 = ORIENTED_EDGE('',*,*,#13130,.T.);
#13130 = EDGE_CURVE('',#10496,#11209,#13131,.T.);
#13131 = LINE('',#13132,#13133);
#13132 = CARTESIAN_POINT('',(2.25,2.745,1.025));
#13133 = VECTOR('',#13134,1.);
#13134 = DIRECTION('',(-1.,-1.110223024625E-16,0.));
#13135 = ORIENTED_EDGE('',*,*,#11208,.F.);
#13136 = PLANE('',#13137);
#13137 = AXIS2_PLACEMENT_3D('',#13138,#13139,#13140);
#13138 = CARTESIAN_POINT('',(-5.13650187581E-16,4.3125,1.025));
#13139 = DIRECTION('',(2.007919022419E-31,1.243053547621E-27,-1.));
#13140 = DIRECTION('',(1.,9.251540906623E-17,2.00791902242E-31));
#13141 = ADVANCED_FACE('',(#13142),#13228,.F.);
#13142 = FACE_BOUND('',#13143,.F.);
#13143 = EDGE_LOOP('',(#13144,#13145,#13146,#13155,#13163,#13172,#13180,
    #13188,#13196,#13205,#13213,#13222));
#13144 = ORIENTED_EDGE('',*,*,#10495,.F.);
#13145 = ORIENTED_EDGE('',*,*,#10517,.T.);
#13146 = ORIENTED_EDGE('',*,*,#13147,.T.);
#13147 = EDGE_CURVE('',#10518,#13148,#13150,.T.);
#13148 = VERTEX_POINT('',#13149);
#13149 = CARTESIAN_POINT('',(2.348480775301,2.745,0.742364817767));
#13150 = CIRCLE('',#13151,0.1);
#13151 = AXIS2_PLACEMENT_3D('',#13152,#13153,#13154);
#13152 = CARTESIAN_POINT('',(2.25,2.745,0.725));
#13153 = DIRECTION('',(-1.110223024625E-16,1.,2.189528849922E-47));
#13154 = DIRECTION('',(4.440892098501E-15,4.930380657631E-31,1.));
#13155 = ORIENTED_EDGE('',*,*,#13156,.T.);
#13156 = EDGE_CURVE('',#13148,#13157,#13159,.T.);
#13157 = VERTEX_POINT('',#13158);
#13158 = CARTESIAN_POINT('',(2.429496640897,2.745,0.2479055467));
#13159 = LINE('',#13160,#13161);
#13160 = CARTESIAN_POINT('',(2.348480775301,2.745,0.742364817767));
#13161 = VECTOR('',#13162,1.);
#13162 = DIRECTION('',(0.161691392282,1.795135065956E-17,-0.986841372087
    ));
#13163 = ORIENTED_EDGE('',*,*,#13164,.T.);
#13164 = EDGE_CURVE('',#13157,#13165,#13167,.T.);
#13165 = VERTEX_POINT('',#13166);
#13166 = CARTESIAN_POINT('',(2.724938966801,2.745,-1.665334536938E-16));
#13167 = CIRCLE('',#13168,0.3);
#13168 = AXIS2_PLACEMENT_3D('',#13169,#13170,#13171);
#13169 = CARTESIAN_POINT('',(2.724938966801,2.745,0.3));
#13170 = DIRECTION('',(1.110223024625E-16,-1.,-6.255634725081E-34));
#13171 = DIRECTION('',(-0.984807753012,-1.093356242223E-16,
    -0.173648177667));
#13172 = ORIENTED_EDGE('',*,*,#13173,.T.);
#13173 = EDGE_CURVE('',#13165,#13174,#13176,.T.);
#13174 = VERTEX_POINT('',#13175);
#13175 = CARTESIAN_POINT('',(3.,2.745,-1.665334536938E-16));
#13176 = LINE('',#13177,#13178);
#13177 = CARTESIAN_POINT('',(2.724938966801,2.745,-1.665334536938E-16));
#13178 = VECTOR('',#13179,1.);
#13179 = DIRECTION('',(1.,1.110223024625E-16,0.));
#13180 = ORIENTED_EDGE('',*,*,#13181,.T.);
#13181 = EDGE_CURVE('',#13174,#13182,#13184,.T.);
#13182 = VERTEX_POINT('',#13183);
#13183 = CARTESIAN_POINT('',(3.,2.745,0.2));
#13184 = LINE('',#13185,#13186);
#13185 = CARTESIAN_POINT('',(3.,2.745,-1.665334536938E-16));
#13186 = VECTOR('',#13187,1.);
#13187 = DIRECTION('',(0.,0.,1.));
#13188 = ORIENTED_EDGE('',*,*,#13189,.T.);
#13189 = EDGE_CURVE('',#13182,#13190,#13192,.T.);
#13190 = VERTEX_POINT('',#13191);
#13191 = CARTESIAN_POINT('',(2.724938966801,2.745,0.2));
#13192 = LINE('',#13193,#13194);
#13193 = CARTESIAN_POINT('',(3.,2.745,0.2));
#13194 = VECTOR('',#13195,1.);
#13195 = DIRECTION('',(-1.,-1.110223024625E-16,0.));
#13196 = ORIENTED_EDGE('',*,*,#13197,.T.);
#13197 = EDGE_CURVE('',#13190,#13198,#13200,.T.);
#13198 = VERTEX_POINT('',#13199);
#13199 = CARTESIAN_POINT('',(2.6264581915,2.745,0.282635182233));
#13200 = CIRCLE('',#13201,0.1);
#13201 = AXIS2_PLACEMENT_3D('',#13202,#13203,#13204);
#13202 = CARTESIAN_POINT('',(2.724938966801,2.745,0.3));
#13203 = DIRECTION('',(-1.110223024625E-16,1.,0.));
#13204 = DIRECTION('',(0.,0.,-1.));
#13205 = ORIENTED_EDGE('',*,*,#13206,.T.);
#13206 = EDGE_CURVE('',#13198,#13207,#13209,.T.);
#13207 = VERTEX_POINT('',#13208);
#13208 = CARTESIAN_POINT('',(2.545442325904,2.745,0.7770944533));
#13209 = LINE('',#13210,#13211);
#13210 = CARTESIAN_POINT('',(2.6264581915,2.745,0.282635182233));
#13211 = VECTOR('',#13212,1.);
#13212 = DIRECTION('',(-0.161691392282,-1.795135065956E-17,
    0.986841372087));
#13213 = ORIENTED_EDGE('',*,*,#13214,.T.);
#13214 = EDGE_CURVE('',#13207,#13215,#13217,.T.);
#13215 = VERTEX_POINT('',#13216);
#13216 = CARTESIAN_POINT('',(2.25,2.745,1.025));
#13217 = CIRCLE('',#13218,0.3);
#13218 = AXIS2_PLACEMENT_3D('',#13219,#13220,#13221);
#13219 = CARTESIAN_POINT('',(2.25,2.745,0.725));
#13220 = DIRECTION('',(1.110223024625E-16,-1.,-6.255634725081E-34));
#13221 = DIRECTION('',(0.984807753012,1.093356242223E-16,0.173648177667)
  );
#13222 = ORIENTED_EDGE('',*,*,#13223,.T.);
#13223 = EDGE_CURVE('',#13215,#10496,#13224,.T.);
#13224 = LINE('',#13225,#13226);
#13225 = CARTESIAN_POINT('',(2.25,2.745,1.025));
#13226 = VECTOR('',#13227,1.);
#13227 = DIRECTION('',(-1.,-1.110223024625E-16,0.));
#13228 = PLANE('',#13229);
#13229 = AXIS2_PLACEMENT_3D('',#13230,#13231,#13232);
#13230 = CARTESIAN_POINT('',(2.42560961319,2.745,0.548953137803));
#13231 = DIRECTION('',(1.110223024625E-16,-1.,0.));
#13232 = DIRECTION('',(0.,0.,1.));
#13233 = ADVANCED_FACE('',(#13234),#13253,.F.);
#13234 = FACE_BOUND('',#13235,.F.);
#13235 = EDGE_LOOP('',(#13236,#13237,#13246,#13252));
#13236 = ORIENTED_EDGE('',*,*,#10534,.T.);
#13237 = ORIENTED_EDGE('',*,*,#13238,.T.);
#13238 = EDGE_CURVE('',#10527,#13239,#13241,.T.);
#13239 = VERTEX_POINT('',#13240);
#13240 = CARTESIAN_POINT('',(2.348480775301,2.335,0.742364817767));
#13241 = CIRCLE('',#13242,0.1);
#13242 = AXIS2_PLACEMENT_3D('',#13243,#13244,#13245);
#13243 = CARTESIAN_POINT('',(2.25,2.335,0.725));
#13244 = DIRECTION('',(-1.110223024625E-16,1.,2.189528849922E-47));
#13245 = DIRECTION('',(4.440892098501E-15,4.930380657631E-31,1.));
#13246 = ORIENTED_EDGE('',*,*,#13247,.F.);
#13247 = EDGE_CURVE('',#13148,#13239,#13248,.T.);
#13248 = LINE('',#13249,#13250);
#13249 = CARTESIAN_POINT('',(2.348480775301,2.745,0.742364817767));
#13250 = VECTOR('',#13251,1.);
#13251 = DIRECTION('',(1.110223024625E-16,-1.,0.));
#13252 = ORIENTED_EDGE('',*,*,#13147,.F.);
#13253 = CYLINDRICAL_SURFACE('',#13254,0.1);
#13254 = AXIS2_PLACEMENT_3D('',#13255,#13256,#13257);
#13255 = CARTESIAN_POINT('',(2.25,2.745,0.725));
#13256 = DIRECTION('',(-1.110223024625E-16,1.,0.));
#13257 = DIRECTION('',(4.440892098501E-15,4.930380657631E-31,1.));
#13258 = ADVANCED_FACE('',(#13259),#13337,.T.);
#13259 = FACE_BOUND('',#13260,.T.);
#13260 = EDGE_LOOP('',(#13261,#13262,#13263,#13264,#13272,#13281,#13289,
    #13297,#13305,#13314,#13322,#13331));
#13261 = ORIENTED_EDGE('',*,*,#10548,.F.);
#13262 = ORIENTED_EDGE('',*,*,#10526,.T.);
#13263 = ORIENTED_EDGE('',*,*,#13238,.T.);
#13264 = ORIENTED_EDGE('',*,*,#13265,.T.);
#13265 = EDGE_CURVE('',#13239,#13266,#13268,.T.);
#13266 = VERTEX_POINT('',#13267);
#13267 = CARTESIAN_POINT('',(2.429496640897,2.335,0.2479055467));
#13268 = LINE('',#13269,#13270);
#13269 = CARTESIAN_POINT('',(2.348480775301,2.335,0.742364817767));
#13270 = VECTOR('',#13271,1.);
#13271 = DIRECTION('',(0.161691392282,1.795135065956E-17,-0.986841372087
    ));
#13272 = ORIENTED_EDGE('',*,*,#13273,.T.);
#13273 = EDGE_CURVE('',#13266,#13274,#13276,.T.);
#13274 = VERTEX_POINT('',#13275);
#13275 = CARTESIAN_POINT('',(2.724938966801,2.335,-1.665334536938E-16));
#13276 = CIRCLE('',#13277,0.3);
#13277 = AXIS2_PLACEMENT_3D('',#13278,#13279,#13280);
#13278 = CARTESIAN_POINT('',(2.724938966801,2.335,0.3));
#13279 = DIRECTION('',(1.110223024625E-16,-1.,-6.255634725081E-34));
#13280 = DIRECTION('',(-0.984807753012,-1.093356242223E-16,
    -0.173648177667));
#13281 = ORIENTED_EDGE('',*,*,#13282,.T.);
#13282 = EDGE_CURVE('',#13274,#13283,#13285,.T.);
#13283 = VERTEX_POINT('',#13284);
#13284 = CARTESIAN_POINT('',(3.,2.335,-1.665334536938E-16));
#13285 = LINE('',#13286,#13287);
#13286 = CARTESIAN_POINT('',(2.724938966801,2.335,-1.665334536938E-16));
#13287 = VECTOR('',#13288,1.);
#13288 = DIRECTION('',(1.,1.110223024625E-16,0.));
#13289 = ORIENTED_EDGE('',*,*,#13290,.T.);
#13290 = EDGE_CURVE('',#13283,#13291,#13293,.T.);
#13291 = VERTEX_POINT('',#13292);
#13292 = CARTESIAN_POINT('',(3.,2.335,0.2));
#13293 = LINE('',#13294,#13295);
#13294 = CARTESIAN_POINT('',(3.,2.335,-1.665334536938E-16));
#13295 = VECTOR('',#13296,1.);
#13296 = DIRECTION('',(0.,0.,1.));
#13297 = ORIENTED_EDGE('',*,*,#13298,.T.);
#13298 = EDGE_CURVE('',#13291,#13299,#13301,.T.);
#13299 = VERTEX_POINT('',#13300);
#13300 = CARTESIAN_POINT('',(2.724938966801,2.335,0.2));
#13301 = LINE('',#13302,#13303);
#13302 = CARTESIAN_POINT('',(3.,2.335,0.2));
#13303 = VECTOR('',#13304,1.);
#13304 = DIRECTION('',(-1.,-1.110223024625E-16,0.));
#13305 = ORIENTED_EDGE('',*,*,#13306,.T.);
#13306 = EDGE_CURVE('',#13299,#13307,#13309,.T.);
#13307 = VERTEX_POINT('',#13308);
#13308 = CARTESIAN_POINT('',(2.6264581915,2.335,0.282635182233));
#13309 = CIRCLE('',#13310,0.1);
#13310 = AXIS2_PLACEMENT_3D('',#13311,#13312,#13313);
#13311 = CARTESIAN_POINT('',(2.724938966801,2.335,0.3));
#13312 = DIRECTION('',(-1.110223024625E-16,1.,0.));
#13313 = DIRECTION('',(0.,0.,-1.));
#13314 = ORIENTED_EDGE('',*,*,#13315,.T.);
#13315 = EDGE_CURVE('',#13307,#13316,#13318,.T.);
#13316 = VERTEX_POINT('',#13317);
#13317 = CARTESIAN_POINT('',(2.545442325904,2.335,0.7770944533));
#13318 = LINE('',#13319,#13320);
#13319 = CARTESIAN_POINT('',(2.6264581915,2.335,0.282635182233));
#13320 = VECTOR('',#13321,1.);
#13321 = DIRECTION('',(-0.161691392282,-1.795135065956E-17,
    0.986841372087));
#13322 = ORIENTED_EDGE('',*,*,#13323,.T.);
#13323 = EDGE_CURVE('',#13316,#13324,#13326,.T.);
#13324 = VERTEX_POINT('',#13325);
#13325 = CARTESIAN_POINT('',(2.25,2.335,1.025));
#13326 = CIRCLE('',#13327,0.3);
#13327 = AXIS2_PLACEMENT_3D('',#13328,#13329,#13330);
#13328 = CARTESIAN_POINT('',(2.25,2.335,0.725));
#13329 = DIRECTION('',(1.110223024625E-16,-1.,-6.255634725081E-34));
#13330 = DIRECTION('',(0.984807753012,1.093356242223E-16,0.173648177667)
  );
#13331 = ORIENTED_EDGE('',*,*,#13332,.T.);
#13332 = EDGE_CURVE('',#13324,#10549,#13333,.T.);
#13333 = LINE('',#13334,#13335);
#13334 = CARTESIAN_POINT('',(2.25,2.335,1.025));
#13335 = VECTOR('',#13336,1.);
#13336 = DIRECTION('',(-1.,-1.110223024625E-16,0.));
#13337 = PLANE('',#13338);
#13338 = AXIS2_PLACEMENT_3D('',#13339,#13340,#13341);
#13339 = CARTESIAN_POINT('',(2.42560961319,2.335,0.548953137803));
#13340 = DIRECTION('',(1.110223024625E-16,-1.,0.));
#13341 = DIRECTION('',(0.,0.,1.));
#13342 = ADVANCED_FACE('',(#13343),#13359,.F.);
#13343 = FACE_BOUND('',#13344,.F.);
#13344 = EDGE_LOOP('',(#13345,#13351,#13352,#13358));
#13345 = ORIENTED_EDGE('',*,*,#13346,.F.);
#13346 = EDGE_CURVE('',#10549,#11217,#13347,.T.);
#13347 = LINE('',#13348,#13349);
#13348 = CARTESIAN_POINT('',(2.25,2.335,1.025));
#13349 = VECTOR('',#13350,1.);
#13350 = DIRECTION('',(-1.,-1.110223024625E-16,0.));
#13351 = ORIENTED_EDGE('',*,*,#10565,.T.);
#13352 = ORIENTED_EDGE('',*,*,#13353,.T.);
#13353 = EDGE_CURVE('',#10558,#11225,#13354,.T.);
#13354 = LINE('',#13355,#13356);
#13355 = CARTESIAN_POINT('',(2.25,1.475,1.025));
#13356 = VECTOR('',#13357,1.);
#13357 = DIRECTION('',(-1.,-1.110223024625E-16,0.));
#13358 = ORIENTED_EDGE('',*,*,#11224,.F.);
#13359 = PLANE('',#13360);
#13360 = AXIS2_PLACEMENT_3D('',#13361,#13362,#13363);
#13361 = CARTESIAN_POINT('',(-5.13650187581E-16,4.3125,1.025));
#13362 = DIRECTION('',(2.007919022419E-31,1.243053547621E-27,-1.));
#13363 = DIRECTION('',(1.,9.251540906623E-17,2.00791902242E-31));
#13364 = ADVANCED_FACE('',(#13365),#13451,.F.);
#13365 = FACE_BOUND('',#13366,.F.);
#13366 = EDGE_LOOP('',(#13367,#13368,#13369,#13378,#13386,#13395,#13403,
    #13411,#13419,#13428,#13436,#13445));
#13367 = ORIENTED_EDGE('',*,*,#10557,.F.);
#13368 = ORIENTED_EDGE('',*,*,#10579,.T.);
#13369 = ORIENTED_EDGE('',*,*,#13370,.T.);
#13370 = EDGE_CURVE('',#10580,#13371,#13373,.T.);
#13371 = VERTEX_POINT('',#13372);
#13372 = CARTESIAN_POINT('',(2.348480775301,1.475,0.742364817767));
#13373 = CIRCLE('',#13374,0.1);
#13374 = AXIS2_PLACEMENT_3D('',#13375,#13376,#13377);
#13375 = CARTESIAN_POINT('',(2.25,1.475,0.725));
#13376 = DIRECTION('',(-1.110223024625E-16,1.,2.189528849922E-47));
#13377 = DIRECTION('',(4.440892098501E-15,4.930380657631E-31,1.));
#13378 = ORIENTED_EDGE('',*,*,#13379,.T.);
#13379 = EDGE_CURVE('',#13371,#13380,#13382,.T.);
#13380 = VERTEX_POINT('',#13381);
#13381 = CARTESIAN_POINT('',(2.429496640897,1.475,0.2479055467));
#13382 = LINE('',#13383,#13384);
#13383 = CARTESIAN_POINT('',(2.348480775301,1.475,0.742364817767));
#13384 = VECTOR('',#13385,1.);
#13385 = DIRECTION('',(0.161691392282,1.795135065956E-17,-0.986841372087
    ));
#13386 = ORIENTED_EDGE('',*,*,#13387,.T.);
#13387 = EDGE_CURVE('',#13380,#13388,#13390,.T.);
#13388 = VERTEX_POINT('',#13389);
#13389 = CARTESIAN_POINT('',(2.724938966801,1.475,-1.665334536938E-16));
#13390 = CIRCLE('',#13391,0.3);
#13391 = AXIS2_PLACEMENT_3D('',#13392,#13393,#13394);
#13392 = CARTESIAN_POINT('',(2.724938966801,1.475,0.3));
#13393 = DIRECTION('',(1.110223024625E-16,-1.,-6.255634725081E-34));
#13394 = DIRECTION('',(-0.984807753012,-1.093356242223E-16,
    -0.173648177667));
#13395 = ORIENTED_EDGE('',*,*,#13396,.T.);
#13396 = EDGE_CURVE('',#13388,#13397,#13399,.T.);
#13397 = VERTEX_POINT('',#13398);
#13398 = CARTESIAN_POINT('',(3.,1.475,-1.665334536938E-16));
#13399 = LINE('',#13400,#13401);
#13400 = CARTESIAN_POINT('',(2.724938966801,1.475,-1.665334536938E-16));
#13401 = VECTOR('',#13402,1.);
#13402 = DIRECTION('',(1.,1.110223024625E-16,0.));
#13403 = ORIENTED_EDGE('',*,*,#13404,.T.);
#13404 = EDGE_CURVE('',#13397,#13405,#13407,.T.);
#13405 = VERTEX_POINT('',#13406);
#13406 = CARTESIAN_POINT('',(3.,1.475,0.2));
#13407 = LINE('',#13408,#13409);
#13408 = CARTESIAN_POINT('',(3.,1.475,-1.665334536938E-16));
#13409 = VECTOR('',#13410,1.);
#13410 = DIRECTION('',(0.,0.,1.));
#13411 = ORIENTED_EDGE('',*,*,#13412,.T.);
#13412 = EDGE_CURVE('',#13405,#13413,#13415,.T.);
#13413 = VERTEX_POINT('',#13414);
#13414 = CARTESIAN_POINT('',(2.724938966801,1.475,0.2));
#13415 = LINE('',#13416,#13417);
#13416 = CARTESIAN_POINT('',(3.,1.475,0.2));
#13417 = VECTOR('',#13418,1.);
#13418 = DIRECTION('',(-1.,-1.110223024625E-16,0.));
#13419 = ORIENTED_EDGE('',*,*,#13420,.T.);
#13420 = EDGE_CURVE('',#13413,#13421,#13423,.T.);
#13421 = VERTEX_POINT('',#13422);
#13422 = CARTESIAN_POINT('',(2.6264581915,1.475,0.282635182233));
#13423 = CIRCLE('',#13424,0.1);
#13424 = AXIS2_PLACEMENT_3D('',#13425,#13426,#13427);
#13425 = CARTESIAN_POINT('',(2.724938966801,1.475,0.3));
#13426 = DIRECTION('',(-1.110223024625E-16,1.,0.));
#13427 = DIRECTION('',(0.,0.,-1.));
#13428 = ORIENTED_EDGE('',*,*,#13429,.T.);
#13429 = EDGE_CURVE('',#13421,#13430,#13432,.T.);
#13430 = VERTEX_POINT('',#13431);
#13431 = CARTESIAN_POINT('',(2.545442325904,1.475,0.7770944533));
#13432 = LINE('',#13433,#13434);
#13433 = CARTESIAN_POINT('',(2.6264581915,1.475,0.282635182233));
#13434 = VECTOR('',#13435,1.);
#13435 = DIRECTION('',(-0.161691392282,-1.795135065956E-17,
    0.986841372087));
#13436 = ORIENTED_EDGE('',*,*,#13437,.T.);
#13437 = EDGE_CURVE('',#13430,#13438,#13440,.T.);
#13438 = VERTEX_POINT('',#13439);
#13439 = CARTESIAN_POINT('',(2.25,1.475,1.025));
#13440 = CIRCLE('',#13441,0.3);
#13441 = AXIS2_PLACEMENT_3D('',#13442,#13443,#13444);
#13442 = CARTESIAN_POINT('',(2.25,1.475,0.725));
#13443 = DIRECTION('',(1.110223024625E-16,-1.,-6.255634725081E-34));
#13444 = DIRECTION('',(0.984807753012,1.093356242223E-16,0.173648177667)
  );
#13445 = ORIENTED_EDGE('',*,*,#13446,.T.);
#13446 = EDGE_CURVE('',#13438,#10558,#13447,.T.);
#13447 = LINE('',#13448,#13449);
#13448 = CARTESIAN_POINT('',(2.25,1.475,1.025));
#13449 = VECTOR('',#13450,1.);
#13450 = DIRECTION('',(-1.,-1.110223024625E-16,0.));
#13451 = PLANE('',#13452);
#13452 = AXIS2_PLACEMENT_3D('',#13453,#13454,#13455);
#13453 = CARTESIAN_POINT('',(2.42560961319,1.475,0.548953137803));
#13454 = DIRECTION('',(1.110223024625E-16,-1.,0.));
#13455 = DIRECTION('',(0.,0.,1.));
#13456 = ADVANCED_FACE('',(#13457),#13476,.F.);
#13457 = FACE_BOUND('',#13458,.F.);
#13458 = EDGE_LOOP('',(#13459,#13460,#13469,#13475));
#13459 = ORIENTED_EDGE('',*,*,#10596,.T.);
#13460 = ORIENTED_EDGE('',*,*,#13461,.T.);
#13461 = EDGE_CURVE('',#10589,#13462,#13464,.T.);
#13462 = VERTEX_POINT('',#13463);
#13463 = CARTESIAN_POINT('',(2.348480775301,1.065,0.742364817767));
#13464 = CIRCLE('',#13465,0.1);
#13465 = AXIS2_PLACEMENT_3D('',#13466,#13467,#13468);
#13466 = CARTESIAN_POINT('',(2.25,1.065,0.725));
#13467 = DIRECTION('',(-1.110223024625E-16,1.,2.189528849922E-47));
#13468 = DIRECTION('',(4.440892098501E-15,4.930380657631E-31,1.));
#13469 = ORIENTED_EDGE('',*,*,#13470,.F.);
#13470 = EDGE_CURVE('',#13371,#13462,#13471,.T.);
#13471 = LINE('',#13472,#13473);
#13472 = CARTESIAN_POINT('',(2.348480775301,1.475,0.742364817767));
#13473 = VECTOR('',#13474,1.);
#13474 = DIRECTION('',(1.110223024625E-16,-1.,0.));
#13475 = ORIENTED_EDGE('',*,*,#13370,.F.);
#13476 = CYLINDRICAL_SURFACE('',#13477,0.1);
#13477 = AXIS2_PLACEMENT_3D('',#13478,#13479,#13480);
#13478 = CARTESIAN_POINT('',(2.25,1.475,0.725));
#13479 = DIRECTION('',(-1.110223024625E-16,1.,0.));
#13480 = DIRECTION('',(4.440892098501E-15,4.930380657631E-31,1.));
#13481 = ADVANCED_FACE('',(#13482),#13560,.T.);
#13482 = FACE_BOUND('',#13483,.T.);
#13483 = EDGE_LOOP('',(#13484,#13485,#13486,#13487,#13495,#13504,#13512,
    #13520,#13528,#13537,#13545,#13554));
#13484 = ORIENTED_EDGE('',*,*,#10610,.F.);
#13485 = ORIENTED_EDGE('',*,*,#10588,.T.);
#13486 = ORIENTED_EDGE('',*,*,#13461,.T.);
#13487 = ORIENTED_EDGE('',*,*,#13488,.T.);
#13488 = EDGE_CURVE('',#13462,#13489,#13491,.T.);
#13489 = VERTEX_POINT('',#13490);
#13490 = CARTESIAN_POINT('',(2.429496640897,1.065,0.2479055467));
#13491 = LINE('',#13492,#13493);
#13492 = CARTESIAN_POINT('',(2.348480775301,1.065,0.742364817767));
#13493 = VECTOR('',#13494,1.);
#13494 = DIRECTION('',(0.161691392282,1.795135065956E-17,-0.986841372087
    ));
#13495 = ORIENTED_EDGE('',*,*,#13496,.T.);
#13496 = EDGE_CURVE('',#13489,#13497,#13499,.T.);
#13497 = VERTEX_POINT('',#13498);
#13498 = CARTESIAN_POINT('',(2.724938966801,1.065,-1.665334536938E-16));
#13499 = CIRCLE('',#13500,0.3);
#13500 = AXIS2_PLACEMENT_3D('',#13501,#13502,#13503);
#13501 = CARTESIAN_POINT('',(2.724938966801,1.065,0.3));
#13502 = DIRECTION('',(1.110223024625E-16,-1.,-6.255634725081E-34));
#13503 = DIRECTION('',(-0.984807753012,-1.093356242223E-16,
    -0.173648177667));
#13504 = ORIENTED_EDGE('',*,*,#13505,.T.);
#13505 = EDGE_CURVE('',#13497,#13506,#13508,.T.);
#13506 = VERTEX_POINT('',#13507);
#13507 = CARTESIAN_POINT('',(3.,1.065,-1.665334536938E-16));
#13508 = LINE('',#13509,#13510);
#13509 = CARTESIAN_POINT('',(2.724938966801,1.065,-1.665334536938E-16));
#13510 = VECTOR('',#13511,1.);
#13511 = DIRECTION('',(1.,1.110223024625E-16,0.));
#13512 = ORIENTED_EDGE('',*,*,#13513,.T.);
#13513 = EDGE_CURVE('',#13506,#13514,#13516,.T.);
#13514 = VERTEX_POINT('',#13515);
#13515 = CARTESIAN_POINT('',(3.,1.065,0.2));
#13516 = LINE('',#13517,#13518);
#13517 = CARTESIAN_POINT('',(3.,1.065,-1.665334536938E-16));
#13518 = VECTOR('',#13519,1.);
#13519 = DIRECTION('',(0.,0.,1.));
#13520 = ORIENTED_EDGE('',*,*,#13521,.T.);
#13521 = EDGE_CURVE('',#13514,#13522,#13524,.T.);
#13522 = VERTEX_POINT('',#13523);
#13523 = CARTESIAN_POINT('',(2.724938966801,1.065,0.2));
#13524 = LINE('',#13525,#13526);
#13525 = CARTESIAN_POINT('',(3.,1.065,0.2));
#13526 = VECTOR('',#13527,1.);
#13527 = DIRECTION('',(-1.,-1.110223024625E-16,0.));
#13528 = ORIENTED_EDGE('',*,*,#13529,.T.);
#13529 = EDGE_CURVE('',#13522,#13530,#13532,.T.);
#13530 = VERTEX_POINT('',#13531);
#13531 = CARTESIAN_POINT('',(2.6264581915,1.065,0.282635182233));
#13532 = CIRCLE('',#13533,0.1);
#13533 = AXIS2_PLACEMENT_3D('',#13534,#13535,#13536);
#13534 = CARTESIAN_POINT('',(2.724938966801,1.065,0.3));
#13535 = DIRECTION('',(-1.110223024625E-16,1.,0.));
#13536 = DIRECTION('',(0.,0.,-1.));
#13537 = ORIENTED_EDGE('',*,*,#13538,.T.);
#13538 = EDGE_CURVE('',#13530,#13539,#13541,.T.);
#13539 = VERTEX_POINT('',#13540);
#13540 = CARTESIAN_POINT('',(2.545442325904,1.065,0.7770944533));
#13541 = LINE('',#13542,#13543);
#13542 = CARTESIAN_POINT('',(2.6264581915,1.065,0.282635182233));
#13543 = VECTOR('',#13544,1.);
#13544 = DIRECTION('',(-0.161691392282,-1.795135065956E-17,
    0.986841372087));
#13545 = ORIENTED_EDGE('',*,*,#13546,.T.);
#13546 = EDGE_CURVE('',#13539,#13547,#13549,.T.);
#13547 = VERTEX_POINT('',#13548);
#13548 = CARTESIAN_POINT('',(2.25,1.065,1.025));
#13549 = CIRCLE('',#13550,0.3);
#13550 = AXIS2_PLACEMENT_3D('',#13551,#13552,#13553);
#13551 = CARTESIAN_POINT('',(2.25,1.065,0.725));
#13552 = DIRECTION('',(1.110223024625E-16,-1.,-6.255634725081E-34));
#13553 = DIRECTION('',(0.984807753012,1.093356242223E-16,0.173648177667)
  );
#13554 = ORIENTED_EDGE('',*,*,#13555,.T.);
#13555 = EDGE_CURVE('',#13547,#10611,#13556,.T.);
#13556 = LINE('',#13557,#13558);
#13557 = CARTESIAN_POINT('',(2.25,1.065,1.025));
#13558 = VECTOR('',#13559,1.);
#13559 = DIRECTION('',(-1.,-1.110223024625E-16,0.));
#13560 = PLANE('',#13561);
#13561 = AXIS2_PLACEMENT_3D('',#13562,#13563,#13564);
#13562 = CARTESIAN_POINT('',(2.42560961319,1.065,0.548953137803));
#13563 = DIRECTION('',(1.110223024625E-16,-1.,0.));
#13564 = DIRECTION('',(0.,0.,1.));
#13565 = ADVANCED_FACE('',(#13566),#13582,.F.);
#13566 = FACE_BOUND('',#13567,.F.);
#13567 = EDGE_LOOP('',(#13568,#13574,#13575,#13581));
#13568 = ORIENTED_EDGE('',*,*,#13569,.F.);
#13569 = EDGE_CURVE('',#10611,#11233,#13570,.T.);
#13570 = LINE('',#13571,#13572);
#13571 = CARTESIAN_POINT('',(2.25,1.065,1.025));
#13572 = VECTOR('',#13573,1.);
#13573 = DIRECTION('',(-1.,-1.110223024625E-16,0.));
#13574 = ORIENTED_EDGE('',*,*,#10627,.T.);
#13575 = ORIENTED_EDGE('',*,*,#13576,.T.);
#13576 = EDGE_CURVE('',#10620,#11241,#13577,.T.);
#13577 = LINE('',#13578,#13579);
#13578 = CARTESIAN_POINT('',(2.25,0.205,1.025));
#13579 = VECTOR('',#13580,1.);
#13580 = DIRECTION('',(-1.,-1.110223024625E-16,0.));
#13581 = ORIENTED_EDGE('',*,*,#11240,.F.);
#13582 = PLANE('',#13583);
#13583 = AXIS2_PLACEMENT_3D('',#13584,#13585,#13586);
#13584 = CARTESIAN_POINT('',(-5.13650187581E-16,4.3125,1.025));
#13585 = DIRECTION('',(2.007919022419E-31,1.243053547621E-27,-1.));
#13586 = DIRECTION('',(1.,9.251540906623E-17,2.00791902242E-31));
#13587 = ADVANCED_FACE('',(#13588),#13674,.F.);
#13588 = FACE_BOUND('',#13589,.F.);
#13589 = EDGE_LOOP('',(#13590,#13591,#13592,#13601,#13609,#13618,#13626,
    #13634,#13642,#13651,#13659,#13668));
#13590 = ORIENTED_EDGE('',*,*,#10619,.F.);
#13591 = ORIENTED_EDGE('',*,*,#10641,.T.);
#13592 = ORIENTED_EDGE('',*,*,#13593,.T.);
#13593 = EDGE_CURVE('',#10642,#13594,#13596,.T.);
#13594 = VERTEX_POINT('',#13595);
#13595 = CARTESIAN_POINT('',(2.348480775301,0.205,0.742364817767));
#13596 = CIRCLE('',#13597,0.1);
#13597 = AXIS2_PLACEMENT_3D('',#13598,#13599,#13600);
#13598 = CARTESIAN_POINT('',(2.25,0.205,0.725));
#13599 = DIRECTION('',(-1.110223024625E-16,1.,2.189528849922E-47));
#13600 = DIRECTION('',(4.440892098501E-15,4.930380657631E-31,1.));
#13601 = ORIENTED_EDGE('',*,*,#13602,.T.);
#13602 = EDGE_CURVE('',#13594,#13603,#13605,.T.);
#13603 = VERTEX_POINT('',#13604);
#13604 = CARTESIAN_POINT('',(2.429496640897,0.205,0.2479055467));
#13605 = LINE('',#13606,#13607);
#13606 = CARTESIAN_POINT('',(2.348480775301,0.205,0.742364817767));
#13607 = VECTOR('',#13608,1.);
#13608 = DIRECTION('',(0.161691392282,1.795135065956E-17,-0.986841372087
    ));
#13609 = ORIENTED_EDGE('',*,*,#13610,.T.);
#13610 = EDGE_CURVE('',#13603,#13611,#13613,.T.);
#13611 = VERTEX_POINT('',#13612);
#13612 = CARTESIAN_POINT('',(2.724938966801,0.205,-1.665334536938E-16));
#13613 = CIRCLE('',#13614,0.3);
#13614 = AXIS2_PLACEMENT_3D('',#13615,#13616,#13617);
#13615 = CARTESIAN_POINT('',(2.724938966801,0.205,0.3));
#13616 = DIRECTION('',(1.110223024625E-16,-1.,-6.255634725081E-34));
#13617 = DIRECTION('',(-0.984807753012,-1.093356242223E-16,
    -0.173648177667));
#13618 = ORIENTED_EDGE('',*,*,#13619,.T.);
#13619 = EDGE_CURVE('',#13611,#13620,#13622,.T.);
#13620 = VERTEX_POINT('',#13621);
#13621 = CARTESIAN_POINT('',(3.,0.205,-1.665334536938E-16));
#13622 = LINE('',#13623,#13624);
#13623 = CARTESIAN_POINT('',(2.724938966801,0.205,-1.665334536938E-16));
#13624 = VECTOR('',#13625,1.);
#13625 = DIRECTION('',(1.,1.110223024625E-16,0.));
#13626 = ORIENTED_EDGE('',*,*,#13627,.T.);
#13627 = EDGE_CURVE('',#13620,#13628,#13630,.T.);
#13628 = VERTEX_POINT('',#13629);
#13629 = CARTESIAN_POINT('',(3.,0.205,0.2));
#13630 = LINE('',#13631,#13632);
#13631 = CARTESIAN_POINT('',(3.,0.205,-1.665334536938E-16));
#13632 = VECTOR('',#13633,1.);
#13633 = DIRECTION('',(0.,0.,1.));
#13634 = ORIENTED_EDGE('',*,*,#13635,.T.);
#13635 = EDGE_CURVE('',#13628,#13636,#13638,.T.);
#13636 = VERTEX_POINT('',#13637);
#13637 = CARTESIAN_POINT('',(2.724938966801,0.205,0.2));
#13638 = LINE('',#13639,#13640);
#13639 = CARTESIAN_POINT('',(3.,0.205,0.2));
#13640 = VECTOR('',#13641,1.);
#13641 = DIRECTION('',(-1.,-1.110223024625E-16,0.));
#13642 = ORIENTED_EDGE('',*,*,#13643,.T.);
#13643 = EDGE_CURVE('',#13636,#13644,#13646,.T.);
#13644 = VERTEX_POINT('',#13645);
#13645 = CARTESIAN_POINT('',(2.6264581915,0.205,0.282635182233));
#13646 = CIRCLE('',#13647,0.1);
#13647 = AXIS2_PLACEMENT_3D('',#13648,#13649,#13650);
#13648 = CARTESIAN_POINT('',(2.724938966801,0.205,0.3));
#13649 = DIRECTION('',(-1.110223024625E-16,1.,0.));
#13650 = DIRECTION('',(0.,0.,-1.));
#13651 = ORIENTED_EDGE('',*,*,#13652,.T.);
#13652 = EDGE_CURVE('',#13644,#13653,#13655,.T.);
#13653 = VERTEX_POINT('',#13654);
#13654 = CARTESIAN_POINT('',(2.545442325904,0.205,0.7770944533));
#13655 = LINE('',#13656,#13657);
#13656 = CARTESIAN_POINT('',(2.6264581915,0.205,0.282635182233));
#13657 = VECTOR('',#13658,1.);
#13658 = DIRECTION('',(-0.161691392282,-1.795135065956E-17,
    0.986841372087));
#13659 = ORIENTED_EDGE('',*,*,#13660,.T.);
#13660 = EDGE_CURVE('',#13653,#13661,#13663,.T.);
#13661 = VERTEX_POINT('',#13662);
#13662 = CARTESIAN_POINT('',(2.25,0.205,1.025));
#13663 = CIRCLE('',#13664,0.3);
#13664 = AXIS2_PLACEMENT_3D('',#13665,#13666,#13667);
#13665 = CARTESIAN_POINT('',(2.25,0.205,0.725));
#13666 = DIRECTION('',(1.110223024625E-16,-1.,-6.255634725081E-34));
#13667 = DIRECTION('',(0.984807753012,1.093356242223E-16,0.173648177667)
  );
#13668 = ORIENTED_EDGE('',*,*,#13669,.T.);
#13669 = EDGE_CURVE('',#13661,#10620,#13670,.T.);
#13670 = LINE('',#13671,#13672);
#13671 = CARTESIAN_POINT('',(2.25,0.205,1.025));
#13672 = VECTOR('',#13673,1.);
#13673 = DIRECTION('',(-1.,-1.110223024625E-16,0.));
#13674 = PLANE('',#13675);
#13675 = AXIS2_PLACEMENT_3D('',#13676,#13677,#13678);
#13676 = CARTESIAN_POINT('',(2.42560961319,0.205,0.548953137803));
#13677 = DIRECTION('',(1.110223024625E-16,-1.,0.));
#13678 = DIRECTION('',(0.,0.,1.));
#13679 = ADVANCED_FACE('',(#13680),#13699,.F.);
#13680 = FACE_BOUND('',#13681,.F.);
#13681 = EDGE_LOOP('',(#13682,#13683,#13692,#13698));
#13682 = ORIENTED_EDGE('',*,*,#10658,.T.);
#13683 = ORIENTED_EDGE('',*,*,#13684,.T.);
#13684 = EDGE_CURVE('',#10651,#13685,#13687,.T.);
#13685 = VERTEX_POINT('',#13686);
#13686 = CARTESIAN_POINT('',(2.348480775301,-0.205,0.742364817767));
#13687 = CIRCLE('',#13688,0.1);
#13688 = AXIS2_PLACEMENT_3D('',#13689,#13690,#13691);
#13689 = CARTESIAN_POINT('',(2.25,-0.205,0.725));
#13690 = DIRECTION('',(-1.110223024625E-16,1.,2.189528849922E-47));
#13691 = DIRECTION('',(4.440892098501E-15,4.930380657631E-31,1.));
#13692 = ORIENTED_EDGE('',*,*,#13693,.F.);
#13693 = EDGE_CURVE('',#13594,#13685,#13694,.T.);
#13694 = LINE('',#13695,#13696);
#13695 = CARTESIAN_POINT('',(2.348480775301,0.205,0.742364817767));
#13696 = VECTOR('',#13697,1.);
#13697 = DIRECTION('',(1.110223024625E-16,-1.,0.));
#13698 = ORIENTED_EDGE('',*,*,#13593,.F.);
#13699 = CYLINDRICAL_SURFACE('',#13700,0.1);
#13700 = AXIS2_PLACEMENT_3D('',#13701,#13702,#13703);
#13701 = CARTESIAN_POINT('',(2.25,0.205,0.725));
#13702 = DIRECTION('',(-1.110223024625E-16,1.,0.));
#13703 = DIRECTION('',(4.440892098501E-15,4.930380657631E-31,1.));
#13704 = ADVANCED_FACE('',(#13705),#13783,.T.);
#13705 = FACE_BOUND('',#13706,.T.);
#13706 = EDGE_LOOP('',(#13707,#13708,#13709,#13710,#13718,#13727,#13735,
    #13743,#13751,#13760,#13768,#13777));
#13707 = ORIENTED_EDGE('',*,*,#10672,.F.);
#13708 = ORIENTED_EDGE('',*,*,#10650,.T.);
#13709 = ORIENTED_EDGE('',*,*,#13684,.T.);
#13710 = ORIENTED_EDGE('',*,*,#13711,.T.);
#13711 = EDGE_CURVE('',#13685,#13712,#13714,.T.);
#13712 = VERTEX_POINT('',#13713);
#13713 = CARTESIAN_POINT('',(2.429496640897,-0.205,0.2479055467));
#13714 = LINE('',#13715,#13716);
#13715 = CARTESIAN_POINT('',(2.348480775301,-0.205,0.742364817767));
#13716 = VECTOR('',#13717,1.);
#13717 = DIRECTION('',(0.161691392282,1.795135065956E-17,-0.986841372087
    ));
#13718 = ORIENTED_EDGE('',*,*,#13719,.T.);
#13719 = EDGE_CURVE('',#13712,#13720,#13722,.T.);
#13720 = VERTEX_POINT('',#13721);
#13721 = CARTESIAN_POINT('',(2.724938966801,-0.205,-1.665334536938E-16)
  );
#13722 = CIRCLE('',#13723,0.3);
#13723 = AXIS2_PLACEMENT_3D('',#13724,#13725,#13726);
#13724 = CARTESIAN_POINT('',(2.724938966801,-0.205,0.3));
#13725 = DIRECTION('',(1.110223024625E-16,-1.,-6.255634725081E-34));
#13726 = DIRECTION('',(-0.984807753012,-1.093356242223E-16,
    -0.173648177667));
#13727 = ORIENTED_EDGE('',*,*,#13728,.T.);
#13728 = EDGE_CURVE('',#13720,#13729,#13731,.T.);
#13729 = VERTEX_POINT('',#13730);
#13730 = CARTESIAN_POINT('',(3.,-0.205,-1.665334536938E-16));
#13731 = LINE('',#13732,#13733);
#13732 = CARTESIAN_POINT('',(2.724938966801,-0.205,-1.665334536938E-16)
  );
#13733 = VECTOR('',#13734,1.);
#13734 = DIRECTION('',(1.,1.110223024625E-16,0.));
#13735 = ORIENTED_EDGE('',*,*,#13736,.T.);
#13736 = EDGE_CURVE('',#13729,#13737,#13739,.T.);
#13737 = VERTEX_POINT('',#13738);
#13738 = CARTESIAN_POINT('',(3.,-0.205,0.2));
#13739 = LINE('',#13740,#13741);
#13740 = CARTESIAN_POINT('',(3.,-0.205,-1.665334536938E-16));
#13741 = VECTOR('',#13742,1.);
#13742 = DIRECTION('',(0.,0.,1.));
#13743 = ORIENTED_EDGE('',*,*,#13744,.T.);
#13744 = EDGE_CURVE('',#13737,#13745,#13747,.T.);
#13745 = VERTEX_POINT('',#13746);
#13746 = CARTESIAN_POINT('',(2.724938966801,-0.205,0.2));
#13747 = LINE('',#13748,#13749);
#13748 = CARTESIAN_POINT('',(3.,-0.205,0.2));
#13749 = VECTOR('',#13750,1.);
#13750 = DIRECTION('',(-1.,-1.110223024625E-16,0.));
#13751 = ORIENTED_EDGE('',*,*,#13752,.T.);
#13752 = EDGE_CURVE('',#13745,#13753,#13755,.T.);
#13753 = VERTEX_POINT('',#13754);
#13754 = CARTESIAN_POINT('',(2.6264581915,-0.205,0.282635182233));
#13755 = CIRCLE('',#13756,0.1);
#13756 = AXIS2_PLACEMENT_3D('',#13757,#13758,#13759);
#13757 = CARTESIAN_POINT('',(2.724938966801,-0.205,0.3));
#13758 = DIRECTION('',(-1.110223024625E-16,1.,0.));
#13759 = DIRECTION('',(0.,0.,-1.));
#13760 = ORIENTED_EDGE('',*,*,#13761,.T.);
#13761 = EDGE_CURVE('',#13753,#13762,#13764,.T.);
#13762 = VERTEX_POINT('',#13763);
#13763 = CARTESIAN_POINT('',(2.545442325904,-0.205,0.7770944533));
#13764 = LINE('',#13765,#13766);
#13765 = CARTESIAN_POINT('',(2.6264581915,-0.205,0.282635182233));
#13766 = VECTOR('',#13767,1.);
#13767 = DIRECTION('',(-0.161691392282,-1.795135065956E-17,
    0.986841372087));
#13768 = ORIENTED_EDGE('',*,*,#13769,.T.);
#13769 = EDGE_CURVE('',#13762,#13770,#13772,.T.);
#13770 = VERTEX_POINT('',#13771);
#13771 = CARTESIAN_POINT('',(2.25,-0.205,1.025));
#13772 = CIRCLE('',#13773,0.3);
#13773 = AXIS2_PLACEMENT_3D('',#13774,#13775,#13776);
#13774 = CARTESIAN_POINT('',(2.25,-0.205,0.725));
#13775 = DIRECTION('',(1.110223024625E-16,-1.,-6.255634725081E-34));
#13776 = DIRECTION('',(0.984807753012,1.093356242223E-16,0.173648177667)
  );
#13777 = ORIENTED_EDGE('',*,*,#13778,.T.);
#13778 = EDGE_CURVE('',#13770,#10673,#13779,.T.);
#13779 = LINE('',#13780,#13781);
#13780 = CARTESIAN_POINT('',(2.25,-0.205,1.025));
#13781 = VECTOR('',#13782,1.);
#13782 = DIRECTION('',(-1.,-1.110223024625E-16,0.));
#13783 = PLANE('',#13784);
#13784 = AXIS2_PLACEMENT_3D('',#13785,#13786,#13787);
#13785 = CARTESIAN_POINT('',(2.42560961319,-0.205,0.548953137803));
#13786 = DIRECTION('',(1.110223024625E-16,-1.,0.));
#13787 = DIRECTION('',(0.,0.,1.));
#13788 = ADVANCED_FACE('',(#13789),#13805,.F.);
#13789 = FACE_BOUND('',#13790,.F.);
#13790 = EDGE_LOOP('',(#13791,#13797,#13798,#13804));
#13791 = ORIENTED_EDGE('',*,*,#13792,.F.);
#13792 = EDGE_CURVE('',#10673,#11249,#13793,.T.);
#13793 = LINE('',#13794,#13795);
#13794 = CARTESIAN_POINT('',(2.25,-0.205,1.025));
#13795 = VECTOR('',#13796,1.);
#13796 = DIRECTION('',(-1.,-1.110223024625E-16,0.));
#13797 = ORIENTED_EDGE('',*,*,#10689,.T.);
#13798 = ORIENTED_EDGE('',*,*,#13799,.T.);
#13799 = EDGE_CURVE('',#10682,#11257,#13800,.T.);
#13800 = LINE('',#13801,#13802);
#13801 = CARTESIAN_POINT('',(2.25,-1.065,1.025));
#13802 = VECTOR('',#13803,1.);
#13803 = DIRECTION('',(-1.,-1.110223024625E-16,0.));
#13804 = ORIENTED_EDGE('',*,*,#11256,.F.);
#13805 = PLANE('',#13806);
#13806 = AXIS2_PLACEMENT_3D('',#13807,#13808,#13809);
#13807 = CARTESIAN_POINT('',(-5.13650187581E-16,4.3125,1.025));
#13808 = DIRECTION('',(2.007919022419E-31,1.243053547621E-27,-1.));
#13809 = DIRECTION('',(1.,9.251540906623E-17,2.00791902242E-31));
#13810 = ADVANCED_FACE('',(#13811),#13897,.F.);
#13811 = FACE_BOUND('',#13812,.F.);
#13812 = EDGE_LOOP('',(#13813,#13814,#13815,#13824,#13832,#13841,#13849,
    #13857,#13865,#13874,#13882,#13891));
#13813 = ORIENTED_EDGE('',*,*,#10681,.F.);
#13814 = ORIENTED_EDGE('',*,*,#10703,.T.);
#13815 = ORIENTED_EDGE('',*,*,#13816,.T.);
#13816 = EDGE_CURVE('',#10704,#13817,#13819,.T.);
#13817 = VERTEX_POINT('',#13818);
#13818 = CARTESIAN_POINT('',(2.348480775301,-1.065,0.742364817767));
#13819 = CIRCLE('',#13820,0.1);
#13820 = AXIS2_PLACEMENT_3D('',#13821,#13822,#13823);
#13821 = CARTESIAN_POINT('',(2.25,-1.065,0.725));
#13822 = DIRECTION('',(-1.110223024625E-16,1.,2.189528849922E-47));
#13823 = DIRECTION('',(4.440892098501E-15,4.930380657631E-31,1.));
#13824 = ORIENTED_EDGE('',*,*,#13825,.T.);
#13825 = EDGE_CURVE('',#13817,#13826,#13828,.T.);
#13826 = VERTEX_POINT('',#13827);
#13827 = CARTESIAN_POINT('',(2.429496640897,-1.065,0.2479055467));
#13828 = LINE('',#13829,#13830);
#13829 = CARTESIAN_POINT('',(2.348480775301,-1.065,0.742364817767));
#13830 = VECTOR('',#13831,1.);
#13831 = DIRECTION('',(0.161691392282,1.795135065956E-17,-0.986841372087
    ));
#13832 = ORIENTED_EDGE('',*,*,#13833,.T.);
#13833 = EDGE_CURVE('',#13826,#13834,#13836,.T.);
#13834 = VERTEX_POINT('',#13835);
#13835 = CARTESIAN_POINT('',(2.724938966801,-1.065,-1.665334536938E-16)
  );
#13836 = CIRCLE('',#13837,0.3);
#13837 = AXIS2_PLACEMENT_3D('',#13838,#13839,#13840);
#13838 = CARTESIAN_POINT('',(2.724938966801,-1.065,0.3));
#13839 = DIRECTION('',(1.110223024625E-16,-1.,-6.255634725081E-34));
#13840 = DIRECTION('',(-0.984807753012,-1.093356242223E-16,
    -0.173648177667));
#13841 = ORIENTED_EDGE('',*,*,#13842,.T.);
#13842 = EDGE_CURVE('',#13834,#13843,#13845,.T.);
#13843 = VERTEX_POINT('',#13844);
#13844 = CARTESIAN_POINT('',(3.,-1.065,-1.665334536938E-16));
#13845 = LINE('',#13846,#13847);
#13846 = CARTESIAN_POINT('',(2.724938966801,-1.065,-1.665334536938E-16)
  );
#13847 = VECTOR('',#13848,1.);
#13848 = DIRECTION('',(1.,1.110223024625E-16,0.));
#13849 = ORIENTED_EDGE('',*,*,#13850,.T.);
#13850 = EDGE_CURVE('',#13843,#13851,#13853,.T.);
#13851 = VERTEX_POINT('',#13852);
#13852 = CARTESIAN_POINT('',(3.,-1.065,0.2));
#13853 = LINE('',#13854,#13855);
#13854 = CARTESIAN_POINT('',(3.,-1.065,-1.665334536938E-16));
#13855 = VECTOR('',#13856,1.);
#13856 = DIRECTION('',(0.,0.,1.));
#13857 = ORIENTED_EDGE('',*,*,#13858,.T.);
#13858 = EDGE_CURVE('',#13851,#13859,#13861,.T.);
#13859 = VERTEX_POINT('',#13860);
#13860 = CARTESIAN_POINT('',(2.724938966801,-1.065,0.2));
#13861 = LINE('',#13862,#13863);
#13862 = CARTESIAN_POINT('',(3.,-1.065,0.2));
#13863 = VECTOR('',#13864,1.);
#13864 = DIRECTION('',(-1.,-1.110223024625E-16,0.));
#13865 = ORIENTED_EDGE('',*,*,#13866,.T.);
#13866 = EDGE_CURVE('',#13859,#13867,#13869,.T.);
#13867 = VERTEX_POINT('',#13868);
#13868 = CARTESIAN_POINT('',(2.6264581915,-1.065,0.282635182233));
#13869 = CIRCLE('',#13870,0.1);
#13870 = AXIS2_PLACEMENT_3D('',#13871,#13872,#13873);
#13871 = CARTESIAN_POINT('',(2.724938966801,-1.065,0.3));
#13872 = DIRECTION('',(-1.110223024625E-16,1.,0.));
#13873 = DIRECTION('',(0.,0.,-1.));
#13874 = ORIENTED_EDGE('',*,*,#13875,.T.);
#13875 = EDGE_CURVE('',#13867,#13876,#13878,.T.);
#13876 = VERTEX_POINT('',#13877);
#13877 = CARTESIAN_POINT('',(2.545442325904,-1.065,0.7770944533));
#13878 = LINE('',#13879,#13880);
#13879 = CARTESIAN_POINT('',(2.6264581915,-1.065,0.282635182233));
#13880 = VECTOR('',#13881,1.);
#13881 = DIRECTION('',(-0.161691392282,-1.795135065956E-17,
    0.986841372087));
#13882 = ORIENTED_EDGE('',*,*,#13883,.T.);
#13883 = EDGE_CURVE('',#13876,#13884,#13886,.T.);
#13884 = VERTEX_POINT('',#13885);
#13885 = CARTESIAN_POINT('',(2.25,-1.065,1.025));
#13886 = CIRCLE('',#13887,0.3);
#13887 = AXIS2_PLACEMENT_3D('',#13888,#13889,#13890);
#13888 = CARTESIAN_POINT('',(2.25,-1.065,0.725));
#13889 = DIRECTION('',(1.110223024625E-16,-1.,-6.255634725081E-34));
#13890 = DIRECTION('',(0.984807753012,1.093356242223E-16,0.173648177667)
  );
#13891 = ORIENTED_EDGE('',*,*,#13892,.T.);
#13892 = EDGE_CURVE('',#13884,#10682,#13893,.T.);
#13893 = LINE('',#13894,#13895);
#13894 = CARTESIAN_POINT('',(2.25,-1.065,1.025));
#13895 = VECTOR('',#13896,1.);
#13896 = DIRECTION('',(-1.,-1.110223024625E-16,0.));
#13897 = PLANE('',#13898);
#13898 = AXIS2_PLACEMENT_3D('',#13899,#13900,#13901);
#13899 = CARTESIAN_POINT('',(2.42560961319,-1.065,0.548953137803));
#13900 = DIRECTION('',(1.110223024625E-16,-1.,0.));
#13901 = DIRECTION('',(0.,0.,1.));
#13902 = ADVANCED_FACE('',(#13903),#13922,.F.);
#13903 = FACE_BOUND('',#13904,.F.);
#13904 = EDGE_LOOP('',(#13905,#13906,#13915,#13921));
#13905 = ORIENTED_EDGE('',*,*,#10720,.T.);
#13906 = ORIENTED_EDGE('',*,*,#13907,.T.);
#13907 = EDGE_CURVE('',#10713,#13908,#13910,.T.);
#13908 = VERTEX_POINT('',#13909);
#13909 = CARTESIAN_POINT('',(2.348480775301,-1.475,0.742364817767));
#13910 = CIRCLE('',#13911,0.1);
#13911 = AXIS2_PLACEMENT_3D('',#13912,#13913,#13914);
#13912 = CARTESIAN_POINT('',(2.25,-1.475,0.725));
#13913 = DIRECTION('',(-1.110223024625E-16,1.,2.189528849922E-47));
#13914 = DIRECTION('',(4.440892098501E-15,4.930380657631E-31,1.));
#13915 = ORIENTED_EDGE('',*,*,#13916,.F.);
#13916 = EDGE_CURVE('',#13817,#13908,#13917,.T.);
#13917 = LINE('',#13918,#13919);
#13918 = CARTESIAN_POINT('',(2.348480775301,-1.065,0.742364817767));
#13919 = VECTOR('',#13920,1.);
#13920 = DIRECTION('',(1.110223024625E-16,-1.,0.));
#13921 = ORIENTED_EDGE('',*,*,#13816,.F.);
#13922 = CYLINDRICAL_SURFACE('',#13923,0.1);
#13923 = AXIS2_PLACEMENT_3D('',#13924,#13925,#13926);
#13924 = CARTESIAN_POINT('',(2.25,-1.065,0.725));
#13925 = DIRECTION('',(-1.110223024625E-16,1.,0.));
#13926 = DIRECTION('',(4.440892098501E-15,4.930380657631E-31,1.));
#13927 = ADVANCED_FACE('',(#13928),#14006,.T.);
#13928 = FACE_BOUND('',#13929,.T.);
#13929 = EDGE_LOOP('',(#13930,#13931,#13932,#13933,#13941,#13950,#13958,
    #13966,#13974,#13983,#13991,#14000));
#13930 = ORIENTED_EDGE('',*,*,#10734,.F.);
#13931 = ORIENTED_EDGE('',*,*,#10712,.T.);
#13932 = ORIENTED_EDGE('',*,*,#13907,.T.);
#13933 = ORIENTED_EDGE('',*,*,#13934,.T.);
#13934 = EDGE_CURVE('',#13908,#13935,#13937,.T.);
#13935 = VERTEX_POINT('',#13936);
#13936 = CARTESIAN_POINT('',(2.429496640897,-1.475,0.2479055467));
#13937 = LINE('',#13938,#13939);
#13938 = CARTESIAN_POINT('',(2.348480775301,-1.475,0.742364817767));
#13939 = VECTOR('',#13940,1.);
#13940 = DIRECTION('',(0.161691392282,1.795135065956E-17,-0.986841372087
    ));
#13941 = ORIENTED_EDGE('',*,*,#13942,.T.);
#13942 = EDGE_CURVE('',#13935,#13943,#13945,.T.);
#13943 = VERTEX_POINT('',#13944);
#13944 = CARTESIAN_POINT('',(2.724938966801,-1.475,-1.665334536938E-16)
  );
#13945 = CIRCLE('',#13946,0.3);
#13946 = AXIS2_PLACEMENT_3D('',#13947,#13948,#13949);
#13947 = CARTESIAN_POINT('',(2.724938966801,-1.475,0.3));
#13948 = DIRECTION('',(1.110223024625E-16,-1.,-6.255634725081E-34));
#13949 = DIRECTION('',(-0.984807753012,-1.093356242223E-16,
    -0.173648177667));
#13950 = ORIENTED_EDGE('',*,*,#13951,.T.);
#13951 = EDGE_CURVE('',#13943,#13952,#13954,.T.);
#13952 = VERTEX_POINT('',#13953);
#13953 = CARTESIAN_POINT('',(3.,-1.475,-1.665334536938E-16));
#13954 = LINE('',#13955,#13956);
#13955 = CARTESIAN_POINT('',(2.724938966801,-1.475,-1.665334536938E-16)
  );
#13956 = VECTOR('',#13957,1.);
#13957 = DIRECTION('',(1.,1.110223024625E-16,0.));
#13958 = ORIENTED_EDGE('',*,*,#13959,.T.);
#13959 = EDGE_CURVE('',#13952,#13960,#13962,.T.);
#13960 = VERTEX_POINT('',#13961);
#13961 = CARTESIAN_POINT('',(3.,-1.475,0.2));
#13962 = LINE('',#13963,#13964);
#13963 = CARTESIAN_POINT('',(3.,-1.475,-1.665334536938E-16));
#13964 = VECTOR('',#13965,1.);
#13965 = DIRECTION('',(0.,0.,1.));
#13966 = ORIENTED_EDGE('',*,*,#13967,.T.);
#13967 = EDGE_CURVE('',#13960,#13968,#13970,.T.);
#13968 = VERTEX_POINT('',#13969);
#13969 = CARTESIAN_POINT('',(2.724938966801,-1.475,0.2));
#13970 = LINE('',#13971,#13972);
#13971 = CARTESIAN_POINT('',(3.,-1.475,0.2));
#13972 = VECTOR('',#13973,1.);
#13973 = DIRECTION('',(-1.,-1.110223024625E-16,0.));
#13974 = ORIENTED_EDGE('',*,*,#13975,.T.);
#13975 = EDGE_CURVE('',#13968,#13976,#13978,.T.);
#13976 = VERTEX_POINT('',#13977);
#13977 = CARTESIAN_POINT('',(2.6264581915,-1.475,0.282635182233));
#13978 = CIRCLE('',#13979,0.1);
#13979 = AXIS2_PLACEMENT_3D('',#13980,#13981,#13982);
#13980 = CARTESIAN_POINT('',(2.724938966801,-1.475,0.3));
#13981 = DIRECTION('',(-1.110223024625E-16,1.,0.));
#13982 = DIRECTION('',(0.,0.,-1.));
#13983 = ORIENTED_EDGE('',*,*,#13984,.T.);
#13984 = EDGE_CURVE('',#13976,#13985,#13987,.T.);
#13985 = VERTEX_POINT('',#13986);
#13986 = CARTESIAN_POINT('',(2.545442325904,-1.475,0.7770944533));
#13987 = LINE('',#13988,#13989);
#13988 = CARTESIAN_POINT('',(2.6264581915,-1.475,0.282635182233));
#13989 = VECTOR('',#13990,1.);
#13990 = DIRECTION('',(-0.161691392282,-1.795135065956E-17,
    0.986841372087));
#13991 = ORIENTED_EDGE('',*,*,#13992,.T.);
#13992 = EDGE_CURVE('',#13985,#13993,#13995,.T.);
#13993 = VERTEX_POINT('',#13994);
#13994 = CARTESIAN_POINT('',(2.25,-1.475,1.025));
#13995 = CIRCLE('',#13996,0.3);
#13996 = AXIS2_PLACEMENT_3D('',#13997,#13998,#13999);
#13997 = CARTESIAN_POINT('',(2.25,-1.475,0.725));
#13998 = DIRECTION('',(1.110223024625E-16,-1.,-6.255634725081E-34));
#13999 = DIRECTION('',(0.984807753012,1.093356242223E-16,0.173648177667)
  );
#14000 = ORIENTED_EDGE('',*,*,#14001,.T.);
#14001 = EDGE_CURVE('',#13993,#10735,#14002,.T.);
#14002 = LINE('',#14003,#14004);
#14003 = CARTESIAN_POINT('',(2.25,-1.475,1.025));
#14004 = VECTOR('',#14005,1.);
#14005 = DIRECTION('',(-1.,-1.110223024625E-16,0.));
#14006 = PLANE('',#14007);
#14007 = AXIS2_PLACEMENT_3D('',#14008,#14009,#14010);
#14008 = CARTESIAN_POINT('',(2.42560961319,-1.475,0.548953137803));
#14009 = DIRECTION('',(1.110223024625E-16,-1.,0.));
#14010 = DIRECTION('',(0.,0.,1.));
#14011 = ADVANCED_FACE('',(#14012),#14028,.F.);
#14012 = FACE_BOUND('',#14013,.F.);
#14013 = EDGE_LOOP('',(#14014,#14020,#14021,#14027));
#14014 = ORIENTED_EDGE('',*,*,#14015,.F.);
#14015 = EDGE_CURVE('',#10735,#11265,#14016,.T.);
#14016 = LINE('',#14017,#14018);
#14017 = CARTESIAN_POINT('',(2.25,-1.475,1.025));
#14018 = VECTOR('',#14019,1.);
#14019 = DIRECTION('',(-1.,-1.110223024625E-16,0.));
#14020 = ORIENTED_EDGE('',*,*,#10751,.T.);
#14021 = ORIENTED_EDGE('',*,*,#14022,.T.);
#14022 = EDGE_CURVE('',#10744,#11273,#14023,.T.);
#14023 = LINE('',#14024,#14025);
#14024 = CARTESIAN_POINT('',(2.25,-2.335,1.025));
#14025 = VECTOR('',#14026,1.);
#14026 = DIRECTION('',(-1.,-1.110223024625E-16,0.));
#14027 = ORIENTED_EDGE('',*,*,#11272,.F.);
#14028 = PLANE('',#14029);
#14029 = AXIS2_PLACEMENT_3D('',#14030,#14031,#14032);
#14030 = CARTESIAN_POINT('',(-5.13650187581E-16,4.3125,1.025));
#14031 = DIRECTION('',(2.007919022419E-31,1.243053547621E-27,-1.));
#14032 = DIRECTION('',(1.,9.251540906623E-17,2.00791902242E-31));
#14033 = ADVANCED_FACE('',(#14034),#14120,.F.);
#14034 = FACE_BOUND('',#14035,.F.);
#14035 = EDGE_LOOP('',(#14036,#14037,#14038,#14047,#14055,#14064,#14072,
    #14080,#14088,#14097,#14105,#14114));
#14036 = ORIENTED_EDGE('',*,*,#10743,.F.);
#14037 = ORIENTED_EDGE('',*,*,#10765,.T.);
#14038 = ORIENTED_EDGE('',*,*,#14039,.T.);
#14039 = EDGE_CURVE('',#10766,#14040,#14042,.T.);
#14040 = VERTEX_POINT('',#14041);
#14041 = CARTESIAN_POINT('',(2.348480775301,-2.335,0.742364817767));
#14042 = CIRCLE('',#14043,0.1);
#14043 = AXIS2_PLACEMENT_3D('',#14044,#14045,#14046);
#14044 = CARTESIAN_POINT('',(2.25,-2.335,0.725));
#14045 = DIRECTION('',(-1.110223024625E-16,1.,2.189528849922E-47));
#14046 = DIRECTION('',(4.440892098501E-15,4.930380657631E-31,1.));
#14047 = ORIENTED_EDGE('',*,*,#14048,.T.);
#14048 = EDGE_CURVE('',#14040,#14049,#14051,.T.);
#14049 = VERTEX_POINT('',#14050);
#14050 = CARTESIAN_POINT('',(2.429496640897,-2.335,0.2479055467));
#14051 = LINE('',#14052,#14053);
#14052 = CARTESIAN_POINT('',(2.348480775301,-2.335,0.742364817767));
#14053 = VECTOR('',#14054,1.);
#14054 = DIRECTION('',(0.161691392282,1.795135065956E-17,-0.986841372087
    ));
#14055 = ORIENTED_EDGE('',*,*,#14056,.T.);
#14056 = EDGE_CURVE('',#14049,#14057,#14059,.T.);
#14057 = VERTEX_POINT('',#14058);
#14058 = CARTESIAN_POINT('',(2.724938966801,-2.335,-1.665334536938E-16)
  );
#14059 = CIRCLE('',#14060,0.3);
#14060 = AXIS2_PLACEMENT_3D('',#14061,#14062,#14063);
#14061 = CARTESIAN_POINT('',(2.724938966801,-2.335,0.3));
#14062 = DIRECTION('',(1.110223024625E-16,-1.,-6.255634725081E-34));
#14063 = DIRECTION('',(-0.984807753012,-1.093356242223E-16,
    -0.173648177667));
#14064 = ORIENTED_EDGE('',*,*,#14065,.T.);
#14065 = EDGE_CURVE('',#14057,#14066,#14068,.T.);
#14066 = VERTEX_POINT('',#14067);
#14067 = CARTESIAN_POINT('',(3.,-2.335,-1.665334536938E-16));
#14068 = LINE('',#14069,#14070);
#14069 = CARTESIAN_POINT('',(2.724938966801,-2.335,-1.665334536938E-16)
  );
#14070 = VECTOR('',#14071,1.);
#14071 = DIRECTION('',(1.,1.110223024625E-16,0.));
#14072 = ORIENTED_EDGE('',*,*,#14073,.T.);
#14073 = EDGE_CURVE('',#14066,#14074,#14076,.T.);
#14074 = VERTEX_POINT('',#14075);
#14075 = CARTESIAN_POINT('',(3.,-2.335,0.2));
#14076 = LINE('',#14077,#14078);
#14077 = CARTESIAN_POINT('',(3.,-2.335,-1.665334536938E-16));
#14078 = VECTOR('',#14079,1.);
#14079 = DIRECTION('',(0.,0.,1.));
#14080 = ORIENTED_EDGE('',*,*,#14081,.T.);
#14081 = EDGE_CURVE('',#14074,#14082,#14084,.T.);
#14082 = VERTEX_POINT('',#14083);
#14083 = CARTESIAN_POINT('',(2.724938966801,-2.335,0.2));
#14084 = LINE('',#14085,#14086);
#14085 = CARTESIAN_POINT('',(3.,-2.335,0.2));
#14086 = VECTOR('',#14087,1.);
#14087 = DIRECTION('',(-1.,-1.110223024625E-16,0.));
#14088 = ORIENTED_EDGE('',*,*,#14089,.T.);
#14089 = EDGE_CURVE('',#14082,#14090,#14092,.T.);
#14090 = VERTEX_POINT('',#14091);
#14091 = CARTESIAN_POINT('',(2.6264581915,-2.335,0.282635182233));
#14092 = CIRCLE('',#14093,0.1);
#14093 = AXIS2_PLACEMENT_3D('',#14094,#14095,#14096);
#14094 = CARTESIAN_POINT('',(2.724938966801,-2.335,0.3));
#14095 = DIRECTION('',(-1.110223024625E-16,1.,0.));
#14096 = DIRECTION('',(0.,0.,-1.));
#14097 = ORIENTED_EDGE('',*,*,#14098,.T.);
#14098 = EDGE_CURVE('',#14090,#14099,#14101,.T.);
#14099 = VERTEX_POINT('',#14100);
#14100 = CARTESIAN_POINT('',(2.545442325904,-2.335,0.7770944533));
#14101 = LINE('',#14102,#14103);
#14102 = CARTESIAN_POINT('',(2.6264581915,-2.335,0.282635182233));
#14103 = VECTOR('',#14104,1.);
#14104 = DIRECTION('',(-0.161691392282,-1.795135065956E-17,
    0.986841372087));
#14105 = ORIENTED_EDGE('',*,*,#14106,.T.);
#14106 = EDGE_CURVE('',#14099,#14107,#14109,.T.);
#14107 = VERTEX_POINT('',#14108);
#14108 = CARTESIAN_POINT('',(2.25,-2.335,1.025));
#14109 = CIRCLE('',#14110,0.3);
#14110 = AXIS2_PLACEMENT_3D('',#14111,#14112,#14113);
#14111 = CARTESIAN_POINT('',(2.25,-2.335,0.725));
#14112 = DIRECTION('',(1.110223024625E-16,-1.,-6.255634725081E-34));
#14113 = DIRECTION('',(0.984807753012,1.093356242223E-16,0.173648177667)
  );
#14114 = ORIENTED_EDGE('',*,*,#14115,.T.);
#14115 = EDGE_CURVE('',#14107,#10744,#14116,.T.);
#14116 = LINE('',#14117,#14118);
#14117 = CARTESIAN_POINT('',(2.25,-2.335,1.025));
#14118 = VECTOR('',#14119,1.);
#14119 = DIRECTION('',(-1.,-1.110223024625E-16,0.));
#14120 = PLANE('',#14121);
#14121 = AXIS2_PLACEMENT_3D('',#14122,#14123,#14124);
#14122 = CARTESIAN_POINT('',(2.42560961319,-2.335,0.548953137803));
#14123 = DIRECTION('',(1.110223024625E-16,-1.,0.));
#14124 = DIRECTION('',(0.,0.,1.));
#14125 = ADVANCED_FACE('',(#14126),#14145,.F.);
#14126 = FACE_BOUND('',#14127,.F.);
#14127 = EDGE_LOOP('',(#14128,#14129,#14138,#14144));
#14128 = ORIENTED_EDGE('',*,*,#10782,.T.);
#14129 = ORIENTED_EDGE('',*,*,#14130,.T.);
#14130 = EDGE_CURVE('',#10775,#14131,#14133,.T.);
#14131 = VERTEX_POINT('',#14132);
#14132 = CARTESIAN_POINT('',(2.348480775301,-2.745,0.742364817767));
#14133 = CIRCLE('',#14134,0.1);
#14134 = AXIS2_PLACEMENT_3D('',#14135,#14136,#14137);
#14135 = CARTESIAN_POINT('',(2.25,-2.745,0.725));
#14136 = DIRECTION('',(-1.110223024625E-16,1.,2.189528849922E-47));
#14137 = DIRECTION('',(4.440892098501E-15,4.930380657631E-31,1.));
#14138 = ORIENTED_EDGE('',*,*,#14139,.F.);
#14139 = EDGE_CURVE('',#14040,#14131,#14140,.T.);
#14140 = LINE('',#14141,#14142);
#14141 = CARTESIAN_POINT('',(2.348480775301,-2.335,0.742364817767));
#14142 = VECTOR('',#14143,1.);
#14143 = DIRECTION('',(1.110223024625E-16,-1.,0.));
#14144 = ORIENTED_EDGE('',*,*,#14039,.F.);
#14145 = CYLINDRICAL_SURFACE('',#14146,0.1);
#14146 = AXIS2_PLACEMENT_3D('',#14147,#14148,#14149);
#14147 = CARTESIAN_POINT('',(2.25,-2.335,0.725));
#14148 = DIRECTION('',(-1.110223024625E-16,1.,0.));
#14149 = DIRECTION('',(4.440892098501E-15,4.930380657631E-31,1.));
#14150 = ADVANCED_FACE('',(#14151),#14229,.T.);
#14151 = FACE_BOUND('',#14152,.T.);
#14152 = EDGE_LOOP('',(#14153,#14154,#14155,#14156,#14164,#14173,#14181,
    #14189,#14197,#14206,#14214,#14223));
#14153 = ORIENTED_EDGE('',*,*,#10796,.F.);
#14154 = ORIENTED_EDGE('',*,*,#10774,.T.);
#14155 = ORIENTED_EDGE('',*,*,#14130,.T.);
#14156 = ORIENTED_EDGE('',*,*,#14157,.T.);
#14157 = EDGE_CURVE('',#14131,#14158,#14160,.T.);
#14158 = VERTEX_POINT('',#14159);
#14159 = CARTESIAN_POINT('',(2.429496640897,-2.745,0.2479055467));
#14160 = LINE('',#14161,#14162);
#14161 = CARTESIAN_POINT('',(2.348480775301,-2.745,0.742364817767));
#14162 = VECTOR('',#14163,1.);
#14163 = DIRECTION('',(0.161691392282,1.795135065956E-17,-0.986841372087
    ));
#14164 = ORIENTED_EDGE('',*,*,#14165,.T.);
#14165 = EDGE_CURVE('',#14158,#14166,#14168,.T.);
#14166 = VERTEX_POINT('',#14167);
#14167 = CARTESIAN_POINT('',(2.724938966801,-2.745,-1.665334536938E-16)
  );
#14168 = CIRCLE('',#14169,0.3);
#14169 = AXIS2_PLACEMENT_3D('',#14170,#14171,#14172);
#14170 = CARTESIAN_POINT('',(2.724938966801,-2.745,0.3));
#14171 = DIRECTION('',(1.110223024625E-16,-1.,-6.255634725081E-34));
#14172 = DIRECTION('',(-0.984807753012,-1.093356242223E-16,
    -0.173648177667));
#14173 = ORIENTED_EDGE('',*,*,#14174,.T.);
#14174 = EDGE_CURVE('',#14166,#14175,#14177,.T.);
#14175 = VERTEX_POINT('',#14176);
#14176 = CARTESIAN_POINT('',(3.,-2.745,-1.665334536938E-16));
#14177 = LINE('',#14178,#14179);
#14178 = CARTESIAN_POINT('',(2.724938966801,-2.745,-1.665334536938E-16)
  );
#14179 = VECTOR('',#14180,1.);
#14180 = DIRECTION('',(1.,1.110223024625E-16,0.));
#14181 = ORIENTED_EDGE('',*,*,#14182,.T.);
#14182 = EDGE_CURVE('',#14175,#14183,#14185,.T.);
#14183 = VERTEX_POINT('',#14184);
#14184 = CARTESIAN_POINT('',(3.,-2.745,0.2));
#14185 = LINE('',#14186,#14187);
#14186 = CARTESIAN_POINT('',(3.,-2.745,-1.665334536938E-16));
#14187 = VECTOR('',#14188,1.);
#14188 = DIRECTION('',(0.,0.,1.));
#14189 = ORIENTED_EDGE('',*,*,#14190,.T.);
#14190 = EDGE_CURVE('',#14183,#14191,#14193,.T.);
#14191 = VERTEX_POINT('',#14192);
#14192 = CARTESIAN_POINT('',(2.724938966801,-2.745,0.2));
#14193 = LINE('',#14194,#14195);
#14194 = CARTESIAN_POINT('',(3.,-2.745,0.2));
#14195 = VECTOR('',#14196,1.);
#14196 = DIRECTION('',(-1.,-1.110223024625E-16,0.));
#14197 = ORIENTED_EDGE('',*,*,#14198,.T.);
#14198 = EDGE_CURVE('',#14191,#14199,#14201,.T.);
#14199 = VERTEX_POINT('',#14200);
#14200 = CARTESIAN_POINT('',(2.6264581915,-2.745,0.282635182233));
#14201 = CIRCLE('',#14202,0.1);
#14202 = AXIS2_PLACEMENT_3D('',#14203,#14204,#14205);
#14203 = CARTESIAN_POINT('',(2.724938966801,-2.745,0.3));
#14204 = DIRECTION('',(-1.110223024625E-16,1.,0.));
#14205 = DIRECTION('',(0.,0.,-1.));
#14206 = ORIENTED_EDGE('',*,*,#14207,.T.);
#14207 = EDGE_CURVE('',#14199,#14208,#14210,.T.);
#14208 = VERTEX_POINT('',#14209);
#14209 = CARTESIAN_POINT('',(2.545442325904,-2.745,0.7770944533));
#14210 = LINE('',#14211,#14212);
#14211 = CARTESIAN_POINT('',(2.6264581915,-2.745,0.282635182233));
#14212 = VECTOR('',#14213,1.);
#14213 = DIRECTION('',(-0.161691392282,-1.795135065956E-17,
    0.986841372087));
#14214 = ORIENTED_EDGE('',*,*,#14215,.T.);
#14215 = EDGE_CURVE('',#14208,#14216,#14218,.T.);
#14216 = VERTEX_POINT('',#14217);
#14217 = CARTESIAN_POINT('',(2.25,-2.745,1.025));
#14218 = CIRCLE('',#14219,0.3);
#14219 = AXIS2_PLACEMENT_3D('',#14220,#14221,#14222);
#14220 = CARTESIAN_POINT('',(2.25,-2.745,0.725));
#14221 = DIRECTION('',(1.110223024625E-16,-1.,-6.255634725081E-34));
#14222 = DIRECTION('',(0.984807753012,1.093356242223E-16,0.173648177667)
  );
#14223 = ORIENTED_EDGE('',*,*,#14224,.T.);
#14224 = EDGE_CURVE('',#14216,#10797,#14225,.T.);
#14225 = LINE('',#14226,#14227);
#14226 = CARTESIAN_POINT('',(2.25,-2.745,1.025));
#14227 = VECTOR('',#14228,1.);
#14228 = DIRECTION('',(-1.,-1.110223024625E-16,0.));
#14229 = PLANE('',#14230);
#14230 = AXIS2_PLACEMENT_3D('',#14231,#14232,#14233);
#14231 = CARTESIAN_POINT('',(2.42560961319,-2.745,0.548953137803));
#14232 = DIRECTION('',(1.110223024625E-16,-1.,0.));
#14233 = DIRECTION('',(0.,0.,1.));
#14234 = ADVANCED_FACE('',(#14235),#14251,.F.);
#14235 = FACE_BOUND('',#14236,.F.);
#14236 = EDGE_LOOP('',(#14237,#14243,#14244,#14250));
#14237 = ORIENTED_EDGE('',*,*,#14238,.F.);
#14238 = EDGE_CURVE('',#10797,#11281,#14239,.T.);
#14239 = LINE('',#14240,#14241);
#14240 = CARTESIAN_POINT('',(2.25,-2.745,1.025));
#14241 = VECTOR('',#14242,1.);
#14242 = DIRECTION('',(-1.,-1.110223024625E-16,0.));
#14243 = ORIENTED_EDGE('',*,*,#10813,.T.);
#14244 = ORIENTED_EDGE('',*,*,#14245,.T.);
#14245 = EDGE_CURVE('',#10806,#11289,#14246,.T.);
#14246 = LINE('',#14247,#14248);
#14247 = CARTESIAN_POINT('',(2.25,-3.605,1.025));
#14248 = VECTOR('',#14249,1.);
#14249 = DIRECTION('',(-1.,-1.110223024625E-16,0.));
#14250 = ORIENTED_EDGE('',*,*,#11288,.F.);
#14251 = PLANE('',#14252);
#14252 = AXIS2_PLACEMENT_3D('',#14253,#14254,#14255);
#14253 = CARTESIAN_POINT('',(-5.13650187581E-16,4.3125,1.025));
#14254 = DIRECTION('',(2.007919022419E-31,1.243053547621E-27,-1.));
#14255 = DIRECTION('',(1.,9.251540906623E-17,2.00791902242E-31));
#14256 = ADVANCED_FACE('',(#14257),#14343,.F.);
#14257 = FACE_BOUND('',#14258,.F.);
#14258 = EDGE_LOOP('',(#14259,#14260,#14261,#14270,#14278,#14287,#14295,
    #14303,#14311,#14320,#14328,#14337));
#14259 = ORIENTED_EDGE('',*,*,#10805,.F.);
#14260 = ORIENTED_EDGE('',*,*,#10827,.T.);
#14261 = ORIENTED_EDGE('',*,*,#14262,.T.);
#14262 = EDGE_CURVE('',#10828,#14263,#14265,.T.);
#14263 = VERTEX_POINT('',#14264);
#14264 = CARTESIAN_POINT('',(2.348480775301,-3.605,0.742364817767));
#14265 = CIRCLE('',#14266,0.1);
#14266 = AXIS2_PLACEMENT_3D('',#14267,#14268,#14269);
#14267 = CARTESIAN_POINT('',(2.25,-3.605,0.725));
#14268 = DIRECTION('',(-1.110223024625E-16,1.,2.189528849922E-47));
#14269 = DIRECTION('',(4.440892098501E-15,4.930380657631E-31,1.));
#14270 = ORIENTED_EDGE('',*,*,#14271,.T.);
#14271 = EDGE_CURVE('',#14263,#14272,#14274,.T.);
#14272 = VERTEX_POINT('',#14273);
#14273 = CARTESIAN_POINT('',(2.429496640897,-3.605,0.2479055467));
#14274 = LINE('',#14275,#14276);
#14275 = CARTESIAN_POINT('',(2.348480775301,-3.605,0.742364817767));
#14276 = VECTOR('',#14277,1.);
#14277 = DIRECTION('',(0.161691392282,1.795135065956E-17,-0.986841372087
    ));
#14278 = ORIENTED_EDGE('',*,*,#14279,.T.);
#14279 = EDGE_CURVE('',#14272,#14280,#14282,.T.);
#14280 = VERTEX_POINT('',#14281);
#14281 = CARTESIAN_POINT('',(2.724938966801,-3.605,-1.665334536938E-16)
  );
#14282 = CIRCLE('',#14283,0.3);
#14283 = AXIS2_PLACEMENT_3D('',#14284,#14285,#14286);
#14284 = CARTESIAN_POINT('',(2.724938966801,-3.605,0.3));
#14285 = DIRECTION('',(1.110223024625E-16,-1.,-6.255634725081E-34));
#14286 = DIRECTION('',(-0.984807753012,-1.093356242223E-16,
    -0.173648177667));
#14287 = ORIENTED_EDGE('',*,*,#14288,.T.);
#14288 = EDGE_CURVE('',#14280,#14289,#14291,.T.);
#14289 = VERTEX_POINT('',#14290);
#14290 = CARTESIAN_POINT('',(3.,-3.605,-1.665334536938E-16));
#14291 = LINE('',#14292,#14293);
#14292 = CARTESIAN_POINT('',(2.724938966801,-3.605,-1.665334536938E-16)
  );
#14293 = VECTOR('',#14294,1.);
#14294 = DIRECTION('',(1.,1.110223024625E-16,0.));
#14295 = ORIENTED_EDGE('',*,*,#14296,.T.);
#14296 = EDGE_CURVE('',#14289,#14297,#14299,.T.);
#14297 = VERTEX_POINT('',#14298);
#14298 = CARTESIAN_POINT('',(3.,-3.605,0.2));
#14299 = LINE('',#14300,#14301);
#14300 = CARTESIAN_POINT('',(3.,-3.605,-1.665334536938E-16));
#14301 = VECTOR('',#14302,1.);
#14302 = DIRECTION('',(0.,0.,1.));
#14303 = ORIENTED_EDGE('',*,*,#14304,.T.);
#14304 = EDGE_CURVE('',#14297,#14305,#14307,.T.);
#14305 = VERTEX_POINT('',#14306);
#14306 = CARTESIAN_POINT('',(2.724938966801,-3.605,0.2));
#14307 = LINE('',#14308,#14309);
#14308 = CARTESIAN_POINT('',(3.,-3.605,0.2));
#14309 = VECTOR('',#14310,1.);
#14310 = DIRECTION('',(-1.,-1.110223024625E-16,0.));
#14311 = ORIENTED_EDGE('',*,*,#14312,.T.);
#14312 = EDGE_CURVE('',#14305,#14313,#14315,.T.);
#14313 = VERTEX_POINT('',#14314);
#14314 = CARTESIAN_POINT('',(2.6264581915,-3.605,0.282635182233));
#14315 = CIRCLE('',#14316,0.1);
#14316 = AXIS2_PLACEMENT_3D('',#14317,#14318,#14319);
#14317 = CARTESIAN_POINT('',(2.724938966801,-3.605,0.3));
#14318 = DIRECTION('',(-1.110223024625E-16,1.,0.));
#14319 = DIRECTION('',(0.,0.,-1.));
#14320 = ORIENTED_EDGE('',*,*,#14321,.T.);
#14321 = EDGE_CURVE('',#14313,#14322,#14324,.T.);
#14322 = VERTEX_POINT('',#14323);
#14323 = CARTESIAN_POINT('',(2.545442325904,-3.605,0.7770944533));
#14324 = LINE('',#14325,#14326);
#14325 = CARTESIAN_POINT('',(2.6264581915,-3.605,0.282635182233));
#14326 = VECTOR('',#14327,1.);
#14327 = DIRECTION('',(-0.161691392282,-1.795135065956E-17,
    0.986841372087));
#14328 = ORIENTED_EDGE('',*,*,#14329,.T.);
#14329 = EDGE_CURVE('',#14322,#14330,#14332,.T.);
#14330 = VERTEX_POINT('',#14331);
#14331 = CARTESIAN_POINT('',(2.25,-3.605,1.025));
#14332 = CIRCLE('',#14333,0.3);
#14333 = AXIS2_PLACEMENT_3D('',#14334,#14335,#14336);
#14334 = CARTESIAN_POINT('',(2.25,-3.605,0.725));
#14335 = DIRECTION('',(1.110223024625E-16,-1.,-6.255634725081E-34));
#14336 = DIRECTION('',(0.984807753012,1.093356242223E-16,0.173648177667)
  );
#14337 = ORIENTED_EDGE('',*,*,#14338,.T.);
#14338 = EDGE_CURVE('',#14330,#10806,#14339,.T.);
#14339 = LINE('',#14340,#14341);
#14340 = CARTESIAN_POINT('',(2.25,-3.605,1.025));
#14341 = VECTOR('',#14342,1.);
#14342 = DIRECTION('',(-1.,-1.110223024625E-16,0.));
#14343 = PLANE('',#14344);
#14344 = AXIS2_PLACEMENT_3D('',#14345,#14346,#14347);
#14345 = CARTESIAN_POINT('',(2.42560961319,-3.605,0.548953137803));
#14346 = DIRECTION('',(1.110223024625E-16,-1.,0.));
#14347 = DIRECTION('',(0.,0.,1.));
#14348 = ADVANCED_FACE('',(#14349),#14368,.F.);
#14349 = FACE_BOUND('',#14350,.F.);
#14350 = EDGE_LOOP('',(#14351,#14352,#14361,#14367));
#14351 = ORIENTED_EDGE('',*,*,#10844,.T.);
#14352 = ORIENTED_EDGE('',*,*,#14353,.T.);
#14353 = EDGE_CURVE('',#10837,#14354,#14356,.T.);
#14354 = VERTEX_POINT('',#14355);
#14355 = CARTESIAN_POINT('',(2.348480775301,-4.015,0.742364817767));
#14356 = CIRCLE('',#14357,0.1);
#14357 = AXIS2_PLACEMENT_3D('',#14358,#14359,#14360);
#14358 = CARTESIAN_POINT('',(2.25,-4.015,0.725));
#14359 = DIRECTION('',(-1.110223024625E-16,1.,2.189528849922E-47));
#14360 = DIRECTION('',(4.440892098501E-15,4.930380657631E-31,1.));
#14361 = ORIENTED_EDGE('',*,*,#14362,.F.);
#14362 = EDGE_CURVE('',#14263,#14354,#14363,.T.);
#14363 = LINE('',#14364,#14365);
#14364 = CARTESIAN_POINT('',(2.348480775301,-3.605,0.742364817767));
#14365 = VECTOR('',#14366,1.);
#14366 = DIRECTION('',(1.110223024625E-16,-1.,0.));
#14367 = ORIENTED_EDGE('',*,*,#14262,.F.);
#14368 = CYLINDRICAL_SURFACE('',#14369,0.1);
#14369 = AXIS2_PLACEMENT_3D('',#14370,#14371,#14372);
#14370 = CARTESIAN_POINT('',(2.25,-3.605,0.725));
#14371 = DIRECTION('',(-1.110223024625E-16,1.,0.));
#14372 = DIRECTION('',(4.440892098501E-15,4.930380657631E-31,1.));
#14373 = ADVANCED_FACE('',(#14374),#14452,.T.);
#14374 = FACE_BOUND('',#14375,.T.);
#14375 = EDGE_LOOP('',(#14376,#14377,#14378,#14379,#14387,#14396,#14404,
    #14412,#14420,#14429,#14437,#14446));
#14376 = ORIENTED_EDGE('',*,*,#10858,.F.);
#14377 = ORIENTED_EDGE('',*,*,#10836,.T.);
#14378 = ORIENTED_EDGE('',*,*,#14353,.T.);
#14379 = ORIENTED_EDGE('',*,*,#14380,.T.);
#14380 = EDGE_CURVE('',#14354,#14381,#14383,.T.);
#14381 = VERTEX_POINT('',#14382);
#14382 = CARTESIAN_POINT('',(2.429496640897,-4.015,0.2479055467));
#14383 = LINE('',#14384,#14385);
#14384 = CARTESIAN_POINT('',(2.348480775301,-4.015,0.742364817767));
#14385 = VECTOR('',#14386,1.);
#14386 = DIRECTION('',(0.161691392282,1.795135065956E-17,-0.986841372087
    ));
#14387 = ORIENTED_EDGE('',*,*,#14388,.T.);
#14388 = EDGE_CURVE('',#14381,#14389,#14391,.T.);
#14389 = VERTEX_POINT('',#14390);
#14390 = CARTESIAN_POINT('',(2.724938966801,-4.015,-1.665334536938E-16)
  );
#14391 = CIRCLE('',#14392,0.3);
#14392 = AXIS2_PLACEMENT_3D('',#14393,#14394,#14395);
#14393 = CARTESIAN_POINT('',(2.724938966801,-4.015,0.3));
#14394 = DIRECTION('',(1.110223024625E-16,-1.,-6.255634725081E-34));
#14395 = DIRECTION('',(-0.984807753012,-1.093356242223E-16,
    -0.173648177667));
#14396 = ORIENTED_EDGE('',*,*,#14397,.T.);
#14397 = EDGE_CURVE('',#14389,#14398,#14400,.T.);
#14398 = VERTEX_POINT('',#14399);
#14399 = CARTESIAN_POINT('',(3.,-4.015,-1.665334536938E-16));
#14400 = LINE('',#14401,#14402);
#14401 = CARTESIAN_POINT('',(2.724938966801,-4.015,-1.665334536938E-16)
  );
#14402 = VECTOR('',#14403,1.);
#14403 = DIRECTION('',(1.,1.110223024625E-16,0.));
#14404 = ORIENTED_EDGE('',*,*,#14405,.T.);
#14405 = EDGE_CURVE('',#14398,#14406,#14408,.T.);
#14406 = VERTEX_POINT('',#14407);
#14407 = CARTESIAN_POINT('',(3.,-4.015,0.2));
#14408 = LINE('',#14409,#14410);
#14409 = CARTESIAN_POINT('',(3.,-4.015,-1.665334536938E-16));
#14410 = VECTOR('',#14411,1.);
#14411 = DIRECTION('',(0.,0.,1.));
#14412 = ORIENTED_EDGE('',*,*,#14413,.T.);
#14413 = EDGE_CURVE('',#14406,#14414,#14416,.T.);
#14414 = VERTEX_POINT('',#14415);
#14415 = CARTESIAN_POINT('',(2.724938966801,-4.015,0.2));
#14416 = LINE('',#14417,#14418);
#14417 = CARTESIAN_POINT('',(3.,-4.015,0.2));
#14418 = VECTOR('',#14419,1.);
#14419 = DIRECTION('',(-1.,-1.110223024625E-16,0.));
#14420 = ORIENTED_EDGE('',*,*,#14421,.T.);
#14421 = EDGE_CURVE('',#14414,#14422,#14424,.T.);
#14422 = VERTEX_POINT('',#14423);
#14423 = CARTESIAN_POINT('',(2.6264581915,-4.015,0.282635182233));
#14424 = CIRCLE('',#14425,0.1);
#14425 = AXIS2_PLACEMENT_3D('',#14426,#14427,#14428);
#14426 = CARTESIAN_POINT('',(2.724938966801,-4.015,0.3));
#14427 = DIRECTION('',(-1.110223024625E-16,1.,0.));
#14428 = DIRECTION('',(0.,0.,-1.));
#14429 = ORIENTED_EDGE('',*,*,#14430,.T.);
#14430 = EDGE_CURVE('',#14422,#14431,#14433,.T.);
#14431 = VERTEX_POINT('',#14432);
#14432 = CARTESIAN_POINT('',(2.545442325904,-4.015,0.7770944533));
#14433 = LINE('',#14434,#14435);
#14434 = CARTESIAN_POINT('',(2.6264581915,-4.015,0.282635182233));
#14435 = VECTOR('',#14436,1.);
#14436 = DIRECTION('',(-0.161691392282,-1.795135065956E-17,
    0.986841372087));
#14437 = ORIENTED_EDGE('',*,*,#14438,.T.);
#14438 = EDGE_CURVE('',#14431,#14439,#14441,.T.);
#14439 = VERTEX_POINT('',#14440);
#14440 = CARTESIAN_POINT('',(2.25,-4.015,1.025));
#14441 = CIRCLE('',#14442,0.3);
#14442 = AXIS2_PLACEMENT_3D('',#14443,#14444,#14445);
#14443 = CARTESIAN_POINT('',(2.25,-4.015,0.725));
#14444 = DIRECTION('',(1.110223024625E-16,-1.,-6.255634725081E-34));
#14445 = DIRECTION('',(0.984807753012,1.093356242223E-16,0.173648177667)
  );
#14446 = ORIENTED_EDGE('',*,*,#14447,.T.);
#14447 = EDGE_CURVE('',#14439,#10859,#14448,.T.);
#14448 = LINE('',#14449,#14450);
#14449 = CARTESIAN_POINT('',(2.25,-4.015,1.025));
#14450 = VECTOR('',#14451,1.);
#14451 = DIRECTION('',(-1.,-1.110223024625E-16,0.));
#14452 = PLANE('',#14453);
#14453 = AXIS2_PLACEMENT_3D('',#14454,#14455,#14456);
#14454 = CARTESIAN_POINT('',(2.42560961319,-4.015,0.548953137803));
#14455 = DIRECTION('',(1.110223024625E-16,-1.,0.));
#14456 = DIRECTION('',(0.,0.,1.));
#14457 = ADVANCED_FACE('',(#14458),#14469,.T.);
#14458 = FACE_BOUND('',#14459,.T.);
#14459 = EDGE_LOOP('',(#14460,#14461,#14462,#14463));
#14460 = ORIENTED_EDGE('',*,*,#12823,.T.);
#14461 = ORIENTED_EDGE('',*,*,#10959,.T.);
#14462 = ORIENTED_EDGE('',*,*,#12925,.F.);
#14463 = ORIENTED_EDGE('',*,*,#14464,.F.);
#14464 = EDGE_CURVE('',#12816,#12918,#14465,.T.);
#14465 = LINE('',#14466,#14467);
#14466 = CARTESIAN_POINT('',(-2.545442325904,3.605,0.7770944533));
#14467 = VECTOR('',#14468,1.);
#14468 = DIRECTION('',(1.144237745222E-17,1.,0.));
#14469 = CYLINDRICAL_SURFACE('',#14470,0.3);
#14470 = AXIS2_PLACEMENT_3D('',#14471,#14472,#14473);
#14471 = CARTESIAN_POINT('',(-2.25,3.605,0.725));
#14472 = DIRECTION('',(-1.144237745222E-17,-1.,0.));
#14473 = DIRECTION('',(-0.984807753012,1.126854202784E-17,0.173648177667
    ));
#14474 = ADVANCED_FACE('',(#14475),#14488,.F.);
#14475 = FACE_BOUND('',#14476,.F.);
#14476 = EDGE_LOOP('',(#14477,#14478,#14484,#14485,#14486,#14487));
#14477 = ORIENTED_EDGE('',*,*,#11499,.F.);
#14478 = ORIENTED_EDGE('',*,*,#14479,.T.);
#14479 = EDGE_CURVE('',#11491,#11600,#14480,.T.);
#14480 = LINE('',#14481,#14482);
#14481 = CARTESIAN_POINT('',(-2.25,-4.015,1.025));
#14482 = VECTOR('',#14483,1.);
#14483 = DIRECTION('',(1.144237745222E-17,1.,0.));
#14484 = ORIENTED_EDGE('',*,*,#11608,.T.);
#14485 = ORIENTED_EDGE('',*,*,#11630,.T.);
#14486 = ORIENTED_EDGE('',*,*,#11006,.F.);
#14487 = ORIENTED_EDGE('',*,*,#11373,.F.);
#14488 = PLANE('',#14489);
#14489 = AXIS2_PLACEMENT_3D('',#14490,#14491,#14492);
#14490 = CARTESIAN_POINT('',(-2.25,-4.015,1.025));
#14491 = DIRECTION('',(0.,0.,-1.));
#14492 = DIRECTION('',(1.,-1.144237745222E-17,0.));
#14493 = ADVANCED_FACE('',(#14494),#14507,.F.);
#14494 = FACE_BOUND('',#14495,.F.);
#14495 = EDGE_LOOP('',(#14496,#14497,#14503,#14504,#14505,#14506));
#14496 = ORIENTED_EDGE('',*,*,#11722,.F.);
#14497 = ORIENTED_EDGE('',*,*,#14498,.T.);
#14498 = EDGE_CURVE('',#11714,#11823,#14499,.T.);
#14499 = LINE('',#14500,#14501);
#14500 = CARTESIAN_POINT('',(-2.25,-2.745,1.025));
#14501 = VECTOR('',#14502,1.);
#14502 = DIRECTION('',(1.144237745222E-17,1.,0.));
#14503 = ORIENTED_EDGE('',*,*,#11831,.T.);
#14504 = ORIENTED_EDGE('',*,*,#11853,.T.);
#14505 = ORIENTED_EDGE('',*,*,#11022,.F.);
#14506 = ORIENTED_EDGE('',*,*,#11623,.F.);
#14507 = PLANE('',#14508);
#14508 = AXIS2_PLACEMENT_3D('',#14509,#14510,#14511);
#14509 = CARTESIAN_POINT('',(-2.25,-2.745,1.025));
#14510 = DIRECTION('',(0.,0.,-1.));
#14511 = DIRECTION('',(1.,-1.144237745222E-17,0.));
#14512 = ADVANCED_FACE('',(#14513),#14526,.F.);
#14513 = FACE_BOUND('',#14514,.F.);
#14514 = EDGE_LOOP('',(#14515,#14516,#14522,#14523,#14524,#14525));
#14515 = ORIENTED_EDGE('',*,*,#11945,.F.);
#14516 = ORIENTED_EDGE('',*,*,#14517,.T.);
#14517 = EDGE_CURVE('',#11937,#12046,#14518,.T.);
#14518 = LINE('',#14519,#14520);
#14519 = CARTESIAN_POINT('',(-2.25,-1.475,1.025));
#14520 = VECTOR('',#14521,1.);
#14521 = DIRECTION('',(1.144237745222E-17,1.,0.));
#14522 = ORIENTED_EDGE('',*,*,#12054,.T.);
#14523 = ORIENTED_EDGE('',*,*,#12076,.T.);
#14524 = ORIENTED_EDGE('',*,*,#11038,.F.);
#14525 = ORIENTED_EDGE('',*,*,#11846,.F.);
#14526 = PLANE('',#14527);
#14527 = AXIS2_PLACEMENT_3D('',#14528,#14529,#14530);
#14528 = CARTESIAN_POINT('',(-2.25,-1.475,1.025));
#14529 = DIRECTION('',(0.,0.,-1.));
#14530 = DIRECTION('',(1.,-1.144237745222E-17,0.));
#14531 = ADVANCED_FACE('',(#14532),#14545,.F.);
#14532 = FACE_BOUND('',#14533,.F.);
#14533 = EDGE_LOOP('',(#14534,#14535,#14541,#14542,#14543,#14544));
#14534 = ORIENTED_EDGE('',*,*,#12168,.F.);
#14535 = ORIENTED_EDGE('',*,*,#14536,.T.);
#14536 = EDGE_CURVE('',#12160,#12269,#14537,.T.);
#14537 = LINE('',#14538,#14539);
#14538 = CARTESIAN_POINT('',(-2.25,-0.205,1.025));
#14539 = VECTOR('',#14540,1.);
#14540 = DIRECTION('',(1.144237745222E-17,1.,0.));
#14541 = ORIENTED_EDGE('',*,*,#12277,.T.);
#14542 = ORIENTED_EDGE('',*,*,#12299,.T.);
#14543 = ORIENTED_EDGE('',*,*,#11054,.F.);
#14544 = ORIENTED_EDGE('',*,*,#12069,.F.);
#14545 = PLANE('',#14546);
#14546 = AXIS2_PLACEMENT_3D('',#14547,#14548,#14549);
#14547 = CARTESIAN_POINT('',(-2.25,-0.205,1.025));
#14548 = DIRECTION('',(0.,0.,-1.));
#14549 = DIRECTION('',(1.,-1.144237745222E-17,0.));
#14550 = ADVANCED_FACE('',(#14551),#14564,.F.);
#14551 = FACE_BOUND('',#14552,.F.);
#14552 = EDGE_LOOP('',(#14553,#14554,#14560,#14561,#14562,#14563));
#14553 = ORIENTED_EDGE('',*,*,#12391,.F.);
#14554 = ORIENTED_EDGE('',*,*,#14555,.T.);
#14555 = EDGE_CURVE('',#12383,#12492,#14556,.T.);
#14556 = LINE('',#14557,#14558);
#14557 = CARTESIAN_POINT('',(-2.25,1.065,1.025));
#14558 = VECTOR('',#14559,1.);
#14559 = DIRECTION('',(1.144237745222E-17,1.,0.));
#14560 = ORIENTED_EDGE('',*,*,#12500,.T.);
#14561 = ORIENTED_EDGE('',*,*,#12522,.T.);
#14562 = ORIENTED_EDGE('',*,*,#11070,.F.);
#14563 = ORIENTED_EDGE('',*,*,#12292,.F.);
#14564 = PLANE('',#14565);
#14565 = AXIS2_PLACEMENT_3D('',#14566,#14567,#14568);
#14566 = CARTESIAN_POINT('',(-2.25,1.065,1.025));
#14567 = DIRECTION('',(0.,0.,-1.));
#14568 = DIRECTION('',(1.,-1.144237745222E-17,0.));
#14569 = ADVANCED_FACE('',(#14570),#14583,.F.);
#14570 = FACE_BOUND('',#14571,.F.);
#14571 = EDGE_LOOP('',(#14572,#14573,#14579,#14580,#14581,#14582));
#14572 = ORIENTED_EDGE('',*,*,#12614,.F.);
#14573 = ORIENTED_EDGE('',*,*,#14574,.T.);
#14574 = EDGE_CURVE('',#12606,#12715,#14575,.T.);
#14575 = LINE('',#14576,#14577);
#14576 = CARTESIAN_POINT('',(-2.25,2.335,1.025));
#14577 = VECTOR('',#14578,1.);
#14578 = DIRECTION('',(1.144237745222E-17,1.,0.));
#14579 = ORIENTED_EDGE('',*,*,#12723,.T.);
#14580 = ORIENTED_EDGE('',*,*,#12740,.T.);
#14581 = ORIENTED_EDGE('',*,*,#11086,.F.);
#14582 = ORIENTED_EDGE('',*,*,#12515,.F.);
#14583 = PLANE('',#14584);
#14584 = AXIS2_PLACEMENT_3D('',#14585,#14586,#14587);
#14585 = CARTESIAN_POINT('',(-2.25,2.335,1.025));
#14586 = DIRECTION('',(0.,0.,-1.));
#14587 = DIRECTION('',(1.,-1.144237745222E-17,0.));
#14588 = ADVANCED_FACE('',(#14589,#14618),#14629,.T.);
#14589 = FACE_BOUND('',#14590,.T.);
#14590 = EDGE_LOOP('',(#14591,#14592,#14593,#14594,#14602,#14610,#14616,
    #14617));
#14591 = ORIENTED_EDGE('',*,*,#11161,.F.);
#14592 = ORIENTED_EDGE('',*,*,#11138,.F.);
#14593 = ORIENTED_EDGE('',*,*,#11109,.F.);
#14594 = ORIENTED_EDGE('',*,*,#14595,.F.);
#14595 = EDGE_CURVE('',#14596,#11110,#14598,.T.);
#14596 = VERTEX_POINT('',#14597);
#14597 = CARTESIAN_POINT('',(-1.680085640382,-4.160171280765,1.75));
#14598 = LINE('',#14599,#14600);
#14599 = CARTESIAN_POINT('',(-1.680085640382,-4.160171280765,1.75));
#14600 = VECTOR('',#14601,1.);
#14601 = DIRECTION('',(-0.707106781187,0.707106781187,0.));
#14602 = ORIENTED_EDGE('',*,*,#14603,.F.);
#14603 = EDGE_CURVE('',#14604,#14596,#14606,.T.);
#14604 = VERTEX_POINT('',#14605);
#14605 = CARTESIAN_POINT('',(1.680085640382,-4.160171280765,1.75));
#14606 = LINE('',#14607,#14608);
#14607 = CARTESIAN_POINT('',(1.680085640382,-4.160171280765,1.75));
#14608 = VECTOR('',#14609,1.);
#14609 = DIRECTION('',(-1.,-1.110223024625E-16,0.));
#14610 = ORIENTED_EDGE('',*,*,#14611,.F.);
#14611 = EDGE_CURVE('',#11313,#14604,#14612,.T.);
#14612 = LINE('',#14613,#14614);
#14613 = CARTESIAN_POINT('',(1.760171280765,-4.080085640382,1.75));
#14614 = VECTOR('',#14615,1.);
#14615 = DIRECTION('',(-0.707106781187,-0.707106781187,0.));
#14616 = ORIENTED_EDGE('',*,*,#11319,.F.);
#14617 = ORIENTED_EDGE('',*,*,#11184,.F.);
#14618 = FACE_BOUND('',#14619,.T.);
#14619 = EDGE_LOOP('',(#14620));
#14620 = ORIENTED_EDGE('',*,*,#14621,.T.);
#14621 = EDGE_CURVE('',#14622,#14622,#14624,.T.);
#14622 = VERTEX_POINT('',#14623);
#14623 = CARTESIAN_POINT('',(-1.110171280765,3.210171280765,1.75));
#14624 = CIRCLE('',#14625,0.3);
#14625 = AXIS2_PLACEMENT_3D('',#14626,#14627,#14628);
#14626 = CARTESIAN_POINT('',(-1.110171280765,3.510171280765,1.75));
#14627 = DIRECTION('',(0.,-0.,-1.));
#14628 = DIRECTION('',(1.110223024625E-16,-1.,0.));
#14629 = PLANE('',#14630);
#14630 = AXIS2_PLACEMENT_3D('',#14631,#14632,#14633);
#14631 = CARTESIAN_POINT('',(-1.680085640382,4.160171280765,1.75));
#14632 = DIRECTION('',(0.,0.,1.));
#14633 = DIRECTION('',(0.374466205639,-0.927240562548,0.));
#14634 = ADVANCED_FACE('',(#14635),#14645,.F.);
#14635 = FACE_BOUND('',#14636,.F.);
#14636 = EDGE_LOOP('',(#14637,#14638,#14639,#14640));
#14637 = ORIENTED_EDGE('',*,*,#11380,.T.);
#14638 = ORIENTED_EDGE('',*,*,#11117,.T.);
#14639 = ORIENTED_EDGE('',*,*,#14595,.F.);
#14640 = ORIENTED_EDGE('',*,*,#14641,.F.);
#14641 = EDGE_CURVE('',#11381,#14596,#14642,.T.);
#14642 = B_SPLINE_CURVE_WITH_KNOTS('',1,(#14643,#14644),.UNSPECIFIED.,
  .F.,.F.,(2,2),(0.,1.),.PIECEWISE_BEZIER_KNOTS.);
#14643 = CARTESIAN_POINT('',(-1.7375,-4.275,1.025));
#14644 = CARTESIAN_POINT('',(-1.680085640382,-4.160171280765,1.75));
#14645 = B_SPLINE_SURFACE_WITH_KNOTS('',1,1,(
    (#14646,#14647)
    ,(#14648,#14649
    )),.UNSPECIFIED.,.F.,.F.,.F.,(2,2),(2,2),(0.,0.194454364826),(0.,1.)
  ,.PIECEWISE_BEZIER_KNOTS.);
#14646 = CARTESIAN_POINT('',(-1.7375,-4.275,1.025));
#14647 = CARTESIAN_POINT('',(-1.680085640382,-4.160171280765,1.75));
#14648 = CARTESIAN_POINT('',(-1.875,-4.1375,1.025));
#14649 = CARTESIAN_POINT('',(-1.760171280765,-4.080085640382,1.75));
#14650 = ADVANCED_FACE('',(#14651),#14664,.F.);
#14651 = FACE_BOUND('',#14652,.F.);
#14652 = EDGE_LOOP('',(#14653,#14654,#14660,#14661,#14662,#14663));
#14653 = ORIENTED_EDGE('',*,*,#13223,.F.);
#14654 = ORIENTED_EDGE('',*,*,#14655,.T.);
#14655 = EDGE_CURVE('',#13215,#13324,#14656,.T.);
#14656 = LINE('',#14657,#14658);
#14657 = CARTESIAN_POINT('',(2.25,2.745,1.025));
#14658 = VECTOR('',#14659,1.);
#14659 = DIRECTION('',(1.110223024625E-16,-1.,0.));
#14660 = ORIENTED_EDGE('',*,*,#13332,.T.);
#14661 = ORIENTED_EDGE('',*,*,#13346,.T.);
#14662 = ORIENTED_EDGE('',*,*,#11216,.F.);
#14663 = ORIENTED_EDGE('',*,*,#13130,.F.);
#14664 = PLANE('',#14665);
#14665 = AXIS2_PLACEMENT_3D('',#14666,#14667,#14668);
#14666 = CARTESIAN_POINT('',(2.25,2.745,1.025));
#14667 = DIRECTION('',(0.,0.,-1.));
#14668 = DIRECTION('',(-1.,-1.110223024625E-16,-0.));
#14669 = ADVANCED_FACE('',(#14670),#14683,.F.);
#14670 = FACE_BOUND('',#14671,.F.);
#14671 = EDGE_LOOP('',(#14672,#14673,#14679,#14680,#14681,#14682));
#14672 = ORIENTED_EDGE('',*,*,#13446,.F.);
#14673 = ORIENTED_EDGE('',*,*,#14674,.T.);
#14674 = EDGE_CURVE('',#13438,#13547,#14675,.T.);
#14675 = LINE('',#14676,#14677);
#14676 = CARTESIAN_POINT('',(2.25,1.475,1.025));
#14677 = VECTOR('',#14678,1.);
#14678 = DIRECTION('',(1.110223024625E-16,-1.,0.));
#14679 = ORIENTED_EDGE('',*,*,#13555,.T.);
#14680 = ORIENTED_EDGE('',*,*,#13569,.T.);
#14681 = ORIENTED_EDGE('',*,*,#11232,.F.);
#14682 = ORIENTED_EDGE('',*,*,#13353,.F.);
#14683 = PLANE('',#14684);
#14684 = AXIS2_PLACEMENT_3D('',#14685,#14686,#14687);
#14685 = CARTESIAN_POINT('',(2.25,1.475,1.025));
#14686 = DIRECTION('',(0.,0.,-1.));
#14687 = DIRECTION('',(-1.,-1.110223024625E-16,-0.));
#14688 = ADVANCED_FACE('',(#14689),#14702,.F.);
#14689 = FACE_BOUND('',#14690,.F.);
#14690 = EDGE_LOOP('',(#14691,#14692,#14698,#14699,#14700,#14701));
#14691 = ORIENTED_EDGE('',*,*,#13669,.F.);
#14692 = ORIENTED_EDGE('',*,*,#14693,.T.);
#14693 = EDGE_CURVE('',#13661,#13770,#14694,.T.);
#14694 = LINE('',#14695,#14696);
#14695 = CARTESIAN_POINT('',(2.25,0.205,1.025));
#14696 = VECTOR('',#14697,1.);
#14697 = DIRECTION('',(1.110223024625E-16,-1.,0.));
#14698 = ORIENTED_EDGE('',*,*,#13778,.T.);
#14699 = ORIENTED_EDGE('',*,*,#13792,.T.);
#14700 = ORIENTED_EDGE('',*,*,#11248,.F.);
#14701 = ORIENTED_EDGE('',*,*,#13576,.F.);
#14702 = PLANE('',#14703);
#14703 = AXIS2_PLACEMENT_3D('',#14704,#14705,#14706);
#14704 = CARTESIAN_POINT('',(2.25,0.205,1.025));
#14705 = DIRECTION('',(0.,0.,-1.));
#14706 = DIRECTION('',(-1.,-1.110223024625E-16,-0.));
#14707 = ADVANCED_FACE('',(#14708),#14721,.F.);
#14708 = FACE_BOUND('',#14709,.F.);
#14709 = EDGE_LOOP('',(#14710,#14711,#14717,#14718,#14719,#14720));
#14710 = ORIENTED_EDGE('',*,*,#13892,.F.);
#14711 = ORIENTED_EDGE('',*,*,#14712,.T.);
#14712 = EDGE_CURVE('',#13884,#13993,#14713,.T.);
#14713 = LINE('',#14714,#14715);
#14714 = CARTESIAN_POINT('',(2.25,-1.065,1.025));
#14715 = VECTOR('',#14716,1.);
#14716 = DIRECTION('',(1.110223024625E-16,-1.,0.));
#14717 = ORIENTED_EDGE('',*,*,#14001,.T.);
#14718 = ORIENTED_EDGE('',*,*,#14015,.T.);
#14719 = ORIENTED_EDGE('',*,*,#11264,.F.);
#14720 = ORIENTED_EDGE('',*,*,#13799,.F.);
#14721 = PLANE('',#14722);
#14722 = AXIS2_PLACEMENT_3D('',#14723,#14724,#14725);
#14723 = CARTESIAN_POINT('',(2.25,-1.065,1.025));
#14724 = DIRECTION('',(0.,0.,-1.));
#14725 = DIRECTION('',(-1.,-1.110223024625E-16,-0.));
#14726 = ADVANCED_FACE('',(#14727),#14740,.F.);
#14727 = FACE_BOUND('',#14728,.F.);
#14728 = EDGE_LOOP('',(#14729,#14730,#14736,#14737,#14738,#14739));
#14729 = ORIENTED_EDGE('',*,*,#14115,.F.);
#14730 = ORIENTED_EDGE('',*,*,#14731,.T.);
#14731 = EDGE_CURVE('',#14107,#14216,#14732,.T.);
#14732 = LINE('',#14733,#14734);
#14733 = CARTESIAN_POINT('',(2.25,-2.335,1.025));
#14734 = VECTOR('',#14735,1.);
#14735 = DIRECTION('',(1.110223024625E-16,-1.,0.));
#14736 = ORIENTED_EDGE('',*,*,#14224,.T.);
#14737 = ORIENTED_EDGE('',*,*,#14238,.T.);
#14738 = ORIENTED_EDGE('',*,*,#11280,.F.);
#14739 = ORIENTED_EDGE('',*,*,#14022,.F.);
#14740 = PLANE('',#14741);
#14741 = AXIS2_PLACEMENT_3D('',#14742,#14743,#14744);
#14742 = CARTESIAN_POINT('',(2.25,-2.335,1.025));
#14743 = DIRECTION('',(0.,0.,-1.));
#14744 = DIRECTION('',(-1.,-1.110223024625E-16,-0.));
#14745 = ADVANCED_FACE('',(#14746),#14759,.F.);
#14746 = FACE_BOUND('',#14747,.F.);
#14747 = EDGE_LOOP('',(#14748,#14749,#14755,#14756,#14757,#14758));
#14748 = ORIENTED_EDGE('',*,*,#14338,.F.);
#14749 = ORIENTED_EDGE('',*,*,#14750,.T.);
#14750 = EDGE_CURVE('',#14330,#14439,#14751,.T.);
#14751 = LINE('',#14752,#14753);
#14752 = CARTESIAN_POINT('',(2.25,-3.605,1.025));
#14753 = VECTOR('',#14754,1.);
#14754 = DIRECTION('',(1.110223024625E-16,-1.,0.));
#14755 = ORIENTED_EDGE('',*,*,#14447,.T.);
#14756 = ORIENTED_EDGE('',*,*,#11403,.T.);
#14757 = ORIENTED_EDGE('',*,*,#11296,.F.);
#14758 = ORIENTED_EDGE('',*,*,#14245,.F.);
#14759 = PLANE('',#14760);
#14760 = AXIS2_PLACEMENT_3D('',#14761,#14762,#14763);
#14761 = CARTESIAN_POINT('',(2.25,-3.605,1.025));
#14762 = DIRECTION('',(0.,0.,-1.));
#14763 = DIRECTION('',(-1.,-1.110223024625E-16,-0.));
#14764 = ADVANCED_FACE('',(#14765),#14775,.F.);
#14765 = FACE_BOUND('',#14766,.F.);
#14766 = EDGE_LOOP('',(#14767,#14768,#14773,#14774));
#14767 = ORIENTED_EDGE('',*,*,#11396,.T.);
#14768 = ORIENTED_EDGE('',*,*,#14769,.T.);
#14769 = EDGE_CURVE('',#11389,#14604,#14770,.T.);
#14770 = B_SPLINE_CURVE_WITH_KNOTS('',1,(#14771,#14772),.UNSPECIFIED.,
  .F.,.F.,(2,2),(0.,1.),.PIECEWISE_BEZIER_KNOTS.);
#14771 = CARTESIAN_POINT('',(1.7375,-4.275,1.025));
#14772 = CARTESIAN_POINT('',(1.680085640382,-4.160171280765,1.75));
#14773 = ORIENTED_EDGE('',*,*,#14611,.F.);
#14774 = ORIENTED_EDGE('',*,*,#11312,.F.);
#14775 = B_SPLINE_SURFACE_WITH_KNOTS('',1,1,(
    (#14776,#14777)
    ,(#14778,#14779
    )),.UNSPECIFIED.,.F.,.F.,.F.,(2,2),(2,2),(0.,0.194454364826),(0.,1.)
  ,.PIECEWISE_BEZIER_KNOTS.);
#14776 = CARTESIAN_POINT('',(1.875,-4.1375,1.025));
#14777 = CARTESIAN_POINT('',(1.760171280765,-4.080085640382,1.75));
#14778 = CARTESIAN_POINT('',(1.7375,-4.275,1.025));
#14779 = CARTESIAN_POINT('',(1.680085640382,-4.160171280765,1.75));
#14780 = ADVANCED_FACE('',(#14781),#14792,.T.);
#14781 = FACE_BOUND('',#14782,.T.);
#14782 = EDGE_LOOP('',(#14783,#14784,#14785,#14786));
#14783 = ORIENTED_EDGE('',*,*,#13010,.T.);
#14784 = ORIENTED_EDGE('',*,*,#11342,.T.);
#14785 = ORIENTED_EDGE('',*,*,#13112,.F.);
#14786 = ORIENTED_EDGE('',*,*,#14787,.F.);
#14787 = EDGE_CURVE('',#13003,#13105,#14788,.T.);
#14788 = LINE('',#14789,#14790);
#14789 = CARTESIAN_POINT('',(2.545442325904,4.015,0.7770944533));
#14790 = VECTOR('',#14791,1.);
#14791 = DIRECTION('',(1.110223024625E-16,-1.,0.));
#14792 = CYLINDRICAL_SURFACE('',#14793,0.3);
#14793 = AXIS2_PLACEMENT_3D('',#14794,#14795,#14796);
#14794 = CARTESIAN_POINT('',(2.25,4.015,0.725));
#14795 = DIRECTION('',(-1.110223024625E-16,1.,0.));
#14796 = DIRECTION('',(0.984807753012,1.093356242223E-16,0.173648177667)
  );
#14797 = ADVANCED_FACE('',(#14798),#14804,.F.);
#14798 = FACE_BOUND('',#14799,.F.);
#14799 = EDGE_LOOP('',(#14800,#14801,#14802,#14803));
#14800 = ORIENTED_EDGE('',*,*,#11388,.T.);
#14801 = ORIENTED_EDGE('',*,*,#14641,.T.);
#14802 = ORIENTED_EDGE('',*,*,#14603,.F.);
#14803 = ORIENTED_EDGE('',*,*,#14769,.F.);
#14804 = B_SPLINE_SURFACE_WITH_KNOTS('',1,1,(
    (#14805,#14806)
    ,(#14807,#14808
    )),.UNSPECIFIED.,.F.,.F.,.F.,(2,2),(2,2),(0.,3.475),(0.,1.),
  .PIECEWISE_BEZIER_KNOTS.);
#14805 = CARTESIAN_POINT('',(1.7375,-4.275,1.025));
#14806 = CARTESIAN_POINT('',(1.680085640382,-4.160171280765,1.75));
#14807 = CARTESIAN_POINT('',(-1.7375,-4.275,1.025));
#14808 = CARTESIAN_POINT('',(-1.680085640382,-4.160171280765,1.75));
#14809 = ADVANCED_FACE('',(#14810),#14821,.T.);
#14810 = FACE_BOUND('',#14811,.T.);
#14811 = EDGE_LOOP('',(#14812,#14813,#14814,#14815));
#14812 = ORIENTED_EDGE('',*,*,#11490,.T.);
#14813 = ORIENTED_EDGE('',*,*,#14479,.T.);
#14814 = ORIENTED_EDGE('',*,*,#11599,.F.);
#14815 = ORIENTED_EDGE('',*,*,#14816,.F.);
#14816 = EDGE_CURVE('',#11483,#11592,#14817,.T.);
#14817 = LINE('',#14818,#14819);
#14818 = CARTESIAN_POINT('',(-2.545442325904,-4.015,0.7770944533));
#14819 = VECTOR('',#14820,1.);
#14820 = DIRECTION('',(1.144237745222E-17,1.,0.));
#14821 = CYLINDRICAL_SURFACE('',#14822,0.3);
#14822 = AXIS2_PLACEMENT_3D('',#14823,#14824,#14825);
#14823 = CARTESIAN_POINT('',(-2.25,-4.015,0.725));
#14824 = DIRECTION('',(-1.144237745222E-17,-1.,0.));
#14825 = DIRECTION('',(-0.984807753012,1.126854202784E-17,0.173648177667
    ));
#14826 = ADVANCED_FACE('',(#14827),#14838,.F.);
#14827 = FACE_BOUND('',#14828,.F.);
#14828 = EDGE_LOOP('',(#14829,#14835,#14836,#14837));
#14829 = ORIENTED_EDGE('',*,*,#14830,.T.);
#14830 = EDGE_CURVE('',#11474,#11583,#14831,.T.);
#14831 = LINE('',#14832,#14833);
#14832 = CARTESIAN_POINT('',(-2.6264581915,-4.015,0.282635182233));
#14833 = VECTOR('',#14834,1.);
#14834 = DIRECTION('',(1.144237745222E-17,1.,0.));
#14835 = ORIENTED_EDGE('',*,*,#11591,.T.);
#14836 = ORIENTED_EDGE('',*,*,#14816,.F.);
#14837 = ORIENTED_EDGE('',*,*,#11482,.F.);
#14838 = PLANE('',#14839);
#14839 = AXIS2_PLACEMENT_3D('',#14840,#14841,#14842);
#14840 = CARTESIAN_POINT('',(-2.6264581915,-4.015,0.282635182233));
#14841 = DIRECTION('',(0.986841372087,-1.129181146488E-17,
    -0.161691392282));
#14842 = DIRECTION('',(0.161691392282,-1.85013394127E-18,0.986841372087)
  );
#14843 = ADVANCED_FACE('',(#14844),#14855,.F.);
#14844 = FACE_BOUND('',#14845,.F.);
#14845 = EDGE_LOOP('',(#14846,#14852,#14853,#14854));
#14846 = ORIENTED_EDGE('',*,*,#14847,.T.);
#14847 = EDGE_CURVE('',#11466,#11575,#14848,.T.);
#14848 = LINE('',#14849,#14850);
#14849 = CARTESIAN_POINT('',(-2.724938966801,-4.015,0.2));
#14850 = VECTOR('',#14851,1.);
#14851 = DIRECTION('',(1.144237745222E-17,1.,0.));
#14852 = ORIENTED_EDGE('',*,*,#11582,.T.);
#14853 = ORIENTED_EDGE('',*,*,#14830,.F.);
#14854 = ORIENTED_EDGE('',*,*,#11473,.F.);
#14855 = CYLINDRICAL_SURFACE('',#14856,0.1);
#14856 = AXIS2_PLACEMENT_3D('',#14857,#14858,#14859);
#14857 = CARTESIAN_POINT('',(-2.724938966801,-4.015,0.3));
#14858 = DIRECTION('',(-1.144237745222E-17,-1.,0.));
#14859 = DIRECTION('',(-0.,0.,-1.));
#14860 = ADVANCED_FACE('',(#14861),#14872,.F.);
#14861 = FACE_BOUND('',#14862,.F.);
#14862 = EDGE_LOOP('',(#14863,#14869,#14870,#14871));
#14863 = ORIENTED_EDGE('',*,*,#14864,.T.);
#14864 = EDGE_CURVE('',#11458,#11567,#14865,.T.);
#14865 = LINE('',#14866,#14867);
#14866 = CARTESIAN_POINT('',(-3.,-4.015,0.2));
#14867 = VECTOR('',#14868,1.);
#14868 = DIRECTION('',(1.144237745222E-17,1.,0.));
#14869 = ORIENTED_EDGE('',*,*,#11574,.T.);
#14870 = ORIENTED_EDGE('',*,*,#14847,.F.);
#14871 = ORIENTED_EDGE('',*,*,#11465,.F.);
#14872 = PLANE('',#14873);
#14873 = AXIS2_PLACEMENT_3D('',#14874,#14875,#14876);
#14874 = CARTESIAN_POINT('',(-3.,-4.015,0.2));
#14875 = DIRECTION('',(0.,0.,-1.));
#14876 = DIRECTION('',(1.,-1.144237745222E-17,0.));
#14877 = ADVANCED_FACE('',(#14878),#14889,.F.);
#14878 = FACE_BOUND('',#14879,.F.);
#14879 = EDGE_LOOP('',(#14880,#14886,#14887,#14888));
#14880 = ORIENTED_EDGE('',*,*,#14881,.T.);
#14881 = EDGE_CURVE('',#11450,#11559,#14882,.T.);
#14882 = LINE('',#14883,#14884);
#14883 = CARTESIAN_POINT('',(-3.,-4.015,-1.665334536938E-16));
#14884 = VECTOR('',#14885,1.);
#14885 = DIRECTION('',(1.144237745222E-17,1.,0.));
#14886 = ORIENTED_EDGE('',*,*,#11566,.T.);
#14887 = ORIENTED_EDGE('',*,*,#14864,.F.);
#14888 = ORIENTED_EDGE('',*,*,#11457,.F.);
#14889 = PLANE('',#14890);
#14890 = AXIS2_PLACEMENT_3D('',#14891,#14892,#14893);
#14891 = CARTESIAN_POINT('',(-3.,-4.015,-1.665334536938E-16));
#14892 = DIRECTION('',(1.,-1.144237745222E-17,0.));
#14893 = DIRECTION('',(0.,0.,1.));
#14894 = ADVANCED_FACE('',(#14895),#14906,.F.);
#14895 = FACE_BOUND('',#14896,.F.);
#14896 = EDGE_LOOP('',(#14897,#14903,#14904,#14905));
#14897 = ORIENTED_EDGE('',*,*,#14898,.T.);
#14898 = EDGE_CURVE('',#11441,#11550,#14899,.T.);
#14899 = LINE('',#14900,#14901);
#14900 = CARTESIAN_POINT('',(-2.724938966801,-4.015,-1.665334536938E-16)
  );
#14901 = VECTOR('',#14902,1.);
#14902 = DIRECTION('',(1.144237745222E-17,1.,0.));
#14903 = ORIENTED_EDGE('',*,*,#11558,.T.);
#14904 = ORIENTED_EDGE('',*,*,#14881,.F.);
#14905 = ORIENTED_EDGE('',*,*,#11449,.F.);
#14906 = PLANE('',#14907);
#14907 = AXIS2_PLACEMENT_3D('',#14908,#14909,#14910);
#14908 = CARTESIAN_POINT('',(-2.724938966801,-4.015,-1.665334536938E-16)
  );
#14909 = DIRECTION('',(0.,0.,1.));
#14910 = DIRECTION('',(-1.,1.144237745222E-17,0.));
#14911 = ADVANCED_FACE('',(#14912),#14923,.T.);
#14912 = FACE_BOUND('',#14913,.T.);
#14913 = EDGE_LOOP('',(#14914,#14915,#14916,#14917));
#14914 = ORIENTED_EDGE('',*,*,#11440,.T.);
#14915 = ORIENTED_EDGE('',*,*,#14898,.T.);
#14916 = ORIENTED_EDGE('',*,*,#11549,.F.);
#14917 = ORIENTED_EDGE('',*,*,#14918,.F.);
#14918 = EDGE_CURVE('',#11433,#11542,#14919,.T.);
#14919 = LINE('',#14920,#14921);
#14920 = CARTESIAN_POINT('',(-2.429496640897,-4.015,0.2479055467));
#14921 = VECTOR('',#14922,1.);
#14922 = DIRECTION('',(1.144237745222E-17,1.,0.));
#14923 = CYLINDRICAL_SURFACE('',#14924,0.3);
#14924 = AXIS2_PLACEMENT_3D('',#14925,#14926,#14927);
#14925 = CARTESIAN_POINT('',(-2.724938966801,-4.015,0.3));
#14926 = DIRECTION('',(-1.144237745222E-17,-1.,0.));
#14927 = DIRECTION('',(0.984807753012,-1.126854202784E-17,
    -0.173648177667));
#14928 = ADVANCED_FACE('',(#14929),#14935,.F.);
#14929 = FACE_BOUND('',#14930,.F.);
#14930 = EDGE_LOOP('',(#14931,#14932,#14933,#14934));
#14931 = ORIENTED_EDGE('',*,*,#11523,.T.);
#14932 = ORIENTED_EDGE('',*,*,#11541,.T.);
#14933 = ORIENTED_EDGE('',*,*,#14918,.F.);
#14934 = ORIENTED_EDGE('',*,*,#11432,.F.);
#14935 = PLANE('',#14936);
#14936 = AXIS2_PLACEMENT_3D('',#14937,#14938,#14939);
#14937 = CARTESIAN_POINT('',(-2.348480775301,-4.015,0.742364817767));
#14938 = DIRECTION('',(-0.986841372087,1.129181146488E-17,0.161691392282
    ));
#14939 = DIRECTION('',(-0.161691392282,1.85013394127E-18,-0.986841372087
    ));
#14940 = ADVANCED_FACE('',(#14941),#14952,.T.);
#14941 = FACE_BOUND('',#14942,.T.);
#14942 = EDGE_LOOP('',(#14943,#14944,#14945,#14946));
#14943 = ORIENTED_EDGE('',*,*,#11713,.T.);
#14944 = ORIENTED_EDGE('',*,*,#14498,.T.);
#14945 = ORIENTED_EDGE('',*,*,#11822,.F.);
#14946 = ORIENTED_EDGE('',*,*,#14947,.F.);
#14947 = EDGE_CURVE('',#11706,#11815,#14948,.T.);
#14948 = LINE('',#14949,#14950);
#14949 = CARTESIAN_POINT('',(-2.545442325904,-2.745,0.7770944533));
#14950 = VECTOR('',#14951,1.);
#14951 = DIRECTION('',(1.144237745222E-17,1.,0.));
#14952 = CYLINDRICAL_SURFACE('',#14953,0.3);
#14953 = AXIS2_PLACEMENT_3D('',#14954,#14955,#14956);
#14954 = CARTESIAN_POINT('',(-2.25,-2.745,0.725));
#14955 = DIRECTION('',(-1.144237745222E-17,-1.,0.));
#14956 = DIRECTION('',(-0.984807753012,1.126854202784E-17,0.173648177667
    ));
#14957 = ADVANCED_FACE('',(#14958),#14969,.F.);
#14958 = FACE_BOUND('',#14959,.F.);
#14959 = EDGE_LOOP('',(#14960,#14966,#14967,#14968));
#14960 = ORIENTED_EDGE('',*,*,#14961,.T.);
#14961 = EDGE_CURVE('',#11697,#11806,#14962,.T.);
#14962 = LINE('',#14963,#14964);
#14963 = CARTESIAN_POINT('',(-2.6264581915,-2.745,0.282635182233));
#14964 = VECTOR('',#14965,1.);
#14965 = DIRECTION('',(1.144237745222E-17,1.,0.));
#14966 = ORIENTED_EDGE('',*,*,#11814,.T.);
#14967 = ORIENTED_EDGE('',*,*,#14947,.F.);
#14968 = ORIENTED_EDGE('',*,*,#11705,.F.);
#14969 = PLANE('',#14970);
#14970 = AXIS2_PLACEMENT_3D('',#14971,#14972,#14973);
#14971 = CARTESIAN_POINT('',(-2.6264581915,-2.745,0.282635182233));
#14972 = DIRECTION('',(0.986841372087,-1.129181146488E-17,
    -0.161691392282));
#14973 = DIRECTION('',(0.161691392282,-1.85013394127E-18,0.986841372087)
  );
#14974 = ADVANCED_FACE('',(#14975),#14986,.F.);
#14975 = FACE_BOUND('',#14976,.F.);
#14976 = EDGE_LOOP('',(#14977,#14983,#14984,#14985));
#14977 = ORIENTED_EDGE('',*,*,#14978,.T.);
#14978 = EDGE_CURVE('',#11689,#11798,#14979,.T.);
#14979 = LINE('',#14980,#14981);
#14980 = CARTESIAN_POINT('',(-2.724938966801,-2.745,0.2));
#14981 = VECTOR('',#14982,1.);
#14982 = DIRECTION('',(1.144237745222E-17,1.,0.));
#14983 = ORIENTED_EDGE('',*,*,#11805,.T.);
#14984 = ORIENTED_EDGE('',*,*,#14961,.F.);
#14985 = ORIENTED_EDGE('',*,*,#11696,.F.);
#14986 = CYLINDRICAL_SURFACE('',#14987,0.1);
#14987 = AXIS2_PLACEMENT_3D('',#14988,#14989,#14990);
#14988 = CARTESIAN_POINT('',(-2.724938966801,-2.745,0.3));
#14989 = DIRECTION('',(-1.144237745222E-17,-1.,0.));
#14990 = DIRECTION('',(-0.,0.,-1.));
#14991 = ADVANCED_FACE('',(#14992),#15003,.F.);
#14992 = FACE_BOUND('',#14993,.F.);
#14993 = EDGE_LOOP('',(#14994,#15000,#15001,#15002));
#14994 = ORIENTED_EDGE('',*,*,#14995,.T.);
#14995 = EDGE_CURVE('',#11681,#11790,#14996,.T.);
#14996 = LINE('',#14997,#14998);
#14997 = CARTESIAN_POINT('',(-3.,-2.745,0.2));
#14998 = VECTOR('',#14999,1.);
#14999 = DIRECTION('',(1.144237745222E-17,1.,0.));
#15000 = ORIENTED_EDGE('',*,*,#11797,.T.);
#15001 = ORIENTED_EDGE('',*,*,#14978,.F.);
#15002 = ORIENTED_EDGE('',*,*,#11688,.F.);
#15003 = PLANE('',#15004);
#15004 = AXIS2_PLACEMENT_3D('',#15005,#15006,#15007);
#15005 = CARTESIAN_POINT('',(-3.,-2.745,0.2));
#15006 = DIRECTION('',(0.,0.,-1.));
#15007 = DIRECTION('',(1.,-1.144237745222E-17,0.));
#15008 = ADVANCED_FACE('',(#15009),#15020,.F.);
#15009 = FACE_BOUND('',#15010,.F.);
#15010 = EDGE_LOOP('',(#15011,#15017,#15018,#15019));
#15011 = ORIENTED_EDGE('',*,*,#15012,.T.);
#15012 = EDGE_CURVE('',#11673,#11782,#15013,.T.);
#15013 = LINE('',#15014,#15015);
#15014 = CARTESIAN_POINT('',(-3.,-2.745,-1.665334536938E-16));
#15015 = VECTOR('',#15016,1.);
#15016 = DIRECTION('',(1.144237745222E-17,1.,0.));
#15017 = ORIENTED_EDGE('',*,*,#11789,.T.);
#15018 = ORIENTED_EDGE('',*,*,#14995,.F.);
#15019 = ORIENTED_EDGE('',*,*,#11680,.F.);
#15020 = PLANE('',#15021);
#15021 = AXIS2_PLACEMENT_3D('',#15022,#15023,#15024);
#15022 = CARTESIAN_POINT('',(-3.,-2.745,-1.665334536938E-16));
#15023 = DIRECTION('',(1.,-1.144237745222E-17,0.));
#15024 = DIRECTION('',(0.,0.,1.));
#15025 = ADVANCED_FACE('',(#15026),#15037,.F.);
#15026 = FACE_BOUND('',#15027,.F.);
#15027 = EDGE_LOOP('',(#15028,#15034,#15035,#15036));
#15028 = ORIENTED_EDGE('',*,*,#15029,.T.);
#15029 = EDGE_CURVE('',#11664,#11773,#15030,.T.);
#15030 = LINE('',#15031,#15032);
#15031 = CARTESIAN_POINT('',(-2.724938966801,-2.745,-1.665334536938E-16)
  );
#15032 = VECTOR('',#15033,1.);
#15033 = DIRECTION('',(1.144237745222E-17,1.,0.));
#15034 = ORIENTED_EDGE('',*,*,#11781,.T.);
#15035 = ORIENTED_EDGE('',*,*,#15012,.F.);
#15036 = ORIENTED_EDGE('',*,*,#11672,.F.);
#15037 = PLANE('',#15038);
#15038 = AXIS2_PLACEMENT_3D('',#15039,#15040,#15041);
#15039 = CARTESIAN_POINT('',(-2.724938966801,-2.745,-1.665334536938E-16)
  );
#15040 = DIRECTION('',(0.,0.,1.));
#15041 = DIRECTION('',(-1.,1.144237745222E-17,0.));
#15042 = ADVANCED_FACE('',(#15043),#15054,.T.);
#15043 = FACE_BOUND('',#15044,.T.);
#15044 = EDGE_LOOP('',(#15045,#15046,#15047,#15048));
#15045 = ORIENTED_EDGE('',*,*,#11663,.T.);
#15046 = ORIENTED_EDGE('',*,*,#15029,.T.);
#15047 = ORIENTED_EDGE('',*,*,#11772,.F.);
#15048 = ORIENTED_EDGE('',*,*,#15049,.F.);
#15049 = EDGE_CURVE('',#11656,#11765,#15050,.T.);
#15050 = LINE('',#15051,#15052);
#15051 = CARTESIAN_POINT('',(-2.429496640897,-2.745,0.2479055467));
#15052 = VECTOR('',#15053,1.);
#15053 = DIRECTION('',(1.144237745222E-17,1.,0.));
#15054 = CYLINDRICAL_SURFACE('',#15055,0.3);
#15055 = AXIS2_PLACEMENT_3D('',#15056,#15057,#15058);
#15056 = CARTESIAN_POINT('',(-2.724938966801,-2.745,0.3));
#15057 = DIRECTION('',(-1.144237745222E-17,-1.,0.));
#15058 = DIRECTION('',(0.984807753012,-1.126854202784E-17,
    -0.173648177667));
#15059 = ADVANCED_FACE('',(#15060),#15066,.F.);
#15060 = FACE_BOUND('',#15061,.F.);
#15061 = EDGE_LOOP('',(#15062,#15063,#15064,#15065));
#15062 = ORIENTED_EDGE('',*,*,#11746,.T.);
#15063 = ORIENTED_EDGE('',*,*,#11764,.T.);
#15064 = ORIENTED_EDGE('',*,*,#15049,.F.);
#15065 = ORIENTED_EDGE('',*,*,#11655,.F.);
#15066 = PLANE('',#15067);
#15067 = AXIS2_PLACEMENT_3D('',#15068,#15069,#15070);
#15068 = CARTESIAN_POINT('',(-2.348480775301,-2.745,0.742364817767));
#15069 = DIRECTION('',(-0.986841372087,1.129181146488E-17,0.161691392282
    ));
#15070 = DIRECTION('',(-0.161691392282,1.85013394127E-18,-0.986841372087
    ));
#15071 = ADVANCED_FACE('',(#15072),#15083,.T.);
#15072 = FACE_BOUND('',#15073,.T.);
#15073 = EDGE_LOOP('',(#15074,#15075,#15076,#15077));
#15074 = ORIENTED_EDGE('',*,*,#11936,.T.);
#15075 = ORIENTED_EDGE('',*,*,#14517,.T.);
#15076 = ORIENTED_EDGE('',*,*,#12045,.F.);
#15077 = ORIENTED_EDGE('',*,*,#15078,.F.);
#15078 = EDGE_CURVE('',#11929,#12038,#15079,.T.);
#15079 = LINE('',#15080,#15081);
#15080 = CARTESIAN_POINT('',(-2.545442325904,-1.475,0.7770944533));
#15081 = VECTOR('',#15082,1.);
#15082 = DIRECTION('',(1.144237745222E-17,1.,0.));
#15083 = CYLINDRICAL_SURFACE('',#15084,0.3);
#15084 = AXIS2_PLACEMENT_3D('',#15085,#15086,#15087);
#15085 = CARTESIAN_POINT('',(-2.25,-1.475,0.725));
#15086 = DIRECTION('',(-1.144237745222E-17,-1.,0.));
#15087 = DIRECTION('',(-0.984807753012,1.126854202784E-17,0.173648177667
    ));
#15088 = ADVANCED_FACE('',(#15089),#15100,.F.);
#15089 = FACE_BOUND('',#15090,.F.);
#15090 = EDGE_LOOP('',(#15091,#15097,#15098,#15099));
#15091 = ORIENTED_EDGE('',*,*,#15092,.T.);
#15092 = EDGE_CURVE('',#11920,#12029,#15093,.T.);
#15093 = LINE('',#15094,#15095);
#15094 = CARTESIAN_POINT('',(-2.6264581915,-1.475,0.282635182233));
#15095 = VECTOR('',#15096,1.);
#15096 = DIRECTION('',(1.144237745222E-17,1.,0.));
#15097 = ORIENTED_EDGE('',*,*,#12037,.T.);
#15098 = ORIENTED_EDGE('',*,*,#15078,.F.);
#15099 = ORIENTED_EDGE('',*,*,#11928,.F.);
#15100 = PLANE('',#15101);
#15101 = AXIS2_PLACEMENT_3D('',#15102,#15103,#15104);
#15102 = CARTESIAN_POINT('',(-2.6264581915,-1.475,0.282635182233));
#15103 = DIRECTION('',(0.986841372087,-1.129181146488E-17,
    -0.161691392282));
#15104 = DIRECTION('',(0.161691392282,-1.85013394127E-18,0.986841372087)
  );
#15105 = ADVANCED_FACE('',(#15106),#15117,.F.);
#15106 = FACE_BOUND('',#15107,.F.);
#15107 = EDGE_LOOP('',(#15108,#15114,#15115,#15116));
#15108 = ORIENTED_EDGE('',*,*,#15109,.T.);
#15109 = EDGE_CURVE('',#11912,#12021,#15110,.T.);
#15110 = LINE('',#15111,#15112);
#15111 = CARTESIAN_POINT('',(-2.724938966801,-1.475,0.2));
#15112 = VECTOR('',#15113,1.);
#15113 = DIRECTION('',(1.144237745222E-17,1.,0.));
#15114 = ORIENTED_EDGE('',*,*,#12028,.T.);
#15115 = ORIENTED_EDGE('',*,*,#15092,.F.);
#15116 = ORIENTED_EDGE('',*,*,#11919,.F.);
#15117 = CYLINDRICAL_SURFACE('',#15118,0.1);
#15118 = AXIS2_PLACEMENT_3D('',#15119,#15120,#15121);
#15119 = CARTESIAN_POINT('',(-2.724938966801,-1.475,0.3));
#15120 = DIRECTION('',(-1.144237745222E-17,-1.,0.));
#15121 = DIRECTION('',(-0.,0.,-1.));
#15122 = ADVANCED_FACE('',(#15123),#15134,.F.);
#15123 = FACE_BOUND('',#15124,.F.);
#15124 = EDGE_LOOP('',(#15125,#15131,#15132,#15133));
#15125 = ORIENTED_EDGE('',*,*,#15126,.T.);
#15126 = EDGE_CURVE('',#11904,#12013,#15127,.T.);
#15127 = LINE('',#15128,#15129);
#15128 = CARTESIAN_POINT('',(-3.,-1.475,0.2));
#15129 = VECTOR('',#15130,1.);
#15130 = DIRECTION('',(1.144237745222E-17,1.,0.));
#15131 = ORIENTED_EDGE('',*,*,#12020,.T.);
#15132 = ORIENTED_EDGE('',*,*,#15109,.F.);
#15133 = ORIENTED_EDGE('',*,*,#11911,.F.);
#15134 = PLANE('',#15135);
#15135 = AXIS2_PLACEMENT_3D('',#15136,#15137,#15138);
#15136 = CARTESIAN_POINT('',(-3.,-1.475,0.2));
#15137 = DIRECTION('',(0.,0.,-1.));
#15138 = DIRECTION('',(1.,-1.144237745222E-17,0.));
#15139 = ADVANCED_FACE('',(#15140),#15151,.F.);
#15140 = FACE_BOUND('',#15141,.F.);
#15141 = EDGE_LOOP('',(#15142,#15148,#15149,#15150));
#15142 = ORIENTED_EDGE('',*,*,#15143,.T.);
#15143 = EDGE_CURVE('',#11896,#12005,#15144,.T.);
#15144 = LINE('',#15145,#15146);
#15145 = CARTESIAN_POINT('',(-3.,-1.475,-1.665334536938E-16));
#15146 = VECTOR('',#15147,1.);
#15147 = DIRECTION('',(1.144237745222E-17,1.,0.));
#15148 = ORIENTED_EDGE('',*,*,#12012,.T.);
#15149 = ORIENTED_EDGE('',*,*,#15126,.F.);
#15150 = ORIENTED_EDGE('',*,*,#11903,.F.);
#15151 = PLANE('',#15152);
#15152 = AXIS2_PLACEMENT_3D('',#15153,#15154,#15155);
#15153 = CARTESIAN_POINT('',(-3.,-1.475,-1.665334536938E-16));
#15154 = DIRECTION('',(1.,-1.144237745222E-17,0.));
#15155 = DIRECTION('',(0.,0.,1.));
#15156 = ADVANCED_FACE('',(#15157),#15168,.F.);
#15157 = FACE_BOUND('',#15158,.F.);
#15158 = EDGE_LOOP('',(#15159,#15165,#15166,#15167));
#15159 = ORIENTED_EDGE('',*,*,#15160,.T.);
#15160 = EDGE_CURVE('',#11887,#11996,#15161,.T.);
#15161 = LINE('',#15162,#15163);
#15162 = CARTESIAN_POINT('',(-2.724938966801,-1.475,-1.665334536938E-16)
  );
#15163 = VECTOR('',#15164,1.);
#15164 = DIRECTION('',(1.144237745222E-17,1.,0.));
#15165 = ORIENTED_EDGE('',*,*,#12004,.T.);
#15166 = ORIENTED_EDGE('',*,*,#15143,.F.);
#15167 = ORIENTED_EDGE('',*,*,#11895,.F.);
#15168 = PLANE('',#15169);
#15169 = AXIS2_PLACEMENT_3D('',#15170,#15171,#15172);
#15170 = CARTESIAN_POINT('',(-2.724938966801,-1.475,-1.665334536938E-16)
  );
#15171 = DIRECTION('',(0.,0.,1.));
#15172 = DIRECTION('',(-1.,1.144237745222E-17,0.));
#15173 = ADVANCED_FACE('',(#15174),#15185,.T.);
#15174 = FACE_BOUND('',#15175,.T.);
#15175 = EDGE_LOOP('',(#15176,#15177,#15178,#15179));
#15176 = ORIENTED_EDGE('',*,*,#11886,.T.);
#15177 = ORIENTED_EDGE('',*,*,#15160,.T.);
#15178 = ORIENTED_EDGE('',*,*,#11995,.F.);
#15179 = ORIENTED_EDGE('',*,*,#15180,.F.);
#15180 = EDGE_CURVE('',#11879,#11988,#15181,.T.);
#15181 = LINE('',#15182,#15183);
#15182 = CARTESIAN_POINT('',(-2.429496640897,-1.475,0.2479055467));
#15183 = VECTOR('',#15184,1.);
#15184 = DIRECTION('',(1.144237745222E-17,1.,0.));
#15185 = CYLINDRICAL_SURFACE('',#15186,0.3);
#15186 = AXIS2_PLACEMENT_3D('',#15187,#15188,#15189);
#15187 = CARTESIAN_POINT('',(-2.724938966801,-1.475,0.3));
#15188 = DIRECTION('',(-1.144237745222E-17,-1.,0.));
#15189 = DIRECTION('',(0.984807753012,-1.126854202784E-17,
    -0.173648177667));
#15190 = ADVANCED_FACE('',(#15191),#15197,.F.);
#15191 = FACE_BOUND('',#15192,.F.);
#15192 = EDGE_LOOP('',(#15193,#15194,#15195,#15196));
#15193 = ORIENTED_EDGE('',*,*,#11969,.T.);
#15194 = ORIENTED_EDGE('',*,*,#11987,.T.);
#15195 = ORIENTED_EDGE('',*,*,#15180,.F.);
#15196 = ORIENTED_EDGE('',*,*,#11878,.F.);
#15197 = PLANE('',#15198);
#15198 = AXIS2_PLACEMENT_3D('',#15199,#15200,#15201);
#15199 = CARTESIAN_POINT('',(-2.348480775301,-1.475,0.742364817767));
#15200 = DIRECTION('',(-0.986841372087,1.129181146488E-17,0.161691392282
    ));
#15201 = DIRECTION('',(-0.161691392282,1.85013394127E-18,-0.986841372087
    ));
#15202 = ADVANCED_FACE('',(#15203),#15214,.T.);
#15203 = FACE_BOUND('',#15204,.T.);
#15204 = EDGE_LOOP('',(#15205,#15206,#15207,#15208));
#15205 = ORIENTED_EDGE('',*,*,#12159,.T.);
#15206 = ORIENTED_EDGE('',*,*,#14536,.T.);
#15207 = ORIENTED_EDGE('',*,*,#12268,.F.);
#15208 = ORIENTED_EDGE('',*,*,#15209,.F.);
#15209 = EDGE_CURVE('',#12152,#12261,#15210,.T.);
#15210 = LINE('',#15211,#15212);
#15211 = CARTESIAN_POINT('',(-2.545442325904,-0.205,0.7770944533));
#15212 = VECTOR('',#15213,1.);
#15213 = DIRECTION('',(1.144237745222E-17,1.,0.));
#15214 = CYLINDRICAL_SURFACE('',#15215,0.3);
#15215 = AXIS2_PLACEMENT_3D('',#15216,#15217,#15218);
#15216 = CARTESIAN_POINT('',(-2.25,-0.205,0.725));
#15217 = DIRECTION('',(-1.144237745222E-17,-1.,0.));
#15218 = DIRECTION('',(-0.984807753012,1.126854202784E-17,0.173648177667
    ));
#15219 = ADVANCED_FACE('',(#15220),#15231,.F.);
#15220 = FACE_BOUND('',#15221,.F.);
#15221 = EDGE_LOOP('',(#15222,#15228,#15229,#15230));
#15222 = ORIENTED_EDGE('',*,*,#15223,.T.);
#15223 = EDGE_CURVE('',#12143,#12252,#15224,.T.);
#15224 = LINE('',#15225,#15226);
#15225 = CARTESIAN_POINT('',(-2.6264581915,-0.205,0.282635182233));
#15226 = VECTOR('',#15227,1.);
#15227 = DIRECTION('',(1.144237745222E-17,1.,0.));
#15228 = ORIENTED_EDGE('',*,*,#12260,.T.);
#15229 = ORIENTED_EDGE('',*,*,#15209,.F.);
#15230 = ORIENTED_EDGE('',*,*,#12151,.F.);
#15231 = PLANE('',#15232);
#15232 = AXIS2_PLACEMENT_3D('',#15233,#15234,#15235);
#15233 = CARTESIAN_POINT('',(-2.6264581915,-0.205,0.282635182233));
#15234 = DIRECTION('',(0.986841372087,-1.129181146488E-17,
    -0.161691392282));
#15235 = DIRECTION('',(0.161691392282,-1.85013394127E-18,0.986841372087)
  );
#15236 = ADVANCED_FACE('',(#15237),#15248,.F.);
#15237 = FACE_BOUND('',#15238,.F.);
#15238 = EDGE_LOOP('',(#15239,#15245,#15246,#15247));
#15239 = ORIENTED_EDGE('',*,*,#15240,.T.);
#15240 = EDGE_CURVE('',#12135,#12244,#15241,.T.);
#15241 = LINE('',#15242,#15243);
#15242 = CARTESIAN_POINT('',(-2.724938966801,-0.205,0.2));
#15243 = VECTOR('',#15244,1.);
#15244 = DIRECTION('',(1.144237745222E-17,1.,0.));
#15245 = ORIENTED_EDGE('',*,*,#12251,.T.);
#15246 = ORIENTED_EDGE('',*,*,#15223,.F.);
#15247 = ORIENTED_EDGE('',*,*,#12142,.F.);
#15248 = CYLINDRICAL_SURFACE('',#15249,0.1);
#15249 = AXIS2_PLACEMENT_3D('',#15250,#15251,#15252);
#15250 = CARTESIAN_POINT('',(-2.724938966801,-0.205,0.3));
#15251 = DIRECTION('',(-1.144237745222E-17,-1.,0.));
#15252 = DIRECTION('',(-0.,0.,-1.));
#15253 = ADVANCED_FACE('',(#15254),#15265,.F.);
#15254 = FACE_BOUND('',#15255,.F.);
#15255 = EDGE_LOOP('',(#15256,#15262,#15263,#15264));
#15256 = ORIENTED_EDGE('',*,*,#15257,.T.);
#15257 = EDGE_CURVE('',#12127,#12236,#15258,.T.);
#15258 = LINE('',#15259,#15260);
#15259 = CARTESIAN_POINT('',(-3.,-0.205,0.2));
#15260 = VECTOR('',#15261,1.);
#15261 = DIRECTION('',(1.144237745222E-17,1.,0.));
#15262 = ORIENTED_EDGE('',*,*,#12243,.T.);
#15263 = ORIENTED_EDGE('',*,*,#15240,.F.);
#15264 = ORIENTED_EDGE('',*,*,#12134,.F.);
#15265 = PLANE('',#15266);
#15266 = AXIS2_PLACEMENT_3D('',#15267,#15268,#15269);
#15267 = CARTESIAN_POINT('',(-3.,-0.205,0.2));
#15268 = DIRECTION('',(0.,0.,-1.));
#15269 = DIRECTION('',(1.,-1.144237745222E-17,0.));
#15270 = ADVANCED_FACE('',(#15271),#15282,.F.);
#15271 = FACE_BOUND('',#15272,.F.);
#15272 = EDGE_LOOP('',(#15273,#15279,#15280,#15281));
#15273 = ORIENTED_EDGE('',*,*,#15274,.T.);
#15274 = EDGE_CURVE('',#12119,#12228,#15275,.T.);
#15275 = LINE('',#15276,#15277);
#15276 = CARTESIAN_POINT('',(-3.,-0.205,-1.665334536938E-16));
#15277 = VECTOR('',#15278,1.);
#15278 = DIRECTION('',(1.144237745222E-17,1.,0.));
#15279 = ORIENTED_EDGE('',*,*,#12235,.T.);
#15280 = ORIENTED_EDGE('',*,*,#15257,.F.);
#15281 = ORIENTED_EDGE('',*,*,#12126,.F.);
#15282 = PLANE('',#15283);
#15283 = AXIS2_PLACEMENT_3D('',#15284,#15285,#15286);
#15284 = CARTESIAN_POINT('',(-3.,-0.205,-1.665334536938E-16));
#15285 = DIRECTION('',(1.,-1.144237745222E-17,0.));
#15286 = DIRECTION('',(0.,0.,1.));
#15287 = ADVANCED_FACE('',(#15288),#15299,.F.);
#15288 = FACE_BOUND('',#15289,.F.);
#15289 = EDGE_LOOP('',(#15290,#15296,#15297,#15298));
#15290 = ORIENTED_EDGE('',*,*,#15291,.T.);
#15291 = EDGE_CURVE('',#12110,#12219,#15292,.T.);
#15292 = LINE('',#15293,#15294);
#15293 = CARTESIAN_POINT('',(-2.724938966801,-0.205,-1.665334536938E-16)
  );
#15294 = VECTOR('',#15295,1.);
#15295 = DIRECTION('',(1.144237745222E-17,1.,0.));
#15296 = ORIENTED_EDGE('',*,*,#12227,.T.);
#15297 = ORIENTED_EDGE('',*,*,#15274,.F.);
#15298 = ORIENTED_EDGE('',*,*,#12118,.F.);
#15299 = PLANE('',#15300);
#15300 = AXIS2_PLACEMENT_3D('',#15301,#15302,#15303);
#15301 = CARTESIAN_POINT('',(-2.724938966801,-0.205,-1.665334536938E-16)
  );
#15302 = DIRECTION('',(0.,0.,1.));
#15303 = DIRECTION('',(-1.,1.144237745222E-17,0.));
#15304 = ADVANCED_FACE('',(#15305),#15316,.T.);
#15305 = FACE_BOUND('',#15306,.T.);
#15306 = EDGE_LOOP('',(#15307,#15308,#15309,#15310));
#15307 = ORIENTED_EDGE('',*,*,#12109,.T.);
#15308 = ORIENTED_EDGE('',*,*,#15291,.T.);
#15309 = ORIENTED_EDGE('',*,*,#12218,.F.);
#15310 = ORIENTED_EDGE('',*,*,#15311,.F.);
#15311 = EDGE_CURVE('',#12102,#12211,#15312,.T.);
#15312 = LINE('',#15313,#15314);
#15313 = CARTESIAN_POINT('',(-2.429496640897,-0.205,0.2479055467));
#15314 = VECTOR('',#15315,1.);
#15315 = DIRECTION('',(1.144237745222E-17,1.,0.));
#15316 = CYLINDRICAL_SURFACE('',#15317,0.3);
#15317 = AXIS2_PLACEMENT_3D('',#15318,#15319,#15320);
#15318 = CARTESIAN_POINT('',(-2.724938966801,-0.205,0.3));
#15319 = DIRECTION('',(-1.144237745222E-17,-1.,0.));
#15320 = DIRECTION('',(0.984807753012,-1.126854202784E-17,
    -0.173648177667));
#15321 = ADVANCED_FACE('',(#15322),#15328,.F.);
#15322 = FACE_BOUND('',#15323,.F.);
#15323 = EDGE_LOOP('',(#15324,#15325,#15326,#15327));
#15324 = ORIENTED_EDGE('',*,*,#12192,.T.);
#15325 = ORIENTED_EDGE('',*,*,#12210,.T.);
#15326 = ORIENTED_EDGE('',*,*,#15311,.F.);
#15327 = ORIENTED_EDGE('',*,*,#12101,.F.);
#15328 = PLANE('',#15329);
#15329 = AXIS2_PLACEMENT_3D('',#15330,#15331,#15332);
#15330 = CARTESIAN_POINT('',(-2.348480775301,-0.205,0.742364817767));
#15331 = DIRECTION('',(-0.986841372087,1.129181146488E-17,0.161691392282
    ));
#15332 = DIRECTION('',(-0.161691392282,1.85013394127E-18,-0.986841372087
    ));
#15333 = ADVANCED_FACE('',(#15334),#15345,.T.);
#15334 = FACE_BOUND('',#15335,.T.);
#15335 = EDGE_LOOP('',(#15336,#15337,#15338,#15339));
#15336 = ORIENTED_EDGE('',*,*,#12382,.T.);
#15337 = ORIENTED_EDGE('',*,*,#14555,.T.);
#15338 = ORIENTED_EDGE('',*,*,#12491,.F.);
#15339 = ORIENTED_EDGE('',*,*,#15340,.F.);
#15340 = EDGE_CURVE('',#12375,#12484,#15341,.T.);
#15341 = LINE('',#15342,#15343);
#15342 = CARTESIAN_POINT('',(-2.545442325904,1.065,0.7770944533));
#15343 = VECTOR('',#15344,1.);
#15344 = DIRECTION('',(1.144237745222E-17,1.,0.));
#15345 = CYLINDRICAL_SURFACE('',#15346,0.3);
#15346 = AXIS2_PLACEMENT_3D('',#15347,#15348,#15349);
#15347 = CARTESIAN_POINT('',(-2.25,1.065,0.725));
#15348 = DIRECTION('',(-1.144237745222E-17,-1.,0.));
#15349 = DIRECTION('',(-0.984807753012,1.126854202784E-17,0.173648177667
    ));
#15350 = ADVANCED_FACE('',(#15351),#15362,.F.);
#15351 = FACE_BOUND('',#15352,.F.);
#15352 = EDGE_LOOP('',(#15353,#15359,#15360,#15361));
#15353 = ORIENTED_EDGE('',*,*,#15354,.T.);
#15354 = EDGE_CURVE('',#12366,#12475,#15355,.T.);
#15355 = LINE('',#15356,#15357);
#15356 = CARTESIAN_POINT('',(-2.6264581915,1.065,0.282635182233));
#15357 = VECTOR('',#15358,1.);
#15358 = DIRECTION('',(1.144237745222E-17,1.,0.));
#15359 = ORIENTED_EDGE('',*,*,#12483,.T.);
#15360 = ORIENTED_EDGE('',*,*,#15340,.F.);
#15361 = ORIENTED_EDGE('',*,*,#12374,.F.);
#15362 = PLANE('',#15363);
#15363 = AXIS2_PLACEMENT_3D('',#15364,#15365,#15366);
#15364 = CARTESIAN_POINT('',(-2.6264581915,1.065,0.282635182233));
#15365 = DIRECTION('',(0.986841372087,-1.129181146488E-17,
    -0.161691392282));
#15366 = DIRECTION('',(0.161691392282,-1.85013394127E-18,0.986841372087)
  );
#15367 = ADVANCED_FACE('',(#15368),#15379,.F.);
#15368 = FACE_BOUND('',#15369,.F.);
#15369 = EDGE_LOOP('',(#15370,#15376,#15377,#15378));
#15370 = ORIENTED_EDGE('',*,*,#15371,.T.);
#15371 = EDGE_CURVE('',#12358,#12467,#15372,.T.);
#15372 = LINE('',#15373,#15374);
#15373 = CARTESIAN_POINT('',(-2.724938966801,1.065,0.2));
#15374 = VECTOR('',#15375,1.);
#15375 = DIRECTION('',(1.144237745222E-17,1.,0.));
#15376 = ORIENTED_EDGE('',*,*,#12474,.T.);
#15377 = ORIENTED_EDGE('',*,*,#15354,.F.);
#15378 = ORIENTED_EDGE('',*,*,#12365,.F.);
#15379 = CYLINDRICAL_SURFACE('',#15380,0.1);
#15380 = AXIS2_PLACEMENT_3D('',#15381,#15382,#15383);
#15381 = CARTESIAN_POINT('',(-2.724938966801,1.065,0.3));
#15382 = DIRECTION('',(-1.144237745222E-17,-1.,0.));
#15383 = DIRECTION('',(-0.,0.,-1.));
#15384 = ADVANCED_FACE('',(#15385),#15396,.F.);
#15385 = FACE_BOUND('',#15386,.F.);
#15386 = EDGE_LOOP('',(#15387,#15393,#15394,#15395));
#15387 = ORIENTED_EDGE('',*,*,#15388,.T.);
#15388 = EDGE_CURVE('',#12350,#12459,#15389,.T.);
#15389 = LINE('',#15390,#15391);
#15390 = CARTESIAN_POINT('',(-3.,1.065,0.2));
#15391 = VECTOR('',#15392,1.);
#15392 = DIRECTION('',(1.144237745222E-17,1.,0.));
#15393 = ORIENTED_EDGE('',*,*,#12466,.T.);
#15394 = ORIENTED_EDGE('',*,*,#15371,.F.);
#15395 = ORIENTED_EDGE('',*,*,#12357,.F.);
#15396 = PLANE('',#15397);
#15397 = AXIS2_PLACEMENT_3D('',#15398,#15399,#15400);
#15398 = CARTESIAN_POINT('',(-3.,1.065,0.2));
#15399 = DIRECTION('',(0.,0.,-1.));
#15400 = DIRECTION('',(1.,-1.144237745222E-17,0.));
#15401 = ADVANCED_FACE('',(#15402),#15413,.F.);
#15402 = FACE_BOUND('',#15403,.F.);
#15403 = EDGE_LOOP('',(#15404,#15410,#15411,#15412));
#15404 = ORIENTED_EDGE('',*,*,#15405,.T.);
#15405 = EDGE_CURVE('',#12342,#12451,#15406,.T.);
#15406 = LINE('',#15407,#15408);
#15407 = CARTESIAN_POINT('',(-3.,1.065,-1.665334536938E-16));
#15408 = VECTOR('',#15409,1.);
#15409 = DIRECTION('',(1.144237745222E-17,1.,0.));
#15410 = ORIENTED_EDGE('',*,*,#12458,.T.);
#15411 = ORIENTED_EDGE('',*,*,#15388,.F.);
#15412 = ORIENTED_EDGE('',*,*,#12349,.F.);
#15413 = PLANE('',#15414);
#15414 = AXIS2_PLACEMENT_3D('',#15415,#15416,#15417);
#15415 = CARTESIAN_POINT('',(-3.,1.065,-1.665334536938E-16));
#15416 = DIRECTION('',(1.,-1.144237745222E-17,0.));
#15417 = DIRECTION('',(0.,0.,1.));
#15418 = ADVANCED_FACE('',(#15419),#15430,.F.);
#15419 = FACE_BOUND('',#15420,.F.);
#15420 = EDGE_LOOP('',(#15421,#15427,#15428,#15429));
#15421 = ORIENTED_EDGE('',*,*,#15422,.T.);
#15422 = EDGE_CURVE('',#12333,#12442,#15423,.T.);
#15423 = LINE('',#15424,#15425);
#15424 = CARTESIAN_POINT('',(-2.724938966801,1.065,-1.665334536938E-16)
  );
#15425 = VECTOR('',#15426,1.);
#15426 = DIRECTION('',(1.144237745222E-17,1.,0.));
#15427 = ORIENTED_EDGE('',*,*,#12450,.T.);
#15428 = ORIENTED_EDGE('',*,*,#15405,.F.);
#15429 = ORIENTED_EDGE('',*,*,#12341,.F.);
#15430 = PLANE('',#15431);
#15431 = AXIS2_PLACEMENT_3D('',#15432,#15433,#15434);
#15432 = CARTESIAN_POINT('',(-2.724938966801,1.065,-1.665334536938E-16)
  );
#15433 = DIRECTION('',(0.,0.,1.));
#15434 = DIRECTION('',(-1.,1.144237745222E-17,0.));
#15435 = ADVANCED_FACE('',(#15436),#15447,.T.);
#15436 = FACE_BOUND('',#15437,.T.);
#15437 = EDGE_LOOP('',(#15438,#15439,#15440,#15441));
#15438 = ORIENTED_EDGE('',*,*,#12332,.T.);
#15439 = ORIENTED_EDGE('',*,*,#15422,.T.);
#15440 = ORIENTED_EDGE('',*,*,#12441,.F.);
#15441 = ORIENTED_EDGE('',*,*,#15442,.F.);
#15442 = EDGE_CURVE('',#12325,#12434,#15443,.T.);
#15443 = LINE('',#15444,#15445);
#15444 = CARTESIAN_POINT('',(-2.429496640897,1.065,0.2479055467));
#15445 = VECTOR('',#15446,1.);
#15446 = DIRECTION('',(1.144237745222E-17,1.,0.));
#15447 = CYLINDRICAL_SURFACE('',#15448,0.3);
#15448 = AXIS2_PLACEMENT_3D('',#15449,#15450,#15451);
#15449 = CARTESIAN_POINT('',(-2.724938966801,1.065,0.3));
#15450 = DIRECTION('',(-1.144237745222E-17,-1.,0.));
#15451 = DIRECTION('',(0.984807753012,-1.126854202784E-17,
    -0.173648177667));
#15452 = ADVANCED_FACE('',(#15453),#15459,.F.);
#15453 = FACE_BOUND('',#15454,.F.);
#15454 = EDGE_LOOP('',(#15455,#15456,#15457,#15458));
#15455 = ORIENTED_EDGE('',*,*,#12415,.T.);
#15456 = ORIENTED_EDGE('',*,*,#12433,.T.);
#15457 = ORIENTED_EDGE('',*,*,#15442,.F.);
#15458 = ORIENTED_EDGE('',*,*,#12324,.F.);
#15459 = PLANE('',#15460);
#15460 = AXIS2_PLACEMENT_3D('',#15461,#15462,#15463);
#15461 = CARTESIAN_POINT('',(-2.348480775301,1.065,0.742364817767));
#15462 = DIRECTION('',(-0.986841372087,1.129181146488E-17,0.161691392282
    ));
#15463 = DIRECTION('',(-0.161691392282,1.85013394127E-18,-0.986841372087
    ));
#15464 = ADVANCED_FACE('',(#15465),#15476,.T.);
#15465 = FACE_BOUND('',#15466,.T.);
#15466 = EDGE_LOOP('',(#15467,#15468,#15469,#15470));
#15467 = ORIENTED_EDGE('',*,*,#12605,.T.);
#15468 = ORIENTED_EDGE('',*,*,#14574,.T.);
#15469 = ORIENTED_EDGE('',*,*,#12714,.F.);
#15470 = ORIENTED_EDGE('',*,*,#15471,.F.);
#15471 = EDGE_CURVE('',#12598,#12707,#15472,.T.);
#15472 = LINE('',#15473,#15474);
#15473 = CARTESIAN_POINT('',(-2.545442325904,2.335,0.7770944533));
#15474 = VECTOR('',#15475,1.);
#15475 = DIRECTION('',(1.144237745222E-17,1.,0.));
#15476 = CYLINDRICAL_SURFACE('',#15477,0.3);
#15477 = AXIS2_PLACEMENT_3D('',#15478,#15479,#15480);
#15478 = CARTESIAN_POINT('',(-2.25,2.335,0.725));
#15479 = DIRECTION('',(-1.144237745222E-17,-1.,0.));
#15480 = DIRECTION('',(-0.984807753012,1.126854202784E-17,0.173648177667
    ));
#15481 = ADVANCED_FACE('',(#15482),#15493,.F.);
#15482 = FACE_BOUND('',#15483,.F.);
#15483 = EDGE_LOOP('',(#15484,#15490,#15491,#15492));
#15484 = ORIENTED_EDGE('',*,*,#15485,.T.);
#15485 = EDGE_CURVE('',#12589,#12698,#15486,.T.);
#15486 = LINE('',#15487,#15488);
#15487 = CARTESIAN_POINT('',(-2.6264581915,2.335,0.282635182233));
#15488 = VECTOR('',#15489,1.);
#15489 = DIRECTION('',(1.144237745222E-17,1.,0.));
#15490 = ORIENTED_EDGE('',*,*,#12706,.T.);
#15491 = ORIENTED_EDGE('',*,*,#15471,.F.);
#15492 = ORIENTED_EDGE('',*,*,#12597,.F.);
#15493 = PLANE('',#15494);
#15494 = AXIS2_PLACEMENT_3D('',#15495,#15496,#15497);
#15495 = CARTESIAN_POINT('',(-2.6264581915,2.335,0.282635182233));
#15496 = DIRECTION('',(0.986841372087,-1.129181146488E-17,
    -0.161691392282));
#15497 = DIRECTION('',(0.161691392282,-1.85013394127E-18,0.986841372087)
  );
#15498 = ADVANCED_FACE('',(#15499),#15510,.F.);
#15499 = FACE_BOUND('',#15500,.F.);
#15500 = EDGE_LOOP('',(#15501,#15507,#15508,#15509));
#15501 = ORIENTED_EDGE('',*,*,#15502,.T.);
#15502 = EDGE_CURVE('',#12581,#12690,#15503,.T.);
#15503 = LINE('',#15504,#15505);
#15504 = CARTESIAN_POINT('',(-2.724938966801,2.335,0.2));
#15505 = VECTOR('',#15506,1.);
#15506 = DIRECTION('',(1.144237745222E-17,1.,0.));
#15507 = ORIENTED_EDGE('',*,*,#12697,.T.);
#15508 = ORIENTED_EDGE('',*,*,#15485,.F.);
#15509 = ORIENTED_EDGE('',*,*,#12588,.F.);
#15510 = CYLINDRICAL_SURFACE('',#15511,0.1);
#15511 = AXIS2_PLACEMENT_3D('',#15512,#15513,#15514);
#15512 = CARTESIAN_POINT('',(-2.724938966801,2.335,0.3));
#15513 = DIRECTION('',(-1.144237745222E-17,-1.,0.));
#15514 = DIRECTION('',(-0.,0.,-1.));
#15515 = ADVANCED_FACE('',(#15516),#15527,.F.);
#15516 = FACE_BOUND('',#15517,.F.);
#15517 = EDGE_LOOP('',(#15518,#15524,#15525,#15526));
#15518 = ORIENTED_EDGE('',*,*,#15519,.T.);
#15519 = EDGE_CURVE('',#12573,#12682,#15520,.T.);
#15520 = LINE('',#15521,#15522);
#15521 = CARTESIAN_POINT('',(-3.,2.335,0.2));
#15522 = VECTOR('',#15523,1.);
#15523 = DIRECTION('',(1.144237745222E-17,1.,0.));
#15524 = ORIENTED_EDGE('',*,*,#12689,.T.);
#15525 = ORIENTED_EDGE('',*,*,#15502,.F.);
#15526 = ORIENTED_EDGE('',*,*,#12580,.F.);
#15527 = PLANE('',#15528);
#15528 = AXIS2_PLACEMENT_3D('',#15529,#15530,#15531);
#15529 = CARTESIAN_POINT('',(-3.,2.335,0.2));
#15530 = DIRECTION('',(0.,0.,-1.));
#15531 = DIRECTION('',(1.,-1.144237745222E-17,0.));
#15532 = ADVANCED_FACE('',(#15533),#15544,.F.);
#15533 = FACE_BOUND('',#15534,.F.);
#15534 = EDGE_LOOP('',(#15535,#15541,#15542,#15543));
#15535 = ORIENTED_EDGE('',*,*,#15536,.T.);
#15536 = EDGE_CURVE('',#12565,#12674,#15537,.T.);
#15537 = LINE('',#15538,#15539);
#15538 = CARTESIAN_POINT('',(-3.,2.335,-1.665334536938E-16));
#15539 = VECTOR('',#15540,1.);
#15540 = DIRECTION('',(1.144237745222E-17,1.,0.));
#15541 = ORIENTED_EDGE('',*,*,#12681,.T.);
#15542 = ORIENTED_EDGE('',*,*,#15519,.F.);
#15543 = ORIENTED_EDGE('',*,*,#12572,.F.);
#15544 = PLANE('',#15545);
#15545 = AXIS2_PLACEMENT_3D('',#15546,#15547,#15548);
#15546 = CARTESIAN_POINT('',(-3.,2.335,-1.665334536938E-16));
#15547 = DIRECTION('',(1.,-1.144237745222E-17,0.));
#15548 = DIRECTION('',(0.,0.,1.));
#15549 = ADVANCED_FACE('',(#15550),#15561,.F.);
#15550 = FACE_BOUND('',#15551,.F.);
#15551 = EDGE_LOOP('',(#15552,#15558,#15559,#15560));
#15552 = ORIENTED_EDGE('',*,*,#15553,.T.);
#15553 = EDGE_CURVE('',#12556,#12665,#15554,.T.);
#15554 = LINE('',#15555,#15556);
#15555 = CARTESIAN_POINT('',(-2.724938966801,2.335,-1.665334536938E-16)
  );
#15556 = VECTOR('',#15557,1.);
#15557 = DIRECTION('',(1.144237745222E-17,1.,0.));
#15558 = ORIENTED_EDGE('',*,*,#12673,.T.);
#15559 = ORIENTED_EDGE('',*,*,#15536,.F.);
#15560 = ORIENTED_EDGE('',*,*,#12564,.F.);
#15561 = PLANE('',#15562);
#15562 = AXIS2_PLACEMENT_3D('',#15563,#15564,#15565);
#15563 = CARTESIAN_POINT('',(-2.724938966801,2.335,-1.665334536938E-16)
  );
#15564 = DIRECTION('',(0.,0.,1.));
#15565 = DIRECTION('',(-1.,1.144237745222E-17,0.));
#15566 = ADVANCED_FACE('',(#15567),#15578,.T.);
#15567 = FACE_BOUND('',#15568,.T.);
#15568 = EDGE_LOOP('',(#15569,#15570,#15571,#15572));
#15569 = ORIENTED_EDGE('',*,*,#12555,.T.);
#15570 = ORIENTED_EDGE('',*,*,#15553,.T.);
#15571 = ORIENTED_EDGE('',*,*,#12664,.F.);
#15572 = ORIENTED_EDGE('',*,*,#15573,.F.);
#15573 = EDGE_CURVE('',#12548,#12657,#15574,.T.);
#15574 = LINE('',#15575,#15576);
#15575 = CARTESIAN_POINT('',(-2.429496640897,2.335,0.2479055467));
#15576 = VECTOR('',#15577,1.);
#15577 = DIRECTION('',(1.144237745222E-17,1.,0.));
#15578 = CYLINDRICAL_SURFACE('',#15579,0.3);
#15579 = AXIS2_PLACEMENT_3D('',#15580,#15581,#15582);
#15580 = CARTESIAN_POINT('',(-2.724938966801,2.335,0.3));
#15581 = DIRECTION('',(-1.144237745222E-17,-1.,0.));
#15582 = DIRECTION('',(0.984807753012,-1.126854202784E-17,
    -0.173648177667));
#15583 = ADVANCED_FACE('',(#15584),#15590,.F.);
#15584 = FACE_BOUND('',#15585,.F.);
#15585 = EDGE_LOOP('',(#15586,#15587,#15588,#15589));
#15586 = ORIENTED_EDGE('',*,*,#12638,.T.);
#15587 = ORIENTED_EDGE('',*,*,#12656,.T.);
#15588 = ORIENTED_EDGE('',*,*,#15573,.F.);
#15589 = ORIENTED_EDGE('',*,*,#12547,.F.);
#15590 = PLANE('',#15591);
#15591 = AXIS2_PLACEMENT_3D('',#15592,#15593,#15594);
#15592 = CARTESIAN_POINT('',(-2.348480775301,2.335,0.742364817767));
#15593 = DIRECTION('',(-0.986841372087,1.129181146488E-17,0.161691392282
    ));
#15594 = DIRECTION('',(-0.161691392282,1.85013394127E-18,-0.986841372087
    ));
#15595 = ADVANCED_FACE('',(#15596),#15607,.F.);
#15596 = FACE_BOUND('',#15597,.F.);
#15597 = EDGE_LOOP('',(#15598,#15604,#15605,#15606));
#15598 = ORIENTED_EDGE('',*,*,#15599,.T.);
#15599 = EDGE_CURVE('',#12807,#12909,#15600,.T.);
#15600 = LINE('',#15601,#15602);
#15601 = CARTESIAN_POINT('',(-2.6264581915,3.605,0.282635182233));
#15602 = VECTOR('',#15603,1.);
#15603 = DIRECTION('',(1.144237745222E-17,1.,0.));
#15604 = ORIENTED_EDGE('',*,*,#12917,.T.);
#15605 = ORIENTED_EDGE('',*,*,#14464,.F.);
#15606 = ORIENTED_EDGE('',*,*,#12815,.F.);
#15607 = PLANE('',#15608);
#15608 = AXIS2_PLACEMENT_3D('',#15609,#15610,#15611);
#15609 = CARTESIAN_POINT('',(-2.6264581915,3.605,0.282635182233));
#15610 = DIRECTION('',(0.986841372087,-1.129181146488E-17,
    -0.161691392282));
#15611 = DIRECTION('',(0.161691392282,-1.85013394127E-18,0.986841372087)
  );
#15612 = ADVANCED_FACE('',(#15613),#15624,.F.);
#15613 = FACE_BOUND('',#15614,.F.);
#15614 = EDGE_LOOP('',(#15615,#15621,#15622,#15623));
#15615 = ORIENTED_EDGE('',*,*,#15616,.T.);
#15616 = EDGE_CURVE('',#12799,#12901,#15617,.T.);
#15617 = LINE('',#15618,#15619);
#15618 = CARTESIAN_POINT('',(-2.724938966801,3.605,0.2));
#15619 = VECTOR('',#15620,1.);
#15620 = DIRECTION('',(1.144237745222E-17,1.,0.));
#15621 = ORIENTED_EDGE('',*,*,#12908,.T.);
#15622 = ORIENTED_EDGE('',*,*,#15599,.F.);
#15623 = ORIENTED_EDGE('',*,*,#12806,.F.);
#15624 = CYLINDRICAL_SURFACE('',#15625,0.1);
#15625 = AXIS2_PLACEMENT_3D('',#15626,#15627,#15628);
#15626 = CARTESIAN_POINT('',(-2.724938966801,3.605,0.3));
#15627 = DIRECTION('',(-1.144237745222E-17,-1.,0.));
#15628 = DIRECTION('',(-0.,0.,-1.));
#15629 = ADVANCED_FACE('',(#15630),#15641,.F.);
#15630 = FACE_BOUND('',#15631,.F.);
#15631 = EDGE_LOOP('',(#15632,#15638,#15639,#15640));
#15632 = ORIENTED_EDGE('',*,*,#15633,.T.);
#15633 = EDGE_CURVE('',#12791,#12893,#15634,.T.);
#15634 = LINE('',#15635,#15636);
#15635 = CARTESIAN_POINT('',(-3.,3.605,0.2));
#15636 = VECTOR('',#15637,1.);
#15637 = DIRECTION('',(1.144237745222E-17,1.,0.));
#15638 = ORIENTED_EDGE('',*,*,#12900,.T.);
#15639 = ORIENTED_EDGE('',*,*,#15616,.F.);
#15640 = ORIENTED_EDGE('',*,*,#12798,.F.);
#15641 = PLANE('',#15642);
#15642 = AXIS2_PLACEMENT_3D('',#15643,#15644,#15645);
#15643 = CARTESIAN_POINT('',(-3.,3.605,0.2));
#15644 = DIRECTION('',(0.,0.,-1.));
#15645 = DIRECTION('',(1.,-1.144237745222E-17,0.));
#15646 = ADVANCED_FACE('',(#15647),#15658,.F.);
#15647 = FACE_BOUND('',#15648,.F.);
#15648 = EDGE_LOOP('',(#15649,#15655,#15656,#15657));
#15649 = ORIENTED_EDGE('',*,*,#15650,.T.);
#15650 = EDGE_CURVE('',#12783,#12885,#15651,.T.);
#15651 = LINE('',#15652,#15653);
#15652 = CARTESIAN_POINT('',(-3.,3.605,-1.665334536938E-16));
#15653 = VECTOR('',#15654,1.);
#15654 = DIRECTION('',(1.144237745222E-17,1.,0.));
#15655 = ORIENTED_EDGE('',*,*,#12892,.T.);
#15656 = ORIENTED_EDGE('',*,*,#15633,.F.);
#15657 = ORIENTED_EDGE('',*,*,#12790,.F.);
#15658 = PLANE('',#15659);
#15659 = AXIS2_PLACEMENT_3D('',#15660,#15661,#15662);
#15660 = CARTESIAN_POINT('',(-3.,3.605,-1.665334536938E-16));
#15661 = DIRECTION('',(1.,-1.144237745222E-17,0.));
#15662 = DIRECTION('',(0.,0.,1.));
#15663 = ADVANCED_FACE('',(#15664),#15675,.F.);
#15664 = FACE_BOUND('',#15665,.F.);
#15665 = EDGE_LOOP('',(#15666,#15672,#15673,#15674));
#15666 = ORIENTED_EDGE('',*,*,#15667,.T.);
#15667 = EDGE_CURVE('',#12774,#12876,#15668,.T.);
#15668 = LINE('',#15669,#15670);
#15669 = CARTESIAN_POINT('',(-2.724938966801,3.605,-1.665334536938E-16)
  );
#15670 = VECTOR('',#15671,1.);
#15671 = DIRECTION('',(1.144237745222E-17,1.,0.));
#15672 = ORIENTED_EDGE('',*,*,#12884,.T.);
#15673 = ORIENTED_EDGE('',*,*,#15650,.F.);
#15674 = ORIENTED_EDGE('',*,*,#12782,.F.);
#15675 = PLANE('',#15676);
#15676 = AXIS2_PLACEMENT_3D('',#15677,#15678,#15679);
#15677 = CARTESIAN_POINT('',(-2.724938966801,3.605,-1.665334536938E-16)
  );
#15678 = DIRECTION('',(0.,0.,1.));
#15679 = DIRECTION('',(-1.,1.144237745222E-17,0.));
#15680 = ADVANCED_FACE('',(#15681),#15692,.T.);
#15681 = FACE_BOUND('',#15682,.T.);
#15682 = EDGE_LOOP('',(#15683,#15684,#15685,#15686));
#15683 = ORIENTED_EDGE('',*,*,#12773,.T.);
#15684 = ORIENTED_EDGE('',*,*,#15667,.T.);
#15685 = ORIENTED_EDGE('',*,*,#12875,.F.);
#15686 = ORIENTED_EDGE('',*,*,#15687,.F.);
#15687 = EDGE_CURVE('',#12766,#12868,#15688,.T.);
#15688 = LINE('',#15689,#15690);
#15689 = CARTESIAN_POINT('',(-2.429496640897,3.605,0.2479055467));
#15690 = VECTOR('',#15691,1.);
#15691 = DIRECTION('',(1.144237745222E-17,1.,0.));
#15692 = CYLINDRICAL_SURFACE('',#15693,0.3);
#15693 = AXIS2_PLACEMENT_3D('',#15694,#15695,#15696);
#15694 = CARTESIAN_POINT('',(-2.724938966801,3.605,0.3));
#15695 = DIRECTION('',(-1.144237745222E-17,-1.,0.));
#15696 = DIRECTION('',(0.984807753012,-1.126854202784E-17,
    -0.173648177667));
#15697 = ADVANCED_FACE('',(#15698),#15704,.F.);
#15698 = FACE_BOUND('',#15699,.F.);
#15699 = EDGE_LOOP('',(#15700,#15701,#15702,#15703));
#15700 = ORIENTED_EDGE('',*,*,#12849,.T.);
#15701 = ORIENTED_EDGE('',*,*,#12867,.T.);
#15702 = ORIENTED_EDGE('',*,*,#15687,.F.);
#15703 = ORIENTED_EDGE('',*,*,#12765,.F.);
#15704 = PLANE('',#15705);
#15705 = AXIS2_PLACEMENT_3D('',#15706,#15707,#15708);
#15706 = CARTESIAN_POINT('',(-2.348480775301,3.605,0.742364817767));
#15707 = DIRECTION('',(-0.986841372087,1.129181146488E-17,0.161691392282
    ));
#15708 = DIRECTION('',(-0.161691392282,1.85013394127E-18,-0.986841372087
    ));
#15709 = ADVANCED_FACE('',(#15710),#15721,.F.);
#15710 = FACE_BOUND('',#15711,.F.);
#15711 = EDGE_LOOP('',(#15712,#15718,#15719,#15720));
#15712 = ORIENTED_EDGE('',*,*,#15713,.T.);
#15713 = EDGE_CURVE('',#12994,#13096,#15714,.T.);
#15714 = LINE('',#15715,#15716);
#15715 = CARTESIAN_POINT('',(2.6264581915,4.015,0.282635182233));
#15716 = VECTOR('',#15717,1.);
#15717 = DIRECTION('',(1.110223024625E-16,-1.,0.));
#15718 = ORIENTED_EDGE('',*,*,#13104,.T.);
#15719 = ORIENTED_EDGE('',*,*,#14787,.F.);
#15720 = ORIENTED_EDGE('',*,*,#13002,.F.);
#15721 = PLANE('',#15722);
#15722 = AXIS2_PLACEMENT_3D('',#15723,#15724,#15725);
#15723 = CARTESIAN_POINT('',(2.6264581915,4.015,0.282635182233));
#15724 = DIRECTION('',(-0.986841372087,-1.095614012943E-16,
    -0.161691392282));
#15725 = DIRECTION('',(-0.161691392282,-1.795135065956E-17,
    0.986841372087));
#15726 = ADVANCED_FACE('',(#15727),#15738,.F.);
#15727 = FACE_BOUND('',#15728,.F.);
#15728 = EDGE_LOOP('',(#15729,#15735,#15736,#15737));
#15729 = ORIENTED_EDGE('',*,*,#15730,.T.);
#15730 = EDGE_CURVE('',#12986,#13088,#15731,.T.);
#15731 = LINE('',#15732,#15733);
#15732 = CARTESIAN_POINT('',(2.724938966801,4.015,0.2));
#15733 = VECTOR('',#15734,1.);
#15734 = DIRECTION('',(1.110223024625E-16,-1.,0.));
#15735 = ORIENTED_EDGE('',*,*,#13095,.T.);
#15736 = ORIENTED_EDGE('',*,*,#15713,.F.);
#15737 = ORIENTED_EDGE('',*,*,#12993,.F.);
#15738 = CYLINDRICAL_SURFACE('',#15739,0.1);
#15739 = AXIS2_PLACEMENT_3D('',#15740,#15741,#15742);
#15740 = CARTESIAN_POINT('',(2.724938966801,4.015,0.3));
#15741 = DIRECTION('',(-1.110223024625E-16,1.,0.));
#15742 = DIRECTION('',(0.,0.,-1.));
#15743 = ADVANCED_FACE('',(#15744),#15755,.F.);
#15744 = FACE_BOUND('',#15745,.F.);
#15745 = EDGE_LOOP('',(#15746,#15752,#15753,#15754));
#15746 = ORIENTED_EDGE('',*,*,#15747,.T.);
#15747 = EDGE_CURVE('',#12978,#13080,#15748,.T.);
#15748 = LINE('',#15749,#15750);
#15749 = CARTESIAN_POINT('',(3.,4.015,0.2));
#15750 = VECTOR('',#15751,1.);
#15751 = DIRECTION('',(1.110223024625E-16,-1.,0.));
#15752 = ORIENTED_EDGE('',*,*,#13087,.T.);
#15753 = ORIENTED_EDGE('',*,*,#15730,.F.);
#15754 = ORIENTED_EDGE('',*,*,#12985,.F.);
#15755 = PLANE('',#15756);
#15756 = AXIS2_PLACEMENT_3D('',#15757,#15758,#15759);
#15757 = CARTESIAN_POINT('',(3.,4.015,0.2));
#15758 = DIRECTION('',(0.,0.,-1.));
#15759 = DIRECTION('',(-1.,-1.110223024625E-16,-0.));
#15760 = ADVANCED_FACE('',(#15761),#15772,.F.);
#15761 = FACE_BOUND('',#15762,.F.);
#15762 = EDGE_LOOP('',(#15763,#15769,#15770,#15771));
#15763 = ORIENTED_EDGE('',*,*,#15764,.T.);
#15764 = EDGE_CURVE('',#12970,#13072,#15765,.T.);
#15765 = LINE('',#15766,#15767);
#15766 = CARTESIAN_POINT('',(3.,4.015,-1.665334536938E-16));
#15767 = VECTOR('',#15768,1.);
#15768 = DIRECTION('',(1.110223024625E-16,-1.,0.));
#15769 = ORIENTED_EDGE('',*,*,#13079,.T.);
#15770 = ORIENTED_EDGE('',*,*,#15747,.F.);
#15771 = ORIENTED_EDGE('',*,*,#12977,.F.);
#15772 = PLANE('',#15773);
#15773 = AXIS2_PLACEMENT_3D('',#15774,#15775,#15776);
#15774 = CARTESIAN_POINT('',(3.,4.015,-1.665334536938E-16));
#15775 = DIRECTION('',(-1.,-1.110223024625E-16,0.));
#15776 = DIRECTION('',(0.,0.,1.));
#15777 = ADVANCED_FACE('',(#15778),#15789,.F.);
#15778 = FACE_BOUND('',#15779,.F.);
#15779 = EDGE_LOOP('',(#15780,#15786,#15787,#15788));
#15780 = ORIENTED_EDGE('',*,*,#15781,.T.);
#15781 = EDGE_CURVE('',#12961,#13063,#15782,.T.);
#15782 = LINE('',#15783,#15784);
#15783 = CARTESIAN_POINT('',(2.724938966801,4.015,-1.665334536938E-16));
#15784 = VECTOR('',#15785,1.);
#15785 = DIRECTION('',(1.110223024625E-16,-1.,0.));
#15786 = ORIENTED_EDGE('',*,*,#13071,.T.);
#15787 = ORIENTED_EDGE('',*,*,#15764,.F.);
#15788 = ORIENTED_EDGE('',*,*,#12969,.F.);
#15789 = PLANE('',#15790);
#15790 = AXIS2_PLACEMENT_3D('',#15791,#15792,#15793);
#15791 = CARTESIAN_POINT('',(2.724938966801,4.015,-1.665334536938E-16));
#15792 = DIRECTION('',(0.,0.,1.));
#15793 = DIRECTION('',(1.,1.110223024625E-16,-0.));
#15794 = ADVANCED_FACE('',(#15795),#15806,.T.);
#15795 = FACE_BOUND('',#15796,.T.);
#15796 = EDGE_LOOP('',(#15797,#15798,#15799,#15800));
#15797 = ORIENTED_EDGE('',*,*,#12960,.T.);
#15798 = ORIENTED_EDGE('',*,*,#15781,.T.);
#15799 = ORIENTED_EDGE('',*,*,#13062,.F.);
#15800 = ORIENTED_EDGE('',*,*,#15801,.F.);
#15801 = EDGE_CURVE('',#12953,#13055,#15802,.T.);
#15802 = LINE('',#15803,#15804);
#15803 = CARTESIAN_POINT('',(2.429496640897,4.015,0.2479055467));
#15804 = VECTOR('',#15805,1.);
#15805 = DIRECTION('',(1.110223024625E-16,-1.,0.));
#15806 = CYLINDRICAL_SURFACE('',#15807,0.3);
#15807 = AXIS2_PLACEMENT_3D('',#15808,#15809,#15810);
#15808 = CARTESIAN_POINT('',(2.724938966801,4.015,0.3));
#15809 = DIRECTION('',(-1.110223024625E-16,1.,0.));
#15810 = DIRECTION('',(-0.984807753012,-1.093356242223E-16,
    -0.173648177667));
#15811 = ADVANCED_FACE('',(#15812),#15818,.F.);
#15812 = FACE_BOUND('',#15813,.F.);
#15813 = EDGE_LOOP('',(#15814,#15815,#15816,#15817));
#15814 = ORIENTED_EDGE('',*,*,#13036,.T.);
#15815 = ORIENTED_EDGE('',*,*,#13054,.T.);
#15816 = ORIENTED_EDGE('',*,*,#15801,.F.);
#15817 = ORIENTED_EDGE('',*,*,#12952,.F.);
#15818 = PLANE('',#15819);
#15819 = AXIS2_PLACEMENT_3D('',#15820,#15821,#15822);
#15820 = CARTESIAN_POINT('',(2.348480775301,4.015,0.742364817767));
#15821 = DIRECTION('',(0.986841372087,1.095614012943E-16,0.161691392282)
  );
#15822 = DIRECTION('',(0.161691392282,1.795135065956E-17,-0.986841372087
    ));
#15823 = ADVANCED_FACE('',(#15824),#15835,.T.);
#15824 = FACE_BOUND('',#15825,.T.);
#15825 = EDGE_LOOP('',(#15826,#15827,#15828,#15829));
#15826 = ORIENTED_EDGE('',*,*,#13214,.T.);
#15827 = ORIENTED_EDGE('',*,*,#14655,.T.);
#15828 = ORIENTED_EDGE('',*,*,#13323,.F.);
#15829 = ORIENTED_EDGE('',*,*,#15830,.F.);
#15830 = EDGE_CURVE('',#13207,#13316,#15831,.T.);
#15831 = LINE('',#15832,#15833);
#15832 = CARTESIAN_POINT('',(2.545442325904,2.745,0.7770944533));
#15833 = VECTOR('',#15834,1.);
#15834 = DIRECTION('',(1.110223024625E-16,-1.,0.));
#15835 = CYLINDRICAL_SURFACE('',#15836,0.3);
#15836 = AXIS2_PLACEMENT_3D('',#15837,#15838,#15839);
#15837 = CARTESIAN_POINT('',(2.25,2.745,0.725));
#15838 = DIRECTION('',(-1.110223024625E-16,1.,0.));
#15839 = DIRECTION('',(0.984807753012,1.093356242223E-16,0.173648177667)
  );
#15840 = ADVANCED_FACE('',(#15841),#15852,.F.);
#15841 = FACE_BOUND('',#15842,.F.);
#15842 = EDGE_LOOP('',(#15843,#15849,#15850,#15851));
#15843 = ORIENTED_EDGE('',*,*,#15844,.T.);
#15844 = EDGE_CURVE('',#13198,#13307,#15845,.T.);
#15845 = LINE('',#15846,#15847);
#15846 = CARTESIAN_POINT('',(2.6264581915,2.745,0.282635182233));
#15847 = VECTOR('',#15848,1.);
#15848 = DIRECTION('',(1.110223024625E-16,-1.,0.));
#15849 = ORIENTED_EDGE('',*,*,#13315,.T.);
#15850 = ORIENTED_EDGE('',*,*,#15830,.F.);
#15851 = ORIENTED_EDGE('',*,*,#13206,.F.);
#15852 = PLANE('',#15853);
#15853 = AXIS2_PLACEMENT_3D('',#15854,#15855,#15856);
#15854 = CARTESIAN_POINT('',(2.6264581915,2.745,0.282635182233));
#15855 = DIRECTION('',(-0.986841372087,-1.095614012943E-16,
    -0.161691392282));
#15856 = DIRECTION('',(-0.161691392282,-1.795135065956E-17,
    0.986841372087));
#15857 = ADVANCED_FACE('',(#15858),#15869,.F.);
#15858 = FACE_BOUND('',#15859,.F.);
#15859 = EDGE_LOOP('',(#15860,#15866,#15867,#15868));
#15860 = ORIENTED_EDGE('',*,*,#15861,.T.);
#15861 = EDGE_CURVE('',#13190,#13299,#15862,.T.);
#15862 = LINE('',#15863,#15864);
#15863 = CARTESIAN_POINT('',(2.724938966801,2.745,0.2));
#15864 = VECTOR('',#15865,1.);
#15865 = DIRECTION('',(1.110223024625E-16,-1.,0.));
#15866 = ORIENTED_EDGE('',*,*,#13306,.T.);
#15867 = ORIENTED_EDGE('',*,*,#15844,.F.);
#15868 = ORIENTED_EDGE('',*,*,#13197,.F.);
#15869 = CYLINDRICAL_SURFACE('',#15870,0.1);
#15870 = AXIS2_PLACEMENT_3D('',#15871,#15872,#15873);
#15871 = CARTESIAN_POINT('',(2.724938966801,2.745,0.3));
#15872 = DIRECTION('',(-1.110223024625E-16,1.,0.));
#15873 = DIRECTION('',(0.,0.,-1.));
#15874 = ADVANCED_FACE('',(#15875),#15886,.F.);
#15875 = FACE_BOUND('',#15876,.F.);
#15876 = EDGE_LOOP('',(#15877,#15883,#15884,#15885));
#15877 = ORIENTED_EDGE('',*,*,#15878,.T.);
#15878 = EDGE_CURVE('',#13182,#13291,#15879,.T.);
#15879 = LINE('',#15880,#15881);
#15880 = CARTESIAN_POINT('',(3.,2.745,0.2));
#15881 = VECTOR('',#15882,1.);
#15882 = DIRECTION('',(1.110223024625E-16,-1.,0.));
#15883 = ORIENTED_EDGE('',*,*,#13298,.T.);
#15884 = ORIENTED_EDGE('',*,*,#15861,.F.);
#15885 = ORIENTED_EDGE('',*,*,#13189,.F.);
#15886 = PLANE('',#15887);
#15887 = AXIS2_PLACEMENT_3D('',#15888,#15889,#15890);
#15888 = CARTESIAN_POINT('',(3.,2.745,0.2));
#15889 = DIRECTION('',(0.,0.,-1.));
#15890 = DIRECTION('',(-1.,-1.110223024625E-16,-0.));
#15891 = ADVANCED_FACE('',(#15892),#15903,.F.);
#15892 = FACE_BOUND('',#15893,.F.);
#15893 = EDGE_LOOP('',(#15894,#15900,#15901,#15902));
#15894 = ORIENTED_EDGE('',*,*,#15895,.T.);
#15895 = EDGE_CURVE('',#13174,#13283,#15896,.T.);
#15896 = LINE('',#15897,#15898);
#15897 = CARTESIAN_POINT('',(3.,2.745,-1.665334536938E-16));
#15898 = VECTOR('',#15899,1.);
#15899 = DIRECTION('',(1.110223024625E-16,-1.,0.));
#15900 = ORIENTED_EDGE('',*,*,#13290,.T.);
#15901 = ORIENTED_EDGE('',*,*,#15878,.F.);
#15902 = ORIENTED_EDGE('',*,*,#13181,.F.);
#15903 = PLANE('',#15904);
#15904 = AXIS2_PLACEMENT_3D('',#15905,#15906,#15907);
#15905 = CARTESIAN_POINT('',(3.,2.745,-1.665334536938E-16));
#15906 = DIRECTION('',(-1.,-1.110223024625E-16,0.));
#15907 = DIRECTION('',(0.,0.,1.));
#15908 = ADVANCED_FACE('',(#15909),#15920,.F.);
#15909 = FACE_BOUND('',#15910,.F.);
#15910 = EDGE_LOOP('',(#15911,#15917,#15918,#15919));
#15911 = ORIENTED_EDGE('',*,*,#15912,.T.);
#15912 = EDGE_CURVE('',#13165,#13274,#15913,.T.);
#15913 = LINE('',#15914,#15915);
#15914 = CARTESIAN_POINT('',(2.724938966801,2.745,-1.665334536938E-16));
#15915 = VECTOR('',#15916,1.);
#15916 = DIRECTION('',(1.110223024625E-16,-1.,0.));
#15917 = ORIENTED_EDGE('',*,*,#13282,.T.);
#15918 = ORIENTED_EDGE('',*,*,#15895,.F.);
#15919 = ORIENTED_EDGE('',*,*,#13173,.F.);
#15920 = PLANE('',#15921);
#15921 = AXIS2_PLACEMENT_3D('',#15922,#15923,#15924);
#15922 = CARTESIAN_POINT('',(2.724938966801,2.745,-1.665334536938E-16));
#15923 = DIRECTION('',(0.,0.,1.));
#15924 = DIRECTION('',(1.,1.110223024625E-16,-0.));
#15925 = ADVANCED_FACE('',(#15926),#15937,.T.);
#15926 = FACE_BOUND('',#15927,.T.);
#15927 = EDGE_LOOP('',(#15928,#15929,#15930,#15931));
#15928 = ORIENTED_EDGE('',*,*,#13164,.T.);
#15929 = ORIENTED_EDGE('',*,*,#15912,.T.);
#15930 = ORIENTED_EDGE('',*,*,#13273,.F.);
#15931 = ORIENTED_EDGE('',*,*,#15932,.F.);
#15932 = EDGE_CURVE('',#13157,#13266,#15933,.T.);
#15933 = LINE('',#15934,#15935);
#15934 = CARTESIAN_POINT('',(2.429496640897,2.745,0.2479055467));
#15935 = VECTOR('',#15936,1.);
#15936 = DIRECTION('',(1.110223024625E-16,-1.,0.));
#15937 = CYLINDRICAL_SURFACE('',#15938,0.3);
#15938 = AXIS2_PLACEMENT_3D('',#15939,#15940,#15941);
#15939 = CARTESIAN_POINT('',(2.724938966801,2.745,0.3));
#15940 = DIRECTION('',(-1.110223024625E-16,1.,0.));
#15941 = DIRECTION('',(-0.984807753012,-1.093356242223E-16,
    -0.173648177667));
#15942 = ADVANCED_FACE('',(#15943),#15949,.F.);
#15943 = FACE_BOUND('',#15944,.F.);
#15944 = EDGE_LOOP('',(#15945,#15946,#15947,#15948));
#15945 = ORIENTED_EDGE('',*,*,#13247,.T.);
#15946 = ORIENTED_EDGE('',*,*,#13265,.T.);
#15947 = ORIENTED_EDGE('',*,*,#15932,.F.);
#15948 = ORIENTED_EDGE('',*,*,#13156,.F.);
#15949 = PLANE('',#15950);
#15950 = AXIS2_PLACEMENT_3D('',#15951,#15952,#15953);
#15951 = CARTESIAN_POINT('',(2.348480775301,2.745,0.742364817767));
#15952 = DIRECTION('',(0.986841372087,1.095614012943E-16,0.161691392282)
  );
#15953 = DIRECTION('',(0.161691392282,1.795135065956E-17,-0.986841372087
    ));
#15954 = ADVANCED_FACE('',(#15955),#15966,.T.);
#15955 = FACE_BOUND('',#15956,.T.);
#15956 = EDGE_LOOP('',(#15957,#15958,#15959,#15960));
#15957 = ORIENTED_EDGE('',*,*,#13437,.T.);
#15958 = ORIENTED_EDGE('',*,*,#14674,.T.);
#15959 = ORIENTED_EDGE('',*,*,#13546,.F.);
#15960 = ORIENTED_EDGE('',*,*,#15961,.F.);
#15961 = EDGE_CURVE('',#13430,#13539,#15962,.T.);
#15962 = LINE('',#15963,#15964);
#15963 = CARTESIAN_POINT('',(2.545442325904,1.475,0.7770944533));
#15964 = VECTOR('',#15965,1.);
#15965 = DIRECTION('',(1.110223024625E-16,-1.,0.));
#15966 = CYLINDRICAL_SURFACE('',#15967,0.3);
#15967 = AXIS2_PLACEMENT_3D('',#15968,#15969,#15970);
#15968 = CARTESIAN_POINT('',(2.25,1.475,0.725));
#15969 = DIRECTION('',(-1.110223024625E-16,1.,0.));
#15970 = DIRECTION('',(0.984807753012,1.093356242223E-16,0.173648177667)
  );
#15971 = ADVANCED_FACE('',(#15972),#15983,.F.);
#15972 = FACE_BOUND('',#15973,.F.);
#15973 = EDGE_LOOP('',(#15974,#15980,#15981,#15982));
#15974 = ORIENTED_EDGE('',*,*,#15975,.T.);
#15975 = EDGE_CURVE('',#13421,#13530,#15976,.T.);
#15976 = LINE('',#15977,#15978);
#15977 = CARTESIAN_POINT('',(2.6264581915,1.475,0.282635182233));
#15978 = VECTOR('',#15979,1.);
#15979 = DIRECTION('',(1.110223024625E-16,-1.,0.));
#15980 = ORIENTED_EDGE('',*,*,#13538,.T.);
#15981 = ORIENTED_EDGE('',*,*,#15961,.F.);
#15982 = ORIENTED_EDGE('',*,*,#13429,.F.);
#15983 = PLANE('',#15984);
#15984 = AXIS2_PLACEMENT_3D('',#15985,#15986,#15987);
#15985 = CARTESIAN_POINT('',(2.6264581915,1.475,0.282635182233));
#15986 = DIRECTION('',(-0.986841372087,-1.095614012943E-16,
    -0.161691392282));
#15987 = DIRECTION('',(-0.161691392282,-1.795135065956E-17,
    0.986841372087));
#15988 = ADVANCED_FACE('',(#15989),#16000,.F.);
#15989 = FACE_BOUND('',#15990,.F.);
#15990 = EDGE_LOOP('',(#15991,#15997,#15998,#15999));
#15991 = ORIENTED_EDGE('',*,*,#15992,.T.);
#15992 = EDGE_CURVE('',#13413,#13522,#15993,.T.);
#15993 = LINE('',#15994,#15995);
#15994 = CARTESIAN_POINT('',(2.724938966801,1.475,0.2));
#15995 = VECTOR('',#15996,1.);
#15996 = DIRECTION('',(1.110223024625E-16,-1.,0.));
#15997 = ORIENTED_EDGE('',*,*,#13529,.T.);
#15998 = ORIENTED_EDGE('',*,*,#15975,.F.);
#15999 = ORIENTED_EDGE('',*,*,#13420,.F.);
#16000 = CYLINDRICAL_SURFACE('',#16001,0.1);
#16001 = AXIS2_PLACEMENT_3D('',#16002,#16003,#16004);
#16002 = CARTESIAN_POINT('',(2.724938966801,1.475,0.3));
#16003 = DIRECTION('',(-1.110223024625E-16,1.,0.));
#16004 = DIRECTION('',(0.,0.,-1.));
#16005 = ADVANCED_FACE('',(#16006),#16017,.F.);
#16006 = FACE_BOUND('',#16007,.F.);
#16007 = EDGE_LOOP('',(#16008,#16014,#16015,#16016));
#16008 = ORIENTED_EDGE('',*,*,#16009,.T.);
#16009 = EDGE_CURVE('',#13405,#13514,#16010,.T.);
#16010 = LINE('',#16011,#16012);
#16011 = CARTESIAN_POINT('',(3.,1.475,0.2));
#16012 = VECTOR('',#16013,1.);
#16013 = DIRECTION('',(1.110223024625E-16,-1.,0.));
#16014 = ORIENTED_EDGE('',*,*,#13521,.T.);
#16015 = ORIENTED_EDGE('',*,*,#15992,.F.);
#16016 = ORIENTED_EDGE('',*,*,#13412,.F.);
#16017 = PLANE('',#16018);
#16018 = AXIS2_PLACEMENT_3D('',#16019,#16020,#16021);
#16019 = CARTESIAN_POINT('',(3.,1.475,0.2));
#16020 = DIRECTION('',(0.,0.,-1.));
#16021 = DIRECTION('',(-1.,-1.110223024625E-16,-0.));
#16022 = ADVANCED_FACE('',(#16023),#16034,.F.);
#16023 = FACE_BOUND('',#16024,.F.);
#16024 = EDGE_LOOP('',(#16025,#16031,#16032,#16033));
#16025 = ORIENTED_EDGE('',*,*,#16026,.T.);
#16026 = EDGE_CURVE('',#13397,#13506,#16027,.T.);
#16027 = LINE('',#16028,#16029);
#16028 = CARTESIAN_POINT('',(3.,1.475,-1.665334536938E-16));
#16029 = VECTOR('',#16030,1.);
#16030 = DIRECTION('',(1.110223024625E-16,-1.,0.));
#16031 = ORIENTED_EDGE('',*,*,#13513,.T.);
#16032 = ORIENTED_EDGE('',*,*,#16009,.F.);
#16033 = ORIENTED_EDGE('',*,*,#13404,.F.);
#16034 = PLANE('',#16035);
#16035 = AXIS2_PLACEMENT_3D('',#16036,#16037,#16038);
#16036 = CARTESIAN_POINT('',(3.,1.475,-1.665334536938E-16));
#16037 = DIRECTION('',(-1.,-1.110223024625E-16,0.));
#16038 = DIRECTION('',(0.,0.,1.));
#16039 = ADVANCED_FACE('',(#16040),#16051,.F.);
#16040 = FACE_BOUND('',#16041,.F.);
#16041 = EDGE_LOOP('',(#16042,#16048,#16049,#16050));
#16042 = ORIENTED_EDGE('',*,*,#16043,.T.);
#16043 = EDGE_CURVE('',#13388,#13497,#16044,.T.);
#16044 = LINE('',#16045,#16046);
#16045 = CARTESIAN_POINT('',(2.724938966801,1.475,-1.665334536938E-16));
#16046 = VECTOR('',#16047,1.);
#16047 = DIRECTION('',(1.110223024625E-16,-1.,0.));
#16048 = ORIENTED_EDGE('',*,*,#13505,.T.);
#16049 = ORIENTED_EDGE('',*,*,#16026,.F.);
#16050 = ORIENTED_EDGE('',*,*,#13396,.F.);
#16051 = PLANE('',#16052);
#16052 = AXIS2_PLACEMENT_3D('',#16053,#16054,#16055);
#16053 = CARTESIAN_POINT('',(2.724938966801,1.475,-1.665334536938E-16));
#16054 = DIRECTION('',(0.,0.,1.));
#16055 = DIRECTION('',(1.,1.110223024625E-16,-0.));
#16056 = ADVANCED_FACE('',(#16057),#16068,.T.);
#16057 = FACE_BOUND('',#16058,.T.);
#16058 = EDGE_LOOP('',(#16059,#16060,#16061,#16062));
#16059 = ORIENTED_EDGE('',*,*,#13387,.T.);
#16060 = ORIENTED_EDGE('',*,*,#16043,.T.);
#16061 = ORIENTED_EDGE('',*,*,#13496,.F.);
#16062 = ORIENTED_EDGE('',*,*,#16063,.F.);
#16063 = EDGE_CURVE('',#13380,#13489,#16064,.T.);
#16064 = LINE('',#16065,#16066);
#16065 = CARTESIAN_POINT('',(2.429496640897,1.475,0.2479055467));
#16066 = VECTOR('',#16067,1.);
#16067 = DIRECTION('',(1.110223024625E-16,-1.,0.));
#16068 = CYLINDRICAL_SURFACE('',#16069,0.3);
#16069 = AXIS2_PLACEMENT_3D('',#16070,#16071,#16072);
#16070 = CARTESIAN_POINT('',(2.724938966801,1.475,0.3));
#16071 = DIRECTION('',(-1.110223024625E-16,1.,0.));
#16072 = DIRECTION('',(-0.984807753012,-1.093356242223E-16,
    -0.173648177667));
#16073 = ADVANCED_FACE('',(#16074),#16080,.F.);
#16074 = FACE_BOUND('',#16075,.F.);
#16075 = EDGE_LOOP('',(#16076,#16077,#16078,#16079));
#16076 = ORIENTED_EDGE('',*,*,#13470,.T.);
#16077 = ORIENTED_EDGE('',*,*,#13488,.T.);
#16078 = ORIENTED_EDGE('',*,*,#16063,.F.);
#16079 = ORIENTED_EDGE('',*,*,#13379,.F.);
#16080 = PLANE('',#16081);
#16081 = AXIS2_PLACEMENT_3D('',#16082,#16083,#16084);
#16082 = CARTESIAN_POINT('',(2.348480775301,1.475,0.742364817767));
#16083 = DIRECTION('',(0.986841372087,1.095614012943E-16,0.161691392282)
  );
#16084 = DIRECTION('',(0.161691392282,1.795135065956E-17,-0.986841372087
    ));
#16085 = ADVANCED_FACE('',(#16086),#16097,.T.);
#16086 = FACE_BOUND('',#16087,.T.);
#16087 = EDGE_LOOP('',(#16088,#16089,#16090,#16091));
#16088 = ORIENTED_EDGE('',*,*,#13660,.T.);
#16089 = ORIENTED_EDGE('',*,*,#14693,.T.);
#16090 = ORIENTED_EDGE('',*,*,#13769,.F.);
#16091 = ORIENTED_EDGE('',*,*,#16092,.F.);
#16092 = EDGE_CURVE('',#13653,#13762,#16093,.T.);
#16093 = LINE('',#16094,#16095);
#16094 = CARTESIAN_POINT('',(2.545442325904,0.205,0.7770944533));
#16095 = VECTOR('',#16096,1.);
#16096 = DIRECTION('',(1.110223024625E-16,-1.,0.));
#16097 = CYLINDRICAL_SURFACE('',#16098,0.3);
#16098 = AXIS2_PLACEMENT_3D('',#16099,#16100,#16101);
#16099 = CARTESIAN_POINT('',(2.25,0.205,0.725));
#16100 = DIRECTION('',(-1.110223024625E-16,1.,0.));
#16101 = DIRECTION('',(0.984807753012,1.093356242223E-16,0.173648177667)
  );
#16102 = ADVANCED_FACE('',(#16103),#16114,.F.);
#16103 = FACE_BOUND('',#16104,.F.);
#16104 = EDGE_LOOP('',(#16105,#16111,#16112,#16113));
#16105 = ORIENTED_EDGE('',*,*,#16106,.T.);
#16106 = EDGE_CURVE('',#13644,#13753,#16107,.T.);
#16107 = LINE('',#16108,#16109);
#16108 = CARTESIAN_POINT('',(2.6264581915,0.205,0.282635182233));
#16109 = VECTOR('',#16110,1.);
#16110 = DIRECTION('',(1.110223024625E-16,-1.,0.));
#16111 = ORIENTED_EDGE('',*,*,#13761,.T.);
#16112 = ORIENTED_EDGE('',*,*,#16092,.F.);
#16113 = ORIENTED_EDGE('',*,*,#13652,.F.);
#16114 = PLANE('',#16115);
#16115 = AXIS2_PLACEMENT_3D('',#16116,#16117,#16118);
#16116 = CARTESIAN_POINT('',(2.6264581915,0.205,0.282635182233));
#16117 = DIRECTION('',(-0.986841372087,-1.095614012943E-16,
    -0.161691392282));
#16118 = DIRECTION('',(-0.161691392282,-1.795135065956E-17,
    0.986841372087));
#16119 = ADVANCED_FACE('',(#16120),#16131,.F.);
#16120 = FACE_BOUND('',#16121,.F.);
#16121 = EDGE_LOOP('',(#16122,#16128,#16129,#16130));
#16122 = ORIENTED_EDGE('',*,*,#16123,.T.);
#16123 = EDGE_CURVE('',#13636,#13745,#16124,.T.);
#16124 = LINE('',#16125,#16126);
#16125 = CARTESIAN_POINT('',(2.724938966801,0.205,0.2));
#16126 = VECTOR('',#16127,1.);
#16127 = DIRECTION('',(1.110223024625E-16,-1.,0.));
#16128 = ORIENTED_EDGE('',*,*,#13752,.T.);
#16129 = ORIENTED_EDGE('',*,*,#16106,.F.);
#16130 = ORIENTED_EDGE('',*,*,#13643,.F.);
#16131 = CYLINDRICAL_SURFACE('',#16132,0.1);
#16132 = AXIS2_PLACEMENT_3D('',#16133,#16134,#16135);
#16133 = CARTESIAN_POINT('',(2.724938966801,0.205,0.3));
#16134 = DIRECTION('',(-1.110223024625E-16,1.,0.));
#16135 = DIRECTION('',(0.,0.,-1.));
#16136 = ADVANCED_FACE('',(#16137),#16148,.F.);
#16137 = FACE_BOUND('',#16138,.F.);
#16138 = EDGE_LOOP('',(#16139,#16145,#16146,#16147));
#16139 = ORIENTED_EDGE('',*,*,#16140,.T.);
#16140 = EDGE_CURVE('',#13628,#13737,#16141,.T.);
#16141 = LINE('',#16142,#16143);
#16142 = CARTESIAN_POINT('',(3.,0.205,0.2));
#16143 = VECTOR('',#16144,1.);
#16144 = DIRECTION('',(1.110223024625E-16,-1.,0.));
#16145 = ORIENTED_EDGE('',*,*,#13744,.T.);
#16146 = ORIENTED_EDGE('',*,*,#16123,.F.);
#16147 = ORIENTED_EDGE('',*,*,#13635,.F.);
#16148 = PLANE('',#16149);
#16149 = AXIS2_PLACEMENT_3D('',#16150,#16151,#16152);
#16150 = CARTESIAN_POINT('',(3.,0.205,0.2));
#16151 = DIRECTION('',(0.,0.,-1.));
#16152 = DIRECTION('',(-1.,-1.110223024625E-16,-0.));
#16153 = ADVANCED_FACE('',(#16154),#16165,.F.);
#16154 = FACE_BOUND('',#16155,.F.);
#16155 = EDGE_LOOP('',(#16156,#16162,#16163,#16164));
#16156 = ORIENTED_EDGE('',*,*,#16157,.T.);
#16157 = EDGE_CURVE('',#13620,#13729,#16158,.T.);
#16158 = LINE('',#16159,#16160);
#16159 = CARTESIAN_POINT('',(3.,0.205,-1.665334536938E-16));
#16160 = VECTOR('',#16161,1.);
#16161 = DIRECTION('',(1.110223024625E-16,-1.,0.));
#16162 = ORIENTED_EDGE('',*,*,#13736,.T.);
#16163 = ORIENTED_EDGE('',*,*,#16140,.F.);
#16164 = ORIENTED_EDGE('',*,*,#13627,.F.);
#16165 = PLANE('',#16166);
#16166 = AXIS2_PLACEMENT_3D('',#16167,#16168,#16169);
#16167 = CARTESIAN_POINT('',(3.,0.205,-1.665334536938E-16));
#16168 = DIRECTION('',(-1.,-1.110223024625E-16,0.));
#16169 = DIRECTION('',(0.,0.,1.));
#16170 = ADVANCED_FACE('',(#16171),#16182,.F.);
#16171 = FACE_BOUND('',#16172,.F.);
#16172 = EDGE_LOOP('',(#16173,#16179,#16180,#16181));
#16173 = ORIENTED_EDGE('',*,*,#16174,.T.);
#16174 = EDGE_CURVE('',#13611,#13720,#16175,.T.);
#16175 = LINE('',#16176,#16177);
#16176 = CARTESIAN_POINT('',(2.724938966801,0.205,-1.665334536938E-16));
#16177 = VECTOR('',#16178,1.);
#16178 = DIRECTION('',(1.110223024625E-16,-1.,0.));
#16179 = ORIENTED_EDGE('',*,*,#13728,.T.);
#16180 = ORIENTED_EDGE('',*,*,#16157,.F.);
#16181 = ORIENTED_EDGE('',*,*,#13619,.F.);
#16182 = PLANE('',#16183);
#16183 = AXIS2_PLACEMENT_3D('',#16184,#16185,#16186);
#16184 = CARTESIAN_POINT('',(2.724938966801,0.205,-1.665334536938E-16));
#16185 = DIRECTION('',(0.,0.,1.));
#16186 = DIRECTION('',(1.,1.110223024625E-16,-0.));
#16187 = ADVANCED_FACE('',(#16188),#16199,.T.);
#16188 = FACE_BOUND('',#16189,.T.);
#16189 = EDGE_LOOP('',(#16190,#16191,#16192,#16193));
#16190 = ORIENTED_EDGE('',*,*,#13610,.T.);
#16191 = ORIENTED_EDGE('',*,*,#16174,.T.);
#16192 = ORIENTED_EDGE('',*,*,#13719,.F.);
#16193 = ORIENTED_EDGE('',*,*,#16194,.F.);
#16194 = EDGE_CURVE('',#13603,#13712,#16195,.T.);
#16195 = LINE('',#16196,#16197);
#16196 = CARTESIAN_POINT('',(2.429496640897,0.205,0.2479055467));
#16197 = VECTOR('',#16198,1.);
#16198 = DIRECTION('',(1.110223024625E-16,-1.,0.));
#16199 = CYLINDRICAL_SURFACE('',#16200,0.3);
#16200 = AXIS2_PLACEMENT_3D('',#16201,#16202,#16203);
#16201 = CARTESIAN_POINT('',(2.724938966801,0.205,0.3));
#16202 = DIRECTION('',(-1.110223024625E-16,1.,0.));
#16203 = DIRECTION('',(-0.984807753012,-1.093356242223E-16,
    -0.173648177667));
#16204 = ADVANCED_FACE('',(#16205),#16211,.F.);
#16205 = FACE_BOUND('',#16206,.F.);
#16206 = EDGE_LOOP('',(#16207,#16208,#16209,#16210));
#16207 = ORIENTED_EDGE('',*,*,#13693,.T.);
#16208 = ORIENTED_EDGE('',*,*,#13711,.T.);
#16209 = ORIENTED_EDGE('',*,*,#16194,.F.);
#16210 = ORIENTED_EDGE('',*,*,#13602,.F.);
#16211 = PLANE('',#16212);
#16212 = AXIS2_PLACEMENT_3D('',#16213,#16214,#16215);
#16213 = CARTESIAN_POINT('',(2.348480775301,0.205,0.742364817767));
#16214 = DIRECTION('',(0.986841372087,1.095614012943E-16,0.161691392282)
  );
#16215 = DIRECTION('',(0.161691392282,1.795135065956E-17,-0.986841372087
    ));
#16216 = ADVANCED_FACE('',(#16217),#16228,.T.);
#16217 = FACE_BOUND('',#16218,.T.);
#16218 = EDGE_LOOP('',(#16219,#16220,#16221,#16222));
#16219 = ORIENTED_EDGE('',*,*,#13883,.T.);
#16220 = ORIENTED_EDGE('',*,*,#14712,.T.);
#16221 = ORIENTED_EDGE('',*,*,#13992,.F.);
#16222 = ORIENTED_EDGE('',*,*,#16223,.F.);
#16223 = EDGE_CURVE('',#13876,#13985,#16224,.T.);
#16224 = LINE('',#16225,#16226);
#16225 = CARTESIAN_POINT('',(2.545442325904,-1.065,0.7770944533));
#16226 = VECTOR('',#16227,1.);
#16227 = DIRECTION('',(1.110223024625E-16,-1.,0.));
#16228 = CYLINDRICAL_SURFACE('',#16229,0.3);
#16229 = AXIS2_PLACEMENT_3D('',#16230,#16231,#16232);
#16230 = CARTESIAN_POINT('',(2.25,-1.065,0.725));
#16231 = DIRECTION('',(-1.110223024625E-16,1.,0.));
#16232 = DIRECTION('',(0.984807753012,1.093356242223E-16,0.173648177667)
  );
#16233 = ADVANCED_FACE('',(#16234),#16245,.F.);
#16234 = FACE_BOUND('',#16235,.F.);
#16235 = EDGE_LOOP('',(#16236,#16242,#16243,#16244));
#16236 = ORIENTED_EDGE('',*,*,#16237,.T.);
#16237 = EDGE_CURVE('',#13867,#13976,#16238,.T.);
#16238 = LINE('',#16239,#16240);
#16239 = CARTESIAN_POINT('',(2.6264581915,-1.065,0.282635182233));
#16240 = VECTOR('',#16241,1.);
#16241 = DIRECTION('',(1.110223024625E-16,-1.,0.));
#16242 = ORIENTED_EDGE('',*,*,#13984,.T.);
#16243 = ORIENTED_EDGE('',*,*,#16223,.F.);
#16244 = ORIENTED_EDGE('',*,*,#13875,.F.);
#16245 = PLANE('',#16246);
#16246 = AXIS2_PLACEMENT_3D('',#16247,#16248,#16249);
#16247 = CARTESIAN_POINT('',(2.6264581915,-1.065,0.282635182233));
#16248 = DIRECTION('',(-0.986841372087,-1.095614012943E-16,
    -0.161691392282));
#16249 = DIRECTION('',(-0.161691392282,-1.795135065956E-17,
    0.986841372087));
#16250 = ADVANCED_FACE('',(#16251),#16262,.F.);
#16251 = FACE_BOUND('',#16252,.F.);
#16252 = EDGE_LOOP('',(#16253,#16259,#16260,#16261));
#16253 = ORIENTED_EDGE('',*,*,#16254,.T.);
#16254 = EDGE_CURVE('',#13859,#13968,#16255,.T.);
#16255 = LINE('',#16256,#16257);
#16256 = CARTESIAN_POINT('',(2.724938966801,-1.065,0.2));
#16257 = VECTOR('',#16258,1.);
#16258 = DIRECTION('',(1.110223024625E-16,-1.,0.));
#16259 = ORIENTED_EDGE('',*,*,#13975,.T.);
#16260 = ORIENTED_EDGE('',*,*,#16237,.F.);
#16261 = ORIENTED_EDGE('',*,*,#13866,.F.);
#16262 = CYLINDRICAL_SURFACE('',#16263,0.1);
#16263 = AXIS2_PLACEMENT_3D('',#16264,#16265,#16266);
#16264 = CARTESIAN_POINT('',(2.724938966801,-1.065,0.3));
#16265 = DIRECTION('',(-1.110223024625E-16,1.,0.));
#16266 = DIRECTION('',(0.,0.,-1.));
#16267 = ADVANCED_FACE('',(#16268),#16279,.F.);
#16268 = FACE_BOUND('',#16269,.F.);
#16269 = EDGE_LOOP('',(#16270,#16276,#16277,#16278));
#16270 = ORIENTED_EDGE('',*,*,#16271,.T.);
#16271 = EDGE_CURVE('',#13851,#13960,#16272,.T.);
#16272 = LINE('',#16273,#16274);
#16273 = CARTESIAN_POINT('',(3.,-1.065,0.2));
#16274 = VECTOR('',#16275,1.);
#16275 = DIRECTION('',(1.110223024625E-16,-1.,0.));
#16276 = ORIENTED_EDGE('',*,*,#13967,.T.);
#16277 = ORIENTED_EDGE('',*,*,#16254,.F.);
#16278 = ORIENTED_EDGE('',*,*,#13858,.F.);
#16279 = PLANE('',#16280);
#16280 = AXIS2_PLACEMENT_3D('',#16281,#16282,#16283);
#16281 = CARTESIAN_POINT('',(3.,-1.065,0.2));
#16282 = DIRECTION('',(0.,0.,-1.));
#16283 = DIRECTION('',(-1.,-1.110223024625E-16,-0.));
#16284 = ADVANCED_FACE('',(#16285),#16296,.F.);
#16285 = FACE_BOUND('',#16286,.F.);
#16286 = EDGE_LOOP('',(#16287,#16293,#16294,#16295));
#16287 = ORIENTED_EDGE('',*,*,#16288,.T.);
#16288 = EDGE_CURVE('',#13843,#13952,#16289,.T.);
#16289 = LINE('',#16290,#16291);
#16290 = CARTESIAN_POINT('',(3.,-1.065,-1.665334536938E-16));
#16291 = VECTOR('',#16292,1.);
#16292 = DIRECTION('',(1.110223024625E-16,-1.,0.));
#16293 = ORIENTED_EDGE('',*,*,#13959,.T.);
#16294 = ORIENTED_EDGE('',*,*,#16271,.F.);
#16295 = ORIENTED_EDGE('',*,*,#13850,.F.);
#16296 = PLANE('',#16297);
#16297 = AXIS2_PLACEMENT_3D('',#16298,#16299,#16300);
#16298 = CARTESIAN_POINT('',(3.,-1.065,-1.665334536938E-16));
#16299 = DIRECTION('',(-1.,-1.110223024625E-16,0.));
#16300 = DIRECTION('',(0.,0.,1.));
#16301 = ADVANCED_FACE('',(#16302),#16313,.F.);
#16302 = FACE_BOUND('',#16303,.F.);
#16303 = EDGE_LOOP('',(#16304,#16310,#16311,#16312));
#16304 = ORIENTED_EDGE('',*,*,#16305,.T.);
#16305 = EDGE_CURVE('',#13834,#13943,#16306,.T.);
#16306 = LINE('',#16307,#16308);
#16307 = CARTESIAN_POINT('',(2.724938966801,-1.065,-1.665334536938E-16)
  );
#16308 = VECTOR('',#16309,1.);
#16309 = DIRECTION('',(1.110223024625E-16,-1.,0.));
#16310 = ORIENTED_EDGE('',*,*,#13951,.T.);
#16311 = ORIENTED_EDGE('',*,*,#16288,.F.);
#16312 = ORIENTED_EDGE('',*,*,#13842,.F.);
#16313 = PLANE('',#16314);
#16314 = AXIS2_PLACEMENT_3D('',#16315,#16316,#16317);
#16315 = CARTESIAN_POINT('',(2.724938966801,-1.065,-1.665334536938E-16)
  );
#16316 = DIRECTION('',(0.,0.,1.));
#16317 = DIRECTION('',(1.,1.110223024625E-16,-0.));
#16318 = ADVANCED_FACE('',(#16319),#16330,.T.);
#16319 = FACE_BOUND('',#16320,.T.);
#16320 = EDGE_LOOP('',(#16321,#16322,#16323,#16324));
#16321 = ORIENTED_EDGE('',*,*,#13833,.T.);
#16322 = ORIENTED_EDGE('',*,*,#16305,.T.);
#16323 = ORIENTED_EDGE('',*,*,#13942,.F.);
#16324 = ORIENTED_EDGE('',*,*,#16325,.F.);
#16325 = EDGE_CURVE('',#13826,#13935,#16326,.T.);
#16326 = LINE('',#16327,#16328);
#16327 = CARTESIAN_POINT('',(2.429496640897,-1.065,0.2479055467));
#16328 = VECTOR('',#16329,1.);
#16329 = DIRECTION('',(1.110223024625E-16,-1.,0.));
#16330 = CYLINDRICAL_SURFACE('',#16331,0.3);
#16331 = AXIS2_PLACEMENT_3D('',#16332,#16333,#16334);
#16332 = CARTESIAN_POINT('',(2.724938966801,-1.065,0.3));
#16333 = DIRECTION('',(-1.110223024625E-16,1.,0.));
#16334 = DIRECTION('',(-0.984807753012,-1.093356242223E-16,
    -0.173648177667));
#16335 = ADVANCED_FACE('',(#16336),#16342,.F.);
#16336 = FACE_BOUND('',#16337,.F.);
#16337 = EDGE_LOOP('',(#16338,#16339,#16340,#16341));
#16338 = ORIENTED_EDGE('',*,*,#13916,.T.);
#16339 = ORIENTED_EDGE('',*,*,#13934,.T.);
#16340 = ORIENTED_EDGE('',*,*,#16325,.F.);
#16341 = ORIENTED_EDGE('',*,*,#13825,.F.);
#16342 = PLANE('',#16343);
#16343 = AXIS2_PLACEMENT_3D('',#16344,#16345,#16346);
#16344 = CARTESIAN_POINT('',(2.348480775301,-1.065,0.742364817767));
#16345 = DIRECTION('',(0.986841372087,1.095614012943E-16,0.161691392282)
  );
#16346 = DIRECTION('',(0.161691392282,1.795135065956E-17,-0.986841372087
    ));
#16347 = ADVANCED_FACE('',(#16348),#16359,.T.);
#16348 = FACE_BOUND('',#16349,.T.);
#16349 = EDGE_LOOP('',(#16350,#16351,#16352,#16353));
#16350 = ORIENTED_EDGE('',*,*,#14106,.T.);
#16351 = ORIENTED_EDGE('',*,*,#14731,.T.);
#16352 = ORIENTED_EDGE('',*,*,#14215,.F.);
#16353 = ORIENTED_EDGE('',*,*,#16354,.F.);
#16354 = EDGE_CURVE('',#14099,#14208,#16355,.T.);
#16355 = LINE('',#16356,#16357);
#16356 = CARTESIAN_POINT('',(2.545442325904,-2.335,0.7770944533));
#16357 = VECTOR('',#16358,1.);
#16358 = DIRECTION('',(1.110223024625E-16,-1.,0.));
#16359 = CYLINDRICAL_SURFACE('',#16360,0.3);
#16360 = AXIS2_PLACEMENT_3D('',#16361,#16362,#16363);
#16361 = CARTESIAN_POINT('',(2.25,-2.335,0.725));
#16362 = DIRECTION('',(-1.110223024625E-16,1.,0.));
#16363 = DIRECTION('',(0.984807753012,1.093356242223E-16,0.173648177667)
  );
#16364 = ADVANCED_FACE('',(#16365),#16376,.F.);
#16365 = FACE_BOUND('',#16366,.F.);
#16366 = EDGE_LOOP('',(#16367,#16373,#16374,#16375));
#16367 = ORIENTED_EDGE('',*,*,#16368,.T.);
#16368 = EDGE_CURVE('',#14090,#14199,#16369,.T.);
#16369 = LINE('',#16370,#16371);
#16370 = CARTESIAN_POINT('',(2.6264581915,-2.335,0.282635182233));
#16371 = VECTOR('',#16372,1.);
#16372 = DIRECTION('',(1.110223024625E-16,-1.,0.));
#16373 = ORIENTED_EDGE('',*,*,#14207,.T.);
#16374 = ORIENTED_EDGE('',*,*,#16354,.F.);
#16375 = ORIENTED_EDGE('',*,*,#14098,.F.);
#16376 = PLANE('',#16377);
#16377 = AXIS2_PLACEMENT_3D('',#16378,#16379,#16380);
#16378 = CARTESIAN_POINT('',(2.6264581915,-2.335,0.282635182233));
#16379 = DIRECTION('',(-0.986841372087,-1.095614012943E-16,
    -0.161691392282));
#16380 = DIRECTION('',(-0.161691392282,-1.795135065956E-17,
    0.986841372087));
#16381 = ADVANCED_FACE('',(#16382),#16393,.F.);
#16382 = FACE_BOUND('',#16383,.F.);
#16383 = EDGE_LOOP('',(#16384,#16390,#16391,#16392));
#16384 = ORIENTED_EDGE('',*,*,#16385,.T.);
#16385 = EDGE_CURVE('',#14082,#14191,#16386,.T.);
#16386 = LINE('',#16387,#16388);
#16387 = CARTESIAN_POINT('',(2.724938966801,-2.335,0.2));
#16388 = VECTOR('',#16389,1.);
#16389 = DIRECTION('',(1.110223024625E-16,-1.,0.));
#16390 = ORIENTED_EDGE('',*,*,#14198,.T.);
#16391 = ORIENTED_EDGE('',*,*,#16368,.F.);
#16392 = ORIENTED_EDGE('',*,*,#14089,.F.);
#16393 = CYLINDRICAL_SURFACE('',#16394,0.1);
#16394 = AXIS2_PLACEMENT_3D('',#16395,#16396,#16397);
#16395 = CARTESIAN_POINT('',(2.724938966801,-2.335,0.3));
#16396 = DIRECTION('',(-1.110223024625E-16,1.,0.));
#16397 = DIRECTION('',(0.,0.,-1.));
#16398 = ADVANCED_FACE('',(#16399),#16410,.F.);
#16399 = FACE_BOUND('',#16400,.F.);
#16400 = EDGE_LOOP('',(#16401,#16407,#16408,#16409));
#16401 = ORIENTED_EDGE('',*,*,#16402,.T.);
#16402 = EDGE_CURVE('',#14074,#14183,#16403,.T.);
#16403 = LINE('',#16404,#16405);
#16404 = CARTESIAN_POINT('',(3.,-2.335,0.2));
#16405 = VECTOR('',#16406,1.);
#16406 = DIRECTION('',(1.110223024625E-16,-1.,0.));
#16407 = ORIENTED_EDGE('',*,*,#14190,.T.);
#16408 = ORIENTED_EDGE('',*,*,#16385,.F.);
#16409 = ORIENTED_EDGE('',*,*,#14081,.F.);
#16410 = PLANE('',#16411);
#16411 = AXIS2_PLACEMENT_3D('',#16412,#16413,#16414);
#16412 = CARTESIAN_POINT('',(3.,-2.335,0.2));
#16413 = DIRECTION('',(0.,0.,-1.));
#16414 = DIRECTION('',(-1.,-1.110223024625E-16,-0.));
#16415 = ADVANCED_FACE('',(#16416),#16427,.F.);
#16416 = FACE_BOUND('',#16417,.F.);
#16417 = EDGE_LOOP('',(#16418,#16424,#16425,#16426));
#16418 = ORIENTED_EDGE('',*,*,#16419,.T.);
#16419 = EDGE_CURVE('',#14066,#14175,#16420,.T.);
#16420 = LINE('',#16421,#16422);
#16421 = CARTESIAN_POINT('',(3.,-2.335,-1.665334536938E-16));
#16422 = VECTOR('',#16423,1.);
#16423 = DIRECTION('',(1.110223024625E-16,-1.,0.));
#16424 = ORIENTED_EDGE('',*,*,#14182,.T.);
#16425 = ORIENTED_EDGE('',*,*,#16402,.F.);
#16426 = ORIENTED_EDGE('',*,*,#14073,.F.);
#16427 = PLANE('',#16428);
#16428 = AXIS2_PLACEMENT_3D('',#16429,#16430,#16431);
#16429 = CARTESIAN_POINT('',(3.,-2.335,-1.665334536938E-16));
#16430 = DIRECTION('',(-1.,-1.110223024625E-16,0.));
#16431 = DIRECTION('',(0.,0.,1.));
#16432 = ADVANCED_FACE('',(#16433),#16444,.F.);
#16433 = FACE_BOUND('',#16434,.F.);
#16434 = EDGE_LOOP('',(#16435,#16441,#16442,#16443));
#16435 = ORIENTED_EDGE('',*,*,#16436,.T.);
#16436 = EDGE_CURVE('',#14057,#14166,#16437,.T.);
#16437 = LINE('',#16438,#16439);
#16438 = CARTESIAN_POINT('',(2.724938966801,-2.335,-1.665334536938E-16)
  );
#16439 = VECTOR('',#16440,1.);
#16440 = DIRECTION('',(1.110223024625E-16,-1.,0.));
#16441 = ORIENTED_EDGE('',*,*,#14174,.T.);
#16442 = ORIENTED_EDGE('',*,*,#16419,.F.);
#16443 = ORIENTED_EDGE('',*,*,#14065,.F.);
#16444 = PLANE('',#16445);
#16445 = AXIS2_PLACEMENT_3D('',#16446,#16447,#16448);
#16446 = CARTESIAN_POINT('',(2.724938966801,-2.335,-1.665334536938E-16)
  );
#16447 = DIRECTION('',(0.,0.,1.));
#16448 = DIRECTION('',(1.,1.110223024625E-16,-0.));
#16449 = ADVANCED_FACE('',(#16450),#16461,.T.);
#16450 = FACE_BOUND('',#16451,.T.);
#16451 = EDGE_LOOP('',(#16452,#16453,#16454,#16455));
#16452 = ORIENTED_EDGE('',*,*,#14056,.T.);
#16453 = ORIENTED_EDGE('',*,*,#16436,.T.);
#16454 = ORIENTED_EDGE('',*,*,#14165,.F.);
#16455 = ORIENTED_EDGE('',*,*,#16456,.F.);
#16456 = EDGE_CURVE('',#14049,#14158,#16457,.T.);
#16457 = LINE('',#16458,#16459);
#16458 = CARTESIAN_POINT('',(2.429496640897,-2.335,0.2479055467));
#16459 = VECTOR('',#16460,1.);
#16460 = DIRECTION('',(1.110223024625E-16,-1.,0.));
#16461 = CYLINDRICAL_SURFACE('',#16462,0.3);
#16462 = AXIS2_PLACEMENT_3D('',#16463,#16464,#16465);
#16463 = CARTESIAN_POINT('',(2.724938966801,-2.335,0.3));
#16464 = DIRECTION('',(-1.110223024625E-16,1.,0.));
#16465 = DIRECTION('',(-0.984807753012,-1.093356242223E-16,
    -0.173648177667));
#16466 = ADVANCED_FACE('',(#16467),#16473,.F.);
#16467 = FACE_BOUND('',#16468,.F.);
#16468 = EDGE_LOOP('',(#16469,#16470,#16471,#16472));
#16469 = ORIENTED_EDGE('',*,*,#14139,.T.);
#16470 = ORIENTED_EDGE('',*,*,#14157,.T.);
#16471 = ORIENTED_EDGE('',*,*,#16456,.F.);
#16472 = ORIENTED_EDGE('',*,*,#14048,.F.);
#16473 = PLANE('',#16474);
#16474 = AXIS2_PLACEMENT_3D('',#16475,#16476,#16477);
#16475 = CARTESIAN_POINT('',(2.348480775301,-2.335,0.742364817767));
#16476 = DIRECTION('',(0.986841372087,1.095614012943E-16,0.161691392282)
  );
#16477 = DIRECTION('',(0.161691392282,1.795135065956E-17,-0.986841372087
    ));
#16478 = ADVANCED_FACE('',(#16479),#16490,.T.);
#16479 = FACE_BOUND('',#16480,.T.);
#16480 = EDGE_LOOP('',(#16481,#16482,#16483,#16484));
#16481 = ORIENTED_EDGE('',*,*,#14329,.T.);
#16482 = ORIENTED_EDGE('',*,*,#14750,.T.);
#16483 = ORIENTED_EDGE('',*,*,#14438,.F.);
#16484 = ORIENTED_EDGE('',*,*,#16485,.F.);
#16485 = EDGE_CURVE('',#14322,#14431,#16486,.T.);
#16486 = LINE('',#16487,#16488);
#16487 = CARTESIAN_POINT('',(2.545442325904,-3.605,0.7770944533));
#16488 = VECTOR('',#16489,1.);
#16489 = DIRECTION('',(1.110223024625E-16,-1.,0.));
#16490 = CYLINDRICAL_SURFACE('',#16491,0.3);
#16491 = AXIS2_PLACEMENT_3D('',#16492,#16493,#16494);
#16492 = CARTESIAN_POINT('',(2.25,-3.605,0.725));
#16493 = DIRECTION('',(-1.110223024625E-16,1.,0.));
#16494 = DIRECTION('',(0.984807753012,1.093356242223E-16,0.173648177667)
  );
#16495 = ADVANCED_FACE('',(#16496),#16507,.F.);
#16496 = FACE_BOUND('',#16497,.F.);
#16497 = EDGE_LOOP('',(#16498,#16504,#16505,#16506));
#16498 = ORIENTED_EDGE('',*,*,#16499,.T.);
#16499 = EDGE_CURVE('',#14313,#14422,#16500,.T.);
#16500 = LINE('',#16501,#16502);
#16501 = CARTESIAN_POINT('',(2.6264581915,-3.605,0.282635182233));
#16502 = VECTOR('',#16503,1.);
#16503 = DIRECTION('',(1.110223024625E-16,-1.,0.));
#16504 = ORIENTED_EDGE('',*,*,#14430,.T.);
#16505 = ORIENTED_EDGE('',*,*,#16485,.F.);
#16506 = ORIENTED_EDGE('',*,*,#14321,.F.);
#16507 = PLANE('',#16508);
#16508 = AXIS2_PLACEMENT_3D('',#16509,#16510,#16511);
#16509 = CARTESIAN_POINT('',(2.6264581915,-3.605,0.282635182233));
#16510 = DIRECTION('',(-0.986841372087,-1.095614012943E-16,
    -0.161691392282));
#16511 = DIRECTION('',(-0.161691392282,-1.795135065956E-17,
    0.986841372087));
#16512 = ADVANCED_FACE('',(#16513),#16524,.F.);
#16513 = FACE_BOUND('',#16514,.F.);
#16514 = EDGE_LOOP('',(#16515,#16521,#16522,#16523));
#16515 = ORIENTED_EDGE('',*,*,#16516,.T.);
#16516 = EDGE_CURVE('',#14305,#14414,#16517,.T.);
#16517 = LINE('',#16518,#16519);
#16518 = CARTESIAN_POINT('',(2.724938966801,-3.605,0.2));
#16519 = VECTOR('',#16520,1.);
#16520 = DIRECTION('',(1.110223024625E-16,-1.,0.));
#16521 = ORIENTED_EDGE('',*,*,#14421,.T.);
#16522 = ORIENTED_EDGE('',*,*,#16499,.F.);
#16523 = ORIENTED_EDGE('',*,*,#14312,.F.);
#16524 = CYLINDRICAL_SURFACE('',#16525,0.1);
#16525 = AXIS2_PLACEMENT_3D('',#16526,#16527,#16528);
#16526 = CARTESIAN_POINT('',(2.724938966801,-3.605,0.3));
#16527 = DIRECTION('',(-1.110223024625E-16,1.,0.));
#16528 = DIRECTION('',(0.,0.,-1.));
#16529 = ADVANCED_FACE('',(#16530),#16541,.F.);
#16530 = FACE_BOUND('',#16531,.F.);
#16531 = EDGE_LOOP('',(#16532,#16538,#16539,#16540));
#16532 = ORIENTED_EDGE('',*,*,#16533,.T.);
#16533 = EDGE_CURVE('',#14297,#14406,#16534,.T.);
#16534 = LINE('',#16535,#16536);
#16535 = CARTESIAN_POINT('',(3.,-3.605,0.2));
#16536 = VECTOR('',#16537,1.);
#16537 = DIRECTION('',(1.110223024625E-16,-1.,0.));
#16538 = ORIENTED_EDGE('',*,*,#14413,.T.);
#16539 = ORIENTED_EDGE('',*,*,#16516,.F.);
#16540 = ORIENTED_EDGE('',*,*,#14304,.F.);
#16541 = PLANE('',#16542);
#16542 = AXIS2_PLACEMENT_3D('',#16543,#16544,#16545);
#16543 = CARTESIAN_POINT('',(3.,-3.605,0.2));
#16544 = DIRECTION('',(0.,0.,-1.));
#16545 = DIRECTION('',(-1.,-1.110223024625E-16,-0.));
#16546 = ADVANCED_FACE('',(#16547),#16558,.F.);
#16547 = FACE_BOUND('',#16548,.F.);
#16548 = EDGE_LOOP('',(#16549,#16555,#16556,#16557));
#16549 = ORIENTED_EDGE('',*,*,#16550,.T.);
#16550 = EDGE_CURVE('',#14289,#14398,#16551,.T.);
#16551 = LINE('',#16552,#16553);
#16552 = CARTESIAN_POINT('',(3.,-3.605,-1.665334536938E-16));
#16553 = VECTOR('',#16554,1.);
#16554 = DIRECTION('',(1.110223024625E-16,-1.,0.));
#16555 = ORIENTED_EDGE('',*,*,#14405,.T.);
#16556 = ORIENTED_EDGE('',*,*,#16533,.F.);
#16557 = ORIENTED_EDGE('',*,*,#14296,.F.);
#16558 = PLANE('',#16559);
#16559 = AXIS2_PLACEMENT_3D('',#16560,#16561,#16562);
#16560 = CARTESIAN_POINT('',(3.,-3.605,-1.665334536938E-16));
#16561 = DIRECTION('',(-1.,-1.110223024625E-16,0.));
#16562 = DIRECTION('',(0.,0.,1.));
#16563 = ADVANCED_FACE('',(#16564),#16575,.F.);
#16564 = FACE_BOUND('',#16565,.F.);
#16565 = EDGE_LOOP('',(#16566,#16572,#16573,#16574));
#16566 = ORIENTED_EDGE('',*,*,#16567,.T.);
#16567 = EDGE_CURVE('',#14280,#14389,#16568,.T.);
#16568 = LINE('',#16569,#16570);
#16569 = CARTESIAN_POINT('',(2.724938966801,-3.605,-1.665334536938E-16)
  );
#16570 = VECTOR('',#16571,1.);
#16571 = DIRECTION('',(1.110223024625E-16,-1.,0.));
#16572 = ORIENTED_EDGE('',*,*,#14397,.T.);
#16573 = ORIENTED_EDGE('',*,*,#16550,.F.);
#16574 = ORIENTED_EDGE('',*,*,#14288,.F.);
#16575 = PLANE('',#16576);
#16576 = AXIS2_PLACEMENT_3D('',#16577,#16578,#16579);
#16577 = CARTESIAN_POINT('',(2.724938966801,-3.605,-1.665334536938E-16)
  );
#16578 = DIRECTION('',(0.,0.,1.));
#16579 = DIRECTION('',(1.,1.110223024625E-16,-0.));
#16580 = ADVANCED_FACE('',(#16581),#16592,.T.);
#16581 = FACE_BOUND('',#16582,.T.);
#16582 = EDGE_LOOP('',(#16583,#16584,#16585,#16586));
#16583 = ORIENTED_EDGE('',*,*,#14279,.T.);
#16584 = ORIENTED_EDGE('',*,*,#16567,.T.);
#16585 = ORIENTED_EDGE('',*,*,#14388,.F.);
#16586 = ORIENTED_EDGE('',*,*,#16587,.F.);
#16587 = EDGE_CURVE('',#14272,#14381,#16588,.T.);
#16588 = LINE('',#16589,#16590);
#16589 = CARTESIAN_POINT('',(2.429496640897,-3.605,0.2479055467));
#16590 = VECTOR('',#16591,1.);
#16591 = DIRECTION('',(1.110223024625E-16,-1.,0.));
#16592 = CYLINDRICAL_SURFACE('',#16593,0.3);
#16593 = AXIS2_PLACEMENT_3D('',#16594,#16595,#16596);
#16594 = CARTESIAN_POINT('',(2.724938966801,-3.605,0.3));
#16595 = DIRECTION('',(-1.110223024625E-16,1.,0.));
#16596 = DIRECTION('',(-0.984807753012,-1.093356242223E-16,
    -0.173648177667));
#16597 = ADVANCED_FACE('',(#16598),#16604,.F.);
#16598 = FACE_BOUND('',#16599,.F.);
#16599 = EDGE_LOOP('',(#16600,#16601,#16602,#16603));
#16600 = ORIENTED_EDGE('',*,*,#14362,.T.);
#16601 = ORIENTED_EDGE('',*,*,#14380,.T.);
#16602 = ORIENTED_EDGE('',*,*,#16587,.F.);
#16603 = ORIENTED_EDGE('',*,*,#14271,.F.);
#16604 = PLANE('',#16605);
#16605 = AXIS2_PLACEMENT_3D('',#16606,#16607,#16608);
#16606 = CARTESIAN_POINT('',(2.348480775301,-3.605,0.742364817767));
#16607 = DIRECTION('',(0.986841372087,1.095614012943E-16,0.161691392282)
  );
#16608 = DIRECTION('',(0.161691392282,1.795135065956E-17,-0.986841372087
    ));
#16609 = ADVANCED_FACE('',(#16610),#16613,.F.);
#16610 = FACE_BOUND('',#16611,.T.);
#16611 = EDGE_LOOP('',(#16612));
#16612 = ORIENTED_EDGE('',*,*,#14621,.F.);
#16613 = PLANE('',#16614);
#16614 = AXIS2_PLACEMENT_3D('',#16615,#16616,#16617);
#16615 = CARTESIAN_POINT('',(-1.110171280765,3.510171280765,1.75));
#16616 = DIRECTION('',(0.,0.,-1.));
#16617 = DIRECTION('',(1.110223024625E-16,-1.,0.));
#16618 = ( GEOMETRIC_REPRESENTATION_CONTEXT(3) 
GLOBAL_UNCERTAINTY_ASSIGNED_CONTEXT((#16622)) 
GLOBAL_UNIT_ASSIGNED_CONTEXT((#16619,#16620,#16621)) 
REPRESENTATION_CONTEXT('Context #1',
  '3D Context with UNIT and UNCERTAINTY') );
#16619 = ( LENGTH_UNIT() NAMED_UNIT(*) SI_UNIT(.MILLI.,.METRE.) );
#16620 = ( NAMED_UNIT(*) PLANE_ANGLE_UNIT() SI_UNIT($,.RADIAN.) );
#16621 = ( NAMED_UNIT(*) SI_UNIT($,.STERADIAN.) SOLID_ANGLE_UNIT() );
#16622 = UNCERTAINTY_MEASURE_WITH_UNIT(LENGTH_MEASURE(1.E-07),#16619,
  'distance_accuracy_value','confusion accuracy');
#16623 = CONTEXT_DEPENDENT_SHAPE_REPRESENTATION(#16624,#16626);
#16624 = ( REPRESENTATION_RELATIONSHIP('','',#9345,#9322) 
REPRESENTATION_RELATIONSHIP_WITH_TRANSFORMATION(#16625) 
SHAPE_REPRESENTATION_RELATIONSHIP() );
#16625 = ITEM_DEFINED_TRANSFORMATION('','',#11,#9323);
#16626 = PRODUCT_DEFINITION_SHAPE('Placement','Placement of an item',
  #16627);
#16627 = NEXT_ASSEMBLY_USAGE_OCCURRENCE('23','=>[0:1:1:11]','',#9317,
  #9340,$);
#16628 = PRODUCT_RELATED_PRODUCT_CATEGORY('part',$,(#9342));
#16629 = CONTEXT_DEPENDENT_SHAPE_REPRESENTATION(#16630,#16632);
#16630 = ( REPRESENTATION_RELATIONSHIP('','',#4298,#10) 
REPRESENTATION_RELATIONSHIP_WITH_TRANSFORMATION(#16631) 
SHAPE_REPRESENTATION_RELATIONSHIP() );
#16631 = ITEM_DEFINED_TRANSFORMATION('','',#11,#91);
#16632 = PRODUCT_DEFINITION_SHAPE('Placement','Placement of an item',
  #16633);
#16633 = NEXT_ASSEMBLY_USAGE_OCCURRENCE('25','JP6','',#5,#4293,$);
#16634 = CONTEXT_DEPENDENT_SHAPE_REPRESENTATION(#16635,#16637);
#16635 = ( REPRESENTATION_RELATIONSHIP('','',#4298,#10) 
REPRESENTATION_RELATIONSHIP_WITH_TRANSFORMATION(#16636) 
SHAPE_REPRESENTATION_RELATIONSHIP() );
#16636 = ITEM_DEFINED_TRANSFORMATION('','',#11,#95);
#16637 = PRODUCT_DEFINITION_SHAPE('Placement','Placement of an item',
  #16638);
#16638 = NEXT_ASSEMBLY_USAGE_OCCURRENCE('26','JP25','',#5,#4293,$);
#16639 = SHAPE_DEFINITION_REPRESENTATION(#16640,#16646);
#16640 = PRODUCT_DEFINITION_SHAPE('','',#16641);
#16641 = PRODUCT_DEFINITION('design','',#16642,#16645);
#16642 = PRODUCT_DEFINITION_FORMATION('','',#16643);
#16643 = PRODUCT('attiny44-ring_PCB','attiny44-ring_PCB','',(#16644));
#16644 = PRODUCT_CONTEXT('',#2,'mechanical');
#16645 = PRODUCT_DEFINITION_CONTEXT('part definition',#2,'design');
#16646 = ADVANCED_BREP_SHAPE_REPRESENTATION('',(#11,#16647),#16797);
#16647 = MANIFOLD_SOLID_BREP('',#16648);
#16648 = CLOSED_SHELL('',(#16649,#16689,#16720,#16751,#16773,#16785));
#16649 = ADVANCED_FACE('',(#16650),#16684,.T.);
#16650 = FACE_BOUND('',#16651,.T.);
#16651 = EDGE_LOOP('',(#16652,#16662,#16670,#16678));
#16652 = ORIENTED_EDGE('',*,*,#16653,.T.);
#16653 = EDGE_CURVE('',#16654,#16656,#16658,.T.);
#16654 = VERTEX_POINT('',#16655);
#16655 = CARTESIAN_POINT('',(149.,-150.,0.));
#16656 = VERTEX_POINT('',#16657);
#16657 = CARTESIAN_POINT('',(149.,-150.,1.51));
#16658 = LINE('',#16659,#16660);
#16659 = CARTESIAN_POINT('',(149.,-150.,0.));
#16660 = VECTOR('',#16661,1.);
#16661 = DIRECTION('',(0.,0.,1.));
#16662 = ORIENTED_EDGE('',*,*,#16663,.T.);
#16663 = EDGE_CURVE('',#16656,#16664,#16666,.T.);
#16664 = VERTEX_POINT('',#16665);
#16665 = CARTESIAN_POINT('',(99.,-150.,1.51));
#16666 = LINE('',#16667,#16668);
#16667 = CARTESIAN_POINT('',(149.,-150.,1.51));
#16668 = VECTOR('',#16669,1.);
#16669 = DIRECTION('',(-1.,0.,0.));
#16670 = ORIENTED_EDGE('',*,*,#16671,.F.);
#16671 = EDGE_CURVE('',#16672,#16664,#16674,.T.);
#16672 = VERTEX_POINT('',#16673);
#16673 = CARTESIAN_POINT('',(99.,-150.,0.));
#16674 = LINE('',#16675,#16676);
#16675 = CARTESIAN_POINT('',(99.,-150.,0.));
#16676 = VECTOR('',#16677,1.);
#16677 = DIRECTION('',(0.,0.,1.));
#16678 = ORIENTED_EDGE('',*,*,#16679,.F.);
#16679 = EDGE_CURVE('',#16654,#16672,#16680,.T.);
#16680 = LINE('',#16681,#16682);
#16681 = CARTESIAN_POINT('',(149.,-150.,0.));
#16682 = VECTOR('',#16683,1.);
#16683 = DIRECTION('',(-1.,0.,0.));
#16684 = PLANE('',#16685);
#16685 = AXIS2_PLACEMENT_3D('',#16686,#16687,#16688);
#16686 = CARTESIAN_POINT('',(149.,-150.,0.));
#16687 = DIRECTION('',(0.,-1.,0.));
#16688 = DIRECTION('',(-1.,0.,0.));
#16689 = ADVANCED_FACE('',(#16690),#16715,.T.);
#16690 = FACE_BOUND('',#16691,.T.);
#16691 = EDGE_LOOP('',(#16692,#16693,#16701,#16709));
#16692 = ORIENTED_EDGE('',*,*,#16671,.T.);
#16693 = ORIENTED_EDGE('',*,*,#16694,.T.);
#16694 = EDGE_CURVE('',#16664,#16695,#16697,.T.);
#16695 = VERTEX_POINT('',#16696);
#16696 = CARTESIAN_POINT('',(99.,-100.,1.51));
#16697 = LINE('',#16698,#16699);
#16698 = CARTESIAN_POINT('',(99.,-150.,1.51));
#16699 = VECTOR('',#16700,1.);
#16700 = DIRECTION('',(0.,1.,0.));
#16701 = ORIENTED_EDGE('',*,*,#16702,.F.);
#16702 = EDGE_CURVE('',#16703,#16695,#16705,.T.);
#16703 = VERTEX_POINT('',#16704);
#16704 = CARTESIAN_POINT('',(99.,-100.,0.));
#16705 = LINE('',#16706,#16707);
#16706 = CARTESIAN_POINT('',(99.,-100.,0.));
#16707 = VECTOR('',#16708,1.);
#16708 = DIRECTION('',(0.,0.,1.));
#16709 = ORIENTED_EDGE('',*,*,#16710,.F.);
#16710 = EDGE_CURVE('',#16672,#16703,#16711,.T.);
#16711 = LINE('',#16712,#16713);
#16712 = CARTESIAN_POINT('',(99.,-150.,0.));
#16713 = VECTOR('',#16714,1.);
#16714 = DIRECTION('',(0.,1.,0.));
#16715 = PLANE('',#16716);
#16716 = AXIS2_PLACEMENT_3D('',#16717,#16718,#16719);
#16717 = CARTESIAN_POINT('',(99.,-150.,0.));
#16718 = DIRECTION('',(-1.,0.,0.));
#16719 = DIRECTION('',(0.,1.,0.));
#16720 = ADVANCED_FACE('',(#16721),#16746,.T.);
#16721 = FACE_BOUND('',#16722,.T.);
#16722 = EDGE_LOOP('',(#16723,#16724,#16732,#16740));
#16723 = ORIENTED_EDGE('',*,*,#16702,.T.);
#16724 = ORIENTED_EDGE('',*,*,#16725,.T.);
#16725 = EDGE_CURVE('',#16695,#16726,#16728,.T.);
#16726 = VERTEX_POINT('',#16727);
#16727 = CARTESIAN_POINT('',(149.,-100.,1.51));
#16728 = LINE('',#16729,#16730);
#16729 = CARTESIAN_POINT('',(99.,-100.,1.51));
#16730 = VECTOR('',#16731,1.);
#16731 = DIRECTION('',(1.,0.,0.));
#16732 = ORIENTED_EDGE('',*,*,#16733,.F.);
#16733 = EDGE_CURVE('',#16734,#16726,#16736,.T.);
#16734 = VERTEX_POINT('',#16735);
#16735 = CARTESIAN_POINT('',(149.,-100.,0.));
#16736 = LINE('',#16737,#16738);
#16737 = CARTESIAN_POINT('',(149.,-100.,0.));
#16738 = VECTOR('',#16739,1.);
#16739 = DIRECTION('',(0.,0.,1.));
#16740 = ORIENTED_EDGE('',*,*,#16741,.F.);
#16741 = EDGE_CURVE('',#16703,#16734,#16742,.T.);
#16742 = LINE('',#16743,#16744);
#16743 = CARTESIAN_POINT('',(99.,-100.,0.));
#16744 = VECTOR('',#16745,1.);
#16745 = DIRECTION('',(1.,0.,0.));
#16746 = PLANE('',#16747);
#16747 = AXIS2_PLACEMENT_3D('',#16748,#16749,#16750);
#16748 = CARTESIAN_POINT('',(99.,-100.,0.));
#16749 = DIRECTION('',(0.,1.,0.));
#16750 = DIRECTION('',(1.,0.,0.));
#16751 = ADVANCED_FACE('',(#16752),#16768,.T.);
#16752 = FACE_BOUND('',#16753,.T.);
#16753 = EDGE_LOOP('',(#16754,#16755,#16761,#16762));
#16754 = ORIENTED_EDGE('',*,*,#16733,.T.);
#16755 = ORIENTED_EDGE('',*,*,#16756,.T.);
#16756 = EDGE_CURVE('',#16726,#16656,#16757,.T.);
#16757 = LINE('',#16758,#16759);
#16758 = CARTESIAN_POINT('',(149.,-100.,1.51));
#16759 = VECTOR('',#16760,1.);
#16760 = DIRECTION('',(0.,-1.,0.));
#16761 = ORIENTED_EDGE('',*,*,#16653,.F.);
#16762 = ORIENTED_EDGE('',*,*,#16763,.F.);
#16763 = EDGE_CURVE('',#16734,#16654,#16764,.T.);
#16764 = LINE('',#16765,#16766);
#16765 = CARTESIAN_POINT('',(149.,-100.,0.));
#16766 = VECTOR('',#16767,1.);
#16767 = DIRECTION('',(0.,-1.,0.));
#16768 = PLANE('',#16769);
#16769 = AXIS2_PLACEMENT_3D('',#16770,#16771,#16772);
#16770 = CARTESIAN_POINT('',(149.,-100.,0.));
#16771 = DIRECTION('',(1.,0.,-0.));
#16772 = DIRECTION('',(0.,-1.,0.));
#16773 = ADVANCED_FACE('',(#16774),#16780,.F.);
#16774 = FACE_BOUND('',#16775,.T.);
#16775 = EDGE_LOOP('',(#16776,#16777,#16778,#16779));
#16776 = ORIENTED_EDGE('',*,*,#16679,.T.);
#16777 = ORIENTED_EDGE('',*,*,#16710,.T.);
#16778 = ORIENTED_EDGE('',*,*,#16741,.T.);
#16779 = ORIENTED_EDGE('',*,*,#16763,.T.);
#16780 = PLANE('',#16781);
#16781 = AXIS2_PLACEMENT_3D('',#16782,#16783,#16784);
#16782 = CARTESIAN_POINT('',(0.,0.,0.));
#16783 = DIRECTION('',(0.,0.,1.));
#16784 = DIRECTION('',(1.,0.,-0.));
#16785 = ADVANCED_FACE('',(#16786),#16792,.T.);
#16786 = FACE_BOUND('',#16787,.F.);
#16787 = EDGE_LOOP('',(#16788,#16789,#16790,#16791));
#16788 = ORIENTED_EDGE('',*,*,#16663,.T.);
#16789 = ORIENTED_EDGE('',*,*,#16694,.T.);
#16790 = ORIENTED_EDGE('',*,*,#16725,.T.);
#16791 = ORIENTED_EDGE('',*,*,#16756,.T.);
#16792 = PLANE('',#16793);
#16793 = AXIS2_PLACEMENT_3D('',#16794,#16795,#16796);
#16794 = CARTESIAN_POINT('',(0.,0.,1.51));
#16795 = DIRECTION('',(0.,0.,1.));
#16796 = DIRECTION('',(1.,0.,-0.));
#16797 = ( GEOMETRIC_REPRESENTATION_CONTEXT(3) 
GLOBAL_UNCERTAINTY_ASSIGNED_CONTEXT((#16801)) 
GLOBAL_UNIT_ASSIGNED_CONTEXT((#16798,#16799,#16800)) 
REPRESENTATION_CONTEXT('Context #1',
  '3D Context with UNIT and UNCERTAINTY') );
#16798 = ( LENGTH_UNIT() NAMED_UNIT(*) SI_UNIT(.MILLI.,.METRE.) );
#16799 = ( NAMED_UNIT(*) PLANE_ANGLE_UNIT() SI_UNIT($,.RADIAN.) );
#16800 = ( NAMED_UNIT(*) SI_UNIT($,.STERADIAN.) SOLID_ANGLE_UNIT() );
#16801 = UNCERTAINTY_MEASURE_WITH_UNIT(LENGTH_MEASURE(1.E-07),#16798,
  'distance_accuracy_value','confusion accuracy');
#16802 = CONTEXT_DEPENDENT_SHAPE_REPRESENTATION(#16803,#16805);
#16803 = ( REPRESENTATION_RELATIONSHIP('','',#16646,#10) 
REPRESENTATION_RELATIONSHIP_WITH_TRANSFORMATION(#16804) 
SHAPE_REPRESENTATION_RELATIONSHIP() );
#16804 = ITEM_DEFINED_TRANSFORMATION('','',#11,#99);
#16805 = PRODUCT_DEFINITION_SHAPE('Placement','Placement of an item',
  #16806);
#16806 = NEXT_ASSEMBLY_USAGE_OCCURRENCE('27','=>[0:1:1:12]','',#5,#16641
  ,$);
#16807 = PRODUCT_RELATED_PRODUCT_CATEGORY('part',$,(#16643));
#16808 = MECHANICAL_DESIGN_GEOMETRIC_PRESENTATION_REPRESENTATION('',(
    #16809),#16797);
#16809 = STYLED_ITEM('color',(#16810),#16647);
#16810 = PRESENTATION_STYLE_ASSIGNMENT((#16811));
#16811 = SURFACE_STYLE_USAGE(.BOTH.,#16812);
#16812 = SURFACE_SIDE_STYLE('',(#16813));
#16813 = SURFACE_STYLE_FILL_AREA(#16814);
#16814 = FILL_AREA_STYLE('',(#16815));
#16815 = FILL_AREA_STYLE_COLOUR('',#16816);
#16816 = COLOUR_RGB('',0.313304153717,0.484529207832,0.410020903123);
#16817 = MECHANICAL_DESIGN_GEOMETRIC_PRESENTATION_REPRESENTATION('',(
    #16818,#16826,#16833,#16840,#16847,#16854,#16861,#16868,#16875,
    #16882,#16889,#16896,#16903,#16910,#16917,#16924,#16931,#16938,
    #16945,#16952,#16959,#16966,#16973,#16980,#16987,#16994,#17001,
    #17008,#17015,#17023,#17030,#17037,#17044,#17051,#17058,#17065,
    #17072,#17079,#17086,#17093,#17100,#17107,#17114,#17121,#17128,
    #17135,#17142,#17149,#17156,#17163,#17170,#17177,#17184,#17191,
    #17198,#17205,#17212,#17219,#17226,#17233,#17240,#17247,#17254,
    #17261,#17268,#17275,#17282,#17289,#17296,#17303,#17310,#17317,
    #17324,#17331,#17338,#17345,#17352,#17359,#17366,#17373,#17380,
    #17387,#17394,#17401,#17408,#17415,#17422,#17429,#17436,#17443,
    #17450,#17457,#17464,#17471,#17478,#17485,#17492,#17499,#17506,
    #17513,#17520,#17527,#17534,#17541,#17548,#17555,#17562,#17569,
    #17576,#17583,#17590,#17597),#9284);
#16818 = STYLED_ITEM('color',(#16819),#6102);
#16819 = PRESENTATION_STYLE_ASSIGNMENT((#16820));
#16820 = SURFACE_STYLE_USAGE(.BOTH.,#16821);
#16821 = SURFACE_SIDE_STYLE('',(#16822));
#16822 = SURFACE_STYLE_FILL_AREA(#16823);
#16823 = FILL_AREA_STYLE('',(#16824));
#16824 = FILL_AREA_STYLE_COLOUR('',#16825);
#16825 = COLOUR_RGB('',0.147999998088,0.144999993226,0.144999993226);
#16826 = STYLED_ITEM('color',(#16827),#6142);
#16827 = PRESENTATION_STYLE_ASSIGNMENT((#16828));
#16828 = SURFACE_STYLE_USAGE(.BOTH.,#16829);
#16829 = SURFACE_SIDE_STYLE('',(#16830));
#16830 = SURFACE_STYLE_FILL_AREA(#16831);
#16831 = FILL_AREA_STYLE('',(#16832));
#16832 = FILL_AREA_STYLE_COLOUR('',#16825);
#16833 = STYLED_ITEM('color',(#16834),#6173);
#16834 = PRESENTATION_STYLE_ASSIGNMENT((#16835));
#16835 = SURFACE_STYLE_USAGE(.BOTH.,#16836);
#16836 = SURFACE_SIDE_STYLE('',(#16837));
#16837 = SURFACE_STYLE_FILL_AREA(#16838);
#16838 = FILL_AREA_STYLE('',(#16839));
#16839 = FILL_AREA_STYLE_COLOUR('',#16825);
#16840 = STYLED_ITEM('color',(#16841),#6204);
#16841 = PRESENTATION_STYLE_ASSIGNMENT((#16842));
#16842 = SURFACE_STYLE_USAGE(.BOTH.,#16843);
#16843 = SURFACE_SIDE_STYLE('',(#16844));
#16844 = SURFACE_STYLE_FILL_AREA(#16845);
#16845 = FILL_AREA_STYLE('',(#16846));
#16846 = FILL_AREA_STYLE_COLOUR('',#16825);
#16847 = STYLED_ITEM('color',(#16848),#6533);
#16848 = PRESENTATION_STYLE_ASSIGNMENT((#16849));
#16849 = SURFACE_STYLE_USAGE(.BOTH.,#16850);
#16850 = SURFACE_SIDE_STYLE('',(#16851));
#16851 = SURFACE_STYLE_FILL_AREA(#16852);
#16852 = FILL_AREA_STYLE('',(#16853));
#16853 = FILL_AREA_STYLE_COLOUR('',#16825);
#16854 = STYLED_ITEM('color',(#16855),#6862);
#16855 = PRESENTATION_STYLE_ASSIGNMENT((#16856));
#16856 = SURFACE_STYLE_USAGE(.BOTH.,#16857);
#16857 = SURFACE_SIDE_STYLE('',(#16858));
#16858 = SURFACE_STYLE_FILL_AREA(#16859);
#16859 = FILL_AREA_STYLE('',(#16860));
#16860 = FILL_AREA_STYLE_COLOUR('',#16825);
#16861 = STYLED_ITEM('color',(#16862),#6879);
#16862 = PRESENTATION_STYLE_ASSIGNMENT((#16863));
#16863 = SURFACE_STYLE_USAGE(.BOTH.,#16864);
#16864 = SURFACE_SIDE_STYLE('',(#16865));
#16865 = SURFACE_STYLE_FILL_AREA(#16866);
#16866 = FILL_AREA_STYLE('',(#16867));
#16867 = FILL_AREA_STYLE_COLOUR('',#16825);
#16868 = STYLED_ITEM('color',(#16869),#6896);
#16869 = PRESENTATION_STYLE_ASSIGNMENT((#16870));
#16870 = SURFACE_STYLE_USAGE(.BOTH.,#16871);
#16871 = SURFACE_SIDE_STYLE('',(#16872));
#16872 = SURFACE_STYLE_FILL_AREA(#16873);
#16873 = FILL_AREA_STYLE('',(#16874));
#16874 = FILL_AREA_STYLE_COLOUR('',#16825);
#16875 = STYLED_ITEM('color',(#16876),#6913);
#16876 = PRESENTATION_STYLE_ASSIGNMENT((#16877));
#16877 = SURFACE_STYLE_USAGE(.BOTH.,#16878);
#16878 = SURFACE_SIDE_STYLE('',(#16879));
#16879 = SURFACE_STYLE_FILL_AREA(#16880);
#16880 = FILL_AREA_STYLE('',(#16881));
#16881 = FILL_AREA_STYLE_COLOUR('',#16825);
#16882 = STYLED_ITEM('color',(#16883),#6930);
#16883 = PRESENTATION_STYLE_ASSIGNMENT((#16884));
#16884 = SURFACE_STYLE_USAGE(.BOTH.,#16885);
#16885 = SURFACE_SIDE_STYLE('',(#16886));
#16886 = SURFACE_STYLE_FILL_AREA(#16887);
#16887 = FILL_AREA_STYLE('',(#16888));
#16888 = FILL_AREA_STYLE_COLOUR('',#16825);
#16889 = STYLED_ITEM('color',(#16890),#6947);
#16890 = PRESENTATION_STYLE_ASSIGNMENT((#16891));
#16891 = SURFACE_STYLE_USAGE(.BOTH.,#16892);
#16892 = SURFACE_SIDE_STYLE('',(#16893));
#16893 = SURFACE_STYLE_FILL_AREA(#16894);
#16894 = FILL_AREA_STYLE('',(#16895));
#16895 = FILL_AREA_STYLE_COLOUR('',#16825);
#16896 = STYLED_ITEM('color',(#16897),#6964);
#16897 = PRESENTATION_STYLE_ASSIGNMENT((#16898));
#16898 = SURFACE_STYLE_USAGE(.BOTH.,#16899);
#16899 = SURFACE_SIDE_STYLE('',(#16900));
#16900 = SURFACE_STYLE_FILL_AREA(#16901);
#16901 = FILL_AREA_STYLE('',(#16902));
#16902 = FILL_AREA_STYLE_COLOUR('',#16825);
#16903 = STYLED_ITEM('color',(#16904),#6981);
#16904 = PRESENTATION_STYLE_ASSIGNMENT((#16905));
#16905 = SURFACE_STYLE_USAGE(.BOTH.,#16906);
#16906 = SURFACE_SIDE_STYLE('',(#16907));
#16907 = SURFACE_STYLE_FILL_AREA(#16908);
#16908 = FILL_AREA_STYLE('',(#16909));
#16909 = FILL_AREA_STYLE_COLOUR('',#16825);
#16910 = STYLED_ITEM('color',(#16911),#6998);
#16911 = PRESENTATION_STYLE_ASSIGNMENT((#16912));
#16912 = SURFACE_STYLE_USAGE(.BOTH.,#16913);
#16913 = SURFACE_SIDE_STYLE('',(#16914));
#16914 = SURFACE_STYLE_FILL_AREA(#16915);
#16915 = FILL_AREA_STYLE('',(#16916));
#16916 = FILL_AREA_STYLE_COLOUR('',#16825);
#16917 = STYLED_ITEM('color',(#16918),#7015);
#16918 = PRESENTATION_STYLE_ASSIGNMENT((#16919));
#16919 = SURFACE_STYLE_USAGE(.BOTH.,#16920);
#16920 = SURFACE_SIDE_STYLE('',(#16921));
#16921 = SURFACE_STYLE_FILL_AREA(#16922);
#16922 = FILL_AREA_STYLE('',(#16923));
#16923 = FILL_AREA_STYLE_COLOUR('',#16825);
#16924 = STYLED_ITEM('color',(#16925),#7032);
#16925 = PRESENTATION_STYLE_ASSIGNMENT((#16926));
#16926 = SURFACE_STYLE_USAGE(.BOTH.,#16927);
#16927 = SURFACE_SIDE_STYLE('',(#16928));
#16928 = SURFACE_STYLE_FILL_AREA(#16929);
#16929 = FILL_AREA_STYLE('',(#16930));
#16930 = FILL_AREA_STYLE_COLOUR('',#16825);
#16931 = STYLED_ITEM('color',(#16932),#7049);
#16932 = PRESENTATION_STYLE_ASSIGNMENT((#16933));
#16933 = SURFACE_STYLE_USAGE(.BOTH.,#16934);
#16934 = SURFACE_SIDE_STYLE('',(#16935));
#16935 = SURFACE_STYLE_FILL_AREA(#16936);
#16936 = FILL_AREA_STYLE('',(#16937));
#16937 = FILL_AREA_STYLE_COLOUR('',#16825);
#16938 = STYLED_ITEM('color',(#16939),#7066);
#16939 = PRESENTATION_STYLE_ASSIGNMENT((#16940));
#16940 = SURFACE_STYLE_USAGE(.BOTH.,#16941);
#16941 = SURFACE_SIDE_STYLE('',(#16942));
#16942 = SURFACE_STYLE_FILL_AREA(#16943);
#16943 = FILL_AREA_STYLE('',(#16944));
#16944 = FILL_AREA_STYLE_COLOUR('',#16825);
#16945 = STYLED_ITEM('color',(#16946),#7083);
#16946 = PRESENTATION_STYLE_ASSIGNMENT((#16947));
#16947 = SURFACE_STYLE_USAGE(.BOTH.,#16948);
#16948 = SURFACE_SIDE_STYLE('',(#16949));
#16949 = SURFACE_STYLE_FILL_AREA(#16950);
#16950 = FILL_AREA_STYLE('',(#16951));
#16951 = FILL_AREA_STYLE_COLOUR('',#16825);
#16952 = STYLED_ITEM('color',(#16953),#7100);
#16953 = PRESENTATION_STYLE_ASSIGNMENT((#16954));
#16954 = SURFACE_STYLE_USAGE(.BOTH.,#16955);
#16955 = SURFACE_SIDE_STYLE('',(#16956));
#16956 = SURFACE_STYLE_FILL_AREA(#16957);
#16957 = FILL_AREA_STYLE('',(#16958));
#16958 = FILL_AREA_STYLE_COLOUR('',#16825);
#16959 = STYLED_ITEM('color',(#16960),#7117);
#16960 = PRESENTATION_STYLE_ASSIGNMENT((#16961));
#16961 = SURFACE_STYLE_USAGE(.BOTH.,#16962);
#16962 = SURFACE_SIDE_STYLE('',(#16963));
#16963 = SURFACE_STYLE_FILL_AREA(#16964);
#16964 = FILL_AREA_STYLE('',(#16965));
#16965 = FILL_AREA_STYLE_COLOUR('',#16825);
#16966 = STYLED_ITEM('color',(#16967),#7134);
#16967 = PRESENTATION_STYLE_ASSIGNMENT((#16968));
#16968 = SURFACE_STYLE_USAGE(.BOTH.,#16969);
#16969 = SURFACE_SIDE_STYLE('',(#16970));
#16970 = SURFACE_STYLE_FILL_AREA(#16971);
#16971 = FILL_AREA_STYLE('',(#16972));
#16972 = FILL_AREA_STYLE_COLOUR('',#16825);
#16973 = STYLED_ITEM('color',(#16974),#7151);
#16974 = PRESENTATION_STYLE_ASSIGNMENT((#16975));
#16975 = SURFACE_STYLE_USAGE(.BOTH.,#16976);
#16976 = SURFACE_SIDE_STYLE('',(#16977));
#16977 = SURFACE_STYLE_FILL_AREA(#16978);
#16978 = FILL_AREA_STYLE('',(#16979));
#16979 = FILL_AREA_STYLE_COLOUR('',#16825);
#16980 = STYLED_ITEM('color',(#16981),#7168);
#16981 = PRESENTATION_STYLE_ASSIGNMENT((#16982));
#16982 = SURFACE_STYLE_USAGE(.BOTH.,#16983);
#16983 = SURFACE_SIDE_STYLE('',(#16984));
#16984 = SURFACE_STYLE_FILL_AREA(#16985);
#16985 = FILL_AREA_STYLE('',(#16986));
#16986 = FILL_AREA_STYLE_COLOUR('',#16825);
#16987 = STYLED_ITEM('color',(#16988),#7185);
#16988 = PRESENTATION_STYLE_ASSIGNMENT((#16989));
#16989 = SURFACE_STYLE_USAGE(.BOTH.,#16990);
#16990 = SURFACE_SIDE_STYLE('',(#16991));
#16991 = SURFACE_STYLE_FILL_AREA(#16992);
#16992 = FILL_AREA_STYLE('',(#16993));
#16993 = FILL_AREA_STYLE_COLOUR('',#16825);
#16994 = STYLED_ITEM('color',(#16995),#7202);
#16995 = PRESENTATION_STYLE_ASSIGNMENT((#16996));
#16996 = SURFACE_STYLE_USAGE(.BOTH.,#16997);
#16997 = SURFACE_SIDE_STYLE('',(#16998));
#16998 = SURFACE_STYLE_FILL_AREA(#16999);
#16999 = FILL_AREA_STYLE('',(#17000));
#17000 = FILL_AREA_STYLE_COLOUR('',#16825);
#17001 = STYLED_ITEM('color',(#17002),#7219);
#17002 = PRESENTATION_STYLE_ASSIGNMENT((#17003));
#17003 = SURFACE_STYLE_USAGE(.BOTH.,#17004);
#17004 = SURFACE_SIDE_STYLE('',(#17005));
#17005 = SURFACE_STYLE_FILL_AREA(#17006);
#17006 = FILL_AREA_STYLE('',(#17007));
#17007 = FILL_AREA_STYLE_COLOUR('',#16825);
#17008 = STYLED_ITEM('color',(#17009),#7236);
#17009 = PRESENTATION_STYLE_ASSIGNMENT((#17010));
#17010 = SURFACE_STYLE_USAGE(.BOTH.,#17011);
#17011 = SURFACE_SIDE_STYLE('',(#17012));
#17012 = SURFACE_STYLE_FILL_AREA(#17013);
#17013 = FILL_AREA_STYLE('',(#17014));
#17014 = FILL_AREA_STYLE_COLOUR('',#16825);
#17015 = STYLED_ITEM('color',(#17016),#7248);
#17016 = PRESENTATION_STYLE_ASSIGNMENT((#17017));
#17017 = SURFACE_STYLE_USAGE(.BOTH.,#17018);
#17018 = SURFACE_SIDE_STYLE('',(#17019));
#17019 = SURFACE_STYLE_FILL_AREA(#17020);
#17020 = FILL_AREA_STYLE('',(#17021));
#17021 = FILL_AREA_STYLE_COLOUR('',#17022);
#17022 = COLOUR_RGB('',0.859000020776,0.737999965183,0.495999988746);
#17023 = STYLED_ITEM('color',(#17024),#7279);
#17024 = PRESENTATION_STYLE_ASSIGNMENT((#17025));
#17025 = SURFACE_STYLE_USAGE(.BOTH.,#17026);
#17026 = SURFACE_SIDE_STYLE('',(#17027));
#17027 = SURFACE_STYLE_FILL_AREA(#17028);
#17028 = FILL_AREA_STYLE('',(#17029));
#17029 = FILL_AREA_STYLE_COLOUR('',#17022);
#17030 = STYLED_ITEM('color',(#17031),#7328);
#17031 = PRESENTATION_STYLE_ASSIGNMENT((#17032));
#17032 = SURFACE_STYLE_USAGE(.BOTH.,#17033);
#17033 = SURFACE_SIDE_STYLE('',(#17034));
#17034 = SURFACE_STYLE_FILL_AREA(#17035);
#17035 = FILL_AREA_STYLE('',(#17036));
#17036 = FILL_AREA_STYLE_COLOUR('',#17022);
#17037 = STYLED_ITEM('color',(#17038),#7352);
#17038 = PRESENTATION_STYLE_ASSIGNMENT((#17039));
#17039 = SURFACE_STYLE_USAGE(.BOTH.,#17040);
#17040 = SURFACE_SIDE_STYLE('',(#17041));
#17041 = SURFACE_STYLE_FILL_AREA(#17042);
#17042 = FILL_AREA_STYLE('',(#17043));
#17043 = FILL_AREA_STYLE_COLOUR('',#17022);
#17044 = STYLED_ITEM('color',(#17045),#7394);
#17045 = PRESENTATION_STYLE_ASSIGNMENT((#17046));
#17046 = SURFACE_STYLE_USAGE(.BOTH.,#17047);
#17047 = SURFACE_SIDE_STYLE('',(#17048));
#17048 = SURFACE_STYLE_FILL_AREA(#17049);
#17049 = FILL_AREA_STYLE('',(#17050));
#17050 = FILL_AREA_STYLE_COLOUR('',#17022);
#17051 = STYLED_ITEM('color',(#17052),#7425);
#17052 = PRESENTATION_STYLE_ASSIGNMENT((#17053));
#17053 = SURFACE_STYLE_USAGE(.BOTH.,#17054);
#17054 = SURFACE_SIDE_STYLE('',(#17055));
#17055 = SURFACE_STYLE_FILL_AREA(#17056);
#17056 = FILL_AREA_STYLE('',(#17057));
#17057 = FILL_AREA_STYLE_COLOUR('',#17022);
#17058 = STYLED_ITEM('color',(#17059),#7474);
#17059 = PRESENTATION_STYLE_ASSIGNMENT((#17060));
#17060 = SURFACE_STYLE_USAGE(.BOTH.,#17061);
#17061 = SURFACE_SIDE_STYLE('',(#17062));
#17062 = SURFACE_STYLE_FILL_AREA(#17063);
#17063 = FILL_AREA_STYLE('',(#17064));
#17064 = FILL_AREA_STYLE_COLOUR('',#17022);
#17065 = STYLED_ITEM('color',(#17066),#7498);
#17066 = PRESENTATION_STYLE_ASSIGNMENT((#17067));
#17067 = SURFACE_STYLE_USAGE(.BOTH.,#17068);
#17068 = SURFACE_SIDE_STYLE('',(#17069));
#17069 = SURFACE_STYLE_FILL_AREA(#17070);
#17070 = FILL_AREA_STYLE('',(#17071));
#17071 = FILL_AREA_STYLE_COLOUR('',#17022);
#17072 = STYLED_ITEM('color',(#17073),#7540);
#17073 = PRESENTATION_STYLE_ASSIGNMENT((#17074));
#17074 = SURFACE_STYLE_USAGE(.BOTH.,#17075);
#17075 = SURFACE_SIDE_STYLE('',(#17076));
#17076 = SURFACE_STYLE_FILL_AREA(#17077);
#17077 = FILL_AREA_STYLE('',(#17078));
#17078 = FILL_AREA_STYLE_COLOUR('',#17022);
#17079 = STYLED_ITEM('color',(#17080),#7596);
#17080 = PRESENTATION_STYLE_ASSIGNMENT((#17081));
#17081 = SURFACE_STYLE_USAGE(.BOTH.,#17082);
#17082 = SURFACE_SIDE_STYLE('',(#17083));
#17083 = SURFACE_STYLE_FILL_AREA(#17084);
#17084 = FILL_AREA_STYLE('',(#17085));
#17085 = FILL_AREA_STYLE_COLOUR('',#17022);
#17086 = STYLED_ITEM('color',(#17087),#7620);
#17087 = PRESENTATION_STYLE_ASSIGNMENT((#17088));
#17088 = SURFACE_STYLE_USAGE(.BOTH.,#17089);
#17089 = SURFACE_SIDE_STYLE('',(#17090));
#17090 = SURFACE_STYLE_FILL_AREA(#17091);
#17091 = FILL_AREA_STYLE('',(#17092));
#17092 = FILL_AREA_STYLE_COLOUR('',#17022);
#17093 = STYLED_ITEM('color',(#17094),#7669);
#17094 = PRESENTATION_STYLE_ASSIGNMENT((#17095));
#17095 = SURFACE_STYLE_USAGE(.BOTH.,#17096);
#17096 = SURFACE_SIDE_STYLE('',(#17097));
#17097 = SURFACE_STYLE_FILL_AREA(#17098);
#17098 = FILL_AREA_STYLE('',(#17099));
#17099 = FILL_AREA_STYLE_COLOUR('',#17022);
#17100 = STYLED_ITEM('color',(#17101),#7686);
#17101 = PRESENTATION_STYLE_ASSIGNMENT((#17102));
#17102 = SURFACE_STYLE_USAGE(.BOTH.,#17103);
#17103 = SURFACE_SIDE_STYLE('',(#17104));
#17104 = SURFACE_STYLE_FILL_AREA(#17105);
#17105 = FILL_AREA_STYLE('',(#17106));
#17106 = FILL_AREA_STYLE_COLOUR('',#17022);
#17107 = STYLED_ITEM('color',(#17108),#7717);
#17108 = PRESENTATION_STYLE_ASSIGNMENT((#17109));
#17109 = SURFACE_STYLE_USAGE(.BOTH.,#17110);
#17110 = SURFACE_SIDE_STYLE('',(#17111));
#17111 = SURFACE_STYLE_FILL_AREA(#17112);
#17112 = FILL_AREA_STYLE('',(#17113));
#17113 = FILL_AREA_STYLE_COLOUR('',#17022);
#17114 = STYLED_ITEM('color',(#17115),#7766);
#17115 = PRESENTATION_STYLE_ASSIGNMENT((#17116));
#17116 = SURFACE_STYLE_USAGE(.BOTH.,#17117);
#17117 = SURFACE_SIDE_STYLE('',(#17118));
#17118 = SURFACE_STYLE_FILL_AREA(#17119);
#17119 = FILL_AREA_STYLE('',(#17120));
#17120 = FILL_AREA_STYLE_COLOUR('',#17022);
#17121 = STYLED_ITEM('color',(#17122),#7790);
#17122 = PRESENTATION_STYLE_ASSIGNMENT((#17123));
#17123 = SURFACE_STYLE_USAGE(.BOTH.,#17124);
#17124 = SURFACE_SIDE_STYLE('',(#17125));
#17125 = SURFACE_STYLE_FILL_AREA(#17126);
#17126 = FILL_AREA_STYLE('',(#17127));
#17127 = FILL_AREA_STYLE_COLOUR('',#17022);
#17128 = STYLED_ITEM('color',(#17129),#7832);
#17129 = PRESENTATION_STYLE_ASSIGNMENT((#17130));
#17130 = SURFACE_STYLE_USAGE(.BOTH.,#17131);
#17131 = SURFACE_SIDE_STYLE('',(#17132));
#17132 = SURFACE_STYLE_FILL_AREA(#17133);
#17133 = FILL_AREA_STYLE('',(#17134));
#17134 = FILL_AREA_STYLE_COLOUR('',#17022);
#17135 = STYLED_ITEM('color',(#17136),#7863);
#17136 = PRESENTATION_STYLE_ASSIGNMENT((#17137));
#17137 = SURFACE_STYLE_USAGE(.BOTH.,#17138);
#17138 = SURFACE_SIDE_STYLE('',(#17139));
#17139 = SURFACE_STYLE_FILL_AREA(#17140);
#17140 = FILL_AREA_STYLE('',(#17141));
#17141 = FILL_AREA_STYLE_COLOUR('',#17022);
#17142 = STYLED_ITEM('color',(#17143),#7887);
#17143 = PRESENTATION_STYLE_ASSIGNMENT((#17144));
#17144 = SURFACE_STYLE_USAGE(.BOTH.,#17145);
#17145 = SURFACE_SIDE_STYLE('',(#17146));
#17146 = SURFACE_STYLE_FILL_AREA(#17147);
#17147 = FILL_AREA_STYLE('',(#17148));
#17148 = FILL_AREA_STYLE_COLOUR('',#17022);
#17149 = STYLED_ITEM('color',(#17150),#7911);
#17150 = PRESENTATION_STYLE_ASSIGNMENT((#17151));
#17151 = SURFACE_STYLE_USAGE(.BOTH.,#17152);
#17152 = SURFACE_SIDE_STYLE('',(#17153));
#17153 = SURFACE_STYLE_FILL_AREA(#17154);
#17154 = FILL_AREA_STYLE('',(#17155));
#17155 = FILL_AREA_STYLE_COLOUR('',#17022);
#17156 = STYLED_ITEM('color',(#17157),#7928);
#17157 = PRESENTATION_STYLE_ASSIGNMENT((#17158));
#17158 = SURFACE_STYLE_USAGE(.BOTH.,#17159);
#17159 = SURFACE_SIDE_STYLE('',(#17160));
#17160 = SURFACE_STYLE_FILL_AREA(#17161);
#17161 = FILL_AREA_STYLE('',(#17162));
#17162 = FILL_AREA_STYLE_COLOUR('',#17022);
#17163 = STYLED_ITEM('color',(#17164),#7959);
#17164 = PRESENTATION_STYLE_ASSIGNMENT((#17165));
#17165 = SURFACE_STYLE_USAGE(.BOTH.,#17166);
#17166 = SURFACE_SIDE_STYLE('',(#17167));
#17167 = SURFACE_STYLE_FILL_AREA(#17168);
#17168 = FILL_AREA_STYLE('',(#17169));
#17169 = FILL_AREA_STYLE_COLOUR('',#17022);
#17170 = STYLED_ITEM('color',(#17171),#7983);
#17171 = PRESENTATION_STYLE_ASSIGNMENT((#17172));
#17172 = SURFACE_STYLE_USAGE(.BOTH.,#17173);
#17173 = SURFACE_SIDE_STYLE('',(#17174));
#17174 = SURFACE_STYLE_FILL_AREA(#17175);
#17175 = FILL_AREA_STYLE('',(#17176));
#17176 = FILL_AREA_STYLE_COLOUR('',#17022);
#17177 = STYLED_ITEM('color',(#17178),#8007);
#17178 = PRESENTATION_STYLE_ASSIGNMENT((#17179));
#17179 = SURFACE_STYLE_USAGE(.BOTH.,#17180);
#17180 = SURFACE_SIDE_STYLE('',(#17181));
#17181 = SURFACE_STYLE_FILL_AREA(#17182);
#17182 = FILL_AREA_STYLE('',(#17183));
#17183 = FILL_AREA_STYLE_COLOUR('',#17022);
#17184 = STYLED_ITEM('color',(#17185),#8024);
#17185 = PRESENTATION_STYLE_ASSIGNMENT((#17186));
#17186 = SURFACE_STYLE_USAGE(.BOTH.,#17187);
#17187 = SURFACE_SIDE_STYLE('',(#17188));
#17188 = SURFACE_STYLE_FILL_AREA(#17189);
#17189 = FILL_AREA_STYLE('',(#17190));
#17190 = FILL_AREA_STYLE_COLOUR('',#17022);
#17191 = STYLED_ITEM('color',(#17192),#8055);
#17192 = PRESENTATION_STYLE_ASSIGNMENT((#17193));
#17193 = SURFACE_STYLE_USAGE(.BOTH.,#17194);
#17194 = SURFACE_SIDE_STYLE('',(#17195));
#17195 = SURFACE_STYLE_FILL_AREA(#17196);
#17196 = FILL_AREA_STYLE('',(#17197));
#17197 = FILL_AREA_STYLE_COLOUR('',#17022);
#17198 = STYLED_ITEM('color',(#17199),#8079);
#17199 = PRESENTATION_STYLE_ASSIGNMENT((#17200));
#17200 = SURFACE_STYLE_USAGE(.BOTH.,#17201);
#17201 = SURFACE_SIDE_STYLE('',(#17202));
#17202 = SURFACE_STYLE_FILL_AREA(#17203);
#17203 = FILL_AREA_STYLE('',(#17204));
#17204 = FILL_AREA_STYLE_COLOUR('',#17022);
#17205 = STYLED_ITEM('color',(#17206),#8103);
#17206 = PRESENTATION_STYLE_ASSIGNMENT((#17207));
#17207 = SURFACE_STYLE_USAGE(.BOTH.,#17208);
#17208 = SURFACE_SIDE_STYLE('',(#17209));
#17209 = SURFACE_STYLE_FILL_AREA(#17210);
#17210 = FILL_AREA_STYLE('',(#17211));
#17211 = FILL_AREA_STYLE_COLOUR('',#17022);
#17212 = STYLED_ITEM('color',(#17213),#8120);
#17213 = PRESENTATION_STYLE_ASSIGNMENT((#17214));
#17214 = SURFACE_STYLE_USAGE(.BOTH.,#17215);
#17215 = SURFACE_SIDE_STYLE('',(#17216));
#17216 = SURFACE_STYLE_FILL_AREA(#17217);
#17217 = FILL_AREA_STYLE('',(#17218));
#17218 = FILL_AREA_STYLE_COLOUR('',#17022);
#17219 = STYLED_ITEM('color',(#17220),#8151);
#17220 = PRESENTATION_STYLE_ASSIGNMENT((#17221));
#17221 = SURFACE_STYLE_USAGE(.BOTH.,#17222);
#17222 = SURFACE_SIDE_STYLE('',(#17223));
#17223 = SURFACE_STYLE_FILL_AREA(#17224);
#17224 = FILL_AREA_STYLE('',(#17225));
#17225 = FILL_AREA_STYLE_COLOUR('',#17022);
#17226 = STYLED_ITEM('color',(#17227),#8175);
#17227 = PRESENTATION_STYLE_ASSIGNMENT((#17228));
#17228 = SURFACE_STYLE_USAGE(.BOTH.,#17229);
#17229 = SURFACE_SIDE_STYLE('',(#17230));
#17230 = SURFACE_STYLE_FILL_AREA(#17231);
#17231 = FILL_AREA_STYLE('',(#17232));
#17232 = FILL_AREA_STYLE_COLOUR('',#17022);
#17233 = STYLED_ITEM('color',(#17234),#8199);
#17234 = PRESENTATION_STYLE_ASSIGNMENT((#17235));
#17235 = SURFACE_STYLE_USAGE(.BOTH.,#17236);
#17236 = SURFACE_SIDE_STYLE('',(#17237));
#17237 = SURFACE_STYLE_FILL_AREA(#17238);
#17238 = FILL_AREA_STYLE('',(#17239));
#17239 = FILL_AREA_STYLE_COLOUR('',#17022);
#17240 = STYLED_ITEM('color',(#17241),#8216);
#17241 = PRESENTATION_STYLE_ASSIGNMENT((#17242));
#17242 = SURFACE_STYLE_USAGE(.BOTH.,#17243);
#17243 = SURFACE_SIDE_STYLE('',(#17244));
#17244 = SURFACE_STYLE_FILL_AREA(#17245);
#17245 = FILL_AREA_STYLE('',(#17246));
#17246 = FILL_AREA_STYLE_COLOUR('',#17022);
#17247 = STYLED_ITEM('color',(#17248),#8233);
#17248 = PRESENTATION_STYLE_ASSIGNMENT((#17249));
#17249 = SURFACE_STYLE_USAGE(.BOTH.,#17250);
#17250 = SURFACE_SIDE_STYLE('',(#17251));
#17251 = SURFACE_STYLE_FILL_AREA(#17252);
#17252 = FILL_AREA_STYLE('',(#17253));
#17253 = FILL_AREA_STYLE_COLOUR('',#17022);
#17254 = STYLED_ITEM('color',(#17255),#8264);
#17255 = PRESENTATION_STYLE_ASSIGNMENT((#17256));
#17256 = SURFACE_STYLE_USAGE(.BOTH.,#17257);
#17257 = SURFACE_SIDE_STYLE('',(#17258));
#17258 = SURFACE_STYLE_FILL_AREA(#17259);
#17259 = FILL_AREA_STYLE('',(#17260));
#17260 = FILL_AREA_STYLE_COLOUR('',#17022);
#17261 = STYLED_ITEM('color',(#17262),#8281);
#17262 = PRESENTATION_STYLE_ASSIGNMENT((#17263));
#17263 = SURFACE_STYLE_USAGE(.BOTH.,#17264);
#17264 = SURFACE_SIDE_STYLE('',(#17265));
#17265 = SURFACE_STYLE_FILL_AREA(#17266);
#17266 = FILL_AREA_STYLE('',(#17267));
#17267 = FILL_AREA_STYLE_COLOUR('',#17022);
#17268 = STYLED_ITEM('color',(#17269),#8298);
#17269 = PRESENTATION_STYLE_ASSIGNMENT((#17270));
#17270 = SURFACE_STYLE_USAGE(.BOTH.,#17271);
#17271 = SURFACE_SIDE_STYLE('',(#17272));
#17272 = SURFACE_STYLE_FILL_AREA(#17273);
#17273 = FILL_AREA_STYLE('',(#17274));
#17274 = FILL_AREA_STYLE_COLOUR('',#17022);
#17275 = STYLED_ITEM('color',(#17276),#8329);
#17276 = PRESENTATION_STYLE_ASSIGNMENT((#17277));
#17277 = SURFACE_STYLE_USAGE(.BOTH.,#17278);
#17278 = SURFACE_SIDE_STYLE('',(#17279));
#17279 = SURFACE_STYLE_FILL_AREA(#17280);
#17280 = FILL_AREA_STYLE('',(#17281));
#17281 = FILL_AREA_STYLE_COLOUR('',#17022);
#17282 = STYLED_ITEM('color',(#17283),#8346);
#17283 = PRESENTATION_STYLE_ASSIGNMENT((#17284));
#17284 = SURFACE_STYLE_USAGE(.BOTH.,#17285);
#17285 = SURFACE_SIDE_STYLE('',(#17286));
#17286 = SURFACE_STYLE_FILL_AREA(#17287);
#17287 = FILL_AREA_STYLE('',(#17288));
#17288 = FILL_AREA_STYLE_COLOUR('',#17022);
#17289 = STYLED_ITEM('color',(#17290),#8377);
#17290 = PRESENTATION_STYLE_ASSIGNMENT((#17291));
#17291 = SURFACE_STYLE_USAGE(.BOTH.,#17292);
#17292 = SURFACE_SIDE_STYLE('',(#17293));
#17293 = SURFACE_STYLE_FILL_AREA(#17294);
#17294 = FILL_AREA_STYLE('',(#17295));
#17295 = FILL_AREA_STYLE_COLOUR('',#17022);
#17296 = STYLED_ITEM('color',(#17297),#8394);
#17297 = PRESENTATION_STYLE_ASSIGNMENT((#17298));
#17298 = SURFACE_STYLE_USAGE(.BOTH.,#17299);
#17299 = SURFACE_SIDE_STYLE('',(#17300));
#17300 = SURFACE_STYLE_FILL_AREA(#17301);
#17301 = FILL_AREA_STYLE('',(#17302));
#17302 = FILL_AREA_STYLE_COLOUR('',#17022);
#17303 = STYLED_ITEM('color',(#17304),#8411);
#17304 = PRESENTATION_STYLE_ASSIGNMENT((#17305));
#17305 = SURFACE_STYLE_USAGE(.BOTH.,#17306);
#17306 = SURFACE_SIDE_STYLE('',(#17307));
#17307 = SURFACE_STYLE_FILL_AREA(#17308);
#17308 = FILL_AREA_STYLE('',(#17309));
#17309 = FILL_AREA_STYLE_COLOUR('',#17022);
#17310 = STYLED_ITEM('color',(#17311),#8442);
#17311 = PRESENTATION_STYLE_ASSIGNMENT((#17312));
#17312 = SURFACE_STYLE_USAGE(.BOTH.,#17313);
#17313 = SURFACE_SIDE_STYLE('',(#17314));
#17314 = SURFACE_STYLE_FILL_AREA(#17315);
#17315 = FILL_AREA_STYLE('',(#17316));
#17316 = FILL_AREA_STYLE_COLOUR('',#17022);
#17317 = STYLED_ITEM('color',(#17318),#8473);
#17318 = PRESENTATION_STYLE_ASSIGNMENT((#17319));
#17319 = SURFACE_STYLE_USAGE(.BOTH.,#17320);
#17320 = SURFACE_SIDE_STYLE('',(#17321));
#17321 = SURFACE_STYLE_FILL_AREA(#17322);
#17322 = FILL_AREA_STYLE('',(#17323));
#17323 = FILL_AREA_STYLE_COLOUR('',#17022);
#17324 = STYLED_ITEM('color',(#17325),#8490);
#17325 = PRESENTATION_STYLE_ASSIGNMENT((#17326));
#17326 = SURFACE_STYLE_USAGE(.BOTH.,#17327);
#17327 = SURFACE_SIDE_STYLE('',(#17328));
#17328 = SURFACE_STYLE_FILL_AREA(#17329);
#17329 = FILL_AREA_STYLE('',(#17330));
#17330 = FILL_AREA_STYLE_COLOUR('',#17022);
#17331 = STYLED_ITEM('color',(#17332),#8507);
#17332 = PRESENTATION_STYLE_ASSIGNMENT((#17333));
#17333 = SURFACE_STYLE_USAGE(.BOTH.,#17334);
#17334 = SURFACE_SIDE_STYLE('',(#17335));
#17335 = SURFACE_STYLE_FILL_AREA(#17336);
#17336 = FILL_AREA_STYLE('',(#17337));
#17337 = FILL_AREA_STYLE_COLOUR('',#17022);
#17338 = STYLED_ITEM('color',(#17339),#8524);
#17339 = PRESENTATION_STYLE_ASSIGNMENT((#17340));
#17340 = SURFACE_STYLE_USAGE(.BOTH.,#17341);
#17341 = SURFACE_SIDE_STYLE('',(#17342));
#17342 = SURFACE_STYLE_FILL_AREA(#17343);
#17343 = FILL_AREA_STYLE('',(#17344));
#17344 = FILL_AREA_STYLE_COLOUR('',#17022);
#17345 = STYLED_ITEM('color',(#17346),#8555);
#17346 = PRESENTATION_STYLE_ASSIGNMENT((#17347));
#17347 = SURFACE_STYLE_USAGE(.BOTH.,#17348);
#17348 = SURFACE_SIDE_STYLE('',(#17349));
#17349 = SURFACE_STYLE_FILL_AREA(#17350);
#17350 = FILL_AREA_STYLE('',(#17351));
#17351 = FILL_AREA_STYLE_COLOUR('',#17022);
#17352 = STYLED_ITEM('color',(#17353),#8572);
#17353 = PRESENTATION_STYLE_ASSIGNMENT((#17354));
#17354 = SURFACE_STYLE_USAGE(.BOTH.,#17355);
#17355 = SURFACE_SIDE_STYLE('',(#17356));
#17356 = SURFACE_STYLE_FILL_AREA(#17357);
#17357 = FILL_AREA_STYLE('',(#17358));
#17358 = FILL_AREA_STYLE_COLOUR('',#17022);
#17359 = STYLED_ITEM('color',(#17360),#8603);
#17360 = PRESENTATION_STYLE_ASSIGNMENT((#17361));
#17361 = SURFACE_STYLE_USAGE(.BOTH.,#17362);
#17362 = SURFACE_SIDE_STYLE('',(#17363));
#17363 = SURFACE_STYLE_FILL_AREA(#17364);
#17364 = FILL_AREA_STYLE('',(#17365));
#17365 = FILL_AREA_STYLE_COLOUR('',#17022);
#17366 = STYLED_ITEM('color',(#17367),#8620);
#17367 = PRESENTATION_STYLE_ASSIGNMENT((#17368));
#17368 = SURFACE_STYLE_USAGE(.BOTH.,#17369);
#17369 = SURFACE_SIDE_STYLE('',(#17370));
#17370 = SURFACE_STYLE_FILL_AREA(#17371);
#17371 = FILL_AREA_STYLE('',(#17372));
#17372 = FILL_AREA_STYLE_COLOUR('',#17022);
#17373 = STYLED_ITEM('color',(#17374),#8637);
#17374 = PRESENTATION_STYLE_ASSIGNMENT((#17375));
#17375 = SURFACE_STYLE_USAGE(.BOTH.,#17376);
#17376 = SURFACE_SIDE_STYLE('',(#17377));
#17377 = SURFACE_STYLE_FILL_AREA(#17378);
#17378 = FILL_AREA_STYLE('',(#17379));
#17379 = FILL_AREA_STYLE_COLOUR('',#17022);
#17380 = STYLED_ITEM('color',(#17381),#8668);
#17381 = PRESENTATION_STYLE_ASSIGNMENT((#17382));
#17382 = SURFACE_STYLE_USAGE(.BOTH.,#17383);
#17383 = SURFACE_SIDE_STYLE('',(#17384));
#17384 = SURFACE_STYLE_FILL_AREA(#17385);
#17385 = FILL_AREA_STYLE('',(#17386));
#17386 = FILL_AREA_STYLE_COLOUR('',#17022);
#17387 = STYLED_ITEM('color',(#17388),#8699);
#17388 = PRESENTATION_STYLE_ASSIGNMENT((#17389));
#17389 = SURFACE_STYLE_USAGE(.BOTH.,#17390);
#17390 = SURFACE_SIDE_STYLE('',(#17391));
#17391 = SURFACE_STYLE_FILL_AREA(#17392);
#17392 = FILL_AREA_STYLE('',(#17393));
#17393 = FILL_AREA_STYLE_COLOUR('',#17022);
#17394 = STYLED_ITEM('color',(#17395),#8723);
#17395 = PRESENTATION_STYLE_ASSIGNMENT((#17396));
#17396 = SURFACE_STYLE_USAGE(.BOTH.,#17397);
#17397 = SURFACE_SIDE_STYLE('',(#17398));
#17398 = SURFACE_STYLE_FILL_AREA(#17399);
#17399 = FILL_AREA_STYLE('',(#17400));
#17400 = FILL_AREA_STYLE_COLOUR('',#17022);
#17401 = STYLED_ITEM('color',(#17402),#8747);
#17402 = PRESENTATION_STYLE_ASSIGNMENT((#17403));
#17403 = SURFACE_STYLE_USAGE(.BOTH.,#17404);
#17404 = SURFACE_SIDE_STYLE('',(#17405));
#17405 = SURFACE_STYLE_FILL_AREA(#17406);
#17406 = FILL_AREA_STYLE('',(#17407));
#17407 = FILL_AREA_STYLE_COLOUR('',#17022);
#17408 = STYLED_ITEM('color',(#17409),#8764);
#17409 = PRESENTATION_STYLE_ASSIGNMENT((#17410));
#17410 = SURFACE_STYLE_USAGE(.BOTH.,#17411);
#17411 = SURFACE_SIDE_STYLE('',(#17412));
#17412 = SURFACE_STYLE_FILL_AREA(#17413);
#17413 = FILL_AREA_STYLE('',(#17414));
#17414 = FILL_AREA_STYLE_COLOUR('',#17022);
#17415 = STYLED_ITEM('color',(#17416),#8795);
#17416 = PRESENTATION_STYLE_ASSIGNMENT((#17417));
#17417 = SURFACE_STYLE_USAGE(.BOTH.,#17418);
#17418 = SURFACE_SIDE_STYLE('',(#17419));
#17419 = SURFACE_STYLE_FILL_AREA(#17420);
#17420 = FILL_AREA_STYLE('',(#17421));
#17421 = FILL_AREA_STYLE_COLOUR('',#17022);
#17422 = STYLED_ITEM('color',(#17423),#8819);
#17423 = PRESENTATION_STYLE_ASSIGNMENT((#17424));
#17424 = SURFACE_STYLE_USAGE(.BOTH.,#17425);
#17425 = SURFACE_SIDE_STYLE('',(#17426));
#17426 = SURFACE_STYLE_FILL_AREA(#17427);
#17427 = FILL_AREA_STYLE('',(#17428));
#17428 = FILL_AREA_STYLE_COLOUR('',#17022);
#17429 = STYLED_ITEM('color',(#17430),#8843);
#17430 = PRESENTATION_STYLE_ASSIGNMENT((#17431));
#17431 = SURFACE_STYLE_USAGE(.BOTH.,#17432);
#17432 = SURFACE_SIDE_STYLE('',(#17433));
#17433 = SURFACE_STYLE_FILL_AREA(#17434);
#17434 = FILL_AREA_STYLE('',(#17435));
#17435 = FILL_AREA_STYLE_COLOUR('',#17022);
#17436 = STYLED_ITEM('color',(#17437),#8860);
#17437 = PRESENTATION_STYLE_ASSIGNMENT((#17438));
#17438 = SURFACE_STYLE_USAGE(.BOTH.,#17439);
#17439 = SURFACE_SIDE_STYLE('',(#17440));
#17440 = SURFACE_STYLE_FILL_AREA(#17441);
#17441 = FILL_AREA_STYLE('',(#17442));
#17442 = FILL_AREA_STYLE_COLOUR('',#17022);
#17443 = STYLED_ITEM('color',(#17444),#8891);
#17444 = PRESENTATION_STYLE_ASSIGNMENT((#17445));
#17445 = SURFACE_STYLE_USAGE(.BOTH.,#17446);
#17446 = SURFACE_SIDE_STYLE('',(#17447));
#17447 = SURFACE_STYLE_FILL_AREA(#17448);
#17448 = FILL_AREA_STYLE('',(#17449));
#17449 = FILL_AREA_STYLE_COLOUR('',#17022);
#17450 = STYLED_ITEM('color',(#17451),#8915);
#17451 = PRESENTATION_STYLE_ASSIGNMENT((#17452));
#17452 = SURFACE_STYLE_USAGE(.BOTH.,#17453);
#17453 = SURFACE_SIDE_STYLE('',(#17454));
#17454 = SURFACE_STYLE_FILL_AREA(#17455);
#17455 = FILL_AREA_STYLE('',(#17456));
#17456 = FILL_AREA_STYLE_COLOUR('',#17022);
#17457 = STYLED_ITEM('color',(#17458),#8939);
#17458 = PRESENTATION_STYLE_ASSIGNMENT((#17459));
#17459 = SURFACE_STYLE_USAGE(.BOTH.,#17460);
#17460 = SURFACE_SIDE_STYLE('',(#17461));
#17461 = SURFACE_STYLE_FILL_AREA(#17462);
#17462 = FILL_AREA_STYLE('',(#17463));
#17463 = FILL_AREA_STYLE_COLOUR('',#17022);
#17464 = STYLED_ITEM('color',(#17465),#8956);
#17465 = PRESENTATION_STYLE_ASSIGNMENT((#17466));
#17466 = SURFACE_STYLE_USAGE(.BOTH.,#17467);
#17467 = SURFACE_SIDE_STYLE('',(#17468));
#17468 = SURFACE_STYLE_FILL_AREA(#17469);
#17469 = FILL_AREA_STYLE('',(#17470));
#17470 = FILL_AREA_STYLE_COLOUR('',#17022);
#17471 = STYLED_ITEM('color',(#17472),#8987);
#17472 = PRESENTATION_STYLE_ASSIGNMENT((#17473));
#17473 = SURFACE_STYLE_USAGE(.BOTH.,#17474);
#17474 = SURFACE_SIDE_STYLE('',(#17475));
#17475 = SURFACE_STYLE_FILL_AREA(#17476);
#17476 = FILL_AREA_STYLE('',(#17477));
#17477 = FILL_AREA_STYLE_COLOUR('',#17022);
#17478 = STYLED_ITEM('color',(#17479),#9011);
#17479 = PRESENTATION_STYLE_ASSIGNMENT((#17480));
#17480 = SURFACE_STYLE_USAGE(.BOTH.,#17481);
#17481 = SURFACE_SIDE_STYLE('',(#17482));
#17482 = SURFACE_STYLE_FILL_AREA(#17483);
#17483 = FILL_AREA_STYLE('',(#17484));
#17484 = FILL_AREA_STYLE_COLOUR('',#17022);
#17485 = STYLED_ITEM('color',(#17486),#9035);
#17486 = PRESENTATION_STYLE_ASSIGNMENT((#17487));
#17487 = SURFACE_STYLE_USAGE(.BOTH.,#17488);
#17488 = SURFACE_SIDE_STYLE('',(#17489));
#17489 = SURFACE_STYLE_FILL_AREA(#17490);
#17490 = FILL_AREA_STYLE('',(#17491));
#17491 = FILL_AREA_STYLE_COLOUR('',#17022);
#17492 = STYLED_ITEM('color',(#17493),#9052);
#17493 = PRESENTATION_STYLE_ASSIGNMENT((#17494));
#17494 = SURFACE_STYLE_USAGE(.BOTH.,#17495);
#17495 = SURFACE_SIDE_STYLE('',(#17496));
#17496 = SURFACE_STYLE_FILL_AREA(#17497);
#17497 = FILL_AREA_STYLE('',(#17498));
#17498 = FILL_AREA_STYLE_COLOUR('',#17022);
#17499 = STYLED_ITEM('color',(#17500),#9069);
#17500 = PRESENTATION_STYLE_ASSIGNMENT((#17501));
#17501 = SURFACE_STYLE_USAGE(.BOTH.,#17502);
#17502 = SURFACE_SIDE_STYLE('',(#17503));
#17503 = SURFACE_STYLE_FILL_AREA(#17504);
#17504 = FILL_AREA_STYLE('',(#17505));
#17505 = FILL_AREA_STYLE_COLOUR('',#17022);
#17506 = STYLED_ITEM('color',(#17507),#9086);
#17507 = PRESENTATION_STYLE_ASSIGNMENT((#17508));
#17508 = SURFACE_STYLE_USAGE(.BOTH.,#17509);
#17509 = SURFACE_SIDE_STYLE('',(#17510));
#17510 = SURFACE_STYLE_FILL_AREA(#17511);
#17511 = FILL_AREA_STYLE('',(#17512));
#17512 = FILL_AREA_STYLE_COLOUR('',#17022);
#17513 = STYLED_ITEM('color',(#17514),#9098);
#17514 = PRESENTATION_STYLE_ASSIGNMENT((#17515));
#17515 = SURFACE_STYLE_USAGE(.BOTH.,#17516);
#17516 = SURFACE_SIDE_STYLE('',(#17517));
#17517 = SURFACE_STYLE_FILL_AREA(#17518);
#17518 = FILL_AREA_STYLE('',(#17519));
#17519 = FILL_AREA_STYLE_COLOUR('',#17022);
#17520 = STYLED_ITEM('color',(#17521),#9115);
#17521 = PRESENTATION_STYLE_ASSIGNMENT((#17522));
#17522 = SURFACE_STYLE_USAGE(.BOTH.,#17523);
#17523 = SURFACE_SIDE_STYLE('',(#17524));
#17524 = SURFACE_STYLE_FILL_AREA(#17525);
#17525 = FILL_AREA_STYLE('',(#17526));
#17526 = FILL_AREA_STYLE_COLOUR('',#17022);
#17527 = STYLED_ITEM('color',(#17528),#9132);
#17528 = PRESENTATION_STYLE_ASSIGNMENT((#17529));
#17529 = SURFACE_STYLE_USAGE(.BOTH.,#17530);
#17530 = SURFACE_SIDE_STYLE('',(#17531));
#17531 = SURFACE_STYLE_FILL_AREA(#17532);
#17532 = FILL_AREA_STYLE('',(#17533));
#17533 = FILL_AREA_STYLE_COLOUR('',#17022);
#17534 = STYLED_ITEM('color',(#17535),#9144);
#17535 = PRESENTATION_STYLE_ASSIGNMENT((#17536));
#17536 = SURFACE_STYLE_USAGE(.BOTH.,#17537);
#17537 = SURFACE_SIDE_STYLE('',(#17538));
#17538 = SURFACE_STYLE_FILL_AREA(#17539);
#17539 = FILL_AREA_STYLE('',(#17540));
#17540 = FILL_AREA_STYLE_COLOUR('',#17022);
#17541 = STYLED_ITEM('color',(#17542),#9161);
#17542 = PRESENTATION_STYLE_ASSIGNMENT((#17543));
#17543 = SURFACE_STYLE_USAGE(.BOTH.,#17544);
#17544 = SURFACE_SIDE_STYLE('',(#17545));
#17545 = SURFACE_STYLE_FILL_AREA(#17546);
#17546 = FILL_AREA_STYLE('',(#17547));
#17547 = FILL_AREA_STYLE_COLOUR('',#17022);
#17548 = STYLED_ITEM('color',(#17549),#9178);
#17549 = PRESENTATION_STYLE_ASSIGNMENT((#17550));
#17550 = SURFACE_STYLE_USAGE(.BOTH.,#17551);
#17551 = SURFACE_SIDE_STYLE('',(#17552));
#17552 = SURFACE_STYLE_FILL_AREA(#17553);
#17553 = FILL_AREA_STYLE('',(#17554));
#17554 = FILL_AREA_STYLE_COLOUR('',#17022);
#17555 = STYLED_ITEM('color',(#17556),#9190);
#17556 = PRESENTATION_STYLE_ASSIGNMENT((#17557));
#17557 = SURFACE_STYLE_USAGE(.BOTH.,#17558);
#17558 = SURFACE_SIDE_STYLE('',(#17559));
#17559 = SURFACE_STYLE_FILL_AREA(#17560);
#17560 = FILL_AREA_STYLE('',(#17561));
#17561 = FILL_AREA_STYLE_COLOUR('',#17022);
#17562 = STYLED_ITEM('color',(#17563),#9207);
#17563 = PRESENTATION_STYLE_ASSIGNMENT((#17564));
#17564 = SURFACE_STYLE_USAGE(.BOTH.,#17565);
#17565 = SURFACE_SIDE_STYLE('',(#17566));
#17566 = SURFACE_STYLE_FILL_AREA(#17567);
#17567 = FILL_AREA_STYLE('',(#17568));
#17568 = FILL_AREA_STYLE_COLOUR('',#17022);
#17569 = STYLED_ITEM('color',(#17570),#9224);
#17570 = PRESENTATION_STYLE_ASSIGNMENT((#17571));
#17571 = SURFACE_STYLE_USAGE(.BOTH.,#17572);
#17572 = SURFACE_SIDE_STYLE('',(#17573));
#17573 = SURFACE_STYLE_FILL_AREA(#17574);
#17574 = FILL_AREA_STYLE('',(#17575));
#17575 = FILL_AREA_STYLE_COLOUR('',#17022);
#17576 = STYLED_ITEM('color',(#17577),#9236);
#17577 = PRESENTATION_STYLE_ASSIGNMENT((#17578));
#17578 = SURFACE_STYLE_USAGE(.BOTH.,#17579);
#17579 = SURFACE_SIDE_STYLE('',(#17580));
#17580 = SURFACE_STYLE_FILL_AREA(#17581);
#17581 = FILL_AREA_STYLE('',(#17582));
#17582 = FILL_AREA_STYLE_COLOUR('',#17022);
#17583 = STYLED_ITEM('color',(#17584),#9248);
#17584 = PRESENTATION_STYLE_ASSIGNMENT((#17585));
#17585 = SURFACE_STYLE_USAGE(.BOTH.,#17586);
#17586 = SURFACE_SIDE_STYLE('',(#17587));
#17587 = SURFACE_STYLE_FILL_AREA(#17588);
#17588 = FILL_AREA_STYLE('',(#17589));
#17589 = FILL_AREA_STYLE_COLOUR('',#17022);
#17590 = STYLED_ITEM('color',(#17591),#9260);
#17591 = PRESENTATION_STYLE_ASSIGNMENT((#17592));
#17592 = SURFACE_STYLE_USAGE(.BOTH.,#17593);
#17593 = SURFACE_SIDE_STYLE('',(#17594));
#17594 = SURFACE_STYLE_FILL_AREA(#17595);
#17595 = FILL_AREA_STYLE('',(#17596));
#17596 = FILL_AREA_STYLE_COLOUR('',#17022);
#17597 = STYLED_ITEM('color',(#17598),#9272);
#17598 = PRESENTATION_STYLE_ASSIGNMENT((#17599));
#17599 = SURFACE_STYLE_USAGE(.BOTH.,#17600);
#17600 = SURFACE_SIDE_STYLE('',(#17601));
#17601 = SURFACE_STYLE_FILL_AREA(#17602);
#17602 = FILL_AREA_STYLE('',(#17603));
#17603 = FILL_AREA_STYLE_COLOUR('',#17022);
#17604 = MECHANICAL_DESIGN_GEOMETRIC_PRESENTATION_REPRESENTATION('',(
    #17605,#17612,#17619,#17626,#17633,#17640,#17647,#17654,#17661,
    #17668,#17675,#17682,#17689,#17696,#17703,#17710,#17717,#17724,
    #17731,#17738,#17745,#17752,#17759,#17766,#17773,#17780,#17787,
    #17794,#17801,#17808,#17815,#17822,#17829,#17836,#17843,#17850,
    #17857,#17864,#17871,#17878,#17885,#17892,#17899,#17906,#17913,
    #17920,#17927,#17934,#17941,#17948,#17955,#17962,#17969,#17976,
    #17983,#17990,#17997,#18004,#18011,#18018,#18025,#18032,#18039,
    #18046,#18053,#18060,#18067,#18074,#18081,#18088,#18095,#18102,
    #18109,#18116,#18123,#18130,#18137,#18144,#18151,#18158,#18165,
    #18172,#18179,#18186,#18193,#18200,#18207,#18214,#18221,#18228,
    #18235,#18242,#18249,#18256,#18263,#18270,#18277,#18284,#18291,
    #18298,#18305,#18312,#18319,#18326,#18333,#18340,#18347,#18354,
    #18361,#18368,#18375,#18382,#18389,#18396,#18403,#18410,#18417,
    #18424,#18431,#18438,#18445,#18452,#18459,#18466,#18473,#18480,
    #18487,#18494,#18501,#18508,#18515,#18522,#18529,#18536,#18543,
    #18550,#18557,#18564,#18571,#18578,#18585,#18592,#18599,#18606,
    #18613,#18620,#18627,#18634),#4280);
#17605 = STYLED_ITEM('color',(#17606),#142);
#17606 = PRESENTATION_STYLE_ASSIGNMENT((#17607));
#17607 = SURFACE_STYLE_USAGE(.BOTH.,#17608);
#17608 = SURFACE_SIDE_STYLE('',(#17609));
#17609 = SURFACE_STYLE_FILL_AREA(#17610);
#17610 = FILL_AREA_STYLE('',(#17611));
#17611 = FILL_AREA_STYLE_COLOUR('',#16825);
#17612 = STYLED_ITEM('color',(#17613),#182);
#17613 = PRESENTATION_STYLE_ASSIGNMENT((#17614));
#17614 = SURFACE_STYLE_USAGE(.BOTH.,#17615);
#17615 = SURFACE_SIDE_STYLE('',(#17616));
#17616 = SURFACE_STYLE_FILL_AREA(#17617);
#17617 = FILL_AREA_STYLE('',(#17618));
#17618 = FILL_AREA_STYLE_COLOUR('',#16825);
#17619 = STYLED_ITEM('color',(#17620),#213);
#17620 = PRESENTATION_STYLE_ASSIGNMENT((#17621));
#17621 = SURFACE_STYLE_USAGE(.BOTH.,#17622);
#17622 = SURFACE_SIDE_STYLE('',(#17623));
#17623 = SURFACE_STYLE_FILL_AREA(#17624);
#17624 = FILL_AREA_STYLE('',(#17625));
#17625 = FILL_AREA_STYLE_COLOUR('',#16825);
#17626 = STYLED_ITEM('color',(#17627),#244);
#17627 = PRESENTATION_STYLE_ASSIGNMENT((#17628));
#17628 = SURFACE_STYLE_USAGE(.BOTH.,#17629);
#17629 = SURFACE_SIDE_STYLE('',(#17630));
#17630 = SURFACE_STYLE_FILL_AREA(#17631);
#17631 = FILL_AREA_STYLE('',(#17632));
#17632 = FILL_AREA_STYLE_COLOUR('',#16825);
#17633 = STYLED_ITEM('color',(#17634),#593);
#17634 = PRESENTATION_STYLE_ASSIGNMENT((#17635));
#17635 = SURFACE_STYLE_USAGE(.BOTH.,#17636);
#17636 = SURFACE_SIDE_STYLE('',(#17637));
#17637 = SURFACE_STYLE_FILL_AREA(#17638);
#17638 = FILL_AREA_STYLE('',(#17639));
#17639 = FILL_AREA_STYLE_COLOUR('',#16825);
#17640 = STYLED_ITEM('color',(#17641),#942);
#17641 = PRESENTATION_STYLE_ASSIGNMENT((#17642));
#17642 = SURFACE_STYLE_USAGE(.BOTH.,#17643);
#17643 = SURFACE_SIDE_STYLE('',(#17644));
#17644 = SURFACE_STYLE_FILL_AREA(#17645);
#17645 = FILL_AREA_STYLE('',(#17646));
#17646 = FILL_AREA_STYLE_COLOUR('',#16825);
#17647 = STYLED_ITEM('color',(#17648),#959);
#17648 = PRESENTATION_STYLE_ASSIGNMENT((#17649));
#17649 = SURFACE_STYLE_USAGE(.BOTH.,#17650);
#17650 = SURFACE_SIDE_STYLE('',(#17651));
#17651 = SURFACE_STYLE_FILL_AREA(#17652);
#17652 = FILL_AREA_STYLE('',(#17653));
#17653 = FILL_AREA_STYLE_COLOUR('',#16825);
#17654 = STYLED_ITEM('color',(#17655),#976);
#17655 = PRESENTATION_STYLE_ASSIGNMENT((#17656));
#17656 = SURFACE_STYLE_USAGE(.BOTH.,#17657);
#17657 = SURFACE_SIDE_STYLE('',(#17658));
#17658 = SURFACE_STYLE_FILL_AREA(#17659);
#17659 = FILL_AREA_STYLE('',(#17660));
#17660 = FILL_AREA_STYLE_COLOUR('',#16825);
#17661 = STYLED_ITEM('color',(#17662),#993);
#17662 = PRESENTATION_STYLE_ASSIGNMENT((#17663));
#17663 = SURFACE_STYLE_USAGE(.BOTH.,#17664);
#17664 = SURFACE_SIDE_STYLE('',(#17665));
#17665 = SURFACE_STYLE_FILL_AREA(#17666);
#17666 = FILL_AREA_STYLE('',(#17667));
#17667 = FILL_AREA_STYLE_COLOUR('',#16825);
#17668 = STYLED_ITEM('color',(#17669),#1010);
#17669 = PRESENTATION_STYLE_ASSIGNMENT((#17670));
#17670 = SURFACE_STYLE_USAGE(.BOTH.,#17671);
#17671 = SURFACE_SIDE_STYLE('',(#17672));
#17672 = SURFACE_STYLE_FILL_AREA(#17673);
#17673 = FILL_AREA_STYLE('',(#17674));
#17674 = FILL_AREA_STYLE_COLOUR('',#16825);
#17675 = STYLED_ITEM('color',(#17676),#1027);
#17676 = PRESENTATION_STYLE_ASSIGNMENT((#17677));
#17677 = SURFACE_STYLE_USAGE(.BOTH.,#17678);
#17678 = SURFACE_SIDE_STYLE('',(#17679));
#17679 = SURFACE_STYLE_FILL_AREA(#17680);
#17680 = FILL_AREA_STYLE('',(#17681));
#17681 = FILL_AREA_STYLE_COLOUR('',#16825);
#17682 = STYLED_ITEM('color',(#17683),#1044);
#17683 = PRESENTATION_STYLE_ASSIGNMENT((#17684));
#17684 = SURFACE_STYLE_USAGE(.BOTH.,#17685);
#17685 = SURFACE_SIDE_STYLE('',(#17686));
#17686 = SURFACE_STYLE_FILL_AREA(#17687);
#17687 = FILL_AREA_STYLE('',(#17688));
#17688 = FILL_AREA_STYLE_COLOUR('',#16825);
#17689 = STYLED_ITEM('color',(#17690),#1061);
#17690 = PRESENTATION_STYLE_ASSIGNMENT((#17691));
#17691 = SURFACE_STYLE_USAGE(.BOTH.,#17692);
#17692 = SURFACE_SIDE_STYLE('',(#17693));
#17693 = SURFACE_STYLE_FILL_AREA(#17694);
#17694 = FILL_AREA_STYLE('',(#17695));
#17695 = FILL_AREA_STYLE_COLOUR('',#16825);
#17696 = STYLED_ITEM('color',(#17697),#1078);
#17697 = PRESENTATION_STYLE_ASSIGNMENT((#17698));
#17698 = SURFACE_STYLE_USAGE(.BOTH.,#17699);
#17699 = SURFACE_SIDE_STYLE('',(#17700));
#17700 = SURFACE_STYLE_FILL_AREA(#17701);
#17701 = FILL_AREA_STYLE('',(#17702));
#17702 = FILL_AREA_STYLE_COLOUR('',#16825);
#17703 = STYLED_ITEM('color',(#17704),#1095);
#17704 = PRESENTATION_STYLE_ASSIGNMENT((#17705));
#17705 = SURFACE_STYLE_USAGE(.BOTH.,#17706);
#17706 = SURFACE_SIDE_STYLE('',(#17707));
#17707 = SURFACE_STYLE_FILL_AREA(#17708);
#17708 = FILL_AREA_STYLE('',(#17709));
#17709 = FILL_AREA_STYLE_COLOUR('',#16825);
#17710 = STYLED_ITEM('color',(#17711),#1112);
#17711 = PRESENTATION_STYLE_ASSIGNMENT((#17712));
#17712 = SURFACE_STYLE_USAGE(.BOTH.,#17713);
#17713 = SURFACE_SIDE_STYLE('',(#17714));
#17714 = SURFACE_STYLE_FILL_AREA(#17715);
#17715 = FILL_AREA_STYLE('',(#17716));
#17716 = FILL_AREA_STYLE_COLOUR('',#16825);
#17717 = STYLED_ITEM('color',(#17718),#1129);
#17718 = PRESENTATION_STYLE_ASSIGNMENT((#17719));
#17719 = SURFACE_STYLE_USAGE(.BOTH.,#17720);
#17720 = SURFACE_SIDE_STYLE('',(#17721));
#17721 = SURFACE_STYLE_FILL_AREA(#17722);
#17722 = FILL_AREA_STYLE('',(#17723));
#17723 = FILL_AREA_STYLE_COLOUR('',#16825);
#17724 = STYLED_ITEM('color',(#17725),#1146);
#17725 = PRESENTATION_STYLE_ASSIGNMENT((#17726));
#17726 = SURFACE_STYLE_USAGE(.BOTH.,#17727);
#17727 = SURFACE_SIDE_STYLE('',(#17728));
#17728 = SURFACE_STYLE_FILL_AREA(#17729);
#17729 = FILL_AREA_STYLE('',(#17730));
#17730 = FILL_AREA_STYLE_COLOUR('',#16825);
#17731 = STYLED_ITEM('color',(#17732),#1163);
#17732 = PRESENTATION_STYLE_ASSIGNMENT((#17733));
#17733 = SURFACE_STYLE_USAGE(.BOTH.,#17734);
#17734 = SURFACE_SIDE_STYLE('',(#17735));
#17735 = SURFACE_STYLE_FILL_AREA(#17736);
#17736 = FILL_AREA_STYLE('',(#17737));
#17737 = FILL_AREA_STYLE_COLOUR('',#16825);
#17738 = STYLED_ITEM('color',(#17739),#1180);
#17739 = PRESENTATION_STYLE_ASSIGNMENT((#17740));
#17740 = SURFACE_STYLE_USAGE(.BOTH.,#17741);
#17741 = SURFACE_SIDE_STYLE('',(#17742));
#17742 = SURFACE_STYLE_FILL_AREA(#17743);
#17743 = FILL_AREA_STYLE('',(#17744));
#17744 = FILL_AREA_STYLE_COLOUR('',#16825);
#17745 = STYLED_ITEM('color',(#17746),#1197);
#17746 = PRESENTATION_STYLE_ASSIGNMENT((#17747));
#17747 = SURFACE_STYLE_USAGE(.BOTH.,#17748);
#17748 = SURFACE_SIDE_STYLE('',(#17749));
#17749 = SURFACE_STYLE_FILL_AREA(#17750);
#17750 = FILL_AREA_STYLE('',(#17751));
#17751 = FILL_AREA_STYLE_COLOUR('',#16825);
#17752 = STYLED_ITEM('color',(#17753),#1214);
#17753 = PRESENTATION_STYLE_ASSIGNMENT((#17754));
#17754 = SURFACE_STYLE_USAGE(.BOTH.,#17755);
#17755 = SURFACE_SIDE_STYLE('',(#17756));
#17756 = SURFACE_STYLE_FILL_AREA(#17757);
#17757 = FILL_AREA_STYLE('',(#17758));
#17758 = FILL_AREA_STYLE_COLOUR('',#16825);
#17759 = STYLED_ITEM('color',(#17760),#1226);
#17760 = PRESENTATION_STYLE_ASSIGNMENT((#17761));
#17761 = SURFACE_STYLE_USAGE(.BOTH.,#17762);
#17762 = SURFACE_SIDE_STYLE('',(#17763));
#17763 = SURFACE_STYLE_FILL_AREA(#17764);
#17764 = FILL_AREA_STYLE('',(#17765));
#17765 = FILL_AREA_STYLE_COLOUR('',#17022);
#17766 = STYLED_ITEM('color',(#17767),#1282);
#17767 = PRESENTATION_STYLE_ASSIGNMENT((#17768));
#17768 = SURFACE_STYLE_USAGE(.BOTH.,#17769);
#17769 = SURFACE_SIDE_STYLE('',(#17770));
#17770 = SURFACE_STYLE_FILL_AREA(#17771);
#17771 = FILL_AREA_STYLE('',(#17772));
#17772 = FILL_AREA_STYLE_COLOUR('',#17022);
#17773 = STYLED_ITEM('color',(#17774),#1306);
#17774 = PRESENTATION_STYLE_ASSIGNMENT((#17775));
#17775 = SURFACE_STYLE_USAGE(.BOTH.,#17776);
#17776 = SURFACE_SIDE_STYLE('',(#17777));
#17777 = SURFACE_STYLE_FILL_AREA(#17778);
#17778 = FILL_AREA_STYLE('',(#17779));
#17779 = FILL_AREA_STYLE_COLOUR('',#17022);
#17780 = STYLED_ITEM('color',(#17781),#1355);
#17781 = PRESENTATION_STYLE_ASSIGNMENT((#17782));
#17782 = SURFACE_STYLE_USAGE(.BOTH.,#17783);
#17783 = SURFACE_SIDE_STYLE('',(#17784));
#17784 = SURFACE_STYLE_FILL_AREA(#17785);
#17785 = FILL_AREA_STYLE('',(#17786));
#17786 = FILL_AREA_STYLE_COLOUR('',#17022);
#17787 = STYLED_ITEM('color',(#17788),#1372);
#17788 = PRESENTATION_STYLE_ASSIGNMENT((#17789));
#17789 = SURFACE_STYLE_USAGE(.BOTH.,#17790);
#17790 = SURFACE_SIDE_STYLE('',(#17791));
#17791 = SURFACE_STYLE_FILL_AREA(#17792);
#17792 = FILL_AREA_STYLE('',(#17793));
#17793 = FILL_AREA_STYLE_COLOUR('',#17022);
#17794 = STYLED_ITEM('color',(#17795),#1428);
#17795 = PRESENTATION_STYLE_ASSIGNMENT((#17796));
#17796 = SURFACE_STYLE_USAGE(.BOTH.,#17797);
#17797 = SURFACE_SIDE_STYLE('',(#17798));
#17798 = SURFACE_STYLE_FILL_AREA(#17799);
#17799 = FILL_AREA_STYLE('',(#17800));
#17800 = FILL_AREA_STYLE_COLOUR('',#17022);
#17801 = STYLED_ITEM('color',(#17802),#1452);
#17802 = PRESENTATION_STYLE_ASSIGNMENT((#17803));
#17803 = SURFACE_STYLE_USAGE(.BOTH.,#17804);
#17804 = SURFACE_SIDE_STYLE('',(#17805));
#17805 = SURFACE_STYLE_FILL_AREA(#17806);
#17806 = FILL_AREA_STYLE('',(#17807));
#17807 = FILL_AREA_STYLE_COLOUR('',#17022);
#17808 = STYLED_ITEM('color',(#17809),#1501);
#17809 = PRESENTATION_STYLE_ASSIGNMENT((#17810));
#17810 = SURFACE_STYLE_USAGE(.BOTH.,#17811);
#17811 = SURFACE_SIDE_STYLE('',(#17812));
#17812 = SURFACE_STYLE_FILL_AREA(#17813);
#17813 = FILL_AREA_STYLE('',(#17814));
#17814 = FILL_AREA_STYLE_COLOUR('',#17022);
#17815 = STYLED_ITEM('color',(#17816),#1518);
#17816 = PRESENTATION_STYLE_ASSIGNMENT((#17817));
#17817 = SURFACE_STYLE_USAGE(.BOTH.,#17818);
#17818 = SURFACE_SIDE_STYLE('',(#17819));
#17819 = SURFACE_STYLE_FILL_AREA(#17820);
#17820 = FILL_AREA_STYLE('',(#17821));
#17821 = FILL_AREA_STYLE_COLOUR('',#17022);
#17822 = STYLED_ITEM('color',(#17823),#1549);
#17823 = PRESENTATION_STYLE_ASSIGNMENT((#17824));
#17824 = SURFACE_STYLE_USAGE(.BOTH.,#17825);
#17825 = SURFACE_SIDE_STYLE('',(#17826));
#17826 = SURFACE_STYLE_FILL_AREA(#17827);
#17827 = FILL_AREA_STYLE('',(#17828));
#17828 = FILL_AREA_STYLE_COLOUR('',#17022);
#17829 = STYLED_ITEM('color',(#17830),#1598);
#17830 = PRESENTATION_STYLE_ASSIGNMENT((#17831));
#17831 = SURFACE_STYLE_USAGE(.BOTH.,#17832);
#17832 = SURFACE_SIDE_STYLE('',(#17833));
#17833 = SURFACE_STYLE_FILL_AREA(#17834);
#17834 = FILL_AREA_STYLE('',(#17835));
#17835 = FILL_AREA_STYLE_COLOUR('',#17022);
#17836 = STYLED_ITEM('color',(#17837),#1622);
#17837 = PRESENTATION_STYLE_ASSIGNMENT((#17838));
#17838 = SURFACE_STYLE_USAGE(.BOTH.,#17839);
#17839 = SURFACE_SIDE_STYLE('',(#17840));
#17840 = SURFACE_STYLE_FILL_AREA(#17841);
#17841 = FILL_AREA_STYLE('',(#17842));
#17842 = FILL_AREA_STYLE_COLOUR('',#17022);
#17843 = STYLED_ITEM('color',(#17844),#1664);
#17844 = PRESENTATION_STYLE_ASSIGNMENT((#17845));
#17845 = SURFACE_STYLE_USAGE(.BOTH.,#17846);
#17846 = SURFACE_SIDE_STYLE('',(#17847));
#17847 = SURFACE_STYLE_FILL_AREA(#17848);
#17848 = FILL_AREA_STYLE('',(#17849));
#17849 = FILL_AREA_STYLE_COLOUR('',#17022);
#17850 = STYLED_ITEM('color',(#17851),#1720);
#17851 = PRESENTATION_STYLE_ASSIGNMENT((#17852));
#17852 = SURFACE_STYLE_USAGE(.BOTH.,#17853);
#17853 = SURFACE_SIDE_STYLE('',(#17854));
#17854 = SURFACE_STYLE_FILL_AREA(#17855);
#17855 = FILL_AREA_STYLE('',(#17856));
#17856 = FILL_AREA_STYLE_COLOUR('',#17022);
#17857 = STYLED_ITEM('color',(#17858),#1744);
#17858 = PRESENTATION_STYLE_ASSIGNMENT((#17859));
#17859 = SURFACE_STYLE_USAGE(.BOTH.,#17860);
#17860 = SURFACE_SIDE_STYLE('',(#17861));
#17861 = SURFACE_STYLE_FILL_AREA(#17862);
#17862 = FILL_AREA_STYLE('',(#17863));
#17863 = FILL_AREA_STYLE_COLOUR('',#17022);
#17864 = STYLED_ITEM('color',(#17865),#1793);
#17865 = PRESENTATION_STYLE_ASSIGNMENT((#17866));
#17866 = SURFACE_STYLE_USAGE(.BOTH.,#17867);
#17867 = SURFACE_SIDE_STYLE('',(#17868));
#17868 = SURFACE_STYLE_FILL_AREA(#17869);
#17869 = FILL_AREA_STYLE('',(#17870));
#17870 = FILL_AREA_STYLE_COLOUR('',#17022);
#17871 = STYLED_ITEM('color',(#17872),#1810);
#17872 = PRESENTATION_STYLE_ASSIGNMENT((#17873));
#17873 = SURFACE_STYLE_USAGE(.BOTH.,#17874);
#17874 = SURFACE_SIDE_STYLE('',(#17875));
#17875 = SURFACE_STYLE_FILL_AREA(#17876);
#17876 = FILL_AREA_STYLE('',(#17877));
#17877 = FILL_AREA_STYLE_COLOUR('',#17022);
#17878 = STYLED_ITEM('color',(#17879),#1841);
#17879 = PRESENTATION_STYLE_ASSIGNMENT((#17880));
#17880 = SURFACE_STYLE_USAGE(.BOTH.,#17881);
#17881 = SURFACE_SIDE_STYLE('',(#17882));
#17882 = SURFACE_STYLE_FILL_AREA(#17883);
#17883 = FILL_AREA_STYLE('',(#17884));
#17884 = FILL_AREA_STYLE_COLOUR('',#17022);
#17885 = STYLED_ITEM('color',(#17886),#1890);
#17886 = PRESENTATION_STYLE_ASSIGNMENT((#17887));
#17887 = SURFACE_STYLE_USAGE(.BOTH.,#17888);
#17888 = SURFACE_SIDE_STYLE('',(#17889));
#17889 = SURFACE_STYLE_FILL_AREA(#17890);
#17890 = FILL_AREA_STYLE('',(#17891));
#17891 = FILL_AREA_STYLE_COLOUR('',#17022);
#17892 = STYLED_ITEM('color',(#17893),#1914);
#17893 = PRESENTATION_STYLE_ASSIGNMENT((#17894));
#17894 = SURFACE_STYLE_USAGE(.BOTH.,#17895);
#17895 = SURFACE_SIDE_STYLE('',(#17896));
#17896 = SURFACE_STYLE_FILL_AREA(#17897);
#17897 = FILL_AREA_STYLE('',(#17898));
#17898 = FILL_AREA_STYLE_COLOUR('',#17022);
#17899 = STYLED_ITEM('color',(#17900),#1956);
#17900 = PRESENTATION_STYLE_ASSIGNMENT((#17901));
#17901 = SURFACE_STYLE_USAGE(.BOTH.,#17902);
#17902 = SURFACE_SIDE_STYLE('',(#17903));
#17903 = SURFACE_STYLE_FILL_AREA(#17904);
#17904 = FILL_AREA_STYLE('',(#17905));
#17905 = FILL_AREA_STYLE_COLOUR('',#17022);
#17906 = STYLED_ITEM('color',(#17907),#2012);
#17907 = PRESENTATION_STYLE_ASSIGNMENT((#17908));
#17908 = SURFACE_STYLE_USAGE(.BOTH.,#17909);
#17909 = SURFACE_SIDE_STYLE('',(#17910));
#17910 = SURFACE_STYLE_FILL_AREA(#17911);
#17911 = FILL_AREA_STYLE('',(#17912));
#17912 = FILL_AREA_STYLE_COLOUR('',#17022);
#17913 = STYLED_ITEM('color',(#17914),#2036);
#17914 = PRESENTATION_STYLE_ASSIGNMENT((#17915));
#17915 = SURFACE_STYLE_USAGE(.BOTH.,#17916);
#17916 = SURFACE_SIDE_STYLE('',(#17917));
#17917 = SURFACE_STYLE_FILL_AREA(#17918);
#17918 = FILL_AREA_STYLE('',(#17919));
#17919 = FILL_AREA_STYLE_COLOUR('',#17022);
#17920 = STYLED_ITEM('color',(#17921),#2085);
#17921 = PRESENTATION_STYLE_ASSIGNMENT((#17922));
#17922 = SURFACE_STYLE_USAGE(.BOTH.,#17923);
#17923 = SURFACE_SIDE_STYLE('',(#17924));
#17924 = SURFACE_STYLE_FILL_AREA(#17925);
#17925 = FILL_AREA_STYLE('',(#17926));
#17926 = FILL_AREA_STYLE_COLOUR('',#17022);
#17927 = STYLED_ITEM('color',(#17928),#2102);
#17928 = PRESENTATION_STYLE_ASSIGNMENT((#17929));
#17929 = SURFACE_STYLE_USAGE(.BOTH.,#17930);
#17930 = SURFACE_SIDE_STYLE('',(#17931));
#17931 = SURFACE_STYLE_FILL_AREA(#17932);
#17932 = FILL_AREA_STYLE('',(#17933));
#17933 = FILL_AREA_STYLE_COLOUR('',#17022);
#17934 = STYLED_ITEM('color',(#17935),#2133);
#17935 = PRESENTATION_STYLE_ASSIGNMENT((#17936));
#17936 = SURFACE_STYLE_USAGE(.BOTH.,#17937);
#17937 = SURFACE_SIDE_STYLE('',(#17938));
#17938 = SURFACE_STYLE_FILL_AREA(#17939);
#17939 = FILL_AREA_STYLE('',(#17940));
#17940 = FILL_AREA_STYLE_COLOUR('',#17022);
#17941 = STYLED_ITEM('color',(#17942),#2157);
#17942 = PRESENTATION_STYLE_ASSIGNMENT((#17943));
#17943 = SURFACE_STYLE_USAGE(.BOTH.,#17944);
#17944 = SURFACE_SIDE_STYLE('',(#17945));
#17945 = SURFACE_STYLE_FILL_AREA(#17946);
#17946 = FILL_AREA_STYLE('',(#17947));
#17947 = FILL_AREA_STYLE_COLOUR('',#17022);
#17948 = STYLED_ITEM('color',(#17949),#2181);
#17949 = PRESENTATION_STYLE_ASSIGNMENT((#17950));
#17950 = SURFACE_STYLE_USAGE(.BOTH.,#17951);
#17951 = SURFACE_SIDE_STYLE('',(#17952));
#17952 = SURFACE_STYLE_FILL_AREA(#17953);
#17953 = FILL_AREA_STYLE('',(#17954));
#17954 = FILL_AREA_STYLE_COLOUR('',#17022);
#17955 = STYLED_ITEM('color',(#17956),#2198);
#17956 = PRESENTATION_STYLE_ASSIGNMENT((#17957));
#17957 = SURFACE_STYLE_USAGE(.BOTH.,#17958);
#17958 = SURFACE_SIDE_STYLE('',(#17959));
#17959 = SURFACE_STYLE_FILL_AREA(#17960);
#17960 = FILL_AREA_STYLE('',(#17961));
#17961 = FILL_AREA_STYLE_COLOUR('',#17022);
#17962 = STYLED_ITEM('color',(#17963),#2229);
#17963 = PRESENTATION_STYLE_ASSIGNMENT((#17964));
#17964 = SURFACE_STYLE_USAGE(.BOTH.,#17965);
#17965 = SURFACE_SIDE_STYLE('',(#17966));
#17966 = SURFACE_STYLE_FILL_AREA(#17967);
#17967 = FILL_AREA_STYLE('',(#17968));
#17968 = FILL_AREA_STYLE_COLOUR('',#17022);
#17969 = STYLED_ITEM('color',(#17970),#2253);
#17970 = PRESENTATION_STYLE_ASSIGNMENT((#17971));
#17971 = SURFACE_STYLE_USAGE(.BOTH.,#17972);
#17972 = SURFACE_SIDE_STYLE('',(#17973));
#17973 = SURFACE_STYLE_FILL_AREA(#17974);
#17974 = FILL_AREA_STYLE('',(#17975));
#17975 = FILL_AREA_STYLE_COLOUR('',#17022);
#17976 = STYLED_ITEM('color',(#17977),#2277);
#17977 = PRESENTATION_STYLE_ASSIGNMENT((#17978));
#17978 = SURFACE_STYLE_USAGE(.BOTH.,#17979);
#17979 = SURFACE_SIDE_STYLE('',(#17980));
#17980 = SURFACE_STYLE_FILL_AREA(#17981);
#17981 = FILL_AREA_STYLE('',(#17982));
#17982 = FILL_AREA_STYLE_COLOUR('',#17022);
#17983 = STYLED_ITEM('color',(#17984),#2294);
#17984 = PRESENTATION_STYLE_ASSIGNMENT((#17985));
#17985 = SURFACE_STYLE_USAGE(.BOTH.,#17986);
#17986 = SURFACE_SIDE_STYLE('',(#17987));
#17987 = SURFACE_STYLE_FILL_AREA(#17988);
#17988 = FILL_AREA_STYLE('',(#17989));
#17989 = FILL_AREA_STYLE_COLOUR('',#17022);
#17990 = STYLED_ITEM('color',(#17991),#2325);
#17991 = PRESENTATION_STYLE_ASSIGNMENT((#17992));
#17992 = SURFACE_STYLE_USAGE(.BOTH.,#17993);
#17993 = SURFACE_SIDE_STYLE('',(#17994));
#17994 = SURFACE_STYLE_FILL_AREA(#17995);
#17995 = FILL_AREA_STYLE('',(#17996));
#17996 = FILL_AREA_STYLE_COLOUR('',#17022);
#17997 = STYLED_ITEM('color',(#17998),#2349);
#17998 = PRESENTATION_STYLE_ASSIGNMENT((#17999));
#17999 = SURFACE_STYLE_USAGE(.BOTH.,#18000);
#18000 = SURFACE_SIDE_STYLE('',(#18001));
#18001 = SURFACE_STYLE_FILL_AREA(#18002);
#18002 = FILL_AREA_STYLE('',(#18003));
#18003 = FILL_AREA_STYLE_COLOUR('',#17022);
#18004 = STYLED_ITEM('color',(#18005),#2373);
#18005 = PRESENTATION_STYLE_ASSIGNMENT((#18006));
#18006 = SURFACE_STYLE_USAGE(.BOTH.,#18007);
#18007 = SURFACE_SIDE_STYLE('',(#18008));
#18008 = SURFACE_STYLE_FILL_AREA(#18009);
#18009 = FILL_AREA_STYLE('',(#18010));
#18010 = FILL_AREA_STYLE_COLOUR('',#17022);
#18011 = STYLED_ITEM('color',(#18012),#2390);
#18012 = PRESENTATION_STYLE_ASSIGNMENT((#18013));
#18013 = SURFACE_STYLE_USAGE(.BOTH.,#18014);
#18014 = SURFACE_SIDE_STYLE('',(#18015));
#18015 = SURFACE_STYLE_FILL_AREA(#18016);
#18016 = FILL_AREA_STYLE('',(#18017));
#18017 = FILL_AREA_STYLE_COLOUR('',#17022);
#18018 = STYLED_ITEM('color',(#18019),#2421);
#18019 = PRESENTATION_STYLE_ASSIGNMENT((#18020));
#18020 = SURFACE_STYLE_USAGE(.BOTH.,#18021);
#18021 = SURFACE_SIDE_STYLE('',(#18022));
#18022 = SURFACE_STYLE_FILL_AREA(#18023);
#18023 = FILL_AREA_STYLE('',(#18024));
#18024 = FILL_AREA_STYLE_COLOUR('',#17022);
#18025 = STYLED_ITEM('color',(#18026),#2445);
#18026 = PRESENTATION_STYLE_ASSIGNMENT((#18027));
#18027 = SURFACE_STYLE_USAGE(.BOTH.,#18028);
#18028 = SURFACE_SIDE_STYLE('',(#18029));
#18029 = SURFACE_STYLE_FILL_AREA(#18030);
#18030 = FILL_AREA_STYLE('',(#18031));
#18031 = FILL_AREA_STYLE_COLOUR('',#17022);
#18032 = STYLED_ITEM('color',(#18033),#2469);
#18033 = PRESENTATION_STYLE_ASSIGNMENT((#18034));
#18034 = SURFACE_STYLE_USAGE(.BOTH.,#18035);
#18035 = SURFACE_SIDE_STYLE('',(#18036));
#18036 = SURFACE_STYLE_FILL_AREA(#18037);
#18037 = FILL_AREA_STYLE('',(#18038));
#18038 = FILL_AREA_STYLE_COLOUR('',#17022);
#18039 = STYLED_ITEM('color',(#18040),#2486);
#18040 = PRESENTATION_STYLE_ASSIGNMENT((#18041));
#18041 = SURFACE_STYLE_USAGE(.BOTH.,#18042);
#18042 = SURFACE_SIDE_STYLE('',(#18043));
#18043 = SURFACE_STYLE_FILL_AREA(#18044);
#18044 = FILL_AREA_STYLE('',(#18045));
#18045 = FILL_AREA_STYLE_COLOUR('',#17022);
#18046 = STYLED_ITEM('color',(#18047),#2517);
#18047 = PRESENTATION_STYLE_ASSIGNMENT((#18048));
#18048 = SURFACE_STYLE_USAGE(.BOTH.,#18049);
#18049 = SURFACE_SIDE_STYLE('',(#18050));
#18050 = SURFACE_STYLE_FILL_AREA(#18051);
#18051 = FILL_AREA_STYLE('',(#18052));
#18052 = FILL_AREA_STYLE_COLOUR('',#17022);
#18053 = STYLED_ITEM('color',(#18054),#2541);
#18054 = PRESENTATION_STYLE_ASSIGNMENT((#18055));
#18055 = SURFACE_STYLE_USAGE(.BOTH.,#18056);
#18056 = SURFACE_SIDE_STYLE('',(#18057));
#18057 = SURFACE_STYLE_FILL_AREA(#18058);
#18058 = FILL_AREA_STYLE('',(#18059));
#18059 = FILL_AREA_STYLE_COLOUR('',#17022);
#18060 = STYLED_ITEM('color',(#18061),#2565);
#18061 = PRESENTATION_STYLE_ASSIGNMENT((#18062));
#18062 = SURFACE_STYLE_USAGE(.BOTH.,#18063);
#18063 = SURFACE_SIDE_STYLE('',(#18064));
#18064 = SURFACE_STYLE_FILL_AREA(#18065);
#18065 = FILL_AREA_STYLE('',(#18066));
#18066 = FILL_AREA_STYLE_COLOUR('',#17022);
#18067 = STYLED_ITEM('color',(#18068),#2582);
#18068 = PRESENTATION_STYLE_ASSIGNMENT((#18069));
#18069 = SURFACE_STYLE_USAGE(.BOTH.,#18070);
#18070 = SURFACE_SIDE_STYLE('',(#18071));
#18071 = SURFACE_STYLE_FILL_AREA(#18072);
#18072 = FILL_AREA_STYLE('',(#18073));
#18073 = FILL_AREA_STYLE_COLOUR('',#17022);
#18074 = STYLED_ITEM('color',(#18075),#2613);
#18075 = PRESENTATION_STYLE_ASSIGNMENT((#18076));
#18076 = SURFACE_STYLE_USAGE(.BOTH.,#18077);
#18077 = SURFACE_SIDE_STYLE('',(#18078));
#18078 = SURFACE_STYLE_FILL_AREA(#18079);
#18079 = FILL_AREA_STYLE('',(#18080));
#18080 = FILL_AREA_STYLE_COLOUR('',#17022);
#18081 = STYLED_ITEM('color',(#18082),#2637);
#18082 = PRESENTATION_STYLE_ASSIGNMENT((#18083));
#18083 = SURFACE_STYLE_USAGE(.BOTH.,#18084);
#18084 = SURFACE_SIDE_STYLE('',(#18085));
#18085 = SURFACE_STYLE_FILL_AREA(#18086);
#18086 = FILL_AREA_STYLE('',(#18087));
#18087 = FILL_AREA_STYLE_COLOUR('',#17022);
#18088 = STYLED_ITEM('color',(#18089),#2661);
#18089 = PRESENTATION_STYLE_ASSIGNMENT((#18090));
#18090 = SURFACE_STYLE_USAGE(.BOTH.,#18091);
#18091 = SURFACE_SIDE_STYLE('',(#18092));
#18092 = SURFACE_STYLE_FILL_AREA(#18093);
#18093 = FILL_AREA_STYLE('',(#18094));
#18094 = FILL_AREA_STYLE_COLOUR('',#17022);
#18095 = STYLED_ITEM('color',(#18096),#2678);
#18096 = PRESENTATION_STYLE_ASSIGNMENT((#18097));
#18097 = SURFACE_STYLE_USAGE(.BOTH.,#18098);
#18098 = SURFACE_SIDE_STYLE('',(#18099));
#18099 = SURFACE_STYLE_FILL_AREA(#18100);
#18100 = FILL_AREA_STYLE('',(#18101));
#18101 = FILL_AREA_STYLE_COLOUR('',#17022);
#18102 = STYLED_ITEM('color',(#18103),#2709);
#18103 = PRESENTATION_STYLE_ASSIGNMENT((#18104));
#18104 = SURFACE_STYLE_USAGE(.BOTH.,#18105);
#18105 = SURFACE_SIDE_STYLE('',(#18106));
#18106 = SURFACE_STYLE_FILL_AREA(#18107);
#18107 = FILL_AREA_STYLE('',(#18108));
#18108 = FILL_AREA_STYLE_COLOUR('',#17022);
#18109 = STYLED_ITEM('color',(#18110),#2726);
#18110 = PRESENTATION_STYLE_ASSIGNMENT((#18111));
#18111 = SURFACE_STYLE_USAGE(.BOTH.,#18112);
#18112 = SURFACE_SIDE_STYLE('',(#18113));
#18113 = SURFACE_STYLE_FILL_AREA(#18114);
#18114 = FILL_AREA_STYLE('',(#18115));
#18115 = FILL_AREA_STYLE_COLOUR('',#17022);
#18116 = STYLED_ITEM('color',(#18117),#2743);
#18117 = PRESENTATION_STYLE_ASSIGNMENT((#18118));
#18118 = SURFACE_STYLE_USAGE(.BOTH.,#18119);
#18119 = SURFACE_SIDE_STYLE('',(#18120));
#18120 = SURFACE_STYLE_FILL_AREA(#18121);
#18121 = FILL_AREA_STYLE('',(#18122));
#18122 = FILL_AREA_STYLE_COLOUR('',#17022);
#18123 = STYLED_ITEM('color',(#18124),#2760);
#18124 = PRESENTATION_STYLE_ASSIGNMENT((#18125));
#18125 = SURFACE_STYLE_USAGE(.BOTH.,#18126);
#18126 = SURFACE_SIDE_STYLE('',(#18127));
#18127 = SURFACE_STYLE_FILL_AREA(#18128);
#18128 = FILL_AREA_STYLE('',(#18129));
#18129 = FILL_AREA_STYLE_COLOUR('',#17022);
#18130 = STYLED_ITEM('color',(#18131),#2791);
#18131 = PRESENTATION_STYLE_ASSIGNMENT((#18132));
#18132 = SURFACE_STYLE_USAGE(.BOTH.,#18133);
#18133 = SURFACE_SIDE_STYLE('',(#18134));
#18134 = SURFACE_STYLE_FILL_AREA(#18135);
#18135 = FILL_AREA_STYLE('',(#18136));
#18136 = FILL_AREA_STYLE_COLOUR('',#17022);
#18137 = STYLED_ITEM('color',(#18138),#2822);
#18138 = PRESENTATION_STYLE_ASSIGNMENT((#18139));
#18139 = SURFACE_STYLE_USAGE(.BOTH.,#18140);
#18140 = SURFACE_SIDE_STYLE('',(#18141));
#18141 = SURFACE_STYLE_FILL_AREA(#18142);
#18142 = FILL_AREA_STYLE('',(#18143));
#18143 = FILL_AREA_STYLE_COLOUR('',#17022);
#18144 = STYLED_ITEM('color',(#18145),#2839);
#18145 = PRESENTATION_STYLE_ASSIGNMENT((#18146));
#18146 = SURFACE_STYLE_USAGE(.BOTH.,#18147);
#18147 = SURFACE_SIDE_STYLE('',(#18148));
#18148 = SURFACE_STYLE_FILL_AREA(#18149);
#18149 = FILL_AREA_STYLE('',(#18150));
#18150 = FILL_AREA_STYLE_COLOUR('',#17022);
#18151 = STYLED_ITEM('color',(#18152),#2856);
#18152 = PRESENTATION_STYLE_ASSIGNMENT((#18153));
#18153 = SURFACE_STYLE_USAGE(.BOTH.,#18154);
#18154 = SURFACE_SIDE_STYLE('',(#18155));
#18155 = SURFACE_STYLE_FILL_AREA(#18156);
#18156 = FILL_AREA_STYLE('',(#18157));
#18157 = FILL_AREA_STYLE_COLOUR('',#17022);
#18158 = STYLED_ITEM('color',(#18159),#2873);
#18159 = PRESENTATION_STYLE_ASSIGNMENT((#18160));
#18160 = SURFACE_STYLE_USAGE(.BOTH.,#18161);
#18161 = SURFACE_SIDE_STYLE('',(#18162));
#18162 = SURFACE_STYLE_FILL_AREA(#18163);
#18163 = FILL_AREA_STYLE('',(#18164));
#18164 = FILL_AREA_STYLE_COLOUR('',#17022);
#18165 = STYLED_ITEM('color',(#18166),#2904);
#18166 = PRESENTATION_STYLE_ASSIGNMENT((#18167));
#18167 = SURFACE_STYLE_USAGE(.BOTH.,#18168);
#18168 = SURFACE_SIDE_STYLE('',(#18169));
#18169 = SURFACE_STYLE_FILL_AREA(#18170);
#18170 = FILL_AREA_STYLE('',(#18171));
#18171 = FILL_AREA_STYLE_COLOUR('',#17022);
#18172 = STYLED_ITEM('color',(#18173),#2921);
#18173 = PRESENTATION_STYLE_ASSIGNMENT((#18174));
#18174 = SURFACE_STYLE_USAGE(.BOTH.,#18175);
#18175 = SURFACE_SIDE_STYLE('',(#18176));
#18176 = SURFACE_STYLE_FILL_AREA(#18177);
#18177 = FILL_AREA_STYLE('',(#18178));
#18178 = FILL_AREA_STYLE_COLOUR('',#17022);
#18179 = STYLED_ITEM('color',(#18180),#2952);
#18180 = PRESENTATION_STYLE_ASSIGNMENT((#18181));
#18181 = SURFACE_STYLE_USAGE(.BOTH.,#18182);
#18182 = SURFACE_SIDE_STYLE('',(#18183));
#18183 = SURFACE_STYLE_FILL_AREA(#18184);
#18184 = FILL_AREA_STYLE('',(#18185));
#18185 = FILL_AREA_STYLE_COLOUR('',#17022);
#18186 = STYLED_ITEM('color',(#18187),#2969);
#18187 = PRESENTATION_STYLE_ASSIGNMENT((#18188));
#18188 = SURFACE_STYLE_USAGE(.BOTH.,#18189);
#18189 = SURFACE_SIDE_STYLE('',(#18190));
#18190 = SURFACE_STYLE_FILL_AREA(#18191);
#18191 = FILL_AREA_STYLE('',(#18192));
#18192 = FILL_AREA_STYLE_COLOUR('',#17022);
#18193 = STYLED_ITEM('color',(#18194),#2986);
#18194 = PRESENTATION_STYLE_ASSIGNMENT((#18195));
#18195 = SURFACE_STYLE_USAGE(.BOTH.,#18196);
#18196 = SURFACE_SIDE_STYLE('',(#18197));
#18197 = SURFACE_STYLE_FILL_AREA(#18198);
#18198 = FILL_AREA_STYLE('',(#18199));
#18199 = FILL_AREA_STYLE_COLOUR('',#17022);
#18200 = STYLED_ITEM('color',(#18201),#3017);
#18201 = PRESENTATION_STYLE_ASSIGNMENT((#18202));
#18202 = SURFACE_STYLE_USAGE(.BOTH.,#18203);
#18203 = SURFACE_SIDE_STYLE('',(#18204));
#18204 = SURFACE_STYLE_FILL_AREA(#18205);
#18205 = FILL_AREA_STYLE('',(#18206));
#18206 = FILL_AREA_STYLE_COLOUR('',#17022);
#18207 = STYLED_ITEM('color',(#18208),#3048);
#18208 = PRESENTATION_STYLE_ASSIGNMENT((#18209));
#18209 = SURFACE_STYLE_USAGE(.BOTH.,#18210);
#18210 = SURFACE_SIDE_STYLE('',(#18211));
#18211 = SURFACE_STYLE_FILL_AREA(#18212);
#18212 = FILL_AREA_STYLE('',(#18213));
#18213 = FILL_AREA_STYLE_COLOUR('',#17022);
#18214 = STYLED_ITEM('color',(#18215),#3065);
#18215 = PRESENTATION_STYLE_ASSIGNMENT((#18216));
#18216 = SURFACE_STYLE_USAGE(.BOTH.,#18217);
#18217 = SURFACE_SIDE_STYLE('',(#18218));
#18218 = SURFACE_STYLE_FILL_AREA(#18219);
#18219 = FILL_AREA_STYLE('',(#18220));
#18220 = FILL_AREA_STYLE_COLOUR('',#17022);
#18221 = STYLED_ITEM('color',(#18222),#3082);
#18222 = PRESENTATION_STYLE_ASSIGNMENT((#18223));
#18223 = SURFACE_STYLE_USAGE(.BOTH.,#18224);
#18224 = SURFACE_SIDE_STYLE('',(#18225));
#18225 = SURFACE_STYLE_FILL_AREA(#18226);
#18226 = FILL_AREA_STYLE('',(#18227));
#18227 = FILL_AREA_STYLE_COLOUR('',#17022);
#18228 = STYLED_ITEM('color',(#18229),#3099);
#18229 = PRESENTATION_STYLE_ASSIGNMENT((#18230));
#18230 = SURFACE_STYLE_USAGE(.BOTH.,#18231);
#18231 = SURFACE_SIDE_STYLE('',(#18232));
#18232 = SURFACE_STYLE_FILL_AREA(#18233);
#18233 = FILL_AREA_STYLE('',(#18234));
#18234 = FILL_AREA_STYLE_COLOUR('',#17022);
#18235 = STYLED_ITEM('color',(#18236),#3130);
#18236 = PRESENTATION_STYLE_ASSIGNMENT((#18237));
#18237 = SURFACE_STYLE_USAGE(.BOTH.,#18238);
#18238 = SURFACE_SIDE_STYLE('',(#18239));
#18239 = SURFACE_STYLE_FILL_AREA(#18240);
#18240 = FILL_AREA_STYLE('',(#18241));
#18241 = FILL_AREA_STYLE_COLOUR('',#17022);
#18242 = STYLED_ITEM('color',(#18243),#3147);
#18243 = PRESENTATION_STYLE_ASSIGNMENT((#18244));
#18244 = SURFACE_STYLE_USAGE(.BOTH.,#18245);
#18245 = SURFACE_SIDE_STYLE('',(#18246));
#18246 = SURFACE_STYLE_FILL_AREA(#18247);
#18247 = FILL_AREA_STYLE('',(#18248));
#18248 = FILL_AREA_STYLE_COLOUR('',#17022);
#18249 = STYLED_ITEM('color',(#18250),#3178);
#18250 = PRESENTATION_STYLE_ASSIGNMENT((#18251));
#18251 = SURFACE_STYLE_USAGE(.BOTH.,#18252);
#18252 = SURFACE_SIDE_STYLE('',(#18253));
#18253 = SURFACE_STYLE_FILL_AREA(#18254);
#18254 = FILL_AREA_STYLE('',(#18255));
#18255 = FILL_AREA_STYLE_COLOUR('',#17022);
#18256 = STYLED_ITEM('color',(#18257),#3195);
#18257 = PRESENTATION_STYLE_ASSIGNMENT((#18258));
#18258 = SURFACE_STYLE_USAGE(.BOTH.,#18259);
#18259 = SURFACE_SIDE_STYLE('',(#18260));
#18260 = SURFACE_STYLE_FILL_AREA(#18261);
#18261 = FILL_AREA_STYLE('',(#18262));
#18262 = FILL_AREA_STYLE_COLOUR('',#17022);
#18263 = STYLED_ITEM('color',(#18264),#3212);
#18264 = PRESENTATION_STYLE_ASSIGNMENT((#18265));
#18265 = SURFACE_STYLE_USAGE(.BOTH.,#18266);
#18266 = SURFACE_SIDE_STYLE('',(#18267));
#18267 = SURFACE_STYLE_FILL_AREA(#18268);
#18268 = FILL_AREA_STYLE('',(#18269));
#18269 = FILL_AREA_STYLE_COLOUR('',#17022);
#18270 = STYLED_ITEM('color',(#18271),#3243);
#18271 = PRESENTATION_STYLE_ASSIGNMENT((#18272));
#18272 = SURFACE_STYLE_USAGE(.BOTH.,#18273);
#18273 = SURFACE_SIDE_STYLE('',(#18274));
#18274 = SURFACE_STYLE_FILL_AREA(#18275);
#18275 = FILL_AREA_STYLE('',(#18276));
#18276 = FILL_AREA_STYLE_COLOUR('',#17022);
#18277 = STYLED_ITEM('color',(#18278),#3274);
#18278 = PRESENTATION_STYLE_ASSIGNMENT((#18279));
#18279 = SURFACE_STYLE_USAGE(.BOTH.,#18280);
#18280 = SURFACE_SIDE_STYLE('',(#18281));
#18281 = SURFACE_STYLE_FILL_AREA(#18282);
#18282 = FILL_AREA_STYLE('',(#18283));
#18283 = FILL_AREA_STYLE_COLOUR('',#17022);
#18284 = STYLED_ITEM('color',(#18285),#3291);
#18285 = PRESENTATION_STYLE_ASSIGNMENT((#18286));
#18286 = SURFACE_STYLE_USAGE(.BOTH.,#18287);
#18287 = SURFACE_SIDE_STYLE('',(#18288));
#18288 = SURFACE_STYLE_FILL_AREA(#18289);
#18289 = FILL_AREA_STYLE('',(#18290));
#18290 = FILL_AREA_STYLE_COLOUR('',#17022);
#18291 = STYLED_ITEM('color',(#18292),#3308);
#18292 = PRESENTATION_STYLE_ASSIGNMENT((#18293));
#18293 = SURFACE_STYLE_USAGE(.BOTH.,#18294);
#18294 = SURFACE_SIDE_STYLE('',(#18295));
#18295 = SURFACE_STYLE_FILL_AREA(#18296);
#18296 = FILL_AREA_STYLE('',(#18297));
#18297 = FILL_AREA_STYLE_COLOUR('',#17022);
#18298 = STYLED_ITEM('color',(#18299),#3325);
#18299 = PRESENTATION_STYLE_ASSIGNMENT((#18300));
#18300 = SURFACE_STYLE_USAGE(.BOTH.,#18301);
#18301 = SURFACE_SIDE_STYLE('',(#18302));
#18302 = SURFACE_STYLE_FILL_AREA(#18303);
#18303 = FILL_AREA_STYLE('',(#18304));
#18304 = FILL_AREA_STYLE_COLOUR('',#17022);
#18305 = STYLED_ITEM('color',(#18306),#3356);
#18306 = PRESENTATION_STYLE_ASSIGNMENT((#18307));
#18307 = SURFACE_STYLE_USAGE(.BOTH.,#18308);
#18308 = SURFACE_SIDE_STYLE('',(#18309));
#18309 = SURFACE_STYLE_FILL_AREA(#18310);
#18310 = FILL_AREA_STYLE('',(#18311));
#18311 = FILL_AREA_STYLE_COLOUR('',#17022);
#18312 = STYLED_ITEM('color',(#18313),#3387);
#18313 = PRESENTATION_STYLE_ASSIGNMENT((#18314));
#18314 = SURFACE_STYLE_USAGE(.BOTH.,#18315);
#18315 = SURFACE_SIDE_STYLE('',(#18316));
#18316 = SURFACE_STYLE_FILL_AREA(#18317);
#18317 = FILL_AREA_STYLE('',(#18318));
#18318 = FILL_AREA_STYLE_COLOUR('',#17022);
#18319 = STYLED_ITEM('color',(#18320),#3411);
#18320 = PRESENTATION_STYLE_ASSIGNMENT((#18321));
#18321 = SURFACE_STYLE_USAGE(.BOTH.,#18322);
#18322 = SURFACE_SIDE_STYLE('',(#18323));
#18323 = SURFACE_STYLE_FILL_AREA(#18324);
#18324 = FILL_AREA_STYLE('',(#18325));
#18325 = FILL_AREA_STYLE_COLOUR('',#17022);
#18326 = STYLED_ITEM('color',(#18327),#3435);
#18327 = PRESENTATION_STYLE_ASSIGNMENT((#18328));
#18328 = SURFACE_STYLE_USAGE(.BOTH.,#18329);
#18329 = SURFACE_SIDE_STYLE('',(#18330));
#18330 = SURFACE_STYLE_FILL_AREA(#18331);
#18331 = FILL_AREA_STYLE('',(#18332));
#18332 = FILL_AREA_STYLE_COLOUR('',#17022);
#18333 = STYLED_ITEM('color',(#18334),#3452);
#18334 = PRESENTATION_STYLE_ASSIGNMENT((#18335));
#18335 = SURFACE_STYLE_USAGE(.BOTH.,#18336);
#18336 = SURFACE_SIDE_STYLE('',(#18337));
#18337 = SURFACE_STYLE_FILL_AREA(#18338);
#18338 = FILL_AREA_STYLE('',(#18339));
#18339 = FILL_AREA_STYLE_COLOUR('',#17022);
#18340 = STYLED_ITEM('color',(#18341),#3483);
#18341 = PRESENTATION_STYLE_ASSIGNMENT((#18342));
#18342 = SURFACE_STYLE_USAGE(.BOTH.,#18343);
#18343 = SURFACE_SIDE_STYLE('',(#18344));
#18344 = SURFACE_STYLE_FILL_AREA(#18345);
#18345 = FILL_AREA_STYLE('',(#18346));
#18346 = FILL_AREA_STYLE_COLOUR('',#17022);
#18347 = STYLED_ITEM('color',(#18348),#3507);
#18348 = PRESENTATION_STYLE_ASSIGNMENT((#18349));
#18349 = SURFACE_STYLE_USAGE(.BOTH.,#18350);
#18350 = SURFACE_SIDE_STYLE('',(#18351));
#18351 = SURFACE_STYLE_FILL_AREA(#18352);
#18352 = FILL_AREA_STYLE('',(#18353));
#18353 = FILL_AREA_STYLE_COLOUR('',#17022);
#18354 = STYLED_ITEM('color',(#18355),#3531);
#18355 = PRESENTATION_STYLE_ASSIGNMENT((#18356));
#18356 = SURFACE_STYLE_USAGE(.BOTH.,#18357);
#18357 = SURFACE_SIDE_STYLE('',(#18358));
#18358 = SURFACE_STYLE_FILL_AREA(#18359);
#18359 = FILL_AREA_STYLE('',(#18360));
#18360 = FILL_AREA_STYLE_COLOUR('',#17022);
#18361 = STYLED_ITEM('color',(#18362),#3548);
#18362 = PRESENTATION_STYLE_ASSIGNMENT((#18363));
#18363 = SURFACE_STYLE_USAGE(.BOTH.,#18364);
#18364 = SURFACE_SIDE_STYLE('',(#18365));
#18365 = SURFACE_STYLE_FILL_AREA(#18366);
#18366 = FILL_AREA_STYLE('',(#18367));
#18367 = FILL_AREA_STYLE_COLOUR('',#17022);
#18368 = STYLED_ITEM('color',(#18369),#3579);
#18369 = PRESENTATION_STYLE_ASSIGNMENT((#18370));
#18370 = SURFACE_STYLE_USAGE(.BOTH.,#18371);
#18371 = SURFACE_SIDE_STYLE('',(#18372));
#18372 = SURFACE_STYLE_FILL_AREA(#18373);
#18373 = FILL_AREA_STYLE('',(#18374));
#18374 = FILL_AREA_STYLE_COLOUR('',#17022);
#18375 = STYLED_ITEM('color',(#18376),#3603);
#18376 = PRESENTATION_STYLE_ASSIGNMENT((#18377));
#18377 = SURFACE_STYLE_USAGE(.BOTH.,#18378);
#18378 = SURFACE_SIDE_STYLE('',(#18379));
#18379 = SURFACE_STYLE_FILL_AREA(#18380);
#18380 = FILL_AREA_STYLE('',(#18381));
#18381 = FILL_AREA_STYLE_COLOUR('',#17022);
#18382 = STYLED_ITEM('color',(#18383),#3627);
#18383 = PRESENTATION_STYLE_ASSIGNMENT((#18384));
#18384 = SURFACE_STYLE_USAGE(.BOTH.,#18385);
#18385 = SURFACE_SIDE_STYLE('',(#18386));
#18386 = SURFACE_STYLE_FILL_AREA(#18387);
#18387 = FILL_AREA_STYLE('',(#18388));
#18388 = FILL_AREA_STYLE_COLOUR('',#17022);
#18389 = STYLED_ITEM('color',(#18390),#3644);
#18390 = PRESENTATION_STYLE_ASSIGNMENT((#18391));
#18391 = SURFACE_STYLE_USAGE(.BOTH.,#18392);
#18392 = SURFACE_SIDE_STYLE('',(#18393));
#18393 = SURFACE_STYLE_FILL_AREA(#18394);
#18394 = FILL_AREA_STYLE('',(#18395));
#18395 = FILL_AREA_STYLE_COLOUR('',#17022);
#18396 = STYLED_ITEM('color',(#18397),#3675);
#18397 = PRESENTATION_STYLE_ASSIGNMENT((#18398));
#18398 = SURFACE_STYLE_USAGE(.BOTH.,#18399);
#18399 = SURFACE_SIDE_STYLE('',(#18400));
#18400 = SURFACE_STYLE_FILL_AREA(#18401);
#18401 = FILL_AREA_STYLE('',(#18402));
#18402 = FILL_AREA_STYLE_COLOUR('',#17022);
#18403 = STYLED_ITEM('color',(#18404),#3699);
#18404 = PRESENTATION_STYLE_ASSIGNMENT((#18405));
#18405 = SURFACE_STYLE_USAGE(.BOTH.,#18406);
#18406 = SURFACE_SIDE_STYLE('',(#18407));
#18407 = SURFACE_STYLE_FILL_AREA(#18408);
#18408 = FILL_AREA_STYLE('',(#18409));
#18409 = FILL_AREA_STYLE_COLOUR('',#17022);
#18410 = STYLED_ITEM('color',(#18411),#3723);
#18411 = PRESENTATION_STYLE_ASSIGNMENT((#18412));
#18412 = SURFACE_STYLE_USAGE(.BOTH.,#18413);
#18413 = SURFACE_SIDE_STYLE('',(#18414));
#18414 = SURFACE_STYLE_FILL_AREA(#18415);
#18415 = FILL_AREA_STYLE('',(#18416));
#18416 = FILL_AREA_STYLE_COLOUR('',#17022);
#18417 = STYLED_ITEM('color',(#18418),#3740);
#18418 = PRESENTATION_STYLE_ASSIGNMENT((#18419));
#18419 = SURFACE_STYLE_USAGE(.BOTH.,#18420);
#18420 = SURFACE_SIDE_STYLE('',(#18421));
#18421 = SURFACE_STYLE_FILL_AREA(#18422);
#18422 = FILL_AREA_STYLE('',(#18423));
#18423 = FILL_AREA_STYLE_COLOUR('',#17022);
#18424 = STYLED_ITEM('color',(#18425),#3771);
#18425 = PRESENTATION_STYLE_ASSIGNMENT((#18426));
#18426 = SURFACE_STYLE_USAGE(.BOTH.,#18427);
#18427 = SURFACE_SIDE_STYLE('',(#18428));
#18428 = SURFACE_STYLE_FILL_AREA(#18429);
#18429 = FILL_AREA_STYLE('',(#18430));
#18430 = FILL_AREA_STYLE_COLOUR('',#17022);
#18431 = STYLED_ITEM('color',(#18432),#3795);
#18432 = PRESENTATION_STYLE_ASSIGNMENT((#18433));
#18433 = SURFACE_STYLE_USAGE(.BOTH.,#18434);
#18434 = SURFACE_SIDE_STYLE('',(#18435));
#18435 = SURFACE_STYLE_FILL_AREA(#18436);
#18436 = FILL_AREA_STYLE('',(#18437));
#18437 = FILL_AREA_STYLE_COLOUR('',#17022);
#18438 = STYLED_ITEM('color',(#18439),#3819);
#18439 = PRESENTATION_STYLE_ASSIGNMENT((#18440));
#18440 = SURFACE_STYLE_USAGE(.BOTH.,#18441);
#18441 = SURFACE_SIDE_STYLE('',(#18442));
#18442 = SURFACE_STYLE_FILL_AREA(#18443);
#18443 = FILL_AREA_STYLE('',(#18444));
#18444 = FILL_AREA_STYLE_COLOUR('',#17022);
#18445 = STYLED_ITEM('color',(#18446),#3836);
#18446 = PRESENTATION_STYLE_ASSIGNMENT((#18447));
#18447 = SURFACE_STYLE_USAGE(.BOTH.,#18448);
#18448 = SURFACE_SIDE_STYLE('',(#18449));
#18449 = SURFACE_STYLE_FILL_AREA(#18450);
#18450 = FILL_AREA_STYLE('',(#18451));
#18451 = FILL_AREA_STYLE_COLOUR('',#17022);
#18452 = STYLED_ITEM('color',(#18453),#3867);
#18453 = PRESENTATION_STYLE_ASSIGNMENT((#18454));
#18454 = SURFACE_STYLE_USAGE(.BOTH.,#18455);
#18455 = SURFACE_SIDE_STYLE('',(#18456));
#18456 = SURFACE_STYLE_FILL_AREA(#18457);
#18457 = FILL_AREA_STYLE('',(#18458));
#18458 = FILL_AREA_STYLE_COLOUR('',#17022);
#18459 = STYLED_ITEM('color',(#18460),#3891);
#18460 = PRESENTATION_STYLE_ASSIGNMENT((#18461));
#18461 = SURFACE_STYLE_USAGE(.BOTH.,#18462);
#18462 = SURFACE_SIDE_STYLE('',(#18463));
#18463 = SURFACE_STYLE_FILL_AREA(#18464);
#18464 = FILL_AREA_STYLE('',(#18465));
#18465 = FILL_AREA_STYLE_COLOUR('',#17022);
#18466 = STYLED_ITEM('color',(#18467),#3915);
#18467 = PRESENTATION_STYLE_ASSIGNMENT((#18468));
#18468 = SURFACE_STYLE_USAGE(.BOTH.,#18469);
#18469 = SURFACE_SIDE_STYLE('',(#18470));
#18470 = SURFACE_STYLE_FILL_AREA(#18471);
#18471 = FILL_AREA_STYLE('',(#18472));
#18472 = FILL_AREA_STYLE_COLOUR('',#17022);
#18473 = STYLED_ITEM('color',(#18474),#3932);
#18474 = PRESENTATION_STYLE_ASSIGNMENT((#18475));
#18475 = SURFACE_STYLE_USAGE(.BOTH.,#18476);
#18476 = SURFACE_SIDE_STYLE('',(#18477));
#18477 = SURFACE_STYLE_FILL_AREA(#18478);
#18478 = FILL_AREA_STYLE('',(#18479));
#18479 = FILL_AREA_STYLE_COLOUR('',#17022);
#18480 = STYLED_ITEM('color',(#18481),#3949);
#18481 = PRESENTATION_STYLE_ASSIGNMENT((#18482));
#18482 = SURFACE_STYLE_USAGE(.BOTH.,#18483);
#18483 = SURFACE_SIDE_STYLE('',(#18484));
#18484 = SURFACE_STYLE_FILL_AREA(#18485);
#18485 = FILL_AREA_STYLE('',(#18486));
#18486 = FILL_AREA_STYLE_COLOUR('',#17022);
#18487 = STYLED_ITEM('color',(#18488),#3966);
#18488 = PRESENTATION_STYLE_ASSIGNMENT((#18489));
#18489 = SURFACE_STYLE_USAGE(.BOTH.,#18490);
#18490 = SURFACE_SIDE_STYLE('',(#18491));
#18491 = SURFACE_STYLE_FILL_AREA(#18492);
#18492 = FILL_AREA_STYLE('',(#18493));
#18493 = FILL_AREA_STYLE_COLOUR('',#17022);
#18494 = STYLED_ITEM('color',(#18495),#3978);
#18495 = PRESENTATION_STYLE_ASSIGNMENT((#18496));
#18496 = SURFACE_STYLE_USAGE(.BOTH.,#18497);
#18497 = SURFACE_SIDE_STYLE('',(#18498));
#18498 = SURFACE_STYLE_FILL_AREA(#18499);
#18499 = FILL_AREA_STYLE('',(#18500));
#18500 = FILL_AREA_STYLE_COLOUR('',#17022);
#18501 = STYLED_ITEM('color',(#18502),#3995);
#18502 = PRESENTATION_STYLE_ASSIGNMENT((#18503));
#18503 = SURFACE_STYLE_USAGE(.BOTH.,#18504);
#18504 = SURFACE_SIDE_STYLE('',(#18505));
#18505 = SURFACE_STYLE_FILL_AREA(#18506);
#18506 = FILL_AREA_STYLE('',(#18507));
#18507 = FILL_AREA_STYLE_COLOUR('',#17022);
#18508 = STYLED_ITEM('color',(#18509),#4012);
#18509 = PRESENTATION_STYLE_ASSIGNMENT((#18510));
#18510 = SURFACE_STYLE_USAGE(.BOTH.,#18511);
#18511 = SURFACE_SIDE_STYLE('',(#18512));
#18512 = SURFACE_STYLE_FILL_AREA(#18513);
#18513 = FILL_AREA_STYLE('',(#18514));
#18514 = FILL_AREA_STYLE_COLOUR('',#17022);
#18515 = STYLED_ITEM('color',(#18516),#4024);
#18516 = PRESENTATION_STYLE_ASSIGNMENT((#18517));
#18517 = SURFACE_STYLE_USAGE(.BOTH.,#18518);
#18518 = SURFACE_SIDE_STYLE('',(#18519));
#18519 = SURFACE_STYLE_FILL_AREA(#18520);
#18520 = FILL_AREA_STYLE('',(#18521));
#18521 = FILL_AREA_STYLE_COLOUR('',#17022);
#18522 = STYLED_ITEM('color',(#18523),#4041);
#18523 = PRESENTATION_STYLE_ASSIGNMENT((#18524));
#18524 = SURFACE_STYLE_USAGE(.BOTH.,#18525);
#18525 = SURFACE_SIDE_STYLE('',(#18526));
#18526 = SURFACE_STYLE_FILL_AREA(#18527);
#18527 = FILL_AREA_STYLE('',(#18528));
#18528 = FILL_AREA_STYLE_COLOUR('',#17022);
#18529 = STYLED_ITEM('color',(#18530),#4058);
#18530 = PRESENTATION_STYLE_ASSIGNMENT((#18531));
#18531 = SURFACE_STYLE_USAGE(.BOTH.,#18532);
#18532 = SURFACE_SIDE_STYLE('',(#18533));
#18533 = SURFACE_STYLE_FILL_AREA(#18534);
#18534 = FILL_AREA_STYLE('',(#18535));
#18535 = FILL_AREA_STYLE_COLOUR('',#17022);
#18536 = STYLED_ITEM('color',(#18537),#4070);
#18537 = PRESENTATION_STYLE_ASSIGNMENT((#18538));
#18538 = SURFACE_STYLE_USAGE(.BOTH.,#18539);
#18539 = SURFACE_SIDE_STYLE('',(#18540));
#18540 = SURFACE_STYLE_FILL_AREA(#18541);
#18541 = FILL_AREA_STYLE('',(#18542));
#18542 = FILL_AREA_STYLE_COLOUR('',#17022);
#18543 = STYLED_ITEM('color',(#18544),#4087);
#18544 = PRESENTATION_STYLE_ASSIGNMENT((#18545));
#18545 = SURFACE_STYLE_USAGE(.BOTH.,#18546);
#18546 = SURFACE_SIDE_STYLE('',(#18547));
#18547 = SURFACE_STYLE_FILL_AREA(#18548);
#18548 = FILL_AREA_STYLE('',(#18549));
#18549 = FILL_AREA_STYLE_COLOUR('',#17022);
#18550 = STYLED_ITEM('color',(#18551),#4104);
#18551 = PRESENTATION_STYLE_ASSIGNMENT((#18552));
#18552 = SURFACE_STYLE_USAGE(.BOTH.,#18553);
#18553 = SURFACE_SIDE_STYLE('',(#18554));
#18554 = SURFACE_STYLE_FILL_AREA(#18555);
#18555 = FILL_AREA_STYLE('',(#18556));
#18556 = FILL_AREA_STYLE_COLOUR('',#17022);
#18557 = STYLED_ITEM('color',(#18558),#4116);
#18558 = PRESENTATION_STYLE_ASSIGNMENT((#18559));
#18559 = SURFACE_STYLE_USAGE(.BOTH.,#18560);
#18560 = SURFACE_SIDE_STYLE('',(#18561));
#18561 = SURFACE_STYLE_FILL_AREA(#18562);
#18562 = FILL_AREA_STYLE('',(#18563));
#18563 = FILL_AREA_STYLE_COLOUR('',#17022);
#18564 = STYLED_ITEM('color',(#18565),#4133);
#18565 = PRESENTATION_STYLE_ASSIGNMENT((#18566));
#18566 = SURFACE_STYLE_USAGE(.BOTH.,#18567);
#18567 = SURFACE_SIDE_STYLE('',(#18568));
#18568 = SURFACE_STYLE_FILL_AREA(#18569);
#18569 = FILL_AREA_STYLE('',(#18570));
#18570 = FILL_AREA_STYLE_COLOUR('',#17022);
#18571 = STYLED_ITEM('color',(#18572),#4150);
#18572 = PRESENTATION_STYLE_ASSIGNMENT((#18573));
#18573 = SURFACE_STYLE_USAGE(.BOTH.,#18574);
#18574 = SURFACE_SIDE_STYLE('',(#18575));
#18575 = SURFACE_STYLE_FILL_AREA(#18576);
#18576 = FILL_AREA_STYLE('',(#18577));
#18577 = FILL_AREA_STYLE_COLOUR('',#17022);
#18578 = STYLED_ITEM('color',(#18579),#4162);
#18579 = PRESENTATION_STYLE_ASSIGNMENT((#18580));
#18580 = SURFACE_STYLE_USAGE(.BOTH.,#18581);
#18581 = SURFACE_SIDE_STYLE('',(#18582));
#18582 = SURFACE_STYLE_FILL_AREA(#18583);
#18583 = FILL_AREA_STYLE('',(#18584));
#18584 = FILL_AREA_STYLE_COLOUR('',#17022);
#18585 = STYLED_ITEM('color',(#18586),#4179);
#18586 = PRESENTATION_STYLE_ASSIGNMENT((#18587));
#18587 = SURFACE_STYLE_USAGE(.BOTH.,#18588);
#18588 = SURFACE_SIDE_STYLE('',(#18589));
#18589 = SURFACE_STYLE_FILL_AREA(#18590);
#18590 = FILL_AREA_STYLE('',(#18591));
#18591 = FILL_AREA_STYLE_COLOUR('',#17022);
#18592 = STYLED_ITEM('color',(#18593),#4196);
#18593 = PRESENTATION_STYLE_ASSIGNMENT((#18594));
#18594 = SURFACE_STYLE_USAGE(.BOTH.,#18595);
#18595 = SURFACE_SIDE_STYLE('',(#18596));
#18596 = SURFACE_STYLE_FILL_AREA(#18597);
#18597 = FILL_AREA_STYLE('',(#18598));
#18598 = FILL_AREA_STYLE_COLOUR('',#17022);
#18599 = STYLED_ITEM('color',(#18600),#4208);
#18600 = PRESENTATION_STYLE_ASSIGNMENT((#18601));
#18601 = SURFACE_STYLE_USAGE(.BOTH.,#18602);
#18602 = SURFACE_SIDE_STYLE('',(#18603));
#18603 = SURFACE_STYLE_FILL_AREA(#18604);
#18604 = FILL_AREA_STYLE('',(#18605));
#18605 = FILL_AREA_STYLE_COLOUR('',#17022);
#18606 = STYLED_ITEM('color',(#18607),#4220);
#18607 = PRESENTATION_STYLE_ASSIGNMENT((#18608));
#18608 = SURFACE_STYLE_USAGE(.BOTH.,#18609);
#18609 = SURFACE_SIDE_STYLE('',(#18610));
#18610 = SURFACE_STYLE_FILL_AREA(#18611);
#18611 = FILL_AREA_STYLE('',(#18612));
#18612 = FILL_AREA_STYLE_COLOUR('',#17022);
#18613 = STYLED_ITEM('color',(#18614),#4232);
#18614 = PRESENTATION_STYLE_ASSIGNMENT((#18615));
#18615 = SURFACE_STYLE_USAGE(.BOTH.,#18616);
#18616 = SURFACE_SIDE_STYLE('',(#18617));
#18617 = SURFACE_STYLE_FILL_AREA(#18618);
#18618 = FILL_AREA_STYLE('',(#18619));
#18619 = FILL_AREA_STYLE_COLOUR('',#17022);
#18620 = STYLED_ITEM('color',(#18621),#4244);
#18621 = PRESENTATION_STYLE_ASSIGNMENT((#18622));
#18622 = SURFACE_STYLE_USAGE(.BOTH.,#18623);
#18623 = SURFACE_SIDE_STYLE('',(#18624));
#18624 = SURFACE_STYLE_FILL_AREA(#18625);
#18625 = FILL_AREA_STYLE('',(#18626));
#18626 = FILL_AREA_STYLE_COLOUR('',#17022);
#18627 = STYLED_ITEM('color',(#18628),#4256);
#18628 = PRESENTATION_STYLE_ASSIGNMENT((#18629));
#18629 = SURFACE_STYLE_USAGE(.BOTH.,#18630);
#18630 = SURFACE_SIDE_STYLE('',(#18631));
#18631 = SURFACE_STYLE_FILL_AREA(#18632);
#18632 = FILL_AREA_STYLE('',(#18633));
#18633 = FILL_AREA_STYLE_COLOUR('',#17022);
#18634 = STYLED_ITEM('color',(#18635),#4268);
#18635 = PRESENTATION_STYLE_ASSIGNMENT((#18636));
#18636 = SURFACE_STYLE_USAGE(.BOTH.,#18637);
#18637 = SURFACE_SIDE_STYLE('',(#18638));
#18638 = SURFACE_STYLE_FILL_AREA(#18639);
#18639 = FILL_AREA_STYLE('',(#18640));
#18640 = FILL_AREA_STYLE_COLOUR('',#17022);
#18641 = MECHANICAL_DESIGN_GEOMETRIC_PRESENTATION_REPRESENTATION('',(
    #18642,#18650,#18657,#18664,#18671,#18678,#18685,#18692,#18700,
    #18707,#18714,#18721,#18728,#18735,#18743,#18750,#18757,#18764,
    #18771,#18778,#18785,#18792,#18799,#18806,#18813,#18820),#5112);
#18642 = STYLED_ITEM('color',(#18643),#4324);
#18643 = PRESENTATION_STYLE_ASSIGNMENT((#18644));
#18644 = SURFACE_STYLE_USAGE(.BOTH.,#18645);
#18645 = SURFACE_SIDE_STYLE('',(#18646));
#18646 = SURFACE_STYLE_FILL_AREA(#18647);
#18647 = FILL_AREA_STYLE('',(#18648));
#18648 = FILL_AREA_STYLE_COLOUR('',#18649);
#18649 = COLOUR_RGB('',0.823999987314,0.819999987296,0.781000009244);
#18650 = STYLED_ITEM('color',(#18651),#4364);
#18651 = PRESENTATION_STYLE_ASSIGNMENT((#18652));
#18652 = SURFACE_STYLE_USAGE(.BOTH.,#18653);
#18653 = SURFACE_SIDE_STYLE('',(#18654));
#18654 = SURFACE_STYLE_FILL_AREA(#18655);
#18655 = FILL_AREA_STYLE('',(#18656));
#18656 = FILL_AREA_STYLE_COLOUR('',#18649);
#18657 = STYLED_ITEM('color',(#18658),#4447);
#18658 = PRESENTATION_STYLE_ASSIGNMENT((#18659));
#18659 = SURFACE_STYLE_USAGE(.BOTH.,#18660);
#18660 = SURFACE_SIDE_STYLE('',(#18661));
#18661 = SURFACE_STYLE_FILL_AREA(#18662);
#18662 = FILL_AREA_STYLE('',(#18663));
#18663 = FILL_AREA_STYLE_COLOUR('',#18649);
#18664 = STYLED_ITEM('color',(#18665),#4472);
#18665 = PRESENTATION_STYLE_ASSIGNMENT((#18666));
#18666 = SURFACE_STYLE_USAGE(.BOTH.,#18667);
#18667 = SURFACE_SIDE_STYLE('',(#18668));
#18668 = SURFACE_STYLE_FILL_AREA(#18669);
#18669 = FILL_AREA_STYLE('',(#18670));
#18670 = FILL_AREA_STYLE_COLOUR('',#18649);
#18671 = STYLED_ITEM('color',(#18672),#4497);
#18672 = PRESENTATION_STYLE_ASSIGNMENT((#18673));
#18673 = SURFACE_STYLE_USAGE(.BOTH.,#18674);
#18674 = SURFACE_SIDE_STYLE('',(#18675));
#18675 = SURFACE_STYLE_FILL_AREA(#18676);
#18676 = FILL_AREA_STYLE('',(#18677));
#18677 = FILL_AREA_STYLE_COLOUR('',#18649);
#18678 = STYLED_ITEM('color',(#18679),#4564);
#18679 = PRESENTATION_STYLE_ASSIGNMENT((#18680));
#18680 = SURFACE_STYLE_USAGE(.BOTH.,#18681);
#18681 = SURFACE_SIDE_STYLE('',(#18682));
#18682 = SURFACE_STYLE_FILL_AREA(#18683);
#18683 = FILL_AREA_STYLE('',(#18684));
#18684 = FILL_AREA_STYLE_COLOUR('',#18649);
#18685 = STYLED_ITEM('color',(#18686),#4581);
#18686 = PRESENTATION_STYLE_ASSIGNMENT((#18687));
#18687 = SURFACE_STYLE_USAGE(.BOTH.,#18688);
#18688 = SURFACE_SIDE_STYLE('',(#18689));
#18689 = SURFACE_STYLE_FILL_AREA(#18690);
#18690 = FILL_AREA_STYLE('',(#18691));
#18691 = FILL_AREA_STYLE_COLOUR('',#18649);
#18692 = STYLED_ITEM('color',(#18693),#4598);
#18693 = PRESENTATION_STYLE_ASSIGNMENT((#18694));
#18694 = SURFACE_STYLE_USAGE(.BOTH.,#18695);
#18695 = SURFACE_SIDE_STYLE('',(#18696));
#18696 = SURFACE_STYLE_FILL_AREA(#18697);
#18697 = FILL_AREA_STYLE('',(#18698));
#18698 = FILL_AREA_STYLE_COLOUR('',#18699);
#18699 = COLOUR_RGB('',0.894999966383,0.890999961016,0.813000030345);
#18700 = STYLED_ITEM('color',(#18701),#4647);
#18701 = PRESENTATION_STYLE_ASSIGNMENT((#18702));
#18702 = SURFACE_STYLE_USAGE(.BOTH.,#18703);
#18703 = SURFACE_SIDE_STYLE('',(#18704));
#18704 = SURFACE_STYLE_FILL_AREA(#18705);
#18705 = FILL_AREA_STYLE('',(#18706));
#18706 = FILL_AREA_STYLE_COLOUR('',#18649);
#18707 = STYLED_ITEM('color',(#18708),#4664);
#18708 = PRESENTATION_STYLE_ASSIGNMENT((#18709));
#18709 = SURFACE_STYLE_USAGE(.BOTH.,#18710);
#18710 = SURFACE_SIDE_STYLE('',(#18711));
#18711 = SURFACE_STYLE_FILL_AREA(#18712);
#18712 = FILL_AREA_STYLE('',(#18713));
#18713 = FILL_AREA_STYLE_COLOUR('',#18649);
#18714 = STYLED_ITEM('color',(#18715),#4681);
#18715 = PRESENTATION_STYLE_ASSIGNMENT((#18716));
#18716 = SURFACE_STYLE_USAGE(.BOTH.,#18717);
#18717 = SURFACE_SIDE_STYLE('',(#18718));
#18718 = SURFACE_STYLE_FILL_AREA(#18719);
#18719 = FILL_AREA_STYLE('',(#18720));
#18720 = FILL_AREA_STYLE_COLOUR('',#18699);
#18721 = STYLED_ITEM('color',(#18722),#4730);
#18722 = PRESENTATION_STYLE_ASSIGNMENT((#18723));
#18723 = SURFACE_STYLE_USAGE(.BOTH.,#18724);
#18724 = SURFACE_SIDE_STYLE('',(#18725));
#18725 = SURFACE_STYLE_FILL_AREA(#18726);
#18726 = FILL_AREA_STYLE('',(#18727));
#18727 = FILL_AREA_STYLE_COLOUR('',#18699);
#18728 = STYLED_ITEM('color',(#18729),#4747);
#18729 = PRESENTATION_STYLE_ASSIGNMENT((#18730));
#18730 = SURFACE_STYLE_USAGE(.BOTH.,#18731);
#18731 = SURFACE_SIDE_STYLE('',(#18732));
#18732 = SURFACE_STYLE_FILL_AREA(#18733);
#18733 = FILL_AREA_STYLE('',(#18734));
#18734 = FILL_AREA_STYLE_COLOUR('',#18649);
#18735 = STYLED_ITEM('color',(#18736),#4816);
#18736 = PRESENTATION_STYLE_ASSIGNMENT((#18737));
#18737 = SURFACE_STYLE_USAGE(.BOTH.,#18738);
#18738 = SURFACE_SIDE_STYLE('',(#18739));
#18739 = SURFACE_STYLE_FILL_AREA(#18740);
#18740 = FILL_AREA_STYLE('',(#18741));
#18741 = FILL_AREA_STYLE_COLOUR('',#18742);
#18742 = COLOUR_RGB('',8.200000279077E-02,8.600000121357E-02,
  9.399999706163E-02);
#18743 = STYLED_ITEM('color',(#18744),#4847);
#18744 = PRESENTATION_STYLE_ASSIGNMENT((#18745));
#18745 = SURFACE_STYLE_USAGE(.BOTH.,#18746);
#18746 = SURFACE_SIDE_STYLE('',(#18747));
#18747 = SURFACE_STYLE_FILL_AREA(#18748);
#18748 = FILL_AREA_STYLE('',(#18749));
#18749 = FILL_AREA_STYLE_COLOUR('',#18742);
#18750 = STYLED_ITEM('color',(#18751),#4871);
#18751 = PRESENTATION_STYLE_ASSIGNMENT((#18752));
#18752 = SURFACE_STYLE_USAGE(.BOTH.,#18753);
#18753 = SURFACE_SIDE_STYLE('',(#18754));
#18754 = SURFACE_STYLE_FILL_AREA(#18755);
#18755 = FILL_AREA_STYLE('',(#18756));
#18756 = FILL_AREA_STYLE_COLOUR('',#18649);
#18757 = STYLED_ITEM('color',(#18758),#4940);
#18758 = PRESENTATION_STYLE_ASSIGNMENT((#18759));
#18759 = SURFACE_STYLE_USAGE(.BOTH.,#18760);
#18760 = SURFACE_SIDE_STYLE('',(#18761));
#18761 = SURFACE_STYLE_FILL_AREA(#18762);
#18762 = FILL_AREA_STYLE('',(#18763));
#18763 = FILL_AREA_STYLE_COLOUR('',#18742);
#18764 = STYLED_ITEM('color',(#18765),#4964);
#18765 = PRESENTATION_STYLE_ASSIGNMENT((#18766));
#18766 = SURFACE_STYLE_USAGE(.BOTH.,#18767);
#18767 = SURFACE_SIDE_STYLE('',(#18768));
#18768 = SURFACE_STYLE_FILL_AREA(#18769);
#18769 = FILL_AREA_STYLE('',(#18770));
#18770 = FILL_AREA_STYLE_COLOUR('',#18649);
#18771 = STYLED_ITEM('color',(#18772),#4981);
#18772 = PRESENTATION_STYLE_ASSIGNMENT((#18773));
#18773 = SURFACE_STYLE_USAGE(.BOTH.,#18774);
#18774 = SURFACE_SIDE_STYLE('',(#18775));
#18775 = SURFACE_STYLE_FILL_AREA(#18776);
#18776 = FILL_AREA_STYLE('',(#18777));
#18777 = FILL_AREA_STYLE_COLOUR('',#18649);
#18778 = STYLED_ITEM('color',(#18779),#4998);
#18779 = PRESENTATION_STYLE_ASSIGNMENT((#18780));
#18780 = SURFACE_STYLE_USAGE(.BOTH.,#18781);
#18781 = SURFACE_SIDE_STYLE('',(#18782));
#18782 = SURFACE_STYLE_FILL_AREA(#18783);
#18783 = FILL_AREA_STYLE('',(#18784));
#18784 = FILL_AREA_STYLE_COLOUR('',#18649);
#18785 = STYLED_ITEM('color',(#18786),#5015);
#18786 = PRESENTATION_STYLE_ASSIGNMENT((#18787));
#18787 = SURFACE_STYLE_USAGE(.BOTH.,#18788);
#18788 = SURFACE_SIDE_STYLE('',(#18789));
#18789 = SURFACE_STYLE_FILL_AREA(#18790);
#18790 = FILL_AREA_STYLE('',(#18791));
#18791 = FILL_AREA_STYLE_COLOUR('',#18649);
#18792 = STYLED_ITEM('color',(#18793),#5032);
#18793 = PRESENTATION_STYLE_ASSIGNMENT((#18794));
#18794 = SURFACE_STYLE_USAGE(.BOTH.,#18795);
#18795 = SURFACE_SIDE_STYLE('',(#18796));
#18796 = SURFACE_STYLE_FILL_AREA(#18797);
#18797 = FILL_AREA_STYLE('',(#18798));
#18798 = FILL_AREA_STYLE_COLOUR('',#18649);
#18799 = STYLED_ITEM('color',(#18800),#5049);
#18800 = PRESENTATION_STYLE_ASSIGNMENT((#18801));
#18801 = SURFACE_STYLE_USAGE(.BOTH.,#18802);
#18802 = SURFACE_SIDE_STYLE('',(#18803));
#18803 = SURFACE_STYLE_FILL_AREA(#18804);
#18804 = FILL_AREA_STYLE('',(#18805));
#18805 = FILL_AREA_STYLE_COLOUR('',#18649);
#18806 = STYLED_ITEM('color',(#18807),#5066);
#18807 = PRESENTATION_STYLE_ASSIGNMENT((#18808));
#18808 = SURFACE_STYLE_USAGE(.BOTH.,#18809);
#18809 = SURFACE_SIDE_STYLE('',(#18810));
#18810 = SURFACE_STYLE_FILL_AREA(#18811);
#18811 = FILL_AREA_STYLE('',(#18812));
#18812 = FILL_AREA_STYLE_COLOUR('',#18649);
#18813 = STYLED_ITEM('color',(#18814),#5083);
#18814 = PRESENTATION_STYLE_ASSIGNMENT((#18815));
#18815 = SURFACE_STYLE_USAGE(.BOTH.,#18816);
#18816 = SURFACE_SIDE_STYLE('',(#18817));
#18817 = SURFACE_STYLE_FILL_AREA(#18818);
#18818 = FILL_AREA_STYLE('',(#18819));
#18819 = FILL_AREA_STYLE_COLOUR('',#18742);
#18820 = STYLED_ITEM('color',(#18821),#5100);
#18821 = PRESENTATION_STYLE_ASSIGNMENT((#18822));
#18822 = SURFACE_STYLE_USAGE(.BOTH.,#18823);
#18823 = SURFACE_SIDE_STYLE('',(#18824));
#18824 = SURFACE_STYLE_FILL_AREA(#18825);
#18825 = FILL_AREA_STYLE('',(#18826));
#18826 = FILL_AREA_STYLE_COLOUR('',#18742);
#18827 = MECHANICAL_DESIGN_GEOMETRIC_PRESENTATION_REPRESENTATION('',(
    #18828,#18835,#18842,#18849,#18856,#18863,#18870,#18877,#18884,
    #18891,#18898,#18906,#18913,#18920,#18927,#18934,#18941,#18948,
    #18955,#18962,#18969,#18976,#18983,#18990,#18997,#19004,#19011,
    #19018),#6008);
#18828 = STYLED_ITEM('color',(#18829),#5156);
#18829 = PRESENTATION_STYLE_ASSIGNMENT((#18830));
#18830 = SURFACE_STYLE_USAGE(.BOTH.,#18831);
#18831 = SURFACE_SIDE_STYLE('',(#18832));
#18832 = SURFACE_STYLE_FILL_AREA(#18833);
#18833 = FILL_AREA_STYLE('',(#18834));
#18834 = FILL_AREA_STYLE_COLOUR('',#18649);
#18835 = STYLED_ITEM('color',(#18836),#5232);
#18836 = PRESENTATION_STYLE_ASSIGNMENT((#18837));
#18837 = SURFACE_STYLE_USAGE(.BOTH.,#18838);
#18838 = SURFACE_SIDE_STYLE('',(#18839));
#18839 = SURFACE_STYLE_FILL_AREA(#18840);
#18840 = FILL_AREA_STYLE('',(#18841));
#18841 = FILL_AREA_STYLE_COLOUR('',#18649);
#18842 = STYLED_ITEM('color',(#18843),#5263);
#18843 = PRESENTATION_STYLE_ASSIGNMENT((#18844));
#18844 = SURFACE_STYLE_USAGE(.BOTH.,#18845);
#18845 = SURFACE_SIDE_STYLE('',(#18846));
#18846 = SURFACE_STYLE_FILL_AREA(#18847);
#18847 = FILL_AREA_STYLE('',(#18848));
#18848 = FILL_AREA_STYLE_COLOUR('',#18649);
#18849 = STYLED_ITEM('color',(#18850),#5288);
#18850 = PRESENTATION_STYLE_ASSIGNMENT((#18851));
#18851 = SURFACE_STYLE_USAGE(.BOTH.,#18852);
#18852 = SURFACE_SIDE_STYLE('',(#18853));
#18853 = SURFACE_STYLE_FILL_AREA(#18854);
#18854 = FILL_AREA_STYLE('',(#18855));
#18855 = FILL_AREA_STYLE_COLOUR('',#18649);
#18856 = STYLED_ITEM('color',(#18857),#5313);
#18857 = PRESENTATION_STYLE_ASSIGNMENT((#18858));
#18858 = SURFACE_STYLE_USAGE(.BOTH.,#18859);
#18859 = SURFACE_SIDE_STYLE('',(#18860));
#18860 = SURFACE_STYLE_FILL_AREA(#18861);
#18861 = FILL_AREA_STYLE('',(#18862));
#18862 = FILL_AREA_STYLE_COLOUR('',#18649);
#18863 = STYLED_ITEM('color',(#18864),#5337);
#18864 = PRESENTATION_STYLE_ASSIGNMENT((#18865));
#18865 = SURFACE_STYLE_USAGE(.BOTH.,#18866);
#18866 = SURFACE_SIDE_STYLE('',(#18867));
#18867 = SURFACE_STYLE_FILL_AREA(#18868);
#18868 = FILL_AREA_STYLE('',(#18869));
#18869 = FILL_AREA_STYLE_COLOUR('',#18649);
#18870 = STYLED_ITEM('color',(#18871),#5361);
#18871 = PRESENTATION_STYLE_ASSIGNMENT((#18872));
#18872 = SURFACE_STYLE_USAGE(.BOTH.,#18873);
#18873 = SURFACE_SIDE_STYLE('',(#18874));
#18874 = SURFACE_STYLE_FILL_AREA(#18875);
#18875 = FILL_AREA_STYLE('',(#18876));
#18876 = FILL_AREA_STYLE_COLOUR('',#18649);
#18877 = STYLED_ITEM('color',(#18878),#5386);
#18878 = PRESENTATION_STYLE_ASSIGNMENT((#18879));
#18879 = SURFACE_STYLE_USAGE(.BOTH.,#18880);
#18880 = SURFACE_SIDE_STYLE('',(#18881));
#18881 = SURFACE_STYLE_FILL_AREA(#18882);
#18882 = FILL_AREA_STYLE('',(#18883));
#18883 = FILL_AREA_STYLE_COLOUR('',#18649);
#18884 = STYLED_ITEM('color',(#18885),#5411);
#18885 = PRESENTATION_STYLE_ASSIGNMENT((#18886));
#18886 = SURFACE_STYLE_USAGE(.BOTH.,#18887);
#18887 = SURFACE_SIDE_STYLE('',(#18888));
#18888 = SURFACE_STYLE_FILL_AREA(#18889);
#18889 = FILL_AREA_STYLE('',(#18890));
#18890 = FILL_AREA_STYLE_COLOUR('',#18649);
#18891 = STYLED_ITEM('color',(#18892),#5428);
#18892 = PRESENTATION_STYLE_ASSIGNMENT((#18893));
#18893 = SURFACE_STYLE_USAGE(.BOTH.,#18894);
#18894 = SURFACE_SIDE_STYLE('',(#18895));
#18895 = SURFACE_STYLE_FILL_AREA(#18896);
#18896 = FILL_AREA_STYLE('',(#18897));
#18897 = FILL_AREA_STYLE_COLOUR('',#18649);
#18898 = STYLED_ITEM('color',(#18899),#5514);
#18899 = PRESENTATION_STYLE_ASSIGNMENT((#18900));
#18900 = SURFACE_STYLE_USAGE(.BOTH.,#18901);
#18901 = SURFACE_SIDE_STYLE('',(#18902));
#18902 = SURFACE_STYLE_FILL_AREA(#18903);
#18903 = FILL_AREA_STYLE('',(#18904));
#18904 = FILL_AREA_STYLE_COLOUR('',#18905);
#18905 = COLOUR_RGB('',0.379000005575,0.270000008848,0.214999999939);
#18906 = STYLED_ITEM('color',(#18907),#5546);
#18907 = PRESENTATION_STYLE_ASSIGNMENT((#18908));
#18908 = SURFACE_STYLE_USAGE(.BOTH.,#18909);
#18909 = SURFACE_SIDE_STYLE('',(#18910));
#18910 = SURFACE_STYLE_FILL_AREA(#18911);
#18911 = FILL_AREA_STYLE('',(#18912));
#18912 = FILL_AREA_STYLE_COLOUR('',#18905);
#18913 = STYLED_ITEM('color',(#18914),#5570);
#18914 = PRESENTATION_STYLE_ASSIGNMENT((#18915));
#18915 = SURFACE_STYLE_USAGE(.BOTH.,#18916);
#18916 = SURFACE_SIDE_STYLE('',(#18917));
#18917 = SURFACE_STYLE_FILL_AREA(#18918);
#18918 = FILL_AREA_STYLE('',(#18919));
#18919 = FILL_AREA_STYLE_COLOUR('',#18905);
#18920 = STYLED_ITEM('color',(#18921),#5595);
#18921 = PRESENTATION_STYLE_ASSIGNMENT((#18922));
#18922 = SURFACE_STYLE_USAGE(.BOTH.,#18923);
#18923 = SURFACE_SIDE_STYLE('',(#18924));
#18924 = SURFACE_STYLE_FILL_AREA(#18925);
#18925 = FILL_AREA_STYLE('',(#18926));
#18926 = FILL_AREA_STYLE_COLOUR('',#18905);
#18927 = STYLED_ITEM('color',(#18928),#5619);
#18928 = PRESENTATION_STYLE_ASSIGNMENT((#18929));
#18929 = SURFACE_STYLE_USAGE(.BOTH.,#18930);
#18930 = SURFACE_SIDE_STYLE('',(#18931));
#18931 = SURFACE_STYLE_FILL_AREA(#18932);
#18932 = FILL_AREA_STYLE('',(#18933));
#18933 = FILL_AREA_STYLE_COLOUR('',#18905);
#18934 = STYLED_ITEM('color',(#18935),#5644);
#18935 = PRESENTATION_STYLE_ASSIGNMENT((#18936));
#18936 = SURFACE_STYLE_USAGE(.BOTH.,#18937);
#18937 = SURFACE_SIDE_STYLE('',(#18938));
#18938 = SURFACE_STYLE_FILL_AREA(#18939);
#18939 = FILL_AREA_STYLE('',(#18940));
#18940 = FILL_AREA_STYLE_COLOUR('',#18905);
#18941 = STYLED_ITEM('color',(#18942),#5668);
#18942 = PRESENTATION_STYLE_ASSIGNMENT((#18943));
#18943 = SURFACE_STYLE_USAGE(.BOTH.,#18944);
#18944 = SURFACE_SIDE_STYLE('',(#18945));
#18945 = SURFACE_STYLE_FILL_AREA(#18946);
#18946 = FILL_AREA_STYLE('',(#18947));
#18947 = FILL_AREA_STYLE_COLOUR('',#18905);
#18948 = STYLED_ITEM('color',(#18949),#5693);
#18949 = PRESENTATION_STYLE_ASSIGNMENT((#18950));
#18950 = SURFACE_STYLE_USAGE(.BOTH.,#18951);
#18951 = SURFACE_SIDE_STYLE('',(#18952));
#18952 = SURFACE_STYLE_FILL_AREA(#18953);
#18953 = FILL_AREA_STYLE('',(#18954));
#18954 = FILL_AREA_STYLE_COLOUR('',#18905);
#18955 = STYLED_ITEM('color',(#18956),#5710);
#18956 = PRESENTATION_STYLE_ASSIGNMENT((#18957));
#18957 = SURFACE_STYLE_USAGE(.BOTH.,#18958);
#18958 = SURFACE_SIDE_STYLE('',(#18959));
#18959 = SURFACE_STYLE_FILL_AREA(#18960);
#18960 = FILL_AREA_STYLE('',(#18961));
#18961 = FILL_AREA_STYLE_COLOUR('',#18649);
#18962 = STYLED_ITEM('color',(#18963),#5796);
#18963 = PRESENTATION_STYLE_ASSIGNMENT((#18964));
#18964 = SURFACE_STYLE_USAGE(.BOTH.,#18965);
#18965 = SURFACE_SIDE_STYLE('',(#18966));
#18966 = SURFACE_STYLE_FILL_AREA(#18967);
#18967 = FILL_AREA_STYLE('',(#18968));
#18968 = FILL_AREA_STYLE_COLOUR('',#18649);
#18969 = STYLED_ITEM('color',(#18970),#5827);
#18970 = PRESENTATION_STYLE_ASSIGNMENT((#18971));
#18971 = SURFACE_STYLE_USAGE(.BOTH.,#18972);
#18972 = SURFACE_SIDE_STYLE('',(#18973));
#18973 = SURFACE_STYLE_FILL_AREA(#18974);
#18974 = FILL_AREA_STYLE('',(#18975));
#18975 = FILL_AREA_STYLE_COLOUR('',#18649);
#18976 = STYLED_ITEM('color',(#18977),#5852);
#18977 = PRESENTATION_STYLE_ASSIGNMENT((#18978));
#18978 = SURFACE_STYLE_USAGE(.BOTH.,#18979);
#18979 = SURFACE_SIDE_STYLE('',(#18980));
#18980 = SURFACE_STYLE_FILL_AREA(#18981);
#18981 = FILL_AREA_STYLE('',(#18982));
#18982 = FILL_AREA_STYLE_COLOUR('',#18649);
#18983 = STYLED_ITEM('color',(#18984),#5877);
#18984 = PRESENTATION_STYLE_ASSIGNMENT((#18985));
#18985 = SURFACE_STYLE_USAGE(.BOTH.,#18986);
#18986 = SURFACE_SIDE_STYLE('',(#18987));
#18987 = SURFACE_STYLE_FILL_AREA(#18988);
#18988 = FILL_AREA_STYLE('',(#18989));
#18989 = FILL_AREA_STYLE_COLOUR('',#18649);
#18990 = STYLED_ITEM('color',(#18991),#5901);
#18991 = PRESENTATION_STYLE_ASSIGNMENT((#18992));
#18992 = SURFACE_STYLE_USAGE(.BOTH.,#18993);
#18993 = SURFACE_SIDE_STYLE('',(#18994));
#18994 = SURFACE_STYLE_FILL_AREA(#18995);
#18995 = FILL_AREA_STYLE('',(#18996));
#18996 = FILL_AREA_STYLE_COLOUR('',#18649);
#18997 = STYLED_ITEM('color',(#18998),#5925);
#18998 = PRESENTATION_STYLE_ASSIGNMENT((#18999));
#18999 = SURFACE_STYLE_USAGE(.BOTH.,#19000);
#19000 = SURFACE_SIDE_STYLE('',(#19001));
#19001 = SURFACE_STYLE_FILL_AREA(#19002);
#19002 = FILL_AREA_STYLE('',(#19003));
#19003 = FILL_AREA_STYLE_COLOUR('',#18649);
#19004 = STYLED_ITEM('color',(#19005),#5950);
#19005 = PRESENTATION_STYLE_ASSIGNMENT((#19006));
#19006 = SURFACE_STYLE_USAGE(.BOTH.,#19007);
#19007 = SURFACE_SIDE_STYLE('',(#19008));
#19008 = SURFACE_STYLE_FILL_AREA(#19009);
#19009 = FILL_AREA_STYLE('',(#19010));
#19010 = FILL_AREA_STYLE_COLOUR('',#18649);
#19011 = STYLED_ITEM('color',(#19012),#5975);
#19012 = PRESENTATION_STYLE_ASSIGNMENT((#19013));
#19013 = SURFACE_STYLE_USAGE(.BOTH.,#19014);
#19014 = SURFACE_SIDE_STYLE('',(#19015));
#19015 = SURFACE_STYLE_FILL_AREA(#19016);
#19016 = FILL_AREA_STYLE('',(#19017));
#19017 = FILL_AREA_STYLE_COLOUR('',#18649);
#19018 = STYLED_ITEM('color',(#19019),#5992);
#19019 = PRESENTATION_STYLE_ASSIGNMENT((#19020));
#19020 = SURFACE_STYLE_USAGE(.BOTH.,#19021);
#19021 = SURFACE_SIDE_STYLE('',(#19022));
#19022 = SURFACE_STYLE_FILL_AREA(#19023);
#19023 = FILL_AREA_STYLE('',(#19024));
#19024 = FILL_AREA_STYLE_COLOUR('',#18649);
#19025 = MECHANICAL_DESIGN_GEOMETRIC_PRESENTATION_REPRESENTATION('',(
    #19026,#19035,#19044,#19053,#19062,#19071,#19080,#19089,#19098,
    #19107,#19116,#19125,#19134,#19143,#19152,#19161,#19170,#19179,
    #19188,#19197,#19206,#19215,#19224,#19233,#19242,#19251,#19260,
    #19269,#19278,#19287,#19296,#19305,#19314,#19323,#19332,#19341,
    #19350,#19359,#19368,#19377,#19386,#19395,#19404,#19413,#19422,
    #19431,#19440,#19449,#19458,#19467,#19476,#19485,#19494,#19503,
    #19512,#19521,#19530,#19539,#19548,#19557,#19566,#19575,#19584,
    #19593,#19602,#19611,#19620,#19629,#19638,#19647,#19656,#19665,
    #19674,#19683,#19692,#19701,#19710,#19719,#19728,#19737,#19746,
    #19755,#19764,#19773,#19782,#19791,#19800,#19809,#19818,#19827,
    #19836,#19845,#19854,#19863,#19872,#19881,#19890,#19899,#19908,
    #19917,#19926,#19935,#19944,#19953,#19962,#19971,#19980,#19989,
    #19998,#20007,#20016,#20025,#20034,#20043,#20052,#20061,#20070,
    #20079,#20088,#20097,#20106,#20115,#20124,#20133,#20142,#20151,
    #20160,#20169,#20178,#20187,#20196,#20205,#20214,#20223,#20232,
    #20241,#20250,#20259,#20268,#20277,#20286,#20295,#20304,#20313,
    #20322,#20331,#20340,#20349,#20358,#20367,#20376,#20385,#20394,
    #20403,#20412,#20421,#20430,#20439,#20448,#20457,#20466,#20475,
    #20484,#20493,#20502,#20511,#20520,#20529,#20538,#20547,#20556,
    #20565,#20574,#20583,#20592,#20601,#20610,#20619,#20628,#20637,
    #20646,#20655,#20664,#20673,#20682,#20691,#20700,#20709,#20718,
    #20727,#20736,#20745,#20754,#20763,#20772,#20781,#20790,#20799,
    #20808,#20817,#20826,#20835,#20844,#20853,#20862,#20871,#20880,
    #20889,#20898,#20907,#20916,#20925,#20934,#20943,#20952,#20961,
    #20970,#20979,#20988,#20997,#21006,#21015,#21024,#21033,#21042,
    #21051,#21060,#21069,#21078,#21087,#21096,#21105,#21114,#21123,
    #21132,#21141,#21150),#16618);
#19026 = STYLED_ITEM('color',(#19027),#9348);
#19027 = PRESENTATION_STYLE_ASSIGNMENT((#19028,#19033));
#19028 = SURFACE_STYLE_USAGE(.BOTH.,#19029);
#19029 = SURFACE_SIDE_STYLE('',(#19030));
#19030 = SURFACE_STYLE_FILL_AREA(#19031);
#19031 = FILL_AREA_STYLE('',(#19032));
#19032 = FILL_AREA_STYLE_COLOUR('',#16825);
#19033 = CURVE_STYLE('',#19034,POSITIVE_LENGTH_MEASURE(0.1),#16825);
#19034 = DRAUGHTING_PRE_DEFINED_CURVE_FONT('continuous');
#19035 = STYLED_ITEM('color',(#19036),#9386);
#19036 = PRESENTATION_STYLE_ASSIGNMENT((#19037,#19042));
#19037 = SURFACE_STYLE_USAGE(.BOTH.,#19038);
#19038 = SURFACE_SIDE_STYLE('',(#19039));
#19039 = SURFACE_STYLE_FILL_AREA(#19040);
#19040 = FILL_AREA_STYLE('',(#19041));
#19041 = FILL_AREA_STYLE_COLOUR('',#16825);
#19042 = CURVE_STYLE('',#19043,POSITIVE_LENGTH_MEASURE(0.1),#16825);
#19043 = DRAUGHTING_PRE_DEFINED_CURVE_FONT('continuous');
#19044 = STYLED_ITEM('color',(#19045),#9449);
#19045 = PRESENTATION_STYLE_ASSIGNMENT((#19046,#19051));
#19046 = SURFACE_STYLE_USAGE(.BOTH.,#19047);
#19047 = SURFACE_SIDE_STYLE('',(#19048));
#19048 = SURFACE_STYLE_FILL_AREA(#19049);
#19049 = FILL_AREA_STYLE('',(#19050));
#19050 = FILL_AREA_STYLE_COLOUR('',#16825);
#19051 = CURVE_STYLE('',#19052,POSITIVE_LENGTH_MEASURE(0.1),#16825);
#19052 = DRAUGHTING_PRE_DEFINED_CURVE_FONT('continuous');
#19053 = STYLED_ITEM('color',(#19054),#9472);
#19054 = PRESENTATION_STYLE_ASSIGNMENT((#19055,#19060));
#19055 = SURFACE_STYLE_USAGE(.BOTH.,#19056);
#19056 = SURFACE_SIDE_STYLE('',(#19057));
#19057 = SURFACE_STYLE_FILL_AREA(#19058);
#19058 = FILL_AREA_STYLE('',(#19059));
#19059 = FILL_AREA_STYLE_COLOUR('',#16825);
#19060 = CURVE_STYLE('',#19061,POSITIVE_LENGTH_MEASURE(0.1),#16825);
#19061 = DRAUGHTING_PRE_DEFINED_CURVE_FONT('continuous');
#19062 = STYLED_ITEM('color',(#19063),#9501);
#19063 = PRESENTATION_STYLE_ASSIGNMENT((#19064,#19069));
#19064 = SURFACE_STYLE_USAGE(.BOTH.,#19065);
#19065 = SURFACE_SIDE_STYLE('',(#19066));
#19066 = SURFACE_STYLE_FILL_AREA(#19067);
#19067 = FILL_AREA_STYLE('',(#19068));
#19068 = FILL_AREA_STYLE_COLOUR('',#16825);
#19069 = CURVE_STYLE('',#19070,POSITIVE_LENGTH_MEASURE(0.1),#16825);
#19070 = DRAUGHTING_PRE_DEFINED_CURVE_FONT('continuous');
#19071 = STYLED_ITEM('color',(#19072),#9524);
#19072 = PRESENTATION_STYLE_ASSIGNMENT((#19073,#19078));
#19073 = SURFACE_STYLE_USAGE(.BOTH.,#19074);
#19074 = SURFACE_SIDE_STYLE('',(#19075));
#19075 = SURFACE_STYLE_FILL_AREA(#19076);
#19076 = FILL_AREA_STYLE('',(#19077));
#19077 = FILL_AREA_STYLE_COLOUR('',#16825);
#19078 = CURVE_STYLE('',#19079,POSITIVE_LENGTH_MEASURE(0.1),#16825);
#19079 = DRAUGHTING_PRE_DEFINED_CURVE_FONT('continuous');
#19080 = STYLED_ITEM('color',(#19081),#9659);
#19081 = PRESENTATION_STYLE_ASSIGNMENT((#19082,#19087));
#19082 = SURFACE_STYLE_USAGE(.BOTH.,#19083);
#19083 = SURFACE_SIDE_STYLE('',(#19084));
#19084 = SURFACE_STYLE_FILL_AREA(#19085);
#19085 = FILL_AREA_STYLE('',(#19086));
#19086 = FILL_AREA_STYLE_COLOUR('',#16825);
#19087 = CURVE_STYLE('',#19088,POSITIVE_LENGTH_MEASURE(0.1),#16825);
#19088 = DRAUGHTING_PRE_DEFINED_CURVE_FONT('continuous');
#19089 = STYLED_ITEM('color',(#19090),#9794);
#19090 = PRESENTATION_STYLE_ASSIGNMENT((#19091,#19096));
#19091 = SURFACE_STYLE_USAGE(.BOTH.,#19092);
#19092 = SURFACE_SIDE_STYLE('',(#19093));
#19093 = SURFACE_STYLE_FILL_AREA(#19094);
#19094 = FILL_AREA_STYLE('',(#19095));
#19095 = FILL_AREA_STYLE_COLOUR('',#16825);
#19096 = CURVE_STYLE('',#19097,POSITIVE_LENGTH_MEASURE(0.1),#16825);
#19097 = DRAUGHTING_PRE_DEFINED_CURVE_FONT('continuous');
#19098 = STYLED_ITEM('color',(#19099),#9817);
#19099 = PRESENTATION_STYLE_ASSIGNMENT((#19100,#19105));
#19100 = SURFACE_STYLE_USAGE(.BOTH.,#19101);
#19101 = SURFACE_SIDE_STYLE('',(#19102));
#19102 = SURFACE_STYLE_FILL_AREA(#19103);
#19103 = FILL_AREA_STYLE('',(#19104));
#19104 = FILL_AREA_STYLE_COLOUR('',#16825);
#19105 = CURVE_STYLE('',#19106,POSITIVE_LENGTH_MEASURE(0.1),#16825);
#19106 = DRAUGHTING_PRE_DEFINED_CURVE_FONT('continuous');
#19107 = STYLED_ITEM('color',(#19108),#9840);
#19108 = PRESENTATION_STYLE_ASSIGNMENT((#19109,#19114));
#19109 = SURFACE_STYLE_USAGE(.BOTH.,#19110);
#19110 = SURFACE_SIDE_STYLE('',(#19111));
#19111 = SURFACE_STYLE_FILL_AREA(#19112);
#19112 = FILL_AREA_STYLE('',(#19113));
#19113 = FILL_AREA_STYLE_COLOUR('',#16825);
#19114 = CURVE_STYLE('',#19115,POSITIVE_LENGTH_MEASURE(0.1),#16825);
#19115 = DRAUGHTING_PRE_DEFINED_CURVE_FONT('continuous');
#19116 = STYLED_ITEM('color',(#19117),#9857);
#19117 = PRESENTATION_STYLE_ASSIGNMENT((#19118,#19123));
#19118 = SURFACE_STYLE_USAGE(.BOTH.,#19119);
#19119 = SURFACE_SIDE_STYLE('',(#19120));
#19120 = SURFACE_STYLE_FILL_AREA(#19121);
#19121 = FILL_AREA_STYLE('',(#19122));
#19122 = FILL_AREA_STYLE_COLOUR('',#16825);
#19123 = CURVE_STYLE('',#19124,POSITIVE_LENGTH_MEASURE(0.1),#16825);
#19124 = DRAUGHTING_PRE_DEFINED_CURVE_FONT('continuous');
#19125 = STYLED_ITEM('color',(#19126),#9880);
#19126 = PRESENTATION_STYLE_ASSIGNMENT((#19127,#19132));
#19127 = SURFACE_STYLE_USAGE(.BOTH.,#19128);
#19128 = SURFACE_SIDE_STYLE('',(#19129));
#19129 = SURFACE_STYLE_FILL_AREA(#19130);
#19130 = FILL_AREA_STYLE('',(#19131));
#19131 = FILL_AREA_STYLE_COLOUR('',#16825);
#19132 = CURVE_STYLE('',#19133,POSITIVE_LENGTH_MEASURE(0.1),#16825);
#19133 = DRAUGHTING_PRE_DEFINED_CURVE_FONT('continuous');
#19134 = STYLED_ITEM('color',(#19135),#9968);
#19135 = PRESENTATION_STYLE_ASSIGNMENT((#19136,#19141));
#19136 = SURFACE_STYLE_USAGE(.BOTH.,#19137);
#19137 = SURFACE_SIDE_STYLE('',(#19138));
#19138 = SURFACE_STYLE_FILL_AREA(#19139);
#19139 = FILL_AREA_STYLE('',(#19140));
#19140 = FILL_AREA_STYLE_COLOUR('',#16825);
#19141 = CURVE_STYLE('',#19142,POSITIVE_LENGTH_MEASURE(0.1),#16825);
#19142 = DRAUGHTING_PRE_DEFINED_CURVE_FONT('continuous');
#19143 = STYLED_ITEM('color',(#19144),#9984);
#19144 = PRESENTATION_STYLE_ASSIGNMENT((#19145,#19150));
#19145 = SURFACE_STYLE_USAGE(.BOTH.,#19146);
#19146 = SURFACE_SIDE_STYLE('',(#19147));
#19147 = SURFACE_STYLE_FILL_AREA(#19148);
#19148 = FILL_AREA_STYLE('',(#19149));
#19149 = FILL_AREA_STYLE_COLOUR('',#16825);
#19150 = CURVE_STYLE('',#19151,POSITIVE_LENGTH_MEASURE(0.1),#16825);
#19151 = DRAUGHTING_PRE_DEFINED_CURVE_FONT('continuous');
#19152 = STYLED_ITEM('color',(#19153),#10014);
#19153 = PRESENTATION_STYLE_ASSIGNMENT((#19154,#19159));
#19154 = SURFACE_STYLE_USAGE(.BOTH.,#19155);
#19155 = SURFACE_SIDE_STYLE('',(#19156));
#19156 = SURFACE_STYLE_FILL_AREA(#19157);
#19157 = FILL_AREA_STYLE('',(#19158));
#19158 = FILL_AREA_STYLE_COLOUR('',#18649);
#19159 = CURVE_STYLE('',#19160,POSITIVE_LENGTH_MEASURE(0.1),#18649);
#19160 = DRAUGHTING_PRE_DEFINED_CURVE_FONT('continuous');
#19161 = STYLED_ITEM('color',(#19162),#10045);
#19162 = PRESENTATION_STYLE_ASSIGNMENT((#19163,#19168));
#19163 = SURFACE_STYLE_USAGE(.BOTH.,#19164);
#19164 = SURFACE_SIDE_STYLE('',(#19165));
#19165 = SURFACE_STYLE_FILL_AREA(#19166);
#19166 = FILL_AREA_STYLE('',(#19167));
#19167 = FILL_AREA_STYLE_COLOUR('',#16825);
#19168 = CURVE_STYLE('',#19169,POSITIVE_LENGTH_MEASURE(0.1),#16825);
#19169 = DRAUGHTING_PRE_DEFINED_CURVE_FONT('continuous');
#19170 = STYLED_ITEM('color',(#19171),#10076);
#19171 = PRESENTATION_STYLE_ASSIGNMENT((#19172,#19177));
#19172 = SURFACE_STYLE_USAGE(.BOTH.,#19173);
#19173 = SURFACE_SIDE_STYLE('',(#19174));
#19174 = SURFACE_STYLE_FILL_AREA(#19175);
#19175 = FILL_AREA_STYLE('',(#19176));
#19176 = FILL_AREA_STYLE_COLOUR('',#18649);
#19177 = CURVE_STYLE('',#19178,POSITIVE_LENGTH_MEASURE(0.1),#18649);
#19178 = DRAUGHTING_PRE_DEFINED_CURVE_FONT('continuous');
#19179 = STYLED_ITEM('color',(#19180),#10107);
#19180 = PRESENTATION_STYLE_ASSIGNMENT((#19181,#19186));
#19181 = SURFACE_STYLE_USAGE(.BOTH.,#19182);
#19182 = SURFACE_SIDE_STYLE('',(#19183));
#19183 = SURFACE_STYLE_FILL_AREA(#19184);
#19184 = FILL_AREA_STYLE('',(#19185));
#19185 = FILL_AREA_STYLE_COLOUR('',#16825);
#19186 = CURVE_STYLE('',#19187,POSITIVE_LENGTH_MEASURE(0.1),#16825);
#19187 = DRAUGHTING_PRE_DEFINED_CURVE_FONT('continuous');
#19188 = STYLED_ITEM('color',(#19189),#10138);
#19189 = PRESENTATION_STYLE_ASSIGNMENT((#19190,#19195));
#19190 = SURFACE_STYLE_USAGE(.BOTH.,#19191);
#19191 = SURFACE_SIDE_STYLE('',(#19192));
#19192 = SURFACE_STYLE_FILL_AREA(#19193);
#19193 = FILL_AREA_STYLE('',(#19194));
#19194 = FILL_AREA_STYLE_COLOUR('',#18649);
#19195 = CURVE_STYLE('',#19196,POSITIVE_LENGTH_MEASURE(0.1),#18649);
#19196 = DRAUGHTING_PRE_DEFINED_CURVE_FONT('continuous');
#19197 = STYLED_ITEM('color',(#19198),#10169);
#19198 = PRESENTATION_STYLE_ASSIGNMENT((#19199,#19204));
#19199 = SURFACE_STYLE_USAGE(.BOTH.,#19200);
#19200 = SURFACE_SIDE_STYLE('',(#19201));
#19201 = SURFACE_STYLE_FILL_AREA(#19202);
#19202 = FILL_AREA_STYLE('',(#19203));
#19203 = FILL_AREA_STYLE_COLOUR('',#16825);
#19204 = CURVE_STYLE('',#19205,POSITIVE_LENGTH_MEASURE(0.1),#16825);
#19205 = DRAUGHTING_PRE_DEFINED_CURVE_FONT('continuous');
#19206 = STYLED_ITEM('color',(#19207),#10200);
#19207 = PRESENTATION_STYLE_ASSIGNMENT((#19208,#19213));
#19208 = SURFACE_STYLE_USAGE(.BOTH.,#19209);
#19209 = SURFACE_SIDE_STYLE('',(#19210));
#19210 = SURFACE_STYLE_FILL_AREA(#19211);
#19211 = FILL_AREA_STYLE('',(#19212));
#19212 = FILL_AREA_STYLE_COLOUR('',#18649);
#19213 = CURVE_STYLE('',#19214,POSITIVE_LENGTH_MEASURE(0.1),#18649);
#19214 = DRAUGHTING_PRE_DEFINED_CURVE_FONT('continuous');
#19215 = STYLED_ITEM('color',(#19216),#10231);
#19216 = PRESENTATION_STYLE_ASSIGNMENT((#19217,#19222));
#19217 = SURFACE_STYLE_USAGE(.BOTH.,#19218);
#19218 = SURFACE_SIDE_STYLE('',(#19219));
#19219 = SURFACE_STYLE_FILL_AREA(#19220);
#19220 = FILL_AREA_STYLE('',(#19221));
#19221 = FILL_AREA_STYLE_COLOUR('',#16825);
#19222 = CURVE_STYLE('',#19223,POSITIVE_LENGTH_MEASURE(0.1),#16825);
#19223 = DRAUGHTING_PRE_DEFINED_CURVE_FONT('continuous');
#19224 = STYLED_ITEM('color',(#19225),#10262);
#19225 = PRESENTATION_STYLE_ASSIGNMENT((#19226,#19231));
#19226 = SURFACE_STYLE_USAGE(.BOTH.,#19227);
#19227 = SURFACE_SIDE_STYLE('',(#19228));
#19228 = SURFACE_STYLE_FILL_AREA(#19229);
#19229 = FILL_AREA_STYLE('',(#19230));
#19230 = FILL_AREA_STYLE_COLOUR('',#18649);
#19231 = CURVE_STYLE('',#19232,POSITIVE_LENGTH_MEASURE(0.1),#18649);
#19232 = DRAUGHTING_PRE_DEFINED_CURVE_FONT('continuous');
#19233 = STYLED_ITEM('color',(#19234),#10293);
#19234 = PRESENTATION_STYLE_ASSIGNMENT((#19235,#19240));
#19235 = SURFACE_STYLE_USAGE(.BOTH.,#19236);
#19236 = SURFACE_SIDE_STYLE('',(#19237));
#19237 = SURFACE_STYLE_FILL_AREA(#19238);
#19238 = FILL_AREA_STYLE('',(#19239));
#19239 = FILL_AREA_STYLE_COLOUR('',#16825);
#19240 = CURVE_STYLE('',#19241,POSITIVE_LENGTH_MEASURE(0.1),#16825);
#19241 = DRAUGHTING_PRE_DEFINED_CURVE_FONT('continuous');
#19242 = STYLED_ITEM('color',(#19243),#10324);
#19243 = PRESENTATION_STYLE_ASSIGNMENT((#19244,#19249));
#19244 = SURFACE_STYLE_USAGE(.BOTH.,#19245);
#19245 = SURFACE_SIDE_STYLE('',(#19246));
#19246 = SURFACE_STYLE_FILL_AREA(#19247);
#19247 = FILL_AREA_STYLE('',(#19248));
#19248 = FILL_AREA_STYLE_COLOUR('',#18649);
#19249 = CURVE_STYLE('',#19250,POSITIVE_LENGTH_MEASURE(0.1),#18649);
#19250 = DRAUGHTING_PRE_DEFINED_CURVE_FONT('continuous');
#19251 = STYLED_ITEM('color',(#19252),#10355);
#19252 = PRESENTATION_STYLE_ASSIGNMENT((#19253,#19258));
#19253 = SURFACE_STYLE_USAGE(.BOTH.,#19254);
#19254 = SURFACE_SIDE_STYLE('',(#19255));
#19255 = SURFACE_STYLE_FILL_AREA(#19256);
#19256 = FILL_AREA_STYLE('',(#19257));
#19257 = FILL_AREA_STYLE_COLOUR('',#16825);
#19258 = CURVE_STYLE('',#19259,POSITIVE_LENGTH_MEASURE(0.1),#16825);
#19259 = DRAUGHTING_PRE_DEFINED_CURVE_FONT('continuous');
#19260 = STYLED_ITEM('color',(#19261),#10386);
#19261 = PRESENTATION_STYLE_ASSIGNMENT((#19262,#19267));
#19262 = SURFACE_STYLE_USAGE(.BOTH.,#19263);
#19263 = SURFACE_SIDE_STYLE('',(#19264));
#19264 = SURFACE_STYLE_FILL_AREA(#19265);
#19265 = FILL_AREA_STYLE('',(#19266));
#19266 = FILL_AREA_STYLE_COLOUR('',#18649);
#19267 = CURVE_STYLE('',#19268,POSITIVE_LENGTH_MEASURE(0.1),#18649);
#19268 = DRAUGHTING_PRE_DEFINED_CURVE_FONT('continuous');
#19269 = STYLED_ITEM('color',(#19270),#10417);
#19270 = PRESENTATION_STYLE_ASSIGNMENT((#19271,#19276));
#19271 = SURFACE_STYLE_USAGE(.BOTH.,#19272);
#19272 = SURFACE_SIDE_STYLE('',(#19273));
#19273 = SURFACE_STYLE_FILL_AREA(#19274);
#19274 = FILL_AREA_STYLE('',(#19275));
#19275 = FILL_AREA_STYLE_COLOUR('',#16825);
#19276 = CURVE_STYLE('',#19277,POSITIVE_LENGTH_MEASURE(0.1),#16825);
#19277 = DRAUGHTING_PRE_DEFINED_CURVE_FONT('continuous');
#19278 = STYLED_ITEM('color',(#19279),#10434);
#19279 = PRESENTATION_STYLE_ASSIGNMENT((#19280,#19285));
#19280 = SURFACE_STYLE_USAGE(.BOTH.,#19281);
#19281 = SURFACE_SIDE_STYLE('',(#19282));
#19282 = SURFACE_STYLE_FILL_AREA(#19283);
#19283 = FILL_AREA_STYLE('',(#19284));
#19284 = FILL_AREA_STYLE_COLOUR('',#16825);
#19285 = CURVE_STYLE('',#19286,POSITIVE_LENGTH_MEASURE(0.1),#16825);
#19286 = DRAUGHTING_PRE_DEFINED_CURVE_FONT('continuous');
#19287 = STYLED_ITEM('color',(#19288),#10451);
#19288 = PRESENTATION_STYLE_ASSIGNMENT((#19289,#19294));
#19289 = SURFACE_STYLE_USAGE(.BOTH.,#19290);
#19290 = SURFACE_SIDE_STYLE('',(#19291));
#19291 = SURFACE_STYLE_FILL_AREA(#19292);
#19292 = FILL_AREA_STYLE('',(#19293));
#19293 = FILL_AREA_STYLE_COLOUR('',#18649);
#19294 = CURVE_STYLE('',#19295,POSITIVE_LENGTH_MEASURE(0.1),#18649);
#19295 = DRAUGHTING_PRE_DEFINED_CURVE_FONT('continuous');
#19296 = STYLED_ITEM('color',(#19297),#10482);
#19297 = PRESENTATION_STYLE_ASSIGNMENT((#19298,#19303));
#19298 = SURFACE_STYLE_USAGE(.BOTH.,#19299);
#19299 = SURFACE_SIDE_STYLE('',(#19300));
#19300 = SURFACE_STYLE_FILL_AREA(#19301);
#19301 = FILL_AREA_STYLE('',(#19302));
#19302 = FILL_AREA_STYLE_COLOUR('',#16825);
#19303 = CURVE_STYLE('',#19304,POSITIVE_LENGTH_MEASURE(0.1),#16825);
#19304 = DRAUGHTING_PRE_DEFINED_CURVE_FONT('continuous');
#19305 = STYLED_ITEM('color',(#19306),#10513);
#19306 = PRESENTATION_STYLE_ASSIGNMENT((#19307,#19312));
#19307 = SURFACE_STYLE_USAGE(.BOTH.,#19308);
#19308 = SURFACE_SIDE_STYLE('',(#19309));
#19309 = SURFACE_STYLE_FILL_AREA(#19310);
#19310 = FILL_AREA_STYLE('',(#19311));
#19311 = FILL_AREA_STYLE_COLOUR('',#18649);
#19312 = CURVE_STYLE('',#19313,POSITIVE_LENGTH_MEASURE(0.1),#18649);
#19313 = DRAUGHTING_PRE_DEFINED_CURVE_FONT('continuous');
#19314 = STYLED_ITEM('color',(#19315),#10544);
#19315 = PRESENTATION_STYLE_ASSIGNMENT((#19316,#19321));
#19316 = SURFACE_STYLE_USAGE(.BOTH.,#19317);
#19317 = SURFACE_SIDE_STYLE('',(#19318));
#19318 = SURFACE_STYLE_FILL_AREA(#19319);
#19319 = FILL_AREA_STYLE('',(#19320));
#19320 = FILL_AREA_STYLE_COLOUR('',#16825);
#19321 = CURVE_STYLE('',#19322,POSITIVE_LENGTH_MEASURE(0.1),#16825);
#19322 = DRAUGHTING_PRE_DEFINED_CURVE_FONT('continuous');
#19323 = STYLED_ITEM('color',(#19324),#10575);
#19324 = PRESENTATION_STYLE_ASSIGNMENT((#19325,#19330));
#19325 = SURFACE_STYLE_USAGE(.BOTH.,#19326);
#19326 = SURFACE_SIDE_STYLE('',(#19327));
#19327 = SURFACE_STYLE_FILL_AREA(#19328);
#19328 = FILL_AREA_STYLE('',(#19329));
#19329 = FILL_AREA_STYLE_COLOUR('',#18649);
#19330 = CURVE_STYLE('',#19331,POSITIVE_LENGTH_MEASURE(0.1),#18649);
#19331 = DRAUGHTING_PRE_DEFINED_CURVE_FONT('continuous');
#19332 = STYLED_ITEM('color',(#19333),#10606);
#19333 = PRESENTATION_STYLE_ASSIGNMENT((#19334,#19339));
#19334 = SURFACE_STYLE_USAGE(.BOTH.,#19335);
#19335 = SURFACE_SIDE_STYLE('',(#19336));
#19336 = SURFACE_STYLE_FILL_AREA(#19337);
#19337 = FILL_AREA_STYLE('',(#19338));
#19338 = FILL_AREA_STYLE_COLOUR('',#16825);
#19339 = CURVE_STYLE('',#19340,POSITIVE_LENGTH_MEASURE(0.1),#16825);
#19340 = DRAUGHTING_PRE_DEFINED_CURVE_FONT('continuous');
#19341 = STYLED_ITEM('color',(#19342),#10637);
#19342 = PRESENTATION_STYLE_ASSIGNMENT((#19343,#19348));
#19343 = SURFACE_STYLE_USAGE(.BOTH.,#19344);
#19344 = SURFACE_SIDE_STYLE('',(#19345));
#19345 = SURFACE_STYLE_FILL_AREA(#19346);
#19346 = FILL_AREA_STYLE('',(#19347));
#19347 = FILL_AREA_STYLE_COLOUR('',#18649);
#19348 = CURVE_STYLE('',#19349,POSITIVE_LENGTH_MEASURE(0.1),#18649);
#19349 = DRAUGHTING_PRE_DEFINED_CURVE_FONT('continuous');
#19350 = STYLED_ITEM('color',(#19351),#10668);
#19351 = PRESENTATION_STYLE_ASSIGNMENT((#19352,#19357));
#19352 = SURFACE_STYLE_USAGE(.BOTH.,#19353);
#19353 = SURFACE_SIDE_STYLE('',(#19354));
#19354 = SURFACE_STYLE_FILL_AREA(#19355);
#19355 = FILL_AREA_STYLE('',(#19356));
#19356 = FILL_AREA_STYLE_COLOUR('',#16825);
#19357 = CURVE_STYLE('',#19358,POSITIVE_LENGTH_MEASURE(0.1),#16825);
#19358 = DRAUGHTING_PRE_DEFINED_CURVE_FONT('continuous');
#19359 = STYLED_ITEM('color',(#19360),#10699);
#19360 = PRESENTATION_STYLE_ASSIGNMENT((#19361,#19366));
#19361 = SURFACE_STYLE_USAGE(.BOTH.,#19362);
#19362 = SURFACE_SIDE_STYLE('',(#19363));
#19363 = SURFACE_STYLE_FILL_AREA(#19364);
#19364 = FILL_AREA_STYLE('',(#19365));
#19365 = FILL_AREA_STYLE_COLOUR('',#18649);
#19366 = CURVE_STYLE('',#19367,POSITIVE_LENGTH_MEASURE(0.1),#18649);
#19367 = DRAUGHTING_PRE_DEFINED_CURVE_FONT('continuous');
#19368 = STYLED_ITEM('color',(#19369),#10730);
#19369 = PRESENTATION_STYLE_ASSIGNMENT((#19370,#19375));
#19370 = SURFACE_STYLE_USAGE(.BOTH.,#19371);
#19371 = SURFACE_SIDE_STYLE('',(#19372));
#19372 = SURFACE_STYLE_FILL_AREA(#19373);
#19373 = FILL_AREA_STYLE('',(#19374));
#19374 = FILL_AREA_STYLE_COLOUR('',#16825);
#19375 = CURVE_STYLE('',#19376,POSITIVE_LENGTH_MEASURE(0.1),#16825);
#19376 = DRAUGHTING_PRE_DEFINED_CURVE_FONT('continuous');
#19377 = STYLED_ITEM('color',(#19378),#10761);
#19378 = PRESENTATION_STYLE_ASSIGNMENT((#19379,#19384));
#19379 = SURFACE_STYLE_USAGE(.BOTH.,#19380);
#19380 = SURFACE_SIDE_STYLE('',(#19381));
#19381 = SURFACE_STYLE_FILL_AREA(#19382);
#19382 = FILL_AREA_STYLE('',(#19383));
#19383 = FILL_AREA_STYLE_COLOUR('',#18649);
#19384 = CURVE_STYLE('',#19385,POSITIVE_LENGTH_MEASURE(0.1),#18649);
#19385 = DRAUGHTING_PRE_DEFINED_CURVE_FONT('continuous');
#19386 = STYLED_ITEM('color',(#19387),#10792);
#19387 = PRESENTATION_STYLE_ASSIGNMENT((#19388,#19393));
#19388 = SURFACE_STYLE_USAGE(.BOTH.,#19389);
#19389 = SURFACE_SIDE_STYLE('',(#19390));
#19390 = SURFACE_STYLE_FILL_AREA(#19391);
#19391 = FILL_AREA_STYLE('',(#19392));
#19392 = FILL_AREA_STYLE_COLOUR('',#16825);
#19393 = CURVE_STYLE('',#19394,POSITIVE_LENGTH_MEASURE(0.1),#16825);
#19394 = DRAUGHTING_PRE_DEFINED_CURVE_FONT('continuous');
#19395 = STYLED_ITEM('color',(#19396),#10823);
#19396 = PRESENTATION_STYLE_ASSIGNMENT((#19397,#19402));
#19397 = SURFACE_STYLE_USAGE(.BOTH.,#19398);
#19398 = SURFACE_SIDE_STYLE('',(#19399));
#19399 = SURFACE_STYLE_FILL_AREA(#19400);
#19400 = FILL_AREA_STYLE('',(#19401));
#19401 = FILL_AREA_STYLE_COLOUR('',#18649);
#19402 = CURVE_STYLE('',#19403,POSITIVE_LENGTH_MEASURE(0.1),#18649);
#19403 = DRAUGHTING_PRE_DEFINED_CURVE_FONT('continuous');
#19404 = STYLED_ITEM('color',(#19405),#10854);
#19405 = PRESENTATION_STYLE_ASSIGNMENT((#19406,#19411));
#19406 = SURFACE_STYLE_USAGE(.BOTH.,#19407);
#19407 = SURFACE_SIDE_STYLE('',(#19408));
#19408 = SURFACE_STYLE_FILL_AREA(#19409);
#19409 = FILL_AREA_STYLE('',(#19410));
#19410 = FILL_AREA_STYLE_COLOUR('',#16825);
#19411 = CURVE_STYLE('',#19412,POSITIVE_LENGTH_MEASURE(0.1),#16825);
#19412 = DRAUGHTING_PRE_DEFINED_CURVE_FONT('continuous');
#19413 = STYLED_ITEM('color',(#19414),#10884);
#19414 = PRESENTATION_STYLE_ASSIGNMENT((#19415,#19420));
#19415 = SURFACE_STYLE_USAGE(.BOTH.,#19416);
#19416 = SURFACE_SIDE_STYLE('',(#19417));
#19417 = SURFACE_STYLE_FILL_AREA(#19418);
#19418 = FILL_AREA_STYLE('',(#19419));
#19419 = FILL_AREA_STYLE_COLOUR('',#16825);
#19420 = CURVE_STYLE('',#19421,POSITIVE_LENGTH_MEASURE(0.1),#16825);
#19421 = DRAUGHTING_PRE_DEFINED_CURVE_FONT('continuous');
#19422 = STYLED_ITEM('color',(#19423),#10907);
#19423 = PRESENTATION_STYLE_ASSIGNMENT((#19424,#19429));
#19424 = SURFACE_STYLE_USAGE(.BOTH.,#19425);
#19425 = SURFACE_SIDE_STYLE('',(#19426));
#19426 = SURFACE_STYLE_FILL_AREA(#19427);
#19427 = FILL_AREA_STYLE('',(#19428));
#19428 = FILL_AREA_STYLE_COLOUR('',#16825);
#19429 = CURVE_STYLE('',#19430,POSITIVE_LENGTH_MEASURE(0.1),#16825);
#19430 = DRAUGHTING_PRE_DEFINED_CURVE_FONT('continuous');
#19431 = STYLED_ITEM('color',(#19432),#10930);
#19432 = PRESENTATION_STYLE_ASSIGNMENT((#19433,#19438));
#19433 = SURFACE_STYLE_USAGE(.BOTH.,#19434);
#19434 = SURFACE_SIDE_STYLE('',(#19435));
#19435 = SURFACE_STYLE_FILL_AREA(#19436);
#19436 = FILL_AREA_STYLE('',(#19437));
#19437 = FILL_AREA_STYLE_COLOUR('',#16825);
#19438 = CURVE_STYLE('',#19439,POSITIVE_LENGTH_MEASURE(0.1),#16825);
#19439 = DRAUGHTING_PRE_DEFINED_CURVE_FONT('continuous');
#19440 = STYLED_ITEM('color',(#19441),#10947);
#19441 = PRESENTATION_STYLE_ASSIGNMENT((#19442,#19447));
#19442 = SURFACE_STYLE_USAGE(.BOTH.,#19443);
#19443 = SURFACE_SIDE_STYLE('',(#19444));
#19444 = SURFACE_STYLE_FILL_AREA(#19445);
#19445 = FILL_AREA_STYLE('',(#19446));
#19446 = FILL_AREA_STYLE_COLOUR('',#18649);
#19447 = CURVE_STYLE('',#19448,POSITIVE_LENGTH_MEASURE(0.1),#18649);
#19448 = DRAUGHTING_PRE_DEFINED_CURVE_FONT('continuous');
#19449 = STYLED_ITEM('color',(#19450),#10992);
#19450 = PRESENTATION_STYLE_ASSIGNMENT((#19451,#19456));
#19451 = SURFACE_STYLE_USAGE(.BOTH.,#19452);
#19452 = SURFACE_SIDE_STYLE('',(#19453));
#19453 = SURFACE_STYLE_FILL_AREA(#19454);
#19454 = FILL_AREA_STYLE('',(#19455));
#19455 = FILL_AREA_STYLE_COLOUR('',#16825);
#19456 = CURVE_STYLE('',#19457,POSITIVE_LENGTH_MEASURE(0.1),#16825);
#19457 = DRAUGHTING_PRE_DEFINED_CURVE_FONT('continuous');
#19458 = STYLED_ITEM('color',(#19459),#11126);
#19459 = PRESENTATION_STYLE_ASSIGNMENT((#19460,#19465));
#19460 = SURFACE_STYLE_USAGE(.BOTH.,#19461);
#19461 = SURFACE_SIDE_STYLE('',(#19462));
#19462 = SURFACE_STYLE_FILL_AREA(#19463);
#19463 = FILL_AREA_STYLE('',(#19464));
#19464 = FILL_AREA_STYLE_COLOUR('',#16825);
#19465 = CURVE_STYLE('',#19466,POSITIVE_LENGTH_MEASURE(0.1),#16825);
#19466 = DRAUGHTING_PRE_DEFINED_CURVE_FONT('continuous');
#19467 = STYLED_ITEM('color',(#19468),#11149);
#19468 = PRESENTATION_STYLE_ASSIGNMENT((#19469,#19474));
#19469 = SURFACE_STYLE_USAGE(.BOTH.,#19470);
#19470 = SURFACE_SIDE_STYLE('',(#19471));
#19471 = SURFACE_STYLE_FILL_AREA(#19472);
#19472 = FILL_AREA_STYLE('',(#19473));
#19473 = FILL_AREA_STYLE_COLOUR('',#16825);
#19474 = CURVE_STYLE('',#19475,POSITIVE_LENGTH_MEASURE(0.1),#16825);
#19475 = DRAUGHTING_PRE_DEFINED_CURVE_FONT('continuous');
#19476 = STYLED_ITEM('color',(#19477),#11172);
#19477 = PRESENTATION_STYLE_ASSIGNMENT((#19478,#19483));
#19478 = SURFACE_STYLE_USAGE(.BOTH.,#19479);
#19479 = SURFACE_SIDE_STYLE('',(#19480));
#19480 = SURFACE_STYLE_FILL_AREA(#19481);
#19481 = FILL_AREA_STYLE('',(#19482));
#19482 = FILL_AREA_STYLE_COLOUR('',#16825);
#19483 = CURVE_STYLE('',#19484,POSITIVE_LENGTH_MEASURE(0.1),#16825);
#19484 = DRAUGHTING_PRE_DEFINED_CURVE_FONT('continuous');
#19485 = STYLED_ITEM('color',(#19486),#11195);
#19486 = PRESENTATION_STYLE_ASSIGNMENT((#19487,#19492));
#19487 = SURFACE_STYLE_USAGE(.BOTH.,#19488);
#19488 = SURFACE_SIDE_STYLE('',(#19489));
#19489 = SURFACE_STYLE_FILL_AREA(#19490);
#19490 = FILL_AREA_STYLE('',(#19491));
#19491 = FILL_AREA_STYLE_COLOUR('',#16825);
#19492 = CURVE_STYLE('',#19493,POSITIVE_LENGTH_MEASURE(0.1),#16825);
#19493 = DRAUGHTING_PRE_DEFINED_CURVE_FONT('continuous');
#19494 = STYLED_ITEM('color',(#19495),#11330);
#19495 = PRESENTATION_STYLE_ASSIGNMENT((#19496,#19501));
#19496 = SURFACE_STYLE_USAGE(.BOTH.,#19497);
#19497 = SURFACE_SIDE_STYLE('',(#19498));
#19498 = SURFACE_STYLE_FILL_AREA(#19499);
#19499 = FILL_AREA_STYLE('',(#19500));
#19500 = FILL_AREA_STYLE_COLOUR('',#18649);
#19501 = CURVE_STYLE('',#19502,POSITIVE_LENGTH_MEASURE(0.1),#18649);
#19502 = DRAUGHTING_PRE_DEFINED_CURVE_FONT('continuous');
#19503 = STYLED_ITEM('color',(#19504),#11368);
#19504 = PRESENTATION_STYLE_ASSIGNMENT((#19505,#19510));
#19505 = SURFACE_STYLE_USAGE(.BOTH.,#19506);
#19506 = SURFACE_SIDE_STYLE('',(#19507));
#19507 = SURFACE_STYLE_FILL_AREA(#19508);
#19508 = FILL_AREA_STYLE('',(#19509));
#19509 = FILL_AREA_STYLE_COLOUR('',#16825);
#19510 = CURVE_STYLE('',#19511,POSITIVE_LENGTH_MEASURE(0.1),#16825);
#19511 = DRAUGHTING_PRE_DEFINED_CURVE_FONT('continuous');
#19512 = STYLED_ITEM('color',(#19513),#11417);
#19513 = PRESENTATION_STYLE_ASSIGNMENT((#19514,#19519));
#19514 = SURFACE_STYLE_USAGE(.BOTH.,#19515);
#19515 = SURFACE_SIDE_STYLE('',(#19516));
#19516 = SURFACE_STYLE_FILL_AREA(#19517);
#19517 = FILL_AREA_STYLE('',(#19518));
#19518 = FILL_AREA_STYLE_COLOUR('',#18649);
#19519 = CURVE_STYLE('',#19520,POSITIVE_LENGTH_MEASURE(0.1),#18649);
#19520 = DRAUGHTING_PRE_DEFINED_CURVE_FONT('continuous');
#19521 = STYLED_ITEM('color',(#19522),#11509);
#19522 = PRESENTATION_STYLE_ASSIGNMENT((#19523,#19528));
#19523 = SURFACE_STYLE_USAGE(.BOTH.,#19524);
#19524 = SURFACE_SIDE_STYLE('',(#19525));
#19525 = SURFACE_STYLE_FILL_AREA(#19526);
#19526 = FILL_AREA_STYLE('',(#19527));
#19527 = FILL_AREA_STYLE_COLOUR('',#18649);
#19528 = CURVE_STYLE('',#19529,POSITIVE_LENGTH_MEASURE(0.1),#18649);
#19529 = DRAUGHTING_PRE_DEFINED_CURVE_FONT('continuous');
#19530 = STYLED_ITEM('color',(#19531),#11534);
#19531 = PRESENTATION_STYLE_ASSIGNMENT((#19532,#19537));
#19532 = SURFACE_STYLE_USAGE(.BOTH.,#19533);
#19533 = SURFACE_SIDE_STYLE('',(#19534));
#19534 = SURFACE_STYLE_FILL_AREA(#19535);
#19535 = FILL_AREA_STYLE('',(#19536));
#19536 = FILL_AREA_STYLE_COLOUR('',#18649);
#19537 = CURVE_STYLE('',#19538,POSITIVE_LENGTH_MEASURE(0.1),#18649);
#19538 = DRAUGHTING_PRE_DEFINED_CURVE_FONT('continuous');
#19539 = STYLED_ITEM('color',(#19540),#11618);
#19540 = PRESENTATION_STYLE_ASSIGNMENT((#19541,#19546));
#19541 = SURFACE_STYLE_USAGE(.BOTH.,#19542);
#19542 = SURFACE_SIDE_STYLE('',(#19543));
#19543 = SURFACE_STYLE_FILL_AREA(#19544);
#19544 = FILL_AREA_STYLE('',(#19545));
#19545 = FILL_AREA_STYLE_COLOUR('',#16825);
#19546 = CURVE_STYLE('',#19547,POSITIVE_LENGTH_MEASURE(0.1),#16825);
#19547 = DRAUGHTING_PRE_DEFINED_CURVE_FONT('continuous');
#19548 = STYLED_ITEM('color',(#19549),#11640);
#19549 = PRESENTATION_STYLE_ASSIGNMENT((#19550,#19555));
#19550 = SURFACE_STYLE_USAGE(.BOTH.,#19551);
#19551 = SURFACE_SIDE_STYLE('',(#19552));
#19552 = SURFACE_STYLE_FILL_AREA(#19553);
#19553 = FILL_AREA_STYLE('',(#19554));
#19554 = FILL_AREA_STYLE_COLOUR('',#18649);
#19555 = CURVE_STYLE('',#19556,POSITIVE_LENGTH_MEASURE(0.1),#18649);
#19556 = DRAUGHTING_PRE_DEFINED_CURVE_FONT('continuous');
#19557 = STYLED_ITEM('color',(#19558),#11732);
#19558 = PRESENTATION_STYLE_ASSIGNMENT((#19559,#19564));
#19559 = SURFACE_STYLE_USAGE(.BOTH.,#19560);
#19560 = SURFACE_SIDE_STYLE('',(#19561));
#19561 = SURFACE_STYLE_FILL_AREA(#19562);
#19562 = FILL_AREA_STYLE('',(#19563));
#19563 = FILL_AREA_STYLE_COLOUR('',#18649);
#19564 = CURVE_STYLE('',#19565,POSITIVE_LENGTH_MEASURE(0.1),#18649);
#19565 = DRAUGHTING_PRE_DEFINED_CURVE_FONT('continuous');
#19566 = STYLED_ITEM('color',(#19567),#11757);
#19567 = PRESENTATION_STYLE_ASSIGNMENT((#19568,#19573));
#19568 = SURFACE_STYLE_USAGE(.BOTH.,#19569);
#19569 = SURFACE_SIDE_STYLE('',(#19570));
#19570 = SURFACE_STYLE_FILL_AREA(#19571);
#19571 = FILL_AREA_STYLE('',(#19572));
#19572 = FILL_AREA_STYLE_COLOUR('',#18649);
#19573 = CURVE_STYLE('',#19574,POSITIVE_LENGTH_MEASURE(0.1),#18649);
#19574 = DRAUGHTING_PRE_DEFINED_CURVE_FONT('continuous');
#19575 = STYLED_ITEM('color',(#19576),#11841);
#19576 = PRESENTATION_STYLE_ASSIGNMENT((#19577,#19582));
#19577 = SURFACE_STYLE_USAGE(.BOTH.,#19578);
#19578 = SURFACE_SIDE_STYLE('',(#19579));
#19579 = SURFACE_STYLE_FILL_AREA(#19580);
#19580 = FILL_AREA_STYLE('',(#19581));
#19581 = FILL_AREA_STYLE_COLOUR('',#16825);
#19582 = CURVE_STYLE('',#19583,POSITIVE_LENGTH_MEASURE(0.1),#16825);
#19583 = DRAUGHTING_PRE_DEFINED_CURVE_FONT('continuous');
#19584 = STYLED_ITEM('color',(#19585),#11863);
#19585 = PRESENTATION_STYLE_ASSIGNMENT((#19586,#19591));
#19586 = SURFACE_STYLE_USAGE(.BOTH.,#19587);
#19587 = SURFACE_SIDE_STYLE('',(#19588));
#19588 = SURFACE_STYLE_FILL_AREA(#19589);
#19589 = FILL_AREA_STYLE('',(#19590));
#19590 = FILL_AREA_STYLE_COLOUR('',#18649);
#19591 = CURVE_STYLE('',#19592,POSITIVE_LENGTH_MEASURE(0.1),#18649);
#19592 = DRAUGHTING_PRE_DEFINED_CURVE_FONT('continuous');
#19593 = STYLED_ITEM('color',(#19594),#11955);
#19594 = PRESENTATION_STYLE_ASSIGNMENT((#19595,#19600));
#19595 = SURFACE_STYLE_USAGE(.BOTH.,#19596);
#19596 = SURFACE_SIDE_STYLE('',(#19597));
#19597 = SURFACE_STYLE_FILL_AREA(#19598);
#19598 = FILL_AREA_STYLE('',(#19599));
#19599 = FILL_AREA_STYLE_COLOUR('',#18649);
#19600 = CURVE_STYLE('',#19601,POSITIVE_LENGTH_MEASURE(0.1),#18649);
#19601 = DRAUGHTING_PRE_DEFINED_CURVE_FONT('continuous');
#19602 = STYLED_ITEM('color',(#19603),#11980);
#19603 = PRESENTATION_STYLE_ASSIGNMENT((#19604,#19609));
#19604 = SURFACE_STYLE_USAGE(.BOTH.,#19605);
#19605 = SURFACE_SIDE_STYLE('',(#19606));
#19606 = SURFACE_STYLE_FILL_AREA(#19607);
#19607 = FILL_AREA_STYLE('',(#19608));
#19608 = FILL_AREA_STYLE_COLOUR('',#18649);
#19609 = CURVE_STYLE('',#19610,POSITIVE_LENGTH_MEASURE(0.1),#18649);
#19610 = DRAUGHTING_PRE_DEFINED_CURVE_FONT('continuous');
#19611 = STYLED_ITEM('color',(#19612),#12064);
#19612 = PRESENTATION_STYLE_ASSIGNMENT((#19613,#19618));
#19613 = SURFACE_STYLE_USAGE(.BOTH.,#19614);
#19614 = SURFACE_SIDE_STYLE('',(#19615));
#19615 = SURFACE_STYLE_FILL_AREA(#19616);
#19616 = FILL_AREA_STYLE('',(#19617));
#19617 = FILL_AREA_STYLE_COLOUR('',#16825);
#19618 = CURVE_STYLE('',#19619,POSITIVE_LENGTH_MEASURE(0.1),#16825);
#19619 = DRAUGHTING_PRE_DEFINED_CURVE_FONT('continuous');
#19620 = STYLED_ITEM('color',(#19621),#12086);
#19621 = PRESENTATION_STYLE_ASSIGNMENT((#19622,#19627));
#19622 = SURFACE_STYLE_USAGE(.BOTH.,#19623);
#19623 = SURFACE_SIDE_STYLE('',(#19624));
#19624 = SURFACE_STYLE_FILL_AREA(#19625);
#19625 = FILL_AREA_STYLE('',(#19626));
#19626 = FILL_AREA_STYLE_COLOUR('',#18649);
#19627 = CURVE_STYLE('',#19628,POSITIVE_LENGTH_MEASURE(0.1),#18649);
#19628 = DRAUGHTING_PRE_DEFINED_CURVE_FONT('continuous');
#19629 = STYLED_ITEM('color',(#19630),#12178);
#19630 = PRESENTATION_STYLE_ASSIGNMENT((#19631,#19636));
#19631 = SURFACE_STYLE_USAGE(.BOTH.,#19632);
#19632 = SURFACE_SIDE_STYLE('',(#19633));
#19633 = SURFACE_STYLE_FILL_AREA(#19634);
#19634 = FILL_AREA_STYLE('',(#19635));
#19635 = FILL_AREA_STYLE_COLOUR('',#18649);
#19636 = CURVE_STYLE('',#19637,POSITIVE_LENGTH_MEASURE(0.1),#18649);
#19637 = DRAUGHTING_PRE_DEFINED_CURVE_FONT('continuous');
#19638 = STYLED_ITEM('color',(#19639),#12203);
#19639 = PRESENTATION_STYLE_ASSIGNMENT((#19640,#19645));
#19640 = SURFACE_STYLE_USAGE(.BOTH.,#19641);
#19641 = SURFACE_SIDE_STYLE('',(#19642));
#19642 = SURFACE_STYLE_FILL_AREA(#19643);
#19643 = FILL_AREA_STYLE('',(#19644));
#19644 = FILL_AREA_STYLE_COLOUR('',#18649);
#19645 = CURVE_STYLE('',#19646,POSITIVE_LENGTH_MEASURE(0.1),#18649);
#19646 = DRAUGHTING_PRE_DEFINED_CURVE_FONT('continuous');
#19647 = STYLED_ITEM('color',(#19648),#12287);
#19648 = PRESENTATION_STYLE_ASSIGNMENT((#19649,#19654));
#19649 = SURFACE_STYLE_USAGE(.BOTH.,#19650);
#19650 = SURFACE_SIDE_STYLE('',(#19651));
#19651 = SURFACE_STYLE_FILL_AREA(#19652);
#19652 = FILL_AREA_STYLE('',(#19653));
#19653 = FILL_AREA_STYLE_COLOUR('',#16825);
#19654 = CURVE_STYLE('',#19655,POSITIVE_LENGTH_MEASURE(0.1),#16825);
#19655 = DRAUGHTING_PRE_DEFINED_CURVE_FONT('continuous');
#19656 = STYLED_ITEM('color',(#19657),#12309);
#19657 = PRESENTATION_STYLE_ASSIGNMENT((#19658,#19663));
#19658 = SURFACE_STYLE_USAGE(.BOTH.,#19659);
#19659 = SURFACE_SIDE_STYLE('',(#19660));
#19660 = SURFACE_STYLE_FILL_AREA(#19661);
#19661 = FILL_AREA_STYLE('',(#19662));
#19662 = FILL_AREA_STYLE_COLOUR('',#18649);
#19663 = CURVE_STYLE('',#19664,POSITIVE_LENGTH_MEASURE(0.1),#18649);
#19664 = DRAUGHTING_PRE_DEFINED_CURVE_FONT('continuous');
#19665 = STYLED_ITEM('color',(#19666),#12401);
#19666 = PRESENTATION_STYLE_ASSIGNMENT((#19667,#19672));
#19667 = SURFACE_STYLE_USAGE(.BOTH.,#19668);
#19668 = SURFACE_SIDE_STYLE('',(#19669));
#19669 = SURFACE_STYLE_FILL_AREA(#19670);
#19670 = FILL_AREA_STYLE('',(#19671));
#19671 = FILL_AREA_STYLE_COLOUR('',#18649);
#19672 = CURVE_STYLE('',#19673,POSITIVE_LENGTH_MEASURE(0.1),#18649);
#19673 = DRAUGHTING_PRE_DEFINED_CURVE_FONT('continuous');
#19674 = STYLED_ITEM('color',(#19675),#12426);
#19675 = PRESENTATION_STYLE_ASSIGNMENT((#19676,#19681));
#19676 = SURFACE_STYLE_USAGE(.BOTH.,#19677);
#19677 = SURFACE_SIDE_STYLE('',(#19678));
#19678 = SURFACE_STYLE_FILL_AREA(#19679);
#19679 = FILL_AREA_STYLE('',(#19680));
#19680 = FILL_AREA_STYLE_COLOUR('',#18649);
#19681 = CURVE_STYLE('',#19682,POSITIVE_LENGTH_MEASURE(0.1),#18649);
#19682 = DRAUGHTING_PRE_DEFINED_CURVE_FONT('continuous');
#19683 = STYLED_ITEM('color',(#19684),#12510);
#19684 = PRESENTATION_STYLE_ASSIGNMENT((#19685,#19690));
#19685 = SURFACE_STYLE_USAGE(.BOTH.,#19686);
#19686 = SURFACE_SIDE_STYLE('',(#19687));
#19687 = SURFACE_STYLE_FILL_AREA(#19688);
#19688 = FILL_AREA_STYLE('',(#19689));
#19689 = FILL_AREA_STYLE_COLOUR('',#16825);
#19690 = CURVE_STYLE('',#19691,POSITIVE_LENGTH_MEASURE(0.1),#16825);
#19691 = DRAUGHTING_PRE_DEFINED_CURVE_FONT('continuous');
#19692 = STYLED_ITEM('color',(#19693),#12532);
#19693 = PRESENTATION_STYLE_ASSIGNMENT((#19694,#19699));
#19694 = SURFACE_STYLE_USAGE(.BOTH.,#19695);
#19695 = SURFACE_SIDE_STYLE('',(#19696));
#19696 = SURFACE_STYLE_FILL_AREA(#19697);
#19697 = FILL_AREA_STYLE('',(#19698));
#19698 = FILL_AREA_STYLE_COLOUR('',#18649);
#19699 = CURVE_STYLE('',#19700,POSITIVE_LENGTH_MEASURE(0.1),#18649);
#19700 = DRAUGHTING_PRE_DEFINED_CURVE_FONT('continuous');
#19701 = STYLED_ITEM('color',(#19702),#12624);
#19702 = PRESENTATION_STYLE_ASSIGNMENT((#19703,#19708));
#19703 = SURFACE_STYLE_USAGE(.BOTH.,#19704);
#19704 = SURFACE_SIDE_STYLE('',(#19705));
#19705 = SURFACE_STYLE_FILL_AREA(#19706);
#19706 = FILL_AREA_STYLE('',(#19707));
#19707 = FILL_AREA_STYLE_COLOUR('',#18649);
#19708 = CURVE_STYLE('',#19709,POSITIVE_LENGTH_MEASURE(0.1),#18649);
#19709 = DRAUGHTING_PRE_DEFINED_CURVE_FONT('continuous');
#19710 = STYLED_ITEM('color',(#19711),#12649);
#19711 = PRESENTATION_STYLE_ASSIGNMENT((#19712,#19717));
#19712 = SURFACE_STYLE_USAGE(.BOTH.,#19713);
#19713 = SURFACE_SIDE_STYLE('',(#19714));
#19714 = SURFACE_STYLE_FILL_AREA(#19715);
#19715 = FILL_AREA_STYLE('',(#19716));
#19716 = FILL_AREA_STYLE_COLOUR('',#18649);
#19717 = CURVE_STYLE('',#19718,POSITIVE_LENGTH_MEASURE(0.1),#18649);
#19718 = DRAUGHTING_PRE_DEFINED_CURVE_FONT('continuous');
#19719 = STYLED_ITEM('color',(#19720),#12733);
#19720 = PRESENTATION_STYLE_ASSIGNMENT((#19721,#19726));
#19721 = SURFACE_STYLE_USAGE(.BOTH.,#19722);
#19722 = SURFACE_SIDE_STYLE('',(#19723));
#19723 = SURFACE_STYLE_FILL_AREA(#19724);
#19724 = FILL_AREA_STYLE('',(#19725));
#19725 = FILL_AREA_STYLE_COLOUR('',#16825);
#19726 = CURVE_STYLE('',#19727,POSITIVE_LENGTH_MEASURE(0.1),#16825);
#19727 = DRAUGHTING_PRE_DEFINED_CURVE_FONT('continuous');
#19728 = STYLED_ITEM('color',(#19729),#12750);
#19729 = PRESENTATION_STYLE_ASSIGNMENT((#19730,#19735));
#19730 = SURFACE_STYLE_USAGE(.BOTH.,#19731);
#19731 = SURFACE_SIDE_STYLE('',(#19732));
#19732 = SURFACE_STYLE_FILL_AREA(#19733);
#19733 = FILL_AREA_STYLE('',(#19734));
#19734 = FILL_AREA_STYLE_COLOUR('',#18649);
#19735 = CURVE_STYLE('',#19736,POSITIVE_LENGTH_MEASURE(0.1),#18649);
#19736 = DRAUGHTING_PRE_DEFINED_CURVE_FONT('continuous');
#19737 = STYLED_ITEM('color',(#19738),#12835);
#19738 = PRESENTATION_STYLE_ASSIGNMENT((#19739,#19744));
#19739 = SURFACE_STYLE_USAGE(.BOTH.,#19740);
#19740 = SURFACE_SIDE_STYLE('',(#19741));
#19741 = SURFACE_STYLE_FILL_AREA(#19742);
#19742 = FILL_AREA_STYLE('',(#19743));
#19743 = FILL_AREA_STYLE_COLOUR('',#18649);
#19744 = CURVE_STYLE('',#19745,POSITIVE_LENGTH_MEASURE(0.1),#18649);
#19745 = DRAUGHTING_PRE_DEFINED_CURVE_FONT('continuous');
#19746 = STYLED_ITEM('color',(#19747),#12860);
#19747 = PRESENTATION_STYLE_ASSIGNMENT((#19748,#19753));
#19748 = SURFACE_STYLE_USAGE(.BOTH.,#19749);
#19749 = SURFACE_SIDE_STYLE('',(#19750));
#19750 = SURFACE_STYLE_FILL_AREA(#19751);
#19751 = FILL_AREA_STYLE('',(#19752));
#19752 = FILL_AREA_STYLE_COLOUR('',#18649);
#19753 = CURVE_STYLE('',#19754,POSITIVE_LENGTH_MEASURE(0.1),#18649);
#19754 = DRAUGHTING_PRE_DEFINED_CURVE_FONT('continuous');
#19755 = STYLED_ITEM('color',(#19756),#12937);
#19756 = PRESENTATION_STYLE_ASSIGNMENT((#19757,#19762));
#19757 = SURFACE_STYLE_USAGE(.BOTH.,#19758);
#19758 = SURFACE_SIDE_STYLE('',(#19759));
#19759 = SURFACE_STYLE_FILL_AREA(#19760);
#19760 = FILL_AREA_STYLE('',(#19761));
#19761 = FILL_AREA_STYLE_COLOUR('',#18649);
#19762 = CURVE_STYLE('',#19763,POSITIVE_LENGTH_MEASURE(0.1),#18649);
#19763 = DRAUGHTING_PRE_DEFINED_CURVE_FONT('continuous');
#19764 = STYLED_ITEM('color',(#19765),#13022);
#19765 = PRESENTATION_STYLE_ASSIGNMENT((#19766,#19771));
#19766 = SURFACE_STYLE_USAGE(.BOTH.,#19767);
#19767 = SURFACE_SIDE_STYLE('',(#19768));
#19768 = SURFACE_STYLE_FILL_AREA(#19769);
#19769 = FILL_AREA_STYLE('',(#19770));
#19770 = FILL_AREA_STYLE_COLOUR('',#18649);
#19771 = CURVE_STYLE('',#19772,POSITIVE_LENGTH_MEASURE(0.1),#18649);
#19772 = DRAUGHTING_PRE_DEFINED_CURVE_FONT('continuous');
#19773 = STYLED_ITEM('color',(#19774),#13047);
#19774 = PRESENTATION_STYLE_ASSIGNMENT((#19775,#19780));
#19775 = SURFACE_STYLE_USAGE(.BOTH.,#19776);
#19776 = SURFACE_SIDE_STYLE('',(#19777));
#19777 = SURFACE_STYLE_FILL_AREA(#19778);
#19778 = FILL_AREA_STYLE('',(#19779));
#19779 = FILL_AREA_STYLE_COLOUR('',#18649);
#19780 = CURVE_STYLE('',#19781,POSITIVE_LENGTH_MEASURE(0.1),#18649);
#19781 = DRAUGHTING_PRE_DEFINED_CURVE_FONT('continuous');
#19782 = STYLED_ITEM('color',(#19783),#13124);
#19783 = PRESENTATION_STYLE_ASSIGNMENT((#19784,#19789));
#19784 = SURFACE_STYLE_USAGE(.BOTH.,#19785);
#19785 = SURFACE_SIDE_STYLE('',(#19786));
#19786 = SURFACE_STYLE_FILL_AREA(#19787);
#19787 = FILL_AREA_STYLE('',(#19788));
#19788 = FILL_AREA_STYLE_COLOUR('',#16825);
#19789 = CURVE_STYLE('',#19790,POSITIVE_LENGTH_MEASURE(0.1),#16825);
#19790 = DRAUGHTING_PRE_DEFINED_CURVE_FONT('continuous');
#19791 = STYLED_ITEM('color',(#19792),#13141);
#19792 = PRESENTATION_STYLE_ASSIGNMENT((#19793,#19798));
#19793 = SURFACE_STYLE_USAGE(.BOTH.,#19794);
#19794 = SURFACE_SIDE_STYLE('',(#19795));
#19795 = SURFACE_STYLE_FILL_AREA(#19796);
#19796 = FILL_AREA_STYLE('',(#19797));
#19797 = FILL_AREA_STYLE_COLOUR('',#18649);
#19798 = CURVE_STYLE('',#19799,POSITIVE_LENGTH_MEASURE(0.1),#18649);
#19799 = DRAUGHTING_PRE_DEFINED_CURVE_FONT('continuous');
#19800 = STYLED_ITEM('color',(#19801),#13233);
#19801 = PRESENTATION_STYLE_ASSIGNMENT((#19802,#19807));
#19802 = SURFACE_STYLE_USAGE(.BOTH.,#19803);
#19803 = SURFACE_SIDE_STYLE('',(#19804));
#19804 = SURFACE_STYLE_FILL_AREA(#19805);
#19805 = FILL_AREA_STYLE('',(#19806));
#19806 = FILL_AREA_STYLE_COLOUR('',#18649);
#19807 = CURVE_STYLE('',#19808,POSITIVE_LENGTH_MEASURE(0.1),#18649);
#19808 = DRAUGHTING_PRE_DEFINED_CURVE_FONT('continuous');
#19809 = STYLED_ITEM('color',(#19810),#13258);
#19810 = PRESENTATION_STYLE_ASSIGNMENT((#19811,#19816));
#19811 = SURFACE_STYLE_USAGE(.BOTH.,#19812);
#19812 = SURFACE_SIDE_STYLE('',(#19813));
#19813 = SURFACE_STYLE_FILL_AREA(#19814);
#19814 = FILL_AREA_STYLE('',(#19815));
#19815 = FILL_AREA_STYLE_COLOUR('',#18649);
#19816 = CURVE_STYLE('',#19817,POSITIVE_LENGTH_MEASURE(0.1),#18649);
#19817 = DRAUGHTING_PRE_DEFINED_CURVE_FONT('continuous');
#19818 = STYLED_ITEM('color',(#19819),#13342);
#19819 = PRESENTATION_STYLE_ASSIGNMENT((#19820,#19825));
#19820 = SURFACE_STYLE_USAGE(.BOTH.,#19821);
#19821 = SURFACE_SIDE_STYLE('',(#19822));
#19822 = SURFACE_STYLE_FILL_AREA(#19823);
#19823 = FILL_AREA_STYLE('',(#19824));
#19824 = FILL_AREA_STYLE_COLOUR('',#16825);
#19825 = CURVE_STYLE('',#19826,POSITIVE_LENGTH_MEASURE(0.1),#16825);
#19826 = DRAUGHTING_PRE_DEFINED_CURVE_FONT('continuous');
#19827 = STYLED_ITEM('color',(#19828),#13364);
#19828 = PRESENTATION_STYLE_ASSIGNMENT((#19829,#19834));
#19829 = SURFACE_STYLE_USAGE(.BOTH.,#19830);
#19830 = SURFACE_SIDE_STYLE('',(#19831));
#19831 = SURFACE_STYLE_FILL_AREA(#19832);
#19832 = FILL_AREA_STYLE('',(#19833));
#19833 = FILL_AREA_STYLE_COLOUR('',#18649);
#19834 = CURVE_STYLE('',#19835,POSITIVE_LENGTH_MEASURE(0.1),#18649);
#19835 = DRAUGHTING_PRE_DEFINED_CURVE_FONT('continuous');
#19836 = STYLED_ITEM('color',(#19837),#13456);
#19837 = PRESENTATION_STYLE_ASSIGNMENT((#19838,#19843));
#19838 = SURFACE_STYLE_USAGE(.BOTH.,#19839);
#19839 = SURFACE_SIDE_STYLE('',(#19840));
#19840 = SURFACE_STYLE_FILL_AREA(#19841);
#19841 = FILL_AREA_STYLE('',(#19842));
#19842 = FILL_AREA_STYLE_COLOUR('',#18649);
#19843 = CURVE_STYLE('',#19844,POSITIVE_LENGTH_MEASURE(0.1),#18649);
#19844 = DRAUGHTING_PRE_DEFINED_CURVE_FONT('continuous');
#19845 = STYLED_ITEM('color',(#19846),#13481);
#19846 = PRESENTATION_STYLE_ASSIGNMENT((#19847,#19852));
#19847 = SURFACE_STYLE_USAGE(.BOTH.,#19848);
#19848 = SURFACE_SIDE_STYLE('',(#19849));
#19849 = SURFACE_STYLE_FILL_AREA(#19850);
#19850 = FILL_AREA_STYLE('',(#19851));
#19851 = FILL_AREA_STYLE_COLOUR('',#18649);
#19852 = CURVE_STYLE('',#19853,POSITIVE_LENGTH_MEASURE(0.1),#18649);
#19853 = DRAUGHTING_PRE_DEFINED_CURVE_FONT('continuous');
#19854 = STYLED_ITEM('color',(#19855),#13565);
#19855 = PRESENTATION_STYLE_ASSIGNMENT((#19856,#19861));
#19856 = SURFACE_STYLE_USAGE(.BOTH.,#19857);
#19857 = SURFACE_SIDE_STYLE('',(#19858));
#19858 = SURFACE_STYLE_FILL_AREA(#19859);
#19859 = FILL_AREA_STYLE('',(#19860));
#19860 = FILL_AREA_STYLE_COLOUR('',#16825);
#19861 = CURVE_STYLE('',#19862,POSITIVE_LENGTH_MEASURE(0.1),#16825);
#19862 = DRAUGHTING_PRE_DEFINED_CURVE_FONT('continuous');
#19863 = STYLED_ITEM('color',(#19864),#13587);
#19864 = PRESENTATION_STYLE_ASSIGNMENT((#19865,#19870));
#19865 = SURFACE_STYLE_USAGE(.BOTH.,#19866);
#19866 = SURFACE_SIDE_STYLE('',(#19867));
#19867 = SURFACE_STYLE_FILL_AREA(#19868);
#19868 = FILL_AREA_STYLE('',(#19869));
#19869 = FILL_AREA_STYLE_COLOUR('',#18649);
#19870 = CURVE_STYLE('',#19871,POSITIVE_LENGTH_MEASURE(0.1),#18649);
#19871 = DRAUGHTING_PRE_DEFINED_CURVE_FONT('continuous');
#19872 = STYLED_ITEM('color',(#19873),#13679);
#19873 = PRESENTATION_STYLE_ASSIGNMENT((#19874,#19879));
#19874 = SURFACE_STYLE_USAGE(.BOTH.,#19875);
#19875 = SURFACE_SIDE_STYLE('',(#19876));
#19876 = SURFACE_STYLE_FILL_AREA(#19877);
#19877 = FILL_AREA_STYLE('',(#19878));
#19878 = FILL_AREA_STYLE_COLOUR('',#18649);
#19879 = CURVE_STYLE('',#19880,POSITIVE_LENGTH_MEASURE(0.1),#18649);
#19880 = DRAUGHTING_PRE_DEFINED_CURVE_FONT('continuous');
#19881 = STYLED_ITEM('color',(#19882),#13704);
#19882 = PRESENTATION_STYLE_ASSIGNMENT((#19883,#19888));
#19883 = SURFACE_STYLE_USAGE(.BOTH.,#19884);
#19884 = SURFACE_SIDE_STYLE('',(#19885));
#19885 = SURFACE_STYLE_FILL_AREA(#19886);
#19886 = FILL_AREA_STYLE('',(#19887));
#19887 = FILL_AREA_STYLE_COLOUR('',#18649);
#19888 = CURVE_STYLE('',#19889,POSITIVE_LENGTH_MEASURE(0.1),#18649);
#19889 = DRAUGHTING_PRE_DEFINED_CURVE_FONT('continuous');
#19890 = STYLED_ITEM('color',(#19891),#13788);
#19891 = PRESENTATION_STYLE_ASSIGNMENT((#19892,#19897));
#19892 = SURFACE_STYLE_USAGE(.BOTH.,#19893);
#19893 = SURFACE_SIDE_STYLE('',(#19894));
#19894 = SURFACE_STYLE_FILL_AREA(#19895);
#19895 = FILL_AREA_STYLE('',(#19896));
#19896 = FILL_AREA_STYLE_COLOUR('',#16825);
#19897 = CURVE_STYLE('',#19898,POSITIVE_LENGTH_MEASURE(0.1),#16825);
#19898 = DRAUGHTING_PRE_DEFINED_CURVE_FONT('continuous');
#19899 = STYLED_ITEM('color',(#19900),#13810);
#19900 = PRESENTATION_STYLE_ASSIGNMENT((#19901,#19906));
#19901 = SURFACE_STYLE_USAGE(.BOTH.,#19902);
#19902 = SURFACE_SIDE_STYLE('',(#19903));
#19903 = SURFACE_STYLE_FILL_AREA(#19904);
#19904 = FILL_AREA_STYLE('',(#19905));
#19905 = FILL_AREA_STYLE_COLOUR('',#18649);
#19906 = CURVE_STYLE('',#19907,POSITIVE_LENGTH_MEASURE(0.1),#18649);
#19907 = DRAUGHTING_PRE_DEFINED_CURVE_FONT('continuous');
#19908 = STYLED_ITEM('color',(#19909),#13902);
#19909 = PRESENTATION_STYLE_ASSIGNMENT((#19910,#19915));
#19910 = SURFACE_STYLE_USAGE(.BOTH.,#19911);
#19911 = SURFACE_SIDE_STYLE('',(#19912));
#19912 = SURFACE_STYLE_FILL_AREA(#19913);
#19913 = FILL_AREA_STYLE('',(#19914));
#19914 = FILL_AREA_STYLE_COLOUR('',#18649);
#19915 = CURVE_STYLE('',#19916,POSITIVE_LENGTH_MEASURE(0.1),#18649);
#19916 = DRAUGHTING_PRE_DEFINED_CURVE_FONT('continuous');
#19917 = STYLED_ITEM('color',(#19918),#13927);
#19918 = PRESENTATION_STYLE_ASSIGNMENT((#19919,#19924));
#19919 = SURFACE_STYLE_USAGE(.BOTH.,#19920);
#19920 = SURFACE_SIDE_STYLE('',(#19921));
#19921 = SURFACE_STYLE_FILL_AREA(#19922);
#19922 = FILL_AREA_STYLE('',(#19923));
#19923 = FILL_AREA_STYLE_COLOUR('',#18649);
#19924 = CURVE_STYLE('',#19925,POSITIVE_LENGTH_MEASURE(0.1),#18649);
#19925 = DRAUGHTING_PRE_DEFINED_CURVE_FONT('continuous');
#19926 = STYLED_ITEM('color',(#19927),#14011);
#19927 = PRESENTATION_STYLE_ASSIGNMENT((#19928,#19933));
#19928 = SURFACE_STYLE_USAGE(.BOTH.,#19929);
#19929 = SURFACE_SIDE_STYLE('',(#19930));
#19930 = SURFACE_STYLE_FILL_AREA(#19931);
#19931 = FILL_AREA_STYLE('',(#19932));
#19932 = FILL_AREA_STYLE_COLOUR('',#16825);
#19933 = CURVE_STYLE('',#19934,POSITIVE_LENGTH_MEASURE(0.1),#16825);
#19934 = DRAUGHTING_PRE_DEFINED_CURVE_FONT('continuous');
#19935 = STYLED_ITEM('color',(#19936),#14033);
#19936 = PRESENTATION_STYLE_ASSIGNMENT((#19937,#19942));
#19937 = SURFACE_STYLE_USAGE(.BOTH.,#19938);
#19938 = SURFACE_SIDE_STYLE('',(#19939));
#19939 = SURFACE_STYLE_FILL_AREA(#19940);
#19940 = FILL_AREA_STYLE('',(#19941));
#19941 = FILL_AREA_STYLE_COLOUR('',#18649);
#19942 = CURVE_STYLE('',#19943,POSITIVE_LENGTH_MEASURE(0.1),#18649);
#19943 = DRAUGHTING_PRE_DEFINED_CURVE_FONT('continuous');
#19944 = STYLED_ITEM('color',(#19945),#14125);
#19945 = PRESENTATION_STYLE_ASSIGNMENT((#19946,#19951));
#19946 = SURFACE_STYLE_USAGE(.BOTH.,#19947);
#19947 = SURFACE_SIDE_STYLE('',(#19948));
#19948 = SURFACE_STYLE_FILL_AREA(#19949);
#19949 = FILL_AREA_STYLE('',(#19950));
#19950 = FILL_AREA_STYLE_COLOUR('',#18649);
#19951 = CURVE_STYLE('',#19952,POSITIVE_LENGTH_MEASURE(0.1),#18649);
#19952 = DRAUGHTING_PRE_DEFINED_CURVE_FONT('continuous');
#19953 = STYLED_ITEM('color',(#19954),#14150);
#19954 = PRESENTATION_STYLE_ASSIGNMENT((#19955,#19960));
#19955 = SURFACE_STYLE_USAGE(.BOTH.,#19956);
#19956 = SURFACE_SIDE_STYLE('',(#19957));
#19957 = SURFACE_STYLE_FILL_AREA(#19958);
#19958 = FILL_AREA_STYLE('',(#19959));
#19959 = FILL_AREA_STYLE_COLOUR('',#18649);
#19960 = CURVE_STYLE('',#19961,POSITIVE_LENGTH_MEASURE(0.1),#18649);
#19961 = DRAUGHTING_PRE_DEFINED_CURVE_FONT('continuous');
#19962 = STYLED_ITEM('color',(#19963),#14234);
#19963 = PRESENTATION_STYLE_ASSIGNMENT((#19964,#19969));
#19964 = SURFACE_STYLE_USAGE(.BOTH.,#19965);
#19965 = SURFACE_SIDE_STYLE('',(#19966));
#19966 = SURFACE_STYLE_FILL_AREA(#19967);
#19967 = FILL_AREA_STYLE('',(#19968));
#19968 = FILL_AREA_STYLE_COLOUR('',#16825);
#19969 = CURVE_STYLE('',#19970,POSITIVE_LENGTH_MEASURE(0.1),#16825);
#19970 = DRAUGHTING_PRE_DEFINED_CURVE_FONT('continuous');
#19971 = STYLED_ITEM('color',(#19972),#14256);
#19972 = PRESENTATION_STYLE_ASSIGNMENT((#19973,#19978));
#19973 = SURFACE_STYLE_USAGE(.BOTH.,#19974);
#19974 = SURFACE_SIDE_STYLE('',(#19975));
#19975 = SURFACE_STYLE_FILL_AREA(#19976);
#19976 = FILL_AREA_STYLE('',(#19977));
#19977 = FILL_AREA_STYLE_COLOUR('',#18649);
#19978 = CURVE_STYLE('',#19979,POSITIVE_LENGTH_MEASURE(0.1),#18649);
#19979 = DRAUGHTING_PRE_DEFINED_CURVE_FONT('continuous');
#19980 = STYLED_ITEM('color',(#19981),#14348);
#19981 = PRESENTATION_STYLE_ASSIGNMENT((#19982,#19987));
#19982 = SURFACE_STYLE_USAGE(.BOTH.,#19983);
#19983 = SURFACE_SIDE_STYLE('',(#19984));
#19984 = SURFACE_STYLE_FILL_AREA(#19985);
#19985 = FILL_AREA_STYLE('',(#19986));
#19986 = FILL_AREA_STYLE_COLOUR('',#18649);
#19987 = CURVE_STYLE('',#19988,POSITIVE_LENGTH_MEASURE(0.1),#18649);
#19988 = DRAUGHTING_PRE_DEFINED_CURVE_FONT('continuous');
#19989 = STYLED_ITEM('color',(#19990),#14373);
#19990 = PRESENTATION_STYLE_ASSIGNMENT((#19991,#19996));
#19991 = SURFACE_STYLE_USAGE(.BOTH.,#19992);
#19992 = SURFACE_SIDE_STYLE('',(#19993));
#19993 = SURFACE_STYLE_FILL_AREA(#19994);
#19994 = FILL_AREA_STYLE('',(#19995));
#19995 = FILL_AREA_STYLE_COLOUR('',#18649);
#19996 = CURVE_STYLE('',#19997,POSITIVE_LENGTH_MEASURE(0.1),#18649);
#19997 = DRAUGHTING_PRE_DEFINED_CURVE_FONT('continuous');
#19998 = STYLED_ITEM('color',(#19999),#14457);
#19999 = PRESENTATION_STYLE_ASSIGNMENT((#20000,#20005));
#20000 = SURFACE_STYLE_USAGE(.BOTH.,#20001);
#20001 = SURFACE_SIDE_STYLE('',(#20002));
#20002 = SURFACE_STYLE_FILL_AREA(#20003);
#20003 = FILL_AREA_STYLE('',(#20004));
#20004 = FILL_AREA_STYLE_COLOUR('',#18649);
#20005 = CURVE_STYLE('',#20006,POSITIVE_LENGTH_MEASURE(0.1),#18649);
#20006 = DRAUGHTING_PRE_DEFINED_CURVE_FONT('continuous');
#20007 = STYLED_ITEM('color',(#20008),#14474);
#20008 = PRESENTATION_STYLE_ASSIGNMENT((#20009,#20014));
#20009 = SURFACE_STYLE_USAGE(.BOTH.,#20010);
#20010 = SURFACE_SIDE_STYLE('',(#20011));
#20011 = SURFACE_STYLE_FILL_AREA(#20012);
#20012 = FILL_AREA_STYLE('',(#20013));
#20013 = FILL_AREA_STYLE_COLOUR('',#18649);
#20014 = CURVE_STYLE('',#20015,POSITIVE_LENGTH_MEASURE(0.1),#18649);
#20015 = DRAUGHTING_PRE_DEFINED_CURVE_FONT('continuous');
#20016 = STYLED_ITEM('color',(#20017),#14493);
#20017 = PRESENTATION_STYLE_ASSIGNMENT((#20018,#20023));
#20018 = SURFACE_STYLE_USAGE(.BOTH.,#20019);
#20019 = SURFACE_SIDE_STYLE('',(#20020));
#20020 = SURFACE_STYLE_FILL_AREA(#20021);
#20021 = FILL_AREA_STYLE('',(#20022));
#20022 = FILL_AREA_STYLE_COLOUR('',#18649);
#20023 = CURVE_STYLE('',#20024,POSITIVE_LENGTH_MEASURE(0.1),#18649);
#20024 = DRAUGHTING_PRE_DEFINED_CURVE_FONT('continuous');
#20025 = STYLED_ITEM('color',(#20026),#14512);
#20026 = PRESENTATION_STYLE_ASSIGNMENT((#20027,#20032));
#20027 = SURFACE_STYLE_USAGE(.BOTH.,#20028);
#20028 = SURFACE_SIDE_STYLE('',(#20029));
#20029 = SURFACE_STYLE_FILL_AREA(#20030);
#20030 = FILL_AREA_STYLE('',(#20031));
#20031 = FILL_AREA_STYLE_COLOUR('',#18649);
#20032 = CURVE_STYLE('',#20033,POSITIVE_LENGTH_MEASURE(0.1),#18649);
#20033 = DRAUGHTING_PRE_DEFINED_CURVE_FONT('continuous');
#20034 = STYLED_ITEM('color',(#20035),#14531);
#20035 = PRESENTATION_STYLE_ASSIGNMENT((#20036,#20041));
#20036 = SURFACE_STYLE_USAGE(.BOTH.,#20037);
#20037 = SURFACE_SIDE_STYLE('',(#20038));
#20038 = SURFACE_STYLE_FILL_AREA(#20039);
#20039 = FILL_AREA_STYLE('',(#20040));
#20040 = FILL_AREA_STYLE_COLOUR('',#18649);
#20041 = CURVE_STYLE('',#20042,POSITIVE_LENGTH_MEASURE(0.1),#18649);
#20042 = DRAUGHTING_PRE_DEFINED_CURVE_FONT('continuous');
#20043 = STYLED_ITEM('color',(#20044),#14550);
#20044 = PRESENTATION_STYLE_ASSIGNMENT((#20045,#20050));
#20045 = SURFACE_STYLE_USAGE(.BOTH.,#20046);
#20046 = SURFACE_SIDE_STYLE('',(#20047));
#20047 = SURFACE_STYLE_FILL_AREA(#20048);
#20048 = FILL_AREA_STYLE('',(#20049));
#20049 = FILL_AREA_STYLE_COLOUR('',#18649);
#20050 = CURVE_STYLE('',#20051,POSITIVE_LENGTH_MEASURE(0.1),#18649);
#20051 = DRAUGHTING_PRE_DEFINED_CURVE_FONT('continuous');
#20052 = STYLED_ITEM('color',(#20053),#14569);
#20053 = PRESENTATION_STYLE_ASSIGNMENT((#20054,#20059));
#20054 = SURFACE_STYLE_USAGE(.BOTH.,#20055);
#20055 = SURFACE_SIDE_STYLE('',(#20056));
#20056 = SURFACE_STYLE_FILL_AREA(#20057);
#20057 = FILL_AREA_STYLE('',(#20058));
#20058 = FILL_AREA_STYLE_COLOUR('',#18649);
#20059 = CURVE_STYLE('',#20060,POSITIVE_LENGTH_MEASURE(0.1),#18649);
#20060 = DRAUGHTING_PRE_DEFINED_CURVE_FONT('continuous');
#20061 = STYLED_ITEM('color',(#20062),#14588);
#20062 = PRESENTATION_STYLE_ASSIGNMENT((#20063,#20068));
#20063 = SURFACE_STYLE_USAGE(.BOTH.,#20064);
#20064 = SURFACE_SIDE_STYLE('',(#20065));
#20065 = SURFACE_STYLE_FILL_AREA(#20066);
#20066 = FILL_AREA_STYLE('',(#20067));
#20067 = FILL_AREA_STYLE_COLOUR('',#16825);
#20068 = CURVE_STYLE('',#20069,POSITIVE_LENGTH_MEASURE(0.1),#16825);
#20069 = DRAUGHTING_PRE_DEFINED_CURVE_FONT('continuous');
#20070 = STYLED_ITEM('color',(#20071),#14634);
#20071 = PRESENTATION_STYLE_ASSIGNMENT((#20072,#20077));
#20072 = SURFACE_STYLE_USAGE(.BOTH.,#20073);
#20073 = SURFACE_SIDE_STYLE('',(#20074));
#20074 = SURFACE_STYLE_FILL_AREA(#20075);
#20075 = FILL_AREA_STYLE('',(#20076));
#20076 = FILL_AREA_STYLE_COLOUR('',#16825);
#20077 = CURVE_STYLE('',#20078,POSITIVE_LENGTH_MEASURE(0.1),#16825);
#20078 = DRAUGHTING_PRE_DEFINED_CURVE_FONT('continuous');
#20079 = STYLED_ITEM('color',(#20080),#14650);
#20080 = PRESENTATION_STYLE_ASSIGNMENT((#20081,#20086));
#20081 = SURFACE_STYLE_USAGE(.BOTH.,#20082);
#20082 = SURFACE_SIDE_STYLE('',(#20083));
#20083 = SURFACE_STYLE_FILL_AREA(#20084);
#20084 = FILL_AREA_STYLE('',(#20085));
#20085 = FILL_AREA_STYLE_COLOUR('',#18649);
#20086 = CURVE_STYLE('',#20087,POSITIVE_LENGTH_MEASURE(0.1),#18649);
#20087 = DRAUGHTING_PRE_DEFINED_CURVE_FONT('continuous');
#20088 = STYLED_ITEM('color',(#20089),#14669);
#20089 = PRESENTATION_STYLE_ASSIGNMENT((#20090,#20095));
#20090 = SURFACE_STYLE_USAGE(.BOTH.,#20091);
#20091 = SURFACE_SIDE_STYLE('',(#20092));
#20092 = SURFACE_STYLE_FILL_AREA(#20093);
#20093 = FILL_AREA_STYLE('',(#20094));
#20094 = FILL_AREA_STYLE_COLOUR('',#18649);
#20095 = CURVE_STYLE('',#20096,POSITIVE_LENGTH_MEASURE(0.1),#18649);
#20096 = DRAUGHTING_PRE_DEFINED_CURVE_FONT('continuous');
#20097 = STYLED_ITEM('color',(#20098),#14688);
#20098 = PRESENTATION_STYLE_ASSIGNMENT((#20099,#20104));
#20099 = SURFACE_STYLE_USAGE(.BOTH.,#20100);
#20100 = SURFACE_SIDE_STYLE('',(#20101));
#20101 = SURFACE_STYLE_FILL_AREA(#20102);
#20102 = FILL_AREA_STYLE('',(#20103));
#20103 = FILL_AREA_STYLE_COLOUR('',#18649);
#20104 = CURVE_STYLE('',#20105,POSITIVE_LENGTH_MEASURE(0.1),#18649);
#20105 = DRAUGHTING_PRE_DEFINED_CURVE_FONT('continuous');
#20106 = STYLED_ITEM('color',(#20107),#14707);
#20107 = PRESENTATION_STYLE_ASSIGNMENT((#20108,#20113));
#20108 = SURFACE_STYLE_USAGE(.BOTH.,#20109);
#20109 = SURFACE_SIDE_STYLE('',(#20110));
#20110 = SURFACE_STYLE_FILL_AREA(#20111);
#20111 = FILL_AREA_STYLE('',(#20112));
#20112 = FILL_AREA_STYLE_COLOUR('',#18649);
#20113 = CURVE_STYLE('',#20114,POSITIVE_LENGTH_MEASURE(0.1),#18649);
#20114 = DRAUGHTING_PRE_DEFINED_CURVE_FONT('continuous');
#20115 = STYLED_ITEM('color',(#20116),#14726);
#20116 = PRESENTATION_STYLE_ASSIGNMENT((#20117,#20122));
#20117 = SURFACE_STYLE_USAGE(.BOTH.,#20118);
#20118 = SURFACE_SIDE_STYLE('',(#20119));
#20119 = SURFACE_STYLE_FILL_AREA(#20120);
#20120 = FILL_AREA_STYLE('',(#20121));
#20121 = FILL_AREA_STYLE_COLOUR('',#18649);
#20122 = CURVE_STYLE('',#20123,POSITIVE_LENGTH_MEASURE(0.1),#18649);
#20123 = DRAUGHTING_PRE_DEFINED_CURVE_FONT('continuous');
#20124 = STYLED_ITEM('color',(#20125),#14745);
#20125 = PRESENTATION_STYLE_ASSIGNMENT((#20126,#20131));
#20126 = SURFACE_STYLE_USAGE(.BOTH.,#20127);
#20127 = SURFACE_SIDE_STYLE('',(#20128));
#20128 = SURFACE_STYLE_FILL_AREA(#20129);
#20129 = FILL_AREA_STYLE('',(#20130));
#20130 = FILL_AREA_STYLE_COLOUR('',#18649);
#20131 = CURVE_STYLE('',#20132,POSITIVE_LENGTH_MEASURE(0.1),#18649);
#20132 = DRAUGHTING_PRE_DEFINED_CURVE_FONT('continuous');
#20133 = STYLED_ITEM('color',(#20134),#14764);
#20134 = PRESENTATION_STYLE_ASSIGNMENT((#20135,#20140));
#20135 = SURFACE_STYLE_USAGE(.BOTH.,#20136);
#20136 = SURFACE_SIDE_STYLE('',(#20137));
#20137 = SURFACE_STYLE_FILL_AREA(#20138);
#20138 = FILL_AREA_STYLE('',(#20139));
#20139 = FILL_AREA_STYLE_COLOUR('',#16825);
#20140 = CURVE_STYLE('',#20141,POSITIVE_LENGTH_MEASURE(0.1),#16825);
#20141 = DRAUGHTING_PRE_DEFINED_CURVE_FONT('continuous');
#20142 = STYLED_ITEM('color',(#20143),#14780);
#20143 = PRESENTATION_STYLE_ASSIGNMENT((#20144,#20149));
#20144 = SURFACE_STYLE_USAGE(.BOTH.,#20145);
#20145 = SURFACE_SIDE_STYLE('',(#20146));
#20146 = SURFACE_STYLE_FILL_AREA(#20147);
#20147 = FILL_AREA_STYLE('',(#20148));
#20148 = FILL_AREA_STYLE_COLOUR('',#18649);
#20149 = CURVE_STYLE('',#20150,POSITIVE_LENGTH_MEASURE(0.1),#18649);
#20150 = DRAUGHTING_PRE_DEFINED_CURVE_FONT('continuous');
#20151 = STYLED_ITEM('color',(#20152),#14797);
#20152 = PRESENTATION_STYLE_ASSIGNMENT((#20153,#20158));
#20153 = SURFACE_STYLE_USAGE(.BOTH.,#20154);
#20154 = SURFACE_SIDE_STYLE('',(#20155));
#20155 = SURFACE_STYLE_FILL_AREA(#20156);
#20156 = FILL_AREA_STYLE('',(#20157));
#20157 = FILL_AREA_STYLE_COLOUR('',#16825);
#20158 = CURVE_STYLE('',#20159,POSITIVE_LENGTH_MEASURE(0.1),#16825);
#20159 = DRAUGHTING_PRE_DEFINED_CURVE_FONT('continuous');
#20160 = STYLED_ITEM('color',(#20161),#14809);
#20161 = PRESENTATION_STYLE_ASSIGNMENT((#20162,#20167));
#20162 = SURFACE_STYLE_USAGE(.BOTH.,#20163);
#20163 = SURFACE_SIDE_STYLE('',(#20164));
#20164 = SURFACE_STYLE_FILL_AREA(#20165);
#20165 = FILL_AREA_STYLE('',(#20166));
#20166 = FILL_AREA_STYLE_COLOUR('',#18649);
#20167 = CURVE_STYLE('',#20168,POSITIVE_LENGTH_MEASURE(0.1),#18649);
#20168 = DRAUGHTING_PRE_DEFINED_CURVE_FONT('continuous');
#20169 = STYLED_ITEM('color',(#20170),#14826);
#20170 = PRESENTATION_STYLE_ASSIGNMENT((#20171,#20176));
#20171 = SURFACE_STYLE_USAGE(.BOTH.,#20172);
#20172 = SURFACE_SIDE_STYLE('',(#20173));
#20173 = SURFACE_STYLE_FILL_AREA(#20174);
#20174 = FILL_AREA_STYLE('',(#20175));
#20175 = FILL_AREA_STYLE_COLOUR('',#18649);
#20176 = CURVE_STYLE('',#20177,POSITIVE_LENGTH_MEASURE(0.1),#18649);
#20177 = DRAUGHTING_PRE_DEFINED_CURVE_FONT('continuous');
#20178 = STYLED_ITEM('color',(#20179),#14843);
#20179 = PRESENTATION_STYLE_ASSIGNMENT((#20180,#20185));
#20180 = SURFACE_STYLE_USAGE(.BOTH.,#20181);
#20181 = SURFACE_SIDE_STYLE('',(#20182));
#20182 = SURFACE_STYLE_FILL_AREA(#20183);
#20183 = FILL_AREA_STYLE('',(#20184));
#20184 = FILL_AREA_STYLE_COLOUR('',#18649);
#20185 = CURVE_STYLE('',#20186,POSITIVE_LENGTH_MEASURE(0.1),#18649);
#20186 = DRAUGHTING_PRE_DEFINED_CURVE_FONT('continuous');
#20187 = STYLED_ITEM('color',(#20188),#14860);
#20188 = PRESENTATION_STYLE_ASSIGNMENT((#20189,#20194));
#20189 = SURFACE_STYLE_USAGE(.BOTH.,#20190);
#20190 = SURFACE_SIDE_STYLE('',(#20191));
#20191 = SURFACE_STYLE_FILL_AREA(#20192);
#20192 = FILL_AREA_STYLE('',(#20193));
#20193 = FILL_AREA_STYLE_COLOUR('',#18649);
#20194 = CURVE_STYLE('',#20195,POSITIVE_LENGTH_MEASURE(0.1),#18649);
#20195 = DRAUGHTING_PRE_DEFINED_CURVE_FONT('continuous');
#20196 = STYLED_ITEM('color',(#20197),#14877);
#20197 = PRESENTATION_STYLE_ASSIGNMENT((#20198,#20203));
#20198 = SURFACE_STYLE_USAGE(.BOTH.,#20199);
#20199 = SURFACE_SIDE_STYLE('',(#20200));
#20200 = SURFACE_STYLE_FILL_AREA(#20201);
#20201 = FILL_AREA_STYLE('',(#20202));
#20202 = FILL_AREA_STYLE_COLOUR('',#18649);
#20203 = CURVE_STYLE('',#20204,POSITIVE_LENGTH_MEASURE(0.1),#18649);
#20204 = DRAUGHTING_PRE_DEFINED_CURVE_FONT('continuous');
#20205 = STYLED_ITEM('color',(#20206),#14894);
#20206 = PRESENTATION_STYLE_ASSIGNMENT((#20207,#20212));
#20207 = SURFACE_STYLE_USAGE(.BOTH.,#20208);
#20208 = SURFACE_SIDE_STYLE('',(#20209));
#20209 = SURFACE_STYLE_FILL_AREA(#20210);
#20210 = FILL_AREA_STYLE('',(#20211));
#20211 = FILL_AREA_STYLE_COLOUR('',#18649);
#20212 = CURVE_STYLE('',#20213,POSITIVE_LENGTH_MEASURE(0.1),#18649);
#20213 = DRAUGHTING_PRE_DEFINED_CURVE_FONT('continuous');
#20214 = STYLED_ITEM('color',(#20215),#14911);
#20215 = PRESENTATION_STYLE_ASSIGNMENT((#20216,#20221));
#20216 = SURFACE_STYLE_USAGE(.BOTH.,#20217);
#20217 = SURFACE_SIDE_STYLE('',(#20218));
#20218 = SURFACE_STYLE_FILL_AREA(#20219);
#20219 = FILL_AREA_STYLE('',(#20220));
#20220 = FILL_AREA_STYLE_COLOUR('',#18649);
#20221 = CURVE_STYLE('',#20222,POSITIVE_LENGTH_MEASURE(0.1),#18649);
#20222 = DRAUGHTING_PRE_DEFINED_CURVE_FONT('continuous');
#20223 = STYLED_ITEM('color',(#20224),#14928);
#20224 = PRESENTATION_STYLE_ASSIGNMENT((#20225,#20230));
#20225 = SURFACE_STYLE_USAGE(.BOTH.,#20226);
#20226 = SURFACE_SIDE_STYLE('',(#20227));
#20227 = SURFACE_STYLE_FILL_AREA(#20228);
#20228 = FILL_AREA_STYLE('',(#20229));
#20229 = FILL_AREA_STYLE_COLOUR('',#18649);
#20230 = CURVE_STYLE('',#20231,POSITIVE_LENGTH_MEASURE(0.1),#18649);
#20231 = DRAUGHTING_PRE_DEFINED_CURVE_FONT('continuous');
#20232 = STYLED_ITEM('color',(#20233),#14940);
#20233 = PRESENTATION_STYLE_ASSIGNMENT((#20234,#20239));
#20234 = SURFACE_STYLE_USAGE(.BOTH.,#20235);
#20235 = SURFACE_SIDE_STYLE('',(#20236));
#20236 = SURFACE_STYLE_FILL_AREA(#20237);
#20237 = FILL_AREA_STYLE('',(#20238));
#20238 = FILL_AREA_STYLE_COLOUR('',#18649);
#20239 = CURVE_STYLE('',#20240,POSITIVE_LENGTH_MEASURE(0.1),#18649);
#20240 = DRAUGHTING_PRE_DEFINED_CURVE_FONT('continuous');
#20241 = STYLED_ITEM('color',(#20242),#14957);
#20242 = PRESENTATION_STYLE_ASSIGNMENT((#20243,#20248));
#20243 = SURFACE_STYLE_USAGE(.BOTH.,#20244);
#20244 = SURFACE_SIDE_STYLE('',(#20245));
#20245 = SURFACE_STYLE_FILL_AREA(#20246);
#20246 = FILL_AREA_STYLE('',(#20247));
#20247 = FILL_AREA_STYLE_COLOUR('',#18649);
#20248 = CURVE_STYLE('',#20249,POSITIVE_LENGTH_MEASURE(0.1),#18649);
#20249 = DRAUGHTING_PRE_DEFINED_CURVE_FONT('continuous');
#20250 = STYLED_ITEM('color',(#20251),#14974);
#20251 = PRESENTATION_STYLE_ASSIGNMENT((#20252,#20257));
#20252 = SURFACE_STYLE_USAGE(.BOTH.,#20253);
#20253 = SURFACE_SIDE_STYLE('',(#20254));
#20254 = SURFACE_STYLE_FILL_AREA(#20255);
#20255 = FILL_AREA_STYLE('',(#20256));
#20256 = FILL_AREA_STYLE_COLOUR('',#18649);
#20257 = CURVE_STYLE('',#20258,POSITIVE_LENGTH_MEASURE(0.1),#18649);
#20258 = DRAUGHTING_PRE_DEFINED_CURVE_FONT('continuous');
#20259 = STYLED_ITEM('color',(#20260),#14991);
#20260 = PRESENTATION_STYLE_ASSIGNMENT((#20261,#20266));
#20261 = SURFACE_STYLE_USAGE(.BOTH.,#20262);
#20262 = SURFACE_SIDE_STYLE('',(#20263));
#20263 = SURFACE_STYLE_FILL_AREA(#20264);
#20264 = FILL_AREA_STYLE('',(#20265));
#20265 = FILL_AREA_STYLE_COLOUR('',#18649);
#20266 = CURVE_STYLE('',#20267,POSITIVE_LENGTH_MEASURE(0.1),#18649);
#20267 = DRAUGHTING_PRE_DEFINED_CURVE_FONT('continuous');
#20268 = STYLED_ITEM('color',(#20269),#15008);
#20269 = PRESENTATION_STYLE_ASSIGNMENT((#20270,#20275));
#20270 = SURFACE_STYLE_USAGE(.BOTH.,#20271);
#20271 = SURFACE_SIDE_STYLE('',(#20272));
#20272 = SURFACE_STYLE_FILL_AREA(#20273);
#20273 = FILL_AREA_STYLE('',(#20274));
#20274 = FILL_AREA_STYLE_COLOUR('',#18649);
#20275 = CURVE_STYLE('',#20276,POSITIVE_LENGTH_MEASURE(0.1),#18649);
#20276 = DRAUGHTING_PRE_DEFINED_CURVE_FONT('continuous');
#20277 = STYLED_ITEM('color',(#20278),#15025);
#20278 = PRESENTATION_STYLE_ASSIGNMENT((#20279,#20284));
#20279 = SURFACE_STYLE_USAGE(.BOTH.,#20280);
#20280 = SURFACE_SIDE_STYLE('',(#20281));
#20281 = SURFACE_STYLE_FILL_AREA(#20282);
#20282 = FILL_AREA_STYLE('',(#20283));
#20283 = FILL_AREA_STYLE_COLOUR('',#18649);
#20284 = CURVE_STYLE('',#20285,POSITIVE_LENGTH_MEASURE(0.1),#18649);
#20285 = DRAUGHTING_PRE_DEFINED_CURVE_FONT('continuous');
#20286 = STYLED_ITEM('color',(#20287),#15042);
#20287 = PRESENTATION_STYLE_ASSIGNMENT((#20288,#20293));
#20288 = SURFACE_STYLE_USAGE(.BOTH.,#20289);
#20289 = SURFACE_SIDE_STYLE('',(#20290));
#20290 = SURFACE_STYLE_FILL_AREA(#20291);
#20291 = FILL_AREA_STYLE('',(#20292));
#20292 = FILL_AREA_STYLE_COLOUR('',#18649);
#20293 = CURVE_STYLE('',#20294,POSITIVE_LENGTH_MEASURE(0.1),#18649);
#20294 = DRAUGHTING_PRE_DEFINED_CURVE_FONT('continuous');
#20295 = STYLED_ITEM('color',(#20296),#15059);
#20296 = PRESENTATION_STYLE_ASSIGNMENT((#20297,#20302));
#20297 = SURFACE_STYLE_USAGE(.BOTH.,#20298);
#20298 = SURFACE_SIDE_STYLE('',(#20299));
#20299 = SURFACE_STYLE_FILL_AREA(#20300);
#20300 = FILL_AREA_STYLE('',(#20301));
#20301 = FILL_AREA_STYLE_COLOUR('',#18649);
#20302 = CURVE_STYLE('',#20303,POSITIVE_LENGTH_MEASURE(0.1),#18649);
#20303 = DRAUGHTING_PRE_DEFINED_CURVE_FONT('continuous');
#20304 = STYLED_ITEM('color',(#20305),#15071);
#20305 = PRESENTATION_STYLE_ASSIGNMENT((#20306,#20311));
#20306 = SURFACE_STYLE_USAGE(.BOTH.,#20307);
#20307 = SURFACE_SIDE_STYLE('',(#20308));
#20308 = SURFACE_STYLE_FILL_AREA(#20309);
#20309 = FILL_AREA_STYLE('',(#20310));
#20310 = FILL_AREA_STYLE_COLOUR('',#18649);
#20311 = CURVE_STYLE('',#20312,POSITIVE_LENGTH_MEASURE(0.1),#18649);
#20312 = DRAUGHTING_PRE_DEFINED_CURVE_FONT('continuous');
#20313 = STYLED_ITEM('color',(#20314),#15088);
#20314 = PRESENTATION_STYLE_ASSIGNMENT((#20315,#20320));
#20315 = SURFACE_STYLE_USAGE(.BOTH.,#20316);
#20316 = SURFACE_SIDE_STYLE('',(#20317));
#20317 = SURFACE_STYLE_FILL_AREA(#20318);
#20318 = FILL_AREA_STYLE('',(#20319));
#20319 = FILL_AREA_STYLE_COLOUR('',#18649);
#20320 = CURVE_STYLE('',#20321,POSITIVE_LENGTH_MEASURE(0.1),#18649);
#20321 = DRAUGHTING_PRE_DEFINED_CURVE_FONT('continuous');
#20322 = STYLED_ITEM('color',(#20323),#15105);
#20323 = PRESENTATION_STYLE_ASSIGNMENT((#20324,#20329));
#20324 = SURFACE_STYLE_USAGE(.BOTH.,#20325);
#20325 = SURFACE_SIDE_STYLE('',(#20326));
#20326 = SURFACE_STYLE_FILL_AREA(#20327);
#20327 = FILL_AREA_STYLE('',(#20328));
#20328 = FILL_AREA_STYLE_COLOUR('',#18649);
#20329 = CURVE_STYLE('',#20330,POSITIVE_LENGTH_MEASURE(0.1),#18649);
#20330 = DRAUGHTING_PRE_DEFINED_CURVE_FONT('continuous');
#20331 = STYLED_ITEM('color',(#20332),#15122);
#20332 = PRESENTATION_STYLE_ASSIGNMENT((#20333,#20338));
#20333 = SURFACE_STYLE_USAGE(.BOTH.,#20334);
#20334 = SURFACE_SIDE_STYLE('',(#20335));
#20335 = SURFACE_STYLE_FILL_AREA(#20336);
#20336 = FILL_AREA_STYLE('',(#20337));
#20337 = FILL_AREA_STYLE_COLOUR('',#18649);
#20338 = CURVE_STYLE('',#20339,POSITIVE_LENGTH_MEASURE(0.1),#18649);
#20339 = DRAUGHTING_PRE_DEFINED_CURVE_FONT('continuous');
#20340 = STYLED_ITEM('color',(#20341),#15139);
#20341 = PRESENTATION_STYLE_ASSIGNMENT((#20342,#20347));
#20342 = SURFACE_STYLE_USAGE(.BOTH.,#20343);
#20343 = SURFACE_SIDE_STYLE('',(#20344));
#20344 = SURFACE_STYLE_FILL_AREA(#20345);
#20345 = FILL_AREA_STYLE('',(#20346));
#20346 = FILL_AREA_STYLE_COLOUR('',#18649);
#20347 = CURVE_STYLE('',#20348,POSITIVE_LENGTH_MEASURE(0.1),#18649);
#20348 = DRAUGHTING_PRE_DEFINED_CURVE_FONT('continuous');
#20349 = STYLED_ITEM('color',(#20350),#15156);
#20350 = PRESENTATION_STYLE_ASSIGNMENT((#20351,#20356));
#20351 = SURFACE_STYLE_USAGE(.BOTH.,#20352);
#20352 = SURFACE_SIDE_STYLE('',(#20353));
#20353 = SURFACE_STYLE_FILL_AREA(#20354);
#20354 = FILL_AREA_STYLE('',(#20355));
#20355 = FILL_AREA_STYLE_COLOUR('',#18649);
#20356 = CURVE_STYLE('',#20357,POSITIVE_LENGTH_MEASURE(0.1),#18649);
#20357 = DRAUGHTING_PRE_DEFINED_CURVE_FONT('continuous');
#20358 = STYLED_ITEM('color',(#20359),#15173);
#20359 = PRESENTATION_STYLE_ASSIGNMENT((#20360,#20365));
#20360 = SURFACE_STYLE_USAGE(.BOTH.,#20361);
#20361 = SURFACE_SIDE_STYLE('',(#20362));
#20362 = SURFACE_STYLE_FILL_AREA(#20363);
#20363 = FILL_AREA_STYLE('',(#20364));
#20364 = FILL_AREA_STYLE_COLOUR('',#18649);
#20365 = CURVE_STYLE('',#20366,POSITIVE_LENGTH_MEASURE(0.1),#18649);
#20366 = DRAUGHTING_PRE_DEFINED_CURVE_FONT('continuous');
#20367 = STYLED_ITEM('color',(#20368),#15190);
#20368 = PRESENTATION_STYLE_ASSIGNMENT((#20369,#20374));
#20369 = SURFACE_STYLE_USAGE(.BOTH.,#20370);
#20370 = SURFACE_SIDE_STYLE('',(#20371));
#20371 = SURFACE_STYLE_FILL_AREA(#20372);
#20372 = FILL_AREA_STYLE('',(#20373));
#20373 = FILL_AREA_STYLE_COLOUR('',#18649);
#20374 = CURVE_STYLE('',#20375,POSITIVE_LENGTH_MEASURE(0.1),#18649);
#20375 = DRAUGHTING_PRE_DEFINED_CURVE_FONT('continuous');
#20376 = STYLED_ITEM('color',(#20377),#15202);
#20377 = PRESENTATION_STYLE_ASSIGNMENT((#20378,#20383));
#20378 = SURFACE_STYLE_USAGE(.BOTH.,#20379);
#20379 = SURFACE_SIDE_STYLE('',(#20380));
#20380 = SURFACE_STYLE_FILL_AREA(#20381);
#20381 = FILL_AREA_STYLE('',(#20382));
#20382 = FILL_AREA_STYLE_COLOUR('',#18649);
#20383 = CURVE_STYLE('',#20384,POSITIVE_LENGTH_MEASURE(0.1),#18649);
#20384 = DRAUGHTING_PRE_DEFINED_CURVE_FONT('continuous');
#20385 = STYLED_ITEM('color',(#20386),#15219);
#20386 = PRESENTATION_STYLE_ASSIGNMENT((#20387,#20392));
#20387 = SURFACE_STYLE_USAGE(.BOTH.,#20388);
#20388 = SURFACE_SIDE_STYLE('',(#20389));
#20389 = SURFACE_STYLE_FILL_AREA(#20390);
#20390 = FILL_AREA_STYLE('',(#20391));
#20391 = FILL_AREA_STYLE_COLOUR('',#18649);
#20392 = CURVE_STYLE('',#20393,POSITIVE_LENGTH_MEASURE(0.1),#18649);
#20393 = DRAUGHTING_PRE_DEFINED_CURVE_FONT('continuous');
#20394 = STYLED_ITEM('color',(#20395),#15236);
#20395 = PRESENTATION_STYLE_ASSIGNMENT((#20396,#20401));
#20396 = SURFACE_STYLE_USAGE(.BOTH.,#20397);
#20397 = SURFACE_SIDE_STYLE('',(#20398));
#20398 = SURFACE_STYLE_FILL_AREA(#20399);
#20399 = FILL_AREA_STYLE('',(#20400));
#20400 = FILL_AREA_STYLE_COLOUR('',#18649);
#20401 = CURVE_STYLE('',#20402,POSITIVE_LENGTH_MEASURE(0.1),#18649);
#20402 = DRAUGHTING_PRE_DEFINED_CURVE_FONT('continuous');
#20403 = STYLED_ITEM('color',(#20404),#15253);
#20404 = PRESENTATION_STYLE_ASSIGNMENT((#20405,#20410));
#20405 = SURFACE_STYLE_USAGE(.BOTH.,#20406);
#20406 = SURFACE_SIDE_STYLE('',(#20407));
#20407 = SURFACE_STYLE_FILL_AREA(#20408);
#20408 = FILL_AREA_STYLE('',(#20409));
#20409 = FILL_AREA_STYLE_COLOUR('',#18649);
#20410 = CURVE_STYLE('',#20411,POSITIVE_LENGTH_MEASURE(0.1),#18649);
#20411 = DRAUGHTING_PRE_DEFINED_CURVE_FONT('continuous');
#20412 = STYLED_ITEM('color',(#20413),#15270);
#20413 = PRESENTATION_STYLE_ASSIGNMENT((#20414,#20419));
#20414 = SURFACE_STYLE_USAGE(.BOTH.,#20415);
#20415 = SURFACE_SIDE_STYLE('',(#20416));
#20416 = SURFACE_STYLE_FILL_AREA(#20417);
#20417 = FILL_AREA_STYLE('',(#20418));
#20418 = FILL_AREA_STYLE_COLOUR('',#18649);
#20419 = CURVE_STYLE('',#20420,POSITIVE_LENGTH_MEASURE(0.1),#18649);
#20420 = DRAUGHTING_PRE_DEFINED_CURVE_FONT('continuous');
#20421 = STYLED_ITEM('color',(#20422),#15287);
#20422 = PRESENTATION_STYLE_ASSIGNMENT((#20423,#20428));
#20423 = SURFACE_STYLE_USAGE(.BOTH.,#20424);
#20424 = SURFACE_SIDE_STYLE('',(#20425));
#20425 = SURFACE_STYLE_FILL_AREA(#20426);
#20426 = FILL_AREA_STYLE('',(#20427));
#20427 = FILL_AREA_STYLE_COLOUR('',#18649);
#20428 = CURVE_STYLE('',#20429,POSITIVE_LENGTH_MEASURE(0.1),#18649);
#20429 = DRAUGHTING_PRE_DEFINED_CURVE_FONT('continuous');
#20430 = STYLED_ITEM('color',(#20431),#15304);
#20431 = PRESENTATION_STYLE_ASSIGNMENT((#20432,#20437));
#20432 = SURFACE_STYLE_USAGE(.BOTH.,#20433);
#20433 = SURFACE_SIDE_STYLE('',(#20434));
#20434 = SURFACE_STYLE_FILL_AREA(#20435);
#20435 = FILL_AREA_STYLE('',(#20436));
#20436 = FILL_AREA_STYLE_COLOUR('',#18649);
#20437 = CURVE_STYLE('',#20438,POSITIVE_LENGTH_MEASURE(0.1),#18649);
#20438 = DRAUGHTING_PRE_DEFINED_CURVE_FONT('continuous');
#20439 = STYLED_ITEM('color',(#20440),#15321);
#20440 = PRESENTATION_STYLE_ASSIGNMENT((#20441,#20446));
#20441 = SURFACE_STYLE_USAGE(.BOTH.,#20442);
#20442 = SURFACE_SIDE_STYLE('',(#20443));
#20443 = SURFACE_STYLE_FILL_AREA(#20444);
#20444 = FILL_AREA_STYLE('',(#20445));
#20445 = FILL_AREA_STYLE_COLOUR('',#18649);
#20446 = CURVE_STYLE('',#20447,POSITIVE_LENGTH_MEASURE(0.1),#18649);
#20447 = DRAUGHTING_PRE_DEFINED_CURVE_FONT('continuous');
#20448 = STYLED_ITEM('color',(#20449),#15333);
#20449 = PRESENTATION_STYLE_ASSIGNMENT((#20450,#20455));
#20450 = SURFACE_STYLE_USAGE(.BOTH.,#20451);
#20451 = SURFACE_SIDE_STYLE('',(#20452));
#20452 = SURFACE_STYLE_FILL_AREA(#20453);
#20453 = FILL_AREA_STYLE('',(#20454));
#20454 = FILL_AREA_STYLE_COLOUR('',#18649);
#20455 = CURVE_STYLE('',#20456,POSITIVE_LENGTH_MEASURE(0.1),#18649);
#20456 = DRAUGHTING_PRE_DEFINED_CURVE_FONT('continuous');
#20457 = STYLED_ITEM('color',(#20458),#15350);
#20458 = PRESENTATION_STYLE_ASSIGNMENT((#20459,#20464));
#20459 = SURFACE_STYLE_USAGE(.BOTH.,#20460);
#20460 = SURFACE_SIDE_STYLE('',(#20461));
#20461 = SURFACE_STYLE_FILL_AREA(#20462);
#20462 = FILL_AREA_STYLE('',(#20463));
#20463 = FILL_AREA_STYLE_COLOUR('',#18649);
#20464 = CURVE_STYLE('',#20465,POSITIVE_LENGTH_MEASURE(0.1),#18649);
#20465 = DRAUGHTING_PRE_DEFINED_CURVE_FONT('continuous');
#20466 = STYLED_ITEM('color',(#20467),#15367);
#20467 = PRESENTATION_STYLE_ASSIGNMENT((#20468,#20473));
#20468 = SURFACE_STYLE_USAGE(.BOTH.,#20469);
#20469 = SURFACE_SIDE_STYLE('',(#20470));
#20470 = SURFACE_STYLE_FILL_AREA(#20471);
#20471 = FILL_AREA_STYLE('',(#20472));
#20472 = FILL_AREA_STYLE_COLOUR('',#18649);
#20473 = CURVE_STYLE('',#20474,POSITIVE_LENGTH_MEASURE(0.1),#18649);
#20474 = DRAUGHTING_PRE_DEFINED_CURVE_FONT('continuous');
#20475 = STYLED_ITEM('color',(#20476),#15384);
#20476 = PRESENTATION_STYLE_ASSIGNMENT((#20477,#20482));
#20477 = SURFACE_STYLE_USAGE(.BOTH.,#20478);
#20478 = SURFACE_SIDE_STYLE('',(#20479));
#20479 = SURFACE_STYLE_FILL_AREA(#20480);
#20480 = FILL_AREA_STYLE('',(#20481));
#20481 = FILL_AREA_STYLE_COLOUR('',#18649);
#20482 = CURVE_STYLE('',#20483,POSITIVE_LENGTH_MEASURE(0.1),#18649);
#20483 = DRAUGHTING_PRE_DEFINED_CURVE_FONT('continuous');
#20484 = STYLED_ITEM('color',(#20485),#15401);
#20485 = PRESENTATION_STYLE_ASSIGNMENT((#20486,#20491));
#20486 = SURFACE_STYLE_USAGE(.BOTH.,#20487);
#20487 = SURFACE_SIDE_STYLE('',(#20488));
#20488 = SURFACE_STYLE_FILL_AREA(#20489);
#20489 = FILL_AREA_STYLE('',(#20490));
#20490 = FILL_AREA_STYLE_COLOUR('',#18649);
#20491 = CURVE_STYLE('',#20492,POSITIVE_LENGTH_MEASURE(0.1),#18649);
#20492 = DRAUGHTING_PRE_DEFINED_CURVE_FONT('continuous');
#20493 = STYLED_ITEM('color',(#20494),#15418);
#20494 = PRESENTATION_STYLE_ASSIGNMENT((#20495,#20500));
#20495 = SURFACE_STYLE_USAGE(.BOTH.,#20496);
#20496 = SURFACE_SIDE_STYLE('',(#20497));
#20497 = SURFACE_STYLE_FILL_AREA(#20498);
#20498 = FILL_AREA_STYLE('',(#20499));
#20499 = FILL_AREA_STYLE_COLOUR('',#18649);
#20500 = CURVE_STYLE('',#20501,POSITIVE_LENGTH_MEASURE(0.1),#18649);
#20501 = DRAUGHTING_PRE_DEFINED_CURVE_FONT('continuous');
#20502 = STYLED_ITEM('color',(#20503),#15435);
#20503 = PRESENTATION_STYLE_ASSIGNMENT((#20504,#20509));
#20504 = SURFACE_STYLE_USAGE(.BOTH.,#20505);
#20505 = SURFACE_SIDE_STYLE('',(#20506));
#20506 = SURFACE_STYLE_FILL_AREA(#20507);
#20507 = FILL_AREA_STYLE('',(#20508));
#20508 = FILL_AREA_STYLE_COLOUR('',#18649);
#20509 = CURVE_STYLE('',#20510,POSITIVE_LENGTH_MEASURE(0.1),#18649);
#20510 = DRAUGHTING_PRE_DEFINED_CURVE_FONT('continuous');
#20511 = STYLED_ITEM('color',(#20512),#15452);
#20512 = PRESENTATION_STYLE_ASSIGNMENT((#20513,#20518));
#20513 = SURFACE_STYLE_USAGE(.BOTH.,#20514);
#20514 = SURFACE_SIDE_STYLE('',(#20515));
#20515 = SURFACE_STYLE_FILL_AREA(#20516);
#20516 = FILL_AREA_STYLE('',(#20517));
#20517 = FILL_AREA_STYLE_COLOUR('',#18649);
#20518 = CURVE_STYLE('',#20519,POSITIVE_LENGTH_MEASURE(0.1),#18649);
#20519 = DRAUGHTING_PRE_DEFINED_CURVE_FONT('continuous');
#20520 = STYLED_ITEM('color',(#20521),#15464);
#20521 = PRESENTATION_STYLE_ASSIGNMENT((#20522,#20527));
#20522 = SURFACE_STYLE_USAGE(.BOTH.,#20523);
#20523 = SURFACE_SIDE_STYLE('',(#20524));
#20524 = SURFACE_STYLE_FILL_AREA(#20525);
#20525 = FILL_AREA_STYLE('',(#20526));
#20526 = FILL_AREA_STYLE_COLOUR('',#18649);
#20527 = CURVE_STYLE('',#20528,POSITIVE_LENGTH_MEASURE(0.1),#18649);
#20528 = DRAUGHTING_PRE_DEFINED_CURVE_FONT('continuous');
#20529 = STYLED_ITEM('color',(#20530),#15481);
#20530 = PRESENTATION_STYLE_ASSIGNMENT((#20531,#20536));
#20531 = SURFACE_STYLE_USAGE(.BOTH.,#20532);
#20532 = SURFACE_SIDE_STYLE('',(#20533));
#20533 = SURFACE_STYLE_FILL_AREA(#20534);
#20534 = FILL_AREA_STYLE('',(#20535));
#20535 = FILL_AREA_STYLE_COLOUR('',#18649);
#20536 = CURVE_STYLE('',#20537,POSITIVE_LENGTH_MEASURE(0.1),#18649);
#20537 = DRAUGHTING_PRE_DEFINED_CURVE_FONT('continuous');
#20538 = STYLED_ITEM('color',(#20539),#15498);
#20539 = PRESENTATION_STYLE_ASSIGNMENT((#20540,#20545));
#20540 = SURFACE_STYLE_USAGE(.BOTH.,#20541);
#20541 = SURFACE_SIDE_STYLE('',(#20542));
#20542 = SURFACE_STYLE_FILL_AREA(#20543);
#20543 = FILL_AREA_STYLE('',(#20544));
#20544 = FILL_AREA_STYLE_COLOUR('',#18649);
#20545 = CURVE_STYLE('',#20546,POSITIVE_LENGTH_MEASURE(0.1),#18649);
#20546 = DRAUGHTING_PRE_DEFINED_CURVE_FONT('continuous');
#20547 = STYLED_ITEM('color',(#20548),#15515);
#20548 = PRESENTATION_STYLE_ASSIGNMENT((#20549,#20554));
#20549 = SURFACE_STYLE_USAGE(.BOTH.,#20550);
#20550 = SURFACE_SIDE_STYLE('',(#20551));
#20551 = SURFACE_STYLE_FILL_AREA(#20552);
#20552 = FILL_AREA_STYLE('',(#20553));
#20553 = FILL_AREA_STYLE_COLOUR('',#18649);
#20554 = CURVE_STYLE('',#20555,POSITIVE_LENGTH_MEASURE(0.1),#18649);
#20555 = DRAUGHTING_PRE_DEFINED_CURVE_FONT('continuous');
#20556 = STYLED_ITEM('color',(#20557),#15532);
#20557 = PRESENTATION_STYLE_ASSIGNMENT((#20558,#20563));
#20558 = SURFACE_STYLE_USAGE(.BOTH.,#20559);
#20559 = SURFACE_SIDE_STYLE('',(#20560));
#20560 = SURFACE_STYLE_FILL_AREA(#20561);
#20561 = FILL_AREA_STYLE('',(#20562));
#20562 = FILL_AREA_STYLE_COLOUR('',#18649);
#20563 = CURVE_STYLE('',#20564,POSITIVE_LENGTH_MEASURE(0.1),#18649);
#20564 = DRAUGHTING_PRE_DEFINED_CURVE_FONT('continuous');
#20565 = STYLED_ITEM('color',(#20566),#15549);
#20566 = PRESENTATION_STYLE_ASSIGNMENT((#20567,#20572));
#20567 = SURFACE_STYLE_USAGE(.BOTH.,#20568);
#20568 = SURFACE_SIDE_STYLE('',(#20569));
#20569 = SURFACE_STYLE_FILL_AREA(#20570);
#20570 = FILL_AREA_STYLE('',(#20571));
#20571 = FILL_AREA_STYLE_COLOUR('',#18649);
#20572 = CURVE_STYLE('',#20573,POSITIVE_LENGTH_MEASURE(0.1),#18649);
#20573 = DRAUGHTING_PRE_DEFINED_CURVE_FONT('continuous');
#20574 = STYLED_ITEM('color',(#20575),#15566);
#20575 = PRESENTATION_STYLE_ASSIGNMENT((#20576,#20581));
#20576 = SURFACE_STYLE_USAGE(.BOTH.,#20577);
#20577 = SURFACE_SIDE_STYLE('',(#20578));
#20578 = SURFACE_STYLE_FILL_AREA(#20579);
#20579 = FILL_AREA_STYLE('',(#20580));
#20580 = FILL_AREA_STYLE_COLOUR('',#18649);
#20581 = CURVE_STYLE('',#20582,POSITIVE_LENGTH_MEASURE(0.1),#18649);
#20582 = DRAUGHTING_PRE_DEFINED_CURVE_FONT('continuous');
#20583 = STYLED_ITEM('color',(#20584),#15583);
#20584 = PRESENTATION_STYLE_ASSIGNMENT((#20585,#20590));
#20585 = SURFACE_STYLE_USAGE(.BOTH.,#20586);
#20586 = SURFACE_SIDE_STYLE('',(#20587));
#20587 = SURFACE_STYLE_FILL_AREA(#20588);
#20588 = FILL_AREA_STYLE('',(#20589));
#20589 = FILL_AREA_STYLE_COLOUR('',#18649);
#20590 = CURVE_STYLE('',#20591,POSITIVE_LENGTH_MEASURE(0.1),#18649);
#20591 = DRAUGHTING_PRE_DEFINED_CURVE_FONT('continuous');
#20592 = STYLED_ITEM('color',(#20593),#15595);
#20593 = PRESENTATION_STYLE_ASSIGNMENT((#20594,#20599));
#20594 = SURFACE_STYLE_USAGE(.BOTH.,#20595);
#20595 = SURFACE_SIDE_STYLE('',(#20596));
#20596 = SURFACE_STYLE_FILL_AREA(#20597);
#20597 = FILL_AREA_STYLE('',(#20598));
#20598 = FILL_AREA_STYLE_COLOUR('',#18649);
#20599 = CURVE_STYLE('',#20600,POSITIVE_LENGTH_MEASURE(0.1),#18649);
#20600 = DRAUGHTING_PRE_DEFINED_CURVE_FONT('continuous');
#20601 = STYLED_ITEM('color',(#20602),#15612);
#20602 = PRESENTATION_STYLE_ASSIGNMENT((#20603,#20608));
#20603 = SURFACE_STYLE_USAGE(.BOTH.,#20604);
#20604 = SURFACE_SIDE_STYLE('',(#20605));
#20605 = SURFACE_STYLE_FILL_AREA(#20606);
#20606 = FILL_AREA_STYLE('',(#20607));
#20607 = FILL_AREA_STYLE_COLOUR('',#18649);
#20608 = CURVE_STYLE('',#20609,POSITIVE_LENGTH_MEASURE(0.1),#18649);
#20609 = DRAUGHTING_PRE_DEFINED_CURVE_FONT('continuous');
#20610 = STYLED_ITEM('color',(#20611),#15629);
#20611 = PRESENTATION_STYLE_ASSIGNMENT((#20612,#20617));
#20612 = SURFACE_STYLE_USAGE(.BOTH.,#20613);
#20613 = SURFACE_SIDE_STYLE('',(#20614));
#20614 = SURFACE_STYLE_FILL_AREA(#20615);
#20615 = FILL_AREA_STYLE('',(#20616));
#20616 = FILL_AREA_STYLE_COLOUR('',#18649);
#20617 = CURVE_STYLE('',#20618,POSITIVE_LENGTH_MEASURE(0.1),#18649);
#20618 = DRAUGHTING_PRE_DEFINED_CURVE_FONT('continuous');
#20619 = STYLED_ITEM('color',(#20620),#15646);
#20620 = PRESENTATION_STYLE_ASSIGNMENT((#20621,#20626));
#20621 = SURFACE_STYLE_USAGE(.BOTH.,#20622);
#20622 = SURFACE_SIDE_STYLE('',(#20623));
#20623 = SURFACE_STYLE_FILL_AREA(#20624);
#20624 = FILL_AREA_STYLE('',(#20625));
#20625 = FILL_AREA_STYLE_COLOUR('',#18649);
#20626 = CURVE_STYLE('',#20627,POSITIVE_LENGTH_MEASURE(0.1),#18649);
#20627 = DRAUGHTING_PRE_DEFINED_CURVE_FONT('continuous');
#20628 = STYLED_ITEM('color',(#20629),#15663);
#20629 = PRESENTATION_STYLE_ASSIGNMENT((#20630,#20635));
#20630 = SURFACE_STYLE_USAGE(.BOTH.,#20631);
#20631 = SURFACE_SIDE_STYLE('',(#20632));
#20632 = SURFACE_STYLE_FILL_AREA(#20633);
#20633 = FILL_AREA_STYLE('',(#20634));
#20634 = FILL_AREA_STYLE_COLOUR('',#18649);
#20635 = CURVE_STYLE('',#20636,POSITIVE_LENGTH_MEASURE(0.1),#18649);
#20636 = DRAUGHTING_PRE_DEFINED_CURVE_FONT('continuous');
#20637 = STYLED_ITEM('color',(#20638),#15680);
#20638 = PRESENTATION_STYLE_ASSIGNMENT((#20639,#20644));
#20639 = SURFACE_STYLE_USAGE(.BOTH.,#20640);
#20640 = SURFACE_SIDE_STYLE('',(#20641));
#20641 = SURFACE_STYLE_FILL_AREA(#20642);
#20642 = FILL_AREA_STYLE('',(#20643));
#20643 = FILL_AREA_STYLE_COLOUR('',#18649);
#20644 = CURVE_STYLE('',#20645,POSITIVE_LENGTH_MEASURE(0.1),#18649);
#20645 = DRAUGHTING_PRE_DEFINED_CURVE_FONT('continuous');
#20646 = STYLED_ITEM('color',(#20647),#15697);
#20647 = PRESENTATION_STYLE_ASSIGNMENT((#20648,#20653));
#20648 = SURFACE_STYLE_USAGE(.BOTH.,#20649);
#20649 = SURFACE_SIDE_STYLE('',(#20650));
#20650 = SURFACE_STYLE_FILL_AREA(#20651);
#20651 = FILL_AREA_STYLE('',(#20652));
#20652 = FILL_AREA_STYLE_COLOUR('',#18649);
#20653 = CURVE_STYLE('',#20654,POSITIVE_LENGTH_MEASURE(0.1),#18649);
#20654 = DRAUGHTING_PRE_DEFINED_CURVE_FONT('continuous');
#20655 = STYLED_ITEM('color',(#20656),#15709);
#20656 = PRESENTATION_STYLE_ASSIGNMENT((#20657,#20662));
#20657 = SURFACE_STYLE_USAGE(.BOTH.,#20658);
#20658 = SURFACE_SIDE_STYLE('',(#20659));
#20659 = SURFACE_STYLE_FILL_AREA(#20660);
#20660 = FILL_AREA_STYLE('',(#20661));
#20661 = FILL_AREA_STYLE_COLOUR('',#18649);
#20662 = CURVE_STYLE('',#20663,POSITIVE_LENGTH_MEASURE(0.1),#18649);
#20663 = DRAUGHTING_PRE_DEFINED_CURVE_FONT('continuous');
#20664 = STYLED_ITEM('color',(#20665),#15726);
#20665 = PRESENTATION_STYLE_ASSIGNMENT((#20666,#20671));
#20666 = SURFACE_STYLE_USAGE(.BOTH.,#20667);
#20667 = SURFACE_SIDE_STYLE('',(#20668));
#20668 = SURFACE_STYLE_FILL_AREA(#20669);
#20669 = FILL_AREA_STYLE('',(#20670));
#20670 = FILL_AREA_STYLE_COLOUR('',#18649);
#20671 = CURVE_STYLE('',#20672,POSITIVE_LENGTH_MEASURE(0.1),#18649);
#20672 = DRAUGHTING_PRE_DEFINED_CURVE_FONT('continuous');
#20673 = STYLED_ITEM('color',(#20674),#15743);
#20674 = PRESENTATION_STYLE_ASSIGNMENT((#20675,#20680));
#20675 = SURFACE_STYLE_USAGE(.BOTH.,#20676);
#20676 = SURFACE_SIDE_STYLE('',(#20677));
#20677 = SURFACE_STYLE_FILL_AREA(#20678);
#20678 = FILL_AREA_STYLE('',(#20679));
#20679 = FILL_AREA_STYLE_COLOUR('',#18649);
#20680 = CURVE_STYLE('',#20681,POSITIVE_LENGTH_MEASURE(0.1),#18649);
#20681 = DRAUGHTING_PRE_DEFINED_CURVE_FONT('continuous');
#20682 = STYLED_ITEM('color',(#20683),#15760);
#20683 = PRESENTATION_STYLE_ASSIGNMENT((#20684,#20689));
#20684 = SURFACE_STYLE_USAGE(.BOTH.,#20685);
#20685 = SURFACE_SIDE_STYLE('',(#20686));
#20686 = SURFACE_STYLE_FILL_AREA(#20687);
#20687 = FILL_AREA_STYLE('',(#20688));
#20688 = FILL_AREA_STYLE_COLOUR('',#18649);
#20689 = CURVE_STYLE('',#20690,POSITIVE_LENGTH_MEASURE(0.1),#18649);
#20690 = DRAUGHTING_PRE_DEFINED_CURVE_FONT('continuous');
#20691 = STYLED_ITEM('color',(#20692),#15777);
#20692 = PRESENTATION_STYLE_ASSIGNMENT((#20693,#20698));
#20693 = SURFACE_STYLE_USAGE(.BOTH.,#20694);
#20694 = SURFACE_SIDE_STYLE('',(#20695));
#20695 = SURFACE_STYLE_FILL_AREA(#20696);
#20696 = FILL_AREA_STYLE('',(#20697));
#20697 = FILL_AREA_STYLE_COLOUR('',#18649);
#20698 = CURVE_STYLE('',#20699,POSITIVE_LENGTH_MEASURE(0.1),#18649);
#20699 = DRAUGHTING_PRE_DEFINED_CURVE_FONT('continuous');
#20700 = STYLED_ITEM('color',(#20701),#15794);
#20701 = PRESENTATION_STYLE_ASSIGNMENT((#20702,#20707));
#20702 = SURFACE_STYLE_USAGE(.BOTH.,#20703);
#20703 = SURFACE_SIDE_STYLE('',(#20704));
#20704 = SURFACE_STYLE_FILL_AREA(#20705);
#20705 = FILL_AREA_STYLE('',(#20706));
#20706 = FILL_AREA_STYLE_COLOUR('',#18649);
#20707 = CURVE_STYLE('',#20708,POSITIVE_LENGTH_MEASURE(0.1),#18649);
#20708 = DRAUGHTING_PRE_DEFINED_CURVE_FONT('continuous');
#20709 = STYLED_ITEM('color',(#20710),#15811);
#20710 = PRESENTATION_STYLE_ASSIGNMENT((#20711,#20716));
#20711 = SURFACE_STYLE_USAGE(.BOTH.,#20712);
#20712 = SURFACE_SIDE_STYLE('',(#20713));
#20713 = SURFACE_STYLE_FILL_AREA(#20714);
#20714 = FILL_AREA_STYLE('',(#20715));
#20715 = FILL_AREA_STYLE_COLOUR('',#18649);
#20716 = CURVE_STYLE('',#20717,POSITIVE_LENGTH_MEASURE(0.1),#18649);
#20717 = DRAUGHTING_PRE_DEFINED_CURVE_FONT('continuous');
#20718 = STYLED_ITEM('color',(#20719),#15823);
#20719 = PRESENTATION_STYLE_ASSIGNMENT((#20720,#20725));
#20720 = SURFACE_STYLE_USAGE(.BOTH.,#20721);
#20721 = SURFACE_SIDE_STYLE('',(#20722));
#20722 = SURFACE_STYLE_FILL_AREA(#20723);
#20723 = FILL_AREA_STYLE('',(#20724));
#20724 = FILL_AREA_STYLE_COLOUR('',#18649);
#20725 = CURVE_STYLE('',#20726,POSITIVE_LENGTH_MEASURE(0.1),#18649);
#20726 = DRAUGHTING_PRE_DEFINED_CURVE_FONT('continuous');
#20727 = STYLED_ITEM('color',(#20728),#15840);
#20728 = PRESENTATION_STYLE_ASSIGNMENT((#20729,#20734));
#20729 = SURFACE_STYLE_USAGE(.BOTH.,#20730);
#20730 = SURFACE_SIDE_STYLE('',(#20731));
#20731 = SURFACE_STYLE_FILL_AREA(#20732);
#20732 = FILL_AREA_STYLE('',(#20733));
#20733 = FILL_AREA_STYLE_COLOUR('',#18649);
#20734 = CURVE_STYLE('',#20735,POSITIVE_LENGTH_MEASURE(0.1),#18649);
#20735 = DRAUGHTING_PRE_DEFINED_CURVE_FONT('continuous');
#20736 = STYLED_ITEM('color',(#20737),#15857);
#20737 = PRESENTATION_STYLE_ASSIGNMENT((#20738,#20743));
#20738 = SURFACE_STYLE_USAGE(.BOTH.,#20739);
#20739 = SURFACE_SIDE_STYLE('',(#20740));
#20740 = SURFACE_STYLE_FILL_AREA(#20741);
#20741 = FILL_AREA_STYLE('',(#20742));
#20742 = FILL_AREA_STYLE_COLOUR('',#18649);
#20743 = CURVE_STYLE('',#20744,POSITIVE_LENGTH_MEASURE(0.1),#18649);
#20744 = DRAUGHTING_PRE_DEFINED_CURVE_FONT('continuous');
#20745 = STYLED_ITEM('color',(#20746),#15874);
#20746 = PRESENTATION_STYLE_ASSIGNMENT((#20747,#20752));
#20747 = SURFACE_STYLE_USAGE(.BOTH.,#20748);
#20748 = SURFACE_SIDE_STYLE('',(#20749));
#20749 = SURFACE_STYLE_FILL_AREA(#20750);
#20750 = FILL_AREA_STYLE('',(#20751));
#20751 = FILL_AREA_STYLE_COLOUR('',#18649);
#20752 = CURVE_STYLE('',#20753,POSITIVE_LENGTH_MEASURE(0.1),#18649);
#20753 = DRAUGHTING_PRE_DEFINED_CURVE_FONT('continuous');
#20754 = STYLED_ITEM('color',(#20755),#15891);
#20755 = PRESENTATION_STYLE_ASSIGNMENT((#20756,#20761));
#20756 = SURFACE_STYLE_USAGE(.BOTH.,#20757);
#20757 = SURFACE_SIDE_STYLE('',(#20758));
#20758 = SURFACE_STYLE_FILL_AREA(#20759);
#20759 = FILL_AREA_STYLE('',(#20760));
#20760 = FILL_AREA_STYLE_COLOUR('',#18649);
#20761 = CURVE_STYLE('',#20762,POSITIVE_LENGTH_MEASURE(0.1),#18649);
#20762 = DRAUGHTING_PRE_DEFINED_CURVE_FONT('continuous');
#20763 = STYLED_ITEM('color',(#20764),#15908);
#20764 = PRESENTATION_STYLE_ASSIGNMENT((#20765,#20770));
#20765 = SURFACE_STYLE_USAGE(.BOTH.,#20766);
#20766 = SURFACE_SIDE_STYLE('',(#20767));
#20767 = SURFACE_STYLE_FILL_AREA(#20768);
#20768 = FILL_AREA_STYLE('',(#20769));
#20769 = FILL_AREA_STYLE_COLOUR('',#18649);
#20770 = CURVE_STYLE('',#20771,POSITIVE_LENGTH_MEASURE(0.1),#18649);
#20771 = DRAUGHTING_PRE_DEFINED_CURVE_FONT('continuous');
#20772 = STYLED_ITEM('color',(#20773),#15925);
#20773 = PRESENTATION_STYLE_ASSIGNMENT((#20774,#20779));
#20774 = SURFACE_STYLE_USAGE(.BOTH.,#20775);
#20775 = SURFACE_SIDE_STYLE('',(#20776));
#20776 = SURFACE_STYLE_FILL_AREA(#20777);
#20777 = FILL_AREA_STYLE('',(#20778));
#20778 = FILL_AREA_STYLE_COLOUR('',#18649);
#20779 = CURVE_STYLE('',#20780,POSITIVE_LENGTH_MEASURE(0.1),#18649);
#20780 = DRAUGHTING_PRE_DEFINED_CURVE_FONT('continuous');
#20781 = STYLED_ITEM('color',(#20782),#15942);
#20782 = PRESENTATION_STYLE_ASSIGNMENT((#20783,#20788));
#20783 = SURFACE_STYLE_USAGE(.BOTH.,#20784);
#20784 = SURFACE_SIDE_STYLE('',(#20785));
#20785 = SURFACE_STYLE_FILL_AREA(#20786);
#20786 = FILL_AREA_STYLE('',(#20787));
#20787 = FILL_AREA_STYLE_COLOUR('',#18649);
#20788 = CURVE_STYLE('',#20789,POSITIVE_LENGTH_MEASURE(0.1),#18649);
#20789 = DRAUGHTING_PRE_DEFINED_CURVE_FONT('continuous');
#20790 = STYLED_ITEM('color',(#20791),#15954);
#20791 = PRESENTATION_STYLE_ASSIGNMENT((#20792,#20797));
#20792 = SURFACE_STYLE_USAGE(.BOTH.,#20793);
#20793 = SURFACE_SIDE_STYLE('',(#20794));
#20794 = SURFACE_STYLE_FILL_AREA(#20795);
#20795 = FILL_AREA_STYLE('',(#20796));
#20796 = FILL_AREA_STYLE_COLOUR('',#18649);
#20797 = CURVE_STYLE('',#20798,POSITIVE_LENGTH_MEASURE(0.1),#18649);
#20798 = DRAUGHTING_PRE_DEFINED_CURVE_FONT('continuous');
#20799 = STYLED_ITEM('color',(#20800),#15971);
#20800 = PRESENTATION_STYLE_ASSIGNMENT((#20801,#20806));
#20801 = SURFACE_STYLE_USAGE(.BOTH.,#20802);
#20802 = SURFACE_SIDE_STYLE('',(#20803));
#20803 = SURFACE_STYLE_FILL_AREA(#20804);
#20804 = FILL_AREA_STYLE('',(#20805));
#20805 = FILL_AREA_STYLE_COLOUR('',#18649);
#20806 = CURVE_STYLE('',#20807,POSITIVE_LENGTH_MEASURE(0.1),#18649);
#20807 = DRAUGHTING_PRE_DEFINED_CURVE_FONT('continuous');
#20808 = STYLED_ITEM('color',(#20809),#15988);
#20809 = PRESENTATION_STYLE_ASSIGNMENT((#20810,#20815));
#20810 = SURFACE_STYLE_USAGE(.BOTH.,#20811);
#20811 = SURFACE_SIDE_STYLE('',(#20812));
#20812 = SURFACE_STYLE_FILL_AREA(#20813);
#20813 = FILL_AREA_STYLE('',(#20814));
#20814 = FILL_AREA_STYLE_COLOUR('',#18649);
#20815 = CURVE_STYLE('',#20816,POSITIVE_LENGTH_MEASURE(0.1),#18649);
#20816 = DRAUGHTING_PRE_DEFINED_CURVE_FONT('continuous');
#20817 = STYLED_ITEM('color',(#20818),#16005);
#20818 = PRESENTATION_STYLE_ASSIGNMENT((#20819,#20824));
#20819 = SURFACE_STYLE_USAGE(.BOTH.,#20820);
#20820 = SURFACE_SIDE_STYLE('',(#20821));
#20821 = SURFACE_STYLE_FILL_AREA(#20822);
#20822 = FILL_AREA_STYLE('',(#20823));
#20823 = FILL_AREA_STYLE_COLOUR('',#18649);
#20824 = CURVE_STYLE('',#20825,POSITIVE_LENGTH_MEASURE(0.1),#18649);
#20825 = DRAUGHTING_PRE_DEFINED_CURVE_FONT('continuous');
#20826 = STYLED_ITEM('color',(#20827),#16022);
#20827 = PRESENTATION_STYLE_ASSIGNMENT((#20828,#20833));
#20828 = SURFACE_STYLE_USAGE(.BOTH.,#20829);
#20829 = SURFACE_SIDE_STYLE('',(#20830));
#20830 = SURFACE_STYLE_FILL_AREA(#20831);
#20831 = FILL_AREA_STYLE('',(#20832));
#20832 = FILL_AREA_STYLE_COLOUR('',#18649);
#20833 = CURVE_STYLE('',#20834,POSITIVE_LENGTH_MEASURE(0.1),#18649);
#20834 = DRAUGHTING_PRE_DEFINED_CURVE_FONT('continuous');
#20835 = STYLED_ITEM('color',(#20836),#16039);
#20836 = PRESENTATION_STYLE_ASSIGNMENT((#20837,#20842));
#20837 = SURFACE_STYLE_USAGE(.BOTH.,#20838);
#20838 = SURFACE_SIDE_STYLE('',(#20839));
#20839 = SURFACE_STYLE_FILL_AREA(#20840);
#20840 = FILL_AREA_STYLE('',(#20841));
#20841 = FILL_AREA_STYLE_COLOUR('',#18649);
#20842 = CURVE_STYLE('',#20843,POSITIVE_LENGTH_MEASURE(0.1),#18649);
#20843 = DRAUGHTING_PRE_DEFINED_CURVE_FONT('continuous');
#20844 = STYLED_ITEM('color',(#20845),#16056);
#20845 = PRESENTATION_STYLE_ASSIGNMENT((#20846,#20851));
#20846 = SURFACE_STYLE_USAGE(.BOTH.,#20847);
#20847 = SURFACE_SIDE_STYLE('',(#20848));
#20848 = SURFACE_STYLE_FILL_AREA(#20849);
#20849 = FILL_AREA_STYLE('',(#20850));
#20850 = FILL_AREA_STYLE_COLOUR('',#18649);
#20851 = CURVE_STYLE('',#20852,POSITIVE_LENGTH_MEASURE(0.1),#18649);
#20852 = DRAUGHTING_PRE_DEFINED_CURVE_FONT('continuous');
#20853 = STYLED_ITEM('color',(#20854),#16073);
#20854 = PRESENTATION_STYLE_ASSIGNMENT((#20855,#20860));
#20855 = SURFACE_STYLE_USAGE(.BOTH.,#20856);
#20856 = SURFACE_SIDE_STYLE('',(#20857));
#20857 = SURFACE_STYLE_FILL_AREA(#20858);
#20858 = FILL_AREA_STYLE('',(#20859));
#20859 = FILL_AREA_STYLE_COLOUR('',#18649);
#20860 = CURVE_STYLE('',#20861,POSITIVE_LENGTH_MEASURE(0.1),#18649);
#20861 = DRAUGHTING_PRE_DEFINED_CURVE_FONT('continuous');
#20862 = STYLED_ITEM('color',(#20863),#16085);
#20863 = PRESENTATION_STYLE_ASSIGNMENT((#20864,#20869));
#20864 = SURFACE_STYLE_USAGE(.BOTH.,#20865);
#20865 = SURFACE_SIDE_STYLE('',(#20866));
#20866 = SURFACE_STYLE_FILL_AREA(#20867);
#20867 = FILL_AREA_STYLE('',(#20868));
#20868 = FILL_AREA_STYLE_COLOUR('',#18649);
#20869 = CURVE_STYLE('',#20870,POSITIVE_LENGTH_MEASURE(0.1),#18649);
#20870 = DRAUGHTING_PRE_DEFINED_CURVE_FONT('continuous');
#20871 = STYLED_ITEM('color',(#20872),#16102);
#20872 = PRESENTATION_STYLE_ASSIGNMENT((#20873,#20878));
#20873 = SURFACE_STYLE_USAGE(.BOTH.,#20874);
#20874 = SURFACE_SIDE_STYLE('',(#20875));
#20875 = SURFACE_STYLE_FILL_AREA(#20876);
#20876 = FILL_AREA_STYLE('',(#20877));
#20877 = FILL_AREA_STYLE_COLOUR('',#18649);
#20878 = CURVE_STYLE('',#20879,POSITIVE_LENGTH_MEASURE(0.1),#18649);
#20879 = DRAUGHTING_PRE_DEFINED_CURVE_FONT('continuous');
#20880 = STYLED_ITEM('color',(#20881),#16119);
#20881 = PRESENTATION_STYLE_ASSIGNMENT((#20882,#20887));
#20882 = SURFACE_STYLE_USAGE(.BOTH.,#20883);
#20883 = SURFACE_SIDE_STYLE('',(#20884));
#20884 = SURFACE_STYLE_FILL_AREA(#20885);
#20885 = FILL_AREA_STYLE('',(#20886));
#20886 = FILL_AREA_STYLE_COLOUR('',#18649);
#20887 = CURVE_STYLE('',#20888,POSITIVE_LENGTH_MEASURE(0.1),#18649);
#20888 = DRAUGHTING_PRE_DEFINED_CURVE_FONT('continuous');
#20889 = STYLED_ITEM('color',(#20890),#16136);
#20890 = PRESENTATION_STYLE_ASSIGNMENT((#20891,#20896));
#20891 = SURFACE_STYLE_USAGE(.BOTH.,#20892);
#20892 = SURFACE_SIDE_STYLE('',(#20893));
#20893 = SURFACE_STYLE_FILL_AREA(#20894);
#20894 = FILL_AREA_STYLE('',(#20895));
#20895 = FILL_AREA_STYLE_COLOUR('',#18649);
#20896 = CURVE_STYLE('',#20897,POSITIVE_LENGTH_MEASURE(0.1),#18649);
#20897 = DRAUGHTING_PRE_DEFINED_CURVE_FONT('continuous');
#20898 = STYLED_ITEM('color',(#20899),#16153);
#20899 = PRESENTATION_STYLE_ASSIGNMENT((#20900,#20905));
#20900 = SURFACE_STYLE_USAGE(.BOTH.,#20901);
#20901 = SURFACE_SIDE_STYLE('',(#20902));
#20902 = SURFACE_STYLE_FILL_AREA(#20903);
#20903 = FILL_AREA_STYLE('',(#20904));
#20904 = FILL_AREA_STYLE_COLOUR('',#18649);
#20905 = CURVE_STYLE('',#20906,POSITIVE_LENGTH_MEASURE(0.1),#18649);
#20906 = DRAUGHTING_PRE_DEFINED_CURVE_FONT('continuous');
#20907 = STYLED_ITEM('color',(#20908),#16170);
#20908 = PRESENTATION_STYLE_ASSIGNMENT((#20909,#20914));
#20909 = SURFACE_STYLE_USAGE(.BOTH.,#20910);
#20910 = SURFACE_SIDE_STYLE('',(#20911));
#20911 = SURFACE_STYLE_FILL_AREA(#20912);
#20912 = FILL_AREA_STYLE('',(#20913));
#20913 = FILL_AREA_STYLE_COLOUR('',#18649);
#20914 = CURVE_STYLE('',#20915,POSITIVE_LENGTH_MEASURE(0.1),#18649);
#20915 = DRAUGHTING_PRE_DEFINED_CURVE_FONT('continuous');
#20916 = STYLED_ITEM('color',(#20917),#16187);
#20917 = PRESENTATION_STYLE_ASSIGNMENT((#20918,#20923));
#20918 = SURFACE_STYLE_USAGE(.BOTH.,#20919);
#20919 = SURFACE_SIDE_STYLE('',(#20920));
#20920 = SURFACE_STYLE_FILL_AREA(#20921);
#20921 = FILL_AREA_STYLE('',(#20922));
#20922 = FILL_AREA_STYLE_COLOUR('',#18649);
#20923 = CURVE_STYLE('',#20924,POSITIVE_LENGTH_MEASURE(0.1),#18649);
#20924 = DRAUGHTING_PRE_DEFINED_CURVE_FONT('continuous');
#20925 = STYLED_ITEM('color',(#20926),#16204);
#20926 = PRESENTATION_STYLE_ASSIGNMENT((#20927,#20932));
#20927 = SURFACE_STYLE_USAGE(.BOTH.,#20928);
#20928 = SURFACE_SIDE_STYLE('',(#20929));
#20929 = SURFACE_STYLE_FILL_AREA(#20930);
#20930 = FILL_AREA_STYLE('',(#20931));
#20931 = FILL_AREA_STYLE_COLOUR('',#18649);
#20932 = CURVE_STYLE('',#20933,POSITIVE_LENGTH_MEASURE(0.1),#18649);
#20933 = DRAUGHTING_PRE_DEFINED_CURVE_FONT('continuous');
#20934 = STYLED_ITEM('color',(#20935),#16216);
#20935 = PRESENTATION_STYLE_ASSIGNMENT((#20936,#20941));
#20936 = SURFACE_STYLE_USAGE(.BOTH.,#20937);
#20937 = SURFACE_SIDE_STYLE('',(#20938));
#20938 = SURFACE_STYLE_FILL_AREA(#20939);
#20939 = FILL_AREA_STYLE('',(#20940));
#20940 = FILL_AREA_STYLE_COLOUR('',#18649);
#20941 = CURVE_STYLE('',#20942,POSITIVE_LENGTH_MEASURE(0.1),#18649);
#20942 = DRAUGHTING_PRE_DEFINED_CURVE_FONT('continuous');
#20943 = STYLED_ITEM('color',(#20944),#16233);
#20944 = PRESENTATION_STYLE_ASSIGNMENT((#20945,#20950));
#20945 = SURFACE_STYLE_USAGE(.BOTH.,#20946);
#20946 = SURFACE_SIDE_STYLE('',(#20947));
#20947 = SURFACE_STYLE_FILL_AREA(#20948);
#20948 = FILL_AREA_STYLE('',(#20949));
#20949 = FILL_AREA_STYLE_COLOUR('',#18649);
#20950 = CURVE_STYLE('',#20951,POSITIVE_LENGTH_MEASURE(0.1),#18649);
#20951 = DRAUGHTING_PRE_DEFINED_CURVE_FONT('continuous');
#20952 = STYLED_ITEM('color',(#20953),#16250);
#20953 = PRESENTATION_STYLE_ASSIGNMENT((#20954,#20959));
#20954 = SURFACE_STYLE_USAGE(.BOTH.,#20955);
#20955 = SURFACE_SIDE_STYLE('',(#20956));
#20956 = SURFACE_STYLE_FILL_AREA(#20957);
#20957 = FILL_AREA_STYLE('',(#20958));
#20958 = FILL_AREA_STYLE_COLOUR('',#18649);
#20959 = CURVE_STYLE('',#20960,POSITIVE_LENGTH_MEASURE(0.1),#18649);
#20960 = DRAUGHTING_PRE_DEFINED_CURVE_FONT('continuous');
#20961 = STYLED_ITEM('color',(#20962),#16267);
#20962 = PRESENTATION_STYLE_ASSIGNMENT((#20963,#20968));
#20963 = SURFACE_STYLE_USAGE(.BOTH.,#20964);
#20964 = SURFACE_SIDE_STYLE('',(#20965));
#20965 = SURFACE_STYLE_FILL_AREA(#20966);
#20966 = FILL_AREA_STYLE('',(#20967));
#20967 = FILL_AREA_STYLE_COLOUR('',#18649);
#20968 = CURVE_STYLE('',#20969,POSITIVE_LENGTH_MEASURE(0.1),#18649);
#20969 = DRAUGHTING_PRE_DEFINED_CURVE_FONT('continuous');
#20970 = STYLED_ITEM('color',(#20971),#16284);
#20971 = PRESENTATION_STYLE_ASSIGNMENT((#20972,#20977));
#20972 = SURFACE_STYLE_USAGE(.BOTH.,#20973);
#20973 = SURFACE_SIDE_STYLE('',(#20974));
#20974 = SURFACE_STYLE_FILL_AREA(#20975);
#20975 = FILL_AREA_STYLE('',(#20976));
#20976 = FILL_AREA_STYLE_COLOUR('',#18649);
#20977 = CURVE_STYLE('',#20978,POSITIVE_LENGTH_MEASURE(0.1),#18649);
#20978 = DRAUGHTING_PRE_DEFINED_CURVE_FONT('continuous');
#20979 = STYLED_ITEM('color',(#20980),#16301);
#20980 = PRESENTATION_STYLE_ASSIGNMENT((#20981,#20986));
#20981 = SURFACE_STYLE_USAGE(.BOTH.,#20982);
#20982 = SURFACE_SIDE_STYLE('',(#20983));
#20983 = SURFACE_STYLE_FILL_AREA(#20984);
#20984 = FILL_AREA_STYLE('',(#20985));
#20985 = FILL_AREA_STYLE_COLOUR('',#18649);
#20986 = CURVE_STYLE('',#20987,POSITIVE_LENGTH_MEASURE(0.1),#18649);
#20987 = DRAUGHTING_PRE_DEFINED_CURVE_FONT('continuous');
#20988 = STYLED_ITEM('color',(#20989),#16318);
#20989 = PRESENTATION_STYLE_ASSIGNMENT((#20990,#20995));
#20990 = SURFACE_STYLE_USAGE(.BOTH.,#20991);
#20991 = SURFACE_SIDE_STYLE('',(#20992));
#20992 = SURFACE_STYLE_FILL_AREA(#20993);
#20993 = FILL_AREA_STYLE('',(#20994));
#20994 = FILL_AREA_STYLE_COLOUR('',#18649);
#20995 = CURVE_STYLE('',#20996,POSITIVE_LENGTH_MEASURE(0.1),#18649);
#20996 = DRAUGHTING_PRE_DEFINED_CURVE_FONT('continuous');
#20997 = STYLED_ITEM('color',(#20998),#16335);
#20998 = PRESENTATION_STYLE_ASSIGNMENT((#20999,#21004));
#20999 = SURFACE_STYLE_USAGE(.BOTH.,#21000);
#21000 = SURFACE_SIDE_STYLE('',(#21001));
#21001 = SURFACE_STYLE_FILL_AREA(#21002);
#21002 = FILL_AREA_STYLE('',(#21003));
#21003 = FILL_AREA_STYLE_COLOUR('',#18649);
#21004 = CURVE_STYLE('',#21005,POSITIVE_LENGTH_MEASURE(0.1),#18649);
#21005 = DRAUGHTING_PRE_DEFINED_CURVE_FONT('continuous');
#21006 = STYLED_ITEM('color',(#21007),#16347);
#21007 = PRESENTATION_STYLE_ASSIGNMENT((#21008,#21013));
#21008 = SURFACE_STYLE_USAGE(.BOTH.,#21009);
#21009 = SURFACE_SIDE_STYLE('',(#21010));
#21010 = SURFACE_STYLE_FILL_AREA(#21011);
#21011 = FILL_AREA_STYLE('',(#21012));
#21012 = FILL_AREA_STYLE_COLOUR('',#18649);
#21013 = CURVE_STYLE('',#21014,POSITIVE_LENGTH_MEASURE(0.1),#18649);
#21014 = DRAUGHTING_PRE_DEFINED_CURVE_FONT('continuous');
#21015 = STYLED_ITEM('color',(#21016),#16364);
#21016 = PRESENTATION_STYLE_ASSIGNMENT((#21017,#21022));
#21017 = SURFACE_STYLE_USAGE(.BOTH.,#21018);
#21018 = SURFACE_SIDE_STYLE('',(#21019));
#21019 = SURFACE_STYLE_FILL_AREA(#21020);
#21020 = FILL_AREA_STYLE('',(#21021));
#21021 = FILL_AREA_STYLE_COLOUR('',#18649);
#21022 = CURVE_STYLE('',#21023,POSITIVE_LENGTH_MEASURE(0.1),#18649);
#21023 = DRAUGHTING_PRE_DEFINED_CURVE_FONT('continuous');
#21024 = STYLED_ITEM('color',(#21025),#16381);
#21025 = PRESENTATION_STYLE_ASSIGNMENT((#21026,#21031));
#21026 = SURFACE_STYLE_USAGE(.BOTH.,#21027);
#21027 = SURFACE_SIDE_STYLE('',(#21028));
#21028 = SURFACE_STYLE_FILL_AREA(#21029);
#21029 = FILL_AREA_STYLE('',(#21030));
#21030 = FILL_AREA_STYLE_COLOUR('',#18649);
#21031 = CURVE_STYLE('',#21032,POSITIVE_LENGTH_MEASURE(0.1),#18649);
#21032 = DRAUGHTING_PRE_DEFINED_CURVE_FONT('continuous');
#21033 = STYLED_ITEM('color',(#21034),#16398);
#21034 = PRESENTATION_STYLE_ASSIGNMENT((#21035,#21040));
#21035 = SURFACE_STYLE_USAGE(.BOTH.,#21036);
#21036 = SURFACE_SIDE_STYLE('',(#21037));
#21037 = SURFACE_STYLE_FILL_AREA(#21038);
#21038 = FILL_AREA_STYLE('',(#21039));
#21039 = FILL_AREA_STYLE_COLOUR('',#18649);
#21040 = CURVE_STYLE('',#21041,POSITIVE_LENGTH_MEASURE(0.1),#18649);
#21041 = DRAUGHTING_PRE_DEFINED_CURVE_FONT('continuous');
#21042 = STYLED_ITEM('color',(#21043),#16415);
#21043 = PRESENTATION_STYLE_ASSIGNMENT((#21044,#21049));
#21044 = SURFACE_STYLE_USAGE(.BOTH.,#21045);
#21045 = SURFACE_SIDE_STYLE('',(#21046));
#21046 = SURFACE_STYLE_FILL_AREA(#21047);
#21047 = FILL_AREA_STYLE('',(#21048));
#21048 = FILL_AREA_STYLE_COLOUR('',#18649);
#21049 = CURVE_STYLE('',#21050,POSITIVE_LENGTH_MEASURE(0.1),#18649);
#21050 = DRAUGHTING_PRE_DEFINED_CURVE_FONT('continuous');
#21051 = STYLED_ITEM('color',(#21052),#16432);
#21052 = PRESENTATION_STYLE_ASSIGNMENT((#21053,#21058));
#21053 = SURFACE_STYLE_USAGE(.BOTH.,#21054);
#21054 = SURFACE_SIDE_STYLE('',(#21055));
#21055 = SURFACE_STYLE_FILL_AREA(#21056);
#21056 = FILL_AREA_STYLE('',(#21057));
#21057 = FILL_AREA_STYLE_COLOUR('',#18649);
#21058 = CURVE_STYLE('',#21059,POSITIVE_LENGTH_MEASURE(0.1),#18649);
#21059 = DRAUGHTING_PRE_DEFINED_CURVE_FONT('continuous');
#21060 = STYLED_ITEM('color',(#21061),#16449);
#21061 = PRESENTATION_STYLE_ASSIGNMENT((#21062,#21067));
#21062 = SURFACE_STYLE_USAGE(.BOTH.,#21063);
#21063 = SURFACE_SIDE_STYLE('',(#21064));
#21064 = SURFACE_STYLE_FILL_AREA(#21065);
#21065 = FILL_AREA_STYLE('',(#21066));
#21066 = FILL_AREA_STYLE_COLOUR('',#18649);
#21067 = CURVE_STYLE('',#21068,POSITIVE_LENGTH_MEASURE(0.1),#18649);
#21068 = DRAUGHTING_PRE_DEFINED_CURVE_FONT('continuous');
#21069 = STYLED_ITEM('color',(#21070),#16466);
#21070 = PRESENTATION_STYLE_ASSIGNMENT((#21071,#21076));
#21071 = SURFACE_STYLE_USAGE(.BOTH.,#21072);
#21072 = SURFACE_SIDE_STYLE('',(#21073));
#21073 = SURFACE_STYLE_FILL_AREA(#21074);
#21074 = FILL_AREA_STYLE('',(#21075));
#21075 = FILL_AREA_STYLE_COLOUR('',#18649);
#21076 = CURVE_STYLE('',#21077,POSITIVE_LENGTH_MEASURE(0.1),#18649);
#21077 = DRAUGHTING_PRE_DEFINED_CURVE_FONT('continuous');
#21078 = STYLED_ITEM('color',(#21079),#16478);
#21079 = PRESENTATION_STYLE_ASSIGNMENT((#21080,#21085));
#21080 = SURFACE_STYLE_USAGE(.BOTH.,#21081);
#21081 = SURFACE_SIDE_STYLE('',(#21082));
#21082 = SURFACE_STYLE_FILL_AREA(#21083);
#21083 = FILL_AREA_STYLE('',(#21084));
#21084 = FILL_AREA_STYLE_COLOUR('',#18649);
#21085 = CURVE_STYLE('',#21086,POSITIVE_LENGTH_MEASURE(0.1),#18649);
#21086 = DRAUGHTING_PRE_DEFINED_CURVE_FONT('continuous');
#21087 = STYLED_ITEM('color',(#21088),#16495);
#21088 = PRESENTATION_STYLE_ASSIGNMENT((#21089,#21094));
#21089 = SURFACE_STYLE_USAGE(.BOTH.,#21090);
#21090 = SURFACE_SIDE_STYLE('',(#21091));
#21091 = SURFACE_STYLE_FILL_AREA(#21092);
#21092 = FILL_AREA_STYLE('',(#21093));
#21093 = FILL_AREA_STYLE_COLOUR('',#18649);
#21094 = CURVE_STYLE('',#21095,POSITIVE_LENGTH_MEASURE(0.1),#18649);
#21095 = DRAUGHTING_PRE_DEFINED_CURVE_FONT('continuous');
#21096 = STYLED_ITEM('color',(#21097),#16512);
#21097 = PRESENTATION_STYLE_ASSIGNMENT((#21098,#21103));
#21098 = SURFACE_STYLE_USAGE(.BOTH.,#21099);
#21099 = SURFACE_SIDE_STYLE('',(#21100));
#21100 = SURFACE_STYLE_FILL_AREA(#21101);
#21101 = FILL_AREA_STYLE('',(#21102));
#21102 = FILL_AREA_STYLE_COLOUR('',#18649);
#21103 = CURVE_STYLE('',#21104,POSITIVE_LENGTH_MEASURE(0.1),#18649);
#21104 = DRAUGHTING_PRE_DEFINED_CURVE_FONT('continuous');
#21105 = STYLED_ITEM('color',(#21106),#16529);
#21106 = PRESENTATION_STYLE_ASSIGNMENT((#21107,#21112));
#21107 = SURFACE_STYLE_USAGE(.BOTH.,#21108);
#21108 = SURFACE_SIDE_STYLE('',(#21109));
#21109 = SURFACE_STYLE_FILL_AREA(#21110);
#21110 = FILL_AREA_STYLE('',(#21111));
#21111 = FILL_AREA_STYLE_COLOUR('',#18649);
#21112 = CURVE_STYLE('',#21113,POSITIVE_LENGTH_MEASURE(0.1),#18649);
#21113 = DRAUGHTING_PRE_DEFINED_CURVE_FONT('continuous');
#21114 = STYLED_ITEM('color',(#21115),#16546);
#21115 = PRESENTATION_STYLE_ASSIGNMENT((#21116,#21121));
#21116 = SURFACE_STYLE_USAGE(.BOTH.,#21117);
#21117 = SURFACE_SIDE_STYLE('',(#21118));
#21118 = SURFACE_STYLE_FILL_AREA(#21119);
#21119 = FILL_AREA_STYLE('',(#21120));
#21120 = FILL_AREA_STYLE_COLOUR('',#18649);
#21121 = CURVE_STYLE('',#21122,POSITIVE_LENGTH_MEASURE(0.1),#18649);
#21122 = DRAUGHTING_PRE_DEFINED_CURVE_FONT('continuous');
#21123 = STYLED_ITEM('color',(#21124),#16563);
#21124 = PRESENTATION_STYLE_ASSIGNMENT((#21125,#21130));
#21125 = SURFACE_STYLE_USAGE(.BOTH.,#21126);
#21126 = SURFACE_SIDE_STYLE('',(#21127));
#21127 = SURFACE_STYLE_FILL_AREA(#21128);
#21128 = FILL_AREA_STYLE('',(#21129));
#21129 = FILL_AREA_STYLE_COLOUR('',#18649);
#21130 = CURVE_STYLE('',#21131,POSITIVE_LENGTH_MEASURE(0.1),#18649);
#21131 = DRAUGHTING_PRE_DEFINED_CURVE_FONT('continuous');
#21132 = STYLED_ITEM('color',(#21133),#16580);
#21133 = PRESENTATION_STYLE_ASSIGNMENT((#21134,#21139));
#21134 = SURFACE_STYLE_USAGE(.BOTH.,#21135);
#21135 = SURFACE_SIDE_STYLE('',(#21136));
#21136 = SURFACE_STYLE_FILL_AREA(#21137);
#21137 = FILL_AREA_STYLE('',(#21138));
#21138 = FILL_AREA_STYLE_COLOUR('',#18649);
#21139 = CURVE_STYLE('',#21140,POSITIVE_LENGTH_MEASURE(0.1),#18649);
#21140 = DRAUGHTING_PRE_DEFINED_CURVE_FONT('continuous');
#21141 = STYLED_ITEM('color',(#21142),#16597);
#21142 = PRESENTATION_STYLE_ASSIGNMENT((#21143,#21148));
#21143 = SURFACE_STYLE_USAGE(.BOTH.,#21144);
#21144 = SURFACE_SIDE_STYLE('',(#21145));
#21145 = SURFACE_STYLE_FILL_AREA(#21146);
#21146 = FILL_AREA_STYLE('',(#21147));
#21147 = FILL_AREA_STYLE_COLOUR('',#18649);
#21148 = CURVE_STYLE('',#21149,POSITIVE_LENGTH_MEASURE(0.1),#18649);
#21149 = DRAUGHTING_PRE_DEFINED_CURVE_FONT('continuous');
#21150 = STYLED_ITEM('color',(#21151),#16609);
#21151 = PRESENTATION_STYLE_ASSIGNMENT((#21152,#21158));
#21152 = SURFACE_STYLE_USAGE(.BOTH.,#21153);
#21153 = SURFACE_SIDE_STYLE('',(#21154));
#21154 = SURFACE_STYLE_FILL_AREA(#21155);
#21155 = FILL_AREA_STYLE('',(#21156));
#21156 = FILL_AREA_STYLE_COLOUR('',#21157);
#21157 = COLOUR_RGB('',0.690999998585,0.664000007176,0.597999987832);
#21158 = CURVE_STYLE('',#21159,POSITIVE_LENGTH_MEASURE(0.1),#21157);
#21159 = DRAUGHTING_PRE_DEFINED_CURVE_FONT('continuous');
ENDSEC;
END-ISO-10303-21;
