ISO-10303-21;
/* ALPHABETS_LICENSE_BEGIN */
/* SPDX-FileCopyrightText: 2014-2026 The Beach Lab <https://beachlab.org> */
/* SPDX-License-Identifier: MIT */
/* ALPHABETS_LICENSE_END */
HEADER;
FILE_DESCRIPTION(('Open CASCADE Model'),'2;1');
FILE_NAME('Open CASCADE Shape Model','1970-01-01T00:00:00',('Author'),(
    'Open CASCADE'),'Open CASCADE STEP processor 7.9','Open CASCADE 7.9'
  ,'Unknown');
FILE_SCHEMA(('AUTOMOTIVE_DESIGN { 1 0 10303 214 1 1 1 1 }'));
ENDSEC;
DATA;
#1 = APPLICATION_PROTOCOL_DEFINITION('international standard',
  'automotive_design',2000,#2);
#2 = APPLICATION_CONTEXT(
  'core data for automotive mechanical design processes');
#3 = SHAPE_DEFINITION_REPRESENTATION(#4,#10);
#4 = PRODUCT_DEFINITION_SHAPE('','',#5);
#5 = PRODUCT_DEFINITION('design','',#6,#9);
#6 = PRODUCT_DEFINITION_FORMATION('','',#7);
#7 = PRODUCT('Open CASCADE STEP translator 7.9 3',
  'Open CASCADE STEP translator 7.9 3','',(#8));
#8 = PRODUCT_CONTEXT('',#2,'mechanical');
#9 = PRODUCT_DEFINITION_CONTEXT('part definition',#2,'design');
#10 = SHAPE_REPRESENTATION('',(#11,#15,#19,#23,#27),#31);
#11 = AXIS2_PLACEMENT_3D('',#12,#13,#14);
#12 = CARTESIAN_POINT('',(0.,0.,0.));
#13 = DIRECTION('',(0.,0.,1.));
#14 = DIRECTION('',(1.,0.,-0.));
#15 = AXIS2_PLACEMENT_3D('',#16,#17,#18);
#16 = CARTESIAN_POINT('',(0.,0.,0.));
#17 = DIRECTION('',(0.,0.,1.));
#18 = DIRECTION('',(1.,0.,-0.));
#19 = AXIS2_PLACEMENT_3D('',#20,#21,#22);
#20 = CARTESIAN_POINT('',(0.,0.,0.));
#21 = DIRECTION('',(0.,0.,1.));
#22 = DIRECTION('',(1.,0.,-0.));
#23 = AXIS2_PLACEMENT_3D('',#24,#25,#26);
#24 = CARTESIAN_POINT('',(0.,0.,0.));
#25 = DIRECTION('',(0.,0.,1.));
#26 = DIRECTION('',(1.,0.,-0.));
#27 = AXIS2_PLACEMENT_3D('',#28,#29,#30);
#28 = CARTESIAN_POINT('',(0.,0.,0.));
#29 = DIRECTION('',(0.,0.,1.));
#30 = DIRECTION('',(1.,0.,-0.));
#31 = ( GEOMETRIC_REPRESENTATION_CONTEXT(3)
GLOBAL_UNCERTAINTY_ASSIGNED_CONTEXT((#35)) GLOBAL_UNIT_ASSIGNED_CONTEXT(
(#32,#33,#34)) REPRESENTATION_CONTEXT('Context #1',
  '3D Context with UNIT and UNCERTAINTY') );
#32 = ( LENGTH_UNIT() NAMED_UNIT(*) SI_UNIT(.MILLI.,.METRE.) );
#33 = ( NAMED_UNIT(*) PLANE_ANGLE_UNIT() SI_UNIT($,.RADIAN.) );
#34 = ( NAMED_UNIT(*) SI_UNIT($,.STERADIAN.) SOLID_ANGLE_UNIT() );
#35 = UNCERTAINTY_MEASURE_WITH_UNIT(LENGTH_MEASURE(1.E-07),#32,
  'distance_accuracy_value','confusion accuracy');
#36 = PRODUCT_RELATED_PRODUCT_CATEGORY('part',$,(#7));
#37 = SHAPE_DEFINITION_REPRESENTATION(#38,#44);
#38 = PRODUCT_DEFINITION_SHAPE('','',#39);
#39 = PRODUCT_DEFINITION('design','',#40,#43);
#40 = PRODUCT_DEFINITION_FORMATION('','',#41);
#41 = PRODUCT('Open CASCADE STEP translator 7.9 3.1',
  'Open CASCADE STEP translator 7.9 3.1','',(#42));
#42 = PRODUCT_CONTEXT('',#2,'mechanical');
#43 = PRODUCT_DEFINITION_CONTEXT('part definition',#2,'design');
#44 = ADVANCED_BREP_SHAPE_REPRESENTATION('',(#11,#45),#7551);
#45 = MANIFOLD_SOLID_BREP('',#46);
#46 = CLOSED_SHELL('',(#47,#135,#2923,#5291,#5318,#5345,#5372,#5399,
    #5426,#5453,#5480,#5507,#5534,#5561,#5588,#5615,#5642,#5669,#5696,
    #5723,#5770,#5797,#5824,#5831,#5858,#5885,#5912,#5939,#5966,#5993,
    #6020,#6047,#6074,#6101,#6148,#6175,#6202,#6209,#6236,#6263,#6290,
    #6317,#6344,#6371,#6398,#6425,#6452,#6479,#6506,#6553,#6580,#6607,
    #6614,#6641,#6668,#6695,#6722,#6749,#6776,#6803,#6830,#6857,#6884,
    #6927,#6952,#6977,#6984,#7031,#7058,#7085,#7092,#7119,#7146,#7173,
    #7200,#7227,#7254,#7281,#7308,#7335,#7362,#7389,#7416,#7443,#7470,
    #7497,#7524));
#47 = ADVANCED_FACE('',(#48),#62,.T.);
#48 = FACE_BOUND('',#49,.F.);
#49 = EDGE_LOOP('',(#50,#80,#107,#108));
#50 = ORIENTED_EDGE('',*,*,#51,.T.);
#51 = EDGE_CURVE('',#52,#54,#56,.T.);
#52 = VERTEX_POINT('',#53);
#53 = CARTESIAN_POINT('',(42.5,0.,0.));
#54 = VERTEX_POINT('',#55);
#55 = CARTESIAN_POINT('',(42.5,0.,2.15));
#56 = SEAM_CURVE('',#57,(#61,#73),.PCURVE_S1.);
#57 = LINE('',#58,#59);
#58 = CARTESIAN_POINT('',(42.5,0.,0.));
#59 = VECTOR('',#60,1.);
#60 = DIRECTION('',(0.,0.,1.));
#61 = PCURVE('',#62,#67);
#62 = CYLINDRICAL_SURFACE('',#63,42.5);
#63 = AXIS2_PLACEMENT_3D('',#64,#65,#66);
#64 = CARTESIAN_POINT('',(0.,0.,0.));
#65 = DIRECTION('',(-0.,-0.,-1.));
#66 = DIRECTION('',(1.,0.,0.));
#67 = DEFINITIONAL_REPRESENTATION('',(#68),#72);
#68 = LINE('',#69,#70);
#69 = CARTESIAN_POINT('',(-0.,0.));
#70 = VECTOR('',#71,1.);
#71 = DIRECTION('',(-0.,-1.));
#72 = ( GEOMETRIC_REPRESENTATION_CONTEXT(2)
PARAMETRIC_REPRESENTATION_CONTEXT() REPRESENTATION_CONTEXT('2D SPACE',''
  ) );
#73 = PCURVE('',#62,#74);
#74 = DEFINITIONAL_REPRESENTATION('',(#75),#79);
#75 = LINE('',#76,#77);
#76 = CARTESIAN_POINT('',(-6.28318530718,0.));
#77 = VECTOR('',#78,1.);
#78 = DIRECTION('',(-0.,-1.));
#79 = ( GEOMETRIC_REPRESENTATION_CONTEXT(2)
PARAMETRIC_REPRESENTATION_CONTEXT() REPRESENTATION_CONTEXT('2D SPACE',''
  ) );
#80 = ORIENTED_EDGE('',*,*,#81,.T.);
#81 = EDGE_CURVE('',#54,#54,#82,.T.);
#82 = SURFACE_CURVE('',#83,(#88,#95),.PCURVE_S1.);
#83 = CIRCLE('',#84,42.5);
#84 = AXIS2_PLACEMENT_3D('',#85,#86,#87);
#85 = CARTESIAN_POINT('',(0.,0.,2.15));
#86 = DIRECTION('',(0.,0.,1.));
#87 = DIRECTION('',(1.,0.,0.));
#88 = PCURVE('',#62,#89);
#89 = DEFINITIONAL_REPRESENTATION('',(#90),#94);
#90 = LINE('',#91,#92);
#91 = CARTESIAN_POINT('',(-0.,-2.15));
#92 = VECTOR('',#93,1.);
#93 = DIRECTION('',(-1.,0.));
#94 = ( GEOMETRIC_REPRESENTATION_CONTEXT(2)
PARAMETRIC_REPRESENTATION_CONTEXT() REPRESENTATION_CONTEXT('2D SPACE',''
  ) );
#95 = PCURVE('',#96,#101);
#96 = PLANE('',#97);
#97 = AXIS2_PLACEMENT_3D('',#98,#99,#100);
#98 = CARTESIAN_POINT('',(-4.118407928589E-15,3.242876655026E-16,2.15));
#99 = DIRECTION('',(0.,0.,1.));
#100 = DIRECTION('',(1.,0.,-0.));
#101 = DEFINITIONAL_REPRESENTATION('',(#102),#106);
#102 = CIRCLE('',#103,42.5);
#103 = AXIS2_PLACEMENT_2D('',#104,#105);
#104 = CARTESIAN_POINT('',(4.118407928589E-15,-3.242876655026E-16));
#105 = DIRECTION('',(1.,0.));
#106 = ( GEOMETRIC_REPRESENTATION_CONTEXT(2)
PARAMETRIC_REPRESENTATION_CONTEXT() REPRESENTATION_CONTEXT('2D SPACE',''
  ) );
#107 = ORIENTED_EDGE('',*,*,#51,.F.);
#108 = ORIENTED_EDGE('',*,*,#109,.F.);
#109 = EDGE_CURVE('',#52,#52,#110,.T.);
#110 = SURFACE_CURVE('',#111,(#116,#123),.PCURVE_S1.);
#111 = CIRCLE('',#112,42.5);
#112 = AXIS2_PLACEMENT_3D('',#113,#114,#115);
#113 = CARTESIAN_POINT('',(0.,0.,0.));
#114 = DIRECTION('',(0.,0.,1.));
#115 = DIRECTION('',(1.,0.,0.));
#116 = PCURVE('',#62,#117);
#117 = DEFINITIONAL_REPRESENTATION('',(#118),#122);
#118 = LINE('',#119,#120);
#119 = CARTESIAN_POINT('',(-0.,0.));
#120 = VECTOR('',#121,1.);
#121 = DIRECTION('',(-1.,0.));
#122 = ( GEOMETRIC_REPRESENTATION_CONTEXT(2)
PARAMETRIC_REPRESENTATION_CONTEXT() REPRESENTATION_CONTEXT('2D SPACE',''
  ) );
#123 = PCURVE('',#124,#129);
#124 = PLANE('',#125);
#125 = AXIS2_PLACEMENT_3D('',#126,#127,#128);
#126 = CARTESIAN_POINT('',(-4.118407928589E-15,3.242876655026E-16,0.));
#127 = DIRECTION('',(0.,0.,1.));
#128 = DIRECTION('',(1.,0.,-0.));
#129 = DEFINITIONAL_REPRESENTATION('',(#130),#134);
#130 = CIRCLE('',#131,42.5);
#131 = AXIS2_PLACEMENT_2D('',#132,#133);
#132 = CARTESIAN_POINT('',(4.118407928589E-15,-3.242876655026E-16));
#133 = DIRECTION('',(1.,0.));
#134 = ( GEOMETRIC_REPRESENTATION_CONTEXT(2)
PARAMETRIC_REPRESENTATION_CONTEXT() REPRESENTATION_CONTEXT('2D SPACE',''
  ) );
#135 = ADVANCED_FACE('',(#136,#139,#174,#209,#244,#279,#314,#349,#384,
    #419,#454,#489,#524,#559,#594,#629,#664,#699,#805,#840,#875,#910,
    #945,#980,#1015,#1050,#1085,#1120,#1155,#1261,#1296,#1331,#1366,
    #1401,#1436,#1471,#1506,#1541,#1576,#1611,#1646,#1752,#1787,#1822,
    #1857,#1892,#1927,#1962,#1997,#2032,#2067,#2102,#2222,#2328,#2363,
    #2398,#2433,#2468,#2503,#2538,#2573,#2608,#2643,#2678,#2713,#2748,
    #2783,#2818,#2853,#2888),#124,.F.);
#136 = FACE_BOUND('',#137,.F.);
#137 = EDGE_LOOP('',(#138));
#138 = ORIENTED_EDGE('',*,*,#109,.T.);
#139 = FACE_BOUND('',#140,.F.);
#140 = EDGE_LOOP('',(#141));
#141 = ORIENTED_EDGE('',*,*,#142,.T.);
#142 = EDGE_CURVE('',#143,#143,#145,.T.);
#143 = VERTEX_POINT('',#144);
#144 = CARTESIAN_POINT('',(-20.72280932078,-33.2587844921,0.));
#145 = SURFACE_CURVE('',#146,(#151,#162),.PCURVE_S1.);
#146 = CIRCLE('',#147,1.5);
#147 = AXIS2_PLACEMENT_3D('',#148,#149,#150);
#148 = CARTESIAN_POINT('',(-22.22280932078,-33.2587844921,0.));
#149 = DIRECTION('',(0.,0.,-1.));
#150 = DIRECTION('',(1.,0.,0.));
#151 = PCURVE('',#124,#152);
#152 = DEFINITIONAL_REPRESENTATION('',(#153),#161);
#153 = ( BOUNDED_CURVE() B_SPLINE_CURVE(2,(#154,#155,#156,#157,#158,#159
,#160),.UNSPECIFIED.,.T.,.F.) B_SPLINE_CURVE_WITH_KNOTS((1,2,2,2,2,1),(
    -2.094395102393,0.,2.094395102393,4.188790204786,6.28318530718,
8.377580409573),.UNSPECIFIED.) CURVE() GEOMETRIC_REPRESENTATION_ITEM()
RATIONAL_B_SPLINE_CURVE((1.,0.5,1.,0.5,1.,0.5,1.)) REPRESENTATION_ITEM(
  '') );
#154 = CARTESIAN_POINT('',(-20.72280932078,-33.2587844921));
#155 = CARTESIAN_POINT('',(-20.72280932078,-35.85686070345));
#156 = CARTESIAN_POINT('',(-22.97280932078,-34.55782259777));
#157 = CARTESIAN_POINT('',(-25.22280932078,-33.2587844921));
#158 = CARTESIAN_POINT('',(-22.97280932078,-31.95974638642));
#159 = CARTESIAN_POINT('',(-20.72280932078,-30.66070828074));
#160 = CARTESIAN_POINT('',(-20.72280932078,-33.2587844921));
#161 = ( GEOMETRIC_REPRESENTATION_CONTEXT(2)
PARAMETRIC_REPRESENTATION_CONTEXT() REPRESENTATION_CONTEXT('2D SPACE',''
  ) );
#162 = PCURVE('',#163,#168);
#163 = CYLINDRICAL_SURFACE('',#164,1.5);
#164 = AXIS2_PLACEMENT_3D('',#165,#166,#167);
#165 = CARTESIAN_POINT('',(-22.22280932078,-33.2587844921,-5.E-02));
#166 = DIRECTION('',(-0.,-0.,-1.));
#167 = DIRECTION('',(1.,0.,0.));
#168 = DEFINITIONAL_REPRESENTATION('',(#169),#173);
#169 = LINE('',#170,#171);
#170 = CARTESIAN_POINT('',(-6.28318530718,-5.E-02));
#171 = VECTOR('',#172,1.);
#172 = DIRECTION('',(1.,-0.));
#173 = ( GEOMETRIC_REPRESENTATION_CONTEXT(2)
PARAMETRIC_REPRESENTATION_CONTEXT() REPRESENTATION_CONTEXT('2D SPACE',''
  ) );
#174 = FACE_BOUND('',#175,.F.);
#175 = EDGE_LOOP('',(#176));
#176 = ORIENTED_EDGE('',*,*,#177,.T.);
#177 = EDGE_CURVE('',#178,#178,#180,.T.);
#178 = VERTEX_POINT('',#179);
#179 = CARTESIAN_POINT('',(-31.7587844921,-22.22280932078,0.));
#180 = SURFACE_CURVE('',#181,(#186,#197),.PCURVE_S1.);
#181 = CIRCLE('',#182,1.5);
#182 = AXIS2_PLACEMENT_3D('',#183,#184,#185);
#183 = CARTESIAN_POINT('',(-33.2587844921,-22.22280932078,0.));
#184 = DIRECTION('',(0.,0.,-1.));
#185 = DIRECTION('',(1.,0.,0.));
#186 = PCURVE('',#124,#187);
#187 = DEFINITIONAL_REPRESENTATION('',(#188),#196);
#188 = ( BOUNDED_CURVE() B_SPLINE_CURVE(2,(#189,#190,#191,#192,#193,#194
,#195),.UNSPECIFIED.,.T.,.F.) B_SPLINE_CURVE_WITH_KNOTS((1,2,2,2,2,1),(
    -2.094395102393,0.,2.094395102393,4.188790204786,6.28318530718,
8.377580409573),.UNSPECIFIED.) CURVE() GEOMETRIC_REPRESENTATION_ITEM()
RATIONAL_B_SPLINE_CURVE((1.,0.5,1.,0.5,1.,0.5,1.)) REPRESENTATION_ITEM(
  '') );
#189 = CARTESIAN_POINT('',(-31.7587844921,-22.22280932078));
#190 = CARTESIAN_POINT('',(-31.7587844921,-24.82088553213));
#191 = CARTESIAN_POINT('',(-34.0087844921,-23.52184742646));
#192 = CARTESIAN_POINT('',(-36.2587844921,-22.22280932078));
#193 = CARTESIAN_POINT('',(-34.0087844921,-20.9237712151));
#194 = CARTESIAN_POINT('',(-31.7587844921,-19.62473310943));
#195 = CARTESIAN_POINT('',(-31.7587844921,-22.22280932078));
#196 = ( GEOMETRIC_REPRESENTATION_CONTEXT(2)
PARAMETRIC_REPRESENTATION_CONTEXT() REPRESENTATION_CONTEXT('2D SPACE',''
  ) );
#197 = PCURVE('',#198,#203);
#198 = CYLINDRICAL_SURFACE('',#199,1.5);
#199 = AXIS2_PLACEMENT_3D('',#200,#201,#202);
#200 = CARTESIAN_POINT('',(-33.2587844921,-22.22280932078,-5.E-02));
#201 = DIRECTION('',(-0.,-0.,-1.));
#202 = DIRECTION('',(1.,0.,0.));
#203 = DEFINITIONAL_REPRESENTATION('',(#204),#208);
#204 = LINE('',#205,#206);
#205 = CARTESIAN_POINT('',(-6.28318530718,-5.E-02));
#206 = VECTOR('',#207,1.);
#207 = DIRECTION('',(1.,-0.));
#208 = ( GEOMETRIC_REPRESENTATION_CONTEXT(2)
PARAMETRIC_REPRESENTATION_CONTEXT() REPRESENTATION_CONTEXT('2D SPACE',''
  ) );
#209 = FACE_BOUND('',#210,.F.);
#210 = EDGE_LOOP('',(#211));
#211 = ORIENTED_EDGE('',*,*,#212,.T.);
#212 = EDGE_CURVE('',#213,#213,#215,.T.);
#213 = VERTEX_POINT('',#214);
#214 = CARTESIAN_POINT('',(-26.78427124746,-28.28427124746,0.));
#215 = SURFACE_CURVE('',#216,(#221,#232),.PCURVE_S1.);
#216 = CIRCLE('',#217,1.5);
#217 = AXIS2_PLACEMENT_3D('',#218,#219,#220);
#218 = CARTESIAN_POINT('',(-28.28427124746,-28.28427124746,0.));
#219 = DIRECTION('',(0.,0.,-1.));
#220 = DIRECTION('',(1.,0.,0.));
#221 = PCURVE('',#124,#222);
#222 = DEFINITIONAL_REPRESENTATION('',(#223),#231);
#223 = ( BOUNDED_CURVE() B_SPLINE_CURVE(2,(#224,#225,#226,#227,#228,#229
,#230),.UNSPECIFIED.,.T.,.F.) B_SPLINE_CURVE_WITH_KNOTS((1,2,2,2,2,1),(
    -2.094395102393,0.,2.094395102393,4.188790204786,6.28318530718,
8.377580409573),.UNSPECIFIED.) CURVE() GEOMETRIC_REPRESENTATION_ITEM()
RATIONAL_B_SPLINE_CURVE((1.,0.5,1.,0.5,1.,0.5,1.)) REPRESENTATION_ITEM(
  '') );
#224 = CARTESIAN_POINT('',(-26.78427124746,-28.28427124746));
#225 = CARTESIAN_POINT('',(-26.78427124746,-30.88234745881));
#226 = CARTESIAN_POINT('',(-29.03427124746,-29.58330935313));
#227 = CARTESIAN_POINT('',(-31.28427124746,-28.28427124746));
#228 = CARTESIAN_POINT('',(-29.03427124746,-26.98523314178));
#229 = CARTESIAN_POINT('',(-26.78427124746,-25.6861950361));
#230 = CARTESIAN_POINT('',(-26.78427124746,-28.28427124746));
#231 = ( GEOMETRIC_REPRESENTATION_CONTEXT(2)
PARAMETRIC_REPRESENTATION_CONTEXT() REPRESENTATION_CONTEXT('2D SPACE',''
  ) );
#232 = PCURVE('',#233,#238);
#233 = CYLINDRICAL_SURFACE('',#234,1.5);
#234 = AXIS2_PLACEMENT_3D('',#235,#236,#237);
#235 = CARTESIAN_POINT('',(-28.28427124746,-28.28427124746,-5.E-02));
#236 = DIRECTION('',(-0.,-0.,-1.));
#237 = DIRECTION('',(1.,0.,0.));
#238 = DEFINITIONAL_REPRESENTATION('',(#239),#243);
#239 = LINE('',#240,#241);
#240 = CARTESIAN_POINT('',(-6.28318530718,-5.E-02));
#241 = VECTOR('',#242,1.);
#242 = DIRECTION('',(1.,-0.));
#243 = ( GEOMETRIC_REPRESENTATION_CONTEXT(2)
PARAMETRIC_REPRESENTATION_CONTEXT() REPRESENTATION_CONTEXT('2D SPACE',''
  ) );
#244 = FACE_BOUND('',#245,.F.);
#245 = EDGE_LOOP('',(#246));
#246 = ORIENTED_EDGE('',*,*,#247,.T.);
#247 = EDGE_CURVE('',#248,#248,#250,.T.);
#248 = VERTEX_POINT('',#249);
#249 = CARTESIAN_POINT('',(-23.87573136654,-30.9204181345,0.));
#250 = SURFACE_CURVE('',#251,(#256,#267),.PCURVE_S1.);
#251 = CIRCLE('',#252,1.5);
#252 = AXIS2_PLACEMENT_3D('',#253,#254,#255);
#253 = CARTESIAN_POINT('',(-25.37573136654,-30.9204181345,0.));
#254 = DIRECTION('',(0.,0.,-1.));
#255 = DIRECTION('',(1.,0.,0.));
#256 = PCURVE('',#124,#257);
#257 = DEFINITIONAL_REPRESENTATION('',(#258),#266);
#258 = ( BOUNDED_CURVE() B_SPLINE_CURVE(2,(#259,#260,#261,#262,#263,#264
,#265),.UNSPECIFIED.,.T.,.F.) B_SPLINE_CURVE_WITH_KNOTS((1,2,2,2,2,1),(
    -2.094395102393,0.,2.094395102393,4.188790204786,6.28318530718,
8.377580409573),.UNSPECIFIED.) CURVE() GEOMETRIC_REPRESENTATION_ITEM()
RATIONAL_B_SPLINE_CURVE((1.,0.5,1.,0.5,1.,0.5,1.)) REPRESENTATION_ITEM(
  '') );
#259 = CARTESIAN_POINT('',(-23.87573136654,-30.9204181345));
#260 = CARTESIAN_POINT('',(-23.87573136654,-33.51849434586));
#261 = CARTESIAN_POINT('',(-26.12573136654,-32.21945624018));
#262 = CARTESIAN_POINT('',(-28.37573136654,-30.9204181345));
#263 = CARTESIAN_POINT('',(-26.12573136654,-29.62138002883));
#264 = CARTESIAN_POINT('',(-23.87573136654,-28.32234192315));
#265 = CARTESIAN_POINT('',(-23.87573136654,-30.9204181345));
#266 = ( GEOMETRIC_REPRESENTATION_CONTEXT(2)
PARAMETRIC_REPRESENTATION_CONTEXT() REPRESENTATION_CONTEXT('2D SPACE',''
  ) );
#267 = PCURVE('',#268,#273);
#268 = CYLINDRICAL_SURFACE('',#269,1.5);
#269 = AXIS2_PLACEMENT_3D('',#270,#271,#272);
#270 = CARTESIAN_POINT('',(-25.37573136654,-30.9204181345,-5.E-02));
#271 = DIRECTION('',(-0.,-0.,-1.));
#272 = DIRECTION('',(1.,0.,0.));
#273 = DEFINITIONAL_REPRESENTATION('',(#274),#278);
#274 = LINE('',#275,#276);
#275 = CARTESIAN_POINT('',(-6.28318530718,-5.E-02));
#276 = VECTOR('',#277,1.);
#277 = DIRECTION('',(1.,-0.));
#278 = ( GEOMETRIC_REPRESENTATION_CONTEXT(2)
PARAMETRIC_REPRESENTATION_CONTEXT() REPRESENTATION_CONTEXT('2D SPACE',''
  ) );
#279 = FACE_BOUND('',#280,.F.);
#280 = EDGE_LOOP('',(#281));
#281 = ORIENTED_EDGE('',*,*,#282,.T.);
#282 = EDGE_CURVE('',#283,#283,#285,.T.);
#283 = VERTEX_POINT('',#284);
#284 = CARTESIAN_POINT('',(-29.4204181345,-25.37573136654,0.));
#285 = SURFACE_CURVE('',#286,(#291,#302),.PCURVE_S1.);
#286 = CIRCLE('',#287,1.5);
#287 = AXIS2_PLACEMENT_3D('',#288,#289,#290);
#288 = CARTESIAN_POINT('',(-30.9204181345,-25.37573136654,0.));
#289 = DIRECTION('',(0.,0.,-1.));
#290 = DIRECTION('',(1.,0.,0.));
#291 = PCURVE('',#124,#292);
#292 = DEFINITIONAL_REPRESENTATION('',(#293),#301);
#293 = ( BOUNDED_CURVE() B_SPLINE_CURVE(2,(#294,#295,#296,#297,#298,#299
,#300),.UNSPECIFIED.,.T.,.F.) B_SPLINE_CURVE_WITH_KNOTS((1,2,2,2,2,1),(
    -2.094395102393,0.,2.094395102393,4.188790204786,6.28318530718,
8.377580409573),.UNSPECIFIED.) CURVE() GEOMETRIC_REPRESENTATION_ITEM()
RATIONAL_B_SPLINE_CURVE((1.,0.5,1.,0.5,1.,0.5,1.)) REPRESENTATION_ITEM(
  '') );
#294 = CARTESIAN_POINT('',(-29.4204181345,-25.37573136654));
#295 = CARTESIAN_POINT('',(-29.4204181345,-27.97380757789));
#296 = CARTESIAN_POINT('',(-31.6704181345,-26.67476947222));
#297 = CARTESIAN_POINT('',(-33.9204181345,-25.37573136654));
#298 = CARTESIAN_POINT('',(-31.6704181345,-24.07669326086));
#299 = CARTESIAN_POINT('',(-29.4204181345,-22.77765515519));
#300 = CARTESIAN_POINT('',(-29.4204181345,-25.37573136654));
#301 = ( GEOMETRIC_REPRESENTATION_CONTEXT(2)
PARAMETRIC_REPRESENTATION_CONTEXT() REPRESENTATION_CONTEXT('2D SPACE',''
  ) );
#302 = PCURVE('',#303,#308);
#303 = CYLINDRICAL_SURFACE('',#304,1.5);
#304 = AXIS2_PLACEMENT_3D('',#305,#306,#307);
#305 = CARTESIAN_POINT('',(-30.9204181345,-25.37573136654,-5.E-02));
#306 = DIRECTION('',(-0.,-0.,-1.));
#307 = DIRECTION('',(1.,0.,0.));
#308 = DEFINITIONAL_REPRESENTATION('',(#309),#313);
#309 = LINE('',#310,#311);
#310 = CARTESIAN_POINT('',(-6.28318530718,-5.E-02));
#311 = VECTOR('',#312,1.);
#312 = DIRECTION('',(1.,-0.));
#313 = ( GEOMETRIC_REPRESENTATION_CONTEXT(2)
PARAMETRIC_REPRESENTATION_CONTEXT() REPRESENTATION_CONTEXT('2D SPACE',''
  ) );
#314 = FACE_BOUND('',#315,.F.);
#315 = EDGE_LOOP('',(#316));
#316 = ORIENTED_EDGE('',*,*,#317,.T.);
#317 = EDGE_CURVE('',#318,#318,#320,.T.);
#318 = VERTEX_POINT('',#319);
#319 = CARTESIAN_POINT('',(-13.8073372946,-36.95518130045,0.));
#320 = SURFACE_CURVE('',#321,(#326,#337),.PCURVE_S1.);
#321 = CIRCLE('',#322,1.5);
#322 = AXIS2_PLACEMENT_3D('',#323,#324,#325);
#323 = CARTESIAN_POINT('',(-15.3073372946,-36.95518130045,0.));
#324 = DIRECTION('',(0.,0.,-1.));
#325 = DIRECTION('',(1.,0.,0.));
#326 = PCURVE('',#124,#327);
#327 = DEFINITIONAL_REPRESENTATION('',(#328),#336);
#328 = ( BOUNDED_CURVE() B_SPLINE_CURVE(2,(#329,#330,#331,#332,#333,#334
,#335),.UNSPECIFIED.,.T.,.F.) B_SPLINE_CURVE_WITH_KNOTS((1,2,2,2,2,1),(
    -2.094395102393,0.,2.094395102393,4.188790204786,6.28318530718,
8.377580409573),.UNSPECIFIED.) CURVE() GEOMETRIC_REPRESENTATION_ITEM()
RATIONAL_B_SPLINE_CURVE((1.,0.5,1.,0.5,1.,0.5,1.)) REPRESENTATION_ITEM(
  '') );
#329 = CARTESIAN_POINT('',(-13.8073372946,-36.95518130045));
#330 = CARTESIAN_POINT('',(-13.8073372946,-39.5532575118));
#331 = CARTESIAN_POINT('',(-16.0573372946,-38.25421940612));
#332 = CARTESIAN_POINT('',(-18.3073372946,-36.95518130045));
#333 = CARTESIAN_POINT('',(-16.0573372946,-35.65614319477));
#334 = CARTESIAN_POINT('',(-13.8073372946,-34.35710508909));
#335 = CARTESIAN_POINT('',(-13.8073372946,-36.95518130045));
#336 = ( GEOMETRIC_REPRESENTATION_CONTEXT(2)
PARAMETRIC_REPRESENTATION_CONTEXT() REPRESENTATION_CONTEXT('2D SPACE',''
  ) );
#337 = PCURVE('',#338,#343);
#338 = CYLINDRICAL_SURFACE('',#339,1.5);
#339 = AXIS2_PLACEMENT_3D('',#340,#341,#342);
#340 = CARTESIAN_POINT('',(-15.3073372946,-36.95518130045,-5.E-02));
#341 = DIRECTION('',(-0.,-0.,-1.));
#342 = DIRECTION('',(1.,0.,0.));
#343 = DEFINITIONAL_REPRESENTATION('',(#344),#348);
#344 = LINE('',#345,#346);
#345 = CARTESIAN_POINT('',(-6.28318530718,-5.E-02));
#346 = VECTOR('',#347,1.);
#347 = DIRECTION('',(1.,-0.));
#348 = ( GEOMETRIC_REPRESENTATION_CONTEXT(2)
PARAMETRIC_REPRESENTATION_CONTEXT() REPRESENTATION_CONTEXT('2D SPACE',''
  ) );
#349 = FACE_BOUND('',#350,.F.);
#350 = EDGE_LOOP('',(#351));
#351 = ORIENTED_EDGE('',*,*,#352,.T.);
#352 = EDGE_CURVE('',#353,#353,#355,.T.);
#353 = VERTEX_POINT('',#354);
#354 = CARTESIAN_POINT('',(-10.11138709017,-38.27761342928,0.));
#355 = SURFACE_CURVE('',#356,(#361,#372),.PCURVE_S1.);
#356 = CIRCLE('',#357,1.5);
#357 = AXIS2_PLACEMENT_3D('',#358,#359,#360);
#358 = CARTESIAN_POINT('',(-11.61138709017,-38.27761342928,0.));
#359 = DIRECTION('',(0.,0.,-1.));
#360 = DIRECTION('',(1.,0.,0.));
#361 = PCURVE('',#124,#362);
#362 = DEFINITIONAL_REPRESENTATION('',(#363),#371);
#363 = ( BOUNDED_CURVE() B_SPLINE_CURVE(2,(#364,#365,#366,#367,#368,#369
,#370),.UNSPECIFIED.,.T.,.F.) B_SPLINE_CURVE_WITH_KNOTS((1,2,2,2,2,1),(
    -2.094395102393,0.,2.094395102393,4.188790204786,6.28318530718,
8.377580409573),.UNSPECIFIED.) CURVE() GEOMETRIC_REPRESENTATION_ITEM()
RATIONAL_B_SPLINE_CURVE((1.,0.5,1.,0.5,1.,0.5,1.)) REPRESENTATION_ITEM(
  '') );
#364 = CARTESIAN_POINT('',(-10.11138709017,-38.27761342928));
#365 = CARTESIAN_POINT('',(-10.11138709017,-40.87568964064));
#366 = CARTESIAN_POINT('',(-12.36138709017,-39.57665153496));
#367 = CARTESIAN_POINT('',(-14.61138709017,-38.27761342928));
#368 = CARTESIAN_POINT('',(-12.36138709017,-36.97857532361));
#369 = CARTESIAN_POINT('',(-10.11138709017,-35.67953721793));
#370 = CARTESIAN_POINT('',(-10.11138709017,-38.27761342928));
#371 = ( GEOMETRIC_REPRESENTATION_CONTEXT(2)
PARAMETRIC_REPRESENTATION_CONTEXT() REPRESENTATION_CONTEXT('2D SPACE',''
  ) );
#372 = PCURVE('',#373,#378);
#373 = CYLINDRICAL_SURFACE('',#374,1.5);
#374 = AXIS2_PLACEMENT_3D('',#375,#376,#377);
#375 = CARTESIAN_POINT('',(-11.61138709017,-38.27761342928,-5.E-02));
#376 = DIRECTION('',(-0.,-0.,-1.));
#377 = DIRECTION('',(1.,0.,0.));
#378 = DEFINITIONAL_REPRESENTATION('',(#379),#383);
#379 = LINE('',#380,#381);
#380 = CARTESIAN_POINT('',(-6.28318530718,-5.E-02));
#381 = VECTOR('',#382,1.);
#382 = DIRECTION('',(1.,-0.));
#383 = ( GEOMETRIC_REPRESENTATION_CONTEXT(2)
PARAMETRIC_REPRESENTATION_CONTEXT() REPRESENTATION_CONTEXT('2D SPACE',''
  ) );
#384 = FACE_BOUND('',#385,.F.);
#385 = EDGE_LOOP('',(#386));
#386 = ORIENTED_EDGE('',*,*,#387,.T.);
#387 = EDGE_CURVE('',#388,#388,#390,.T.);
#388 = VERTEX_POINT('',#389);
#389 = CARTESIAN_POINT('',(-17.35586947304,-35.27685057393,0.));
#390 = SURFACE_CURVE('',#391,(#396,#407),.PCURVE_S1.);
#391 = CIRCLE('',#392,1.5);
#392 = AXIS2_PLACEMENT_3D('',#393,#394,#395);
#393 = CARTESIAN_POINT('',(-18.85586947304,-35.27685057393,0.));
#394 = DIRECTION('',(0.,0.,-1.));
#395 = DIRECTION('',(1.,0.,0.));
#396 = PCURVE('',#124,#397);
#397 = DEFINITIONAL_REPRESENTATION('',(#398),#406);
#398 = ( BOUNDED_CURVE() B_SPLINE_CURVE(2,(#399,#400,#401,#402,#403,#404
,#405),.UNSPECIFIED.,.T.,.F.) B_SPLINE_CURVE_WITH_KNOTS((1,2,2,2,2,1),(
    -2.094395102393,0.,2.094395102393,4.188790204786,6.28318530718,
8.377580409573),.UNSPECIFIED.) CURVE() GEOMETRIC_REPRESENTATION_ITEM()
RATIONAL_B_SPLINE_CURVE((1.,0.5,1.,0.5,1.,0.5,1.)) REPRESENTATION_ITEM(
  '') );
#399 = CARTESIAN_POINT('',(-17.35586947304,-35.27685057393));
#400 = CARTESIAN_POINT('',(-17.35586947304,-37.87492678528));
#401 = CARTESIAN_POINT('',(-19.60586947304,-36.57588867961));
#402 = CARTESIAN_POINT('',(-21.85586947304,-35.27685057393));
#403 = CARTESIAN_POINT('',(-19.60586947304,-33.97781246825));
#404 = CARTESIAN_POINT('',(-17.35586947304,-32.67877436258));
#405 = CARTESIAN_POINT('',(-17.35586947304,-35.27685057393));
#406 = ( GEOMETRIC_REPRESENTATION_CONTEXT(2)
PARAMETRIC_REPRESENTATION_CONTEXT() REPRESENTATION_CONTEXT('2D SPACE',''
  ) );
#407 = PCURVE('',#408,#413);
#408 = CYLINDRICAL_SURFACE('',#409,1.5);
#409 = AXIS2_PLACEMENT_3D('',#410,#411,#412);
#410 = CARTESIAN_POINT('',(-18.85586947304,-35.27685057393,-5.E-02));
#411 = DIRECTION('',(-0.,-0.,-1.));
#412 = DIRECTION('',(1.,0.,0.));
#413 = DEFINITIONAL_REPRESENTATION('',(#414),#418);
#414 = LINE('',#415,#416);
#415 = CARTESIAN_POINT('',(-6.28318530718,-5.E-02));
#416 = VECTOR('',#417,1.);
#417 = DIRECTION('',(1.,-0.));
#418 = ( GEOMETRIC_REPRESENTATION_CONTEXT(2)
PARAMETRIC_REPRESENTATION_CONTEXT() REPRESENTATION_CONTEXT('2D SPACE',''
  ) );
#419 = FACE_BOUND('',#420,.F.);
#420 = EDGE_LOOP('',(#421));
#421 = ORIENTED_EDGE('',*,*,#422,.T.);
#422 = EDGE_CURVE('',#423,#423,#425,.T.);
#423 = VERTEX_POINT('',#424);
#424 = CARTESIAN_POINT('',(-6.303612880645,-39.23141121612,0.));
#425 = SURFACE_CURVE('',#426,(#431,#442),.PCURVE_S1.);
#426 = CIRCLE('',#427,1.5);
#427 = AXIS2_PLACEMENT_3D('',#428,#429,#430);
#428 = CARTESIAN_POINT('',(-7.803612880645,-39.23141121612,0.));
#429 = DIRECTION('',(0.,0.,-1.));
#430 = DIRECTION('',(1.,0.,0.));
#431 = PCURVE('',#124,#432);
#432 = DEFINITIONAL_REPRESENTATION('',(#433),#441);
#433 = ( BOUNDED_CURVE() B_SPLINE_CURVE(2,(#434,#435,#436,#437,#438,#439
,#440),.UNSPECIFIED.,.T.,.F.) B_SPLINE_CURVE_WITH_KNOTS((1,2,2,2,2,1),(
    -2.094395102393,0.,2.094395102393,4.188790204786,6.28318530718,
8.377580409573),.UNSPECIFIED.) CURVE() GEOMETRIC_REPRESENTATION_ITEM()
RATIONAL_B_SPLINE_CURVE((1.,0.5,1.,0.5,1.,0.5,1.)) REPRESENTATION_ITEM(
  '') );
#434 = CARTESIAN_POINT('',(-6.303612880645,-39.23141121612));
#435 = CARTESIAN_POINT('',(-6.303612880645,-41.82948742748));
#436 = CARTESIAN_POINT('',(-8.553612880645,-40.5304493218));
#437 = CARTESIAN_POINT('',(-10.80361288064,-39.23141121612));
#438 = CARTESIAN_POINT('',(-8.553612880645,-37.93237311045));
#439 = CARTESIAN_POINT('',(-6.303612880645,-36.63333500477));
#440 = CARTESIAN_POINT('',(-6.303612880645,-39.23141121612));
#441 = ( GEOMETRIC_REPRESENTATION_CONTEXT(2)
PARAMETRIC_REPRESENTATION_CONTEXT() REPRESENTATION_CONTEXT('2D SPACE',''
  ) );
#442 = PCURVE('',#443,#448);
#443 = CYLINDRICAL_SURFACE('',#444,1.5);
#444 = AXIS2_PLACEMENT_3D('',#445,#446,#447);
#445 = CARTESIAN_POINT('',(-7.803612880645,-39.23141121612,-5.E-02));
#446 = DIRECTION('',(-0.,-0.,-1.));
#447 = DIRECTION('',(1.,0.,0.));
#448 = DEFINITIONAL_REPRESENTATION('',(#449),#453);
#449 = LINE('',#450,#451);
#450 = CARTESIAN_POINT('',(-6.28318530718,-5.E-02));
#451 = VECTOR('',#452,1.);
#452 = DIRECTION('',(1.,-0.));
#453 = ( GEOMETRIC_REPRESENTATION_CONTEXT(2)
PARAMETRIC_REPRESENTATION_CONTEXT() REPRESENTATION_CONTEXT('2D SPACE',''
  ) );
#454 = FACE_BOUND('',#455,.F.);
#455 = EDGE_LOOP('',(#456));
#456 = ORIENTED_EDGE('',*,*,#457,.T.);
#457 = EDGE_CURVE('',#458,#458,#460,.T.);
#458 = VERTEX_POINT('',#459);
#459 = CARTESIAN_POINT('',(-2.420685613182,-39.80738906688,0.));
#460 = SURFACE_CURVE('',#461,(#466,#477),.PCURVE_S1.);
#461 = CIRCLE('',#462,1.5);
#462 = AXIS2_PLACEMENT_3D('',#463,#464,#465);
#463 = CARTESIAN_POINT('',(-3.920685613182,-39.80738906688,0.));
#464 = DIRECTION('',(0.,0.,-1.));
#465 = DIRECTION('',(1.,0.,0.));
#466 = PCURVE('',#124,#467);
#467 = DEFINITIONAL_REPRESENTATION('',(#468),#476);
#468 = ( BOUNDED_CURVE() B_SPLINE_CURVE(2,(#469,#470,#471,#472,#473,#474
,#475),.UNSPECIFIED.,.T.,.F.) B_SPLINE_CURVE_WITH_KNOTS((1,2,2,2,2,1),(
    -2.094395102393,0.,2.094395102393,4.188790204786,6.28318530718,
8.377580409573),.UNSPECIFIED.) CURVE() GEOMETRIC_REPRESENTATION_ITEM()
RATIONAL_B_SPLINE_CURVE((1.,0.5,1.,0.5,1.,0.5,1.)) REPRESENTATION_ITEM(
  '') );
#469 = CARTESIAN_POINT('',(-2.420685613182,-39.80738906688));
#470 = CARTESIAN_POINT('',(-2.420685613182,-42.40546527824));
#471 = CARTESIAN_POINT('',(-4.670685613182,-41.10642717256));
#472 = CARTESIAN_POINT('',(-6.920685613182,-39.80738906688));
#473 = CARTESIAN_POINT('',(-4.670685613182,-38.50835096121));
#474 = CARTESIAN_POINT('',(-2.420685613182,-37.20931285553));
#475 = CARTESIAN_POINT('',(-2.420685613182,-39.80738906688));
#476 = ( GEOMETRIC_REPRESENTATION_CONTEXT(2)
PARAMETRIC_REPRESENTATION_CONTEXT() REPRESENTATION_CONTEXT('2D SPACE',''
  ) );
#477 = PCURVE('',#478,#483);
#478 = CYLINDRICAL_SURFACE('',#479,1.5);
#479 = AXIS2_PLACEMENT_3D('',#480,#481,#482);
#480 = CARTESIAN_POINT('',(-3.920685613182,-39.80738906688,-5.E-02));
#481 = DIRECTION('',(-0.,-0.,-1.));
#482 = DIRECTION('',(1.,0.,0.));
#483 = DEFINITIONAL_REPRESENTATION('',(#484),#488);
#484 = LINE('',#485,#486);
#485 = CARTESIAN_POINT('',(-6.28318530718,-5.E-02));
#486 = VECTOR('',#487,1.);
#487 = DIRECTION('',(1.,-0.));
#488 = ( GEOMETRIC_REPRESENTATION_CONTEXT(2)
PARAMETRIC_REPRESENTATION_CONTEXT() REPRESENTATION_CONTEXT('2D SPACE',''
  ) );
#489 = FACE_BOUND('',#490,.F.);
#490 = EDGE_LOOP('',(#491));
#491 = ORIENTED_EDGE('',*,*,#492,.T.);
#492 = EDGE_CURVE('',#493,#493,#495,.T.);
#493 = VERTEX_POINT('',#494);
#494 = CARTESIAN_POINT('',(1.5,-40.,0.));
#495 = SURFACE_CURVE('',#496,(#501,#512),.PCURVE_S1.);
#496 = CIRCLE('',#497,1.5);
#497 = AXIS2_PLACEMENT_3D('',#498,#499,#500);
#498 = CARTESIAN_POINT('',(-7.347880794884E-15,-40.,0.));
#499 = DIRECTION('',(0.,0.,-1.));
#500 = DIRECTION('',(1.,0.,0.));
#501 = PCURVE('',#124,#502);
#502 = DEFINITIONAL_REPRESENTATION('',(#503),#511);
#503 = ( BOUNDED_CURVE() B_SPLINE_CURVE(2,(#504,#505,#506,#507,#508,#509
,#510),.UNSPECIFIED.,.T.,.F.) B_SPLINE_CURVE_WITH_KNOTS((1,2,2,2,2,1),(
    -2.094395102393,0.,2.094395102393,4.188790204786,6.28318530718,
8.377580409573),.UNSPECIFIED.) CURVE() GEOMETRIC_REPRESENTATION_ITEM()
RATIONAL_B_SPLINE_CURVE((1.,0.5,1.,0.5,1.,0.5,1.)) REPRESENTATION_ITEM(
  '') );
#504 = CARTESIAN_POINT('',(1.5,-40.));
#505 = CARTESIAN_POINT('',(1.5,-42.59807621135));
#506 = CARTESIAN_POINT('',(-0.75,-41.29903810567));
#507 = CARTESIAN_POINT('',(-3.,-40.));
#508 = CARTESIAN_POINT('',(-0.75,-38.70096189432));
#509 = CARTESIAN_POINT('',(1.5,-37.40192378864));
#510 = CARTESIAN_POINT('',(1.5,-40.));
#511 = ( GEOMETRIC_REPRESENTATION_CONTEXT(2)
PARAMETRIC_REPRESENTATION_CONTEXT() REPRESENTATION_CONTEXT('2D SPACE',''
  ) );
#512 = PCURVE('',#513,#518);
#513 = CYLINDRICAL_SURFACE('',#514,1.5);
#514 = AXIS2_PLACEMENT_3D('',#515,#516,#517);
#515 = CARTESIAN_POINT('',(-7.347880794884E-15,-40.,-5.E-02));
#516 = DIRECTION('',(-0.,-0.,-1.));
#517 = DIRECTION('',(1.,0.,0.));
#518 = DEFINITIONAL_REPRESENTATION('',(#519),#523);
#519 = LINE('',#520,#521);
#520 = CARTESIAN_POINT('',(-6.28318530718,-5.E-02));
#521 = VECTOR('',#522,1.);
#522 = DIRECTION('',(1.,-0.));
#523 = ( GEOMETRIC_REPRESENTATION_CONTEXT(2)
PARAMETRIC_REPRESENTATION_CONTEXT() REPRESENTATION_CONTEXT('2D SPACE',''
  ) );
#524 = FACE_BOUND('',#525,.F.);
#525 = EDGE_LOOP('',(#526));
#526 = ORIENTED_EDGE('',*,*,#527,.T.);
#527 = EDGE_CURVE('',#528,#528,#530,.T.);
#528 = VERTEX_POINT('',#529);
#529 = CARTESIAN_POINT('',(-33.77685057393,-18.85586947304,0.));
#530 = SURFACE_CURVE('',#531,(#536,#547),.PCURVE_S1.);
#531 = CIRCLE('',#532,1.5);
#532 = AXIS2_PLACEMENT_3D('',#533,#534,#535);
#533 = CARTESIAN_POINT('',(-35.27685057393,-18.85586947304,0.));
#534 = DIRECTION('',(0.,0.,-1.));
#535 = DIRECTION('',(1.,0.,0.));
#536 = PCURVE('',#124,#537);
#537 = DEFINITIONAL_REPRESENTATION('',(#538),#546);
#538 = ( BOUNDED_CURVE() B_SPLINE_CURVE(2,(#539,#540,#541,#542,#543,#544
,#545),.UNSPECIFIED.,.T.,.F.) B_SPLINE_CURVE_WITH_KNOTS((1,2,2,2,2,1),(
    -2.094395102393,0.,2.094395102393,4.188790204786,6.28318530718,
8.377580409573),.UNSPECIFIED.) CURVE() GEOMETRIC_REPRESENTATION_ITEM()
RATIONAL_B_SPLINE_CURVE((1.,0.5,1.,0.5,1.,0.5,1.)) REPRESENTATION_ITEM(
  '') );
#539 = CARTESIAN_POINT('',(-33.77685057393,-18.85586947304));
#540 = CARTESIAN_POINT('',(-33.77685057393,-21.45394568439));
#541 = CARTESIAN_POINT('',(-36.02685057393,-20.15490757871));
#542 = CARTESIAN_POINT('',(-38.27685057393,-18.85586947304));
#543 = CARTESIAN_POINT('',(-36.02685057393,-17.55683136736));
#544 = CARTESIAN_POINT('',(-33.77685057393,-16.25779326168));
#545 = CARTESIAN_POINT('',(-33.77685057393,-18.85586947304));
#546 = ( GEOMETRIC_REPRESENTATION_CONTEXT(2)
PARAMETRIC_REPRESENTATION_CONTEXT() REPRESENTATION_CONTEXT('2D SPACE',''
  ) );
#547 = PCURVE('',#548,#553);
#548 = CYLINDRICAL_SURFACE('',#549,1.5);
#549 = AXIS2_PLACEMENT_3D('',#550,#551,#552);
#550 = CARTESIAN_POINT('',(-35.27685057393,-18.85586947304,-5.E-02));
#551 = DIRECTION('',(-0.,-0.,-1.));
#552 = DIRECTION('',(1.,0.,0.));
#553 = DEFINITIONAL_REPRESENTATION('',(#554),#558);
#554 = LINE('',#555,#556);
#555 = CARTESIAN_POINT('',(-6.28318530718,-5.E-02));
#556 = VECTOR('',#557,1.);
#557 = DIRECTION('',(1.,-0.));
#558 = ( GEOMETRIC_REPRESENTATION_CONTEXT(2)
PARAMETRIC_REPRESENTATION_CONTEXT() REPRESENTATION_CONTEXT('2D SPACE',''
  ) );
#559 = FACE_BOUND('',#560,.F.);
#560 = EDGE_LOOP('',(#561));
#561 = ORIENTED_EDGE('',*,*,#562,.T.);
#562 = EDGE_CURVE('',#563,#563,#565,.T.);
#563 = VERTEX_POINT('',#564);
#564 = CARTESIAN_POINT('',(-35.45518130045,-15.3073372946,0.));
#565 = SURFACE_CURVE('',#566,(#571,#582),.PCURVE_S1.);
#566 = CIRCLE('',#567,1.5);
#567 = AXIS2_PLACEMENT_3D('',#568,#569,#570);
#568 = CARTESIAN_POINT('',(-36.95518130045,-15.3073372946,0.));
#569 = DIRECTION('',(0.,0.,-1.));
#570 = DIRECTION('',(1.,0.,0.));
#571 = PCURVE('',#124,#572);
#572 = DEFINITIONAL_REPRESENTATION('',(#573),#581);
#573 = ( BOUNDED_CURVE() B_SPLINE_CURVE(2,(#574,#575,#576,#577,#578,#579
,#580),.UNSPECIFIED.,.T.,.F.) B_SPLINE_CURVE_WITH_KNOTS((1,2,2,2,2,1),(
    -2.094395102393,0.,2.094395102393,4.188790204786,6.28318530718,
8.377580409573),.UNSPECIFIED.) CURVE() GEOMETRIC_REPRESENTATION_ITEM()
RATIONAL_B_SPLINE_CURVE((1.,0.5,1.,0.5,1.,0.5,1.)) REPRESENTATION_ITEM(
  '') );
#574 = CARTESIAN_POINT('',(-35.45518130045,-15.3073372946));
#575 = CARTESIAN_POINT('',(-35.45518130045,-17.90541350595));
#576 = CARTESIAN_POINT('',(-37.70518130045,-16.60637540028));
#577 = CARTESIAN_POINT('',(-39.95518130045,-15.3073372946));
#578 = CARTESIAN_POINT('',(-37.70518130045,-14.00829918892));
#579 = CARTESIAN_POINT('',(-35.45518130045,-12.70926108325));
#580 = CARTESIAN_POINT('',(-35.45518130045,-15.3073372946));
#581 = ( GEOMETRIC_REPRESENTATION_CONTEXT(2)
PARAMETRIC_REPRESENTATION_CONTEXT() REPRESENTATION_CONTEXT('2D SPACE',''
  ) );
#582 = PCURVE('',#583,#588);
#583 = CYLINDRICAL_SURFACE('',#584,1.5);
#584 = AXIS2_PLACEMENT_3D('',#585,#586,#587);
#585 = CARTESIAN_POINT('',(-36.95518130045,-15.3073372946,-5.E-02));
#586 = DIRECTION('',(-0.,-0.,-1.));
#587 = DIRECTION('',(1.,0.,0.));
#588 = DEFINITIONAL_REPRESENTATION('',(#589),#593);
#589 = LINE('',#590,#591);
#590 = CARTESIAN_POINT('',(-6.28318530718,-5.E-02));
#591 = VECTOR('',#592,1.);
#592 = DIRECTION('',(1.,-0.));
#593 = ( GEOMETRIC_REPRESENTATION_CONTEXT(2)
PARAMETRIC_REPRESENTATION_CONTEXT() REPRESENTATION_CONTEXT('2D SPACE',''
  ) );
#594 = FACE_BOUND('',#595,.F.);
#595 = EDGE_LOOP('',(#596));
#596 = ORIENTED_EDGE('',*,*,#597,.T.);
#597 = EDGE_CURVE('',#598,#598,#600,.T.);
#598 = VERTEX_POINT('',#599);
#599 = CARTESIAN_POINT('',(-36.77761342928,-11.61138709017,0.));
#600 = SURFACE_CURVE('',#601,(#606,#617),.PCURVE_S1.);
#601 = CIRCLE('',#602,1.5);
#602 = AXIS2_PLACEMENT_3D('',#603,#604,#605);
#603 = CARTESIAN_POINT('',(-38.27761342928,-11.61138709017,0.));
#604 = DIRECTION('',(0.,0.,-1.));
#605 = DIRECTION('',(1.,0.,0.));
#606 = PCURVE('',#124,#607);
#607 = DEFINITIONAL_REPRESENTATION('',(#608),#616);
#608 = ( BOUNDED_CURVE() B_SPLINE_CURVE(2,(#609,#610,#611,#612,#613,#614
,#615),.UNSPECIFIED.,.T.,.F.) B_SPLINE_CURVE_WITH_KNOTS((1,2,2,2,2,1),(
    -2.094395102393,0.,2.094395102393,4.188790204786,6.28318530718,
8.377580409573),.UNSPECIFIED.) CURVE() GEOMETRIC_REPRESENTATION_ITEM()
RATIONAL_B_SPLINE_CURVE((1.,0.5,1.,0.5,1.,0.5,1.)) REPRESENTATION_ITEM(
  '') );
#609 = CARTESIAN_POINT('',(-36.77761342928,-11.61138709017));
#610 = CARTESIAN_POINT('',(-36.77761342928,-14.20946330153));
#611 = CARTESIAN_POINT('',(-39.02761342928,-12.91042519585));
#612 = CARTESIAN_POINT('',(-41.27761342928,-11.61138709017));
#613 = CARTESIAN_POINT('',(-39.02761342928,-10.3123489845));
#614 = CARTESIAN_POINT('',(-36.77761342928,-9.013310878825));
#615 = CARTESIAN_POINT('',(-36.77761342928,-11.61138709017));
#616 = ( GEOMETRIC_REPRESENTATION_CONTEXT(2)
PARAMETRIC_REPRESENTATION_CONTEXT() REPRESENTATION_CONTEXT('2D SPACE',''
  ) );
#617 = PCURVE('',#618,#623);
#618 = CYLINDRICAL_SURFACE('',#619,1.5);
#619 = AXIS2_PLACEMENT_3D('',#620,#621,#622);
#620 = CARTESIAN_POINT('',(-38.27761342928,-11.61138709017,-5.E-02));
#621 = DIRECTION('',(-0.,-0.,-1.));
#622 = DIRECTION('',(1.,0.,0.));
#623 = DEFINITIONAL_REPRESENTATION('',(#624),#628);
#624 = LINE('',#625,#626);
#625 = CARTESIAN_POINT('',(-6.28318530718,-5.E-02));
#626 = VECTOR('',#627,1.);
#627 = DIRECTION('',(1.,-0.));
#628 = ( GEOMETRIC_REPRESENTATION_CONTEXT(2)
PARAMETRIC_REPRESENTATION_CONTEXT() REPRESENTATION_CONTEXT('2D SPACE',''
  ) );
#629 = FACE_BOUND('',#630,.F.);
#630 = EDGE_LOOP('',(#631));
#631 = ORIENTED_EDGE('',*,*,#632,.T.);
#632 = EDGE_CURVE('',#633,#633,#635,.T.);
#633 = VERTEX_POINT('',#634);
#634 = CARTESIAN_POINT('',(-37.73141121612,-7.803612880645,0.));
#635 = SURFACE_CURVE('',#636,(#641,#652),.PCURVE_S1.);
#636 = CIRCLE('',#637,1.5);
#637 = AXIS2_PLACEMENT_3D('',#638,#639,#640);
#638 = CARTESIAN_POINT('',(-39.23141121612,-7.803612880645,0.));
#639 = DIRECTION('',(0.,0.,-1.));
#640 = DIRECTION('',(1.,0.,0.));
#641 = PCURVE('',#124,#642);
#642 = DEFINITIONAL_REPRESENTATION('',(#643),#651);
#643 = ( BOUNDED_CURVE() B_SPLINE_CURVE(2,(#644,#645,#646,#647,#648,#649
,#650),.UNSPECIFIED.,.T.,.F.) B_SPLINE_CURVE_WITH_KNOTS((1,2,2,2,2,1),(
    -2.094395102393,0.,2.094395102393,4.188790204786,6.28318530718,
8.377580409573),.UNSPECIFIED.) CURVE() GEOMETRIC_REPRESENTATION_ITEM()
RATIONAL_B_SPLINE_CURVE((1.,0.5,1.,0.5,1.,0.5,1.)) REPRESENTATION_ITEM(
  '') );
#644 = CARTESIAN_POINT('',(-37.73141121612,-7.803612880645));
#645 = CARTESIAN_POINT('',(-37.73141121612,-10.40168909199));
#646 = CARTESIAN_POINT('',(-39.98141121612,-9.102650986322));
#647 = CARTESIAN_POINT('',(-42.23141121612,-7.803612880645));
#648 = CARTESIAN_POINT('',(-39.98141121612,-6.504574774968));
#649 = CARTESIAN_POINT('',(-37.73141121612,-5.205536669292));
#650 = CARTESIAN_POINT('',(-37.73141121612,-7.803612880645));
#651 = ( GEOMETRIC_REPRESENTATION_CONTEXT(2)
PARAMETRIC_REPRESENTATION_CONTEXT() REPRESENTATION_CONTEXT('2D SPACE',''
  ) );
#652 = PCURVE('',#653,#658);
#653 = CYLINDRICAL_SURFACE('',#654,1.5);
#654 = AXIS2_PLACEMENT_3D('',#655,#656,#657);
#655 = CARTESIAN_POINT('',(-39.23141121612,-7.803612880645,-5.E-02));
#656 = DIRECTION('',(-0.,-0.,-1.));
#657 = DIRECTION('',(1.,0.,0.));
#658 = DEFINITIONAL_REPRESENTATION('',(#659),#663);
#659 = LINE('',#660,#661);
#660 = CARTESIAN_POINT('',(-6.28318530718,-5.E-02));
#661 = VECTOR('',#662,1.);
#662 = DIRECTION('',(1.,-0.));
#663 = ( GEOMETRIC_REPRESENTATION_CONTEXT(2)
PARAMETRIC_REPRESENTATION_CONTEXT() REPRESENTATION_CONTEXT('2D SPACE',''
  ) );
#664 = FACE_BOUND('',#665,.F.);
#665 = EDGE_LOOP('',(#666));
#666 = ORIENTED_EDGE('',*,*,#667,.T.);
#667 = EDGE_CURVE('',#668,#668,#670,.T.);
#668 = VERTEX_POINT('',#669);
#669 = CARTESIAN_POINT('',(-38.30738906688,-3.920685613182,0.));
#670 = SURFACE_CURVE('',#671,(#676,#687),.PCURVE_S1.);
#671 = CIRCLE('',#672,1.5);
#672 = AXIS2_PLACEMENT_3D('',#673,#674,#675);
#673 = CARTESIAN_POINT('',(-39.80738906688,-3.920685613182,0.));
#674 = DIRECTION('',(0.,0.,-1.));
#675 = DIRECTION('',(1.,0.,0.));
#676 = PCURVE('',#124,#677);
#677 = DEFINITIONAL_REPRESENTATION('',(#678),#686);
#678 = ( BOUNDED_CURVE() B_SPLINE_CURVE(2,(#679,#680,#681,#682,#683,#684
,#685),.UNSPECIFIED.,.T.,.F.) B_SPLINE_CURVE_WITH_KNOTS((1,2,2,2,2,1),(
    -2.094395102393,0.,2.094395102393,4.188790204786,6.28318530718,
8.377580409573),.UNSPECIFIED.) CURVE() GEOMETRIC_REPRESENTATION_ITEM()
RATIONAL_B_SPLINE_CURVE((1.,0.5,1.,0.5,1.,0.5,1.)) REPRESENTATION_ITEM(
  '') );
#679 = CARTESIAN_POINT('',(-38.30738906688,-3.920685613182));
#680 = CARTESIAN_POINT('',(-38.30738906688,-6.518761824536));
#681 = CARTESIAN_POINT('',(-40.55738906688,-5.219723718859));
#682 = CARTESIAN_POINT('',(-42.80738906688,-3.920685613182));
#683 = CARTESIAN_POINT('',(-40.55738906688,-2.621647507506));
#684 = CARTESIAN_POINT('',(-38.30738906688,-1.322609401829));
#685 = CARTESIAN_POINT('',(-38.30738906688,-3.920685613182));
#686 = ( GEOMETRIC_REPRESENTATION_CONTEXT(2)
PARAMETRIC_REPRESENTATION_CONTEXT() REPRESENTATION_CONTEXT('2D SPACE',''
  ) );
#687 = PCURVE('',#688,#693);
#688 = CYLINDRICAL_SURFACE('',#689,1.5);
#689 = AXIS2_PLACEMENT_3D('',#690,#691,#692);
#690 = CARTESIAN_POINT('',(-39.80738906688,-3.920685613182,-5.E-02));
#691 = DIRECTION('',(-0.,-0.,-1.));
#692 = DIRECTION('',(1.,0.,0.));
#693 = DEFINITIONAL_REPRESENTATION('',(#694),#698);
#694 = LINE('',#695,#696);
#695 = CARTESIAN_POINT('',(-6.28318530718,-5.E-02));
#696 = VECTOR('',#697,1.);
#697 = DIRECTION('',(1.,-0.));
#698 = ( GEOMETRIC_REPRESENTATION_CONTEXT(2)
PARAMETRIC_REPRESENTATION_CONTEXT() REPRESENTATION_CONTEXT('2D SPACE',''
  ) );
#699 = FACE_BOUND('',#700,.F.);
#700 = EDGE_LOOP('',(#701,#729,#755,#781));
#701 = ORIENTED_EDGE('',*,*,#702,.T.);
#702 = EDGE_CURVE('',#703,#705,#707,.T.);
#703 = VERTEX_POINT('',#704);
#704 = CARTESIAN_POINT('',(-11.6,-20.975,0.));
#705 = VERTEX_POINT('',#706);
#706 = CARTESIAN_POINT('',(-17.4,-20.975,0.));
#707 = SURFACE_CURVE('',#708,(#712,#718),.PCURVE_S1.);
#708 = LINE('',#709,#710);
#709 = CARTESIAN_POINT('',(-8.7,-20.975,0.));
#710 = VECTOR('',#711,1.);
#711 = DIRECTION('',(-1.,0.,0.));
#712 = PCURVE('',#124,#713);
#713 = DEFINITIONAL_REPRESENTATION('',(#714),#717);
#714 = B_SPLINE_CURVE_WITH_KNOTS('',1,(#715,#716),.UNSPECIFIED.,.F.,.F.,
  (2,2),(2.9,8.7),.PIECEWISE_BEZIER_KNOTS.);
#715 = CARTESIAN_POINT('',(-11.6,-20.975));
#716 = CARTESIAN_POINT('',(-17.4,-20.975));
#717 = ( GEOMETRIC_REPRESENTATION_CONTEXT(2)
PARAMETRIC_REPRESENTATION_CONTEXT() REPRESENTATION_CONTEXT('2D SPACE',''
  ) );
#718 = PCURVE('',#719,#724);
#719 = PLANE('',#720);
#720 = AXIS2_PLACEMENT_3D('',#721,#722,#723);
#721 = CARTESIAN_POINT('',(-17.4,-20.975,-5.E-02));
#722 = DIRECTION('',(0.,1.,0.));
#723 = DIRECTION('',(0.,0.,1.));
#724 = DEFINITIONAL_REPRESENTATION('',(#725),#728);
#725 = B_SPLINE_CURVE_WITH_KNOTS('',1,(#726,#727),.UNSPECIFIED.,.F.,.F.,
  (2,2),(2.9,8.7),.PIECEWISE_BEZIER_KNOTS.);
#726 = CARTESIAN_POINT('',(5.E-02,5.8));
#727 = CARTESIAN_POINT('',(5.E-02,0.));
#728 = ( GEOMETRIC_REPRESENTATION_CONTEXT(2)
PARAMETRIC_REPRESENTATION_CONTEXT() REPRESENTATION_CONTEXT('2D SPACE',''
  ) );
#729 = ORIENTED_EDGE('',*,*,#730,.T.);
#730 = EDGE_CURVE('',#705,#731,#733,.T.);
#731 = VERTEX_POINT('',#732);
#732 = CARTESIAN_POINT('',(-17.4,-19.025,0.));
#733 = SURFACE_CURVE('',#734,(#738,#744),.PCURVE_S1.);
#734 = LINE('',#735,#736);
#735 = CARTESIAN_POINT('',(-17.4,-10.4875,0.));
#736 = VECTOR('',#737,1.);
#737 = DIRECTION('',(0.,1.,0.));
#738 = PCURVE('',#124,#739);
#739 = DEFINITIONAL_REPRESENTATION('',(#740),#743);
#740 = B_SPLINE_CURVE_WITH_KNOTS('',1,(#741,#742),.UNSPECIFIED.,.F.,.F.,
  (2,2),(-10.4875,-8.5375),.PIECEWISE_BEZIER_KNOTS.);
#741 = CARTESIAN_POINT('',(-17.4,-20.975));
#742 = CARTESIAN_POINT('',(-17.4,-19.025));
#743 = ( GEOMETRIC_REPRESENTATION_CONTEXT(2)
PARAMETRIC_REPRESENTATION_CONTEXT() REPRESENTATION_CONTEXT('2D SPACE',''
  ) );
#744 = PCURVE('',#745,#750);
#745 = PLANE('',#746);
#746 = AXIS2_PLACEMENT_3D('',#747,#748,#749);
#747 = CARTESIAN_POINT('',(-17.4,-20.975,-5.E-02));
#748 = DIRECTION('',(1.,0.,0.));
#749 = DIRECTION('',(0.,0.,1.));
#750 = DEFINITIONAL_REPRESENTATION('',(#751),#754);
#751 = B_SPLINE_CURVE_WITH_KNOTS('',1,(#752,#753),.UNSPECIFIED.,.F.,.F.,
  (2,2),(-10.4875,-8.5375),.PIECEWISE_BEZIER_KNOTS.);
#752 = CARTESIAN_POINT('',(5.E-02,0.));
#753 = CARTESIAN_POINT('',(5.E-02,-1.95));
#754 = ( GEOMETRIC_REPRESENTATION_CONTEXT(2)
PARAMETRIC_REPRESENTATION_CONTEXT() REPRESENTATION_CONTEXT('2D SPACE',''
  ) );
#755 = ORIENTED_EDGE('',*,*,#756,.F.);
#756 = EDGE_CURVE('',#757,#731,#759,.T.);
#757 = VERTEX_POINT('',#758);
#758 = CARTESIAN_POINT('',(-11.6,-19.025,0.));
#759 = SURFACE_CURVE('',#760,(#764,#770),.PCURVE_S1.);
#760 = LINE('',#761,#762);
#761 = CARTESIAN_POINT('',(-8.7,-19.025,0.));
#762 = VECTOR('',#763,1.);
#763 = DIRECTION('',(-1.,0.,0.));
#764 = PCURVE('',#124,#765);
#765 = DEFINITIONAL_REPRESENTATION('',(#766),#769);
#766 = B_SPLINE_CURVE_WITH_KNOTS('',1,(#767,#768),.UNSPECIFIED.,.F.,.F.,
  (2,2),(2.9,8.7),.PIECEWISE_BEZIER_KNOTS.);
#767 = CARTESIAN_POINT('',(-11.6,-19.025));
#768 = CARTESIAN_POINT('',(-17.4,-19.025));
#769 = ( GEOMETRIC_REPRESENTATION_CONTEXT(2)
PARAMETRIC_REPRESENTATION_CONTEXT() REPRESENTATION_CONTEXT('2D SPACE',''
  ) );
#770 = PCURVE('',#771,#776);
#771 = PLANE('',#772);
#772 = AXIS2_PLACEMENT_3D('',#773,#774,#775);
#773 = CARTESIAN_POINT('',(-17.4,-19.025,-5.E-02));
#774 = DIRECTION('',(0.,1.,0.));
#775 = DIRECTION('',(0.,0.,1.));
#776 = DEFINITIONAL_REPRESENTATION('',(#777),#780);
#777 = B_SPLINE_CURVE_WITH_KNOTS('',1,(#778,#779),.UNSPECIFIED.,.F.,.F.,
  (2,2),(2.9,8.7),.PIECEWISE_BEZIER_KNOTS.);
#778 = CARTESIAN_POINT('',(5.E-02,5.8));
#779 = CARTESIAN_POINT('',(5.E-02,0.));
#780 = ( GEOMETRIC_REPRESENTATION_CONTEXT(2)
PARAMETRIC_REPRESENTATION_CONTEXT() REPRESENTATION_CONTEXT('2D SPACE',''
  ) );
#781 = ORIENTED_EDGE('',*,*,#782,.F.);
#782 = EDGE_CURVE('',#703,#757,#783,.T.);
#783 = SURFACE_CURVE('',#784,(#788,#794),.PCURVE_S1.);
#784 = LINE('',#785,#786);
#785 = CARTESIAN_POINT('',(-11.6,-10.4875,0.));
#786 = VECTOR('',#787,1.);
#787 = DIRECTION('',(0.,1.,0.));
#788 = PCURVE('',#124,#789);
#789 = DEFINITIONAL_REPRESENTATION('',(#790),#793);
#790 = B_SPLINE_CURVE_WITH_KNOTS('',1,(#791,#792),.UNSPECIFIED.,.F.,.F.,
  (2,2),(-10.4875,-8.5375),.PIECEWISE_BEZIER_KNOTS.);
#791 = CARTESIAN_POINT('',(-11.6,-20.975));
#792 = CARTESIAN_POINT('',(-11.6,-19.025));
#793 = ( GEOMETRIC_REPRESENTATION_CONTEXT(2)
PARAMETRIC_REPRESENTATION_CONTEXT() REPRESENTATION_CONTEXT('2D SPACE',''
  ) );
#794 = PCURVE('',#795,#800);
#795 = PLANE('',#796);
#796 = AXIS2_PLACEMENT_3D('',#797,#798,#799);
#797 = CARTESIAN_POINT('',(-11.6,-20.975,-5.E-02));
#798 = DIRECTION('',(1.,0.,0.));
#799 = DIRECTION('',(0.,0.,1.));
#800 = DEFINITIONAL_REPRESENTATION('',(#801),#804);
#801 = B_SPLINE_CURVE_WITH_KNOTS('',1,(#802,#803),.UNSPECIFIED.,.F.,.F.,
  (2,2),(-10.4875,-8.5375),.PIECEWISE_BEZIER_KNOTS.);
#802 = CARTESIAN_POINT('',(5.E-02,0.));
#803 = CARTESIAN_POINT('',(5.E-02,-1.95));
#804 = ( GEOMETRIC_REPRESENTATION_CONTEXT(2)
PARAMETRIC_REPRESENTATION_CONTEXT() REPRESENTATION_CONTEXT('2D SPACE',''
  ) );
#805 = FACE_BOUND('',#806,.F.);
#806 = EDGE_LOOP('',(#807));
#807 = ORIENTED_EDGE('',*,*,#808,.T.);
#808 = EDGE_CURVE('',#809,#809,#811,.T.);
#809 = VERTEX_POINT('',#810);
#810 = CARTESIAN_POINT('',(5.420685613182,-39.80738906688,0.));
#811 = SURFACE_CURVE('',#812,(#817,#828),.PCURVE_S1.);
#812 = CIRCLE('',#813,1.5);
#813 = AXIS2_PLACEMENT_3D('',#814,#815,#816);
#814 = CARTESIAN_POINT('',(3.920685613182,-39.80738906688,0.));
#815 = DIRECTION('',(0.,0.,-1.));
#816 = DIRECTION('',(1.,0.,0.));
#817 = PCURVE('',#124,#818);
#818 = DEFINITIONAL_REPRESENTATION('',(#819),#827);
#819 = ( BOUNDED_CURVE() B_SPLINE_CURVE(2,(#820,#821,#822,#823,#824,#825
,#826),.UNSPECIFIED.,.T.,.F.) B_SPLINE_CURVE_WITH_KNOTS((1,2,2,2,2,1),(
    -2.094395102393,0.,2.094395102393,4.188790204786,6.28318530718,
8.377580409573),.UNSPECIFIED.) CURVE() GEOMETRIC_REPRESENTATION_ITEM()
RATIONAL_B_SPLINE_CURVE((1.,0.5,1.,0.5,1.,0.5,1.)) REPRESENTATION_ITEM(
  '') );
#820 = CARTESIAN_POINT('',(5.420685613182,-39.80738906688));
#821 = CARTESIAN_POINT('',(5.420685613182,-42.40546527824));
#822 = CARTESIAN_POINT('',(3.170685613182,-41.10642717256));
#823 = CARTESIAN_POINT('',(0.920685613182,-39.80738906688));
#824 = CARTESIAN_POINT('',(3.170685613182,-38.50835096121));
#825 = CARTESIAN_POINT('',(5.420685613182,-37.20931285553));
#826 = CARTESIAN_POINT('',(5.420685613182,-39.80738906688));
#827 = ( GEOMETRIC_REPRESENTATION_CONTEXT(2)
PARAMETRIC_REPRESENTATION_CONTEXT() REPRESENTATION_CONTEXT('2D SPACE',''
  ) );
#828 = PCURVE('',#829,#834);
#829 = CYLINDRICAL_SURFACE('',#830,1.5);
#830 = AXIS2_PLACEMENT_3D('',#831,#832,#833);
#831 = CARTESIAN_POINT('',(3.920685613182,-39.80738906688,-5.E-02));
#832 = DIRECTION('',(-0.,-0.,-1.));
#833 = DIRECTION('',(1.,0.,0.));
#834 = DEFINITIONAL_REPRESENTATION('',(#835),#839);
#835 = LINE('',#836,#837);
#836 = CARTESIAN_POINT('',(-6.28318530718,-5.E-02));
#837 = VECTOR('',#838,1.);
#838 = DIRECTION('',(1.,-0.));
#839 = ( GEOMETRIC_REPRESENTATION_CONTEXT(2)
PARAMETRIC_REPRESENTATION_CONTEXT() REPRESENTATION_CONTEXT('2D SPACE',''
  ) );
#840 = FACE_BOUND('',#841,.F.);
#841 = EDGE_LOOP('',(#842));
#842 = ORIENTED_EDGE('',*,*,#843,.T.);
#843 = EDGE_CURVE('',#844,#844,#846,.T.);
#844 = VERTEX_POINT('',#845);
#845 = CARTESIAN_POINT('',(9.303612880645,-39.23141121612,0.));
#846 = SURFACE_CURVE('',#847,(#852,#863),.PCURVE_S1.);
#847 = CIRCLE('',#848,1.5);
#848 = AXIS2_PLACEMENT_3D('',#849,#850,#851);
#849 = CARTESIAN_POINT('',(7.803612880645,-39.23141121612,0.));
#850 = DIRECTION('',(0.,0.,-1.));
#851 = DIRECTION('',(1.,0.,0.));
#852 = PCURVE('',#124,#853);
#853 = DEFINITIONAL_REPRESENTATION('',(#854),#862);
#854 = ( BOUNDED_CURVE() B_SPLINE_CURVE(2,(#855,#856,#857,#858,#859,#860
,#861),.UNSPECIFIED.,.T.,.F.) B_SPLINE_CURVE_WITH_KNOTS((1,2,2,2,2,1),(
    -2.094395102393,0.,2.094395102393,4.188790204786,6.28318530718,
8.377580409573),.UNSPECIFIED.) CURVE() GEOMETRIC_REPRESENTATION_ITEM()
RATIONAL_B_SPLINE_CURVE((1.,0.5,1.,0.5,1.,0.5,1.)) REPRESENTATION_ITEM(
  '') );
#855 = CARTESIAN_POINT('',(9.303612880645,-39.23141121612));
#856 = CARTESIAN_POINT('',(9.303612880645,-41.82948742748));
#857 = CARTESIAN_POINT('',(7.053612880645,-40.5304493218));
#858 = CARTESIAN_POINT('',(4.803612880645,-39.23141121612));
#859 = CARTESIAN_POINT('',(7.053612880645,-37.93237311045));
#860 = CARTESIAN_POINT('',(9.303612880645,-36.63333500477));
#861 = CARTESIAN_POINT('',(9.303612880645,-39.23141121612));
#862 = ( GEOMETRIC_REPRESENTATION_CONTEXT(2)
PARAMETRIC_REPRESENTATION_CONTEXT() REPRESENTATION_CONTEXT('2D SPACE',''
  ) );
#863 = PCURVE('',#864,#869);
#864 = CYLINDRICAL_SURFACE('',#865,1.5);
#865 = AXIS2_PLACEMENT_3D('',#866,#867,#868);
#866 = CARTESIAN_POINT('',(7.803612880645,-39.23141121612,-5.E-02));
#867 = DIRECTION('',(-0.,-0.,-1.));
#868 = DIRECTION('',(1.,0.,0.));
#869 = DEFINITIONAL_REPRESENTATION('',(#870),#874);
#870 = LINE('',#871,#872);
#871 = CARTESIAN_POINT('',(-6.28318530718,-5.E-02));
#872 = VECTOR('',#873,1.);
#873 = DIRECTION('',(1.,-0.));
#874 = ( GEOMETRIC_REPRESENTATION_CONTEXT(2)
PARAMETRIC_REPRESENTATION_CONTEXT() REPRESENTATION_CONTEXT('2D SPACE',''
  ) );
#875 = FACE_BOUND('',#876,.F.);
#876 = EDGE_LOOP('',(#877));
#877 = ORIENTED_EDGE('',*,*,#878,.T.);
#878 = EDGE_CURVE('',#879,#879,#881,.T.);
#879 = VERTEX_POINT('',#880);
#880 = CARTESIAN_POINT('',(13.111387090178,-38.27761342928,0.));
#881 = SURFACE_CURVE('',#882,(#887,#898),.PCURVE_S1.);
#882 = CIRCLE('',#883,1.5);
#883 = AXIS2_PLACEMENT_3D('',#884,#885,#886);
#884 = CARTESIAN_POINT('',(11.611387090178,-38.27761342928,0.));
#885 = DIRECTION('',(0.,0.,-1.));
#886 = DIRECTION('',(1.,0.,0.));
#887 = PCURVE('',#124,#888);
#888 = DEFINITIONAL_REPRESENTATION('',(#889),#897);
#889 = ( BOUNDED_CURVE() B_SPLINE_CURVE(2,(#890,#891,#892,#893,#894,#895
,#896),.UNSPECIFIED.,.T.,.F.) B_SPLINE_CURVE_WITH_KNOTS((1,2,2,2,2,1),(
    -2.094395102393,0.,2.094395102393,4.188790204786,6.28318530718,
8.377580409573),.UNSPECIFIED.) CURVE() GEOMETRIC_REPRESENTATION_ITEM()
RATIONAL_B_SPLINE_CURVE((1.,0.5,1.,0.5,1.,0.5,1.)) REPRESENTATION_ITEM(
  '') );
#890 = CARTESIAN_POINT('',(13.111387090178,-38.27761342928));
#891 = CARTESIAN_POINT('',(13.111387090178,-40.87568964064));
#892 = CARTESIAN_POINT('',(10.861387090178,-39.57665153496));
#893 = CARTESIAN_POINT('',(8.611387090178,-38.27761342928));
#894 = CARTESIAN_POINT('',(10.861387090178,-36.97857532361));
#895 = CARTESIAN_POINT('',(13.111387090178,-35.67953721793));
#896 = CARTESIAN_POINT('',(13.111387090178,-38.27761342928));
#897 = ( GEOMETRIC_REPRESENTATION_CONTEXT(2)
PARAMETRIC_REPRESENTATION_CONTEXT() REPRESENTATION_CONTEXT('2D SPACE',''
  ) );
#898 = PCURVE('',#899,#904);
#899 = CYLINDRICAL_SURFACE('',#900,1.5);
#900 = AXIS2_PLACEMENT_3D('',#901,#902,#903);
#901 = CARTESIAN_POINT('',(11.611387090178,-38.27761342928,-5.E-02));
#902 = DIRECTION('',(-0.,-0.,-1.));
#903 = DIRECTION('',(1.,0.,0.));
#904 = DEFINITIONAL_REPRESENTATION('',(#905),#909);
#905 = LINE('',#906,#907);
#906 = CARTESIAN_POINT('',(-6.28318530718,-5.E-02));
#907 = VECTOR('',#908,1.);
#908 = DIRECTION('',(1.,-0.));
#909 = ( GEOMETRIC_REPRESENTATION_CONTEXT(2)
PARAMETRIC_REPRESENTATION_CONTEXT() REPRESENTATION_CONTEXT('2D SPACE',''
  ) );
#910 = FACE_BOUND('',#911,.F.);
#911 = EDGE_LOOP('',(#912));
#912 = ORIENTED_EDGE('',*,*,#913,.T.);
#913 = EDGE_CURVE('',#914,#914,#916,.T.);
#914 = VERTEX_POINT('',#915);
#915 = CARTESIAN_POINT('',(16.807337294604,-36.95518130045,0.));
#916 = SURFACE_CURVE('',#917,(#922,#933),.PCURVE_S1.);
#917 = CIRCLE('',#918,1.5);
#918 = AXIS2_PLACEMENT_3D('',#919,#920,#921);
#919 = CARTESIAN_POINT('',(15.307337294604,-36.95518130045,0.));
#920 = DIRECTION('',(0.,0.,-1.));
#921 = DIRECTION('',(1.,0.,0.));
#922 = PCURVE('',#124,#923);
#923 = DEFINITIONAL_REPRESENTATION('',(#924),#932);
#924 = ( BOUNDED_CURVE() B_SPLINE_CURVE(2,(#925,#926,#927,#928,#929,#930
,#931),.UNSPECIFIED.,.T.,.F.) B_SPLINE_CURVE_WITH_KNOTS((1,2,2,2,2,1),(
    -2.094395102393,0.,2.094395102393,4.188790204786,6.28318530718,
8.377580409573),.UNSPECIFIED.) CURVE() GEOMETRIC_REPRESENTATION_ITEM()
RATIONAL_B_SPLINE_CURVE((1.,0.5,1.,0.5,1.,0.5,1.)) REPRESENTATION_ITEM(
  '') );
#925 = CARTESIAN_POINT('',(16.807337294604,-36.95518130045));
#926 = CARTESIAN_POINT('',(16.807337294604,-39.5532575118));
#927 = CARTESIAN_POINT('',(14.557337294604,-38.25421940612));
#928 = CARTESIAN_POINT('',(12.307337294604,-36.95518130045));
#929 = CARTESIAN_POINT('',(14.557337294604,-35.65614319477));
#930 = CARTESIAN_POINT('',(16.807337294604,-34.35710508909));
#931 = CARTESIAN_POINT('',(16.807337294604,-36.95518130045));
#932 = ( GEOMETRIC_REPRESENTATION_CONTEXT(2)
PARAMETRIC_REPRESENTATION_CONTEXT() REPRESENTATION_CONTEXT('2D SPACE',''
  ) );
#933 = PCURVE('',#934,#939);
#934 = CYLINDRICAL_SURFACE('',#935,1.5);
#935 = AXIS2_PLACEMENT_3D('',#936,#937,#938);
#936 = CARTESIAN_POINT('',(15.307337294604,-36.95518130045,-5.E-02));
#937 = DIRECTION('',(-0.,-0.,-1.));
#938 = DIRECTION('',(1.,0.,0.));
#939 = DEFINITIONAL_REPRESENTATION('',(#940),#944);
#940 = LINE('',#941,#942);
#941 = CARTESIAN_POINT('',(-6.28318530718,-5.E-02));
#942 = VECTOR('',#943,1.);
#943 = DIRECTION('',(1.,-0.));
#944 = ( GEOMETRIC_REPRESENTATION_CONTEXT(2)
PARAMETRIC_REPRESENTATION_CONTEXT() REPRESENTATION_CONTEXT('2D SPACE',''
  ) );
#945 = FACE_BOUND('',#946,.F.);
#946 = EDGE_LOOP('',(#947));
#947 = ORIENTED_EDGE('',*,*,#948,.T.);
#948 = EDGE_CURVE('',#949,#949,#951,.T.);
#949 = VERTEX_POINT('',#950);
#950 = CARTESIAN_POINT('',(20.35586947304,-35.27685057393,0.));
#951 = SURFACE_CURVE('',#952,(#957,#968),.PCURVE_S1.);
#952 = CIRCLE('',#953,1.5);
#953 = AXIS2_PLACEMENT_3D('',#954,#955,#956);
#954 = CARTESIAN_POINT('',(18.85586947304,-35.27685057393,0.));
#955 = DIRECTION('',(0.,0.,-1.));
#956 = DIRECTION('',(1.,0.,0.));
#957 = PCURVE('',#124,#958);
#958 = DEFINITIONAL_REPRESENTATION('',(#959),#967);
#959 = ( BOUNDED_CURVE() B_SPLINE_CURVE(2,(#960,#961,#962,#963,#964,#965
,#966),.UNSPECIFIED.,.T.,.F.) B_SPLINE_CURVE_WITH_KNOTS((1,2,2,2,2,1),(
    -2.094395102393,0.,2.094395102393,4.188790204786,6.28318530718,
8.377580409573),.UNSPECIFIED.) CURVE() GEOMETRIC_REPRESENTATION_ITEM()
RATIONAL_B_SPLINE_CURVE((1.,0.5,1.,0.5,1.,0.5,1.)) REPRESENTATION_ITEM(
  '') );
#960 = CARTESIAN_POINT('',(20.35586947304,-35.27685057393));
#961 = CARTESIAN_POINT('',(20.35586947304,-37.87492678528));
#962 = CARTESIAN_POINT('',(18.10586947304,-36.57588867961));
#963 = CARTESIAN_POINT('',(15.85586947304,-35.27685057393));
#964 = CARTESIAN_POINT('',(18.10586947304,-33.97781246825));
#965 = CARTESIAN_POINT('',(20.35586947304,-32.67877436258));
#966 = CARTESIAN_POINT('',(20.35586947304,-35.27685057393));
#967 = ( GEOMETRIC_REPRESENTATION_CONTEXT(2)
PARAMETRIC_REPRESENTATION_CONTEXT() REPRESENTATION_CONTEXT('2D SPACE',''
  ) );
#968 = PCURVE('',#969,#974);
#969 = CYLINDRICAL_SURFACE('',#970,1.5);
#970 = AXIS2_PLACEMENT_3D('',#971,#972,#973);
#971 = CARTESIAN_POINT('',(18.85586947304,-35.27685057393,-5.E-02));
#972 = DIRECTION('',(-0.,-0.,-1.));
#973 = DIRECTION('',(1.,0.,0.));
#974 = DEFINITIONAL_REPRESENTATION('',(#975),#979);
#975 = LINE('',#976,#977);
#976 = CARTESIAN_POINT('',(-6.28318530718,-5.E-02));
#977 = VECTOR('',#978,1.);
#978 = DIRECTION('',(1.,-0.));
#979 = ( GEOMETRIC_REPRESENTATION_CONTEXT(2)
PARAMETRIC_REPRESENTATION_CONTEXT() REPRESENTATION_CONTEXT('2D SPACE',''
  ) );
#980 = FACE_BOUND('',#981,.F.);
#981 = EDGE_LOOP('',(#982));
#982 = ORIENTED_EDGE('',*,*,#983,.T.);
#983 = EDGE_CURVE('',#984,#984,#986,.T.);
#984 = VERTEX_POINT('',#985);
#985 = CARTESIAN_POINT('',(23.722809320784,-33.2587844921,0.));
#986 = SURFACE_CURVE('',#987,(#992,#1003),.PCURVE_S1.);
#987 = CIRCLE('',#988,1.5);
#988 = AXIS2_PLACEMENT_3D('',#989,#990,#991);
#989 = CARTESIAN_POINT('',(22.222809320784,-33.2587844921,0.));
#990 = DIRECTION('',(0.,0.,-1.));
#991 = DIRECTION('',(1.,0.,0.));
#992 = PCURVE('',#124,#993);
#993 = DEFINITIONAL_REPRESENTATION('',(#994),#1002);
#994 = ( BOUNDED_CURVE() B_SPLINE_CURVE(2,(#995,#996,#997,#998,#999,
#1000,#1001),.UNSPECIFIED.,.T.,.F.) B_SPLINE_CURVE_WITH_KNOTS((1,2,2,2,2
    ,1),(-2.094395102393,0.,2.094395102393,4.188790204786,6.28318530718,
8.377580409573),.UNSPECIFIED.) CURVE() GEOMETRIC_REPRESENTATION_ITEM()
RATIONAL_B_SPLINE_CURVE((1.,0.5,1.,0.5,1.,0.5,1.)) REPRESENTATION_ITEM(
  '') );
#995 = CARTESIAN_POINT('',(23.722809320784,-33.2587844921));
#996 = CARTESIAN_POINT('',(23.722809320784,-35.85686070345));
#997 = CARTESIAN_POINT('',(21.472809320784,-34.55782259777));
#998 = CARTESIAN_POINT('',(19.222809320784,-33.2587844921));
#999 = CARTESIAN_POINT('',(21.472809320784,-31.95974638642));
#1000 = CARTESIAN_POINT('',(23.722809320784,-30.66070828074));
#1001 = CARTESIAN_POINT('',(23.722809320784,-33.2587844921));
#1002 = ( GEOMETRIC_REPRESENTATION_CONTEXT(2)
PARAMETRIC_REPRESENTATION_CONTEXT() REPRESENTATION_CONTEXT('2D SPACE',''
  ) );
#1003 = PCURVE('',#1004,#1009);
#1004 = CYLINDRICAL_SURFACE('',#1005,1.5);
#1005 = AXIS2_PLACEMENT_3D('',#1006,#1007,#1008);
#1006 = CARTESIAN_POINT('',(22.222809320784,-33.2587844921,-5.E-02));
#1007 = DIRECTION('',(-0.,-0.,-1.));
#1008 = DIRECTION('',(1.,0.,0.));
#1009 = DEFINITIONAL_REPRESENTATION('',(#1010),#1014);
#1010 = LINE('',#1011,#1012);
#1011 = CARTESIAN_POINT('',(-6.28318530718,-5.E-02));
#1012 = VECTOR('',#1013,1.);
#1013 = DIRECTION('',(1.,-0.));
#1014 = ( GEOMETRIC_REPRESENTATION_CONTEXT(2)
PARAMETRIC_REPRESENTATION_CONTEXT() REPRESENTATION_CONTEXT('2D SPACE',''
  ) );
#1015 = FACE_BOUND('',#1016,.F.);
#1016 = EDGE_LOOP('',(#1017));
#1017 = ORIENTED_EDGE('',*,*,#1018,.T.);
#1018 = EDGE_CURVE('',#1019,#1019,#1021,.T.);
#1019 = VERTEX_POINT('',#1020);
#1020 = CARTESIAN_POINT('',(26.875731366546,-30.9204181345,0.));
#1021 = SURFACE_CURVE('',#1022,(#1027,#1038),.PCURVE_S1.);
#1022 = CIRCLE('',#1023,1.5);
#1023 = AXIS2_PLACEMENT_3D('',#1024,#1025,#1026);
#1024 = CARTESIAN_POINT('',(25.375731366546,-30.9204181345,0.));
#1025 = DIRECTION('',(0.,0.,-1.));
#1026 = DIRECTION('',(1.,0.,0.));
#1027 = PCURVE('',#124,#1028);
#1028 = DEFINITIONAL_REPRESENTATION('',(#1029),#1037);
#1029 = ( BOUNDED_CURVE() B_SPLINE_CURVE(2,(#1030,#1031,#1032,#1033,
#1034,#1035,#1036),.UNSPECIFIED.,.T.,.F.) B_SPLINE_CURVE_WITH_KNOTS((1,2
    ,2,2,2,1),(-2.094395102393,0.,2.094395102393,4.188790204786,
6.28318530718,8.377580409573),.UNSPECIFIED.) CURVE()
GEOMETRIC_REPRESENTATION_ITEM() RATIONAL_B_SPLINE_CURVE((1.,0.5,1.,0.5,
1.,0.5,1.)) REPRESENTATION_ITEM('') );
#1030 = CARTESIAN_POINT('',(26.875731366546,-30.9204181345));
#1031 = CARTESIAN_POINT('',(26.875731366546,-33.51849434586));
#1032 = CARTESIAN_POINT('',(24.625731366546,-32.21945624018));
#1033 = CARTESIAN_POINT('',(22.375731366546,-30.9204181345));
#1034 = CARTESIAN_POINT('',(24.625731366546,-29.62138002883));
#1035 = CARTESIAN_POINT('',(26.875731366546,-28.32234192315));
#1036 = CARTESIAN_POINT('',(26.875731366546,-30.9204181345));
#1037 = ( GEOMETRIC_REPRESENTATION_CONTEXT(2)
PARAMETRIC_REPRESENTATION_CONTEXT() REPRESENTATION_CONTEXT('2D SPACE',''
  ) );
#1038 = PCURVE('',#1039,#1044);
#1039 = CYLINDRICAL_SURFACE('',#1040,1.5);
#1040 = AXIS2_PLACEMENT_3D('',#1041,#1042,#1043);
#1041 = CARTESIAN_POINT('',(25.375731366546,-30.9204181345,-5.E-02));
#1042 = DIRECTION('',(-0.,-0.,-1.));
#1043 = DIRECTION('',(1.,0.,0.));
#1044 = DEFINITIONAL_REPRESENTATION('',(#1045),#1049);
#1045 = LINE('',#1046,#1047);
#1046 = CARTESIAN_POINT('',(-6.28318530718,-5.E-02));
#1047 = VECTOR('',#1048,1.);
#1048 = DIRECTION('',(1.,-0.));
#1049 = ( GEOMETRIC_REPRESENTATION_CONTEXT(2)
PARAMETRIC_REPRESENTATION_CONTEXT() REPRESENTATION_CONTEXT('2D SPACE',''
  ) );
#1050 = FACE_BOUND('',#1051,.F.);
#1051 = EDGE_LOOP('',(#1052));
#1052 = ORIENTED_EDGE('',*,*,#1053,.T.);
#1053 = EDGE_CURVE('',#1054,#1054,#1056,.T.);
#1054 = VERTEX_POINT('',#1055);
#1055 = CARTESIAN_POINT('',(29.784271247462,-28.28427124746,0.));
#1056 = SURFACE_CURVE('',#1057,(#1062,#1073),.PCURVE_S1.);
#1057 = CIRCLE('',#1058,1.5);
#1058 = AXIS2_PLACEMENT_3D('',#1059,#1060,#1061);
#1059 = CARTESIAN_POINT('',(28.284271247462,-28.28427124746,0.));
#1060 = DIRECTION('',(0.,0.,-1.));
#1061 = DIRECTION('',(1.,0.,0.));
#1062 = PCURVE('',#124,#1063);
#1063 = DEFINITIONAL_REPRESENTATION('',(#1064),#1072);
#1064 = ( BOUNDED_CURVE() B_SPLINE_CURVE(2,(#1065,#1066,#1067,#1068,
#1069,#1070,#1071),.UNSPECIFIED.,.T.,.F.) B_SPLINE_CURVE_WITH_KNOTS((1,2
    ,2,2,2,1),(-2.094395102393,0.,2.094395102393,4.188790204786,
6.28318530718,8.377580409573),.UNSPECIFIED.) CURVE()
GEOMETRIC_REPRESENTATION_ITEM() RATIONAL_B_SPLINE_CURVE((1.,0.5,1.,0.5,
1.,0.5,1.)) REPRESENTATION_ITEM('') );
#1065 = CARTESIAN_POINT('',(29.784271247462,-28.28427124746));
#1066 = CARTESIAN_POINT('',(29.784271247462,-30.88234745881));
#1067 = CARTESIAN_POINT('',(27.534271247462,-29.58330935313));
#1068 = CARTESIAN_POINT('',(25.284271247462,-28.28427124746));
#1069 = CARTESIAN_POINT('',(27.534271247462,-26.98523314178));
#1070 = CARTESIAN_POINT('',(29.784271247462,-25.6861950361));
#1071 = CARTESIAN_POINT('',(29.784271247462,-28.28427124746));
#1072 = ( GEOMETRIC_REPRESENTATION_CONTEXT(2)
PARAMETRIC_REPRESENTATION_CONTEXT() REPRESENTATION_CONTEXT('2D SPACE',''
  ) );
#1073 = PCURVE('',#1074,#1079);
#1074 = CYLINDRICAL_SURFACE('',#1075,1.5);
#1075 = AXIS2_PLACEMENT_3D('',#1076,#1077,#1078);
#1076 = CARTESIAN_POINT('',(28.284271247462,-28.28427124746,-5.E-02));
#1077 = DIRECTION('',(-0.,-0.,-1.));
#1078 = DIRECTION('',(1.,0.,0.));
#1079 = DEFINITIONAL_REPRESENTATION('',(#1080),#1084);
#1080 = LINE('',#1081,#1082);
#1081 = CARTESIAN_POINT('',(-6.28318530718,-5.E-02));
#1082 = VECTOR('',#1083,1.);
#1083 = DIRECTION('',(1.,-0.));
#1084 = ( GEOMETRIC_REPRESENTATION_CONTEXT(2)
PARAMETRIC_REPRESENTATION_CONTEXT() REPRESENTATION_CONTEXT('2D SPACE',''
  ) );
#1085 = FACE_BOUND('',#1086,.F.);
#1086 = EDGE_LOOP('',(#1087));
#1087 = ORIENTED_EDGE('',*,*,#1088,.T.);
#1088 = EDGE_CURVE('',#1089,#1089,#1091,.T.);
#1089 = VERTEX_POINT('',#1090);
#1090 = CARTESIAN_POINT('',(32.420418134509,-25.37573136654,0.));
#1091 = SURFACE_CURVE('',#1092,(#1097,#1108),.PCURVE_S1.);
#1092 = CIRCLE('',#1093,1.5);
#1093 = AXIS2_PLACEMENT_3D('',#1094,#1095,#1096);
#1094 = CARTESIAN_POINT('',(30.920418134509,-25.37573136654,0.));
#1095 = DIRECTION('',(0.,0.,-1.));
#1096 = DIRECTION('',(1.,0.,0.));
#1097 = PCURVE('',#124,#1098);
#1098 = DEFINITIONAL_REPRESENTATION('',(#1099),#1107);
#1099 = ( BOUNDED_CURVE() B_SPLINE_CURVE(2,(#1100,#1101,#1102,#1103,
#1104,#1105,#1106),.UNSPECIFIED.,.T.,.F.) B_SPLINE_CURVE_WITH_KNOTS((1,2
    ,2,2,2,1),(-2.094395102393,0.,2.094395102393,4.188790204786,
6.28318530718,8.377580409573),.UNSPECIFIED.) CURVE()
GEOMETRIC_REPRESENTATION_ITEM() RATIONAL_B_SPLINE_CURVE((1.,0.5,1.,0.5,
1.,0.5,1.)) REPRESENTATION_ITEM('') );
#1100 = CARTESIAN_POINT('',(32.420418134509,-25.37573136654));
#1101 = CARTESIAN_POINT('',(32.420418134509,-27.97380757789));
#1102 = CARTESIAN_POINT('',(30.170418134509,-26.67476947222));
#1103 = CARTESIAN_POINT('',(27.920418134509,-25.37573136654));
#1104 = CARTESIAN_POINT('',(30.170418134509,-24.07669326086));
#1105 = CARTESIAN_POINT('',(32.420418134509,-22.77765515519));
#1106 = CARTESIAN_POINT('',(32.420418134509,-25.37573136654));
#1107 = ( GEOMETRIC_REPRESENTATION_CONTEXT(2)
PARAMETRIC_REPRESENTATION_CONTEXT() REPRESENTATION_CONTEXT('2D SPACE',''
  ) );
#1108 = PCURVE('',#1109,#1114);
#1109 = CYLINDRICAL_SURFACE('',#1110,1.5);
#1110 = AXIS2_PLACEMENT_3D('',#1111,#1112,#1113);
#1111 = CARTESIAN_POINT('',(30.920418134509,-25.37573136654,-5.E-02));
#1112 = DIRECTION('',(-0.,-0.,-1.));
#1113 = DIRECTION('',(1.,0.,0.));
#1114 = DEFINITIONAL_REPRESENTATION('',(#1115),#1119);
#1115 = LINE('',#1116,#1117);
#1116 = CARTESIAN_POINT('',(-6.28318530718,-5.E-02));
#1117 = VECTOR('',#1118,1.);
#1118 = DIRECTION('',(1.,-0.));
#1119 = ( GEOMETRIC_REPRESENTATION_CONTEXT(2)
PARAMETRIC_REPRESENTATION_CONTEXT() REPRESENTATION_CONTEXT('2D SPACE',''
  ) );
#1120 = FACE_BOUND('',#1121,.F.);
#1121 = EDGE_LOOP('',(#1122));
#1122 = ORIENTED_EDGE('',*,*,#1123,.T.);
#1123 = EDGE_CURVE('',#1124,#1124,#1126,.T.);
#1124 = VERTEX_POINT('',#1125);
#1125 = CARTESIAN_POINT('',(34.758784492102,-22.22280932078,0.));
#1126 = SURFACE_CURVE('',#1127,(#1132,#1143),.PCURVE_S1.);
#1127 = CIRCLE('',#1128,1.5);
#1128 = AXIS2_PLACEMENT_3D('',#1129,#1130,#1131);
#1129 = CARTESIAN_POINT('',(33.258784492102,-22.22280932078,0.));
#1130 = DIRECTION('',(0.,0.,-1.));
#1131 = DIRECTION('',(1.,0.,0.));
#1132 = PCURVE('',#124,#1133);
#1133 = DEFINITIONAL_REPRESENTATION('',(#1134),#1142);
#1134 = ( BOUNDED_CURVE() B_SPLINE_CURVE(2,(#1135,#1136,#1137,#1138,
#1139,#1140,#1141),.UNSPECIFIED.,.T.,.F.) B_SPLINE_CURVE_WITH_KNOTS((1,2
    ,2,2,2,1),(-2.094395102393,0.,2.094395102393,4.188790204786,
6.28318530718,8.377580409573),.UNSPECIFIED.) CURVE()
GEOMETRIC_REPRESENTATION_ITEM() RATIONAL_B_SPLINE_CURVE((1.,0.5,1.,0.5,
1.,0.5,1.)) REPRESENTATION_ITEM('') );
#1135 = CARTESIAN_POINT('',(34.758784492102,-22.22280932078));
#1136 = CARTESIAN_POINT('',(34.758784492102,-24.82088553213));
#1137 = CARTESIAN_POINT('',(32.508784492102,-23.52184742646));
#1138 = CARTESIAN_POINT('',(30.258784492102,-22.22280932078));
#1139 = CARTESIAN_POINT('',(32.508784492102,-20.9237712151));
#1140 = CARTESIAN_POINT('',(34.758784492102,-19.62473310943));
#1141 = CARTESIAN_POINT('',(34.758784492102,-22.22280932078));
#1142 = ( GEOMETRIC_REPRESENTATION_CONTEXT(2)
PARAMETRIC_REPRESENTATION_CONTEXT() REPRESENTATION_CONTEXT('2D SPACE',''
  ) );
#1143 = PCURVE('',#1144,#1149);
#1144 = CYLINDRICAL_SURFACE('',#1145,1.5);
#1145 = AXIS2_PLACEMENT_3D('',#1146,#1147,#1148);
#1146 = CARTESIAN_POINT('',(33.258784492102,-22.22280932078,-5.E-02));
#1147 = DIRECTION('',(-0.,-0.,-1.));
#1148 = DIRECTION('',(1.,0.,0.));
#1149 = DEFINITIONAL_REPRESENTATION('',(#1150),#1154);
#1150 = LINE('',#1151,#1152);
#1151 = CARTESIAN_POINT('',(-6.28318530718,-5.E-02));
#1152 = VECTOR('',#1153,1.);
#1153 = DIRECTION('',(1.,-0.));
#1154 = ( GEOMETRIC_REPRESENTATION_CONTEXT(2)
PARAMETRIC_REPRESENTATION_CONTEXT() REPRESENTATION_CONTEXT('2D SPACE',''
  ) );
#1155 = FACE_BOUND('',#1156,.F.);
#1156 = EDGE_LOOP('',(#1157,#1185,#1211,#1237));
#1157 = ORIENTED_EDGE('',*,*,#1158,.T.);
#1158 = EDGE_CURVE('',#1159,#1161,#1163,.T.);
#1159 = VERTEX_POINT('',#1160);
#1160 = CARTESIAN_POINT('',(17.4,-20.975,0.));
#1161 = VERTEX_POINT('',#1162);
#1162 = CARTESIAN_POINT('',(11.6,-20.975,0.));
#1163 = SURFACE_CURVE('',#1164,(#1168,#1174),.PCURVE_S1.);
#1164 = LINE('',#1165,#1166);
#1165 = CARTESIAN_POINT('',(5.8,-20.975,0.));
#1166 = VECTOR('',#1167,1.);
#1167 = DIRECTION('',(-1.,0.,0.));
#1168 = PCURVE('',#124,#1169);
#1169 = DEFINITIONAL_REPRESENTATION('',(#1170),#1173);
#1170 = B_SPLINE_CURVE_WITH_KNOTS('',1,(#1171,#1172),.UNSPECIFIED.,.F.,
  .F.,(2,2),(-11.6,-5.8),.PIECEWISE_BEZIER_KNOTS.);
#1171 = CARTESIAN_POINT('',(17.4,-20.975));
#1172 = CARTESIAN_POINT('',(11.6,-20.975));
#1173 = ( GEOMETRIC_REPRESENTATION_CONTEXT(2)
PARAMETRIC_REPRESENTATION_CONTEXT() REPRESENTATION_CONTEXT('2D SPACE',''
  ) );
#1174 = PCURVE('',#1175,#1180);
#1175 = PLANE('',#1176);
#1176 = AXIS2_PLACEMENT_3D('',#1177,#1178,#1179);
#1177 = CARTESIAN_POINT('',(11.6,-20.975,-5.E-02));
#1178 = DIRECTION('',(0.,1.,0.));
#1179 = DIRECTION('',(0.,0.,1.));
#1180 = DEFINITIONAL_REPRESENTATION('',(#1181),#1184);
#1181 = B_SPLINE_CURVE_WITH_KNOTS('',1,(#1182,#1183),.UNSPECIFIED.,.F.,
  .F.,(2,2),(-11.6,-5.8),.PIECEWISE_BEZIER_KNOTS.);
#1182 = CARTESIAN_POINT('',(5.E-02,5.8));
#1183 = CARTESIAN_POINT('',(5.E-02,0.));
#1184 = ( GEOMETRIC_REPRESENTATION_CONTEXT(2)
PARAMETRIC_REPRESENTATION_CONTEXT() REPRESENTATION_CONTEXT('2D SPACE',''
  ) );
#1185 = ORIENTED_EDGE('',*,*,#1186,.T.);
#1186 = EDGE_CURVE('',#1161,#1187,#1189,.T.);
#1187 = VERTEX_POINT('',#1188);
#1188 = CARTESIAN_POINT('',(11.6,-19.025,0.));
#1189 = SURFACE_CURVE('',#1190,(#1194,#1200),.PCURVE_S1.);
#1190 = LINE('',#1191,#1192);
#1191 = CARTESIAN_POINT('',(11.6,-10.4875,0.));
#1192 = VECTOR('',#1193,1.);
#1193 = DIRECTION('',(0.,1.,0.));
#1194 = PCURVE('',#124,#1195);
#1195 = DEFINITIONAL_REPRESENTATION('',(#1196),#1199);
#1196 = B_SPLINE_CURVE_WITH_KNOTS('',1,(#1197,#1198),.UNSPECIFIED.,.F.,
  .F.,(2,2),(-10.4875,-8.5375),.PIECEWISE_BEZIER_KNOTS.);
#1197 = CARTESIAN_POINT('',(11.6,-20.975));
#1198 = CARTESIAN_POINT('',(11.6,-19.025));
#1199 = ( GEOMETRIC_REPRESENTATION_CONTEXT(2)
PARAMETRIC_REPRESENTATION_CONTEXT() REPRESENTATION_CONTEXT('2D SPACE',''
  ) );
#1200 = PCURVE('',#1201,#1206);
#1201 = PLANE('',#1202);
#1202 = AXIS2_PLACEMENT_3D('',#1203,#1204,#1205);
#1203 = CARTESIAN_POINT('',(11.6,-20.975,-5.E-02));
#1204 = DIRECTION('',(1.,0.,0.));
#1205 = DIRECTION('',(0.,0.,1.));
#1206 = DEFINITIONAL_REPRESENTATION('',(#1207),#1210);
#1207 = B_SPLINE_CURVE_WITH_KNOTS('',1,(#1208,#1209),.UNSPECIFIED.,.F.,
  .F.,(2,2),(-10.4875,-8.5375),.PIECEWISE_BEZIER_KNOTS.);
#1208 = CARTESIAN_POINT('',(5.E-02,0.));
#1209 = CARTESIAN_POINT('',(5.E-02,-1.95));
#1210 = ( GEOMETRIC_REPRESENTATION_CONTEXT(2)
PARAMETRIC_REPRESENTATION_CONTEXT() REPRESENTATION_CONTEXT('2D SPACE',''
  ) );
#1211 = ORIENTED_EDGE('',*,*,#1212,.F.);
#1212 = EDGE_CURVE('',#1213,#1187,#1215,.T.);
#1213 = VERTEX_POINT('',#1214);
#1214 = CARTESIAN_POINT('',(17.4,-19.025,0.));
#1215 = SURFACE_CURVE('',#1216,(#1220,#1226),.PCURVE_S1.);
#1216 = LINE('',#1217,#1218);
#1217 = CARTESIAN_POINT('',(5.8,-19.025,0.));
#1218 = VECTOR('',#1219,1.);
#1219 = DIRECTION('',(-1.,0.,0.));
#1220 = PCURVE('',#124,#1221);
#1221 = DEFINITIONAL_REPRESENTATION('',(#1222),#1225);
#1222 = B_SPLINE_CURVE_WITH_KNOTS('',1,(#1223,#1224),.UNSPECIFIED.,.F.,
  .F.,(2,2),(-11.6,-5.8),.PIECEWISE_BEZIER_KNOTS.);
#1223 = CARTESIAN_POINT('',(17.4,-19.025));
#1224 = CARTESIAN_POINT('',(11.6,-19.025));
#1225 = ( GEOMETRIC_REPRESENTATION_CONTEXT(2)
PARAMETRIC_REPRESENTATION_CONTEXT() REPRESENTATION_CONTEXT('2D SPACE',''
  ) );
#1226 = PCURVE('',#1227,#1232);
#1227 = PLANE('',#1228);
#1228 = AXIS2_PLACEMENT_3D('',#1229,#1230,#1231);
#1229 = CARTESIAN_POINT('',(11.6,-19.025,-5.E-02));
#1230 = DIRECTION('',(0.,1.,0.));
#1231 = DIRECTION('',(0.,0.,1.));
#1232 = DEFINITIONAL_REPRESENTATION('',(#1233),#1236);
#1233 = B_SPLINE_CURVE_WITH_KNOTS('',1,(#1234,#1235),.UNSPECIFIED.,.F.,
  .F.,(2,2),(-11.6,-5.8),.PIECEWISE_BEZIER_KNOTS.);
#1234 = CARTESIAN_POINT('',(5.E-02,5.8));
#1235 = CARTESIAN_POINT('',(5.E-02,0.));
#1236 = ( GEOMETRIC_REPRESENTATION_CONTEXT(2)
PARAMETRIC_REPRESENTATION_CONTEXT() REPRESENTATION_CONTEXT('2D SPACE',''
  ) );
#1237 = ORIENTED_EDGE('',*,*,#1238,.F.);
#1238 = EDGE_CURVE('',#1159,#1213,#1239,.T.);
#1239 = SURFACE_CURVE('',#1240,(#1244,#1250),.PCURVE_S1.);
#1240 = LINE('',#1241,#1242);
#1241 = CARTESIAN_POINT('',(17.4,-10.4875,0.));
#1242 = VECTOR('',#1243,1.);
#1243 = DIRECTION('',(0.,1.,0.));
#1244 = PCURVE('',#124,#1245);
#1245 = DEFINITIONAL_REPRESENTATION('',(#1246),#1249);
#1246 = B_SPLINE_CURVE_WITH_KNOTS('',1,(#1247,#1248),.UNSPECIFIED.,.F.,
  .F.,(2,2),(-10.4875,-8.5375),.PIECEWISE_BEZIER_KNOTS.);
#1247 = CARTESIAN_POINT('',(17.4,-20.975));
#1248 = CARTESIAN_POINT('',(17.4,-19.025));
#1249 = ( GEOMETRIC_REPRESENTATION_CONTEXT(2)
PARAMETRIC_REPRESENTATION_CONTEXT() REPRESENTATION_CONTEXT('2D SPACE',''
  ) );
#1250 = PCURVE('',#1251,#1256);
#1251 = PLANE('',#1252);
#1252 = AXIS2_PLACEMENT_3D('',#1253,#1254,#1255);
#1253 = CARTESIAN_POINT('',(17.4,-20.975,-5.E-02));
#1254 = DIRECTION('',(1.,0.,0.));
#1255 = DIRECTION('',(0.,0.,1.));
#1256 = DEFINITIONAL_REPRESENTATION('',(#1257),#1260);
#1257 = B_SPLINE_CURVE_WITH_KNOTS('',1,(#1258,#1259),.UNSPECIFIED.,.F.,
  .F.,(2,2),(-10.4875,-8.5375),.PIECEWISE_BEZIER_KNOTS.);
#1258 = CARTESIAN_POINT('',(5.E-02,0.));
#1259 = CARTESIAN_POINT('',(5.E-02,-1.95));
#1260 = ( GEOMETRIC_REPRESENTATION_CONTEXT(2)
PARAMETRIC_REPRESENTATION_CONTEXT() REPRESENTATION_CONTEXT('2D SPACE',''
  ) );
#1261 = FACE_BOUND('',#1262,.F.);
#1262 = EDGE_LOOP('',(#1263));
#1263 = ORIENTED_EDGE('',*,*,#1264,.T.);
#1264 = EDGE_CURVE('',#1265,#1265,#1267,.T.);
#1265 = VERTEX_POINT('',#1266);
#1266 = CARTESIAN_POINT('',(36.776850573934,-18.85586947304,0.));
#1267 = SURFACE_CURVE('',#1268,(#1273,#1284),.PCURVE_S1.);
#1268 = CIRCLE('',#1269,1.5);
#1269 = AXIS2_PLACEMENT_3D('',#1270,#1271,#1272);
#1270 = CARTESIAN_POINT('',(35.276850573934,-18.85586947304,0.));
#1271 = DIRECTION('',(0.,0.,-1.));
#1272 = DIRECTION('',(1.,0.,0.));
#1273 = PCURVE('',#124,#1274);
#1274 = DEFINITIONAL_REPRESENTATION('',(#1275),#1283);
#1275 = ( BOUNDED_CURVE() B_SPLINE_CURVE(2,(#1276,#1277,#1278,#1279,
#1280,#1281,#1282),.UNSPECIFIED.,.T.,.F.) B_SPLINE_CURVE_WITH_KNOTS((1,2
    ,2,2,2,1),(-2.094395102393,0.,2.094395102393,4.188790204786,
6.28318530718,8.377580409573),.UNSPECIFIED.) CURVE()
GEOMETRIC_REPRESENTATION_ITEM() RATIONAL_B_SPLINE_CURVE((1.,0.5,1.,0.5,
1.,0.5,1.)) REPRESENTATION_ITEM('') );
#1276 = CARTESIAN_POINT('',(36.776850573934,-18.85586947304));
#1277 = CARTESIAN_POINT('',(36.776850573934,-21.45394568439));
#1278 = CARTESIAN_POINT('',(34.526850573934,-20.15490757871));
#1279 = CARTESIAN_POINT('',(32.276850573934,-18.85586947304));
#1280 = CARTESIAN_POINT('',(34.526850573934,-17.55683136736));
#1281 = CARTESIAN_POINT('',(36.776850573934,-16.25779326168));
#1282 = CARTESIAN_POINT('',(36.776850573934,-18.85586947304));
#1283 = ( GEOMETRIC_REPRESENTATION_CONTEXT(2)
PARAMETRIC_REPRESENTATION_CONTEXT() REPRESENTATION_CONTEXT('2D SPACE',''
  ) );
#1284 = PCURVE('',#1285,#1290);
#1285 = CYLINDRICAL_SURFACE('',#1286,1.5);
#1286 = AXIS2_PLACEMENT_3D('',#1287,#1288,#1289);
#1287 = CARTESIAN_POINT('',(35.276850573934,-18.85586947304,-5.E-02));
#1288 = DIRECTION('',(-0.,-0.,-1.));
#1289 = DIRECTION('',(1.,0.,0.));
#1290 = DEFINITIONAL_REPRESENTATION('',(#1291),#1295);
#1291 = LINE('',#1292,#1293);
#1292 = CARTESIAN_POINT('',(-6.28318530718,-5.E-02));
#1293 = VECTOR('',#1294,1.);
#1294 = DIRECTION('',(1.,-0.));
#1295 = ( GEOMETRIC_REPRESENTATION_CONTEXT(2)
PARAMETRIC_REPRESENTATION_CONTEXT() REPRESENTATION_CONTEXT('2D SPACE',''
  ) );
#1296 = FACE_BOUND('',#1297,.F.);
#1297 = EDGE_LOOP('',(#1298));
#1298 = ORIENTED_EDGE('',*,*,#1299,.T.);
#1299 = EDGE_CURVE('',#1300,#1300,#1302,.T.);
#1300 = VERTEX_POINT('',#1301);
#1301 = CARTESIAN_POINT('',(38.455181300451,-15.3073372946,0.));
#1302 = SURFACE_CURVE('',#1303,(#1308,#1319),.PCURVE_S1.);
#1303 = CIRCLE('',#1304,1.5);
#1304 = AXIS2_PLACEMENT_3D('',#1305,#1306,#1307);
#1305 = CARTESIAN_POINT('',(36.955181300451,-15.3073372946,0.));
#1306 = DIRECTION('',(0.,0.,-1.));
#1307 = DIRECTION('',(1.,0.,0.));
#1308 = PCURVE('',#124,#1309);
#1309 = DEFINITIONAL_REPRESENTATION('',(#1310),#1318);
#1310 = ( BOUNDED_CURVE() B_SPLINE_CURVE(2,(#1311,#1312,#1313,#1314,
#1315,#1316,#1317),.UNSPECIFIED.,.T.,.F.) B_SPLINE_CURVE_WITH_KNOTS((1,2
    ,2,2,2,1),(-2.094395102393,0.,2.094395102393,4.188790204786,
6.28318530718,8.377580409573),.UNSPECIFIED.) CURVE()
GEOMETRIC_REPRESENTATION_ITEM() RATIONAL_B_SPLINE_CURVE((1.,0.5,1.,0.5,
1.,0.5,1.)) REPRESENTATION_ITEM('') );
#1311 = CARTESIAN_POINT('',(38.455181300451,-15.3073372946));
#1312 = CARTESIAN_POINT('',(38.455181300451,-17.90541350595));
#1313 = CARTESIAN_POINT('',(36.205181300451,-16.60637540028));
#1314 = CARTESIAN_POINT('',(33.955181300451,-15.3073372946));
#1315 = CARTESIAN_POINT('',(36.205181300451,-14.00829918892));
#1316 = CARTESIAN_POINT('',(38.455181300451,-12.70926108325));
#1317 = CARTESIAN_POINT('',(38.455181300451,-15.3073372946));
#1318 = ( GEOMETRIC_REPRESENTATION_CONTEXT(2)
PARAMETRIC_REPRESENTATION_CONTEXT() REPRESENTATION_CONTEXT('2D SPACE',''
  ) );
#1319 = PCURVE('',#1320,#1325);
#1320 = CYLINDRICAL_SURFACE('',#1321,1.5);
#1321 = AXIS2_PLACEMENT_3D('',#1322,#1323,#1324);
#1322 = CARTESIAN_POINT('',(36.955181300451,-15.3073372946,-5.E-02));
#1323 = DIRECTION('',(-0.,-0.,-1.));
#1324 = DIRECTION('',(1.,0.,0.));
#1325 = DEFINITIONAL_REPRESENTATION('',(#1326),#1330);
#1326 = LINE('',#1327,#1328);
#1327 = CARTESIAN_POINT('',(-6.28318530718,-5.E-02));
#1328 = VECTOR('',#1329,1.);
#1329 = DIRECTION('',(1.,-0.));
#1330 = ( GEOMETRIC_REPRESENTATION_CONTEXT(2)
PARAMETRIC_REPRESENTATION_CONTEXT() REPRESENTATION_CONTEXT('2D SPACE',''
  ) );
#1331 = FACE_BOUND('',#1332,.F.);
#1332 = EDGE_LOOP('',(#1333));
#1333 = ORIENTED_EDGE('',*,*,#1334,.T.);
#1334 = EDGE_CURVE('',#1335,#1335,#1337,.T.);
#1335 = VERTEX_POINT('',#1336);
#1336 = CARTESIAN_POINT('',(39.777613429288,-11.61138709017,0.));
#1337 = SURFACE_CURVE('',#1338,(#1343,#1354),.PCURVE_S1.);
#1338 = CIRCLE('',#1339,1.5);
#1339 = AXIS2_PLACEMENT_3D('',#1340,#1341,#1342);
#1340 = CARTESIAN_POINT('',(38.277613429288,-11.61138709017,0.));
#1341 = DIRECTION('',(0.,0.,-1.));
#1342 = DIRECTION('',(1.,0.,0.));
#1343 = PCURVE('',#124,#1344);
#1344 = DEFINITIONAL_REPRESENTATION('',(#1345),#1353);
#1345 = ( BOUNDED_CURVE() B_SPLINE_CURVE(2,(#1346,#1347,#1348,#1349,
#1350,#1351,#1352),.UNSPECIFIED.,.T.,.F.) B_SPLINE_CURVE_WITH_KNOTS((1,2
    ,2,2,2,1),(-2.094395102393,0.,2.094395102393,4.188790204786,
6.28318530718,8.377580409573),.UNSPECIFIED.) CURVE()
GEOMETRIC_REPRESENTATION_ITEM() RATIONAL_B_SPLINE_CURVE((1.,0.5,1.,0.5,
1.,0.5,1.)) REPRESENTATION_ITEM('') );
#1346 = CARTESIAN_POINT('',(39.777613429288,-11.61138709017));
#1347 = CARTESIAN_POINT('',(39.777613429288,-14.20946330153));
#1348 = CARTESIAN_POINT('',(37.527613429288,-12.91042519585));
#1349 = CARTESIAN_POINT('',(35.277613429288,-11.61138709017));
#1350 = CARTESIAN_POINT('',(37.527613429288,-10.3123489845));
#1351 = CARTESIAN_POINT('',(39.777613429288,-9.013310878825));
#1352 = CARTESIAN_POINT('',(39.777613429288,-11.61138709017));
#1353 = ( GEOMETRIC_REPRESENTATION_CONTEXT(2)
PARAMETRIC_REPRESENTATION_CONTEXT() REPRESENTATION_CONTEXT('2D SPACE',''
  ) );
#1354 = PCURVE('',#1355,#1360);
#1355 = CYLINDRICAL_SURFACE('',#1356,1.5);
#1356 = AXIS2_PLACEMENT_3D('',#1357,#1358,#1359);
#1357 = CARTESIAN_POINT('',(38.277613429288,-11.61138709017,-5.E-02));
#1358 = DIRECTION('',(-0.,-0.,-1.));
#1359 = DIRECTION('',(1.,0.,0.));
#1360 = DEFINITIONAL_REPRESENTATION('',(#1361),#1365);
#1361 = LINE('',#1362,#1363);
#1362 = CARTESIAN_POINT('',(-6.28318530718,-5.E-02));
#1363 = VECTOR('',#1364,1.);
#1364 = DIRECTION('',(1.,-0.));
#1365 = ( GEOMETRIC_REPRESENTATION_CONTEXT(2)
PARAMETRIC_REPRESENTATION_CONTEXT() REPRESENTATION_CONTEXT('2D SPACE',''
  ) );
#1366 = FACE_BOUND('',#1367,.F.);
#1367 = EDGE_LOOP('',(#1368));
#1368 = ORIENTED_EDGE('',*,*,#1369,.T.);
#1369 = EDGE_CURVE('',#1370,#1370,#1372,.T.);
#1370 = VERTEX_POINT('',#1371);
#1371 = CARTESIAN_POINT('',(40.731411216129,-7.803612880645,0.));
#1372 = SURFACE_CURVE('',#1373,(#1378,#1389),.PCURVE_S1.);
#1373 = CIRCLE('',#1374,1.5);
#1374 = AXIS2_PLACEMENT_3D('',#1375,#1376,#1377);
#1375 = CARTESIAN_POINT('',(39.231411216129,-7.803612880645,0.));
#1376 = DIRECTION('',(0.,0.,-1.));
#1377 = DIRECTION('',(1.,0.,0.));
#1378 = PCURVE('',#124,#1379);
#1379 = DEFINITIONAL_REPRESENTATION('',(#1380),#1388);
#1380 = ( BOUNDED_CURVE() B_SPLINE_CURVE(2,(#1381,#1382,#1383,#1384,
#1385,#1386,#1387),.UNSPECIFIED.,.T.,.F.) B_SPLINE_CURVE_WITH_KNOTS((1,2
    ,2,2,2,1),(-2.094395102393,0.,2.094395102393,4.188790204786,
6.28318530718,8.377580409573),.UNSPECIFIED.) CURVE()
GEOMETRIC_REPRESENTATION_ITEM() RATIONAL_B_SPLINE_CURVE((1.,0.5,1.,0.5,
1.,0.5,1.)) REPRESENTATION_ITEM('') );
#1381 = CARTESIAN_POINT('',(40.731411216129,-7.803612880645));
#1382 = CARTESIAN_POINT('',(40.731411216129,-10.40168909199));
#1383 = CARTESIAN_POINT('',(38.481411216129,-9.102650986322));
#1384 = CARTESIAN_POINT('',(36.231411216129,-7.803612880645));
#1385 = CARTESIAN_POINT('',(38.481411216129,-6.504574774968));
#1386 = CARTESIAN_POINT('',(40.731411216129,-5.205536669292));
#1387 = CARTESIAN_POINT('',(40.731411216129,-7.803612880645));
#1388 = ( GEOMETRIC_REPRESENTATION_CONTEXT(2)
PARAMETRIC_REPRESENTATION_CONTEXT() REPRESENTATION_CONTEXT('2D SPACE',''
  ) );
#1389 = PCURVE('',#1390,#1395);
#1390 = CYLINDRICAL_SURFACE('',#1391,1.5);
#1391 = AXIS2_PLACEMENT_3D('',#1392,#1393,#1394);
#1392 = CARTESIAN_POINT('',(39.231411216129,-7.803612880645,-5.E-02));
#1393 = DIRECTION('',(-0.,-0.,-1.));
#1394 = DIRECTION('',(1.,0.,0.));
#1395 = DEFINITIONAL_REPRESENTATION('',(#1396),#1400);
#1396 = LINE('',#1397,#1398);
#1397 = CARTESIAN_POINT('',(-6.28318530718,-5.E-02));
#1398 = VECTOR('',#1399,1.);
#1399 = DIRECTION('',(1.,-0.));
#1400 = ( GEOMETRIC_REPRESENTATION_CONTEXT(2)
PARAMETRIC_REPRESENTATION_CONTEXT() REPRESENTATION_CONTEXT('2D SPACE',''
  ) );
#1401 = FACE_BOUND('',#1402,.F.);
#1402 = EDGE_LOOP('',(#1403));
#1403 = ORIENTED_EDGE('',*,*,#1404,.T.);
#1404 = EDGE_CURVE('',#1405,#1405,#1407,.T.);
#1405 = VERTEX_POINT('',#1406);
#1406 = CARTESIAN_POINT('',(41.307389066888,-3.920685613182,0.));
#1407 = SURFACE_CURVE('',#1408,(#1413,#1424),.PCURVE_S1.);
#1408 = CIRCLE('',#1409,1.5);
#1409 = AXIS2_PLACEMENT_3D('',#1410,#1411,#1412);
#1410 = CARTESIAN_POINT('',(39.807389066888,-3.920685613182,0.));
#1411 = DIRECTION('',(0.,0.,-1.));
#1412 = DIRECTION('',(1.,0.,0.));
#1413 = PCURVE('',#124,#1414);
#1414 = DEFINITIONAL_REPRESENTATION('',(#1415),#1423);
#1415 = ( BOUNDED_CURVE() B_SPLINE_CURVE(2,(#1416,#1417,#1418,#1419,
#1420,#1421,#1422),.UNSPECIFIED.,.T.,.F.) B_SPLINE_CURVE_WITH_KNOTS((1,2
    ,2,2,2,1),(-2.094395102393,0.,2.094395102393,4.188790204786,
6.28318530718,8.377580409573),.UNSPECIFIED.) CURVE()
GEOMETRIC_REPRESENTATION_ITEM() RATIONAL_B_SPLINE_CURVE((1.,0.5,1.,0.5,
1.,0.5,1.)) REPRESENTATION_ITEM('') );
#1416 = CARTESIAN_POINT('',(41.307389066888,-3.920685613182));
#1417 = CARTESIAN_POINT('',(41.307389066888,-6.518761824536));
#1418 = CARTESIAN_POINT('',(39.057389066888,-5.219723718859));
#1419 = CARTESIAN_POINT('',(36.807389066888,-3.920685613182));
#1420 = CARTESIAN_POINT('',(39.057389066888,-2.621647507506));
#1421 = CARTESIAN_POINT('',(41.307389066888,-1.322609401829));
#1422 = CARTESIAN_POINT('',(41.307389066888,-3.920685613182));
#1423 = ( GEOMETRIC_REPRESENTATION_CONTEXT(2)
PARAMETRIC_REPRESENTATION_CONTEXT() REPRESENTATION_CONTEXT('2D SPACE',''
  ) );
#1424 = PCURVE('',#1425,#1430);
#1425 = CYLINDRICAL_SURFACE('',#1426,1.5);
#1426 = AXIS2_PLACEMENT_3D('',#1427,#1428,#1429);
#1427 = CARTESIAN_POINT('',(39.807389066888,-3.920685613182,-5.E-02));
#1428 = DIRECTION('',(-0.,-0.,-1.));
#1429 = DIRECTION('',(1.,0.,0.));
#1430 = DEFINITIONAL_REPRESENTATION('',(#1431),#1435);
#1431 = LINE('',#1432,#1433);
#1432 = CARTESIAN_POINT('',(-6.28318530718,-5.E-02));
#1433 = VECTOR('',#1434,1.);
#1434 = DIRECTION('',(1.,-0.));
#1435 = ( GEOMETRIC_REPRESENTATION_CONTEXT(2)
PARAMETRIC_REPRESENTATION_CONTEXT() REPRESENTATION_CONTEXT('2D SPACE',''
  ) );
#1436 = FACE_BOUND('',#1437,.F.);
#1437 = EDGE_LOOP('',(#1438));
#1438 = ORIENTED_EDGE('',*,*,#1439,.T.);
#1439 = EDGE_CURVE('',#1440,#1440,#1442,.T.);
#1440 = VERTEX_POINT('',#1441);
#1441 = CARTESIAN_POINT('',(-38.5,4.898587196589E-15,0.));
#1442 = SURFACE_CURVE('',#1443,(#1448,#1459),.PCURVE_S1.);
#1443 = CIRCLE('',#1444,1.5);
#1444 = AXIS2_PLACEMENT_3D('',#1445,#1446,#1447);
#1445 = CARTESIAN_POINT('',(-40.,4.898587196589E-15,0.));
#1446 = DIRECTION('',(0.,0.,-1.));
#1447 = DIRECTION('',(1.,0.,0.));
#1448 = PCURVE('',#124,#1449);
#1449 = DEFINITIONAL_REPRESENTATION('',(#1450),#1458);
#1450 = ( BOUNDED_CURVE() B_SPLINE_CURVE(2,(#1451,#1452,#1453,#1454,
#1455,#1456,#1457),.UNSPECIFIED.,.T.,.F.) B_SPLINE_CURVE_WITH_KNOTS((1,2
    ,2,2,2,1),(-2.094395102393,0.,2.094395102393,4.188790204786,
6.28318530718,8.377580409573),.UNSPECIFIED.) CURVE()
GEOMETRIC_REPRESENTATION_ITEM() RATIONAL_B_SPLINE_CURVE((1.,0.5,1.,0.5,
1.,0.5,1.)) REPRESENTATION_ITEM('') );
#1451 = CARTESIAN_POINT('',(-38.5,4.574299531087E-15));
#1452 = CARTESIAN_POINT('',(-38.5,-2.598076211353));
#1453 = CARTESIAN_POINT('',(-40.75,-1.299038105677));
#1454 = CARTESIAN_POINT('',(-43.,4.206905491343E-15));
#1455 = CARTESIAN_POINT('',(-40.75,1.299038105677));
#1456 = CARTESIAN_POINT('',(-38.5,2.598076211353));
#1457 = CARTESIAN_POINT('',(-38.5,4.574299531087E-15));
#1458 = ( GEOMETRIC_REPRESENTATION_CONTEXT(2)
PARAMETRIC_REPRESENTATION_CONTEXT() REPRESENTATION_CONTEXT('2D SPACE',''
  ) );
#1459 = PCURVE('',#1460,#1465);
#1460 = CYLINDRICAL_SURFACE('',#1461,1.5);
#1461 = AXIS2_PLACEMENT_3D('',#1462,#1463,#1464);
#1462 = CARTESIAN_POINT('',(-40.,4.898587196589E-15,-5.E-02));
#1463 = DIRECTION('',(-0.,-0.,-1.));
#1464 = DIRECTION('',(1.,0.,0.));
#1465 = DEFINITIONAL_REPRESENTATION('',(#1466),#1470);
#1466 = LINE('',#1467,#1468);
#1467 = CARTESIAN_POINT('',(-6.28318530718,-5.E-02));
#1468 = VECTOR('',#1469,1.);
#1469 = DIRECTION('',(1.,-0.));
#1470 = ( GEOMETRIC_REPRESENTATION_CONTEXT(2)
PARAMETRIC_REPRESENTATION_CONTEXT() REPRESENTATION_CONTEXT('2D SPACE',''
  ) );
#1471 = FACE_BOUND('',#1472,.F.);
#1472 = EDGE_LOOP('',(#1473));
#1473 = ORIENTED_EDGE('',*,*,#1474,.T.);
#1474 = EDGE_CURVE('',#1475,#1475,#1477,.T.);
#1475 = VERTEX_POINT('',#1476);
#1476 = CARTESIAN_POINT('',(-38.30738906688,3.920685613182,0.));
#1477 = SURFACE_CURVE('',#1478,(#1483,#1494),.PCURVE_S1.);
#1478 = CIRCLE('',#1479,1.5);
#1479 = AXIS2_PLACEMENT_3D('',#1480,#1481,#1482);
#1480 = CARTESIAN_POINT('',(-39.80738906688,3.920685613182,0.));
#1481 = DIRECTION('',(0.,0.,-1.));
#1482 = DIRECTION('',(1.,0.,0.));
#1483 = PCURVE('',#124,#1484);
#1484 = DEFINITIONAL_REPRESENTATION('',(#1485),#1493);
#1485 = ( BOUNDED_CURVE() B_SPLINE_CURVE(2,(#1486,#1487,#1488,#1489,
#1490,#1491,#1492),.UNSPECIFIED.,.T.,.F.) B_SPLINE_CURVE_WITH_KNOTS((1,2
    ,2,2,2,1),(-2.094395102393,0.,2.094395102393,4.188790204786,
6.28318530718,8.377580409573),.UNSPECIFIED.) CURVE()
GEOMETRIC_REPRESENTATION_ITEM() RATIONAL_B_SPLINE_CURVE((1.,0.5,1.,0.5,
1.,0.5,1.)) REPRESENTATION_ITEM('') );
#1486 = CARTESIAN_POINT('',(-38.30738906688,3.920685613182));
#1487 = CARTESIAN_POINT('',(-38.30738906688,1.322609401829));
#1488 = CARTESIAN_POINT('',(-40.55738906688,2.621647507506));
#1489 = CARTESIAN_POINT('',(-42.80738906688,3.920685613182));
#1490 = CARTESIAN_POINT('',(-40.55738906688,5.219723718859));
#1491 = CARTESIAN_POINT('',(-38.30738906688,6.518761824536));
#1492 = CARTESIAN_POINT('',(-38.30738906688,3.920685613182));
#1493 = ( GEOMETRIC_REPRESENTATION_CONTEXT(2)
PARAMETRIC_REPRESENTATION_CONTEXT() REPRESENTATION_CONTEXT('2D SPACE',''
  ) );
#1494 = PCURVE('',#1495,#1500);
#1495 = CYLINDRICAL_SURFACE('',#1496,1.5);
#1496 = AXIS2_PLACEMENT_3D('',#1497,#1498,#1499);
#1497 = CARTESIAN_POINT('',(-39.80738906688,3.920685613182,-5.E-02));
#1498 = DIRECTION('',(-0.,-0.,-1.));
#1499 = DIRECTION('',(1.,0.,0.));
#1500 = DEFINITIONAL_REPRESENTATION('',(#1501),#1505);
#1501 = LINE('',#1502,#1503);
#1502 = CARTESIAN_POINT('',(-6.28318530718,-5.E-02));
#1503 = VECTOR('',#1504,1.);
#1504 = DIRECTION('',(1.,-0.));
#1505 = ( GEOMETRIC_REPRESENTATION_CONTEXT(2)
PARAMETRIC_REPRESENTATION_CONTEXT() REPRESENTATION_CONTEXT('2D SPACE',''
  ) );
#1506 = FACE_BOUND('',#1507,.F.);
#1507 = EDGE_LOOP('',(#1508));
#1508 = ORIENTED_EDGE('',*,*,#1509,.T.);
#1509 = EDGE_CURVE('',#1510,#1510,#1512,.T.);
#1510 = VERTEX_POINT('',#1511);
#1511 = CARTESIAN_POINT('',(-37.73141121612,7.803612880645,0.));
#1512 = SURFACE_CURVE('',#1513,(#1518,#1529),.PCURVE_S1.);
#1513 = CIRCLE('',#1514,1.5);
#1514 = AXIS2_PLACEMENT_3D('',#1515,#1516,#1517);
#1515 = CARTESIAN_POINT('',(-39.23141121612,7.803612880645,0.));
#1516 = DIRECTION('',(0.,0.,-1.));
#1517 = DIRECTION('',(1.,0.,0.));
#1518 = PCURVE('',#124,#1519);
#1519 = DEFINITIONAL_REPRESENTATION('',(#1520),#1528);
#1520 = ( BOUNDED_CURVE() B_SPLINE_CURVE(2,(#1521,#1522,#1523,#1524,
#1525,#1526,#1527),.UNSPECIFIED.,.T.,.F.) B_SPLINE_CURVE_WITH_KNOTS((1,2
    ,2,2,2,1),(-2.094395102393,0.,2.094395102393,4.188790204786,
6.28318530718,8.377580409573),.UNSPECIFIED.) CURVE()
GEOMETRIC_REPRESENTATION_ITEM() RATIONAL_B_SPLINE_CURVE((1.,0.5,1.,0.5,
1.,0.5,1.)) REPRESENTATION_ITEM('') );
#1521 = CARTESIAN_POINT('',(-37.73141121612,7.803612880645));
#1522 = CARTESIAN_POINT('',(-37.73141121612,5.205536669292));
#1523 = CARTESIAN_POINT('',(-39.98141121612,6.504574774968));
#1524 = CARTESIAN_POINT('',(-42.23141121612,7.803612880645));
#1525 = CARTESIAN_POINT('',(-39.98141121612,9.102650986322));
#1526 = CARTESIAN_POINT('',(-37.73141121612,10.401689091998));
#1527 = CARTESIAN_POINT('',(-37.73141121612,7.803612880645));
#1528 = ( GEOMETRIC_REPRESENTATION_CONTEXT(2)
PARAMETRIC_REPRESENTATION_CONTEXT() REPRESENTATION_CONTEXT('2D SPACE',''
  ) );
#1529 = PCURVE('',#1530,#1535);
#1530 = CYLINDRICAL_SURFACE('',#1531,1.5);
#1531 = AXIS2_PLACEMENT_3D('',#1532,#1533,#1534);
#1532 = CARTESIAN_POINT('',(-39.23141121612,7.803612880645,-5.E-02));
#1533 = DIRECTION('',(-0.,-0.,-1.));
#1534 = DIRECTION('',(1.,0.,0.));
#1535 = DEFINITIONAL_REPRESENTATION('',(#1536),#1540);
#1536 = LINE('',#1537,#1538);
#1537 = CARTESIAN_POINT('',(-6.28318530718,-5.E-02));
#1538 = VECTOR('',#1539,1.);
#1539 = DIRECTION('',(1.,-0.));
#1540 = ( GEOMETRIC_REPRESENTATION_CONTEXT(2)
PARAMETRIC_REPRESENTATION_CONTEXT() REPRESENTATION_CONTEXT('2D SPACE',''
  ) );
#1541 = FACE_BOUND('',#1542,.F.);
#1542 = EDGE_LOOP('',(#1543));
#1543 = ORIENTED_EDGE('',*,*,#1544,.T.);
#1544 = EDGE_CURVE('',#1545,#1545,#1547,.T.);
#1545 = VERTEX_POINT('',#1546);
#1546 = CARTESIAN_POINT('',(-36.77761342928,11.611387090178,0.));
#1547 = SURFACE_CURVE('',#1548,(#1553,#1564),.PCURVE_S1.);
#1548 = CIRCLE('',#1549,1.5);
#1549 = AXIS2_PLACEMENT_3D('',#1550,#1551,#1552);
#1550 = CARTESIAN_POINT('',(-38.27761342928,11.611387090178,0.));
#1551 = DIRECTION('',(0.,0.,-1.));
#1552 = DIRECTION('',(1.,0.,0.));
#1553 = PCURVE('',#124,#1554);
#1554 = DEFINITIONAL_REPRESENTATION('',(#1555),#1563);
#1555 = ( BOUNDED_CURVE() B_SPLINE_CURVE(2,(#1556,#1557,#1558,#1559,
#1560,#1561,#1562),.UNSPECIFIED.,.T.,.F.) B_SPLINE_CURVE_WITH_KNOTS((1,2
    ,2,2,2,1),(-2.094395102393,0.,2.094395102393,4.188790204786,
6.28318530718,8.377580409573),.UNSPECIFIED.) CURVE()
GEOMETRIC_REPRESENTATION_ITEM() RATIONAL_B_SPLINE_CURVE((1.,0.5,1.,0.5,
1.,0.5,1.)) REPRESENTATION_ITEM('') );
#1556 = CARTESIAN_POINT('',(-36.77761342928,11.611387090178));
#1557 = CARTESIAN_POINT('',(-36.77761342928,9.013310878825));
#1558 = CARTESIAN_POINT('',(-39.02761342928,10.312348984502));
#1559 = CARTESIAN_POINT('',(-41.27761342928,11.611387090178));
#1560 = CARTESIAN_POINT('',(-39.02761342928,12.910425195855));
#1561 = CARTESIAN_POINT('',(-36.77761342928,14.209463301532));
#1562 = CARTESIAN_POINT('',(-36.77761342928,11.611387090178));
#1563 = ( GEOMETRIC_REPRESENTATION_CONTEXT(2)
PARAMETRIC_REPRESENTATION_CONTEXT() REPRESENTATION_CONTEXT('2D SPACE',''
  ) );
#1564 = PCURVE('',#1565,#1570);
#1565 = CYLINDRICAL_SURFACE('',#1566,1.5);
#1566 = AXIS2_PLACEMENT_3D('',#1567,#1568,#1569);
#1567 = CARTESIAN_POINT('',(-38.27761342928,11.611387090178,-5.E-02));
#1568 = DIRECTION('',(-0.,-0.,-1.));
#1569 = DIRECTION('',(1.,0.,0.));
#1570 = DEFINITIONAL_REPRESENTATION('',(#1571),#1575);
#1571 = LINE('',#1572,#1573);
#1572 = CARTESIAN_POINT('',(-6.28318530718,-5.E-02));
#1573 = VECTOR('',#1574,1.);
#1574 = DIRECTION('',(1.,-0.));
#1575 = ( GEOMETRIC_REPRESENTATION_CONTEXT(2)
PARAMETRIC_REPRESENTATION_CONTEXT() REPRESENTATION_CONTEXT('2D SPACE',''
  ) );
#1576 = FACE_BOUND('',#1577,.F.);
#1577 = EDGE_LOOP('',(#1578));
#1578 = ORIENTED_EDGE('',*,*,#1579,.T.);
#1579 = EDGE_CURVE('',#1580,#1580,#1582,.T.);
#1580 = VERTEX_POINT('',#1581);
#1581 = CARTESIAN_POINT('',(-35.45518130045,15.307337294604,0.));
#1582 = SURFACE_CURVE('',#1583,(#1588,#1599),.PCURVE_S1.);
#1583 = CIRCLE('',#1584,1.5);
#1584 = AXIS2_PLACEMENT_3D('',#1585,#1586,#1587);
#1585 = CARTESIAN_POINT('',(-36.95518130045,15.307337294604,0.));
#1586 = DIRECTION('',(0.,0.,-1.));
#1587 = DIRECTION('',(1.,0.,0.));
#1588 = PCURVE('',#124,#1589);
#1589 = DEFINITIONAL_REPRESENTATION('',(#1590),#1598);
#1590 = ( BOUNDED_CURVE() B_SPLINE_CURVE(2,(#1591,#1592,#1593,#1594,
#1595,#1596,#1597),.UNSPECIFIED.,.T.,.F.) B_SPLINE_CURVE_WITH_KNOTS((1,2
    ,2,2,2,1),(-2.094395102393,0.,2.094395102393,4.188790204786,
6.28318530718,8.377580409573),.UNSPECIFIED.) CURVE()
GEOMETRIC_REPRESENTATION_ITEM() RATIONAL_B_SPLINE_CURVE((1.,0.5,1.,0.5,
1.,0.5,1.)) REPRESENTATION_ITEM('') );
#1591 = CARTESIAN_POINT('',(-35.45518130045,15.307337294604));
#1592 = CARTESIAN_POINT('',(-35.45518130045,12.70926108325));
#1593 = CARTESIAN_POINT('',(-37.70518130045,14.008299188927));
#1594 = CARTESIAN_POINT('',(-39.95518130045,15.307337294604));
#1595 = CARTESIAN_POINT('',(-37.70518130045,16.60637540028));
#1596 = CARTESIAN_POINT('',(-35.45518130045,17.905413505957));
#1597 = CARTESIAN_POINT('',(-35.45518130045,15.307337294604));
#1598 = ( GEOMETRIC_REPRESENTATION_CONTEXT(2)
PARAMETRIC_REPRESENTATION_CONTEXT() REPRESENTATION_CONTEXT('2D SPACE',''
  ) );
#1599 = PCURVE('',#1600,#1605);
#1600 = CYLINDRICAL_SURFACE('',#1601,1.5);
#1601 = AXIS2_PLACEMENT_3D('',#1602,#1603,#1604);
#1602 = CARTESIAN_POINT('',(-36.95518130045,15.307337294604,-5.E-02));
#1603 = DIRECTION('',(-0.,-0.,-1.));
#1604 = DIRECTION('',(1.,0.,0.));
#1605 = DEFINITIONAL_REPRESENTATION('',(#1606),#1610);
#1606 = LINE('',#1607,#1608);
#1607 = CARTESIAN_POINT('',(-6.28318530718,-5.E-02));
#1608 = VECTOR('',#1609,1.);
#1609 = DIRECTION('',(1.,-0.));
#1610 = ( GEOMETRIC_REPRESENTATION_CONTEXT(2)
PARAMETRIC_REPRESENTATION_CONTEXT() REPRESENTATION_CONTEXT('2D SPACE',''
  ) );
#1611 = FACE_BOUND('',#1612,.F.);
#1612 = EDGE_LOOP('',(#1613));
#1613 = ORIENTED_EDGE('',*,*,#1614,.T.);
#1614 = EDGE_CURVE('',#1615,#1615,#1617,.T.);
#1615 = VERTEX_POINT('',#1616);
#1616 = CARTESIAN_POINT('',(-33.77685057393,18.85586947304,0.));
#1617 = SURFACE_CURVE('',#1618,(#1623,#1634),.PCURVE_S1.);
#1618 = CIRCLE('',#1619,1.5);
#1619 = AXIS2_PLACEMENT_3D('',#1620,#1621,#1622);
#1620 = CARTESIAN_POINT('',(-35.27685057393,18.85586947304,0.));
#1621 = DIRECTION('',(0.,0.,-1.));
#1622 = DIRECTION('',(1.,0.,0.));
#1623 = PCURVE('',#124,#1624);
#1624 = DEFINITIONAL_REPRESENTATION('',(#1625),#1633);
#1625 = ( BOUNDED_CURVE() B_SPLINE_CURVE(2,(#1626,#1627,#1628,#1629,
#1630,#1631,#1632),.UNSPECIFIED.,.T.,.F.) B_SPLINE_CURVE_WITH_KNOTS((1,2
    ,2,2,2,1),(-2.094395102393,0.,2.094395102393,4.188790204786,
6.28318530718,8.377580409573),.UNSPECIFIED.) CURVE()
GEOMETRIC_REPRESENTATION_ITEM() RATIONAL_B_SPLINE_CURVE((1.,0.5,1.,0.5,
1.,0.5,1.)) REPRESENTATION_ITEM('') );
#1626 = CARTESIAN_POINT('',(-33.77685057393,18.85586947304));
#1627 = CARTESIAN_POINT('',(-33.77685057393,16.257793261687));
#1628 = CARTESIAN_POINT('',(-36.02685057393,17.556831367363));
#1629 = CARTESIAN_POINT('',(-38.27685057393,18.85586947304));
#1630 = CARTESIAN_POINT('',(-36.02685057393,20.154907578717));
#1631 = CARTESIAN_POINT('',(-33.77685057393,21.453945684393));
#1632 = CARTESIAN_POINT('',(-33.77685057393,18.85586947304));
#1633 = ( GEOMETRIC_REPRESENTATION_CONTEXT(2)
PARAMETRIC_REPRESENTATION_CONTEXT() REPRESENTATION_CONTEXT('2D SPACE',''
  ) );
#1634 = PCURVE('',#1635,#1640);
#1635 = CYLINDRICAL_SURFACE('',#1636,1.5);
#1636 = AXIS2_PLACEMENT_3D('',#1637,#1638,#1639);
#1637 = CARTESIAN_POINT('',(-35.27685057393,18.85586947304,-5.E-02));
#1638 = DIRECTION('',(-0.,-0.,-1.));
#1639 = DIRECTION('',(1.,0.,0.));
#1640 = DEFINITIONAL_REPRESENTATION('',(#1641),#1645);
#1641 = LINE('',#1642,#1643);
#1642 = CARTESIAN_POINT('',(-6.28318530718,-5.E-02));
#1643 = VECTOR('',#1644,1.);
#1644 = DIRECTION('',(1.,-0.));
#1645 = ( GEOMETRIC_REPRESENTATION_CONTEXT(2)
PARAMETRIC_REPRESENTATION_CONTEXT() REPRESENTATION_CONTEXT('2D SPACE',''
  ) );
#1646 = FACE_BOUND('',#1647,.F.);
#1647 = EDGE_LOOP('',(#1648,#1676,#1702,#1728));
#1648 = ORIENTED_EDGE('',*,*,#1649,.T.);
#1649 = EDGE_CURVE('',#1650,#1652,#1654,.T.);
#1650 = VERTEX_POINT('',#1651);
#1651 = CARTESIAN_POINT('',(-11.6,19.025,0.));
#1652 = VERTEX_POINT('',#1653);
#1653 = CARTESIAN_POINT('',(-17.4,19.025,0.));
#1654 = SURFACE_CURVE('',#1655,(#1659,#1665),.PCURVE_S1.);
#1655 = LINE('',#1656,#1657);
#1656 = CARTESIAN_POINT('',(-8.7,19.025,0.));
#1657 = VECTOR('',#1658,1.);
#1658 = DIRECTION('',(-1.,0.,0.));
#1659 = PCURVE('',#124,#1660);
#1660 = DEFINITIONAL_REPRESENTATION('',(#1661),#1664);
#1661 = B_SPLINE_CURVE_WITH_KNOTS('',1,(#1662,#1663),.UNSPECIFIED.,.F.,
  .F.,(2,2),(2.9,8.7),.PIECEWISE_BEZIER_KNOTS.);
#1662 = CARTESIAN_POINT('',(-11.6,19.025));
#1663 = CARTESIAN_POINT('',(-17.4,19.025));
#1664 = ( GEOMETRIC_REPRESENTATION_CONTEXT(2)
PARAMETRIC_REPRESENTATION_CONTEXT() REPRESENTATION_CONTEXT('2D SPACE',''
  ) );
#1665 = PCURVE('',#1666,#1671);
#1666 = PLANE('',#1667);
#1667 = AXIS2_PLACEMENT_3D('',#1668,#1669,#1670);
#1668 = CARTESIAN_POINT('',(-17.4,19.025,-5.E-02));
#1669 = DIRECTION('',(0.,1.,0.));
#1670 = DIRECTION('',(0.,0.,1.));
#1671 = DEFINITIONAL_REPRESENTATION('',(#1672),#1675);
#1672 = B_SPLINE_CURVE_WITH_KNOTS('',1,(#1673,#1674),.UNSPECIFIED.,.F.,
  .F.,(2,2),(2.9,8.7),.PIECEWISE_BEZIER_KNOTS.);
#1673 = CARTESIAN_POINT('',(5.E-02,5.8));
#1674 = CARTESIAN_POINT('',(5.E-02,0.));
#1675 = ( GEOMETRIC_REPRESENTATION_CONTEXT(2)
PARAMETRIC_REPRESENTATION_CONTEXT() REPRESENTATION_CONTEXT('2D SPACE',''
  ) );
#1676 = ORIENTED_EDGE('',*,*,#1677,.T.);
#1677 = EDGE_CURVE('',#1652,#1678,#1680,.T.);
#1678 = VERTEX_POINT('',#1679);
#1679 = CARTESIAN_POINT('',(-17.4,20.975,0.));
#1680 = SURFACE_CURVE('',#1681,(#1685,#1691),.PCURVE_S1.);
#1681 = LINE('',#1682,#1683);
#1682 = CARTESIAN_POINT('',(-17.4,9.5125,0.));
#1683 = VECTOR('',#1684,1.);
#1684 = DIRECTION('',(0.,1.,0.));
#1685 = PCURVE('',#124,#1686);
#1686 = DEFINITIONAL_REPRESENTATION('',(#1687),#1690);
#1687 = B_SPLINE_CURVE_WITH_KNOTS('',1,(#1688,#1689),.UNSPECIFIED.,.F.,
  .F.,(2,2),(9.5125,11.4625),.PIECEWISE_BEZIER_KNOTS.);
#1688 = CARTESIAN_POINT('',(-17.4,19.025));
#1689 = CARTESIAN_POINT('',(-17.4,20.975));
#1690 = ( GEOMETRIC_REPRESENTATION_CONTEXT(2)
PARAMETRIC_REPRESENTATION_CONTEXT() REPRESENTATION_CONTEXT('2D SPACE',''
  ) );
#1691 = PCURVE('',#1692,#1697);
#1692 = PLANE('',#1693);
#1693 = AXIS2_PLACEMENT_3D('',#1694,#1695,#1696);
#1694 = CARTESIAN_POINT('',(-17.4,19.025,-5.E-02));
#1695 = DIRECTION('',(1.,0.,0.));
#1696 = DIRECTION('',(0.,0.,1.));
#1697 = DEFINITIONAL_REPRESENTATION('',(#1698),#1701);
#1698 = B_SPLINE_CURVE_WITH_KNOTS('',1,(#1699,#1700),.UNSPECIFIED.,.F.,
  .F.,(2,2),(9.5125,11.4625),.PIECEWISE_BEZIER_KNOTS.);
#1699 = CARTESIAN_POINT('',(5.E-02,0.));
#1700 = CARTESIAN_POINT('',(5.E-02,-1.95));
#1701 = ( GEOMETRIC_REPRESENTATION_CONTEXT(2)
PARAMETRIC_REPRESENTATION_CONTEXT() REPRESENTATION_CONTEXT('2D SPACE',''
  ) );
#1702 = ORIENTED_EDGE('',*,*,#1703,.F.);
#1703 = EDGE_CURVE('',#1704,#1678,#1706,.T.);
#1704 = VERTEX_POINT('',#1705);
#1705 = CARTESIAN_POINT('',(-11.6,20.975,0.));
#1706 = SURFACE_CURVE('',#1707,(#1711,#1717),.PCURVE_S1.);
#1707 = LINE('',#1708,#1709);
#1708 = CARTESIAN_POINT('',(-8.7,20.975,0.));
#1709 = VECTOR('',#1710,1.);
#1710 = DIRECTION('',(-1.,0.,0.));
#1711 = PCURVE('',#124,#1712);
#1712 = DEFINITIONAL_REPRESENTATION('',(#1713),#1716);
#1713 = B_SPLINE_CURVE_WITH_KNOTS('',1,(#1714,#1715),.UNSPECIFIED.,.F.,
  .F.,(2,2),(2.9,8.7),.PIECEWISE_BEZIER_KNOTS.);
#1714 = CARTESIAN_POINT('',(-11.6,20.975));
#1715 = CARTESIAN_POINT('',(-17.4,20.975));
#1716 = ( GEOMETRIC_REPRESENTATION_CONTEXT(2)
PARAMETRIC_REPRESENTATION_CONTEXT() REPRESENTATION_CONTEXT('2D SPACE',''
  ) );
#1717 = PCURVE('',#1718,#1723);
#1718 = PLANE('',#1719);
#1719 = AXIS2_PLACEMENT_3D('',#1720,#1721,#1722);
#1720 = CARTESIAN_POINT('',(-17.4,20.975,-5.E-02));
#1721 = DIRECTION('',(0.,1.,0.));
#1722 = DIRECTION('',(0.,0.,1.));
#1723 = DEFINITIONAL_REPRESENTATION('',(#1724),#1727);
#1724 = B_SPLINE_CURVE_WITH_KNOTS('',1,(#1725,#1726),.UNSPECIFIED.,.F.,
  .F.,(2,2),(2.9,8.7),.PIECEWISE_BEZIER_KNOTS.);
#1725 = CARTESIAN_POINT('',(5.E-02,5.8));
#1726 = CARTESIAN_POINT('',(5.E-02,0.));
#1727 = ( GEOMETRIC_REPRESENTATION_CONTEXT(2)
PARAMETRIC_REPRESENTATION_CONTEXT() REPRESENTATION_CONTEXT('2D SPACE',''
  ) );
#1728 = ORIENTED_EDGE('',*,*,#1729,.F.);
#1729 = EDGE_CURVE('',#1650,#1704,#1730,.T.);
#1730 = SURFACE_CURVE('',#1731,(#1735,#1741),.PCURVE_S1.);
#1731 = LINE('',#1732,#1733);
#1732 = CARTESIAN_POINT('',(-11.6,9.5125,0.));
#1733 = VECTOR('',#1734,1.);
#1734 = DIRECTION('',(0.,1.,0.));
#1735 = PCURVE('',#124,#1736);
#1736 = DEFINITIONAL_REPRESENTATION('',(#1737),#1740);
#1737 = B_SPLINE_CURVE_WITH_KNOTS('',1,(#1738,#1739),.UNSPECIFIED.,.F.,
  .F.,(2,2),(9.5125,11.4625),.PIECEWISE_BEZIER_KNOTS.);
#1738 = CARTESIAN_POINT('',(-11.6,19.025));
#1739 = CARTESIAN_POINT('',(-11.6,20.975));
#1740 = ( GEOMETRIC_REPRESENTATION_CONTEXT(2)
PARAMETRIC_REPRESENTATION_CONTEXT() REPRESENTATION_CONTEXT('2D SPACE',''
  ) );
#1741 = PCURVE('',#1742,#1747);
#1742 = PLANE('',#1743);
#1743 = AXIS2_PLACEMENT_3D('',#1744,#1745,#1746);
#1744 = CARTESIAN_POINT('',(-11.6,19.025,-5.E-02));
#1745 = DIRECTION('',(1.,0.,0.));
#1746 = DIRECTION('',(0.,0.,1.));
#1747 = DEFINITIONAL_REPRESENTATION('',(#1748),#1751);
#1748 = B_SPLINE_CURVE_WITH_KNOTS('',1,(#1749,#1750),.UNSPECIFIED.,.F.,
  .F.,(2,2),(9.5125,11.4625),.PIECEWISE_BEZIER_KNOTS.);
#1749 = CARTESIAN_POINT('',(5.E-02,0.));
#1750 = CARTESIAN_POINT('',(5.E-02,-1.95));
#1751 = ( GEOMETRIC_REPRESENTATION_CONTEXT(2)
PARAMETRIC_REPRESENTATION_CONTEXT() REPRESENTATION_CONTEXT('2D SPACE',''
  ) );
#1752 = FACE_BOUND('',#1753,.F.);
#1753 = EDGE_LOOP('',(#1754));
#1754 = ORIENTED_EDGE('',*,*,#1755,.T.);
#1755 = EDGE_CURVE('',#1756,#1756,#1758,.T.);
#1756 = VERTEX_POINT('',#1757);
#1757 = CARTESIAN_POINT('',(-31.7587844921,22.222809320784,0.));
#1758 = SURFACE_CURVE('',#1759,(#1764,#1775),.PCURVE_S1.);
#1759 = CIRCLE('',#1760,1.5);
#1760 = AXIS2_PLACEMENT_3D('',#1761,#1762,#1763);
#1761 = CARTESIAN_POINT('',(-33.2587844921,22.222809320784,0.));
#1762 = DIRECTION('',(0.,0.,-1.));
#1763 = DIRECTION('',(1.,0.,0.));
#1764 = PCURVE('',#124,#1765);
#1765 = DEFINITIONAL_REPRESENTATION('',(#1766),#1774);
#1766 = ( BOUNDED_CURVE() B_SPLINE_CURVE(2,(#1767,#1768,#1769,#1770,
#1771,#1772,#1773),.UNSPECIFIED.,.T.,.F.) B_SPLINE_CURVE_WITH_KNOTS((1,2
    ,2,2,2,1),(-2.094395102393,0.,2.094395102393,4.188790204786,
6.28318530718,8.377580409573),.UNSPECIFIED.) CURVE()
GEOMETRIC_REPRESENTATION_ITEM() RATIONAL_B_SPLINE_CURVE((1.,0.5,1.,0.5,
1.,0.5,1.)) REPRESENTATION_ITEM('') );
#1767 = CARTESIAN_POINT('',(-31.7587844921,22.222809320784));
#1768 = CARTESIAN_POINT('',(-31.7587844921,19.624733109431));
#1769 = CARTESIAN_POINT('',(-34.0087844921,20.923771215107));
#1770 = CARTESIAN_POINT('',(-36.2587844921,22.222809320784));
#1771 = CARTESIAN_POINT('',(-34.0087844921,23.521847426461));
#1772 = CARTESIAN_POINT('',(-31.7587844921,24.820885532137));
#1773 = CARTESIAN_POINT('',(-31.7587844921,22.222809320784));
#1774 = ( GEOMETRIC_REPRESENTATION_CONTEXT(2)
PARAMETRIC_REPRESENTATION_CONTEXT() REPRESENTATION_CONTEXT('2D SPACE',''
  ) );
#1775 = PCURVE('',#1776,#1781);
#1776 = CYLINDRICAL_SURFACE('',#1777,1.5);
#1777 = AXIS2_PLACEMENT_3D('',#1778,#1779,#1780);
#1778 = CARTESIAN_POINT('',(-33.2587844921,22.222809320784,-5.E-02));
#1779 = DIRECTION('',(-0.,-0.,-1.));
#1780 = DIRECTION('',(1.,0.,0.));
#1781 = DEFINITIONAL_REPRESENTATION('',(#1782),#1786);
#1782 = LINE('',#1783,#1784);
#1783 = CARTESIAN_POINT('',(-6.28318530718,-5.E-02));
#1784 = VECTOR('',#1785,1.);
#1785 = DIRECTION('',(1.,-0.));
#1786 = ( GEOMETRIC_REPRESENTATION_CONTEXT(2)
PARAMETRIC_REPRESENTATION_CONTEXT() REPRESENTATION_CONTEXT('2D SPACE',''
  ) );
#1787 = FACE_BOUND('',#1788,.F.);
#1788 = EDGE_LOOP('',(#1789));
#1789 = ORIENTED_EDGE('',*,*,#1790,.T.);
#1790 = EDGE_CURVE('',#1791,#1791,#1793,.T.);
#1791 = VERTEX_POINT('',#1792);
#1792 = CARTESIAN_POINT('',(-29.4204181345,25.375731366546,0.));
#1793 = SURFACE_CURVE('',#1794,(#1799,#1810),.PCURVE_S1.);
#1794 = CIRCLE('',#1795,1.5);
#1795 = AXIS2_PLACEMENT_3D('',#1796,#1797,#1798);
#1796 = CARTESIAN_POINT('',(-30.9204181345,25.375731366546,0.));
#1797 = DIRECTION('',(0.,0.,-1.));
#1798 = DIRECTION('',(1.,0.,0.));
#1799 = PCURVE('',#124,#1800);
#1800 = DEFINITIONAL_REPRESENTATION('',(#1801),#1809);
#1801 = ( BOUNDED_CURVE() B_SPLINE_CURVE(2,(#1802,#1803,#1804,#1805,
#1806,#1807,#1808),.UNSPECIFIED.,.T.,.F.) B_SPLINE_CURVE_WITH_KNOTS((1,2
    ,2,2,2,1),(-2.094395102393,0.,2.094395102393,4.188790204786,
6.28318530718,8.377580409573),.UNSPECIFIED.) CURVE()
GEOMETRIC_REPRESENTATION_ITEM() RATIONAL_B_SPLINE_CURVE((1.,0.5,1.,0.5,
1.,0.5,1.)) REPRESENTATION_ITEM('') );
#1802 = CARTESIAN_POINT('',(-29.4204181345,25.375731366546));
#1803 = CARTESIAN_POINT('',(-29.4204181345,22.777655155193));
#1804 = CARTESIAN_POINT('',(-31.6704181345,24.076693260869));
#1805 = CARTESIAN_POINT('',(-33.9204181345,25.375731366546));
#1806 = CARTESIAN_POINT('',(-31.6704181345,26.674769472222));
#1807 = CARTESIAN_POINT('',(-29.4204181345,27.973807577899));
#1808 = CARTESIAN_POINT('',(-29.4204181345,25.375731366546));
#1809 = ( GEOMETRIC_REPRESENTATION_CONTEXT(2)
PARAMETRIC_REPRESENTATION_CONTEXT() REPRESENTATION_CONTEXT('2D SPACE',''
  ) );
#1810 = PCURVE('',#1811,#1816);
#1811 = CYLINDRICAL_SURFACE('',#1812,1.5);
#1812 = AXIS2_PLACEMENT_3D('',#1813,#1814,#1815);
#1813 = CARTESIAN_POINT('',(-30.9204181345,25.375731366546,-5.E-02));
#1814 = DIRECTION('',(-0.,-0.,-1.));
#1815 = DIRECTION('',(1.,0.,0.));
#1816 = DEFINITIONAL_REPRESENTATION('',(#1817),#1821);
#1817 = LINE('',#1818,#1819);
#1818 = CARTESIAN_POINT('',(-6.28318530718,-5.E-02));
#1819 = VECTOR('',#1820,1.);
#1820 = DIRECTION('',(1.,-0.));
#1821 = ( GEOMETRIC_REPRESENTATION_CONTEXT(2)
PARAMETRIC_REPRESENTATION_CONTEXT() REPRESENTATION_CONTEXT('2D SPACE',''
  ) );
#1822 = FACE_BOUND('',#1823,.F.);
#1823 = EDGE_LOOP('',(#1824));
#1824 = ORIENTED_EDGE('',*,*,#1825,.T.);
#1825 = EDGE_CURVE('',#1826,#1826,#1828,.T.);
#1826 = VERTEX_POINT('',#1827);
#1827 = CARTESIAN_POINT('',(-26.78427124746,28.284271247462,0.));
#1828 = SURFACE_CURVE('',#1829,(#1834,#1845),.PCURVE_S1.);
#1829 = CIRCLE('',#1830,1.5);
#1830 = AXIS2_PLACEMENT_3D('',#1831,#1832,#1833);
#1831 = CARTESIAN_POINT('',(-28.28427124746,28.284271247462,0.));
#1832 = DIRECTION('',(0.,0.,-1.));
#1833 = DIRECTION('',(1.,0.,0.));
#1834 = PCURVE('',#124,#1835);
#1835 = DEFINITIONAL_REPRESENTATION('',(#1836),#1844);
#1836 = ( BOUNDED_CURVE() B_SPLINE_CURVE(2,(#1837,#1838,#1839,#1840,
#1841,#1842,#1843),.UNSPECIFIED.,.T.,.F.) B_SPLINE_CURVE_WITH_KNOTS((1,2
    ,2,2,2,1),(-2.094395102393,0.,2.094395102393,4.188790204786,
6.28318530718,8.377580409573),.UNSPECIFIED.) CURVE()
GEOMETRIC_REPRESENTATION_ITEM() RATIONAL_B_SPLINE_CURVE((1.,0.5,1.,0.5,
1.,0.5,1.)) REPRESENTATION_ITEM('') );
#1837 = CARTESIAN_POINT('',(-26.78427124746,28.284271247462));
#1838 = CARTESIAN_POINT('',(-26.78427124746,25.686195036109));
#1839 = CARTESIAN_POINT('',(-29.03427124746,26.985233141785));
#1840 = CARTESIAN_POINT('',(-31.28427124746,28.284271247462));
#1841 = CARTESIAN_POINT('',(-29.03427124746,29.583309353139));
#1842 = CARTESIAN_POINT('',(-26.78427124746,30.882347458815));
#1843 = CARTESIAN_POINT('',(-26.78427124746,28.284271247462));
#1844 = ( GEOMETRIC_REPRESENTATION_CONTEXT(2)
PARAMETRIC_REPRESENTATION_CONTEXT() REPRESENTATION_CONTEXT('2D SPACE',''
  ) );
#1845 = PCURVE('',#1846,#1851);
#1846 = CYLINDRICAL_SURFACE('',#1847,1.5);
#1847 = AXIS2_PLACEMENT_3D('',#1848,#1849,#1850);
#1848 = CARTESIAN_POINT('',(-28.28427124746,28.284271247462,-5.E-02));
#1849 = DIRECTION('',(-0.,-0.,-1.));
#1850 = DIRECTION('',(1.,0.,0.));
#1851 = DEFINITIONAL_REPRESENTATION('',(#1852),#1856);
#1852 = LINE('',#1853,#1854);
#1853 = CARTESIAN_POINT('',(-6.28318530718,-5.E-02));
#1854 = VECTOR('',#1855,1.);
#1855 = DIRECTION('',(1.,-0.));
#1856 = ( GEOMETRIC_REPRESENTATION_CONTEXT(2)
PARAMETRIC_REPRESENTATION_CONTEXT() REPRESENTATION_CONTEXT('2D SPACE',''
  ) );
#1857 = FACE_BOUND('',#1858,.F.);
#1858 = EDGE_LOOP('',(#1859));
#1859 = ORIENTED_EDGE('',*,*,#1860,.T.);
#1860 = EDGE_CURVE('',#1861,#1861,#1863,.T.);
#1861 = VERTEX_POINT('',#1862);
#1862 = CARTESIAN_POINT('',(-23.87573136654,30.920418134509,0.));
#1863 = SURFACE_CURVE('',#1864,(#1869,#1880),.PCURVE_S1.);
#1864 = CIRCLE('',#1865,1.5);
#1865 = AXIS2_PLACEMENT_3D('',#1866,#1867,#1868);
#1866 = CARTESIAN_POINT('',(-25.37573136654,30.920418134509,0.));
#1867 = DIRECTION('',(0.,0.,-1.));
#1868 = DIRECTION('',(1.,0.,0.));
#1869 = PCURVE('',#124,#1870);
#1870 = DEFINITIONAL_REPRESENTATION('',(#1871),#1879);
#1871 = ( BOUNDED_CURVE() B_SPLINE_CURVE(2,(#1872,#1873,#1874,#1875,
#1876,#1877,#1878),.UNSPECIFIED.,.T.,.F.) B_SPLINE_CURVE_WITH_KNOTS((1,2
    ,2,2,2,1),(-2.094395102393,0.,2.094395102393,4.188790204786,
6.28318530718,8.377580409573),.UNSPECIFIED.) CURVE()
GEOMETRIC_REPRESENTATION_ITEM() RATIONAL_B_SPLINE_CURVE((1.,0.5,1.,0.5,
1.,0.5,1.)) REPRESENTATION_ITEM('') );
#1872 = CARTESIAN_POINT('',(-23.87573136654,30.920418134509));
#1873 = CARTESIAN_POINT('',(-23.87573136654,28.322341923156));
#1874 = CARTESIAN_POINT('',(-26.12573136654,29.621380028833));
#1875 = CARTESIAN_POINT('',(-28.37573136654,30.920418134509));
#1876 = CARTESIAN_POINT('',(-26.12573136654,32.219456240186));
#1877 = CARTESIAN_POINT('',(-23.87573136654,33.518494345863));
#1878 = CARTESIAN_POINT('',(-23.87573136654,30.920418134509));
#1879 = ( GEOMETRIC_REPRESENTATION_CONTEXT(2)
PARAMETRIC_REPRESENTATION_CONTEXT() REPRESENTATION_CONTEXT('2D SPACE',''
  ) );
#1880 = PCURVE('',#1881,#1886);
#1881 = CYLINDRICAL_SURFACE('',#1882,1.5);
#1882 = AXIS2_PLACEMENT_3D('',#1883,#1884,#1885);
#1883 = CARTESIAN_POINT('',(-25.37573136654,30.920418134509,-5.E-02));
#1884 = DIRECTION('',(-0.,-0.,-1.));
#1885 = DIRECTION('',(1.,0.,0.));
#1886 = DEFINITIONAL_REPRESENTATION('',(#1887),#1891);
#1887 = LINE('',#1888,#1889);
#1888 = CARTESIAN_POINT('',(-6.28318530718,-5.E-02));
#1889 = VECTOR('',#1890,1.);
#1890 = DIRECTION('',(1.,-0.));
#1891 = ( GEOMETRIC_REPRESENTATION_CONTEXT(2)
PARAMETRIC_REPRESENTATION_CONTEXT() REPRESENTATION_CONTEXT('2D SPACE',''
  ) );
#1892 = FACE_BOUND('',#1893,.F.);
#1893 = EDGE_LOOP('',(#1894));
#1894 = ORIENTED_EDGE('',*,*,#1895,.T.);
#1895 = EDGE_CURVE('',#1896,#1896,#1898,.T.);
#1896 = VERTEX_POINT('',#1897);
#1897 = CARTESIAN_POINT('',(-20.72280932078,33.258784492102,0.));
#1898 = SURFACE_CURVE('',#1899,(#1904,#1915),.PCURVE_S1.);
#1899 = CIRCLE('',#1900,1.5);
#1900 = AXIS2_PLACEMENT_3D('',#1901,#1902,#1903);
#1901 = CARTESIAN_POINT('',(-22.22280932078,33.258784492102,0.));
#1902 = DIRECTION('',(0.,0.,-1.));
#1903 = DIRECTION('',(1.,0.,0.));
#1904 = PCURVE('',#124,#1905);
#1905 = DEFINITIONAL_REPRESENTATION('',(#1906),#1914);
#1906 = ( BOUNDED_CURVE() B_SPLINE_CURVE(2,(#1907,#1908,#1909,#1910,
#1911,#1912,#1913),.UNSPECIFIED.,.T.,.F.) B_SPLINE_CURVE_WITH_KNOTS((1,2
    ,2,2,2,1),(-2.094395102393,0.,2.094395102393,4.188790204786,
6.28318530718,8.377580409573),.UNSPECIFIED.) CURVE()
GEOMETRIC_REPRESENTATION_ITEM() RATIONAL_B_SPLINE_CURVE((1.,0.5,1.,0.5,
1.,0.5,1.)) REPRESENTATION_ITEM('') );
#1907 = CARTESIAN_POINT('',(-20.72280932078,33.258784492102));
#1908 = CARTESIAN_POINT('',(-20.72280932078,30.660708280748));
#1909 = CARTESIAN_POINT('',(-22.97280932078,31.959746386425));
#1910 = CARTESIAN_POINT('',(-25.22280932078,33.258784492102));
#1911 = CARTESIAN_POINT('',(-22.97280932078,34.557822597778));
#1912 = CARTESIAN_POINT('',(-20.72280932078,35.856860703455));
#1913 = CARTESIAN_POINT('',(-20.72280932078,33.258784492102));
#1914 = ( GEOMETRIC_REPRESENTATION_CONTEXT(2)
PARAMETRIC_REPRESENTATION_CONTEXT() REPRESENTATION_CONTEXT('2D SPACE',''
  ) );
#1915 = PCURVE('',#1916,#1921);
#1916 = CYLINDRICAL_SURFACE('',#1917,1.5);
#1917 = AXIS2_PLACEMENT_3D('',#1918,#1919,#1920);
#1918 = CARTESIAN_POINT('',(-22.22280932078,33.258784492102,-5.E-02));
#1919 = DIRECTION('',(-0.,-0.,-1.));
#1920 = DIRECTION('',(1.,0.,0.));
#1921 = DEFINITIONAL_REPRESENTATION('',(#1922),#1926);
#1922 = LINE('',#1923,#1924);
#1923 = CARTESIAN_POINT('',(-6.28318530718,-5.E-02));
#1924 = VECTOR('',#1925,1.);
#1925 = DIRECTION('',(1.,-0.));
#1926 = ( GEOMETRIC_REPRESENTATION_CONTEXT(2)
PARAMETRIC_REPRESENTATION_CONTEXT() REPRESENTATION_CONTEXT('2D SPACE',''
  ) );
#1927 = FACE_BOUND('',#1928,.F.);
#1928 = EDGE_LOOP('',(#1929));
#1929 = ORIENTED_EDGE('',*,*,#1930,.T.);
#1930 = EDGE_CURVE('',#1931,#1931,#1933,.T.);
#1931 = VERTEX_POINT('',#1932);
#1932 = CARTESIAN_POINT('',(-17.35586947304,35.276850573934,0.));
#1933 = SURFACE_CURVE('',#1934,(#1939,#1950),.PCURVE_S1.);
#1934 = CIRCLE('',#1935,1.5);
#1935 = AXIS2_PLACEMENT_3D('',#1936,#1937,#1938);
#1936 = CARTESIAN_POINT('',(-18.85586947304,35.276850573934,0.));
#1937 = DIRECTION('',(0.,0.,-1.));
#1938 = DIRECTION('',(1.,0.,0.));
#1939 = PCURVE('',#124,#1940);
#1940 = DEFINITIONAL_REPRESENTATION('',(#1941),#1949);
#1941 = ( BOUNDED_CURVE() B_SPLINE_CURVE(2,(#1942,#1943,#1944,#1945,
#1946,#1947,#1948),.UNSPECIFIED.,.T.,.F.) B_SPLINE_CURVE_WITH_KNOTS((1,2
    ,2,2,2,1),(-2.094395102393,0.,2.094395102393,4.188790204786,
6.28318530718,8.377580409573),.UNSPECIFIED.) CURVE()
GEOMETRIC_REPRESENTATION_ITEM() RATIONAL_B_SPLINE_CURVE((1.,0.5,1.,0.5,
1.,0.5,1.)) REPRESENTATION_ITEM('') );
#1942 = CARTESIAN_POINT('',(-17.35586947304,35.276850573934));
#1943 = CARTESIAN_POINT('',(-17.35586947304,32.678774362581));
#1944 = CARTESIAN_POINT('',(-19.60586947304,33.977812468258));
#1945 = CARTESIAN_POINT('',(-21.85586947304,35.276850573934));
#1946 = CARTESIAN_POINT('',(-19.60586947304,36.575888679611));
#1947 = CARTESIAN_POINT('',(-17.35586947304,37.874926785288));
#1948 = CARTESIAN_POINT('',(-17.35586947304,35.276850573934));
#1949 = ( GEOMETRIC_REPRESENTATION_CONTEXT(2)
PARAMETRIC_REPRESENTATION_CONTEXT() REPRESENTATION_CONTEXT('2D SPACE',''
  ) );
#1950 = PCURVE('',#1951,#1956);
#1951 = CYLINDRICAL_SURFACE('',#1952,1.5);
#1952 = AXIS2_PLACEMENT_3D('',#1953,#1954,#1955);
#1953 = CARTESIAN_POINT('',(-18.85586947304,35.276850573934,-5.E-02));
#1954 = DIRECTION('',(-0.,-0.,-1.));
#1955 = DIRECTION('',(1.,0.,0.));
#1956 = DEFINITIONAL_REPRESENTATION('',(#1957),#1961);
#1957 = LINE('',#1958,#1959);
#1958 = CARTESIAN_POINT('',(-6.28318530718,-5.E-02));
#1959 = VECTOR('',#1960,1.);
#1960 = DIRECTION('',(1.,-0.));
#1961 = ( GEOMETRIC_REPRESENTATION_CONTEXT(2)
PARAMETRIC_REPRESENTATION_CONTEXT() REPRESENTATION_CONTEXT('2D SPACE',''
  ) );
#1962 = FACE_BOUND('',#1963,.F.);
#1963 = EDGE_LOOP('',(#1964));
#1964 = ORIENTED_EDGE('',*,*,#1965,.T.);
#1965 = EDGE_CURVE('',#1966,#1966,#1968,.T.);
#1966 = VERTEX_POINT('',#1967);
#1967 = CARTESIAN_POINT('',(-13.8073372946,36.955181300451,0.));
#1968 = SURFACE_CURVE('',#1969,(#1974,#1985),.PCURVE_S1.);
#1969 = CIRCLE('',#1970,1.5);
#1970 = AXIS2_PLACEMENT_3D('',#1971,#1972,#1973);
#1971 = CARTESIAN_POINT('',(-15.3073372946,36.955181300451,0.));
#1972 = DIRECTION('',(0.,0.,-1.));
#1973 = DIRECTION('',(1.,0.,0.));
#1974 = PCURVE('',#124,#1975);
#1975 = DEFINITIONAL_REPRESENTATION('',(#1976),#1984);
#1976 = ( BOUNDED_CURVE() B_SPLINE_CURVE(2,(#1977,#1978,#1979,#1980,
#1981,#1982,#1983),.UNSPECIFIED.,.T.,.F.) B_SPLINE_CURVE_WITH_KNOTS((1,2
    ,2,2,2,1),(-2.094395102393,0.,2.094395102393,4.188790204786,
6.28318530718,8.377580409573),.UNSPECIFIED.) CURVE()
GEOMETRIC_REPRESENTATION_ITEM() RATIONAL_B_SPLINE_CURVE((1.,0.5,1.,0.5,
1.,0.5,1.)) REPRESENTATION_ITEM('') );
#1977 = CARTESIAN_POINT('',(-13.8073372946,36.955181300451));
#1978 = CARTESIAN_POINT('',(-13.8073372946,34.357105089098));
#1979 = CARTESIAN_POINT('',(-16.0573372946,35.656143194775));
#1980 = CARTESIAN_POINT('',(-18.3073372946,36.955181300451));
#1981 = CARTESIAN_POINT('',(-16.0573372946,38.254219406128));
#1982 = CARTESIAN_POINT('',(-13.8073372946,39.553257511805));
#1983 = CARTESIAN_POINT('',(-13.8073372946,36.955181300451));
#1984 = ( GEOMETRIC_REPRESENTATION_CONTEXT(2)
PARAMETRIC_REPRESENTATION_CONTEXT() REPRESENTATION_CONTEXT('2D SPACE',''
  ) );
#1985 = PCURVE('',#1986,#1991);
#1986 = CYLINDRICAL_SURFACE('',#1987,1.5);
#1987 = AXIS2_PLACEMENT_3D('',#1988,#1989,#1990);
#1988 = CARTESIAN_POINT('',(-15.3073372946,36.955181300451,-5.E-02));
#1989 = DIRECTION('',(-0.,-0.,-1.));
#1990 = DIRECTION('',(1.,0.,0.));
#1991 = DEFINITIONAL_REPRESENTATION('',(#1992),#1996);
#1992 = LINE('',#1993,#1994);
#1993 = CARTESIAN_POINT('',(-6.28318530718,-5.E-02));
#1994 = VECTOR('',#1995,1.);
#1995 = DIRECTION('',(1.,-0.));
#1996 = ( GEOMETRIC_REPRESENTATION_CONTEXT(2)
PARAMETRIC_REPRESENTATION_CONTEXT() REPRESENTATION_CONTEXT('2D SPACE',''
  ) );
#1997 = FACE_BOUND('',#1998,.F.);
#1998 = EDGE_LOOP('',(#1999));
#1999 = ORIENTED_EDGE('',*,*,#2000,.T.);
#2000 = EDGE_CURVE('',#2001,#2001,#2003,.T.);
#2001 = VERTEX_POINT('',#2002);
#2002 = CARTESIAN_POINT('',(-10.11138709017,38.277613429288,0.));
#2003 = SURFACE_CURVE('',#2004,(#2009,#2020),.PCURVE_S1.);
#2004 = CIRCLE('',#2005,1.5);
#2005 = AXIS2_PLACEMENT_3D('',#2006,#2007,#2008);
#2006 = CARTESIAN_POINT('',(-11.61138709017,38.277613429288,0.));
#2007 = DIRECTION('',(0.,0.,-1.));
#2008 = DIRECTION('',(1.,0.,0.));
#2009 = PCURVE('',#124,#2010);
#2010 = DEFINITIONAL_REPRESENTATION('',(#2011),#2019);
#2011 = ( BOUNDED_CURVE() B_SPLINE_CURVE(2,(#2012,#2013,#2014,#2015,
#2016,#2017,#2018),.UNSPECIFIED.,.T.,.F.) B_SPLINE_CURVE_WITH_KNOTS((1,2
    ,2,2,2,1),(-2.094395102393,0.,2.094395102393,4.188790204786,
6.28318530718,8.377580409573),.UNSPECIFIED.) CURVE()
GEOMETRIC_REPRESENTATION_ITEM() RATIONAL_B_SPLINE_CURVE((1.,0.5,1.,0.5,
1.,0.5,1.)) REPRESENTATION_ITEM('') );
#2012 = CARTESIAN_POINT('',(-10.11138709017,38.277613429288));
#2013 = CARTESIAN_POINT('',(-10.11138709017,35.679537217935));
#2014 = CARTESIAN_POINT('',(-12.36138709017,36.978575323612));
#2015 = CARTESIAN_POINT('',(-14.61138709017,38.277613429288));
#2016 = CARTESIAN_POINT('',(-12.36138709017,39.576651534965));
#2017 = CARTESIAN_POINT('',(-10.11138709017,40.875689640642));
#2018 = CARTESIAN_POINT('',(-10.11138709017,38.277613429288));
#2019 = ( GEOMETRIC_REPRESENTATION_CONTEXT(2)
PARAMETRIC_REPRESENTATION_CONTEXT() REPRESENTATION_CONTEXT('2D SPACE',''
  ) );
#2020 = PCURVE('',#2021,#2026);
#2021 = CYLINDRICAL_SURFACE('',#2022,1.5);
#2022 = AXIS2_PLACEMENT_3D('',#2023,#2024,#2025);
#2023 = CARTESIAN_POINT('',(-11.61138709017,38.277613429288,-5.E-02));
#2024 = DIRECTION('',(-0.,-0.,-1.));
#2025 = DIRECTION('',(1.,0.,0.));
#2026 = DEFINITIONAL_REPRESENTATION('',(#2027),#2031);
#2027 = LINE('',#2028,#2029);
#2028 = CARTESIAN_POINT('',(-6.28318530718,-5.E-02));
#2029 = VECTOR('',#2030,1.);
#2030 = DIRECTION('',(1.,-0.));
#2031 = ( GEOMETRIC_REPRESENTATION_CONTEXT(2)
PARAMETRIC_REPRESENTATION_CONTEXT() REPRESENTATION_CONTEXT('2D SPACE',''
  ) );
#2032 = FACE_BOUND('',#2033,.F.);
#2033 = EDGE_LOOP('',(#2034));
#2034 = ORIENTED_EDGE('',*,*,#2035,.T.);
#2035 = EDGE_CURVE('',#2036,#2036,#2038,.T.);
#2036 = VERTEX_POINT('',#2037);
#2037 = CARTESIAN_POINT('',(-6.303612880645,39.231411216129,0.));
#2038 = SURFACE_CURVE('',#2039,(#2044,#2055),.PCURVE_S1.);
#2039 = CIRCLE('',#2040,1.5);
#2040 = AXIS2_PLACEMENT_3D('',#2041,#2042,#2043);
#2041 = CARTESIAN_POINT('',(-7.803612880645,39.231411216129,0.));
#2042 = DIRECTION('',(0.,0.,-1.));
#2043 = DIRECTION('',(1.,0.,0.));
#2044 = PCURVE('',#124,#2045);
#2045 = DEFINITIONAL_REPRESENTATION('',(#2046),#2054);
#2046 = ( BOUNDED_CURVE() B_SPLINE_CURVE(2,(#2047,#2048,#2049,#2050,
#2051,#2052,#2053),.UNSPECIFIED.,.T.,.F.) B_SPLINE_CURVE_WITH_KNOTS((1,2
    ,2,2,2,1),(-2.094395102393,0.,2.094395102393,4.188790204786,
6.28318530718,8.377580409573),.UNSPECIFIED.) CURVE()
GEOMETRIC_REPRESENTATION_ITEM() RATIONAL_B_SPLINE_CURVE((1.,0.5,1.,0.5,
1.,0.5,1.)) REPRESENTATION_ITEM('') );
#2047 = CARTESIAN_POINT('',(-6.303612880645,39.231411216129));
#2048 = CARTESIAN_POINT('',(-6.303612880645,36.633335004776));
#2049 = CARTESIAN_POINT('',(-8.553612880645,37.932373110453));
#2050 = CARTESIAN_POINT('',(-10.80361288064,39.231411216129));
#2051 = CARTESIAN_POINT('',(-8.553612880645,40.530449321806));
#2052 = CARTESIAN_POINT('',(-6.303612880645,41.829487427483));
#2053 = CARTESIAN_POINT('',(-6.303612880645,39.231411216129));
#2054 = ( GEOMETRIC_REPRESENTATION_CONTEXT(2)
PARAMETRIC_REPRESENTATION_CONTEXT() REPRESENTATION_CONTEXT('2D SPACE',''
  ) );
#2055 = PCURVE('',#2056,#2061);
#2056 = CYLINDRICAL_SURFACE('',#2057,1.5);
#2057 = AXIS2_PLACEMENT_3D('',#2058,#2059,#2060);
#2058 = CARTESIAN_POINT('',(-7.803612880645,39.231411216129,-5.E-02));
#2059 = DIRECTION('',(-0.,-0.,-1.));
#2060 = DIRECTION('',(1.,0.,0.));
#2061 = DEFINITIONAL_REPRESENTATION('',(#2062),#2066);
#2062 = LINE('',#2063,#2064);
#2063 = CARTESIAN_POINT('',(-6.28318530718,-5.E-02));
#2064 = VECTOR('',#2065,1.);
#2065 = DIRECTION('',(1.,-0.));
#2066 = ( GEOMETRIC_REPRESENTATION_CONTEXT(2)
PARAMETRIC_REPRESENTATION_CONTEXT() REPRESENTATION_CONTEXT('2D SPACE',''
  ) );
#2067 = FACE_BOUND('',#2068,.F.);
#2068 = EDGE_LOOP('',(#2069));
#2069 = ORIENTED_EDGE('',*,*,#2070,.T.);
#2070 = EDGE_CURVE('',#2071,#2071,#2073,.T.);
#2071 = VERTEX_POINT('',#2072);
#2072 = CARTESIAN_POINT('',(-2.420685613182,39.807389066888,0.));
#2073 = SURFACE_CURVE('',#2074,(#2079,#2090),.PCURVE_S1.);
#2074 = CIRCLE('',#2075,1.5);
#2075 = AXIS2_PLACEMENT_3D('',#2076,#2077,#2078);
#2076 = CARTESIAN_POINT('',(-3.920685613182,39.807389066888,0.));
#2077 = DIRECTION('',(0.,0.,-1.));
#2078 = DIRECTION('',(1.,0.,0.));
#2079 = PCURVE('',#124,#2080);
#2080 = DEFINITIONAL_REPRESENTATION('',(#2081),#2089);
#2081 = ( BOUNDED_CURVE() B_SPLINE_CURVE(2,(#2082,#2083,#2084,#2085,
#2086,#2087,#2088),.UNSPECIFIED.,.T.,.F.) B_SPLINE_CURVE_WITH_KNOTS((1,2
    ,2,2,2,1),(-2.094395102393,0.,2.094395102393,4.188790204786,
6.28318530718,8.377580409573),.UNSPECIFIED.) CURVE()
GEOMETRIC_REPRESENTATION_ITEM() RATIONAL_B_SPLINE_CURVE((1.,0.5,1.,0.5,
1.,0.5,1.)) REPRESENTATION_ITEM('') );
#2082 = CARTESIAN_POINT('',(-2.420685613182,39.807389066888));
#2083 = CARTESIAN_POINT('',(-2.420685613182,37.209312855535));
#2084 = CARTESIAN_POINT('',(-4.670685613182,38.508350961211));
#2085 = CARTESIAN_POINT('',(-6.920685613182,39.807389066888));
#2086 = CARTESIAN_POINT('',(-4.670685613182,41.106427172565));
#2087 = CARTESIAN_POINT('',(-2.420685613182,42.405465278241));
#2088 = CARTESIAN_POINT('',(-2.420685613182,39.807389066888));
#2089 = ( GEOMETRIC_REPRESENTATION_CONTEXT(2)
PARAMETRIC_REPRESENTATION_CONTEXT() REPRESENTATION_CONTEXT('2D SPACE',''
  ) );
#2090 = PCURVE('',#2091,#2096);
#2091 = CYLINDRICAL_SURFACE('',#2092,1.5);
#2092 = AXIS2_PLACEMENT_3D('',#2093,#2094,#2095);
#2093 = CARTESIAN_POINT('',(-3.920685613182,39.807389066888,-5.E-02));
#2094 = DIRECTION('',(-0.,-0.,-1.));
#2095 = DIRECTION('',(1.,0.,0.));
#2096 = DEFINITIONAL_REPRESENTATION('',(#2097),#2101);
#2097 = LINE('',#2098,#2099);
#2098 = CARTESIAN_POINT('',(-6.28318530718,-5.E-02));
#2099 = VECTOR('',#2100,1.);
#2100 = DIRECTION('',(1.,-0.));
#2101 = ( GEOMETRIC_REPRESENTATION_CONTEXT(2)
PARAMETRIC_REPRESENTATION_CONTEXT() REPRESENTATION_CONTEXT('2D SPACE',''
  ) );
#2102 = FACE_BOUND('',#2103,.F.);
#2103 = EDGE_LOOP('',(#2104,#2139,#2165,#2198));
#2104 = ORIENTED_EDGE('',*,*,#2105,.T.);
#2105 = EDGE_CURVE('',#2106,#2108,#2110,.T.);
#2106 = VERTEX_POINT('',#2107);
#2107 = CARTESIAN_POINT('',(1.45,-2.036541185442,0.));
#2108 = VERTEX_POINT('',#2109);
#2109 = CARTESIAN_POINT('',(-1.45,-2.036541185442,0.));
#2110 = SURFACE_CURVE('',#2111,(#2116,#2127),.PCURVE_S1.);
#2111 = CIRCLE('',#2112,2.5);
#2112 = AXIS2_PLACEMENT_3D('',#2113,#2114,#2115);
#2113 = CARTESIAN_POINT('',(0.,0.,0.));
#2114 = DIRECTION('',(0.,0.,-1.));
#2115 = DIRECTION('',(1.,0.,0.));
#2116 = PCURVE('',#124,#2117);
#2117 = DEFINITIONAL_REPRESENTATION('',(#2118),#2126);
#2118 = ( BOUNDED_CURVE() B_SPLINE_CURVE(2,(#2119,#2120,#2121,#2122,
#2123,#2124,#2125),.UNSPECIFIED.,.T.,.F.) B_SPLINE_CURVE_WITH_KNOTS((1,2
    ,2,2,2,1),(-2.094395102393,0.,2.094395102393,4.188790204786,
6.28318530718,8.377580409573),.UNSPECIFIED.) CURVE()
GEOMETRIC_REPRESENTATION_ITEM() RATIONAL_B_SPLINE_CURVE((1.,0.5,1.,0.5,
1.,0.5,1.)) REPRESENTATION_ITEM('') );
#2119 = CARTESIAN_POINT('',(2.5,-3.242876655026E-16));
#2120 = CARTESIAN_POINT('',(2.5,-4.330127018922));
#2121 = CARTESIAN_POINT('',(-1.25,-2.165063509461));
#2122 = CARTESIAN_POINT('',(-5.,-9.366110650763E-16));
#2123 = CARTESIAN_POINT('',(-1.25,2.165063509461));
#2124 = CARTESIAN_POINT('',(2.5,4.330127018922));
#2125 = CARTESIAN_POINT('',(2.5,-3.242876655026E-16));
#2126 = ( GEOMETRIC_REPRESENTATION_CONTEXT(2)
PARAMETRIC_REPRESENTATION_CONTEXT() REPRESENTATION_CONTEXT('2D SPACE',''
  ) );
#2127 = PCURVE('',#2128,#2133);
#2128 = CYLINDRICAL_SURFACE('',#2129,2.5);
#2129 = AXIS2_PLACEMENT_3D('',#2130,#2131,#2132);
#2130 = CARTESIAN_POINT('',(0.,0.,-5.E-02));
#2131 = DIRECTION('',(-0.,-0.,-1.));
#2132 = DIRECTION('',(1.,0.,0.));
#2133 = DEFINITIONAL_REPRESENTATION('',(#2134),#2138);
#2134 = LINE('',#2135,#2136);
#2135 = CARTESIAN_POINT('',(-6.28318530718,-5.E-02));
#2136 = VECTOR('',#2137,1.);
#2137 = DIRECTION('',(1.,-0.));
#2138 = ( GEOMETRIC_REPRESENTATION_CONTEXT(2)
PARAMETRIC_REPRESENTATION_CONTEXT() REPRESENTATION_CONTEXT('2D SPACE',''
  ) );
#2139 = ORIENTED_EDGE('',*,*,#2140,.T.);
#2140 = EDGE_CURVE('',#2108,#2141,#2143,.T.);
#2141 = VERTEX_POINT('',#2142);
#2142 = CARTESIAN_POINT('',(-1.45,2.036541185442,0.));
#2143 = SURFACE_CURVE('',#2144,(#2148,#2154),.PCURVE_S1.);
#2144 = LINE('',#2145,#2146);
#2145 = CARTESIAN_POINT('',(-1.45,-1.5,0.));
#2146 = VECTOR('',#2147,1.);
#2147 = DIRECTION('',(0.,1.,0.));
#2148 = PCURVE('',#124,#2149);
#2149 = DEFINITIONAL_REPRESENTATION('',(#2150),#2153);
#2150 = B_SPLINE_CURVE_WITH_KNOTS('',1,(#2151,#2152),.UNSPECIFIED.,.F.,
  .F.,(2,2),(-0.536541185442,3.536541185442),.PIECEWISE_BEZIER_KNOTS.);
#2151 = CARTESIAN_POINT('',(-1.45,-2.036541185442));
#2152 = CARTESIAN_POINT('',(-1.45,2.036541185442));
#2153 = ( GEOMETRIC_REPRESENTATION_CONTEXT(2)
PARAMETRIC_REPRESENTATION_CONTEXT() REPRESENTATION_CONTEXT('2D SPACE',''
  ) );
#2154 = PCURVE('',#2155,#2160);
#2155 = PLANE('',#2156);
#2156 = AXIS2_PLACEMENT_3D('',#2157,#2158,#2159);
#2157 = CARTESIAN_POINT('',(-1.45,-3.,-5.E-02));
#2158 = DIRECTION('',(1.,0.,0.));
#2159 = DIRECTION('',(0.,0.,1.));
#2160 = DEFINITIONAL_REPRESENTATION('',(#2161),#2164);
#2161 = B_SPLINE_CURVE_WITH_KNOTS('',1,(#2162,#2163),.UNSPECIFIED.,.F.,
  .F.,(2,2),(-0.536541185442,3.536541185442),.PIECEWISE_BEZIER_KNOTS.);
#2162 = CARTESIAN_POINT('',(5.E-02,-0.963458814558));
#2163 = CARTESIAN_POINT('',(5.E-02,-5.036541185442));
#2164 = ( GEOMETRIC_REPRESENTATION_CONTEXT(2)
PARAMETRIC_REPRESENTATION_CONTEXT() REPRESENTATION_CONTEXT('2D SPACE',''
  ) );
#2165 = ORIENTED_EDGE('',*,*,#2166,.T.);
#2166 = EDGE_CURVE('',#2141,#2167,#2169,.T.);
#2167 = VERTEX_POINT('',#2168);
#2168 = CARTESIAN_POINT('',(1.45,2.036541185442,0.));
#2169 = SURFACE_CURVE('',#2170,(#2175,#2186),.PCURVE_S1.);
#2170 = CIRCLE('',#2171,2.5);
#2171 = AXIS2_PLACEMENT_3D('',#2172,#2173,#2174);
#2172 = CARTESIAN_POINT('',(0.,0.,0.));
#2173 = DIRECTION('',(0.,0.,-1.));
#2174 = DIRECTION('',(1.,0.,0.));
#2175 = PCURVE('',#124,#2176);
#2176 = DEFINITIONAL_REPRESENTATION('',(#2177),#2185);
#2177 = ( BOUNDED_CURVE() B_SPLINE_CURVE(2,(#2178,#2179,#2180,#2181,
#2182,#2183,#2184),.UNSPECIFIED.,.T.,.F.) B_SPLINE_CURVE_WITH_KNOTS((1,2
    ,2,2,2,1),(-2.094395102393,0.,2.094395102393,4.188790204786,
6.28318530718,8.377580409573),.UNSPECIFIED.) CURVE()
GEOMETRIC_REPRESENTATION_ITEM() RATIONAL_B_SPLINE_CURVE((1.,0.5,1.,0.5,
1.,0.5,1.)) REPRESENTATION_ITEM('') );
#2178 = CARTESIAN_POINT('',(2.5,-3.242876655026E-16));
#2179 = CARTESIAN_POINT('',(2.5,-4.330127018922));
#2180 = CARTESIAN_POINT('',(-1.25,-2.165063509461));
#2181 = CARTESIAN_POINT('',(-5.,-9.366110650763E-16));
#2182 = CARTESIAN_POINT('',(-1.25,2.165063509461));
#2183 = CARTESIAN_POINT('',(2.5,4.330127018922));
#2184 = CARTESIAN_POINT('',(2.5,-3.242876655026E-16));
#2185 = ( GEOMETRIC_REPRESENTATION_CONTEXT(2)
PARAMETRIC_REPRESENTATION_CONTEXT() REPRESENTATION_CONTEXT('2D SPACE',''
  ) );
#2186 = PCURVE('',#2187,#2192);
#2187 = CYLINDRICAL_SURFACE('',#2188,2.5);
#2188 = AXIS2_PLACEMENT_3D('',#2189,#2190,#2191);
#2189 = CARTESIAN_POINT('',(0.,0.,-5.E-02));
#2190 = DIRECTION('',(-0.,-0.,-1.));
#2191 = DIRECTION('',(1.,0.,0.));
#2192 = DEFINITIONAL_REPRESENTATION('',(#2193),#2197);
#2193 = LINE('',#2194,#2195);
#2194 = CARTESIAN_POINT('',(-6.28318530718,-5.E-02));
#2195 = VECTOR('',#2196,1.);
#2196 = DIRECTION('',(1.,-0.));
#2197 = ( GEOMETRIC_REPRESENTATION_CONTEXT(2)
PARAMETRIC_REPRESENTATION_CONTEXT() REPRESENTATION_CONTEXT('2D SPACE',''
  ) );
#2198 = ORIENTED_EDGE('',*,*,#2199,.F.);
#2199 = EDGE_CURVE('',#2106,#2167,#2200,.T.);
#2200 = SURFACE_CURVE('',#2201,(#2205,#2211),.PCURVE_S1.);
#2201 = LINE('',#2202,#2203);
#2202 = CARTESIAN_POINT('',(1.45,-1.5,0.));
#2203 = VECTOR('',#2204,1.);
#2204 = DIRECTION('',(0.,1.,0.));
#2205 = PCURVE('',#124,#2206);
#2206 = DEFINITIONAL_REPRESENTATION('',(#2207),#2210);
#2207 = B_SPLINE_CURVE_WITH_KNOTS('',1,(#2208,#2209),.UNSPECIFIED.,.F.,
  .F.,(2,2),(-0.536541185442,3.536541185442),.PIECEWISE_BEZIER_KNOTS.);
#2208 = CARTESIAN_POINT('',(1.45,-2.036541185442));
#2209 = CARTESIAN_POINT('',(1.45,2.036541185442));
#2210 = ( GEOMETRIC_REPRESENTATION_CONTEXT(2)
PARAMETRIC_REPRESENTATION_CONTEXT() REPRESENTATION_CONTEXT('2D SPACE',''
  ) );
#2211 = PCURVE('',#2212,#2217);
#2212 = PLANE('',#2213);
#2213 = AXIS2_PLACEMENT_3D('',#2214,#2215,#2216);
#2214 = CARTESIAN_POINT('',(1.45,-3.,-5.E-02));
#2215 = DIRECTION('',(1.,0.,0.));
#2216 = DIRECTION('',(0.,0.,1.));
#2217 = DEFINITIONAL_REPRESENTATION('',(#2218),#2221);
#2218 = B_SPLINE_CURVE_WITH_KNOTS('',1,(#2219,#2220),.UNSPECIFIED.,.F.,
  .F.,(2,2),(-0.536541185442,3.536541185442),.PIECEWISE_BEZIER_KNOTS.);
#2219 = CARTESIAN_POINT('',(5.E-02,-0.963458814558));
#2220 = CARTESIAN_POINT('',(5.E-02,-5.036541185442));
#2221 = ( GEOMETRIC_REPRESENTATION_CONTEXT(2)
PARAMETRIC_REPRESENTATION_CONTEXT() REPRESENTATION_CONTEXT('2D SPACE',''
  ) );
#2222 = FACE_BOUND('',#2223,.F.);
#2223 = EDGE_LOOP('',(#2224,#2252,#2278,#2304));
#2224 = ORIENTED_EDGE('',*,*,#2225,.T.);
#2225 = EDGE_CURVE('',#2226,#2228,#2230,.T.);
#2226 = VERTEX_POINT('',#2227);
#2227 = CARTESIAN_POINT('',(17.4,19.025,0.));
#2228 = VERTEX_POINT('',#2229);
#2229 = CARTESIAN_POINT('',(11.6,19.025,0.));
#2230 = SURFACE_CURVE('',#2231,(#2235,#2241),.PCURVE_S1.);
#2231 = LINE('',#2232,#2233);
#2232 = CARTESIAN_POINT('',(5.8,19.025,0.));
#2233 = VECTOR('',#2234,1.);
#2234 = DIRECTION('',(-1.,0.,0.));
#2235 = PCURVE('',#124,#2236);
#2236 = DEFINITIONAL_REPRESENTATION('',(#2237),#2240);
#2237 = B_SPLINE_CURVE_WITH_KNOTS('',1,(#2238,#2239),.UNSPECIFIED.,.F.,
  .F.,(2,2),(-11.6,-5.8),.PIECEWISE_BEZIER_KNOTS.);
#2238 = CARTESIAN_POINT('',(17.4,19.025));
#2239 = CARTESIAN_POINT('',(11.6,19.025));
#2240 = ( GEOMETRIC_REPRESENTATION_CONTEXT(2)
PARAMETRIC_REPRESENTATION_CONTEXT() REPRESENTATION_CONTEXT('2D SPACE',''
  ) );
#2241 = PCURVE('',#2242,#2247);
#2242 = PLANE('',#2243);
#2243 = AXIS2_PLACEMENT_3D('',#2244,#2245,#2246);
#2244 = CARTESIAN_POINT('',(11.6,19.025,-5.E-02));
#2245 = DIRECTION('',(0.,1.,0.));
#2246 = DIRECTION('',(0.,0.,1.));
#2247 = DEFINITIONAL_REPRESENTATION('',(#2248),#2251);
#2248 = B_SPLINE_CURVE_WITH_KNOTS('',1,(#2249,#2250),.UNSPECIFIED.,.F.,
  .F.,(2,2),(-11.6,-5.8),.PIECEWISE_BEZIER_KNOTS.);
#2249 = CARTESIAN_POINT('',(5.E-02,5.8));
#2250 = CARTESIAN_POINT('',(5.E-02,0.));
#2251 = ( GEOMETRIC_REPRESENTATION_CONTEXT(2)
PARAMETRIC_REPRESENTATION_CONTEXT() REPRESENTATION_CONTEXT('2D SPACE',''
  ) );
#2252 = ORIENTED_EDGE('',*,*,#2253,.T.);
#2253 = EDGE_CURVE('',#2228,#2254,#2256,.T.);
#2254 = VERTEX_POINT('',#2255);
#2255 = CARTESIAN_POINT('',(11.6,20.975,0.));
#2256 = SURFACE_CURVE('',#2257,(#2261,#2267),.PCURVE_S1.);
#2257 = LINE('',#2258,#2259);
#2258 = CARTESIAN_POINT('',(11.6,9.5125,0.));
#2259 = VECTOR('',#2260,1.);
#2260 = DIRECTION('',(0.,1.,0.));
#2261 = PCURVE('',#124,#2262);
#2262 = DEFINITIONAL_REPRESENTATION('',(#2263),#2266);
#2263 = B_SPLINE_CURVE_WITH_KNOTS('',1,(#2264,#2265),.UNSPECIFIED.,.F.,
  .F.,(2,2),(9.5125,11.4625),.PIECEWISE_BEZIER_KNOTS.);
#2264 = CARTESIAN_POINT('',(11.6,19.025));
#2265 = CARTESIAN_POINT('',(11.6,20.975));
#2266 = ( GEOMETRIC_REPRESENTATION_CONTEXT(2)
PARAMETRIC_REPRESENTATION_CONTEXT() REPRESENTATION_CONTEXT('2D SPACE',''
  ) );
#2267 = PCURVE('',#2268,#2273);
#2268 = PLANE('',#2269);
#2269 = AXIS2_PLACEMENT_3D('',#2270,#2271,#2272);
#2270 = CARTESIAN_POINT('',(11.6,19.025,-5.E-02));
#2271 = DIRECTION('',(1.,0.,0.));
#2272 = DIRECTION('',(0.,0.,1.));
#2273 = DEFINITIONAL_REPRESENTATION('',(#2274),#2277);
#2274 = B_SPLINE_CURVE_WITH_KNOTS('',1,(#2275,#2276),.UNSPECIFIED.,.F.,
  .F.,(2,2),(9.5125,11.4625),.PIECEWISE_BEZIER_KNOTS.);
#2275 = CARTESIAN_POINT('',(5.E-02,0.));
#2276 = CARTESIAN_POINT('',(5.E-02,-1.95));
#2277 = ( GEOMETRIC_REPRESENTATION_CONTEXT(2)
PARAMETRIC_REPRESENTATION_CONTEXT() REPRESENTATION_CONTEXT('2D SPACE',''
  ) );
#2278 = ORIENTED_EDGE('',*,*,#2279,.F.);
#2279 = EDGE_CURVE('',#2280,#2254,#2282,.T.);
#2280 = VERTEX_POINT('',#2281);
#2281 = CARTESIAN_POINT('',(17.4,20.975,0.));
#2282 = SURFACE_CURVE('',#2283,(#2287,#2293),.PCURVE_S1.);
#2283 = LINE('',#2284,#2285);
#2284 = CARTESIAN_POINT('',(5.8,20.975,0.));
#2285 = VECTOR('',#2286,1.);
#2286 = DIRECTION('',(-1.,0.,0.));
#2287 = PCURVE('',#124,#2288);
#2288 = DEFINITIONAL_REPRESENTATION('',(#2289),#2292);
#2289 = B_SPLINE_CURVE_WITH_KNOTS('',1,(#2290,#2291),.UNSPECIFIED.,.F.,
  .F.,(2,2),(-11.6,-5.8),.PIECEWISE_BEZIER_KNOTS.);
#2290 = CARTESIAN_POINT('',(17.4,20.975));
#2291 = CARTESIAN_POINT('',(11.6,20.975));
#2292 = ( GEOMETRIC_REPRESENTATION_CONTEXT(2)
PARAMETRIC_REPRESENTATION_CONTEXT() REPRESENTATION_CONTEXT('2D SPACE',''
  ) );
#2293 = PCURVE('',#2294,#2299);
#2294 = PLANE('',#2295);
#2295 = AXIS2_PLACEMENT_3D('',#2296,#2297,#2298);
#2296 = CARTESIAN_POINT('',(11.6,20.975,-5.E-02));
#2297 = DIRECTION('',(0.,1.,0.));
#2298 = DIRECTION('',(0.,0.,1.));
#2299 = DEFINITIONAL_REPRESENTATION('',(#2300),#2303);
#2300 = B_SPLINE_CURVE_WITH_KNOTS('',1,(#2301,#2302),.UNSPECIFIED.,.F.,
  .F.,(2,2),(-11.6,-5.8),.PIECEWISE_BEZIER_KNOTS.);
#2301 = CARTESIAN_POINT('',(5.E-02,5.8));
#2302 = CARTESIAN_POINT('',(5.E-02,0.));
#2303 = ( GEOMETRIC_REPRESENTATION_CONTEXT(2)
PARAMETRIC_REPRESENTATION_CONTEXT() REPRESENTATION_CONTEXT('2D SPACE',''
  ) );
#2304 = ORIENTED_EDGE('',*,*,#2305,.F.);
#2305 = EDGE_CURVE('',#2226,#2280,#2306,.T.);
#2306 = SURFACE_CURVE('',#2307,(#2311,#2317),.PCURVE_S1.);
#2307 = LINE('',#2308,#2309);
#2308 = CARTESIAN_POINT('',(17.4,9.5125,0.));
#2309 = VECTOR('',#2310,1.);
#2310 = DIRECTION('',(0.,1.,0.));
#2311 = PCURVE('',#124,#2312);
#2312 = DEFINITIONAL_REPRESENTATION('',(#2313),#2316);
#2313 = B_SPLINE_CURVE_WITH_KNOTS('',1,(#2314,#2315),.UNSPECIFIED.,.F.,
  .F.,(2,2),(9.5125,11.4625),.PIECEWISE_BEZIER_KNOTS.);
#2314 = CARTESIAN_POINT('',(17.4,19.025));
#2315 = CARTESIAN_POINT('',(17.4,20.975));
#2316 = ( GEOMETRIC_REPRESENTATION_CONTEXT(2)
PARAMETRIC_REPRESENTATION_CONTEXT() REPRESENTATION_CONTEXT('2D SPACE',''
  ) );
#2317 = PCURVE('',#2318,#2323);
#2318 = PLANE('',#2319);
#2319 = AXIS2_PLACEMENT_3D('',#2320,#2321,#2322);
#2320 = CARTESIAN_POINT('',(17.4,19.025,-5.E-02));
#2321 = DIRECTION('',(1.,0.,0.));
#2322 = DIRECTION('',(0.,0.,1.));
#2323 = DEFINITIONAL_REPRESENTATION('',(#2324),#2327);
#2324 = B_SPLINE_CURVE_WITH_KNOTS('',1,(#2325,#2326),.UNSPECIFIED.,.F.,
  .F.,(2,2),(9.5125,11.4625),.PIECEWISE_BEZIER_KNOTS.);
#2325 = CARTESIAN_POINT('',(5.E-02,0.));
#2326 = CARTESIAN_POINT('',(5.E-02,-1.95));
#2327 = ( GEOMETRIC_REPRESENTATION_CONTEXT(2)
PARAMETRIC_REPRESENTATION_CONTEXT() REPRESENTATION_CONTEXT('2D SPACE',''
  ) );
#2328 = FACE_BOUND('',#2329,.F.);
#2329 = EDGE_LOOP('',(#2330));
#2330 = ORIENTED_EDGE('',*,*,#2331,.T.);
#2331 = EDGE_CURVE('',#2332,#2332,#2334,.T.);
#2332 = VERTEX_POINT('',#2333);
#2333 = CARTESIAN_POINT('',(41.5,0.,0.));
#2334 = SURFACE_CURVE('',#2335,(#2340,#2351),.PCURVE_S1.);
#2335 = CIRCLE('',#2336,1.5);
#2336 = AXIS2_PLACEMENT_3D('',#2337,#2338,#2339);
#2337 = CARTESIAN_POINT('',(40.,0.,0.));
#2338 = DIRECTION('',(0.,0.,-1.));
#2339 = DIRECTION('',(1.,0.,0.));
#2340 = PCURVE('',#124,#2341);
#2341 = DEFINITIONAL_REPRESENTATION('',(#2342),#2350);
#2342 = ( BOUNDED_CURVE() B_SPLINE_CURVE(2,(#2343,#2344,#2345,#2346,
#2347,#2348,#2349),.UNSPECIFIED.,.T.,.F.) B_SPLINE_CURVE_WITH_KNOTS((1,2
    ,2,2,2,1),(-2.094395102393,0.,2.094395102393,4.188790204786,
6.28318530718,8.377580409573),.UNSPECIFIED.) CURVE()
GEOMETRIC_REPRESENTATION_ITEM() RATIONAL_B_SPLINE_CURVE((1.,0.5,1.,0.5,
1.,0.5,1.)) REPRESENTATION_ITEM('') );
#2343 = CARTESIAN_POINT('',(41.5,-3.242876655026E-16));
#2344 = CARTESIAN_POINT('',(41.5,-2.598076211353));
#2345 = CARTESIAN_POINT('',(39.25,-1.299038105677));
#2346 = CARTESIAN_POINT('',(37.,-6.916817052468E-16));
#2347 = CARTESIAN_POINT('',(39.25,1.299038105677));
#2348 = CARTESIAN_POINT('',(41.5,2.598076211353));
#2349 = CARTESIAN_POINT('',(41.5,-3.242876655026E-16));
#2350 = ( GEOMETRIC_REPRESENTATION_CONTEXT(2)
PARAMETRIC_REPRESENTATION_CONTEXT() REPRESENTATION_CONTEXT('2D SPACE',''
  ) );
#2351 = PCURVE('',#2352,#2357);
#2352 = CYLINDRICAL_SURFACE('',#2353,1.5);
#2353 = AXIS2_PLACEMENT_3D('',#2354,#2355,#2356);
#2354 = CARTESIAN_POINT('',(40.,0.,-5.E-02));
#2355 = DIRECTION('',(-0.,-0.,-1.));
#2356 = DIRECTION('',(1.,0.,0.));
#2357 = DEFINITIONAL_REPRESENTATION('',(#2358),#2362);
#2358 = LINE('',#2359,#2360);
#2359 = CARTESIAN_POINT('',(-6.28318530718,-5.E-02));
#2360 = VECTOR('',#2361,1.);
#2361 = DIRECTION('',(1.,-0.));
#2362 = ( GEOMETRIC_REPRESENTATION_CONTEXT(2)
PARAMETRIC_REPRESENTATION_CONTEXT() REPRESENTATION_CONTEXT('2D SPACE',''
  ) );
#2363 = FACE_BOUND('',#2364,.F.);
#2364 = EDGE_LOOP('',(#2365));
#2365 = ORIENTED_EDGE('',*,*,#2366,.T.);
#2366 = EDGE_CURVE('',#2367,#2367,#2369,.T.);
#2367 = VERTEX_POINT('',#2368);
#2368 = CARTESIAN_POINT('',(41.307389066888,3.920685613182,0.));
#2369 = SURFACE_CURVE('',#2370,(#2375,#2386),.PCURVE_S1.);
#2370 = CIRCLE('',#2371,1.5);
#2371 = AXIS2_PLACEMENT_3D('',#2372,#2373,#2374);
#2372 = CARTESIAN_POINT('',(39.807389066888,3.920685613182,0.));
#2373 = DIRECTION('',(0.,0.,-1.));
#2374 = DIRECTION('',(1.,0.,0.));
#2375 = PCURVE('',#124,#2376);
#2376 = DEFINITIONAL_REPRESENTATION('',(#2377),#2385);
#2377 = ( BOUNDED_CURVE() B_SPLINE_CURVE(2,(#2378,#2379,#2380,#2381,
#2382,#2383,#2384),.UNSPECIFIED.,.T.,.F.) B_SPLINE_CURVE_WITH_KNOTS((1,2
    ,2,2,2,1),(-2.094395102393,0.,2.094395102393,4.188790204786,
6.28318530718,8.377580409573),.UNSPECIFIED.) CURVE()
GEOMETRIC_REPRESENTATION_ITEM() RATIONAL_B_SPLINE_CURVE((1.,0.5,1.,0.5,
1.,0.5,1.)) REPRESENTATION_ITEM('') );
#2378 = CARTESIAN_POINT('',(41.307389066888,3.920685613182));
#2379 = CARTESIAN_POINT('',(41.307389066888,1.322609401829));
#2380 = CARTESIAN_POINT('',(39.057389066888,2.621647507506));
#2381 = CARTESIAN_POINT('',(36.807389066888,3.920685613182));
#2382 = CARTESIAN_POINT('',(39.057389066888,5.219723718859));
#2383 = CARTESIAN_POINT('',(41.307389066888,6.518761824536));
#2384 = CARTESIAN_POINT('',(41.307389066888,3.920685613182));
#2385 = ( GEOMETRIC_REPRESENTATION_CONTEXT(2)
PARAMETRIC_REPRESENTATION_CONTEXT() REPRESENTATION_CONTEXT('2D SPACE',''
  ) );
#2386 = PCURVE('',#2387,#2392);
#2387 = CYLINDRICAL_SURFACE('',#2388,1.5);
#2388 = AXIS2_PLACEMENT_3D('',#2389,#2390,#2391);
#2389 = CARTESIAN_POINT('',(39.807389066888,3.920685613182,-5.E-02));
#2390 = DIRECTION('',(-0.,-0.,-1.));
#2391 = DIRECTION('',(1.,0.,0.));
#2392 = DEFINITIONAL_REPRESENTATION('',(#2393),#2397);
#2393 = LINE('',#2394,#2395);
#2394 = CARTESIAN_POINT('',(-6.28318530718,-5.E-02));
#2395 = VECTOR('',#2396,1.);
#2396 = DIRECTION('',(1.,-0.));
#2397 = ( GEOMETRIC_REPRESENTATION_CONTEXT(2)
PARAMETRIC_REPRESENTATION_CONTEXT() REPRESENTATION_CONTEXT('2D SPACE',''
  ) );
#2398 = FACE_BOUND('',#2399,.F.);
#2399 = EDGE_LOOP('',(#2400));
#2400 = ORIENTED_EDGE('',*,*,#2401,.T.);
#2401 = EDGE_CURVE('',#2402,#2402,#2404,.T.);
#2402 = VERTEX_POINT('',#2403);
#2403 = CARTESIAN_POINT('',(40.731411216129,7.803612880645,0.));
#2404 = SURFACE_CURVE('',#2405,(#2410,#2421),.PCURVE_S1.);
#2405 = CIRCLE('',#2406,1.5);
#2406 = AXIS2_PLACEMENT_3D('',#2407,#2408,#2409);
#2407 = CARTESIAN_POINT('',(39.231411216129,7.803612880645,0.));
#2408 = DIRECTION('',(0.,0.,-1.));
#2409 = DIRECTION('',(1.,0.,0.));
#2410 = PCURVE('',#124,#2411);
#2411 = DEFINITIONAL_REPRESENTATION('',(#2412),#2420);
#2412 = ( BOUNDED_CURVE() B_SPLINE_CURVE(2,(#2413,#2414,#2415,#2416,
#2417,#2418,#2419),.UNSPECIFIED.,.T.,.F.) B_SPLINE_CURVE_WITH_KNOTS((1,2
    ,2,2,2,1),(-2.094395102393,0.,2.094395102393,4.188790204786,
6.28318530718,8.377580409573),.UNSPECIFIED.) CURVE()
GEOMETRIC_REPRESENTATION_ITEM() RATIONAL_B_SPLINE_CURVE((1.,0.5,1.,0.5,
1.,0.5,1.)) REPRESENTATION_ITEM('') );
#2413 = CARTESIAN_POINT('',(40.731411216129,7.803612880645));
#2414 = CARTESIAN_POINT('',(40.731411216129,5.205536669292));
#2415 = CARTESIAN_POINT('',(38.481411216129,6.504574774968));
#2416 = CARTESIAN_POINT('',(36.231411216129,7.803612880645));
#2417 = CARTESIAN_POINT('',(38.481411216129,9.102650986322));
#2418 = CARTESIAN_POINT('',(40.731411216129,10.401689091998));
#2419 = CARTESIAN_POINT('',(40.731411216129,7.803612880645));
#2420 = ( GEOMETRIC_REPRESENTATION_CONTEXT(2)
PARAMETRIC_REPRESENTATION_CONTEXT() REPRESENTATION_CONTEXT('2D SPACE',''
  ) );
#2421 = PCURVE('',#2422,#2427);
#2422 = CYLINDRICAL_SURFACE('',#2423,1.5);
#2423 = AXIS2_PLACEMENT_3D('',#2424,#2425,#2426);
#2424 = CARTESIAN_POINT('',(39.231411216129,7.803612880645,-5.E-02));
#2425 = DIRECTION('',(-0.,-0.,-1.));
#2426 = DIRECTION('',(1.,0.,0.));
#2427 = DEFINITIONAL_REPRESENTATION('',(#2428),#2432);
#2428 = LINE('',#2429,#2430);
#2429 = CARTESIAN_POINT('',(-6.28318530718,-5.E-02));
#2430 = VECTOR('',#2431,1.);
#2431 = DIRECTION('',(1.,-0.));
#2432 = ( GEOMETRIC_REPRESENTATION_CONTEXT(2)
PARAMETRIC_REPRESENTATION_CONTEXT() REPRESENTATION_CONTEXT('2D SPACE',''
  ) );
#2433 = FACE_BOUND('',#2434,.F.);
#2434 = EDGE_LOOP('',(#2435));
#2435 = ORIENTED_EDGE('',*,*,#2436,.T.);
#2436 = EDGE_CURVE('',#2437,#2437,#2439,.T.);
#2437 = VERTEX_POINT('',#2438);
#2438 = CARTESIAN_POINT('',(39.777613429288,11.611387090178,0.));
#2439 = SURFACE_CURVE('',#2440,(#2445,#2456),.PCURVE_S1.);
#2440 = CIRCLE('',#2441,1.5);
#2441 = AXIS2_PLACEMENT_3D('',#2442,#2443,#2444);
#2442 = CARTESIAN_POINT('',(38.277613429288,11.611387090178,0.));
#2443 = DIRECTION('',(0.,0.,-1.));
#2444 = DIRECTION('',(1.,0.,0.));
#2445 = PCURVE('',#124,#2446);
#2446 = DEFINITIONAL_REPRESENTATION('',(#2447),#2455);
#2447 = ( BOUNDED_CURVE() B_SPLINE_CURVE(2,(#2448,#2449,#2450,#2451,
#2452,#2453,#2454),.UNSPECIFIED.,.T.,.F.) B_SPLINE_CURVE_WITH_KNOTS((1,2
    ,2,2,2,1),(-2.094395102393,0.,2.094395102393,4.188790204786,
6.28318530718,8.377580409573),.UNSPECIFIED.) CURVE()
GEOMETRIC_REPRESENTATION_ITEM() RATIONAL_B_SPLINE_CURVE((1.,0.5,1.,0.5,
1.,0.5,1.)) REPRESENTATION_ITEM('') );
#2448 = CARTESIAN_POINT('',(39.777613429288,11.611387090178));
#2449 = CARTESIAN_POINT('',(39.777613429288,9.013310878825));
#2450 = CARTESIAN_POINT('',(37.527613429288,10.312348984502));
#2451 = CARTESIAN_POINT('',(35.277613429288,11.611387090178));
#2452 = CARTESIAN_POINT('',(37.527613429288,12.910425195855));
#2453 = CARTESIAN_POINT('',(39.777613429288,14.209463301532));
#2454 = CARTESIAN_POINT('',(39.777613429288,11.611387090178));
#2455 = ( GEOMETRIC_REPRESENTATION_CONTEXT(2)
PARAMETRIC_REPRESENTATION_CONTEXT() REPRESENTATION_CONTEXT('2D SPACE',''
  ) );
#2456 = PCURVE('',#2457,#2462);
#2457 = CYLINDRICAL_SURFACE('',#2458,1.5);
#2458 = AXIS2_PLACEMENT_3D('',#2459,#2460,#2461);
#2459 = CARTESIAN_POINT('',(38.277613429288,11.611387090178,-5.E-02));
#2460 = DIRECTION('',(-0.,-0.,-1.));
#2461 = DIRECTION('',(1.,0.,0.));
#2462 = DEFINITIONAL_REPRESENTATION('',(#2463),#2467);
#2463 = LINE('',#2464,#2465);
#2464 = CARTESIAN_POINT('',(-6.28318530718,-5.E-02));
#2465 = VECTOR('',#2466,1.);
#2466 = DIRECTION('',(1.,-0.));
#2467 = ( GEOMETRIC_REPRESENTATION_CONTEXT(2)
PARAMETRIC_REPRESENTATION_CONTEXT() REPRESENTATION_CONTEXT('2D SPACE',''
  ) );
#2468 = FACE_BOUND('',#2469,.F.);
#2469 = EDGE_LOOP('',(#2470));
#2470 = ORIENTED_EDGE('',*,*,#2471,.T.);
#2471 = EDGE_CURVE('',#2472,#2472,#2474,.T.);
#2472 = VERTEX_POINT('',#2473);
#2473 = CARTESIAN_POINT('',(38.455181300451,15.307337294604,0.));
#2474 = SURFACE_CURVE('',#2475,(#2480,#2491),.PCURVE_S1.);
#2475 = CIRCLE('',#2476,1.5);
#2476 = AXIS2_PLACEMENT_3D('',#2477,#2478,#2479);
#2477 = CARTESIAN_POINT('',(36.955181300451,15.307337294604,0.));
#2478 = DIRECTION('',(0.,0.,-1.));
#2479 = DIRECTION('',(1.,0.,0.));
#2480 = PCURVE('',#124,#2481);
#2481 = DEFINITIONAL_REPRESENTATION('',(#2482),#2490);
#2482 = ( BOUNDED_CURVE() B_SPLINE_CURVE(2,(#2483,#2484,#2485,#2486,
#2487,#2488,#2489),.UNSPECIFIED.,.T.,.F.) B_SPLINE_CURVE_WITH_KNOTS((1,2
    ,2,2,2,1),(-2.094395102393,0.,2.094395102393,4.188790204786,
6.28318530718,8.377580409573),.UNSPECIFIED.) CURVE()
GEOMETRIC_REPRESENTATION_ITEM() RATIONAL_B_SPLINE_CURVE((1.,0.5,1.,0.5,
1.,0.5,1.)) REPRESENTATION_ITEM('') );
#2483 = CARTESIAN_POINT('',(38.455181300451,15.307337294604));
#2484 = CARTESIAN_POINT('',(38.455181300451,12.70926108325));
#2485 = CARTESIAN_POINT('',(36.205181300451,14.008299188927));
#2486 = CARTESIAN_POINT('',(33.955181300451,15.307337294604));
#2487 = CARTESIAN_POINT('',(36.205181300451,16.60637540028));
#2488 = CARTESIAN_POINT('',(38.455181300451,17.905413505957));
#2489 = CARTESIAN_POINT('',(38.455181300451,15.307337294604));
#2490 = ( GEOMETRIC_REPRESENTATION_CONTEXT(2)
PARAMETRIC_REPRESENTATION_CONTEXT() REPRESENTATION_CONTEXT('2D SPACE',''
  ) );
#2491 = PCURVE('',#2492,#2497);
#2492 = CYLINDRICAL_SURFACE('',#2493,1.5);
#2493 = AXIS2_PLACEMENT_3D('',#2494,#2495,#2496);
#2494 = CARTESIAN_POINT('',(36.955181300451,15.307337294604,-5.E-02));
#2495 = DIRECTION('',(-0.,-0.,-1.));
#2496 = DIRECTION('',(1.,0.,0.));
#2497 = DEFINITIONAL_REPRESENTATION('',(#2498),#2502);
#2498 = LINE('',#2499,#2500);
#2499 = CARTESIAN_POINT('',(-6.28318530718,-5.E-02));
#2500 = VECTOR('',#2501,1.);
#2501 = DIRECTION('',(1.,-0.));
#2502 = ( GEOMETRIC_REPRESENTATION_CONTEXT(2)
PARAMETRIC_REPRESENTATION_CONTEXT() REPRESENTATION_CONTEXT('2D SPACE',''
  ) );
#2503 = FACE_BOUND('',#2504,.F.);
#2504 = EDGE_LOOP('',(#2505));
#2505 = ORIENTED_EDGE('',*,*,#2506,.T.);
#2506 = EDGE_CURVE('',#2507,#2507,#2509,.T.);
#2507 = VERTEX_POINT('',#2508);
#2508 = CARTESIAN_POINT('',(36.776850573934,18.85586947304,0.));
#2509 = SURFACE_CURVE('',#2510,(#2515,#2526),.PCURVE_S1.);
#2510 = CIRCLE('',#2511,1.5);
#2511 = AXIS2_PLACEMENT_3D('',#2512,#2513,#2514);
#2512 = CARTESIAN_POINT('',(35.276850573934,18.85586947304,0.));
#2513 = DIRECTION('',(0.,0.,-1.));
#2514 = DIRECTION('',(1.,0.,0.));
#2515 = PCURVE('',#124,#2516);
#2516 = DEFINITIONAL_REPRESENTATION('',(#2517),#2525);
#2517 = ( BOUNDED_CURVE() B_SPLINE_CURVE(2,(#2518,#2519,#2520,#2521,
#2522,#2523,#2524),.UNSPECIFIED.,.T.,.F.) B_SPLINE_CURVE_WITH_KNOTS((1,2
    ,2,2,2,1),(-2.094395102393,0.,2.094395102393,4.188790204786,
6.28318530718,8.377580409573),.UNSPECIFIED.) CURVE()
GEOMETRIC_REPRESENTATION_ITEM() RATIONAL_B_SPLINE_CURVE((1.,0.5,1.,0.5,
1.,0.5,1.)) REPRESENTATION_ITEM('') );
#2518 = CARTESIAN_POINT('',(36.776850573934,18.85586947304));
#2519 = CARTESIAN_POINT('',(36.776850573934,16.257793261687));
#2520 = CARTESIAN_POINT('',(34.526850573934,17.556831367363));
#2521 = CARTESIAN_POINT('',(32.276850573934,18.85586947304));
#2522 = CARTESIAN_POINT('',(34.526850573934,20.154907578717));
#2523 = CARTESIAN_POINT('',(36.776850573934,21.453945684393));
#2524 = CARTESIAN_POINT('',(36.776850573934,18.85586947304));
#2525 = ( GEOMETRIC_REPRESENTATION_CONTEXT(2)
PARAMETRIC_REPRESENTATION_CONTEXT() REPRESENTATION_CONTEXT('2D SPACE',''
  ) );
#2526 = PCURVE('',#2527,#2532);
#2527 = CYLINDRICAL_SURFACE('',#2528,1.5);
#2528 = AXIS2_PLACEMENT_3D('',#2529,#2530,#2531);
#2529 = CARTESIAN_POINT('',(35.276850573934,18.85586947304,-5.E-02));
#2530 = DIRECTION('',(-0.,-0.,-1.));
#2531 = DIRECTION('',(1.,0.,0.));
#2532 = DEFINITIONAL_REPRESENTATION('',(#2533),#2537);
#2533 = LINE('',#2534,#2535);
#2534 = CARTESIAN_POINT('',(-6.28318530718,-5.E-02));
#2535 = VECTOR('',#2536,1.);
#2536 = DIRECTION('',(1.,-0.));
#2537 = ( GEOMETRIC_REPRESENTATION_CONTEXT(2)
PARAMETRIC_REPRESENTATION_CONTEXT() REPRESENTATION_CONTEXT('2D SPACE',''
  ) );
#2538 = FACE_BOUND('',#2539,.F.);
#2539 = EDGE_LOOP('',(#2540));
#2540 = ORIENTED_EDGE('',*,*,#2541,.T.);
#2541 = EDGE_CURVE('',#2542,#2542,#2544,.T.);
#2542 = VERTEX_POINT('',#2543);
#2543 = CARTESIAN_POINT('',(1.5,40.,0.));
#2544 = SURFACE_CURVE('',#2545,(#2550,#2561),.PCURVE_S1.);
#2545 = CIRCLE('',#2546,1.5);
#2546 = AXIS2_PLACEMENT_3D('',#2547,#2548,#2549);
#2547 = CARTESIAN_POINT('',(2.449293598295E-15,40.,0.));
#2548 = DIRECTION('',(0.,0.,-1.));
#2549 = DIRECTION('',(1.,0.,0.));
#2550 = PCURVE('',#124,#2551);
#2551 = DEFINITIONAL_REPRESENTATION('',(#2552),#2560);
#2552 = ( BOUNDED_CURVE() B_SPLINE_CURVE(2,(#2553,#2554,#2555,#2556,
#2557,#2558,#2559),.UNSPECIFIED.,.T.,.F.) B_SPLINE_CURVE_WITH_KNOTS((1,2
    ,2,2,2,1),(-2.094395102393,0.,2.094395102393,4.188790204786,
6.28318530718,8.377580409573),.UNSPECIFIED.) CURVE()
GEOMETRIC_REPRESENTATION_ITEM() RATIONAL_B_SPLINE_CURVE((1.,0.5,1.,0.5,
1.,0.5,1.)) REPRESENTATION_ITEM('') );
#2553 = CARTESIAN_POINT('',(1.5,40.));
#2554 = CARTESIAN_POINT('',(1.5,37.401923788647));
#2555 = CARTESIAN_POINT('',(-0.75,38.700961894323));
#2556 = CARTESIAN_POINT('',(-3.,40.));
#2557 = CARTESIAN_POINT('',(-0.75,41.299038105677));
#2558 = CARTESIAN_POINT('',(1.5,42.598076211353));
#2559 = CARTESIAN_POINT('',(1.5,40.));
#2560 = ( GEOMETRIC_REPRESENTATION_CONTEXT(2)
PARAMETRIC_REPRESENTATION_CONTEXT() REPRESENTATION_CONTEXT('2D SPACE',''
  ) );
#2561 = PCURVE('',#2562,#2567);
#2562 = CYLINDRICAL_SURFACE('',#2563,1.5);
#2563 = AXIS2_PLACEMENT_3D('',#2564,#2565,#2566);
#2564 = CARTESIAN_POINT('',(2.449293598295E-15,40.,-5.E-02));
#2565 = DIRECTION('',(-0.,-0.,-1.));
#2566 = DIRECTION('',(1.,0.,0.));
#2567 = DEFINITIONAL_REPRESENTATION('',(#2568),#2572);
#2568 = LINE('',#2569,#2570);
#2569 = CARTESIAN_POINT('',(-6.28318530718,-5.E-02));
#2570 = VECTOR('',#2571,1.);
#2571 = DIRECTION('',(1.,-0.));
#2572 = ( GEOMETRIC_REPRESENTATION_CONTEXT(2)
PARAMETRIC_REPRESENTATION_CONTEXT() REPRESENTATION_CONTEXT('2D SPACE',''
  ) );
#2573 = FACE_BOUND('',#2574,.F.);
#2574 = EDGE_LOOP('',(#2575));
#2575 = ORIENTED_EDGE('',*,*,#2576,.T.);
#2576 = EDGE_CURVE('',#2577,#2577,#2579,.T.);
#2577 = VERTEX_POINT('',#2578);
#2578 = CARTESIAN_POINT('',(5.420685613182,39.807389066888,0.));
#2579 = SURFACE_CURVE('',#2580,(#2585,#2596),.PCURVE_S1.);
#2580 = CIRCLE('',#2581,1.5);
#2581 = AXIS2_PLACEMENT_3D('',#2582,#2583,#2584);
#2582 = CARTESIAN_POINT('',(3.920685613182,39.807389066888,0.));
#2583 = DIRECTION('',(0.,0.,-1.));
#2584 = DIRECTION('',(1.,0.,0.));
#2585 = PCURVE('',#124,#2586);
#2586 = DEFINITIONAL_REPRESENTATION('',(#2587),#2595);
#2587 = ( BOUNDED_CURVE() B_SPLINE_CURVE(2,(#2588,#2589,#2590,#2591,
#2592,#2593,#2594),.UNSPECIFIED.,.T.,.F.) B_SPLINE_CURVE_WITH_KNOTS((1,2
    ,2,2,2,1),(-2.094395102393,0.,2.094395102393,4.188790204786,
6.28318530718,8.377580409573),.UNSPECIFIED.) CURVE()
GEOMETRIC_REPRESENTATION_ITEM() RATIONAL_B_SPLINE_CURVE((1.,0.5,1.,0.5,
1.,0.5,1.)) REPRESENTATION_ITEM('') );
#2588 = CARTESIAN_POINT('',(5.420685613182,39.807389066888));
#2589 = CARTESIAN_POINT('',(5.420685613182,37.209312855535));
#2590 = CARTESIAN_POINT('',(3.170685613182,38.508350961211));
#2591 = CARTESIAN_POINT('',(0.920685613182,39.807389066888));
#2592 = CARTESIAN_POINT('',(3.170685613182,41.106427172565));
#2593 = CARTESIAN_POINT('',(5.420685613182,42.405465278241));
#2594 = CARTESIAN_POINT('',(5.420685613182,39.807389066888));
#2595 = ( GEOMETRIC_REPRESENTATION_CONTEXT(2)
PARAMETRIC_REPRESENTATION_CONTEXT() REPRESENTATION_CONTEXT('2D SPACE',''
  ) );
#2596 = PCURVE('',#2597,#2602);
#2597 = CYLINDRICAL_SURFACE('',#2598,1.5);
#2598 = AXIS2_PLACEMENT_3D('',#2599,#2600,#2601);
#2599 = CARTESIAN_POINT('',(3.920685613182,39.807389066888,-5.E-02));
#2600 = DIRECTION('',(-0.,-0.,-1.));
#2601 = DIRECTION('',(1.,0.,0.));
#2602 = DEFINITIONAL_REPRESENTATION('',(#2603),#2607);
#2603 = LINE('',#2604,#2605);
#2604 = CARTESIAN_POINT('',(-6.28318530718,-5.E-02));
#2605 = VECTOR('',#2606,1.);
#2606 = DIRECTION('',(1.,-0.));
#2607 = ( GEOMETRIC_REPRESENTATION_CONTEXT(2)
PARAMETRIC_REPRESENTATION_CONTEXT() REPRESENTATION_CONTEXT('2D SPACE',''
  ) );
#2608 = FACE_BOUND('',#2609,.F.);
#2609 = EDGE_LOOP('',(#2610));
#2610 = ORIENTED_EDGE('',*,*,#2611,.T.);
#2611 = EDGE_CURVE('',#2612,#2612,#2614,.T.);
#2612 = VERTEX_POINT('',#2613);
#2613 = CARTESIAN_POINT('',(9.303612880645,39.231411216129,0.));
#2614 = SURFACE_CURVE('',#2615,(#2620,#2631),.PCURVE_S1.);
#2615 = CIRCLE('',#2616,1.5);
#2616 = AXIS2_PLACEMENT_3D('',#2617,#2618,#2619);
#2617 = CARTESIAN_POINT('',(7.803612880645,39.231411216129,0.));
#2618 = DIRECTION('',(0.,0.,-1.));
#2619 = DIRECTION('',(1.,0.,0.));
#2620 = PCURVE('',#124,#2621);
#2621 = DEFINITIONAL_REPRESENTATION('',(#2622),#2630);
#2622 = ( BOUNDED_CURVE() B_SPLINE_CURVE(2,(#2623,#2624,#2625,#2626,
#2627,#2628,#2629),.UNSPECIFIED.,.T.,.F.) B_SPLINE_CURVE_WITH_KNOTS((1,2
    ,2,2,2,1),(-2.094395102393,0.,2.094395102393,4.188790204786,
6.28318530718,8.377580409573),.UNSPECIFIED.) CURVE()
GEOMETRIC_REPRESENTATION_ITEM() RATIONAL_B_SPLINE_CURVE((1.,0.5,1.,0.5,
1.,0.5,1.)) REPRESENTATION_ITEM('') );
#2623 = CARTESIAN_POINT('',(9.303612880645,39.231411216129));
#2624 = CARTESIAN_POINT('',(9.303612880645,36.633335004776));
#2625 = CARTESIAN_POINT('',(7.053612880645,37.932373110453));
#2626 = CARTESIAN_POINT('',(4.803612880645,39.231411216129));
#2627 = CARTESIAN_POINT('',(7.053612880645,40.530449321806));
#2628 = CARTESIAN_POINT('',(9.303612880645,41.829487427483));
#2629 = CARTESIAN_POINT('',(9.303612880645,39.231411216129));
#2630 = ( GEOMETRIC_REPRESENTATION_CONTEXT(2)
PARAMETRIC_REPRESENTATION_CONTEXT() REPRESENTATION_CONTEXT('2D SPACE',''
  ) );
#2631 = PCURVE('',#2632,#2637);
#2632 = CYLINDRICAL_SURFACE('',#2633,1.5);
#2633 = AXIS2_PLACEMENT_3D('',#2634,#2635,#2636);
#2634 = CARTESIAN_POINT('',(7.803612880645,39.231411216129,-5.E-02));
#2635 = DIRECTION('',(-0.,-0.,-1.));
#2636 = DIRECTION('',(1.,0.,0.));
#2637 = DEFINITIONAL_REPRESENTATION('',(#2638),#2642);
#2638 = LINE('',#2639,#2640);
#2639 = CARTESIAN_POINT('',(-6.28318530718,-5.E-02));
#2640 = VECTOR('',#2641,1.);
#2641 = DIRECTION('',(1.,-0.));
#2642 = ( GEOMETRIC_REPRESENTATION_CONTEXT(2)
PARAMETRIC_REPRESENTATION_CONTEXT() REPRESENTATION_CONTEXT('2D SPACE',''
  ) );
#2643 = FACE_BOUND('',#2644,.F.);
#2644 = EDGE_LOOP('',(#2645));
#2645 = ORIENTED_EDGE('',*,*,#2646,.T.);
#2646 = EDGE_CURVE('',#2647,#2647,#2649,.T.);
#2647 = VERTEX_POINT('',#2648);
#2648 = CARTESIAN_POINT('',(20.35586947304,35.276850573934,0.));
#2649 = SURFACE_CURVE('',#2650,(#2655,#2666),.PCURVE_S1.);
#2650 = CIRCLE('',#2651,1.5);
#2651 = AXIS2_PLACEMENT_3D('',#2652,#2653,#2654);
#2652 = CARTESIAN_POINT('',(18.85586947304,35.276850573934,0.));
#2653 = DIRECTION('',(0.,0.,-1.));
#2654 = DIRECTION('',(1.,0.,0.));
#2655 = PCURVE('',#124,#2656);
#2656 = DEFINITIONAL_REPRESENTATION('',(#2657),#2665);
#2657 = ( BOUNDED_CURVE() B_SPLINE_CURVE(2,(#2658,#2659,#2660,#2661,
#2662,#2663,#2664),.UNSPECIFIED.,.T.,.F.) B_SPLINE_CURVE_WITH_KNOTS((1,2
    ,2,2,2,1),(-2.094395102393,0.,2.094395102393,4.188790204786,
6.28318530718,8.377580409573),.UNSPECIFIED.) CURVE()
GEOMETRIC_REPRESENTATION_ITEM() RATIONAL_B_SPLINE_CURVE((1.,0.5,1.,0.5,
1.,0.5,1.)) REPRESENTATION_ITEM('') );
#2658 = CARTESIAN_POINT('',(20.35586947304,35.276850573934));
#2659 = CARTESIAN_POINT('',(20.35586947304,32.678774362581));
#2660 = CARTESIAN_POINT('',(18.10586947304,33.977812468258));
#2661 = CARTESIAN_POINT('',(15.85586947304,35.276850573934));
#2662 = CARTESIAN_POINT('',(18.10586947304,36.575888679611));
#2663 = CARTESIAN_POINT('',(20.35586947304,37.874926785288));
#2664 = CARTESIAN_POINT('',(20.35586947304,35.276850573934));
#2665 = ( GEOMETRIC_REPRESENTATION_CONTEXT(2)
PARAMETRIC_REPRESENTATION_CONTEXT() REPRESENTATION_CONTEXT('2D SPACE',''
  ) );
#2666 = PCURVE('',#2667,#2672);
#2667 = CYLINDRICAL_SURFACE('',#2668,1.5);
#2668 = AXIS2_PLACEMENT_3D('',#2669,#2670,#2671);
#2669 = CARTESIAN_POINT('',(18.85586947304,35.276850573934,-5.E-02));
#2670 = DIRECTION('',(-0.,-0.,-1.));
#2671 = DIRECTION('',(1.,0.,0.));
#2672 = DEFINITIONAL_REPRESENTATION('',(#2673),#2677);
#2673 = LINE('',#2674,#2675);
#2674 = CARTESIAN_POINT('',(-6.28318530718,-5.E-02));
#2675 = VECTOR('',#2676,1.);
#2676 = DIRECTION('',(1.,-0.));
#2677 = ( GEOMETRIC_REPRESENTATION_CONTEXT(2)
PARAMETRIC_REPRESENTATION_CONTEXT() REPRESENTATION_CONTEXT('2D SPACE',''
  ) );
#2678 = FACE_BOUND('',#2679,.F.);
#2679 = EDGE_LOOP('',(#2680));
#2680 = ORIENTED_EDGE('',*,*,#2681,.T.);
#2681 = EDGE_CURVE('',#2682,#2682,#2684,.T.);
#2682 = VERTEX_POINT('',#2683);
#2683 = CARTESIAN_POINT('',(13.111387090178,38.277613429288,0.));
#2684 = SURFACE_CURVE('',#2685,(#2690,#2701),.PCURVE_S1.);
#2685 = CIRCLE('',#2686,1.5);
#2686 = AXIS2_PLACEMENT_3D('',#2687,#2688,#2689);
#2687 = CARTESIAN_POINT('',(11.611387090178,38.277613429288,0.));
#2688 = DIRECTION('',(0.,0.,-1.));
#2689 = DIRECTION('',(1.,0.,0.));
#2690 = PCURVE('',#124,#2691);
#2691 = DEFINITIONAL_REPRESENTATION('',(#2692),#2700);
#2692 = ( BOUNDED_CURVE() B_SPLINE_CURVE(2,(#2693,#2694,#2695,#2696,
#2697,#2698,#2699),.UNSPECIFIED.,.T.,.F.) B_SPLINE_CURVE_WITH_KNOTS((1,2
    ,2,2,2,1),(-2.094395102393,0.,2.094395102393,4.188790204786,
6.28318530718,8.377580409573),.UNSPECIFIED.) CURVE()
GEOMETRIC_REPRESENTATION_ITEM() RATIONAL_B_SPLINE_CURVE((1.,0.5,1.,0.5,
1.,0.5,1.)) REPRESENTATION_ITEM('') );
#2693 = CARTESIAN_POINT('',(13.111387090178,38.277613429288));
#2694 = CARTESIAN_POINT('',(13.111387090178,35.679537217935));
#2695 = CARTESIAN_POINT('',(10.861387090178,36.978575323612));
#2696 = CARTESIAN_POINT('',(8.611387090178,38.277613429288));
#2697 = CARTESIAN_POINT('',(10.861387090178,39.576651534965));
#2698 = CARTESIAN_POINT('',(13.111387090178,40.875689640642));
#2699 = CARTESIAN_POINT('',(13.111387090178,38.277613429288));
#2700 = ( GEOMETRIC_REPRESENTATION_CONTEXT(2)
PARAMETRIC_REPRESENTATION_CONTEXT() REPRESENTATION_CONTEXT('2D SPACE',''
  ) );
#2701 = PCURVE('',#2702,#2707);
#2702 = CYLINDRICAL_SURFACE('',#2703,1.5);
#2703 = AXIS2_PLACEMENT_3D('',#2704,#2705,#2706);
#2704 = CARTESIAN_POINT('',(11.611387090178,38.277613429288,-5.E-02));
#2705 = DIRECTION('',(-0.,-0.,-1.));
#2706 = DIRECTION('',(1.,0.,0.));
#2707 = DEFINITIONAL_REPRESENTATION('',(#2708),#2712);
#2708 = LINE('',#2709,#2710);
#2709 = CARTESIAN_POINT('',(-6.28318530718,-5.E-02));
#2710 = VECTOR('',#2711,1.);
#2711 = DIRECTION('',(1.,-0.));
#2712 = ( GEOMETRIC_REPRESENTATION_CONTEXT(2)
PARAMETRIC_REPRESENTATION_CONTEXT() REPRESENTATION_CONTEXT('2D SPACE',''
  ) );
#2713 = FACE_BOUND('',#2714,.F.);
#2714 = EDGE_LOOP('',(#2715));
#2715 = ORIENTED_EDGE('',*,*,#2716,.T.);
#2716 = EDGE_CURVE('',#2717,#2717,#2719,.T.);
#2717 = VERTEX_POINT('',#2718);
#2718 = CARTESIAN_POINT('',(16.807337294604,36.955181300451,0.));
#2719 = SURFACE_CURVE('',#2720,(#2725,#2736),.PCURVE_S1.);
#2720 = CIRCLE('',#2721,1.5);
#2721 = AXIS2_PLACEMENT_3D('',#2722,#2723,#2724);
#2722 = CARTESIAN_POINT('',(15.307337294604,36.955181300451,0.));
#2723 = DIRECTION('',(0.,0.,-1.));
#2724 = DIRECTION('',(1.,0.,0.));
#2725 = PCURVE('',#124,#2726);
#2726 = DEFINITIONAL_REPRESENTATION('',(#2727),#2735);
#2727 = ( BOUNDED_CURVE() B_SPLINE_CURVE(2,(#2728,#2729,#2730,#2731,
#2732,#2733,#2734),.UNSPECIFIED.,.T.,.F.) B_SPLINE_CURVE_WITH_KNOTS((1,2
    ,2,2,2,1),(-2.094395102393,0.,2.094395102393,4.188790204786,
6.28318530718,8.377580409573),.UNSPECIFIED.) CURVE()
GEOMETRIC_REPRESENTATION_ITEM() RATIONAL_B_SPLINE_CURVE((1.,0.5,1.,0.5,
1.,0.5,1.)) REPRESENTATION_ITEM('') );
#2728 = CARTESIAN_POINT('',(16.807337294604,36.955181300451));
#2729 = CARTESIAN_POINT('',(16.807337294604,34.357105089098));
#2730 = CARTESIAN_POINT('',(14.557337294604,35.656143194775));
#2731 = CARTESIAN_POINT('',(12.307337294604,36.955181300451));
#2732 = CARTESIAN_POINT('',(14.557337294604,38.254219406128));
#2733 = CARTESIAN_POINT('',(16.807337294604,39.553257511805));
#2734 = CARTESIAN_POINT('',(16.807337294604,36.955181300451));
#2735 = ( GEOMETRIC_REPRESENTATION_CONTEXT(2)
PARAMETRIC_REPRESENTATION_CONTEXT() REPRESENTATION_CONTEXT('2D SPACE',''
  ) );
#2736 = PCURVE('',#2737,#2742);
#2737 = CYLINDRICAL_SURFACE('',#2738,1.5);
#2738 = AXIS2_PLACEMENT_3D('',#2739,#2740,#2741);
#2739 = CARTESIAN_POINT('',(15.307337294604,36.955181300451,-5.E-02));
#2740 = DIRECTION('',(-0.,-0.,-1.));
#2741 = DIRECTION('',(1.,0.,0.));
#2742 = DEFINITIONAL_REPRESENTATION('',(#2743),#2747);
#2743 = LINE('',#2744,#2745);
#2744 = CARTESIAN_POINT('',(-6.28318530718,-5.E-02));
#2745 = VECTOR('',#2746,1.);
#2746 = DIRECTION('',(1.,-0.));
#2747 = ( GEOMETRIC_REPRESENTATION_CONTEXT(2)
PARAMETRIC_REPRESENTATION_CONTEXT() REPRESENTATION_CONTEXT('2D SPACE',''
  ) );
#2748 = FACE_BOUND('',#2749,.F.);
#2749 = EDGE_LOOP('',(#2750));
#2750 = ORIENTED_EDGE('',*,*,#2751,.T.);
#2751 = EDGE_CURVE('',#2752,#2752,#2754,.T.);
#2752 = VERTEX_POINT('',#2753);
#2753 = CARTESIAN_POINT('',(32.420418134509,25.375731366546,0.));
#2754 = SURFACE_CURVE('',#2755,(#2760,#2771),.PCURVE_S1.);
#2755 = CIRCLE('',#2756,1.5);
#2756 = AXIS2_PLACEMENT_3D('',#2757,#2758,#2759);
#2757 = CARTESIAN_POINT('',(30.920418134509,25.375731366546,0.));
#2758 = DIRECTION('',(0.,0.,-1.));
#2759 = DIRECTION('',(1.,0.,0.));
#2760 = PCURVE('',#124,#2761);
#2761 = DEFINITIONAL_REPRESENTATION('',(#2762),#2770);
#2762 = ( BOUNDED_CURVE() B_SPLINE_CURVE(2,(#2763,#2764,#2765,#2766,
#2767,#2768,#2769),.UNSPECIFIED.,.T.,.F.) B_SPLINE_CURVE_WITH_KNOTS((1,2
    ,2,2,2,1),(-2.094395102393,0.,2.094395102393,4.188790204786,
6.28318530718,8.377580409573),.UNSPECIFIED.) CURVE()
GEOMETRIC_REPRESENTATION_ITEM() RATIONAL_B_SPLINE_CURVE((1.,0.5,1.,0.5,
1.,0.5,1.)) REPRESENTATION_ITEM('') );
#2763 = CARTESIAN_POINT('',(32.420418134509,25.375731366546));
#2764 = CARTESIAN_POINT('',(32.420418134509,22.777655155193));
#2765 = CARTESIAN_POINT('',(30.170418134509,24.076693260869));
#2766 = CARTESIAN_POINT('',(27.920418134509,25.375731366546));
#2767 = CARTESIAN_POINT('',(30.170418134509,26.674769472222));
#2768 = CARTESIAN_POINT('',(32.420418134509,27.973807577899));
#2769 = CARTESIAN_POINT('',(32.420418134509,25.375731366546));
#2770 = ( GEOMETRIC_REPRESENTATION_CONTEXT(2)
PARAMETRIC_REPRESENTATION_CONTEXT() REPRESENTATION_CONTEXT('2D SPACE',''
  ) );
#2771 = PCURVE('',#2772,#2777);
#2772 = CYLINDRICAL_SURFACE('',#2773,1.5);
#2773 = AXIS2_PLACEMENT_3D('',#2774,#2775,#2776);
#2774 = CARTESIAN_POINT('',(30.920418134509,25.375731366546,-5.E-02));
#2775 = DIRECTION('',(-0.,-0.,-1.));
#2776 = DIRECTION('',(1.,0.,0.));
#2777 = DEFINITIONAL_REPRESENTATION('',(#2778),#2782);
#2778 = LINE('',#2779,#2780);
#2779 = CARTESIAN_POINT('',(-6.28318530718,-5.E-02));
#2780 = VECTOR('',#2781,1.);
#2781 = DIRECTION('',(1.,-0.));
#2782 = ( GEOMETRIC_REPRESENTATION_CONTEXT(2)
PARAMETRIC_REPRESENTATION_CONTEXT() REPRESENTATION_CONTEXT('2D SPACE',''
  ) );
#2783 = FACE_BOUND('',#2784,.F.);
#2784 = EDGE_LOOP('',(#2785));
#2785 = ORIENTED_EDGE('',*,*,#2786,.T.);
#2786 = EDGE_CURVE('',#2787,#2787,#2789,.T.);
#2787 = VERTEX_POINT('',#2788);
#2788 = CARTESIAN_POINT('',(26.875731366546,30.920418134509,0.));
#2789 = SURFACE_CURVE('',#2790,(#2795,#2806),.PCURVE_S1.);
#2790 = CIRCLE('',#2791,1.5);
#2791 = AXIS2_PLACEMENT_3D('',#2792,#2793,#2794);
#2792 = CARTESIAN_POINT('',(25.375731366546,30.920418134509,0.));
#2793 = DIRECTION('',(0.,0.,-1.));
#2794 = DIRECTION('',(1.,0.,0.));
#2795 = PCURVE('',#124,#2796);
#2796 = DEFINITIONAL_REPRESENTATION('',(#2797),#2805);
#2797 = ( BOUNDED_CURVE() B_SPLINE_CURVE(2,(#2798,#2799,#2800,#2801,
#2802,#2803,#2804),.UNSPECIFIED.,.T.,.F.) B_SPLINE_CURVE_WITH_KNOTS((1,2
    ,2,2,2,1),(-2.094395102393,0.,2.094395102393,4.188790204786,
6.28318530718,8.377580409573),.UNSPECIFIED.) CURVE()
GEOMETRIC_REPRESENTATION_ITEM() RATIONAL_B_SPLINE_CURVE((1.,0.5,1.,0.5,
1.,0.5,1.)) REPRESENTATION_ITEM('') );
#2798 = CARTESIAN_POINT('',(26.875731366546,30.920418134509));
#2799 = CARTESIAN_POINT('',(26.875731366546,28.322341923156));
#2800 = CARTESIAN_POINT('',(24.625731366546,29.621380028833));
#2801 = CARTESIAN_POINT('',(22.375731366546,30.920418134509));
#2802 = CARTESIAN_POINT('',(24.625731366546,32.219456240186));
#2803 = CARTESIAN_POINT('',(26.875731366546,33.518494345863));
#2804 = CARTESIAN_POINT('',(26.875731366546,30.920418134509));
#2805 = ( GEOMETRIC_REPRESENTATION_CONTEXT(2)
PARAMETRIC_REPRESENTATION_CONTEXT() REPRESENTATION_CONTEXT('2D SPACE',''
  ) );
#2806 = PCURVE('',#2807,#2812);
#2807 = CYLINDRICAL_SURFACE('',#2808,1.5);
#2808 = AXIS2_PLACEMENT_3D('',#2809,#2810,#2811);
#2809 = CARTESIAN_POINT('',(25.375731366546,30.920418134509,-5.E-02));
#2810 = DIRECTION('',(-0.,-0.,-1.));
#2811 = DIRECTION('',(1.,0.,0.));
#2812 = DEFINITIONAL_REPRESENTATION('',(#2813),#2817);
#2813 = LINE('',#2814,#2815);
#2814 = CARTESIAN_POINT('',(-6.28318530718,-5.E-02));
#2815 = VECTOR('',#2816,1.);
#2816 = DIRECTION('',(1.,-0.));
#2817 = ( GEOMETRIC_REPRESENTATION_CONTEXT(2)
PARAMETRIC_REPRESENTATION_CONTEXT() REPRESENTATION_CONTEXT('2D SPACE',''
  ) );
#2818 = FACE_BOUND('',#2819,.F.);
#2819 = EDGE_LOOP('',(#2820));
#2820 = ORIENTED_EDGE('',*,*,#2821,.T.);
#2821 = EDGE_CURVE('',#2822,#2822,#2824,.T.);
#2822 = VERTEX_POINT('',#2823);
#2823 = CARTESIAN_POINT('',(29.784271247462,28.284271247462,0.));
#2824 = SURFACE_CURVE('',#2825,(#2830,#2841),.PCURVE_S1.);
#2825 = CIRCLE('',#2826,1.5);
#2826 = AXIS2_PLACEMENT_3D('',#2827,#2828,#2829);
#2827 = CARTESIAN_POINT('',(28.284271247462,28.284271247462,0.));
#2828 = DIRECTION('',(0.,0.,-1.));
#2829 = DIRECTION('',(1.,0.,0.));
#2830 = PCURVE('',#124,#2831);
#2831 = DEFINITIONAL_REPRESENTATION('',(#2832),#2840);
#2832 = ( BOUNDED_CURVE() B_SPLINE_CURVE(2,(#2833,#2834,#2835,#2836,
#2837,#2838,#2839),.UNSPECIFIED.,.T.,.F.) B_SPLINE_CURVE_WITH_KNOTS((1,2
    ,2,2,2,1),(-2.094395102393,0.,2.094395102393,4.188790204786,
6.28318530718,8.377580409573),.UNSPECIFIED.) CURVE()
GEOMETRIC_REPRESENTATION_ITEM() RATIONAL_B_SPLINE_CURVE((1.,0.5,1.,0.5,
1.,0.5,1.)) REPRESENTATION_ITEM('') );
#2833 = CARTESIAN_POINT('',(29.784271247462,28.284271247462));
#2834 = CARTESIAN_POINT('',(29.784271247462,25.686195036109));
#2835 = CARTESIAN_POINT('',(27.534271247462,26.985233141785));
#2836 = CARTESIAN_POINT('',(25.284271247462,28.284271247462));
#2837 = CARTESIAN_POINT('',(27.534271247462,29.583309353139));
#2838 = CARTESIAN_POINT('',(29.784271247462,30.882347458815));
#2839 = CARTESIAN_POINT('',(29.784271247462,28.284271247462));
#2840 = ( GEOMETRIC_REPRESENTATION_CONTEXT(2)
PARAMETRIC_REPRESENTATION_CONTEXT() REPRESENTATION_CONTEXT('2D SPACE',''
  ) );
#2841 = PCURVE('',#2842,#2847);
#2842 = CYLINDRICAL_SURFACE('',#2843,1.5);
#2843 = AXIS2_PLACEMENT_3D('',#2844,#2845,#2846);
#2844 = CARTESIAN_POINT('',(28.284271247462,28.284271247462,-5.E-02));
#2845 = DIRECTION('',(-0.,-0.,-1.));
#2846 = DIRECTION('',(1.,0.,0.));
#2847 = DEFINITIONAL_REPRESENTATION('',(#2848),#2852);
#2848 = LINE('',#2849,#2850);
#2849 = CARTESIAN_POINT('',(-6.28318530718,-5.E-02));
#2850 = VECTOR('',#2851,1.);
#2851 = DIRECTION('',(1.,-0.));
#2852 = ( GEOMETRIC_REPRESENTATION_CONTEXT(2)
PARAMETRIC_REPRESENTATION_CONTEXT() REPRESENTATION_CONTEXT('2D SPACE',''
  ) );
#2853 = FACE_BOUND('',#2854,.F.);
#2854 = EDGE_LOOP('',(#2855));
#2855 = ORIENTED_EDGE('',*,*,#2856,.T.);
#2856 = EDGE_CURVE('',#2857,#2857,#2859,.T.);
#2857 = VERTEX_POINT('',#2858);
#2858 = CARTESIAN_POINT('',(34.758784492102,22.222809320784,0.));
#2859 = SURFACE_CURVE('',#2860,(#2865,#2876),.PCURVE_S1.);
#2860 = CIRCLE('',#2861,1.5);
#2861 = AXIS2_PLACEMENT_3D('',#2862,#2863,#2864);
#2862 = CARTESIAN_POINT('',(33.258784492102,22.222809320784,0.));
#2863 = DIRECTION('',(0.,0.,-1.));
#2864 = DIRECTION('',(1.,0.,0.));
#2865 = PCURVE('',#124,#2866);
#2866 = DEFINITIONAL_REPRESENTATION('',(#2867),#2875);
#2867 = ( BOUNDED_CURVE() B_SPLINE_CURVE(2,(#2868,#2869,#2870,#2871,
#2872,#2873,#2874),.UNSPECIFIED.,.T.,.F.) B_SPLINE_CURVE_WITH_KNOTS((1,2
    ,2,2,2,1),(-2.094395102393,0.,2.094395102393,4.188790204786,
6.28318530718,8.377580409573),.UNSPECIFIED.) CURVE()
GEOMETRIC_REPRESENTATION_ITEM() RATIONAL_B_SPLINE_CURVE((1.,0.5,1.,0.5,
1.,0.5,1.)) REPRESENTATION_ITEM('') );
#2868 = CARTESIAN_POINT('',(34.758784492102,22.222809320784));
#2869 = CARTESIAN_POINT('',(34.758784492102,19.624733109431));
#2870 = CARTESIAN_POINT('',(32.508784492102,20.923771215107));
#2871 = CARTESIAN_POINT('',(30.258784492102,22.222809320784));
#2872 = CARTESIAN_POINT('',(32.508784492102,23.521847426461));
#2873 = CARTESIAN_POINT('',(34.758784492102,24.820885532137));
#2874 = CARTESIAN_POINT('',(34.758784492102,22.222809320784));
#2875 = ( GEOMETRIC_REPRESENTATION_CONTEXT(2)
PARAMETRIC_REPRESENTATION_CONTEXT() REPRESENTATION_CONTEXT('2D SPACE',''
  ) );
#2876 = PCURVE('',#2877,#2882);
#2877 = CYLINDRICAL_SURFACE('',#2878,1.5);
#2878 = AXIS2_PLACEMENT_3D('',#2879,#2880,#2881);
#2879 = CARTESIAN_POINT('',(33.258784492102,22.222809320784,-5.E-02));
#2880 = DIRECTION('',(-0.,-0.,-1.));
#2881 = DIRECTION('',(1.,0.,0.));
#2882 = DEFINITIONAL_REPRESENTATION('',(#2883),#2887);
#2883 = LINE('',#2884,#2885);
#2884 = CARTESIAN_POINT('',(-6.28318530718,-5.E-02));
#2885 = VECTOR('',#2886,1.);
#2886 = DIRECTION('',(1.,-0.));
#2887 = ( GEOMETRIC_REPRESENTATION_CONTEXT(2)
PARAMETRIC_REPRESENTATION_CONTEXT() REPRESENTATION_CONTEXT('2D SPACE',''
  ) );
#2888 = FACE_BOUND('',#2889,.F.);
#2889 = EDGE_LOOP('',(#2890));
#2890 = ORIENTED_EDGE('',*,*,#2891,.T.);
#2891 = EDGE_CURVE('',#2892,#2892,#2894,.T.);
#2892 = VERTEX_POINT('',#2893);
#2893 = CARTESIAN_POINT('',(23.722809320784,33.258784492102,0.));
#2894 = SURFACE_CURVE('',#2895,(#2900,#2911),.PCURVE_S1.);
#2895 = CIRCLE('',#2896,1.5);
#2896 = AXIS2_PLACEMENT_3D('',#2897,#2898,#2899);
#2897 = CARTESIAN_POINT('',(22.222809320784,33.258784492102,0.));
#2898 = DIRECTION('',(0.,0.,-1.));
#2899 = DIRECTION('',(1.,0.,0.));
#2900 = PCURVE('',#124,#2901);
#2901 = DEFINITIONAL_REPRESENTATION('',(#2902),#2910);
#2902 = ( BOUNDED_CURVE() B_SPLINE_CURVE(2,(#2903,#2904,#2905,#2906,
#2907,#2908,#2909),.UNSPECIFIED.,.T.,.F.) B_SPLINE_CURVE_WITH_KNOTS((1,2
    ,2,2,2,1),(-2.094395102393,0.,2.094395102393,4.188790204786,
6.28318530718,8.377580409573),.UNSPECIFIED.) CURVE()
GEOMETRIC_REPRESENTATION_ITEM() RATIONAL_B_SPLINE_CURVE((1.,0.5,1.,0.5,
1.,0.5,1.)) REPRESENTATION_ITEM('') );
#2903 = CARTESIAN_POINT('',(23.722809320784,33.258784492102));
#2904 = CARTESIAN_POINT('',(23.722809320784,30.660708280748));
#2905 = CARTESIAN_POINT('',(21.472809320784,31.959746386425));
#2906 = CARTESIAN_POINT('',(19.222809320784,33.258784492102));
#2907 = CARTESIAN_POINT('',(21.472809320784,34.557822597778));
#2908 = CARTESIAN_POINT('',(23.722809320784,35.856860703455));
#2909 = CARTESIAN_POINT('',(23.722809320784,33.258784492102));
#2910 = ( GEOMETRIC_REPRESENTATION_CONTEXT(2)
PARAMETRIC_REPRESENTATION_CONTEXT() REPRESENTATION_CONTEXT('2D SPACE',''
  ) );
#2911 = PCURVE('',#2912,#2917);
#2912 = CYLINDRICAL_SURFACE('',#2913,1.5);
#2913 = AXIS2_PLACEMENT_3D('',#2914,#2915,#2916);
#2914 = CARTESIAN_POINT('',(22.222809320784,33.258784492102,-5.E-02));
#2915 = DIRECTION('',(-0.,-0.,-1.));
#2916 = DIRECTION('',(1.,0.,0.));
#2917 = DEFINITIONAL_REPRESENTATION('',(#2918),#2922);
#2918 = LINE('',#2919,#2920);
#2919 = CARTESIAN_POINT('',(-6.28318530718,-5.E-02));
#2920 = VECTOR('',#2921,1.);
#2921 = DIRECTION('',(1.,-0.));
#2922 = ( GEOMETRIC_REPRESENTATION_CONTEXT(2)
PARAMETRIC_REPRESENTATION_CONTEXT() REPRESENTATION_CONTEXT('2D SPACE',''
  ) );
#2923 = ADVANCED_FACE('',(#2924,#2927,#2957,#2987,#3017,#3047,#3077,
    #3107,#3137,#3167,#3197,#3227,#3257,#3287,#3317,#3347,#3377,#3407,
    #3493,#3523,#3553,#3583,#3613,#3643,#3673,#3703,#3733,#3763,#3793,
    #3879,#3909,#3939,#3969,#3999,#4029,#4059,#4089,#4119,#4149,#4179,
    #4209,#4295,#4325,#4355,#4385,#4415,#4445,#4475,#4505,#4535,#4565,
    #4595,#4695,#4781,#4811,#4841,#4871,#4901,#4931,#4961,#4991,#5021,
    #5051,#5081,#5111,#5141,#5171,#5201,#5231,#5261),#96,.T.);
#2924 = FACE_BOUND('',#2925,.T.);
#2925 = EDGE_LOOP('',(#2926));
#2926 = ORIENTED_EDGE('',*,*,#81,.T.);
#2927 = FACE_BOUND('',#2928,.T.);
#2928 = EDGE_LOOP('',(#2929));
#2929 = ORIENTED_EDGE('',*,*,#2930,.T.);
#2930 = EDGE_CURVE('',#2931,#2931,#2933,.T.);
#2931 = VERTEX_POINT('',#2932);
#2932 = CARTESIAN_POINT('',(-20.72280932078,-33.2587844921,2.15));
#2933 = SURFACE_CURVE('',#2934,(#2939,#2950),.PCURVE_S1.);
#2934 = CIRCLE('',#2935,1.5);
#2935 = AXIS2_PLACEMENT_3D('',#2936,#2937,#2938);
#2936 = CARTESIAN_POINT('',(-22.22280932078,-33.2587844921,2.15));
#2937 = DIRECTION('',(0.,0.,-1.));
#2938 = DIRECTION('',(1.,0.,0.));
#2939 = PCURVE('',#96,#2940);
#2940 = DEFINITIONAL_REPRESENTATION('',(#2941),#2949);
#2941 = ( BOUNDED_CURVE() B_SPLINE_CURVE(2,(#2942,#2943,#2944,#2945,
#2946,#2947,#2948),.UNSPECIFIED.,.T.,.F.) B_SPLINE_CURVE_WITH_KNOTS((1,2
    ,2,2,2,1),(-2.094395102393,0.,2.094395102393,4.188790204786,
6.28318530718,8.377580409573),.UNSPECIFIED.) CURVE()
GEOMETRIC_REPRESENTATION_ITEM() RATIONAL_B_SPLINE_CURVE((1.,0.5,1.,0.5,
1.,0.5,1.)) REPRESENTATION_ITEM('') );
#2942 = CARTESIAN_POINT('',(-20.72280932078,-33.2587844921));
#2943 = CARTESIAN_POINT('',(-20.72280932078,-35.85686070345));
#2944 = CARTESIAN_POINT('',(-22.97280932078,-34.55782259777));
#2945 = CARTESIAN_POINT('',(-25.22280932078,-33.2587844921));
#2946 = CARTESIAN_POINT('',(-22.97280932078,-31.95974638642));
#2947 = CARTESIAN_POINT('',(-20.72280932078,-30.66070828074));
#2948 = CARTESIAN_POINT('',(-20.72280932078,-33.2587844921));
#2949 = ( GEOMETRIC_REPRESENTATION_CONTEXT(2)
PARAMETRIC_REPRESENTATION_CONTEXT() REPRESENTATION_CONTEXT('2D SPACE',''
  ) );
#2950 = PCURVE('',#163,#2951);
#2951 = DEFINITIONAL_REPRESENTATION('',(#2952),#2956);
#2952 = LINE('',#2953,#2954);
#2953 = CARTESIAN_POINT('',(-6.28318530718,-2.2));
#2954 = VECTOR('',#2955,1.);
#2955 = DIRECTION('',(1.,-0.));
#2956 = ( GEOMETRIC_REPRESENTATION_CONTEXT(2)
PARAMETRIC_REPRESENTATION_CONTEXT() REPRESENTATION_CONTEXT('2D SPACE',''
  ) );
#2957 = FACE_BOUND('',#2958,.T.);
#2958 = EDGE_LOOP('',(#2959));
#2959 = ORIENTED_EDGE('',*,*,#2960,.T.);
#2960 = EDGE_CURVE('',#2961,#2961,#2963,.T.);
#2961 = VERTEX_POINT('',#2962);
#2962 = CARTESIAN_POINT('',(-31.7587844921,-22.22280932078,2.15));
#2963 = SURFACE_CURVE('',#2964,(#2969,#2980),.PCURVE_S1.);
#2964 = CIRCLE('',#2965,1.5);
#2965 = AXIS2_PLACEMENT_3D('',#2966,#2967,#2968);
#2966 = CARTESIAN_POINT('',(-33.2587844921,-22.22280932078,2.15));
#2967 = DIRECTION('',(0.,0.,-1.));
#2968 = DIRECTION('',(1.,0.,0.));
#2969 = PCURVE('',#96,#2970);
#2970 = DEFINITIONAL_REPRESENTATION('',(#2971),#2979);
#2971 = ( BOUNDED_CURVE() B_SPLINE_CURVE(2,(#2972,#2973,#2974,#2975,
#2976,#2977,#2978),.UNSPECIFIED.,.T.,.F.) B_SPLINE_CURVE_WITH_KNOTS((1,2
    ,2,2,2,1),(-2.094395102393,0.,2.094395102393,4.188790204786,
6.28318530718,8.377580409573),.UNSPECIFIED.) CURVE()
GEOMETRIC_REPRESENTATION_ITEM() RATIONAL_B_SPLINE_CURVE((1.,0.5,1.,0.5,
1.,0.5,1.)) REPRESENTATION_ITEM('') );
#2972 = CARTESIAN_POINT('',(-31.7587844921,-22.22280932078));
#2973 = CARTESIAN_POINT('',(-31.7587844921,-24.82088553213));
#2974 = CARTESIAN_POINT('',(-34.0087844921,-23.52184742646));
#2975 = CARTESIAN_POINT('',(-36.2587844921,-22.22280932078));
#2976 = CARTESIAN_POINT('',(-34.0087844921,-20.9237712151));
#2977 = CARTESIAN_POINT('',(-31.7587844921,-19.62473310943));
#2978 = CARTESIAN_POINT('',(-31.7587844921,-22.22280932078));
#2979 = ( GEOMETRIC_REPRESENTATION_CONTEXT(2)
PARAMETRIC_REPRESENTATION_CONTEXT() REPRESENTATION_CONTEXT('2D SPACE',''
  ) );
#2980 = PCURVE('',#198,#2981);
#2981 = DEFINITIONAL_REPRESENTATION('',(#2982),#2986);
#2982 = LINE('',#2983,#2984);
#2983 = CARTESIAN_POINT('',(-6.28318530718,-2.2));
#2984 = VECTOR('',#2985,1.);
#2985 = DIRECTION('',(1.,-0.));
#2986 = ( GEOMETRIC_REPRESENTATION_CONTEXT(2)
PARAMETRIC_REPRESENTATION_CONTEXT() REPRESENTATION_CONTEXT('2D SPACE',''
  ) );
#2987 = FACE_BOUND('',#2988,.T.);
#2988 = EDGE_LOOP('',(#2989));
#2989 = ORIENTED_EDGE('',*,*,#2990,.T.);
#2990 = EDGE_CURVE('',#2991,#2991,#2993,.T.);
#2991 = VERTEX_POINT('',#2992);
#2992 = CARTESIAN_POINT('',(-26.78427124746,-28.28427124746,2.15));
#2993 = SURFACE_CURVE('',#2994,(#2999,#3010),.PCURVE_S1.);
#2994 = CIRCLE('',#2995,1.5);
#2995 = AXIS2_PLACEMENT_3D('',#2996,#2997,#2998);
#2996 = CARTESIAN_POINT('',(-28.28427124746,-28.28427124746,2.15));
#2997 = DIRECTION('',(0.,0.,-1.));
#2998 = DIRECTION('',(1.,0.,0.));
#2999 = PCURVE('',#96,#3000);
#3000 = DEFINITIONAL_REPRESENTATION('',(#3001),#3009);
#3001 = ( BOUNDED_CURVE() B_SPLINE_CURVE(2,(#3002,#3003,#3004,#3005,
#3006,#3007,#3008),.UNSPECIFIED.,.T.,.F.) B_SPLINE_CURVE_WITH_KNOTS((1,2
    ,2,2,2,1),(-2.094395102393,0.,2.094395102393,4.188790204786,
6.28318530718,8.377580409573),.UNSPECIFIED.) CURVE()
GEOMETRIC_REPRESENTATION_ITEM() RATIONAL_B_SPLINE_CURVE((1.,0.5,1.,0.5,
1.,0.5,1.)) REPRESENTATION_ITEM('') );
#3002 = CARTESIAN_POINT('',(-26.78427124746,-28.28427124746));
#3003 = CARTESIAN_POINT('',(-26.78427124746,-30.88234745881));
#3004 = CARTESIAN_POINT('',(-29.03427124746,-29.58330935313));
#3005 = CARTESIAN_POINT('',(-31.28427124746,-28.28427124746));
#3006 = CARTESIAN_POINT('',(-29.03427124746,-26.98523314178));
#3007 = CARTESIAN_POINT('',(-26.78427124746,-25.6861950361));
#3008 = CARTESIAN_POINT('',(-26.78427124746,-28.28427124746));
#3009 = ( GEOMETRIC_REPRESENTATION_CONTEXT(2)
PARAMETRIC_REPRESENTATION_CONTEXT() REPRESENTATION_CONTEXT('2D SPACE',''
  ) );
#3010 = PCURVE('',#233,#3011);
#3011 = DEFINITIONAL_REPRESENTATION('',(#3012),#3016);
#3012 = LINE('',#3013,#3014);
#3013 = CARTESIAN_POINT('',(-6.28318530718,-2.2));
#3014 = VECTOR('',#3015,1.);
#3015 = DIRECTION('',(1.,-0.));
#3016 = ( GEOMETRIC_REPRESENTATION_CONTEXT(2)
PARAMETRIC_REPRESENTATION_CONTEXT() REPRESENTATION_CONTEXT('2D SPACE',''
  ) );
#3017 = FACE_BOUND('',#3018,.T.);
#3018 = EDGE_LOOP('',(#3019));
#3019 = ORIENTED_EDGE('',*,*,#3020,.T.);
#3020 = EDGE_CURVE('',#3021,#3021,#3023,.T.);
#3021 = VERTEX_POINT('',#3022);
#3022 = CARTESIAN_POINT('',(-23.87573136654,-30.9204181345,2.15));
#3023 = SURFACE_CURVE('',#3024,(#3029,#3040),.PCURVE_S1.);
#3024 = CIRCLE('',#3025,1.5);
#3025 = AXIS2_PLACEMENT_3D('',#3026,#3027,#3028);
#3026 = CARTESIAN_POINT('',(-25.37573136654,-30.9204181345,2.15));
#3027 = DIRECTION('',(0.,0.,-1.));
#3028 = DIRECTION('',(1.,0.,0.));
#3029 = PCURVE('',#96,#3030);
#3030 = DEFINITIONAL_REPRESENTATION('',(#3031),#3039);
#3031 = ( BOUNDED_CURVE() B_SPLINE_CURVE(2,(#3032,#3033,#3034,#3035,
#3036,#3037,#3038),.UNSPECIFIED.,.T.,.F.) B_SPLINE_CURVE_WITH_KNOTS((1,2
    ,2,2,2,1),(-2.094395102393,0.,2.094395102393,4.188790204786,
6.28318530718,8.377580409573),.UNSPECIFIED.) CURVE()
GEOMETRIC_REPRESENTATION_ITEM() RATIONAL_B_SPLINE_CURVE((1.,0.5,1.,0.5,
1.,0.5,1.)) REPRESENTATION_ITEM('') );
#3032 = CARTESIAN_POINT('',(-23.87573136654,-30.9204181345));
#3033 = CARTESIAN_POINT('',(-23.87573136654,-33.51849434586));
#3034 = CARTESIAN_POINT('',(-26.12573136654,-32.21945624018));
#3035 = CARTESIAN_POINT('',(-28.37573136654,-30.9204181345));
#3036 = CARTESIAN_POINT('',(-26.12573136654,-29.62138002883));
#3037 = CARTESIAN_POINT('',(-23.87573136654,-28.32234192315));
#3038 = CARTESIAN_POINT('',(-23.87573136654,-30.9204181345));
#3039 = ( GEOMETRIC_REPRESENTATION_CONTEXT(2)
PARAMETRIC_REPRESENTATION_CONTEXT() REPRESENTATION_CONTEXT('2D SPACE',''
  ) );
#3040 = PCURVE('',#268,#3041);
#3041 = DEFINITIONAL_REPRESENTATION('',(#3042),#3046);
#3042 = LINE('',#3043,#3044);
#3043 = CARTESIAN_POINT('',(-6.28318530718,-2.2));
#3044 = VECTOR('',#3045,1.);
#3045 = DIRECTION('',(1.,-0.));
#3046 = ( GEOMETRIC_REPRESENTATION_CONTEXT(2)
PARAMETRIC_REPRESENTATION_CONTEXT() REPRESENTATION_CONTEXT('2D SPACE',''
  ) );
#3047 = FACE_BOUND('',#3048,.T.);
#3048 = EDGE_LOOP('',(#3049));
#3049 = ORIENTED_EDGE('',*,*,#3050,.T.);
#3050 = EDGE_CURVE('',#3051,#3051,#3053,.T.);
#3051 = VERTEX_POINT('',#3052);
#3052 = CARTESIAN_POINT('',(-29.4204181345,-25.37573136654,2.15));
#3053 = SURFACE_CURVE('',#3054,(#3059,#3070),.PCURVE_S1.);
#3054 = CIRCLE('',#3055,1.5);
#3055 = AXIS2_PLACEMENT_3D('',#3056,#3057,#3058);
#3056 = CARTESIAN_POINT('',(-30.9204181345,-25.37573136654,2.15));
#3057 = DIRECTION('',(0.,0.,-1.));
#3058 = DIRECTION('',(1.,0.,0.));
#3059 = PCURVE('',#96,#3060);
#3060 = DEFINITIONAL_REPRESENTATION('',(#3061),#3069);
#3061 = ( BOUNDED_CURVE() B_SPLINE_CURVE(2,(#3062,#3063,#3064,#3065,
#3066,#3067,#3068),.UNSPECIFIED.,.T.,.F.) B_SPLINE_CURVE_WITH_KNOTS((1,2
    ,2,2,2,1),(-2.094395102393,0.,2.094395102393,4.188790204786,
6.28318530718,8.377580409573),.UNSPECIFIED.) CURVE()
GEOMETRIC_REPRESENTATION_ITEM() RATIONAL_B_SPLINE_CURVE((1.,0.5,1.,0.5,
1.,0.5,1.)) REPRESENTATION_ITEM('') );
#3062 = CARTESIAN_POINT('',(-29.4204181345,-25.37573136654));
#3063 = CARTESIAN_POINT('',(-29.4204181345,-27.97380757789));
#3064 = CARTESIAN_POINT('',(-31.6704181345,-26.67476947222));
#3065 = CARTESIAN_POINT('',(-33.9204181345,-25.37573136654));
#3066 = CARTESIAN_POINT('',(-31.6704181345,-24.07669326086));
#3067 = CARTESIAN_POINT('',(-29.4204181345,-22.77765515519));
#3068 = CARTESIAN_POINT('',(-29.4204181345,-25.37573136654));
#3069 = ( GEOMETRIC_REPRESENTATION_CONTEXT(2)
PARAMETRIC_REPRESENTATION_CONTEXT() REPRESENTATION_CONTEXT('2D SPACE',''
  ) );
#3070 = PCURVE('',#303,#3071);
#3071 = DEFINITIONAL_REPRESENTATION('',(#3072),#3076);
#3072 = LINE('',#3073,#3074);
#3073 = CARTESIAN_POINT('',(-6.28318530718,-2.2));
#3074 = VECTOR('',#3075,1.);
#3075 = DIRECTION('',(1.,-0.));
#3076 = ( GEOMETRIC_REPRESENTATION_CONTEXT(2)
PARAMETRIC_REPRESENTATION_CONTEXT() REPRESENTATION_CONTEXT('2D SPACE',''
  ) );
#3077 = FACE_BOUND('',#3078,.T.);
#3078 = EDGE_LOOP('',(#3079));
#3079 = ORIENTED_EDGE('',*,*,#3080,.T.);
#3080 = EDGE_CURVE('',#3081,#3081,#3083,.T.);
#3081 = VERTEX_POINT('',#3082);
#3082 = CARTESIAN_POINT('',(-13.8073372946,-36.95518130045,2.15));
#3083 = SURFACE_CURVE('',#3084,(#3089,#3100),.PCURVE_S1.);
#3084 = CIRCLE('',#3085,1.5);
#3085 = AXIS2_PLACEMENT_3D('',#3086,#3087,#3088);
#3086 = CARTESIAN_POINT('',(-15.3073372946,-36.95518130045,2.15));
#3087 = DIRECTION('',(0.,0.,-1.));
#3088 = DIRECTION('',(1.,0.,0.));
#3089 = PCURVE('',#96,#3090);
#3090 = DEFINITIONAL_REPRESENTATION('',(#3091),#3099);
#3091 = ( BOUNDED_CURVE() B_SPLINE_CURVE(2,(#3092,#3093,#3094,#3095,
#3096,#3097,#3098),.UNSPECIFIED.,.T.,.F.) B_SPLINE_CURVE_WITH_KNOTS((1,2
    ,2,2,2,1),(-2.094395102393,0.,2.094395102393,4.188790204786,
6.28318530718,8.377580409573),.UNSPECIFIED.) CURVE()
GEOMETRIC_REPRESENTATION_ITEM() RATIONAL_B_SPLINE_CURVE((1.,0.5,1.,0.5,
1.,0.5,1.)) REPRESENTATION_ITEM('') );
#3092 = CARTESIAN_POINT('',(-13.8073372946,-36.95518130045));
#3093 = CARTESIAN_POINT('',(-13.8073372946,-39.5532575118));
#3094 = CARTESIAN_POINT('',(-16.0573372946,-38.25421940612));
#3095 = CARTESIAN_POINT('',(-18.3073372946,-36.95518130045));
#3096 = CARTESIAN_POINT('',(-16.0573372946,-35.65614319477));
#3097 = CARTESIAN_POINT('',(-13.8073372946,-34.35710508909));
#3098 = CARTESIAN_POINT('',(-13.8073372946,-36.95518130045));
#3099 = ( GEOMETRIC_REPRESENTATION_CONTEXT(2)
PARAMETRIC_REPRESENTATION_CONTEXT() REPRESENTATION_CONTEXT('2D SPACE',''
  ) );
#3100 = PCURVE('',#338,#3101);
#3101 = DEFINITIONAL_REPRESENTATION('',(#3102),#3106);
#3102 = LINE('',#3103,#3104);
#3103 = CARTESIAN_POINT('',(-6.28318530718,-2.2));
#3104 = VECTOR('',#3105,1.);
#3105 = DIRECTION('',(1.,-0.));
#3106 = ( GEOMETRIC_REPRESENTATION_CONTEXT(2)
PARAMETRIC_REPRESENTATION_CONTEXT() REPRESENTATION_CONTEXT('2D SPACE',''
  ) );
#3107 = FACE_BOUND('',#3108,.T.);
#3108 = EDGE_LOOP('',(#3109));
#3109 = ORIENTED_EDGE('',*,*,#3110,.T.);
#3110 = EDGE_CURVE('',#3111,#3111,#3113,.T.);
#3111 = VERTEX_POINT('',#3112);
#3112 = CARTESIAN_POINT('',(-10.11138709017,-38.27761342928,2.15));
#3113 = SURFACE_CURVE('',#3114,(#3119,#3130),.PCURVE_S1.);
#3114 = CIRCLE('',#3115,1.5);
#3115 = AXIS2_PLACEMENT_3D('',#3116,#3117,#3118);
#3116 = CARTESIAN_POINT('',(-11.61138709017,-38.27761342928,2.15));
#3117 = DIRECTION('',(0.,0.,-1.));
#3118 = DIRECTION('',(1.,0.,0.));
#3119 = PCURVE('',#96,#3120);
#3120 = DEFINITIONAL_REPRESENTATION('',(#3121),#3129);
#3121 = ( BOUNDED_CURVE() B_SPLINE_CURVE(2,(#3122,#3123,#3124,#3125,
#3126,#3127,#3128),.UNSPECIFIED.,.T.,.F.) B_SPLINE_CURVE_WITH_KNOTS((1,2
    ,2,2,2,1),(-2.094395102393,0.,2.094395102393,4.188790204786,
6.28318530718,8.377580409573),.UNSPECIFIED.) CURVE()
GEOMETRIC_REPRESENTATION_ITEM() RATIONAL_B_SPLINE_CURVE((1.,0.5,1.,0.5,
1.,0.5,1.)) REPRESENTATION_ITEM('') );
#3122 = CARTESIAN_POINT('',(-10.11138709017,-38.27761342928));
#3123 = CARTESIAN_POINT('',(-10.11138709017,-40.87568964064));
#3124 = CARTESIAN_POINT('',(-12.36138709017,-39.57665153496));
#3125 = CARTESIAN_POINT('',(-14.61138709017,-38.27761342928));
#3126 = CARTESIAN_POINT('',(-12.36138709017,-36.97857532361));
#3127 = CARTESIAN_POINT('',(-10.11138709017,-35.67953721793));
#3128 = CARTESIAN_POINT('',(-10.11138709017,-38.27761342928));
#3129 = ( GEOMETRIC_REPRESENTATION_CONTEXT(2)
PARAMETRIC_REPRESENTATION_CONTEXT() REPRESENTATION_CONTEXT('2D SPACE',''
  ) );
#3130 = PCURVE('',#373,#3131);
#3131 = DEFINITIONAL_REPRESENTATION('',(#3132),#3136);
#3132 = LINE('',#3133,#3134);
#3133 = CARTESIAN_POINT('',(-6.28318530718,-2.2));
#3134 = VECTOR('',#3135,1.);
#3135 = DIRECTION('',(1.,-0.));
#3136 = ( GEOMETRIC_REPRESENTATION_CONTEXT(2)
PARAMETRIC_REPRESENTATION_CONTEXT() REPRESENTATION_CONTEXT('2D SPACE',''
  ) );
#3137 = FACE_BOUND('',#3138,.T.);
#3138 = EDGE_LOOP('',(#3139));
#3139 = ORIENTED_EDGE('',*,*,#3140,.T.);
#3140 = EDGE_CURVE('',#3141,#3141,#3143,.T.);
#3141 = VERTEX_POINT('',#3142);
#3142 = CARTESIAN_POINT('',(-17.35586947304,-35.27685057393,2.15));
#3143 = SURFACE_CURVE('',#3144,(#3149,#3160),.PCURVE_S1.);
#3144 = CIRCLE('',#3145,1.5);
#3145 = AXIS2_PLACEMENT_3D('',#3146,#3147,#3148);
#3146 = CARTESIAN_POINT('',(-18.85586947304,-35.27685057393,2.15));
#3147 = DIRECTION('',(0.,0.,-1.));
#3148 = DIRECTION('',(1.,0.,0.));
#3149 = PCURVE('',#96,#3150);
#3150 = DEFINITIONAL_REPRESENTATION('',(#3151),#3159);
#3151 = ( BOUNDED_CURVE() B_SPLINE_CURVE(2,(#3152,#3153,#3154,#3155,
#3156,#3157,#3158),.UNSPECIFIED.,.T.,.F.) B_SPLINE_CURVE_WITH_KNOTS((1,2
    ,2,2,2,1),(-2.094395102393,0.,2.094395102393,4.188790204786,
6.28318530718,8.377580409573),.UNSPECIFIED.) CURVE()
GEOMETRIC_REPRESENTATION_ITEM() RATIONAL_B_SPLINE_CURVE((1.,0.5,1.,0.5,
1.,0.5,1.)) REPRESENTATION_ITEM('') );
#3152 = CARTESIAN_POINT('',(-17.35586947304,-35.27685057393));
#3153 = CARTESIAN_POINT('',(-17.35586947304,-37.87492678528));
#3154 = CARTESIAN_POINT('',(-19.60586947304,-36.57588867961));
#3155 = CARTESIAN_POINT('',(-21.85586947304,-35.27685057393));
#3156 = CARTESIAN_POINT('',(-19.60586947304,-33.97781246825));
#3157 = CARTESIAN_POINT('',(-17.35586947304,-32.67877436258));
#3158 = CARTESIAN_POINT('',(-17.35586947304,-35.27685057393));
#3159 = ( GEOMETRIC_REPRESENTATION_CONTEXT(2)
PARAMETRIC_REPRESENTATION_CONTEXT() REPRESENTATION_CONTEXT('2D SPACE',''
  ) );
#3160 = PCURVE('',#408,#3161);
#3161 = DEFINITIONAL_REPRESENTATION('',(#3162),#3166);
#3162 = LINE('',#3163,#3164);
#3163 = CARTESIAN_POINT('',(-6.28318530718,-2.2));
#3164 = VECTOR('',#3165,1.);
#3165 = DIRECTION('',(1.,-0.));
#3166 = ( GEOMETRIC_REPRESENTATION_CONTEXT(2)
PARAMETRIC_REPRESENTATION_CONTEXT() REPRESENTATION_CONTEXT('2D SPACE',''
  ) );
#3167 = FACE_BOUND('',#3168,.T.);
#3168 = EDGE_LOOP('',(#3169));
#3169 = ORIENTED_EDGE('',*,*,#3170,.T.);
#3170 = EDGE_CURVE('',#3171,#3171,#3173,.T.);
#3171 = VERTEX_POINT('',#3172);
#3172 = CARTESIAN_POINT('',(-6.303612880645,-39.23141121612,2.15));
#3173 = SURFACE_CURVE('',#3174,(#3179,#3190),.PCURVE_S1.);
#3174 = CIRCLE('',#3175,1.5);
#3175 = AXIS2_PLACEMENT_3D('',#3176,#3177,#3178);
#3176 = CARTESIAN_POINT('',(-7.803612880645,-39.23141121612,2.15));
#3177 = DIRECTION('',(0.,0.,-1.));
#3178 = DIRECTION('',(1.,0.,0.));
#3179 = PCURVE('',#96,#3180);
#3180 = DEFINITIONAL_REPRESENTATION('',(#3181),#3189);
#3181 = ( BOUNDED_CURVE() B_SPLINE_CURVE(2,(#3182,#3183,#3184,#3185,
#3186,#3187,#3188),.UNSPECIFIED.,.T.,.F.) B_SPLINE_CURVE_WITH_KNOTS((1,2
    ,2,2,2,1),(-2.094395102393,0.,2.094395102393,4.188790204786,
6.28318530718,8.377580409573),.UNSPECIFIED.) CURVE()
GEOMETRIC_REPRESENTATION_ITEM() RATIONAL_B_SPLINE_CURVE((1.,0.5,1.,0.5,
1.,0.5,1.)) REPRESENTATION_ITEM('') );
#3182 = CARTESIAN_POINT('',(-6.303612880645,-39.23141121612));
#3183 = CARTESIAN_POINT('',(-6.303612880645,-41.82948742748));
#3184 = CARTESIAN_POINT('',(-8.553612880645,-40.5304493218));
#3185 = CARTESIAN_POINT('',(-10.80361288064,-39.23141121612));
#3186 = CARTESIAN_POINT('',(-8.553612880645,-37.93237311045));
#3187 = CARTESIAN_POINT('',(-6.303612880645,-36.63333500477));
#3188 = CARTESIAN_POINT('',(-6.303612880645,-39.23141121612));
#3189 = ( GEOMETRIC_REPRESENTATION_CONTEXT(2)
PARAMETRIC_REPRESENTATION_CONTEXT() REPRESENTATION_CONTEXT('2D SPACE',''
  ) );
#3190 = PCURVE('',#443,#3191);
#3191 = DEFINITIONAL_REPRESENTATION('',(#3192),#3196);
#3192 = LINE('',#3193,#3194);
#3193 = CARTESIAN_POINT('',(-6.28318530718,-2.2));
#3194 = VECTOR('',#3195,1.);
#3195 = DIRECTION('',(1.,-0.));
#3196 = ( GEOMETRIC_REPRESENTATION_CONTEXT(2)
PARAMETRIC_REPRESENTATION_CONTEXT() REPRESENTATION_CONTEXT('2D SPACE',''
  ) );
#3197 = FACE_BOUND('',#3198,.T.);
#3198 = EDGE_LOOP('',(#3199));
#3199 = ORIENTED_EDGE('',*,*,#3200,.T.);
#3200 = EDGE_CURVE('',#3201,#3201,#3203,.T.);
#3201 = VERTEX_POINT('',#3202);
#3202 = CARTESIAN_POINT('',(-2.420685613182,-39.80738906688,2.15));
#3203 = SURFACE_CURVE('',#3204,(#3209,#3220),.PCURVE_S1.);
#3204 = CIRCLE('',#3205,1.5);
#3205 = AXIS2_PLACEMENT_3D('',#3206,#3207,#3208);
#3206 = CARTESIAN_POINT('',(-3.920685613182,-39.80738906688,2.15));
#3207 = DIRECTION('',(0.,0.,-1.));
#3208 = DIRECTION('',(1.,0.,0.));
#3209 = PCURVE('',#96,#3210);
#3210 = DEFINITIONAL_REPRESENTATION('',(#3211),#3219);
#3211 = ( BOUNDED_CURVE() B_SPLINE_CURVE(2,(#3212,#3213,#3214,#3215,
#3216,#3217,#3218),.UNSPECIFIED.,.T.,.F.) B_SPLINE_CURVE_WITH_KNOTS((1,2
    ,2,2,2,1),(-2.094395102393,0.,2.094395102393,4.188790204786,
6.28318530718,8.377580409573),.UNSPECIFIED.) CURVE()
GEOMETRIC_REPRESENTATION_ITEM() RATIONAL_B_SPLINE_CURVE((1.,0.5,1.,0.5,
1.,0.5,1.)) REPRESENTATION_ITEM('') );
#3212 = CARTESIAN_POINT('',(-2.420685613182,-39.80738906688));
#3213 = CARTESIAN_POINT('',(-2.420685613182,-42.40546527824));
#3214 = CARTESIAN_POINT('',(-4.670685613182,-41.10642717256));
#3215 = CARTESIAN_POINT('',(-6.920685613182,-39.80738906688));
#3216 = CARTESIAN_POINT('',(-4.670685613182,-38.50835096121));
#3217 = CARTESIAN_POINT('',(-2.420685613182,-37.20931285553));
#3218 = CARTESIAN_POINT('',(-2.420685613182,-39.80738906688));
#3219 = ( GEOMETRIC_REPRESENTATION_CONTEXT(2)
PARAMETRIC_REPRESENTATION_CONTEXT() REPRESENTATION_CONTEXT('2D SPACE',''
  ) );
#3220 = PCURVE('',#478,#3221);
#3221 = DEFINITIONAL_REPRESENTATION('',(#3222),#3226);
#3222 = LINE('',#3223,#3224);
#3223 = CARTESIAN_POINT('',(-6.28318530718,-2.2));
#3224 = VECTOR('',#3225,1.);
#3225 = DIRECTION('',(1.,-0.));
#3226 = ( GEOMETRIC_REPRESENTATION_CONTEXT(2)
PARAMETRIC_REPRESENTATION_CONTEXT() REPRESENTATION_CONTEXT('2D SPACE',''
  ) );
#3227 = FACE_BOUND('',#3228,.T.);
#3228 = EDGE_LOOP('',(#3229));
#3229 = ORIENTED_EDGE('',*,*,#3230,.T.);
#3230 = EDGE_CURVE('',#3231,#3231,#3233,.T.);
#3231 = VERTEX_POINT('',#3232);
#3232 = CARTESIAN_POINT('',(1.5,-40.,2.15));
#3233 = SURFACE_CURVE('',#3234,(#3239,#3250),.PCURVE_S1.);
#3234 = CIRCLE('',#3235,1.5);
#3235 = AXIS2_PLACEMENT_3D('',#3236,#3237,#3238);
#3236 = CARTESIAN_POINT('',(-7.347880794884E-15,-40.,2.15));
#3237 = DIRECTION('',(0.,0.,-1.));
#3238 = DIRECTION('',(1.,0.,0.));
#3239 = PCURVE('',#96,#3240);
#3240 = DEFINITIONAL_REPRESENTATION('',(#3241),#3249);
#3241 = ( BOUNDED_CURVE() B_SPLINE_CURVE(2,(#3242,#3243,#3244,#3245,
#3246,#3247,#3248),.UNSPECIFIED.,.T.,.F.) B_SPLINE_CURVE_WITH_KNOTS((1,2
    ,2,2,2,1),(-2.094395102393,0.,2.094395102393,4.188790204786,
6.28318530718,8.377580409573),.UNSPECIFIED.) CURVE()
GEOMETRIC_REPRESENTATION_ITEM() RATIONAL_B_SPLINE_CURVE((1.,0.5,1.,0.5,
1.,0.5,1.)) REPRESENTATION_ITEM('') );
#3242 = CARTESIAN_POINT('',(1.5,-40.));
#3243 = CARTESIAN_POINT('',(1.5,-42.59807621135));
#3244 = CARTESIAN_POINT('',(-0.75,-41.29903810567));
#3245 = CARTESIAN_POINT('',(-3.,-40.));
#3246 = CARTESIAN_POINT('',(-0.75,-38.70096189432));
#3247 = CARTESIAN_POINT('',(1.5,-37.40192378864));
#3248 = CARTESIAN_POINT('',(1.5,-40.));
#3249 = ( GEOMETRIC_REPRESENTATION_CONTEXT(2)
PARAMETRIC_REPRESENTATION_CONTEXT() REPRESENTATION_CONTEXT('2D SPACE',''
  ) );
#3250 = PCURVE('',#513,#3251);
#3251 = DEFINITIONAL_REPRESENTATION('',(#3252),#3256);
#3252 = LINE('',#3253,#3254);
#3253 = CARTESIAN_POINT('',(-6.28318530718,-2.2));
#3254 = VECTOR('',#3255,1.);
#3255 = DIRECTION('',(1.,-0.));
#3256 = ( GEOMETRIC_REPRESENTATION_CONTEXT(2)
PARAMETRIC_REPRESENTATION_CONTEXT() REPRESENTATION_CONTEXT('2D SPACE',''
  ) );
#3257 = FACE_BOUND('',#3258,.T.);
#3258 = EDGE_LOOP('',(#3259));
#3259 = ORIENTED_EDGE('',*,*,#3260,.T.);
#3260 = EDGE_CURVE('',#3261,#3261,#3263,.T.);
#3261 = VERTEX_POINT('',#3262);
#3262 = CARTESIAN_POINT('',(-33.77685057393,-18.85586947304,2.15));
#3263 = SURFACE_CURVE('',#3264,(#3269,#3280),.PCURVE_S1.);
#3264 = CIRCLE('',#3265,1.5);
#3265 = AXIS2_PLACEMENT_3D('',#3266,#3267,#3268);
#3266 = CARTESIAN_POINT('',(-35.27685057393,-18.85586947304,2.15));
#3267 = DIRECTION('',(0.,0.,-1.));
#3268 = DIRECTION('',(1.,0.,0.));
#3269 = PCURVE('',#96,#3270);
#3270 = DEFINITIONAL_REPRESENTATION('',(#3271),#3279);
#3271 = ( BOUNDED_CURVE() B_SPLINE_CURVE(2,(#3272,#3273,#3274,#3275,
#3276,#3277,#3278),.UNSPECIFIED.,.T.,.F.) B_SPLINE_CURVE_WITH_KNOTS((1,2
    ,2,2,2,1),(-2.094395102393,0.,2.094395102393,4.188790204786,
6.28318530718,8.377580409573),.UNSPECIFIED.) CURVE()
GEOMETRIC_REPRESENTATION_ITEM() RATIONAL_B_SPLINE_CURVE((1.,0.5,1.,0.5,
1.,0.5,1.)) REPRESENTATION_ITEM('') );
#3272 = CARTESIAN_POINT('',(-33.77685057393,-18.85586947304));
#3273 = CARTESIAN_POINT('',(-33.77685057393,-21.45394568439));
#3274 = CARTESIAN_POINT('',(-36.02685057393,-20.15490757871));
#3275 = CARTESIAN_POINT('',(-38.27685057393,-18.85586947304));
#3276 = CARTESIAN_POINT('',(-36.02685057393,-17.55683136736));
#3277 = CARTESIAN_POINT('',(-33.77685057393,-16.25779326168));
#3278 = CARTESIAN_POINT('',(-33.77685057393,-18.85586947304));
#3279 = ( GEOMETRIC_REPRESENTATION_CONTEXT(2)
PARAMETRIC_REPRESENTATION_CONTEXT() REPRESENTATION_CONTEXT('2D SPACE',''
  ) );
#3280 = PCURVE('',#548,#3281);
#3281 = DEFINITIONAL_REPRESENTATION('',(#3282),#3286);
#3282 = LINE('',#3283,#3284);
#3283 = CARTESIAN_POINT('',(-6.28318530718,-2.2));
#3284 = VECTOR('',#3285,1.);
#3285 = DIRECTION('',(1.,-0.));
#3286 = ( GEOMETRIC_REPRESENTATION_CONTEXT(2)
PARAMETRIC_REPRESENTATION_CONTEXT() REPRESENTATION_CONTEXT('2D SPACE',''
  ) );
#3287 = FACE_BOUND('',#3288,.T.);
#3288 = EDGE_LOOP('',(#3289));
#3289 = ORIENTED_EDGE('',*,*,#3290,.T.);
#3290 = EDGE_CURVE('',#3291,#3291,#3293,.T.);
#3291 = VERTEX_POINT('',#3292);
#3292 = CARTESIAN_POINT('',(-35.45518130045,-15.3073372946,2.15));
#3293 = SURFACE_CURVE('',#3294,(#3299,#3310),.PCURVE_S1.);
#3294 = CIRCLE('',#3295,1.5);
#3295 = AXIS2_PLACEMENT_3D('',#3296,#3297,#3298);
#3296 = CARTESIAN_POINT('',(-36.95518130045,-15.3073372946,2.15));
#3297 = DIRECTION('',(0.,0.,-1.));
#3298 = DIRECTION('',(1.,0.,0.));
#3299 = PCURVE('',#96,#3300);
#3300 = DEFINITIONAL_REPRESENTATION('',(#3301),#3309);
#3301 = ( BOUNDED_CURVE() B_SPLINE_CURVE(2,(#3302,#3303,#3304,#3305,
#3306,#3307,#3308),.UNSPECIFIED.,.T.,.F.) B_SPLINE_CURVE_WITH_KNOTS((1,2
    ,2,2,2,1),(-2.094395102393,0.,2.094395102393,4.188790204786,
6.28318530718,8.377580409573),.UNSPECIFIED.) CURVE()
GEOMETRIC_REPRESENTATION_ITEM() RATIONAL_B_SPLINE_CURVE((1.,0.5,1.,0.5,
1.,0.5,1.)) REPRESENTATION_ITEM('') );
#3302 = CARTESIAN_POINT('',(-35.45518130045,-15.3073372946));
#3303 = CARTESIAN_POINT('',(-35.45518130045,-17.90541350595));
#3304 = CARTESIAN_POINT('',(-37.70518130045,-16.60637540028));
#3305 = CARTESIAN_POINT('',(-39.95518130045,-15.3073372946));
#3306 = CARTESIAN_POINT('',(-37.70518130045,-14.00829918892));
#3307 = CARTESIAN_POINT('',(-35.45518130045,-12.70926108325));
#3308 = CARTESIAN_POINT('',(-35.45518130045,-15.3073372946));
#3309 = ( GEOMETRIC_REPRESENTATION_CONTEXT(2)
PARAMETRIC_REPRESENTATION_CONTEXT() REPRESENTATION_CONTEXT('2D SPACE',''
  ) );
#3310 = PCURVE('',#583,#3311);
#3311 = DEFINITIONAL_REPRESENTATION('',(#3312),#3316);
#3312 = LINE('',#3313,#3314);
#3313 = CARTESIAN_POINT('',(-6.28318530718,-2.2));
#3314 = VECTOR('',#3315,1.);
#3315 = DIRECTION('',(1.,-0.));
#3316 = ( GEOMETRIC_REPRESENTATION_CONTEXT(2)
PARAMETRIC_REPRESENTATION_CONTEXT() REPRESENTATION_CONTEXT('2D SPACE',''
  ) );
#3317 = FACE_BOUND('',#3318,.T.);
#3318 = EDGE_LOOP('',(#3319));
#3319 = ORIENTED_EDGE('',*,*,#3320,.T.);
#3320 = EDGE_CURVE('',#3321,#3321,#3323,.T.);
#3321 = VERTEX_POINT('',#3322);
#3322 = CARTESIAN_POINT('',(-36.77761342928,-11.61138709017,2.15));
#3323 = SURFACE_CURVE('',#3324,(#3329,#3340),.PCURVE_S1.);
#3324 = CIRCLE('',#3325,1.5);
#3325 = AXIS2_PLACEMENT_3D('',#3326,#3327,#3328);
#3326 = CARTESIAN_POINT('',(-38.27761342928,-11.61138709017,2.15));
#3327 = DIRECTION('',(0.,0.,-1.));
#3328 = DIRECTION('',(1.,0.,0.));
#3329 = PCURVE('',#96,#3330);
#3330 = DEFINITIONAL_REPRESENTATION('',(#3331),#3339);
#3331 = ( BOUNDED_CURVE() B_SPLINE_CURVE(2,(#3332,#3333,#3334,#3335,
#3336,#3337,#3338),.UNSPECIFIED.,.T.,.F.) B_SPLINE_CURVE_WITH_KNOTS((1,2
    ,2,2,2,1),(-2.094395102393,0.,2.094395102393,4.188790204786,
6.28318530718,8.377580409573),.UNSPECIFIED.) CURVE()
GEOMETRIC_REPRESENTATION_ITEM() RATIONAL_B_SPLINE_CURVE((1.,0.5,1.,0.5,
1.,0.5,1.)) REPRESENTATION_ITEM('') );
#3332 = CARTESIAN_POINT('',(-36.77761342928,-11.61138709017));
#3333 = CARTESIAN_POINT('',(-36.77761342928,-14.20946330153));
#3334 = CARTESIAN_POINT('',(-39.02761342928,-12.91042519585));
#3335 = CARTESIAN_POINT('',(-41.27761342928,-11.61138709017));
#3336 = CARTESIAN_POINT('',(-39.02761342928,-10.3123489845));
#3337 = CARTESIAN_POINT('',(-36.77761342928,-9.013310878825));
#3338 = CARTESIAN_POINT('',(-36.77761342928,-11.61138709017));
#3339 = ( GEOMETRIC_REPRESENTATION_CONTEXT(2)
PARAMETRIC_REPRESENTATION_CONTEXT() REPRESENTATION_CONTEXT('2D SPACE',''
  ) );
#3340 = PCURVE('',#618,#3341);
#3341 = DEFINITIONAL_REPRESENTATION('',(#3342),#3346);
#3342 = LINE('',#3343,#3344);
#3343 = CARTESIAN_POINT('',(-6.28318530718,-2.2));
#3344 = VECTOR('',#3345,1.);
#3345 = DIRECTION('',(1.,-0.));
#3346 = ( GEOMETRIC_REPRESENTATION_CONTEXT(2)
PARAMETRIC_REPRESENTATION_CONTEXT() REPRESENTATION_CONTEXT('2D SPACE',''
  ) );
#3347 = FACE_BOUND('',#3348,.T.);
#3348 = EDGE_LOOP('',(#3349));
#3349 = ORIENTED_EDGE('',*,*,#3350,.T.);
#3350 = EDGE_CURVE('',#3351,#3351,#3353,.T.);
#3351 = VERTEX_POINT('',#3352);
#3352 = CARTESIAN_POINT('',(-37.73141121612,-7.803612880645,2.15));
#3353 = SURFACE_CURVE('',#3354,(#3359,#3370),.PCURVE_S1.);
#3354 = CIRCLE('',#3355,1.5);
#3355 = AXIS2_PLACEMENT_3D('',#3356,#3357,#3358);
#3356 = CARTESIAN_POINT('',(-39.23141121612,-7.803612880645,2.15));
#3357 = DIRECTION('',(0.,0.,-1.));
#3358 = DIRECTION('',(1.,0.,0.));
#3359 = PCURVE('',#96,#3360);
#3360 = DEFINITIONAL_REPRESENTATION('',(#3361),#3369);
#3361 = ( BOUNDED_CURVE() B_SPLINE_CURVE(2,(#3362,#3363,#3364,#3365,
#3366,#3367,#3368),.UNSPECIFIED.,.T.,.F.) B_SPLINE_CURVE_WITH_KNOTS((1,2
    ,2,2,2,1),(-2.094395102393,0.,2.094395102393,4.188790204786,
6.28318530718,8.377580409573),.UNSPECIFIED.) CURVE()
GEOMETRIC_REPRESENTATION_ITEM() RATIONAL_B_SPLINE_CURVE((1.,0.5,1.,0.5,
1.,0.5,1.)) REPRESENTATION_ITEM('') );
#3362 = CARTESIAN_POINT('',(-37.73141121612,-7.803612880645));
#3363 = CARTESIAN_POINT('',(-37.73141121612,-10.40168909199));
#3364 = CARTESIAN_POINT('',(-39.98141121612,-9.102650986322));
#3365 = CARTESIAN_POINT('',(-42.23141121612,-7.803612880645));
#3366 = CARTESIAN_POINT('',(-39.98141121612,-6.504574774968));
#3367 = CARTESIAN_POINT('',(-37.73141121612,-5.205536669292));
#3368 = CARTESIAN_POINT('',(-37.73141121612,-7.803612880645));
#3369 = ( GEOMETRIC_REPRESENTATION_CONTEXT(2)
PARAMETRIC_REPRESENTATION_CONTEXT() REPRESENTATION_CONTEXT('2D SPACE',''
  ) );
#3370 = PCURVE('',#653,#3371);
#3371 = DEFINITIONAL_REPRESENTATION('',(#3372),#3376);
#3372 = LINE('',#3373,#3374);
#3373 = CARTESIAN_POINT('',(-6.28318530718,-2.2));
#3374 = VECTOR('',#3375,1.);
#3375 = DIRECTION('',(1.,-0.));
#3376 = ( GEOMETRIC_REPRESENTATION_CONTEXT(2)
PARAMETRIC_REPRESENTATION_CONTEXT() REPRESENTATION_CONTEXT('2D SPACE',''
  ) );
#3377 = FACE_BOUND('',#3378,.T.);
#3378 = EDGE_LOOP('',(#3379));
#3379 = ORIENTED_EDGE('',*,*,#3380,.T.);
#3380 = EDGE_CURVE('',#3381,#3381,#3383,.T.);
#3381 = VERTEX_POINT('',#3382);
#3382 = CARTESIAN_POINT('',(-38.30738906688,-3.920685613182,2.15));
#3383 = SURFACE_CURVE('',#3384,(#3389,#3400),.PCURVE_S1.);
#3384 = CIRCLE('',#3385,1.5);
#3385 = AXIS2_PLACEMENT_3D('',#3386,#3387,#3388);
#3386 = CARTESIAN_POINT('',(-39.80738906688,-3.920685613182,2.15));
#3387 = DIRECTION('',(0.,0.,-1.));
#3388 = DIRECTION('',(1.,0.,0.));
#3389 = PCURVE('',#96,#3390);
#3390 = DEFINITIONAL_REPRESENTATION('',(#3391),#3399);
#3391 = ( BOUNDED_CURVE() B_SPLINE_CURVE(2,(#3392,#3393,#3394,#3395,
#3396,#3397,#3398),.UNSPECIFIED.,.T.,.F.) B_SPLINE_CURVE_WITH_KNOTS((1,2
    ,2,2,2,1),(-2.094395102393,0.,2.094395102393,4.188790204786,
6.28318530718,8.377580409573),.UNSPECIFIED.) CURVE()
GEOMETRIC_REPRESENTATION_ITEM() RATIONAL_B_SPLINE_CURVE((1.,0.5,1.,0.5,
1.,0.5,1.)) REPRESENTATION_ITEM('') );
#3392 = CARTESIAN_POINT('',(-38.30738906688,-3.920685613182));
#3393 = CARTESIAN_POINT('',(-38.30738906688,-6.518761824536));
#3394 = CARTESIAN_POINT('',(-40.55738906688,-5.219723718859));
#3395 = CARTESIAN_POINT('',(-42.80738906688,-3.920685613182));
#3396 = CARTESIAN_POINT('',(-40.55738906688,-2.621647507506));
#3397 = CARTESIAN_POINT('',(-38.30738906688,-1.322609401829));
#3398 = CARTESIAN_POINT('',(-38.30738906688,-3.920685613182));
#3399 = ( GEOMETRIC_REPRESENTATION_CONTEXT(2)
PARAMETRIC_REPRESENTATION_CONTEXT() REPRESENTATION_CONTEXT('2D SPACE',''
  ) );
#3400 = PCURVE('',#688,#3401);
#3401 = DEFINITIONAL_REPRESENTATION('',(#3402),#3406);
#3402 = LINE('',#3403,#3404);
#3403 = CARTESIAN_POINT('',(-6.28318530718,-2.2));
#3404 = VECTOR('',#3405,1.);
#3405 = DIRECTION('',(1.,-0.));
#3406 = ( GEOMETRIC_REPRESENTATION_CONTEXT(2)
PARAMETRIC_REPRESENTATION_CONTEXT() REPRESENTATION_CONTEXT('2D SPACE',''
  ) );
#3407 = FACE_BOUND('',#3408,.T.);
#3408 = EDGE_LOOP('',(#3409,#3432,#3453,#3474));
#3409 = ORIENTED_EDGE('',*,*,#3410,.T.);
#3410 = EDGE_CURVE('',#3411,#3413,#3415,.T.);
#3411 = VERTEX_POINT('',#3412);
#3412 = CARTESIAN_POINT('',(-11.6,-20.975,2.15));
#3413 = VERTEX_POINT('',#3414);
#3414 = CARTESIAN_POINT('',(-17.4,-20.975,2.15));
#3415 = SURFACE_CURVE('',#3416,(#3420,#3426),.PCURVE_S1.);
#3416 = LINE('',#3417,#3418);
#3417 = CARTESIAN_POINT('',(-8.7,-20.975,2.15));
#3418 = VECTOR('',#3419,1.);
#3419 = DIRECTION('',(-1.,0.,0.));
#3420 = PCURVE('',#96,#3421);
#3421 = DEFINITIONAL_REPRESENTATION('',(#3422),#3425);
#3422 = B_SPLINE_CURVE_WITH_KNOTS('',1,(#3423,#3424),.UNSPECIFIED.,.F.,
  .F.,(2,2),(2.9,8.7),.PIECEWISE_BEZIER_KNOTS.);
#3423 = CARTESIAN_POINT('',(-11.6,-20.975));
#3424 = CARTESIAN_POINT('',(-17.4,-20.975));
#3425 = ( GEOMETRIC_REPRESENTATION_CONTEXT(2)
PARAMETRIC_REPRESENTATION_CONTEXT() REPRESENTATION_CONTEXT('2D SPACE',''
  ) );
#3426 = PCURVE('',#719,#3427);
#3427 = DEFINITIONAL_REPRESENTATION('',(#3428),#3431);
#3428 = B_SPLINE_CURVE_WITH_KNOTS('',1,(#3429,#3430),.UNSPECIFIED.,.F.,
  .F.,(2,2),(2.9,8.7),.PIECEWISE_BEZIER_KNOTS.);
#3429 = CARTESIAN_POINT('',(2.2,5.8));
#3430 = CARTESIAN_POINT('',(2.2,0.));
#3431 = ( GEOMETRIC_REPRESENTATION_CONTEXT(2)
PARAMETRIC_REPRESENTATION_CONTEXT() REPRESENTATION_CONTEXT('2D SPACE',''
  ) );
#3432 = ORIENTED_EDGE('',*,*,#3433,.T.);
#3433 = EDGE_CURVE('',#3413,#3434,#3436,.T.);
#3434 = VERTEX_POINT('',#3435);
#3435 = CARTESIAN_POINT('',(-17.4,-19.025,2.15));
#3436 = SURFACE_CURVE('',#3437,(#3441,#3447),.PCURVE_S1.);
#3437 = LINE('',#3438,#3439);
#3438 = CARTESIAN_POINT('',(-17.4,-10.4875,2.15));
#3439 = VECTOR('',#3440,1.);
#3440 = DIRECTION('',(0.,1.,0.));
#3441 = PCURVE('',#96,#3442);
#3442 = DEFINITIONAL_REPRESENTATION('',(#3443),#3446);
#3443 = B_SPLINE_CURVE_WITH_KNOTS('',1,(#3444,#3445),.UNSPECIFIED.,.F.,
  .F.,(2,2),(-10.4875,-8.5375),.PIECEWISE_BEZIER_KNOTS.);
#3444 = CARTESIAN_POINT('',(-17.4,-20.975));
#3445 = CARTESIAN_POINT('',(-17.4,-19.025));
#3446 = ( GEOMETRIC_REPRESENTATION_CONTEXT(2)
PARAMETRIC_REPRESENTATION_CONTEXT() REPRESENTATION_CONTEXT('2D SPACE',''
  ) );
#3447 = PCURVE('',#745,#3448);
#3448 = DEFINITIONAL_REPRESENTATION('',(#3449),#3452);
#3449 = B_SPLINE_CURVE_WITH_KNOTS('',1,(#3450,#3451),.UNSPECIFIED.,.F.,
  .F.,(2,2),(-10.4875,-8.5375),.PIECEWISE_BEZIER_KNOTS.);
#3450 = CARTESIAN_POINT('',(2.2,0.));
#3451 = CARTESIAN_POINT('',(2.2,-1.95));
#3452 = ( GEOMETRIC_REPRESENTATION_CONTEXT(2)
PARAMETRIC_REPRESENTATION_CONTEXT() REPRESENTATION_CONTEXT('2D SPACE',''
  ) );
#3453 = ORIENTED_EDGE('',*,*,#3454,.F.);
#3454 = EDGE_CURVE('',#3455,#3434,#3457,.T.);
#3455 = VERTEX_POINT('',#3456);
#3456 = CARTESIAN_POINT('',(-11.6,-19.025,2.15));
#3457 = SURFACE_CURVE('',#3458,(#3462,#3468),.PCURVE_S1.);
#3458 = LINE('',#3459,#3460);
#3459 = CARTESIAN_POINT('',(-8.7,-19.025,2.15));
#3460 = VECTOR('',#3461,1.);
#3461 = DIRECTION('',(-1.,0.,0.));
#3462 = PCURVE('',#96,#3463);
#3463 = DEFINITIONAL_REPRESENTATION('',(#3464),#3467);
#3464 = B_SPLINE_CURVE_WITH_KNOTS('',1,(#3465,#3466),.UNSPECIFIED.,.F.,
  .F.,(2,2),(2.9,8.7),.PIECEWISE_BEZIER_KNOTS.);
#3465 = CARTESIAN_POINT('',(-11.6,-19.025));
#3466 = CARTESIAN_POINT('',(-17.4,-19.025));
#3467 = ( GEOMETRIC_REPRESENTATION_CONTEXT(2)
PARAMETRIC_REPRESENTATION_CONTEXT() REPRESENTATION_CONTEXT('2D SPACE',''
  ) );
#3468 = PCURVE('',#771,#3469);
#3469 = DEFINITIONAL_REPRESENTATION('',(#3470),#3473);
#3470 = B_SPLINE_CURVE_WITH_KNOTS('',1,(#3471,#3472),.UNSPECIFIED.,.F.,
  .F.,(2,2),(2.9,8.7),.PIECEWISE_BEZIER_KNOTS.);
#3471 = CARTESIAN_POINT('',(2.2,5.8));
#3472 = CARTESIAN_POINT('',(2.2,0.));
#3473 = ( GEOMETRIC_REPRESENTATION_CONTEXT(2)
PARAMETRIC_REPRESENTATION_CONTEXT() REPRESENTATION_CONTEXT('2D SPACE',''
  ) );
#3474 = ORIENTED_EDGE('',*,*,#3475,.F.);
#3475 = EDGE_CURVE('',#3411,#3455,#3476,.T.);
#3476 = SURFACE_CURVE('',#3477,(#3481,#3487),.PCURVE_S1.);
#3477 = LINE('',#3478,#3479);
#3478 = CARTESIAN_POINT('',(-11.6,-10.4875,2.15));
#3479 = VECTOR('',#3480,1.);
#3480 = DIRECTION('',(0.,1.,0.));
#3481 = PCURVE('',#96,#3482);
#3482 = DEFINITIONAL_REPRESENTATION('',(#3483),#3486);
#3483 = B_SPLINE_CURVE_WITH_KNOTS('',1,(#3484,#3485),.UNSPECIFIED.,.F.,
  .F.,(2,2),(-10.4875,-8.5375),.PIECEWISE_BEZIER_KNOTS.);
#3484 = CARTESIAN_POINT('',(-11.6,-20.975));
#3485 = CARTESIAN_POINT('',(-11.6,-19.025));
#3486 = ( GEOMETRIC_REPRESENTATION_CONTEXT(2)
PARAMETRIC_REPRESENTATION_CONTEXT() REPRESENTATION_CONTEXT('2D SPACE',''
  ) );
#3487 = PCURVE('',#795,#3488);
#3488 = DEFINITIONAL_REPRESENTATION('',(#3489),#3492);
#3489 = B_SPLINE_CURVE_WITH_KNOTS('',1,(#3490,#3491),.UNSPECIFIED.,.F.,
  .F.,(2,2),(-10.4875,-8.5375),.PIECEWISE_BEZIER_KNOTS.);
#3490 = CARTESIAN_POINT('',(2.2,0.));
#3491 = CARTESIAN_POINT('',(2.2,-1.95));
#3492 = ( GEOMETRIC_REPRESENTATION_CONTEXT(2)
PARAMETRIC_REPRESENTATION_CONTEXT() REPRESENTATION_CONTEXT('2D SPACE',''
  ) );
#3493 = FACE_BOUND('',#3494,.T.);
#3494 = EDGE_LOOP('',(#3495));
#3495 = ORIENTED_EDGE('',*,*,#3496,.T.);
#3496 = EDGE_CURVE('',#3497,#3497,#3499,.T.);
#3497 = VERTEX_POINT('',#3498);
#3498 = CARTESIAN_POINT('',(5.420685613182,-39.80738906688,2.15));
#3499 = SURFACE_CURVE('',#3500,(#3505,#3516),.PCURVE_S1.);
#3500 = CIRCLE('',#3501,1.5);
#3501 = AXIS2_PLACEMENT_3D('',#3502,#3503,#3504);
#3502 = CARTESIAN_POINT('',(3.920685613182,-39.80738906688,2.15));
#3503 = DIRECTION('',(0.,0.,-1.));
#3504 = DIRECTION('',(1.,0.,0.));
#3505 = PCURVE('',#96,#3506);
#3506 = DEFINITIONAL_REPRESENTATION('',(#3507),#3515);
#3507 = ( BOUNDED_CURVE() B_SPLINE_CURVE(2,(#3508,#3509,#3510,#3511,
#3512,#3513,#3514),.UNSPECIFIED.,.T.,.F.) B_SPLINE_CURVE_WITH_KNOTS((1,2
    ,2,2,2,1),(-2.094395102393,0.,2.094395102393,4.188790204786,
6.28318530718,8.377580409573),.UNSPECIFIED.) CURVE()
GEOMETRIC_REPRESENTATION_ITEM() RATIONAL_B_SPLINE_CURVE((1.,0.5,1.,0.5,
1.,0.5,1.)) REPRESENTATION_ITEM('') );
#3508 = CARTESIAN_POINT('',(5.420685613182,-39.80738906688));
#3509 = CARTESIAN_POINT('',(5.420685613182,-42.40546527824));
#3510 = CARTESIAN_POINT('',(3.170685613182,-41.10642717256));
#3511 = CARTESIAN_POINT('',(0.920685613182,-39.80738906688));
#3512 = CARTESIAN_POINT('',(3.170685613182,-38.50835096121));
#3513 = CARTESIAN_POINT('',(5.420685613182,-37.20931285553));
#3514 = CARTESIAN_POINT('',(5.420685613182,-39.80738906688));
#3515 = ( GEOMETRIC_REPRESENTATION_CONTEXT(2)
PARAMETRIC_REPRESENTATION_CONTEXT() REPRESENTATION_CONTEXT('2D SPACE',''
  ) );
#3516 = PCURVE('',#829,#3517);
#3517 = DEFINITIONAL_REPRESENTATION('',(#3518),#3522);
#3518 = LINE('',#3519,#3520);
#3519 = CARTESIAN_POINT('',(-6.28318530718,-2.2));
#3520 = VECTOR('',#3521,1.);
#3521 = DIRECTION('',(1.,-0.));
#3522 = ( GEOMETRIC_REPRESENTATION_CONTEXT(2)
PARAMETRIC_REPRESENTATION_CONTEXT() REPRESENTATION_CONTEXT('2D SPACE',''
  ) );
#3523 = FACE_BOUND('',#3524,.T.);
#3524 = EDGE_LOOP('',(#3525));
#3525 = ORIENTED_EDGE('',*,*,#3526,.T.);
#3526 = EDGE_CURVE('',#3527,#3527,#3529,.T.);
#3527 = VERTEX_POINT('',#3528);
#3528 = CARTESIAN_POINT('',(9.303612880645,-39.23141121612,2.15));
#3529 = SURFACE_CURVE('',#3530,(#3535,#3546),.PCURVE_S1.);
#3530 = CIRCLE('',#3531,1.5);
#3531 = AXIS2_PLACEMENT_3D('',#3532,#3533,#3534);
#3532 = CARTESIAN_POINT('',(7.803612880645,-39.23141121612,2.15));
#3533 = DIRECTION('',(0.,0.,-1.));
#3534 = DIRECTION('',(1.,0.,0.));
#3535 = PCURVE('',#96,#3536);
#3536 = DEFINITIONAL_REPRESENTATION('',(#3537),#3545);
#3537 = ( BOUNDED_CURVE() B_SPLINE_CURVE(2,(#3538,#3539,#3540,#3541,
#3542,#3543,#3544),.UNSPECIFIED.,.T.,.F.) B_SPLINE_CURVE_WITH_KNOTS((1,2
    ,2,2,2,1),(-2.094395102393,0.,2.094395102393,4.188790204786,
6.28318530718,8.377580409573),.UNSPECIFIED.) CURVE()
GEOMETRIC_REPRESENTATION_ITEM() RATIONAL_B_SPLINE_CURVE((1.,0.5,1.,0.5,
1.,0.5,1.)) REPRESENTATION_ITEM('') );
#3538 = CARTESIAN_POINT('',(9.303612880645,-39.23141121612));
#3539 = CARTESIAN_POINT('',(9.303612880645,-41.82948742748));
#3540 = CARTESIAN_POINT('',(7.053612880645,-40.5304493218));
#3541 = CARTESIAN_POINT('',(4.803612880645,-39.23141121612));
#3542 = CARTESIAN_POINT('',(7.053612880645,-37.93237311045));
#3543 = CARTESIAN_POINT('',(9.303612880645,-36.63333500477));
#3544 = CARTESIAN_POINT('',(9.303612880645,-39.23141121612));
#3545 = ( GEOMETRIC_REPRESENTATION_CONTEXT(2)
PARAMETRIC_REPRESENTATION_CONTEXT() REPRESENTATION_CONTEXT('2D SPACE',''
  ) );
#3546 = PCURVE('',#864,#3547);
#3547 = DEFINITIONAL_REPRESENTATION('',(#3548),#3552);
#3548 = LINE('',#3549,#3550);
#3549 = CARTESIAN_POINT('',(-6.28318530718,-2.2));
#3550 = VECTOR('',#3551,1.);
#3551 = DIRECTION('',(1.,-0.));
#3552 = ( GEOMETRIC_REPRESENTATION_CONTEXT(2)
PARAMETRIC_REPRESENTATION_CONTEXT() REPRESENTATION_CONTEXT('2D SPACE',''
  ) );
#3553 = FACE_BOUND('',#3554,.T.);
#3554 = EDGE_LOOP('',(#3555));
#3555 = ORIENTED_EDGE('',*,*,#3556,.T.);
#3556 = EDGE_CURVE('',#3557,#3557,#3559,.T.);
#3557 = VERTEX_POINT('',#3558);
#3558 = CARTESIAN_POINT('',(13.111387090178,-38.27761342928,2.15));
#3559 = SURFACE_CURVE('',#3560,(#3565,#3576),.PCURVE_S1.);
#3560 = CIRCLE('',#3561,1.5);
#3561 = AXIS2_PLACEMENT_3D('',#3562,#3563,#3564);
#3562 = CARTESIAN_POINT('',(11.611387090178,-38.27761342928,2.15));
#3563 = DIRECTION('',(0.,0.,-1.));
#3564 = DIRECTION('',(1.,0.,0.));
#3565 = PCURVE('',#96,#3566);
#3566 = DEFINITIONAL_REPRESENTATION('',(#3567),#3575);
#3567 = ( BOUNDED_CURVE() B_SPLINE_CURVE(2,(#3568,#3569,#3570,#3571,
#3572,#3573,#3574),.UNSPECIFIED.,.T.,.F.) B_SPLINE_CURVE_WITH_KNOTS((1,2
    ,2,2,2,1),(-2.094395102393,0.,2.094395102393,4.188790204786,
6.28318530718,8.377580409573),.UNSPECIFIED.) CURVE()
GEOMETRIC_REPRESENTATION_ITEM() RATIONAL_B_SPLINE_CURVE((1.,0.5,1.,0.5,
1.,0.5,1.)) REPRESENTATION_ITEM('') );
#3568 = CARTESIAN_POINT('',(13.111387090178,-38.27761342928));
#3569 = CARTESIAN_POINT('',(13.111387090178,-40.87568964064));
#3570 = CARTESIAN_POINT('',(10.861387090178,-39.57665153496));
#3571 = CARTESIAN_POINT('',(8.611387090178,-38.27761342928));
#3572 = CARTESIAN_POINT('',(10.861387090178,-36.97857532361));
#3573 = CARTESIAN_POINT('',(13.111387090178,-35.67953721793));
#3574 = CARTESIAN_POINT('',(13.111387090178,-38.27761342928));
#3575 = ( GEOMETRIC_REPRESENTATION_CONTEXT(2)
PARAMETRIC_REPRESENTATION_CONTEXT() REPRESENTATION_CONTEXT('2D SPACE',''
  ) );
#3576 = PCURVE('',#899,#3577);
#3577 = DEFINITIONAL_REPRESENTATION('',(#3578),#3582);
#3578 = LINE('',#3579,#3580);
#3579 = CARTESIAN_POINT('',(-6.28318530718,-2.2));
#3580 = VECTOR('',#3581,1.);
#3581 = DIRECTION('',(1.,-0.));
#3582 = ( GEOMETRIC_REPRESENTATION_CONTEXT(2)
PARAMETRIC_REPRESENTATION_CONTEXT() REPRESENTATION_CONTEXT('2D SPACE',''
  ) );
#3583 = FACE_BOUND('',#3584,.T.);
#3584 = EDGE_LOOP('',(#3585));
#3585 = ORIENTED_EDGE('',*,*,#3586,.T.);
#3586 = EDGE_CURVE('',#3587,#3587,#3589,.T.);
#3587 = VERTEX_POINT('',#3588);
#3588 = CARTESIAN_POINT('',(16.807337294604,-36.95518130045,2.15));
#3589 = SURFACE_CURVE('',#3590,(#3595,#3606),.PCURVE_S1.);
#3590 = CIRCLE('',#3591,1.5);
#3591 = AXIS2_PLACEMENT_3D('',#3592,#3593,#3594);
#3592 = CARTESIAN_POINT('',(15.307337294604,-36.95518130045,2.15));
#3593 = DIRECTION('',(0.,0.,-1.));
#3594 = DIRECTION('',(1.,0.,0.));
#3595 = PCURVE('',#96,#3596);
#3596 = DEFINITIONAL_REPRESENTATION('',(#3597),#3605);
#3597 = ( BOUNDED_CURVE() B_SPLINE_CURVE(2,(#3598,#3599,#3600,#3601,
#3602,#3603,#3604),.UNSPECIFIED.,.T.,.F.) B_SPLINE_CURVE_WITH_KNOTS((1,2
    ,2,2,2,1),(-2.094395102393,0.,2.094395102393,4.188790204786,
6.28318530718,8.377580409573),.UNSPECIFIED.) CURVE()
GEOMETRIC_REPRESENTATION_ITEM() RATIONAL_B_SPLINE_CURVE((1.,0.5,1.,0.5,
1.,0.5,1.)) REPRESENTATION_ITEM('') );
#3598 = CARTESIAN_POINT('',(16.807337294604,-36.95518130045));
#3599 = CARTESIAN_POINT('',(16.807337294604,-39.5532575118));
#3600 = CARTESIAN_POINT('',(14.557337294604,-38.25421940612));
#3601 = CARTESIAN_POINT('',(12.307337294604,-36.95518130045));
#3602 = CARTESIAN_POINT('',(14.557337294604,-35.65614319477));
#3603 = CARTESIAN_POINT('',(16.807337294604,-34.35710508909));
#3604 = CARTESIAN_POINT('',(16.807337294604,-36.95518130045));
#3605 = ( GEOMETRIC_REPRESENTATION_CONTEXT(2)
PARAMETRIC_REPRESENTATION_CONTEXT() REPRESENTATION_CONTEXT('2D SPACE',''
  ) );
#3606 = PCURVE('',#934,#3607);
#3607 = DEFINITIONAL_REPRESENTATION('',(#3608),#3612);
#3608 = LINE('',#3609,#3610);
#3609 = CARTESIAN_POINT('',(-6.28318530718,-2.2));
#3610 = VECTOR('',#3611,1.);
#3611 = DIRECTION('',(1.,-0.));
#3612 = ( GEOMETRIC_REPRESENTATION_CONTEXT(2)
PARAMETRIC_REPRESENTATION_CONTEXT() REPRESENTATION_CONTEXT('2D SPACE',''
  ) );
#3613 = FACE_BOUND('',#3614,.T.);
#3614 = EDGE_LOOP('',(#3615));
#3615 = ORIENTED_EDGE('',*,*,#3616,.T.);
#3616 = EDGE_CURVE('',#3617,#3617,#3619,.T.);
#3617 = VERTEX_POINT('',#3618);
#3618 = CARTESIAN_POINT('',(20.35586947304,-35.27685057393,2.15));
#3619 = SURFACE_CURVE('',#3620,(#3625,#3636),.PCURVE_S1.);
#3620 = CIRCLE('',#3621,1.5);
#3621 = AXIS2_PLACEMENT_3D('',#3622,#3623,#3624);
#3622 = CARTESIAN_POINT('',(18.85586947304,-35.27685057393,2.15));
#3623 = DIRECTION('',(0.,0.,-1.));
#3624 = DIRECTION('',(1.,0.,0.));
#3625 = PCURVE('',#96,#3626);
#3626 = DEFINITIONAL_REPRESENTATION('',(#3627),#3635);
#3627 = ( BOUNDED_CURVE() B_SPLINE_CURVE(2,(#3628,#3629,#3630,#3631,
#3632,#3633,#3634),.UNSPECIFIED.,.T.,.F.) B_SPLINE_CURVE_WITH_KNOTS((1,2
    ,2,2,2,1),(-2.094395102393,0.,2.094395102393,4.188790204786,
6.28318530718,8.377580409573),.UNSPECIFIED.) CURVE()
GEOMETRIC_REPRESENTATION_ITEM() RATIONAL_B_SPLINE_CURVE((1.,0.5,1.,0.5,
1.,0.5,1.)) REPRESENTATION_ITEM('') );
#3628 = CARTESIAN_POINT('',(20.35586947304,-35.27685057393));
#3629 = CARTESIAN_POINT('',(20.35586947304,-37.87492678528));
#3630 = CARTESIAN_POINT('',(18.10586947304,-36.57588867961));
#3631 = CARTESIAN_POINT('',(15.85586947304,-35.27685057393));
#3632 = CARTESIAN_POINT('',(18.10586947304,-33.97781246825));
#3633 = CARTESIAN_POINT('',(20.35586947304,-32.67877436258));
#3634 = CARTESIAN_POINT('',(20.35586947304,-35.27685057393));
#3635 = ( GEOMETRIC_REPRESENTATION_CONTEXT(2)
PARAMETRIC_REPRESENTATION_CONTEXT() REPRESENTATION_CONTEXT('2D SPACE',''
  ) );
#3636 = PCURVE('',#969,#3637);
#3637 = DEFINITIONAL_REPRESENTATION('',(#3638),#3642);
#3638 = LINE('',#3639,#3640);
#3639 = CARTESIAN_POINT('',(-6.28318530718,-2.2));
#3640 = VECTOR('',#3641,1.);
#3641 = DIRECTION('',(1.,-0.));
#3642 = ( GEOMETRIC_REPRESENTATION_CONTEXT(2)
PARAMETRIC_REPRESENTATION_CONTEXT() REPRESENTATION_CONTEXT('2D SPACE',''
  ) );
#3643 = FACE_BOUND('',#3644,.T.);
#3644 = EDGE_LOOP('',(#3645));
#3645 = ORIENTED_EDGE('',*,*,#3646,.T.);
#3646 = EDGE_CURVE('',#3647,#3647,#3649,.T.);
#3647 = VERTEX_POINT('',#3648);
#3648 = CARTESIAN_POINT('',(23.722809320784,-33.2587844921,2.15));
#3649 = SURFACE_CURVE('',#3650,(#3655,#3666),.PCURVE_S1.);
#3650 = CIRCLE('',#3651,1.5);
#3651 = AXIS2_PLACEMENT_3D('',#3652,#3653,#3654);
#3652 = CARTESIAN_POINT('',(22.222809320784,-33.2587844921,2.15));
#3653 = DIRECTION('',(0.,0.,-1.));
#3654 = DIRECTION('',(1.,0.,0.));
#3655 = PCURVE('',#96,#3656);
#3656 = DEFINITIONAL_REPRESENTATION('',(#3657),#3665);
#3657 = ( BOUNDED_CURVE() B_SPLINE_CURVE(2,(#3658,#3659,#3660,#3661,
#3662,#3663,#3664),.UNSPECIFIED.,.T.,.F.) B_SPLINE_CURVE_WITH_KNOTS((1,2
    ,2,2,2,1),(-2.094395102393,0.,2.094395102393,4.188790204786,
6.28318530718,8.377580409573),.UNSPECIFIED.) CURVE()
GEOMETRIC_REPRESENTATION_ITEM() RATIONAL_B_SPLINE_CURVE((1.,0.5,1.,0.5,
1.,0.5,1.)) REPRESENTATION_ITEM('') );
#3658 = CARTESIAN_POINT('',(23.722809320784,-33.2587844921));
#3659 = CARTESIAN_POINT('',(23.722809320784,-35.85686070345));
#3660 = CARTESIAN_POINT('',(21.472809320784,-34.55782259777));
#3661 = CARTESIAN_POINT('',(19.222809320784,-33.2587844921));
#3662 = CARTESIAN_POINT('',(21.472809320784,-31.95974638642));
#3663 = CARTESIAN_POINT('',(23.722809320784,-30.66070828074));
#3664 = CARTESIAN_POINT('',(23.722809320784,-33.2587844921));
#3665 = ( GEOMETRIC_REPRESENTATION_CONTEXT(2)
PARAMETRIC_REPRESENTATION_CONTEXT() REPRESENTATION_CONTEXT('2D SPACE',''
  ) );
#3666 = PCURVE('',#1004,#3667);
#3667 = DEFINITIONAL_REPRESENTATION('',(#3668),#3672);
#3668 = LINE('',#3669,#3670);
#3669 = CARTESIAN_POINT('',(-6.28318530718,-2.2));
#3670 = VECTOR('',#3671,1.);
#3671 = DIRECTION('',(1.,-0.));
#3672 = ( GEOMETRIC_REPRESENTATION_CONTEXT(2)
PARAMETRIC_REPRESENTATION_CONTEXT() REPRESENTATION_CONTEXT('2D SPACE',''
  ) );
#3673 = FACE_BOUND('',#3674,.T.);
#3674 = EDGE_LOOP('',(#3675));
#3675 = ORIENTED_EDGE('',*,*,#3676,.T.);
#3676 = EDGE_CURVE('',#3677,#3677,#3679,.T.);
#3677 = VERTEX_POINT('',#3678);
#3678 = CARTESIAN_POINT('',(26.875731366546,-30.9204181345,2.15));
#3679 = SURFACE_CURVE('',#3680,(#3685,#3696),.PCURVE_S1.);
#3680 = CIRCLE('',#3681,1.5);
#3681 = AXIS2_PLACEMENT_3D('',#3682,#3683,#3684);
#3682 = CARTESIAN_POINT('',(25.375731366546,-30.9204181345,2.15));
#3683 = DIRECTION('',(0.,0.,-1.));
#3684 = DIRECTION('',(1.,0.,0.));
#3685 = PCURVE('',#96,#3686);
#3686 = DEFINITIONAL_REPRESENTATION('',(#3687),#3695);
#3687 = ( BOUNDED_CURVE() B_SPLINE_CURVE(2,(#3688,#3689,#3690,#3691,
#3692,#3693,#3694),.UNSPECIFIED.,.T.,.F.) B_SPLINE_CURVE_WITH_KNOTS((1,2
    ,2,2,2,1),(-2.094395102393,0.,2.094395102393,4.188790204786,
6.28318530718,8.377580409573),.UNSPECIFIED.) CURVE()
GEOMETRIC_REPRESENTATION_ITEM() RATIONAL_B_SPLINE_CURVE((1.,0.5,1.,0.5,
1.,0.5,1.)) REPRESENTATION_ITEM('') );
#3688 = CARTESIAN_POINT('',(26.875731366546,-30.9204181345));
#3689 = CARTESIAN_POINT('',(26.875731366546,-33.51849434586));
#3690 = CARTESIAN_POINT('',(24.625731366546,-32.21945624018));
#3691 = CARTESIAN_POINT('',(22.375731366546,-30.9204181345));
#3692 = CARTESIAN_POINT('',(24.625731366546,-29.62138002883));
#3693 = CARTESIAN_POINT('',(26.875731366546,-28.32234192315));
#3694 = CARTESIAN_POINT('',(26.875731366546,-30.9204181345));
#3695 = ( GEOMETRIC_REPRESENTATION_CONTEXT(2)
PARAMETRIC_REPRESENTATION_CONTEXT() REPRESENTATION_CONTEXT('2D SPACE',''
  ) );
#3696 = PCURVE('',#1039,#3697);
#3697 = DEFINITIONAL_REPRESENTATION('',(#3698),#3702);
#3698 = LINE('',#3699,#3700);
#3699 = CARTESIAN_POINT('',(-6.28318530718,-2.2));
#3700 = VECTOR('',#3701,1.);
#3701 = DIRECTION('',(1.,-0.));
#3702 = ( GEOMETRIC_REPRESENTATION_CONTEXT(2)
PARAMETRIC_REPRESENTATION_CONTEXT() REPRESENTATION_CONTEXT('2D SPACE',''
  ) );
#3703 = FACE_BOUND('',#3704,.T.);
#3704 = EDGE_LOOP('',(#3705));
#3705 = ORIENTED_EDGE('',*,*,#3706,.T.);
#3706 = EDGE_CURVE('',#3707,#3707,#3709,.T.);
#3707 = VERTEX_POINT('',#3708);
#3708 = CARTESIAN_POINT('',(29.784271247462,-28.28427124746,2.15));
#3709 = SURFACE_CURVE('',#3710,(#3715,#3726),.PCURVE_S1.);
#3710 = CIRCLE('',#3711,1.5);
#3711 = AXIS2_PLACEMENT_3D('',#3712,#3713,#3714);
#3712 = CARTESIAN_POINT('',(28.284271247462,-28.28427124746,2.15));
#3713 = DIRECTION('',(0.,0.,-1.));
#3714 = DIRECTION('',(1.,0.,0.));
#3715 = PCURVE('',#96,#3716);
#3716 = DEFINITIONAL_REPRESENTATION('',(#3717),#3725);
#3717 = ( BOUNDED_CURVE() B_SPLINE_CURVE(2,(#3718,#3719,#3720,#3721,
#3722,#3723,#3724),.UNSPECIFIED.,.T.,.F.) B_SPLINE_CURVE_WITH_KNOTS((1,2
    ,2,2,2,1),(-2.094395102393,0.,2.094395102393,4.188790204786,
6.28318530718,8.377580409573),.UNSPECIFIED.) CURVE()
GEOMETRIC_REPRESENTATION_ITEM() RATIONAL_B_SPLINE_CURVE((1.,0.5,1.,0.5,
1.,0.5,1.)) REPRESENTATION_ITEM('') );
#3718 = CARTESIAN_POINT('',(29.784271247462,-28.28427124746));
#3719 = CARTESIAN_POINT('',(29.784271247462,-30.88234745881));
#3720 = CARTESIAN_POINT('',(27.534271247462,-29.58330935313));
#3721 = CARTESIAN_POINT('',(25.284271247462,-28.28427124746));
#3722 = CARTESIAN_POINT('',(27.534271247462,-26.98523314178));
#3723 = CARTESIAN_POINT('',(29.784271247462,-25.6861950361));
#3724 = CARTESIAN_POINT('',(29.784271247462,-28.28427124746));
#3725 = ( GEOMETRIC_REPRESENTATION_CONTEXT(2)
PARAMETRIC_REPRESENTATION_CONTEXT() REPRESENTATION_CONTEXT('2D SPACE',''
  ) );
#3726 = PCURVE('',#1074,#3727);
#3727 = DEFINITIONAL_REPRESENTATION('',(#3728),#3732);
#3728 = LINE('',#3729,#3730);
#3729 = CARTESIAN_POINT('',(-6.28318530718,-2.2));
#3730 = VECTOR('',#3731,1.);
#3731 = DIRECTION('',(1.,-0.));
#3732 = ( GEOMETRIC_REPRESENTATION_CONTEXT(2)
PARAMETRIC_REPRESENTATION_CONTEXT() REPRESENTATION_CONTEXT('2D SPACE',''
  ) );
#3733 = FACE_BOUND('',#3734,.T.);
#3734 = EDGE_LOOP('',(#3735));
#3735 = ORIENTED_EDGE('',*,*,#3736,.T.);
#3736 = EDGE_CURVE('',#3737,#3737,#3739,.T.);
#3737 = VERTEX_POINT('',#3738);
#3738 = CARTESIAN_POINT('',(32.420418134509,-25.37573136654,2.15));
#3739 = SURFACE_CURVE('',#3740,(#3745,#3756),.PCURVE_S1.);
#3740 = CIRCLE('',#3741,1.5);
#3741 = AXIS2_PLACEMENT_3D('',#3742,#3743,#3744);
#3742 = CARTESIAN_POINT('',(30.920418134509,-25.37573136654,2.15));
#3743 = DIRECTION('',(0.,0.,-1.));
#3744 = DIRECTION('',(1.,0.,0.));
#3745 = PCURVE('',#96,#3746);
#3746 = DEFINITIONAL_REPRESENTATION('',(#3747),#3755);
#3747 = ( BOUNDED_CURVE() B_SPLINE_CURVE(2,(#3748,#3749,#3750,#3751,
#3752,#3753,#3754),.UNSPECIFIED.,.T.,.F.) B_SPLINE_CURVE_WITH_KNOTS((1,2
    ,2,2,2,1),(-2.094395102393,0.,2.094395102393,4.188790204786,
6.28318530718,8.377580409573),.UNSPECIFIED.) CURVE()
GEOMETRIC_REPRESENTATION_ITEM() RATIONAL_B_SPLINE_CURVE((1.,0.5,1.,0.5,
1.,0.5,1.)) REPRESENTATION_ITEM('') );
#3748 = CARTESIAN_POINT('',(32.420418134509,-25.37573136654));
#3749 = CARTESIAN_POINT('',(32.420418134509,-27.97380757789));
#3750 = CARTESIAN_POINT('',(30.170418134509,-26.67476947222));
#3751 = CARTESIAN_POINT('',(27.920418134509,-25.37573136654));
#3752 = CARTESIAN_POINT('',(30.170418134509,-24.07669326086));
#3753 = CARTESIAN_POINT('',(32.420418134509,-22.77765515519));
#3754 = CARTESIAN_POINT('',(32.420418134509,-25.37573136654));
#3755 = ( GEOMETRIC_REPRESENTATION_CONTEXT(2)
PARAMETRIC_REPRESENTATION_CONTEXT() REPRESENTATION_CONTEXT('2D SPACE',''
  ) );
#3756 = PCURVE('',#1109,#3757);
#3757 = DEFINITIONAL_REPRESENTATION('',(#3758),#3762);
#3758 = LINE('',#3759,#3760);
#3759 = CARTESIAN_POINT('',(-6.28318530718,-2.2));
#3760 = VECTOR('',#3761,1.);
#3761 = DIRECTION('',(1.,-0.));
#3762 = ( GEOMETRIC_REPRESENTATION_CONTEXT(2)
PARAMETRIC_REPRESENTATION_CONTEXT() REPRESENTATION_CONTEXT('2D SPACE',''
  ) );
#3763 = FACE_BOUND('',#3764,.T.);
#3764 = EDGE_LOOP('',(#3765));
#3765 = ORIENTED_EDGE('',*,*,#3766,.T.);
#3766 = EDGE_CURVE('',#3767,#3767,#3769,.T.);
#3767 = VERTEX_POINT('',#3768);
#3768 = CARTESIAN_POINT('',(34.758784492102,-22.22280932078,2.15));
#3769 = SURFACE_CURVE('',#3770,(#3775,#3786),.PCURVE_S1.);
#3770 = CIRCLE('',#3771,1.5);
#3771 = AXIS2_PLACEMENT_3D('',#3772,#3773,#3774);
#3772 = CARTESIAN_POINT('',(33.258784492102,-22.22280932078,2.15));
#3773 = DIRECTION('',(0.,0.,-1.));
#3774 = DIRECTION('',(1.,0.,0.));
#3775 = PCURVE('',#96,#3776);
#3776 = DEFINITIONAL_REPRESENTATION('',(#3777),#3785);
#3777 = ( BOUNDED_CURVE() B_SPLINE_CURVE(2,(#3778,#3779,#3780,#3781,
#3782,#3783,#3784),.UNSPECIFIED.,.T.,.F.) B_SPLINE_CURVE_WITH_KNOTS((1,2
    ,2,2,2,1),(-2.094395102393,0.,2.094395102393,4.188790204786,
6.28318530718,8.377580409573),.UNSPECIFIED.) CURVE()
GEOMETRIC_REPRESENTATION_ITEM() RATIONAL_B_SPLINE_CURVE((1.,0.5,1.,0.5,
1.,0.5,1.)) REPRESENTATION_ITEM('') );
#3778 = CARTESIAN_POINT('',(34.758784492102,-22.22280932078));
#3779 = CARTESIAN_POINT('',(34.758784492102,-24.82088553213));
#3780 = CARTESIAN_POINT('',(32.508784492102,-23.52184742646));
#3781 = CARTESIAN_POINT('',(30.258784492102,-22.22280932078));
#3782 = CARTESIAN_POINT('',(32.508784492102,-20.9237712151));
#3783 = CARTESIAN_POINT('',(34.758784492102,-19.62473310943));
#3784 = CARTESIAN_POINT('',(34.758784492102,-22.22280932078));
#3785 = ( GEOMETRIC_REPRESENTATION_CONTEXT(2)
PARAMETRIC_REPRESENTATION_CONTEXT() REPRESENTATION_CONTEXT('2D SPACE',''
  ) );
#3786 = PCURVE('',#1144,#3787);
#3787 = DEFINITIONAL_REPRESENTATION('',(#3788),#3792);
#3788 = LINE('',#3789,#3790);
#3789 = CARTESIAN_POINT('',(-6.28318530718,-2.2));
#3790 = VECTOR('',#3791,1.);
#3791 = DIRECTION('',(1.,-0.));
#3792 = ( GEOMETRIC_REPRESENTATION_CONTEXT(2)
PARAMETRIC_REPRESENTATION_CONTEXT() REPRESENTATION_CONTEXT('2D SPACE',''
  ) );
#3793 = FACE_BOUND('',#3794,.T.);
#3794 = EDGE_LOOP('',(#3795,#3818,#3839,#3860));
#3795 = ORIENTED_EDGE('',*,*,#3796,.T.);
#3796 = EDGE_CURVE('',#3797,#3799,#3801,.T.);
#3797 = VERTEX_POINT('',#3798);
#3798 = CARTESIAN_POINT('',(17.4,-20.975,2.15));
#3799 = VERTEX_POINT('',#3800);
#3800 = CARTESIAN_POINT('',(11.6,-20.975,2.15));
#3801 = SURFACE_CURVE('',#3802,(#3806,#3812),.PCURVE_S1.);
#3802 = LINE('',#3803,#3804);
#3803 = CARTESIAN_POINT('',(5.8,-20.975,2.15));
#3804 = VECTOR('',#3805,1.);
#3805 = DIRECTION('',(-1.,0.,0.));
#3806 = PCURVE('',#96,#3807);
#3807 = DEFINITIONAL_REPRESENTATION('',(#3808),#3811);
#3808 = B_SPLINE_CURVE_WITH_KNOTS('',1,(#3809,#3810),.UNSPECIFIED.,.F.,
  .F.,(2,2),(-11.6,-5.8),.PIECEWISE_BEZIER_KNOTS.);
#3809 = CARTESIAN_POINT('',(17.4,-20.975));
#3810 = CARTESIAN_POINT('',(11.6,-20.975));
#3811 = ( GEOMETRIC_REPRESENTATION_CONTEXT(2)
PARAMETRIC_REPRESENTATION_CONTEXT() REPRESENTATION_CONTEXT('2D SPACE',''
  ) );
#3812 = PCURVE('',#1175,#3813);
#3813 = DEFINITIONAL_REPRESENTATION('',(#3814),#3817);
#3814 = B_SPLINE_CURVE_WITH_KNOTS('',1,(#3815,#3816),.UNSPECIFIED.,.F.,
  .F.,(2,2),(-11.6,-5.8),.PIECEWISE_BEZIER_KNOTS.);
#3815 = CARTESIAN_POINT('',(2.2,5.8));
#3816 = CARTESIAN_POINT('',(2.2,0.));
#3817 = ( GEOMETRIC_REPRESENTATION_CONTEXT(2)
PARAMETRIC_REPRESENTATION_CONTEXT() REPRESENTATION_CONTEXT('2D SPACE',''
  ) );
#3818 = ORIENTED_EDGE('',*,*,#3819,.T.);
#3819 = EDGE_CURVE('',#3799,#3820,#3822,.T.);
#3820 = VERTEX_POINT('',#3821);
#3821 = CARTESIAN_POINT('',(11.6,-19.025,2.15));
#3822 = SURFACE_CURVE('',#3823,(#3827,#3833),.PCURVE_S1.);
#3823 = LINE('',#3824,#3825);
#3824 = CARTESIAN_POINT('',(11.6,-10.4875,2.15));
#3825 = VECTOR('',#3826,1.);
#3826 = DIRECTION('',(0.,1.,0.));
#3827 = PCURVE('',#96,#3828);
#3828 = DEFINITIONAL_REPRESENTATION('',(#3829),#3832);
#3829 = B_SPLINE_CURVE_WITH_KNOTS('',1,(#3830,#3831),.UNSPECIFIED.,.F.,
  .F.,(2,2),(-10.4875,-8.5375),.PIECEWISE_BEZIER_KNOTS.);
#3830 = CARTESIAN_POINT('',(11.6,-20.975));
#3831 = CARTESIAN_POINT('',(11.6,-19.025));
#3832 = ( GEOMETRIC_REPRESENTATION_CONTEXT(2)
PARAMETRIC_REPRESENTATION_CONTEXT() REPRESENTATION_CONTEXT('2D SPACE',''
  ) );
#3833 = PCURVE('',#1201,#3834);
#3834 = DEFINITIONAL_REPRESENTATION('',(#3835),#3838);
#3835 = B_SPLINE_CURVE_WITH_KNOTS('',1,(#3836,#3837),.UNSPECIFIED.,.F.,
  .F.,(2,2),(-10.4875,-8.5375),.PIECEWISE_BEZIER_KNOTS.);
#3836 = CARTESIAN_POINT('',(2.2,0.));
#3837 = CARTESIAN_POINT('',(2.2,-1.95));
#3838 = ( GEOMETRIC_REPRESENTATION_CONTEXT(2)
PARAMETRIC_REPRESENTATION_CONTEXT() REPRESENTATION_CONTEXT('2D SPACE',''
  ) );
#3839 = ORIENTED_EDGE('',*,*,#3840,.F.);
#3840 = EDGE_CURVE('',#3841,#3820,#3843,.T.);
#3841 = VERTEX_POINT('',#3842);
#3842 = CARTESIAN_POINT('',(17.4,-19.025,2.15));
#3843 = SURFACE_CURVE('',#3844,(#3848,#3854),.PCURVE_S1.);
#3844 = LINE('',#3845,#3846);
#3845 = CARTESIAN_POINT('',(5.8,-19.025,2.15));
#3846 = VECTOR('',#3847,1.);
#3847 = DIRECTION('',(-1.,0.,0.));
#3848 = PCURVE('',#96,#3849);
#3849 = DEFINITIONAL_REPRESENTATION('',(#3850),#3853);
#3850 = B_SPLINE_CURVE_WITH_KNOTS('',1,(#3851,#3852),.UNSPECIFIED.,.F.,
  .F.,(2,2),(-11.6,-5.8),.PIECEWISE_BEZIER_KNOTS.);
#3851 = CARTESIAN_POINT('',(17.4,-19.025));
#3852 = CARTESIAN_POINT('',(11.6,-19.025));
#3853 = ( GEOMETRIC_REPRESENTATION_CONTEXT(2)
PARAMETRIC_REPRESENTATION_CONTEXT() REPRESENTATION_CONTEXT('2D SPACE',''
  ) );
#3854 = PCURVE('',#1227,#3855);
#3855 = DEFINITIONAL_REPRESENTATION('',(#3856),#3859);
#3856 = B_SPLINE_CURVE_WITH_KNOTS('',1,(#3857,#3858),.UNSPECIFIED.,.F.,
  .F.,(2,2),(-11.6,-5.8),.PIECEWISE_BEZIER_KNOTS.);
#3857 = CARTESIAN_POINT('',(2.2,5.8));
#3858 = CARTESIAN_POINT('',(2.2,0.));
#3859 = ( GEOMETRIC_REPRESENTATION_CONTEXT(2)
PARAMETRIC_REPRESENTATION_CONTEXT() REPRESENTATION_CONTEXT('2D SPACE',''
  ) );
#3860 = ORIENTED_EDGE('',*,*,#3861,.F.);
#3861 = EDGE_CURVE('',#3797,#3841,#3862,.T.);
#3862 = SURFACE_CURVE('',#3863,(#3867,#3873),.PCURVE_S1.);
#3863 = LINE('',#3864,#3865);
#3864 = CARTESIAN_POINT('',(17.4,-10.4875,2.15));
#3865 = VECTOR('',#3866,1.);
#3866 = DIRECTION('',(0.,1.,0.));
#3867 = PCURVE('',#96,#3868);
#3868 = DEFINITIONAL_REPRESENTATION('',(#3869),#3872);
#3869 = B_SPLINE_CURVE_WITH_KNOTS('',1,(#3870,#3871),.UNSPECIFIED.,.F.,
  .F.,(2,2),(-10.4875,-8.5375),.PIECEWISE_BEZIER_KNOTS.);
#3870 = CARTESIAN_POINT('',(17.4,-20.975));
#3871 = CARTESIAN_POINT('',(17.4,-19.025));
#3872 = ( GEOMETRIC_REPRESENTATION_CONTEXT(2)
PARAMETRIC_REPRESENTATION_CONTEXT() REPRESENTATION_CONTEXT('2D SPACE',''
  ) );
#3873 = PCURVE('',#1251,#3874);
#3874 = DEFINITIONAL_REPRESENTATION('',(#3875),#3878);
#3875 = B_SPLINE_CURVE_WITH_KNOTS('',1,(#3876,#3877),.UNSPECIFIED.,.F.,
  .F.,(2,2),(-10.4875,-8.5375),.PIECEWISE_BEZIER_KNOTS.);
#3876 = CARTESIAN_POINT('',(2.2,0.));
#3877 = CARTESIAN_POINT('',(2.2,-1.95));
#3878 = ( GEOMETRIC_REPRESENTATION_CONTEXT(2)
PARAMETRIC_REPRESENTATION_CONTEXT() REPRESENTATION_CONTEXT('2D SPACE',''
  ) );
#3879 = FACE_BOUND('',#3880,.T.);
#3880 = EDGE_LOOP('',(#3881));
#3881 = ORIENTED_EDGE('',*,*,#3882,.T.);
#3882 = EDGE_CURVE('',#3883,#3883,#3885,.T.);
#3883 = VERTEX_POINT('',#3884);
#3884 = CARTESIAN_POINT('',(36.776850573934,-18.85586947304,2.15));
#3885 = SURFACE_CURVE('',#3886,(#3891,#3902),.PCURVE_S1.);
#3886 = CIRCLE('',#3887,1.5);
#3887 = AXIS2_PLACEMENT_3D('',#3888,#3889,#3890);
#3888 = CARTESIAN_POINT('',(35.276850573934,-18.85586947304,2.15));
#3889 = DIRECTION('',(0.,0.,-1.));
#3890 = DIRECTION('',(1.,0.,0.));
#3891 = PCURVE('',#96,#3892);
#3892 = DEFINITIONAL_REPRESENTATION('',(#3893),#3901);
#3893 = ( BOUNDED_CURVE() B_SPLINE_CURVE(2,(#3894,#3895,#3896,#3897,
#3898,#3899,#3900),.UNSPECIFIED.,.T.,.F.) B_SPLINE_CURVE_WITH_KNOTS((1,2
    ,2,2,2,1),(-2.094395102393,0.,2.094395102393,4.188790204786,
6.28318530718,8.377580409573),.UNSPECIFIED.) CURVE()
GEOMETRIC_REPRESENTATION_ITEM() RATIONAL_B_SPLINE_CURVE((1.,0.5,1.,0.5,
1.,0.5,1.)) REPRESENTATION_ITEM('') );
#3894 = CARTESIAN_POINT('',(36.776850573934,-18.85586947304));
#3895 = CARTESIAN_POINT('',(36.776850573934,-21.45394568439));
#3896 = CARTESIAN_POINT('',(34.526850573934,-20.15490757871));
#3897 = CARTESIAN_POINT('',(32.276850573934,-18.85586947304));
#3898 = CARTESIAN_POINT('',(34.526850573934,-17.55683136736));
#3899 = CARTESIAN_POINT('',(36.776850573934,-16.25779326168));
#3900 = CARTESIAN_POINT('',(36.776850573934,-18.85586947304));
#3901 = ( GEOMETRIC_REPRESENTATION_CONTEXT(2)
PARAMETRIC_REPRESENTATION_CONTEXT() REPRESENTATION_CONTEXT('2D SPACE',''
  ) );
#3902 = PCURVE('',#1285,#3903);
#3903 = DEFINITIONAL_REPRESENTATION('',(#3904),#3908);
#3904 = LINE('',#3905,#3906);
#3905 = CARTESIAN_POINT('',(-6.28318530718,-2.2));
#3906 = VECTOR('',#3907,1.);
#3907 = DIRECTION('',(1.,-0.));
#3908 = ( GEOMETRIC_REPRESENTATION_CONTEXT(2)
PARAMETRIC_REPRESENTATION_CONTEXT() REPRESENTATION_CONTEXT('2D SPACE',''
  ) );
#3909 = FACE_BOUND('',#3910,.T.);
#3910 = EDGE_LOOP('',(#3911));
#3911 = ORIENTED_EDGE('',*,*,#3912,.T.);
#3912 = EDGE_CURVE('',#3913,#3913,#3915,.T.);
#3913 = VERTEX_POINT('',#3914);
#3914 = CARTESIAN_POINT('',(38.455181300451,-15.3073372946,2.15));
#3915 = SURFACE_CURVE('',#3916,(#3921,#3932),.PCURVE_S1.);
#3916 = CIRCLE('',#3917,1.5);
#3917 = AXIS2_PLACEMENT_3D('',#3918,#3919,#3920);
#3918 = CARTESIAN_POINT('',(36.955181300451,-15.3073372946,2.15));
#3919 = DIRECTION('',(0.,0.,-1.));
#3920 = DIRECTION('',(1.,0.,0.));
#3921 = PCURVE('',#96,#3922);
#3922 = DEFINITIONAL_REPRESENTATION('',(#3923),#3931);
#3923 = ( BOUNDED_CURVE() B_SPLINE_CURVE(2,(#3924,#3925,#3926,#3927,
#3928,#3929,#3930),.UNSPECIFIED.,.T.,.F.) B_SPLINE_CURVE_WITH_KNOTS((1,2
    ,2,2,2,1),(-2.094395102393,0.,2.094395102393,4.188790204786,
6.28318530718,8.377580409573),.UNSPECIFIED.) CURVE()
GEOMETRIC_REPRESENTATION_ITEM() RATIONAL_B_SPLINE_CURVE((1.,0.5,1.,0.5,
1.,0.5,1.)) REPRESENTATION_ITEM('') );
#3924 = CARTESIAN_POINT('',(38.455181300451,-15.3073372946));
#3925 = CARTESIAN_POINT('',(38.455181300451,-17.90541350595));
#3926 = CARTESIAN_POINT('',(36.205181300451,-16.60637540028));
#3927 = CARTESIAN_POINT('',(33.955181300451,-15.3073372946));
#3928 = CARTESIAN_POINT('',(36.205181300451,-14.00829918892));
#3929 = CARTESIAN_POINT('',(38.455181300451,-12.70926108325));
#3930 = CARTESIAN_POINT('',(38.455181300451,-15.3073372946));
#3931 = ( GEOMETRIC_REPRESENTATION_CONTEXT(2)
PARAMETRIC_REPRESENTATION_CONTEXT() REPRESENTATION_CONTEXT('2D SPACE',''
  ) );
#3932 = PCURVE('',#1320,#3933);
#3933 = DEFINITIONAL_REPRESENTATION('',(#3934),#3938);
#3934 = LINE('',#3935,#3936);
#3935 = CARTESIAN_POINT('',(-6.28318530718,-2.2));
#3936 = VECTOR('',#3937,1.);
#3937 = DIRECTION('',(1.,-0.));
#3938 = ( GEOMETRIC_REPRESENTATION_CONTEXT(2)
PARAMETRIC_REPRESENTATION_CONTEXT() REPRESENTATION_CONTEXT('2D SPACE',''
  ) );
#3939 = FACE_BOUND('',#3940,.T.);
#3940 = EDGE_LOOP('',(#3941));
#3941 = ORIENTED_EDGE('',*,*,#3942,.T.);
#3942 = EDGE_CURVE('',#3943,#3943,#3945,.T.);
#3943 = VERTEX_POINT('',#3944);
#3944 = CARTESIAN_POINT('',(39.777613429288,-11.61138709017,2.15));
#3945 = SURFACE_CURVE('',#3946,(#3951,#3962),.PCURVE_S1.);
#3946 = CIRCLE('',#3947,1.5);
#3947 = AXIS2_PLACEMENT_3D('',#3948,#3949,#3950);
#3948 = CARTESIAN_POINT('',(38.277613429288,-11.61138709017,2.15));
#3949 = DIRECTION('',(0.,0.,-1.));
#3950 = DIRECTION('',(1.,0.,0.));
#3951 = PCURVE('',#96,#3952);
#3952 = DEFINITIONAL_REPRESENTATION('',(#3953),#3961);
#3953 = ( BOUNDED_CURVE() B_SPLINE_CURVE(2,(#3954,#3955,#3956,#3957,
#3958,#3959,#3960),.UNSPECIFIED.,.T.,.F.) B_SPLINE_CURVE_WITH_KNOTS((1,2
    ,2,2,2,1),(-2.094395102393,0.,2.094395102393,4.188790204786,
6.28318530718,8.377580409573),.UNSPECIFIED.) CURVE()
GEOMETRIC_REPRESENTATION_ITEM() RATIONAL_B_SPLINE_CURVE((1.,0.5,1.,0.5,
1.,0.5,1.)) REPRESENTATION_ITEM('') );
#3954 = CARTESIAN_POINT('',(39.777613429288,-11.61138709017));
#3955 = CARTESIAN_POINT('',(39.777613429288,-14.20946330153));
#3956 = CARTESIAN_POINT('',(37.527613429288,-12.91042519585));
#3957 = CARTESIAN_POINT('',(35.277613429288,-11.61138709017));
#3958 = CARTESIAN_POINT('',(37.527613429288,-10.3123489845));
#3959 = CARTESIAN_POINT('',(39.777613429288,-9.013310878825));
#3960 = CARTESIAN_POINT('',(39.777613429288,-11.61138709017));
#3961 = ( GEOMETRIC_REPRESENTATION_CONTEXT(2)
PARAMETRIC_REPRESENTATION_CONTEXT() REPRESENTATION_CONTEXT('2D SPACE',''
  ) );
#3962 = PCURVE('',#1355,#3963);
#3963 = DEFINITIONAL_REPRESENTATION('',(#3964),#3968);
#3964 = LINE('',#3965,#3966);
#3965 = CARTESIAN_POINT('',(-6.28318530718,-2.2));
#3966 = VECTOR('',#3967,1.);
#3967 = DIRECTION('',(1.,-0.));
#3968 = ( GEOMETRIC_REPRESENTATION_CONTEXT(2)
PARAMETRIC_REPRESENTATION_CONTEXT() REPRESENTATION_CONTEXT('2D SPACE',''
  ) );
#3969 = FACE_BOUND('',#3970,.T.);
#3970 = EDGE_LOOP('',(#3971));
#3971 = ORIENTED_EDGE('',*,*,#3972,.T.);
#3972 = EDGE_CURVE('',#3973,#3973,#3975,.T.);
#3973 = VERTEX_POINT('',#3974);
#3974 = CARTESIAN_POINT('',(40.731411216129,-7.803612880645,2.15));
#3975 = SURFACE_CURVE('',#3976,(#3981,#3992),.PCURVE_S1.);
#3976 = CIRCLE('',#3977,1.5);
#3977 = AXIS2_PLACEMENT_3D('',#3978,#3979,#3980);
#3978 = CARTESIAN_POINT('',(39.231411216129,-7.803612880645,2.15));
#3979 = DIRECTION('',(0.,0.,-1.));
#3980 = DIRECTION('',(1.,0.,0.));
#3981 = PCURVE('',#96,#3982);
#3982 = DEFINITIONAL_REPRESENTATION('',(#3983),#3991);
#3983 = ( BOUNDED_CURVE() B_SPLINE_CURVE(2,(#3984,#3985,#3986,#3987,
#3988,#3989,#3990),.UNSPECIFIED.,.T.,.F.) B_SPLINE_CURVE_WITH_KNOTS((1,2
    ,2,2,2,1),(-2.094395102393,0.,2.094395102393,4.188790204786,
6.28318530718,8.377580409573),.UNSPECIFIED.) CURVE()
GEOMETRIC_REPRESENTATION_ITEM() RATIONAL_B_SPLINE_CURVE((1.,0.5,1.,0.5,
1.,0.5,1.)) REPRESENTATION_ITEM('') );
#3984 = CARTESIAN_POINT('',(40.731411216129,-7.803612880645));
#3985 = CARTESIAN_POINT('',(40.731411216129,-10.40168909199));
#3986 = CARTESIAN_POINT('',(38.481411216129,-9.102650986322));
#3987 = CARTESIAN_POINT('',(36.231411216129,-7.803612880645));
#3988 = CARTESIAN_POINT('',(38.481411216129,-6.504574774968));
#3989 = CARTESIAN_POINT('',(40.731411216129,-5.205536669292));
#3990 = CARTESIAN_POINT('',(40.731411216129,-7.803612880645));
#3991 = ( GEOMETRIC_REPRESENTATION_CONTEXT(2)
PARAMETRIC_REPRESENTATION_CONTEXT() REPRESENTATION_CONTEXT('2D SPACE',''
  ) );
#3992 = PCURVE('',#1390,#3993);
#3993 = DEFINITIONAL_REPRESENTATION('',(#3994),#3998);
#3994 = LINE('',#3995,#3996);
#3995 = CARTESIAN_POINT('',(-6.28318530718,-2.2));
#3996 = VECTOR('',#3997,1.);
#3997 = DIRECTION('',(1.,-0.));
#3998 = ( GEOMETRIC_REPRESENTATION_CONTEXT(2)
PARAMETRIC_REPRESENTATION_CONTEXT() REPRESENTATION_CONTEXT('2D SPACE',''
  ) );
#3999 = FACE_BOUND('',#4000,.T.);
#4000 = EDGE_LOOP('',(#4001));
#4001 = ORIENTED_EDGE('',*,*,#4002,.T.);
#4002 = EDGE_CURVE('',#4003,#4003,#4005,.T.);
#4003 = VERTEX_POINT('',#4004);
#4004 = CARTESIAN_POINT('',(41.307389066888,-3.920685613182,2.15));
#4005 = SURFACE_CURVE('',#4006,(#4011,#4022),.PCURVE_S1.);
#4006 = CIRCLE('',#4007,1.5);
#4007 = AXIS2_PLACEMENT_3D('',#4008,#4009,#4010);
#4008 = CARTESIAN_POINT('',(39.807389066888,-3.920685613182,2.15));
#4009 = DIRECTION('',(0.,0.,-1.));
#4010 = DIRECTION('',(1.,0.,0.));
#4011 = PCURVE('',#96,#4012);
#4012 = DEFINITIONAL_REPRESENTATION('',(#4013),#4021);
#4013 = ( BOUNDED_CURVE() B_SPLINE_CURVE(2,(#4014,#4015,#4016,#4017,
#4018,#4019,#4020),.UNSPECIFIED.,.T.,.F.) B_SPLINE_CURVE_WITH_KNOTS((1,2
    ,2,2,2,1),(-2.094395102393,0.,2.094395102393,4.188790204786,
6.28318530718,8.377580409573),.UNSPECIFIED.) CURVE()
GEOMETRIC_REPRESENTATION_ITEM() RATIONAL_B_SPLINE_CURVE((1.,0.5,1.,0.5,
1.,0.5,1.)) REPRESENTATION_ITEM('') );
#4014 = CARTESIAN_POINT('',(41.307389066888,-3.920685613182));
#4015 = CARTESIAN_POINT('',(41.307389066888,-6.518761824536));
#4016 = CARTESIAN_POINT('',(39.057389066888,-5.219723718859));
#4017 = CARTESIAN_POINT('',(36.807389066888,-3.920685613182));
#4018 = CARTESIAN_POINT('',(39.057389066888,-2.621647507506));
#4019 = CARTESIAN_POINT('',(41.307389066888,-1.322609401829));
#4020 = CARTESIAN_POINT('',(41.307389066888,-3.920685613182));
#4021 = ( GEOMETRIC_REPRESENTATION_CONTEXT(2)
PARAMETRIC_REPRESENTATION_CONTEXT() REPRESENTATION_CONTEXT('2D SPACE',''
  ) );
#4022 = PCURVE('',#1425,#4023);
#4023 = DEFINITIONAL_REPRESENTATION('',(#4024),#4028);
#4024 = LINE('',#4025,#4026);
#4025 = CARTESIAN_POINT('',(-6.28318530718,-2.2));
#4026 = VECTOR('',#4027,1.);
#4027 = DIRECTION('',(1.,-0.));
#4028 = ( GEOMETRIC_REPRESENTATION_CONTEXT(2)
PARAMETRIC_REPRESENTATION_CONTEXT() REPRESENTATION_CONTEXT('2D SPACE',''
  ) );
#4029 = FACE_BOUND('',#4030,.T.);
#4030 = EDGE_LOOP('',(#4031));
#4031 = ORIENTED_EDGE('',*,*,#4032,.T.);
#4032 = EDGE_CURVE('',#4033,#4033,#4035,.T.);
#4033 = VERTEX_POINT('',#4034);
#4034 = CARTESIAN_POINT('',(-38.5,4.898587196589E-15,2.15));
#4035 = SURFACE_CURVE('',#4036,(#4041,#4052),.PCURVE_S1.);
#4036 = CIRCLE('',#4037,1.5);
#4037 = AXIS2_PLACEMENT_3D('',#4038,#4039,#4040);
#4038 = CARTESIAN_POINT('',(-40.,4.898587196589E-15,2.15));
#4039 = DIRECTION('',(0.,0.,-1.));
#4040 = DIRECTION('',(1.,0.,0.));
#4041 = PCURVE('',#96,#4042);
#4042 = DEFINITIONAL_REPRESENTATION('',(#4043),#4051);
#4043 = ( BOUNDED_CURVE() B_SPLINE_CURVE(2,(#4044,#4045,#4046,#4047,
#4048,#4049,#4050),.UNSPECIFIED.,.T.,.F.) B_SPLINE_CURVE_WITH_KNOTS((1,2
    ,2,2,2,1),(-2.094395102393,0.,2.094395102393,4.188790204786,
6.28318530718,8.377580409573),.UNSPECIFIED.) CURVE()
GEOMETRIC_REPRESENTATION_ITEM() RATIONAL_B_SPLINE_CURVE((1.,0.5,1.,0.5,
1.,0.5,1.)) REPRESENTATION_ITEM('') );
#4044 = CARTESIAN_POINT('',(-38.5,4.574299531087E-15));
#4045 = CARTESIAN_POINT('',(-38.5,-2.598076211353));
#4046 = CARTESIAN_POINT('',(-40.75,-1.299038105677));
#4047 = CARTESIAN_POINT('',(-43.,4.206905491343E-15));
#4048 = CARTESIAN_POINT('',(-40.75,1.299038105677));
#4049 = CARTESIAN_POINT('',(-38.5,2.598076211353));
#4050 = CARTESIAN_POINT('',(-38.5,4.574299531087E-15));
#4051 = ( GEOMETRIC_REPRESENTATION_CONTEXT(2)
PARAMETRIC_REPRESENTATION_CONTEXT() REPRESENTATION_CONTEXT('2D SPACE',''
  ) );
#4052 = PCURVE('',#1460,#4053);
#4053 = DEFINITIONAL_REPRESENTATION('',(#4054),#4058);
#4054 = LINE('',#4055,#4056);
#4055 = CARTESIAN_POINT('',(-6.28318530718,-2.2));
#4056 = VECTOR('',#4057,1.);
#4057 = DIRECTION('',(1.,-0.));
#4058 = ( GEOMETRIC_REPRESENTATION_CONTEXT(2)
PARAMETRIC_REPRESENTATION_CONTEXT() REPRESENTATION_CONTEXT('2D SPACE',''
  ) );
#4059 = FACE_BOUND('',#4060,.T.);
#4060 = EDGE_LOOP('',(#4061));
#4061 = ORIENTED_EDGE('',*,*,#4062,.T.);
#4062 = EDGE_CURVE('',#4063,#4063,#4065,.T.);
#4063 = VERTEX_POINT('',#4064);
#4064 = CARTESIAN_POINT('',(-38.30738906688,3.920685613182,2.15));
#4065 = SURFACE_CURVE('',#4066,(#4071,#4082),.PCURVE_S1.);
#4066 = CIRCLE('',#4067,1.5);
#4067 = AXIS2_PLACEMENT_3D('',#4068,#4069,#4070);
#4068 = CARTESIAN_POINT('',(-39.80738906688,3.920685613182,2.15));
#4069 = DIRECTION('',(0.,0.,-1.));
#4070 = DIRECTION('',(1.,0.,0.));
#4071 = PCURVE('',#96,#4072);
#4072 = DEFINITIONAL_REPRESENTATION('',(#4073),#4081);
#4073 = ( BOUNDED_CURVE() B_SPLINE_CURVE(2,(#4074,#4075,#4076,#4077,
#4078,#4079,#4080),.UNSPECIFIED.,.T.,.F.) B_SPLINE_CURVE_WITH_KNOTS((1,2
    ,2,2,2,1),(-2.094395102393,0.,2.094395102393,4.188790204786,
6.28318530718,8.377580409573),.UNSPECIFIED.) CURVE()
GEOMETRIC_REPRESENTATION_ITEM() RATIONAL_B_SPLINE_CURVE((1.,0.5,1.,0.5,
1.,0.5,1.)) REPRESENTATION_ITEM('') );
#4074 = CARTESIAN_POINT('',(-38.30738906688,3.920685613182));
#4075 = CARTESIAN_POINT('',(-38.30738906688,1.322609401829));
#4076 = CARTESIAN_POINT('',(-40.55738906688,2.621647507506));
#4077 = CARTESIAN_POINT('',(-42.80738906688,3.920685613182));
#4078 = CARTESIAN_POINT('',(-40.55738906688,5.219723718859));
#4079 = CARTESIAN_POINT('',(-38.30738906688,6.518761824536));
#4080 = CARTESIAN_POINT('',(-38.30738906688,3.920685613182));
#4081 = ( GEOMETRIC_REPRESENTATION_CONTEXT(2)
PARAMETRIC_REPRESENTATION_CONTEXT() REPRESENTATION_CONTEXT('2D SPACE',''
  ) );
#4082 = PCURVE('',#1495,#4083);
#4083 = DEFINITIONAL_REPRESENTATION('',(#4084),#4088);
#4084 = LINE('',#4085,#4086);
#4085 = CARTESIAN_POINT('',(-6.28318530718,-2.2));
#4086 = VECTOR('',#4087,1.);
#4087 = DIRECTION('',(1.,-0.));
#4088 = ( GEOMETRIC_REPRESENTATION_CONTEXT(2)
PARAMETRIC_REPRESENTATION_CONTEXT() REPRESENTATION_CONTEXT('2D SPACE',''
  ) );
#4089 = FACE_BOUND('',#4090,.T.);
#4090 = EDGE_LOOP('',(#4091));
#4091 = ORIENTED_EDGE('',*,*,#4092,.T.);
#4092 = EDGE_CURVE('',#4093,#4093,#4095,.T.);
#4093 = VERTEX_POINT('',#4094);
#4094 = CARTESIAN_POINT('',(-37.73141121612,7.803612880645,2.15));
#4095 = SURFACE_CURVE('',#4096,(#4101,#4112),.PCURVE_S1.);
#4096 = CIRCLE('',#4097,1.5);
#4097 = AXIS2_PLACEMENT_3D('',#4098,#4099,#4100);
#4098 = CARTESIAN_POINT('',(-39.23141121612,7.803612880645,2.15));
#4099 = DIRECTION('',(0.,0.,-1.));
#4100 = DIRECTION('',(1.,0.,0.));
#4101 = PCURVE('',#96,#4102);
#4102 = DEFINITIONAL_REPRESENTATION('',(#4103),#4111);
#4103 = ( BOUNDED_CURVE() B_SPLINE_CURVE(2,(#4104,#4105,#4106,#4107,
#4108,#4109,#4110),.UNSPECIFIED.,.T.,.F.) B_SPLINE_CURVE_WITH_KNOTS((1,2
    ,2,2,2,1),(-2.094395102393,0.,2.094395102393,4.188790204786,
6.28318530718,8.377580409573),.UNSPECIFIED.) CURVE()
GEOMETRIC_REPRESENTATION_ITEM() RATIONAL_B_SPLINE_CURVE((1.,0.5,1.,0.5,
1.,0.5,1.)) REPRESENTATION_ITEM('') );
#4104 = CARTESIAN_POINT('',(-37.73141121612,7.803612880645));
#4105 = CARTESIAN_POINT('',(-37.73141121612,5.205536669292));
#4106 = CARTESIAN_POINT('',(-39.98141121612,6.504574774968));
#4107 = CARTESIAN_POINT('',(-42.23141121612,7.803612880645));
#4108 = CARTESIAN_POINT('',(-39.98141121612,9.102650986322));
#4109 = CARTESIAN_POINT('',(-37.73141121612,10.401689091998));
#4110 = CARTESIAN_POINT('',(-37.73141121612,7.803612880645));
#4111 = ( GEOMETRIC_REPRESENTATION_CONTEXT(2)
PARAMETRIC_REPRESENTATION_CONTEXT() REPRESENTATION_CONTEXT('2D SPACE',''
  ) );
#4112 = PCURVE('',#1530,#4113);
#4113 = DEFINITIONAL_REPRESENTATION('',(#4114),#4118);
#4114 = LINE('',#4115,#4116);
#4115 = CARTESIAN_POINT('',(-6.28318530718,-2.2));
#4116 = VECTOR('',#4117,1.);
#4117 = DIRECTION('',(1.,-0.));
#4118 = ( GEOMETRIC_REPRESENTATION_CONTEXT(2)
PARAMETRIC_REPRESENTATION_CONTEXT() REPRESENTATION_CONTEXT('2D SPACE',''
  ) );
#4119 = FACE_BOUND('',#4120,.T.);
#4120 = EDGE_LOOP('',(#4121));
#4121 = ORIENTED_EDGE('',*,*,#4122,.T.);
#4122 = EDGE_CURVE('',#4123,#4123,#4125,.T.);
#4123 = VERTEX_POINT('',#4124);
#4124 = CARTESIAN_POINT('',(-36.77761342928,11.611387090178,2.15));
#4125 = SURFACE_CURVE('',#4126,(#4131,#4142),.PCURVE_S1.);
#4126 = CIRCLE('',#4127,1.5);
#4127 = AXIS2_PLACEMENT_3D('',#4128,#4129,#4130);
#4128 = CARTESIAN_POINT('',(-38.27761342928,11.611387090178,2.15));
#4129 = DIRECTION('',(0.,0.,-1.));
#4130 = DIRECTION('',(1.,0.,0.));
#4131 = PCURVE('',#96,#4132);
#4132 = DEFINITIONAL_REPRESENTATION('',(#4133),#4141);
#4133 = ( BOUNDED_CURVE() B_SPLINE_CURVE(2,(#4134,#4135,#4136,#4137,
#4138,#4139,#4140),.UNSPECIFIED.,.T.,.F.) B_SPLINE_CURVE_WITH_KNOTS((1,2
    ,2,2,2,1),(-2.094395102393,0.,2.094395102393,4.188790204786,
6.28318530718,8.377580409573),.UNSPECIFIED.) CURVE()
GEOMETRIC_REPRESENTATION_ITEM() RATIONAL_B_SPLINE_CURVE((1.,0.5,1.,0.5,
1.,0.5,1.)) REPRESENTATION_ITEM('') );
#4134 = CARTESIAN_POINT('',(-36.77761342928,11.611387090178));
#4135 = CARTESIAN_POINT('',(-36.77761342928,9.013310878825));
#4136 = CARTESIAN_POINT('',(-39.02761342928,10.312348984502));
#4137 = CARTESIAN_POINT('',(-41.27761342928,11.611387090178));
#4138 = CARTESIAN_POINT('',(-39.02761342928,12.910425195855));
#4139 = CARTESIAN_POINT('',(-36.77761342928,14.209463301532));
#4140 = CARTESIAN_POINT('',(-36.77761342928,11.611387090178));
#4141 = ( GEOMETRIC_REPRESENTATION_CONTEXT(2)
PARAMETRIC_REPRESENTATION_CONTEXT() REPRESENTATION_CONTEXT('2D SPACE',''
  ) );
#4142 = PCURVE('',#1565,#4143);
#4143 = DEFINITIONAL_REPRESENTATION('',(#4144),#4148);
#4144 = LINE('',#4145,#4146);
#4145 = CARTESIAN_POINT('',(-6.28318530718,-2.2));
#4146 = VECTOR('',#4147,1.);
#4147 = DIRECTION('',(1.,-0.));
#4148 = ( GEOMETRIC_REPRESENTATION_CONTEXT(2)
PARAMETRIC_REPRESENTATION_CONTEXT() REPRESENTATION_CONTEXT('2D SPACE',''
  ) );
#4149 = FACE_BOUND('',#4150,.T.);
#4150 = EDGE_LOOP('',(#4151));
#4151 = ORIENTED_EDGE('',*,*,#4152,.T.);
#4152 = EDGE_CURVE('',#4153,#4153,#4155,.T.);
#4153 = VERTEX_POINT('',#4154);
#4154 = CARTESIAN_POINT('',(-35.45518130045,15.307337294604,2.15));
#4155 = SURFACE_CURVE('',#4156,(#4161,#4172),.PCURVE_S1.);
#4156 = CIRCLE('',#4157,1.5);
#4157 = AXIS2_PLACEMENT_3D('',#4158,#4159,#4160);
#4158 = CARTESIAN_POINT('',(-36.95518130045,15.307337294604,2.15));
#4159 = DIRECTION('',(0.,0.,-1.));
#4160 = DIRECTION('',(1.,0.,0.));
#4161 = PCURVE('',#96,#4162);
#4162 = DEFINITIONAL_REPRESENTATION('',(#4163),#4171);
#4163 = ( BOUNDED_CURVE() B_SPLINE_CURVE(2,(#4164,#4165,#4166,#4167,
#4168,#4169,#4170),.UNSPECIFIED.,.T.,.F.) B_SPLINE_CURVE_WITH_KNOTS((1,2
    ,2,2,2,1),(-2.094395102393,0.,2.094395102393,4.188790204786,
6.28318530718,8.377580409573),.UNSPECIFIED.) CURVE()
GEOMETRIC_REPRESENTATION_ITEM() RATIONAL_B_SPLINE_CURVE((1.,0.5,1.,0.5,
1.,0.5,1.)) REPRESENTATION_ITEM('') );
#4164 = CARTESIAN_POINT('',(-35.45518130045,15.307337294604));
#4165 = CARTESIAN_POINT('',(-35.45518130045,12.70926108325));
#4166 = CARTESIAN_POINT('',(-37.70518130045,14.008299188927));
#4167 = CARTESIAN_POINT('',(-39.95518130045,15.307337294604));
#4168 = CARTESIAN_POINT('',(-37.70518130045,16.60637540028));
#4169 = CARTESIAN_POINT('',(-35.45518130045,17.905413505957));
#4170 = CARTESIAN_POINT('',(-35.45518130045,15.307337294604));
#4171 = ( GEOMETRIC_REPRESENTATION_CONTEXT(2)
PARAMETRIC_REPRESENTATION_CONTEXT() REPRESENTATION_CONTEXT('2D SPACE',''
  ) );
#4172 = PCURVE('',#1600,#4173);
#4173 = DEFINITIONAL_REPRESENTATION('',(#4174),#4178);
#4174 = LINE('',#4175,#4176);
#4175 = CARTESIAN_POINT('',(-6.28318530718,-2.2));
#4176 = VECTOR('',#4177,1.);
#4177 = DIRECTION('',(1.,-0.));
#4178 = ( GEOMETRIC_REPRESENTATION_CONTEXT(2)
PARAMETRIC_REPRESENTATION_CONTEXT() REPRESENTATION_CONTEXT('2D SPACE',''
  ) );
#4179 = FACE_BOUND('',#4180,.T.);
#4180 = EDGE_LOOP('',(#4181));
#4181 = ORIENTED_EDGE('',*,*,#4182,.T.);
#4182 = EDGE_CURVE('',#4183,#4183,#4185,.T.);
#4183 = VERTEX_POINT('',#4184);
#4184 = CARTESIAN_POINT('',(-33.77685057393,18.85586947304,2.15));
#4185 = SURFACE_CURVE('',#4186,(#4191,#4202),.PCURVE_S1.);
#4186 = CIRCLE('',#4187,1.5);
#4187 = AXIS2_PLACEMENT_3D('',#4188,#4189,#4190);
#4188 = CARTESIAN_POINT('',(-35.27685057393,18.85586947304,2.15));
#4189 = DIRECTION('',(0.,0.,-1.));
#4190 = DIRECTION('',(1.,0.,0.));
#4191 = PCURVE('',#96,#4192);
#4192 = DEFINITIONAL_REPRESENTATION('',(#4193),#4201);
#4193 = ( BOUNDED_CURVE() B_SPLINE_CURVE(2,(#4194,#4195,#4196,#4197,
#4198,#4199,#4200),.UNSPECIFIED.,.T.,.F.) B_SPLINE_CURVE_WITH_KNOTS((1,2
    ,2,2,2,1),(-2.094395102393,0.,2.094395102393,4.188790204786,
6.28318530718,8.377580409573),.UNSPECIFIED.) CURVE()
GEOMETRIC_REPRESENTATION_ITEM() RATIONAL_B_SPLINE_CURVE((1.,0.5,1.,0.5,
1.,0.5,1.)) REPRESENTATION_ITEM('') );
#4194 = CARTESIAN_POINT('',(-33.77685057393,18.85586947304));
#4195 = CARTESIAN_POINT('',(-33.77685057393,16.257793261687));
#4196 = CARTESIAN_POINT('',(-36.02685057393,17.556831367363));
#4197 = CARTESIAN_POINT('',(-38.27685057393,18.85586947304));
#4198 = CARTESIAN_POINT('',(-36.02685057393,20.154907578717));
#4199 = CARTESIAN_POINT('',(-33.77685057393,21.453945684393));
#4200 = CARTESIAN_POINT('',(-33.77685057393,18.85586947304));
#4201 = ( GEOMETRIC_REPRESENTATION_CONTEXT(2)
PARAMETRIC_REPRESENTATION_CONTEXT() REPRESENTATION_CONTEXT('2D SPACE',''
  ) );
#4202 = PCURVE('',#1635,#4203);
#4203 = DEFINITIONAL_REPRESENTATION('',(#4204),#4208);
#4204 = LINE('',#4205,#4206);
#4205 = CARTESIAN_POINT('',(-6.28318530718,-2.2));
#4206 = VECTOR('',#4207,1.);
#4207 = DIRECTION('',(1.,-0.));
#4208 = ( GEOMETRIC_REPRESENTATION_CONTEXT(2)
PARAMETRIC_REPRESENTATION_CONTEXT() REPRESENTATION_CONTEXT('2D SPACE',''
  ) );
#4209 = FACE_BOUND('',#4210,.T.);
#4210 = EDGE_LOOP('',(#4211,#4234,#4255,#4276));
#4211 = ORIENTED_EDGE('',*,*,#4212,.T.);
#4212 = EDGE_CURVE('',#4213,#4215,#4217,.T.);
#4213 = VERTEX_POINT('',#4214);
#4214 = CARTESIAN_POINT('',(-11.6,19.025,2.15));
#4215 = VERTEX_POINT('',#4216);
#4216 = CARTESIAN_POINT('',(-17.4,19.025,2.15));
#4217 = SURFACE_CURVE('',#4218,(#4222,#4228),.PCURVE_S1.);
#4218 = LINE('',#4219,#4220);
#4219 = CARTESIAN_POINT('',(-8.7,19.025,2.15));
#4220 = VECTOR('',#4221,1.);
#4221 = DIRECTION('',(-1.,0.,0.));
#4222 = PCURVE('',#96,#4223);
#4223 = DEFINITIONAL_REPRESENTATION('',(#4224),#4227);
#4224 = B_SPLINE_CURVE_WITH_KNOTS('',1,(#4225,#4226),.UNSPECIFIED.,.F.,
  .F.,(2,2),(2.9,8.7),.PIECEWISE_BEZIER_KNOTS.);
#4225 = CARTESIAN_POINT('',(-11.6,19.025));
#4226 = CARTESIAN_POINT('',(-17.4,19.025));
#4227 = ( GEOMETRIC_REPRESENTATION_CONTEXT(2)
PARAMETRIC_REPRESENTATION_CONTEXT() REPRESENTATION_CONTEXT('2D SPACE',''
  ) );
#4228 = PCURVE('',#1666,#4229);
#4229 = DEFINITIONAL_REPRESENTATION('',(#4230),#4233);
#4230 = B_SPLINE_CURVE_WITH_KNOTS('',1,(#4231,#4232),.UNSPECIFIED.,.F.,
  .F.,(2,2),(2.9,8.7),.PIECEWISE_BEZIER_KNOTS.);
#4231 = CARTESIAN_POINT('',(2.2,5.8));
#4232 = CARTESIAN_POINT('',(2.2,0.));
#4233 = ( GEOMETRIC_REPRESENTATION_CONTEXT(2)
PARAMETRIC_REPRESENTATION_CONTEXT() REPRESENTATION_CONTEXT('2D SPACE',''
  ) );
#4234 = ORIENTED_EDGE('',*,*,#4235,.T.);
#4235 = EDGE_CURVE('',#4215,#4236,#4238,.T.);
#4236 = VERTEX_POINT('',#4237);
#4237 = CARTESIAN_POINT('',(-17.4,20.975,2.15));
#4238 = SURFACE_CURVE('',#4239,(#4243,#4249),.PCURVE_S1.);
#4239 = LINE('',#4240,#4241);
#4240 = CARTESIAN_POINT('',(-17.4,9.5125,2.15));
#4241 = VECTOR('',#4242,1.);
#4242 = DIRECTION('',(0.,1.,0.));
#4243 = PCURVE('',#96,#4244);
#4244 = DEFINITIONAL_REPRESENTATION('',(#4245),#4248);
#4245 = B_SPLINE_CURVE_WITH_KNOTS('',1,(#4246,#4247),.UNSPECIFIED.,.F.,
  .F.,(2,2),(9.5125,11.4625),.PIECEWISE_BEZIER_KNOTS.);
#4246 = CARTESIAN_POINT('',(-17.4,19.025));
#4247 = CARTESIAN_POINT('',(-17.4,20.975));
#4248 = ( GEOMETRIC_REPRESENTATION_CONTEXT(2)
PARAMETRIC_REPRESENTATION_CONTEXT() REPRESENTATION_CONTEXT('2D SPACE',''
  ) );
#4249 = PCURVE('',#1692,#4250);
#4250 = DEFINITIONAL_REPRESENTATION('',(#4251),#4254);
#4251 = B_SPLINE_CURVE_WITH_KNOTS('',1,(#4252,#4253),.UNSPECIFIED.,.F.,
  .F.,(2,2),(9.5125,11.4625),.PIECEWISE_BEZIER_KNOTS.);
#4252 = CARTESIAN_POINT('',(2.2,0.));
#4253 = CARTESIAN_POINT('',(2.2,-1.95));
#4254 = ( GEOMETRIC_REPRESENTATION_CONTEXT(2)
PARAMETRIC_REPRESENTATION_CONTEXT() REPRESENTATION_CONTEXT('2D SPACE',''
  ) );
#4255 = ORIENTED_EDGE('',*,*,#4256,.F.);
#4256 = EDGE_CURVE('',#4257,#4236,#4259,.T.);
#4257 = VERTEX_POINT('',#4258);
#4258 = CARTESIAN_POINT('',(-11.6,20.975,2.15));
#4259 = SURFACE_CURVE('',#4260,(#4264,#4270),.PCURVE_S1.);
#4260 = LINE('',#4261,#4262);
#4261 = CARTESIAN_POINT('',(-8.7,20.975,2.15));
#4262 = VECTOR('',#4263,1.);
#4263 = DIRECTION('',(-1.,0.,0.));
#4264 = PCURVE('',#96,#4265);
#4265 = DEFINITIONAL_REPRESENTATION('',(#4266),#4269);
#4266 = B_SPLINE_CURVE_WITH_KNOTS('',1,(#4267,#4268),.UNSPECIFIED.,.F.,
  .F.,(2,2),(2.9,8.7),.PIECEWISE_BEZIER_KNOTS.);
#4267 = CARTESIAN_POINT('',(-11.6,20.975));
#4268 = CARTESIAN_POINT('',(-17.4,20.975));
#4269 = ( GEOMETRIC_REPRESENTATION_CONTEXT(2)
PARAMETRIC_REPRESENTATION_CONTEXT() REPRESENTATION_CONTEXT('2D SPACE',''
  ) );
#4270 = PCURVE('',#1718,#4271);
#4271 = DEFINITIONAL_REPRESENTATION('',(#4272),#4275);
#4272 = B_SPLINE_CURVE_WITH_KNOTS('',1,(#4273,#4274),.UNSPECIFIED.,.F.,
  .F.,(2,2),(2.9,8.7),.PIECEWISE_BEZIER_KNOTS.);
#4273 = CARTESIAN_POINT('',(2.2,5.8));
#4274 = CARTESIAN_POINT('',(2.2,0.));
#4275 = ( GEOMETRIC_REPRESENTATION_CONTEXT(2)
PARAMETRIC_REPRESENTATION_CONTEXT() REPRESENTATION_CONTEXT('2D SPACE',''
  ) );
#4276 = ORIENTED_EDGE('',*,*,#4277,.F.);
#4277 = EDGE_CURVE('',#4213,#4257,#4278,.T.);
#4278 = SURFACE_CURVE('',#4279,(#4283,#4289),.PCURVE_S1.);
#4279 = LINE('',#4280,#4281);
#4280 = CARTESIAN_POINT('',(-11.6,9.5125,2.15));
#4281 = VECTOR('',#4282,1.);
#4282 = DIRECTION('',(0.,1.,0.));
#4283 = PCURVE('',#96,#4284);
#4284 = DEFINITIONAL_REPRESENTATION('',(#4285),#4288);
#4285 = B_SPLINE_CURVE_WITH_KNOTS('',1,(#4286,#4287),.UNSPECIFIED.,.F.,
  .F.,(2,2),(9.5125,11.4625),.PIECEWISE_BEZIER_KNOTS.);
#4286 = CARTESIAN_POINT('',(-11.6,19.025));
#4287 = CARTESIAN_POINT('',(-11.6,20.975));
#4288 = ( GEOMETRIC_REPRESENTATION_CONTEXT(2)
PARAMETRIC_REPRESENTATION_CONTEXT() REPRESENTATION_CONTEXT('2D SPACE',''
  ) );
#4289 = PCURVE('',#1742,#4290);
#4290 = DEFINITIONAL_REPRESENTATION('',(#4291),#4294);
#4291 = B_SPLINE_CURVE_WITH_KNOTS('',1,(#4292,#4293),.UNSPECIFIED.,.F.,
  .F.,(2,2),(9.5125,11.4625),.PIECEWISE_BEZIER_KNOTS.);
#4292 = CARTESIAN_POINT('',(2.2,0.));
#4293 = CARTESIAN_POINT('',(2.2,-1.95));
#4294 = ( GEOMETRIC_REPRESENTATION_CONTEXT(2)
PARAMETRIC_REPRESENTATION_CONTEXT() REPRESENTATION_CONTEXT('2D SPACE',''
  ) );
#4295 = FACE_BOUND('',#4296,.T.);
#4296 = EDGE_LOOP('',(#4297));
#4297 = ORIENTED_EDGE('',*,*,#4298,.T.);
#4298 = EDGE_CURVE('',#4299,#4299,#4301,.T.);
#4299 = VERTEX_POINT('',#4300);
#4300 = CARTESIAN_POINT('',(-31.7587844921,22.222809320784,2.15));
#4301 = SURFACE_CURVE('',#4302,(#4307,#4318),.PCURVE_S1.);
#4302 = CIRCLE('',#4303,1.5);
#4303 = AXIS2_PLACEMENT_3D('',#4304,#4305,#4306);
#4304 = CARTESIAN_POINT('',(-33.2587844921,22.222809320784,2.15));
#4305 = DIRECTION('',(0.,0.,-1.));
#4306 = DIRECTION('',(1.,0.,0.));
#4307 = PCURVE('',#96,#4308);
#4308 = DEFINITIONAL_REPRESENTATION('',(#4309),#4317);
#4309 = ( BOUNDED_CURVE() B_SPLINE_CURVE(2,(#4310,#4311,#4312,#4313,
#4314,#4315,#4316),.UNSPECIFIED.,.T.,.F.) B_SPLINE_CURVE_WITH_KNOTS((1,2
    ,2,2,2,1),(-2.094395102393,0.,2.094395102393,4.188790204786,
6.28318530718,8.377580409573),.UNSPECIFIED.) CURVE()
GEOMETRIC_REPRESENTATION_ITEM() RATIONAL_B_SPLINE_CURVE((1.,0.5,1.,0.5,
1.,0.5,1.)) REPRESENTATION_ITEM('') );
#4310 = CARTESIAN_POINT('',(-31.7587844921,22.222809320784));
#4311 = CARTESIAN_POINT('',(-31.7587844921,19.624733109431));
#4312 = CARTESIAN_POINT('',(-34.0087844921,20.923771215107));
#4313 = CARTESIAN_POINT('',(-36.2587844921,22.222809320784));
#4314 = CARTESIAN_POINT('',(-34.0087844921,23.521847426461));
#4315 = CARTESIAN_POINT('',(-31.7587844921,24.820885532137));
#4316 = CARTESIAN_POINT('',(-31.7587844921,22.222809320784));
#4317 = ( GEOMETRIC_REPRESENTATION_CONTEXT(2)
PARAMETRIC_REPRESENTATION_CONTEXT() REPRESENTATION_CONTEXT('2D SPACE',''
  ) );
#4318 = PCURVE('',#1776,#4319);
#4319 = DEFINITIONAL_REPRESENTATION('',(#4320),#4324);
#4320 = LINE('',#4321,#4322);
#4321 = CARTESIAN_POINT('',(-6.28318530718,-2.2));
#4322 = VECTOR('',#4323,1.);
#4323 = DIRECTION('',(1.,-0.));
#4324 = ( GEOMETRIC_REPRESENTATION_CONTEXT(2)
PARAMETRIC_REPRESENTATION_CONTEXT() REPRESENTATION_CONTEXT('2D SPACE',''
  ) );
#4325 = FACE_BOUND('',#4326,.T.);
#4326 = EDGE_LOOP('',(#4327));
#4327 = ORIENTED_EDGE('',*,*,#4328,.T.);
#4328 = EDGE_CURVE('',#4329,#4329,#4331,.T.);
#4329 = VERTEX_POINT('',#4330);
#4330 = CARTESIAN_POINT('',(-29.4204181345,25.375731366546,2.15));
#4331 = SURFACE_CURVE('',#4332,(#4337,#4348),.PCURVE_S1.);
#4332 = CIRCLE('',#4333,1.5);
#4333 = AXIS2_PLACEMENT_3D('',#4334,#4335,#4336);
#4334 = CARTESIAN_POINT('',(-30.9204181345,25.375731366546,2.15));
#4335 = DIRECTION('',(0.,0.,-1.));
#4336 = DIRECTION('',(1.,0.,0.));
#4337 = PCURVE('',#96,#4338);
#4338 = DEFINITIONAL_REPRESENTATION('',(#4339),#4347);
#4339 = ( BOUNDED_CURVE() B_SPLINE_CURVE(2,(#4340,#4341,#4342,#4343,
#4344,#4345,#4346),.UNSPECIFIED.,.T.,.F.) B_SPLINE_CURVE_WITH_KNOTS((1,2
    ,2,2,2,1),(-2.094395102393,0.,2.094395102393,4.188790204786,
6.28318530718,8.377580409573),.UNSPECIFIED.) CURVE()
GEOMETRIC_REPRESENTATION_ITEM() RATIONAL_B_SPLINE_CURVE((1.,0.5,1.,0.5,
1.,0.5,1.)) REPRESENTATION_ITEM('') );
#4340 = CARTESIAN_POINT('',(-29.4204181345,25.375731366546));
#4341 = CARTESIAN_POINT('',(-29.4204181345,22.777655155193));
#4342 = CARTESIAN_POINT('',(-31.6704181345,24.076693260869));
#4343 = CARTESIAN_POINT('',(-33.9204181345,25.375731366546));
#4344 = CARTESIAN_POINT('',(-31.6704181345,26.674769472222));
#4345 = CARTESIAN_POINT('',(-29.4204181345,27.973807577899));
#4346 = CARTESIAN_POINT('',(-29.4204181345,25.375731366546));
#4347 = ( GEOMETRIC_REPRESENTATION_CONTEXT(2)
PARAMETRIC_REPRESENTATION_CONTEXT() REPRESENTATION_CONTEXT('2D SPACE',''
  ) );
#4348 = PCURVE('',#1811,#4349);
#4349 = DEFINITIONAL_REPRESENTATION('',(#4350),#4354);
#4350 = LINE('',#4351,#4352);
#4351 = CARTESIAN_POINT('',(-6.28318530718,-2.2));
#4352 = VECTOR('',#4353,1.);
#4353 = DIRECTION('',(1.,-0.));
#4354 = ( GEOMETRIC_REPRESENTATION_CONTEXT(2)
PARAMETRIC_REPRESENTATION_CONTEXT() REPRESENTATION_CONTEXT('2D SPACE',''
  ) );
#4355 = FACE_BOUND('',#4356,.T.);
#4356 = EDGE_LOOP('',(#4357));
#4357 = ORIENTED_EDGE('',*,*,#4358,.T.);
#4358 = EDGE_CURVE('',#4359,#4359,#4361,.T.);
#4359 = VERTEX_POINT('',#4360);
#4360 = CARTESIAN_POINT('',(-26.78427124746,28.284271247462,2.15));
#4361 = SURFACE_CURVE('',#4362,(#4367,#4378),.PCURVE_S1.);
#4362 = CIRCLE('',#4363,1.5);
#4363 = AXIS2_PLACEMENT_3D('',#4364,#4365,#4366);
#4364 = CARTESIAN_POINT('',(-28.28427124746,28.284271247462,2.15));
#4365 = DIRECTION('',(0.,0.,-1.));
#4366 = DIRECTION('',(1.,0.,0.));
#4367 = PCURVE('',#96,#4368);
#4368 = DEFINITIONAL_REPRESENTATION('',(#4369),#4377);
#4369 = ( BOUNDED_CURVE() B_SPLINE_CURVE(2,(#4370,#4371,#4372,#4373,
#4374,#4375,#4376),.UNSPECIFIED.,.T.,.F.) B_SPLINE_CURVE_WITH_KNOTS((1,2
    ,2,2,2,1),(-2.094395102393,0.,2.094395102393,4.188790204786,
6.28318530718,8.377580409573),.UNSPECIFIED.) CURVE()
GEOMETRIC_REPRESENTATION_ITEM() RATIONAL_B_SPLINE_CURVE((1.,0.5,1.,0.5,
1.,0.5,1.)) REPRESENTATION_ITEM('') );
#4370 = CARTESIAN_POINT('',(-26.78427124746,28.284271247462));
#4371 = CARTESIAN_POINT('',(-26.78427124746,25.686195036109));
#4372 = CARTESIAN_POINT('',(-29.03427124746,26.985233141785));
#4373 = CARTESIAN_POINT('',(-31.28427124746,28.284271247462));
#4374 = CARTESIAN_POINT('',(-29.03427124746,29.583309353139));
#4375 = CARTESIAN_POINT('',(-26.78427124746,30.882347458815));
#4376 = CARTESIAN_POINT('',(-26.78427124746,28.284271247462));
#4377 = ( GEOMETRIC_REPRESENTATION_CONTEXT(2)
PARAMETRIC_REPRESENTATION_CONTEXT() REPRESENTATION_CONTEXT('2D SPACE',''
  ) );
#4378 = PCURVE('',#1846,#4379);
#4379 = DEFINITIONAL_REPRESENTATION('',(#4380),#4384);
#4380 = LINE('',#4381,#4382);
#4381 = CARTESIAN_POINT('',(-6.28318530718,-2.2));
#4382 = VECTOR('',#4383,1.);
#4383 = DIRECTION('',(1.,-0.));
#4384 = ( GEOMETRIC_REPRESENTATION_CONTEXT(2)
PARAMETRIC_REPRESENTATION_CONTEXT() REPRESENTATION_CONTEXT('2D SPACE',''
  ) );
#4385 = FACE_BOUND('',#4386,.T.);
#4386 = EDGE_LOOP('',(#4387));
#4387 = ORIENTED_EDGE('',*,*,#4388,.T.);
#4388 = EDGE_CURVE('',#4389,#4389,#4391,.T.);
#4389 = VERTEX_POINT('',#4390);
#4390 = CARTESIAN_POINT('',(-23.87573136654,30.920418134509,2.15));
#4391 = SURFACE_CURVE('',#4392,(#4397,#4408),.PCURVE_S1.);
#4392 = CIRCLE('',#4393,1.5);
#4393 = AXIS2_PLACEMENT_3D('',#4394,#4395,#4396);
#4394 = CARTESIAN_POINT('',(-25.37573136654,30.920418134509,2.15));
#4395 = DIRECTION('',(0.,0.,-1.));
#4396 = DIRECTION('',(1.,0.,0.));
#4397 = PCURVE('',#96,#4398);
#4398 = DEFINITIONAL_REPRESENTATION('',(#4399),#4407);
#4399 = ( BOUNDED_CURVE() B_SPLINE_CURVE(2,(#4400,#4401,#4402,#4403,
#4404,#4405,#4406),.UNSPECIFIED.,.T.,.F.) B_SPLINE_CURVE_WITH_KNOTS((1,2
    ,2,2,2,1),(-2.094395102393,0.,2.094395102393,4.188790204786,
6.28318530718,8.377580409573),.UNSPECIFIED.) CURVE()
GEOMETRIC_REPRESENTATION_ITEM() RATIONAL_B_SPLINE_CURVE((1.,0.5,1.,0.5,
1.,0.5,1.)) REPRESENTATION_ITEM('') );
#4400 = CARTESIAN_POINT('',(-23.87573136654,30.920418134509));
#4401 = CARTESIAN_POINT('',(-23.87573136654,28.322341923156));
#4402 = CARTESIAN_POINT('',(-26.12573136654,29.621380028833));
#4403 = CARTESIAN_POINT('',(-28.37573136654,30.920418134509));
#4404 = CARTESIAN_POINT('',(-26.12573136654,32.219456240186));
#4405 = CARTESIAN_POINT('',(-23.87573136654,33.518494345863));
#4406 = CARTESIAN_POINT('',(-23.87573136654,30.920418134509));
#4407 = ( GEOMETRIC_REPRESENTATION_CONTEXT(2)
PARAMETRIC_REPRESENTATION_CONTEXT() REPRESENTATION_CONTEXT('2D SPACE',''
  ) );
#4408 = PCURVE('',#1881,#4409);
#4409 = DEFINITIONAL_REPRESENTATION('',(#4410),#4414);
#4410 = LINE('',#4411,#4412);
#4411 = CARTESIAN_POINT('',(-6.28318530718,-2.2));
#4412 = VECTOR('',#4413,1.);
#4413 = DIRECTION('',(1.,-0.));
#4414 = ( GEOMETRIC_REPRESENTATION_CONTEXT(2)
PARAMETRIC_REPRESENTATION_CONTEXT() REPRESENTATION_CONTEXT('2D SPACE',''
  ) );
#4415 = FACE_BOUND('',#4416,.T.);
#4416 = EDGE_LOOP('',(#4417));
#4417 = ORIENTED_EDGE('',*,*,#4418,.T.);
#4418 = EDGE_CURVE('',#4419,#4419,#4421,.T.);
#4419 = VERTEX_POINT('',#4420);
#4420 = CARTESIAN_POINT('',(-20.72280932078,33.258784492102,2.15));
#4421 = SURFACE_CURVE('',#4422,(#4427,#4438),.PCURVE_S1.);
#4422 = CIRCLE('',#4423,1.5);
#4423 = AXIS2_PLACEMENT_3D('',#4424,#4425,#4426);
#4424 = CARTESIAN_POINT('',(-22.22280932078,33.258784492102,2.15));
#4425 = DIRECTION('',(0.,0.,-1.));
#4426 = DIRECTION('',(1.,0.,0.));
#4427 = PCURVE('',#96,#4428);
#4428 = DEFINITIONAL_REPRESENTATION('',(#4429),#4437);
#4429 = ( BOUNDED_CURVE() B_SPLINE_CURVE(2,(#4430,#4431,#4432,#4433,
#4434,#4435,#4436),.UNSPECIFIED.,.T.,.F.) B_SPLINE_CURVE_WITH_KNOTS((1,2
    ,2,2,2,1),(-2.094395102393,0.,2.094395102393,4.188790204786,
6.28318530718,8.377580409573),.UNSPECIFIED.) CURVE()
GEOMETRIC_REPRESENTATION_ITEM() RATIONAL_B_SPLINE_CURVE((1.,0.5,1.,0.5,
1.,0.5,1.)) REPRESENTATION_ITEM('') );
#4430 = CARTESIAN_POINT('',(-20.72280932078,33.258784492102));
#4431 = CARTESIAN_POINT('',(-20.72280932078,30.660708280748));
#4432 = CARTESIAN_POINT('',(-22.97280932078,31.959746386425));
#4433 = CARTESIAN_POINT('',(-25.22280932078,33.258784492102));
#4434 = CARTESIAN_POINT('',(-22.97280932078,34.557822597778));
#4435 = CARTESIAN_POINT('',(-20.72280932078,35.856860703455));
#4436 = CARTESIAN_POINT('',(-20.72280932078,33.258784492102));
#4437 = ( GEOMETRIC_REPRESENTATION_CONTEXT(2)
PARAMETRIC_REPRESENTATION_CONTEXT() REPRESENTATION_CONTEXT('2D SPACE',''
  ) );
#4438 = PCURVE('',#1916,#4439);
#4439 = DEFINITIONAL_REPRESENTATION('',(#4440),#4444);
#4440 = LINE('',#4441,#4442);
#4441 = CARTESIAN_POINT('',(-6.28318530718,-2.2));
#4442 = VECTOR('',#4443,1.);
#4443 = DIRECTION('',(1.,-0.));
#4444 = ( GEOMETRIC_REPRESENTATION_CONTEXT(2)
PARAMETRIC_REPRESENTATION_CONTEXT() REPRESENTATION_CONTEXT('2D SPACE',''
  ) );
#4445 = FACE_BOUND('',#4446,.T.);
#4446 = EDGE_LOOP('',(#4447));
#4447 = ORIENTED_EDGE('',*,*,#4448,.T.);
#4448 = EDGE_CURVE('',#4449,#4449,#4451,.T.);
#4449 = VERTEX_POINT('',#4450);
#4450 = CARTESIAN_POINT('',(-17.35586947304,35.276850573934,2.15));
#4451 = SURFACE_CURVE('',#4452,(#4457,#4468),.PCURVE_S1.);
#4452 = CIRCLE('',#4453,1.5);
#4453 = AXIS2_PLACEMENT_3D('',#4454,#4455,#4456);
#4454 = CARTESIAN_POINT('',(-18.85586947304,35.276850573934,2.15));
#4455 = DIRECTION('',(0.,0.,-1.));
#4456 = DIRECTION('',(1.,0.,0.));
#4457 = PCURVE('',#96,#4458);
#4458 = DEFINITIONAL_REPRESENTATION('',(#4459),#4467);
#4459 = ( BOUNDED_CURVE() B_SPLINE_CURVE(2,(#4460,#4461,#4462,#4463,
#4464,#4465,#4466),.UNSPECIFIED.,.T.,.F.) B_SPLINE_CURVE_WITH_KNOTS((1,2
    ,2,2,2,1),(-2.094395102393,0.,2.094395102393,4.188790204786,
6.28318530718,8.377580409573),.UNSPECIFIED.) CURVE()
GEOMETRIC_REPRESENTATION_ITEM() RATIONAL_B_SPLINE_CURVE((1.,0.5,1.,0.5,
1.,0.5,1.)) REPRESENTATION_ITEM('') );
#4460 = CARTESIAN_POINT('',(-17.35586947304,35.276850573934));
#4461 = CARTESIAN_POINT('',(-17.35586947304,32.678774362581));
#4462 = CARTESIAN_POINT('',(-19.60586947304,33.977812468258));
#4463 = CARTESIAN_POINT('',(-21.85586947304,35.276850573934));
#4464 = CARTESIAN_POINT('',(-19.60586947304,36.575888679611));
#4465 = CARTESIAN_POINT('',(-17.35586947304,37.874926785288));
#4466 = CARTESIAN_POINT('',(-17.35586947304,35.276850573934));
#4467 = ( GEOMETRIC_REPRESENTATION_CONTEXT(2)
PARAMETRIC_REPRESENTATION_CONTEXT() REPRESENTATION_CONTEXT('2D SPACE',''
  ) );
#4468 = PCURVE('',#1951,#4469);
#4469 = DEFINITIONAL_REPRESENTATION('',(#4470),#4474);
#4470 = LINE('',#4471,#4472);
#4471 = CARTESIAN_POINT('',(-6.28318530718,-2.2));
#4472 = VECTOR('',#4473,1.);
#4473 = DIRECTION('',(1.,-0.));
#4474 = ( GEOMETRIC_REPRESENTATION_CONTEXT(2)
PARAMETRIC_REPRESENTATION_CONTEXT() REPRESENTATION_CONTEXT('2D SPACE',''
  ) );
#4475 = FACE_BOUND('',#4476,.T.);
#4476 = EDGE_LOOP('',(#4477));
#4477 = ORIENTED_EDGE('',*,*,#4478,.T.);
#4478 = EDGE_CURVE('',#4479,#4479,#4481,.T.);
#4479 = VERTEX_POINT('',#4480);
#4480 = CARTESIAN_POINT('',(-13.8073372946,36.955181300451,2.15));
#4481 = SURFACE_CURVE('',#4482,(#4487,#4498),.PCURVE_S1.);
#4482 = CIRCLE('',#4483,1.5);
#4483 = AXIS2_PLACEMENT_3D('',#4484,#4485,#4486);
#4484 = CARTESIAN_POINT('',(-15.3073372946,36.955181300451,2.15));
#4485 = DIRECTION('',(0.,0.,-1.));
#4486 = DIRECTION('',(1.,0.,0.));
#4487 = PCURVE('',#96,#4488);
#4488 = DEFINITIONAL_REPRESENTATION('',(#4489),#4497);
#4489 = ( BOUNDED_CURVE() B_SPLINE_CURVE(2,(#4490,#4491,#4492,#4493,
#4494,#4495,#4496),.UNSPECIFIED.,.T.,.F.) B_SPLINE_CURVE_WITH_KNOTS((1,2
    ,2,2,2,1),(-2.094395102393,0.,2.094395102393,4.188790204786,
6.28318530718,8.377580409573),.UNSPECIFIED.) CURVE()
GEOMETRIC_REPRESENTATION_ITEM() RATIONAL_B_SPLINE_CURVE((1.,0.5,1.,0.5,
1.,0.5,1.)) REPRESENTATION_ITEM('') );
#4490 = CARTESIAN_POINT('',(-13.8073372946,36.955181300451));
#4491 = CARTESIAN_POINT('',(-13.8073372946,34.357105089098));
#4492 = CARTESIAN_POINT('',(-16.0573372946,35.656143194775));
#4493 = CARTESIAN_POINT('',(-18.3073372946,36.955181300451));
#4494 = CARTESIAN_POINT('',(-16.0573372946,38.254219406128));
#4495 = CARTESIAN_POINT('',(-13.8073372946,39.553257511805));
#4496 = CARTESIAN_POINT('',(-13.8073372946,36.955181300451));
#4497 = ( GEOMETRIC_REPRESENTATION_CONTEXT(2)
PARAMETRIC_REPRESENTATION_CONTEXT() REPRESENTATION_CONTEXT('2D SPACE',''
  ) );
#4498 = PCURVE('',#1986,#4499);
#4499 = DEFINITIONAL_REPRESENTATION('',(#4500),#4504);
#4500 = LINE('',#4501,#4502);
#4501 = CARTESIAN_POINT('',(-6.28318530718,-2.2));
#4502 = VECTOR('',#4503,1.);
#4503 = DIRECTION('',(1.,-0.));
#4504 = ( GEOMETRIC_REPRESENTATION_CONTEXT(2)
PARAMETRIC_REPRESENTATION_CONTEXT() REPRESENTATION_CONTEXT('2D SPACE',''
  ) );
#4505 = FACE_BOUND('',#4506,.T.);
#4506 = EDGE_LOOP('',(#4507));
#4507 = ORIENTED_EDGE('',*,*,#4508,.T.);
#4508 = EDGE_CURVE('',#4509,#4509,#4511,.T.);
#4509 = VERTEX_POINT('',#4510);
#4510 = CARTESIAN_POINT('',(-10.11138709017,38.277613429288,2.15));
#4511 = SURFACE_CURVE('',#4512,(#4517,#4528),.PCURVE_S1.);
#4512 = CIRCLE('',#4513,1.5);
#4513 = AXIS2_PLACEMENT_3D('',#4514,#4515,#4516);
#4514 = CARTESIAN_POINT('',(-11.61138709017,38.277613429288,2.15));
#4515 = DIRECTION('',(0.,0.,-1.));
#4516 = DIRECTION('',(1.,0.,0.));
#4517 = PCURVE('',#96,#4518);
#4518 = DEFINITIONAL_REPRESENTATION('',(#4519),#4527);
#4519 = ( BOUNDED_CURVE() B_SPLINE_CURVE(2,(#4520,#4521,#4522,#4523,
#4524,#4525,#4526),.UNSPECIFIED.,.T.,.F.) B_SPLINE_CURVE_WITH_KNOTS((1,2
    ,2,2,2,1),(-2.094395102393,0.,2.094395102393,4.188790204786,
6.28318530718,8.377580409573),.UNSPECIFIED.) CURVE()
GEOMETRIC_REPRESENTATION_ITEM() RATIONAL_B_SPLINE_CURVE((1.,0.5,1.,0.5,
1.,0.5,1.)) REPRESENTATION_ITEM('') );
#4520 = CARTESIAN_POINT('',(-10.11138709017,38.277613429288));
#4521 = CARTESIAN_POINT('',(-10.11138709017,35.679537217935));
#4522 = CARTESIAN_POINT('',(-12.36138709017,36.978575323612));
#4523 = CARTESIAN_POINT('',(-14.61138709017,38.277613429288));
#4524 = CARTESIAN_POINT('',(-12.36138709017,39.576651534965));
#4525 = CARTESIAN_POINT('',(-10.11138709017,40.875689640642));
#4526 = CARTESIAN_POINT('',(-10.11138709017,38.277613429288));
#4527 = ( GEOMETRIC_REPRESENTATION_CONTEXT(2)
PARAMETRIC_REPRESENTATION_CONTEXT() REPRESENTATION_CONTEXT('2D SPACE',''
  ) );
#4528 = PCURVE('',#2021,#4529);
#4529 = DEFINITIONAL_REPRESENTATION('',(#4530),#4534);
#4530 = LINE('',#4531,#4532);
#4531 = CARTESIAN_POINT('',(-6.28318530718,-2.2));
#4532 = VECTOR('',#4533,1.);
#4533 = DIRECTION('',(1.,-0.));
#4534 = ( GEOMETRIC_REPRESENTATION_CONTEXT(2)
PARAMETRIC_REPRESENTATION_CONTEXT() REPRESENTATION_CONTEXT('2D SPACE',''
  ) );
#4535 = FACE_BOUND('',#4536,.T.);
#4536 = EDGE_LOOP('',(#4537));
#4537 = ORIENTED_EDGE('',*,*,#4538,.T.);
#4538 = EDGE_CURVE('',#4539,#4539,#4541,.T.);
#4539 = VERTEX_POINT('',#4540);
#4540 = CARTESIAN_POINT('',(-6.303612880645,39.231411216129,2.15));
#4541 = SURFACE_CURVE('',#4542,(#4547,#4558),.PCURVE_S1.);
#4542 = CIRCLE('',#4543,1.5);
#4543 = AXIS2_PLACEMENT_3D('',#4544,#4545,#4546);
#4544 = CARTESIAN_POINT('',(-7.803612880645,39.231411216129,2.15));
#4545 = DIRECTION('',(0.,0.,-1.));
#4546 = DIRECTION('',(1.,0.,0.));
#4547 = PCURVE('',#96,#4548);
#4548 = DEFINITIONAL_REPRESENTATION('',(#4549),#4557);
#4549 = ( BOUNDED_CURVE() B_SPLINE_CURVE(2,(#4550,#4551,#4552,#4553,
#4554,#4555,#4556),.UNSPECIFIED.,.T.,.F.) B_SPLINE_CURVE_WITH_KNOTS((1,2
    ,2,2,2,1),(-2.094395102393,0.,2.094395102393,4.188790204786,
6.28318530718,8.377580409573),.UNSPECIFIED.) CURVE()
GEOMETRIC_REPRESENTATION_ITEM() RATIONAL_B_SPLINE_CURVE((1.,0.5,1.,0.5,
1.,0.5,1.)) REPRESENTATION_ITEM('') );
#4550 = CARTESIAN_POINT('',(-6.303612880645,39.231411216129));
#4551 = CARTESIAN_POINT('',(-6.303612880645,36.633335004776));
#4552 = CARTESIAN_POINT('',(-8.553612880645,37.932373110453));
#4553 = CARTESIAN_POINT('',(-10.80361288064,39.231411216129));
#4554 = CARTESIAN_POINT('',(-8.553612880645,40.530449321806));
#4555 = CARTESIAN_POINT('',(-6.303612880645,41.829487427483));
#4556 = CARTESIAN_POINT('',(-6.303612880645,39.231411216129));
#4557 = ( GEOMETRIC_REPRESENTATION_CONTEXT(2)
PARAMETRIC_REPRESENTATION_CONTEXT() REPRESENTATION_CONTEXT('2D SPACE',''
  ) );
#4558 = PCURVE('',#2056,#4559);
#4559 = DEFINITIONAL_REPRESENTATION('',(#4560),#4564);
#4560 = LINE('',#4561,#4562);
#4561 = CARTESIAN_POINT('',(-6.28318530718,-2.2));
#4562 = VECTOR('',#4563,1.);
#4563 = DIRECTION('',(1.,-0.));
#4564 = ( GEOMETRIC_REPRESENTATION_CONTEXT(2)
PARAMETRIC_REPRESENTATION_CONTEXT() REPRESENTATION_CONTEXT('2D SPACE',''
  ) );
#4565 = FACE_BOUND('',#4566,.T.);
#4566 = EDGE_LOOP('',(#4567));
#4567 = ORIENTED_EDGE('',*,*,#4568,.T.);
#4568 = EDGE_CURVE('',#4569,#4569,#4571,.T.);
#4569 = VERTEX_POINT('',#4570);
#4570 = CARTESIAN_POINT('',(-2.420685613182,39.807389066888,2.15));
#4571 = SURFACE_CURVE('',#4572,(#4577,#4588),.PCURVE_S1.);
#4572 = CIRCLE('',#4573,1.5);
#4573 = AXIS2_PLACEMENT_3D('',#4574,#4575,#4576);
#4574 = CARTESIAN_POINT('',(-3.920685613182,39.807389066888,2.15));
#4575 = DIRECTION('',(0.,0.,-1.));
#4576 = DIRECTION('',(1.,0.,0.));
#4577 = PCURVE('',#96,#4578);
#4578 = DEFINITIONAL_REPRESENTATION('',(#4579),#4587);
#4579 = ( BOUNDED_CURVE() B_SPLINE_CURVE(2,(#4580,#4581,#4582,#4583,
#4584,#4585,#4586),.UNSPECIFIED.,.T.,.F.) B_SPLINE_CURVE_WITH_KNOTS((1,2
    ,2,2,2,1),(-2.094395102393,0.,2.094395102393,4.188790204786,
6.28318530718,8.377580409573),.UNSPECIFIED.) CURVE()
GEOMETRIC_REPRESENTATION_ITEM() RATIONAL_B_SPLINE_CURVE((1.,0.5,1.,0.5,
1.,0.5,1.)) REPRESENTATION_ITEM('') );
#4580 = CARTESIAN_POINT('',(-2.420685613182,39.807389066888));
#4581 = CARTESIAN_POINT('',(-2.420685613182,37.209312855535));
#4582 = CARTESIAN_POINT('',(-4.670685613182,38.508350961211));
#4583 = CARTESIAN_POINT('',(-6.920685613182,39.807389066888));
#4584 = CARTESIAN_POINT('',(-4.670685613182,41.106427172565));
#4585 = CARTESIAN_POINT('',(-2.420685613182,42.405465278241));
#4586 = CARTESIAN_POINT('',(-2.420685613182,39.807389066888));
#4587 = ( GEOMETRIC_REPRESENTATION_CONTEXT(2)
PARAMETRIC_REPRESENTATION_CONTEXT() REPRESENTATION_CONTEXT('2D SPACE',''
  ) );
#4588 = PCURVE('',#2091,#4589);
#4589 = DEFINITIONAL_REPRESENTATION('',(#4590),#4594);
#4590 = LINE('',#4591,#4592);
#4591 = CARTESIAN_POINT('',(-6.28318530718,-2.2));
#4592 = VECTOR('',#4593,1.);
#4593 = DIRECTION('',(1.,-0.));
#4594 = ( GEOMETRIC_REPRESENTATION_CONTEXT(2)
PARAMETRIC_REPRESENTATION_CONTEXT() REPRESENTATION_CONTEXT('2D SPACE',''
  ) );
#4595 = FACE_BOUND('',#4596,.T.);
#4596 = EDGE_LOOP('',(#4597,#4627,#4648,#4676));
#4597 = ORIENTED_EDGE('',*,*,#4598,.T.);
#4598 = EDGE_CURVE('',#4599,#4601,#4603,.T.);
#4599 = VERTEX_POINT('',#4600);
#4600 = CARTESIAN_POINT('',(1.45,-2.036541185442,2.15));
#4601 = VERTEX_POINT('',#4602);
#4602 = CARTESIAN_POINT('',(-1.45,-2.036541185442,2.15));
#4603 = SURFACE_CURVE('',#4604,(#4609,#4620),.PCURVE_S1.);
#4604 = CIRCLE('',#4605,2.5);
#4605 = AXIS2_PLACEMENT_3D('',#4606,#4607,#4608);
#4606 = CARTESIAN_POINT('',(0.,0.,2.15));
#4607 = DIRECTION('',(0.,0.,-1.));
#4608 = DIRECTION('',(1.,0.,0.));
#4609 = PCURVE('',#96,#4610);
#4610 = DEFINITIONAL_REPRESENTATION('',(#4611),#4619);
#4611 = ( BOUNDED_CURVE() B_SPLINE_CURVE(2,(#4612,#4613,#4614,#4615,
#4616,#4617,#4618),.UNSPECIFIED.,.T.,.F.) B_SPLINE_CURVE_WITH_KNOTS((1,2
    ,2,2,2,1),(-2.094395102393,0.,2.094395102393,4.188790204786,
6.28318530718,8.377580409573),.UNSPECIFIED.) CURVE()
GEOMETRIC_REPRESENTATION_ITEM() RATIONAL_B_SPLINE_CURVE((1.,0.5,1.,0.5,
1.,0.5,1.)) REPRESENTATION_ITEM('') );
#4612 = CARTESIAN_POINT('',(2.5,-3.242876655026E-16));
#4613 = CARTESIAN_POINT('',(2.5,-4.330127018922));
#4614 = CARTESIAN_POINT('',(-1.25,-2.165063509461));
#4615 = CARTESIAN_POINT('',(-5.,-9.366110650763E-16));
#4616 = CARTESIAN_POINT('',(-1.25,2.165063509461));
#4617 = CARTESIAN_POINT('',(2.5,4.330127018922));
#4618 = CARTESIAN_POINT('',(2.5,-3.242876655026E-16));
#4619 = ( GEOMETRIC_REPRESENTATION_CONTEXT(2)
PARAMETRIC_REPRESENTATION_CONTEXT() REPRESENTATION_CONTEXT('2D SPACE',''
  ) );
#4620 = PCURVE('',#2128,#4621);
#4621 = DEFINITIONAL_REPRESENTATION('',(#4622),#4626);
#4622 = LINE('',#4623,#4624);
#4623 = CARTESIAN_POINT('',(-6.28318530718,-2.2));
#4624 = VECTOR('',#4625,1.);
#4625 = DIRECTION('',(1.,-0.));
#4626 = ( GEOMETRIC_REPRESENTATION_CONTEXT(2)
PARAMETRIC_REPRESENTATION_CONTEXT() REPRESENTATION_CONTEXT('2D SPACE',''
  ) );
#4627 = ORIENTED_EDGE('',*,*,#4628,.T.);
#4628 = EDGE_CURVE('',#4601,#4629,#4631,.T.);
#4629 = VERTEX_POINT('',#4630);
#4630 = CARTESIAN_POINT('',(-1.45,2.036541185442,2.15));
#4631 = SURFACE_CURVE('',#4632,(#4636,#4642),.PCURVE_S1.);
#4632 = LINE('',#4633,#4634);
#4633 = CARTESIAN_POINT('',(-1.45,-1.5,2.15));
#4634 = VECTOR('',#4635,1.);
#4635 = DIRECTION('',(0.,1.,0.));
#4636 = PCURVE('',#96,#4637);
#4637 = DEFINITIONAL_REPRESENTATION('',(#4638),#4641);
#4638 = B_SPLINE_CURVE_WITH_KNOTS('',1,(#4639,#4640),.UNSPECIFIED.,.F.,
  .F.,(2,2),(-0.536541185442,3.536541185442),.PIECEWISE_BEZIER_KNOTS.);
#4639 = CARTESIAN_POINT('',(-1.45,-2.036541185442));
#4640 = CARTESIAN_POINT('',(-1.45,2.036541185442));
#4641 = ( GEOMETRIC_REPRESENTATION_CONTEXT(2)
PARAMETRIC_REPRESENTATION_CONTEXT() REPRESENTATION_CONTEXT('2D SPACE',''
  ) );
#4642 = PCURVE('',#2155,#4643);
#4643 = DEFINITIONAL_REPRESENTATION('',(#4644),#4647);
#4644 = B_SPLINE_CURVE_WITH_KNOTS('',1,(#4645,#4646),.UNSPECIFIED.,.F.,
  .F.,(2,2),(-0.536541185442,3.536541185442),.PIECEWISE_BEZIER_KNOTS.);
#4645 = CARTESIAN_POINT('',(2.2,-0.963458814558));
#4646 = CARTESIAN_POINT('',(2.2,-5.036541185442));
#4647 = ( GEOMETRIC_REPRESENTATION_CONTEXT(2)
PARAMETRIC_REPRESENTATION_CONTEXT() REPRESENTATION_CONTEXT('2D SPACE',''
  ) );
#4648 = ORIENTED_EDGE('',*,*,#4649,.T.);
#4649 = EDGE_CURVE('',#4629,#4650,#4652,.T.);
#4650 = VERTEX_POINT('',#4651);
#4651 = CARTESIAN_POINT('',(1.45,2.036541185442,2.15));
#4652 = SURFACE_CURVE('',#4653,(#4658,#4669),.PCURVE_S1.);
#4653 = CIRCLE('',#4654,2.5);
#4654 = AXIS2_PLACEMENT_3D('',#4655,#4656,#4657);
#4655 = CARTESIAN_POINT('',(0.,0.,2.15));
#4656 = DIRECTION('',(0.,0.,-1.));
#4657 = DIRECTION('',(1.,0.,0.));
#4658 = PCURVE('',#96,#4659);
#4659 = DEFINITIONAL_REPRESENTATION('',(#4660),#4668);
#4660 = ( BOUNDED_CURVE() B_SPLINE_CURVE(2,(#4661,#4662,#4663,#4664,
#4665,#4666,#4667),.UNSPECIFIED.,.T.,.F.) B_SPLINE_CURVE_WITH_KNOTS((1,2
    ,2,2,2,1),(-2.094395102393,0.,2.094395102393,4.188790204786,
6.28318530718,8.377580409573),.UNSPECIFIED.) CURVE()
GEOMETRIC_REPRESENTATION_ITEM() RATIONAL_B_SPLINE_CURVE((1.,0.5,1.,0.5,
1.,0.5,1.)) REPRESENTATION_ITEM('') );
#4661 = CARTESIAN_POINT('',(2.5,-3.242876655026E-16));
#4662 = CARTESIAN_POINT('',(2.5,-4.330127018922));
#4663 = CARTESIAN_POINT('',(-1.25,-2.165063509461));
#4664 = CARTESIAN_POINT('',(-5.,-9.366110650763E-16));
#4665 = CARTESIAN_POINT('',(-1.25,2.165063509461));
#4666 = CARTESIAN_POINT('',(2.5,4.330127018922));
#4667 = CARTESIAN_POINT('',(2.5,-3.242876655026E-16));
#4668 = ( GEOMETRIC_REPRESENTATION_CONTEXT(2)
PARAMETRIC_REPRESENTATION_CONTEXT() REPRESENTATION_CONTEXT('2D SPACE',''
  ) );
#4669 = PCURVE('',#2187,#4670);
#4670 = DEFINITIONAL_REPRESENTATION('',(#4671),#4675);
#4671 = LINE('',#4672,#4673);
#4672 = CARTESIAN_POINT('',(-6.28318530718,-2.2));
#4673 = VECTOR('',#4674,1.);
#4674 = DIRECTION('',(1.,-0.));
#4675 = ( GEOMETRIC_REPRESENTATION_CONTEXT(2)
PARAMETRIC_REPRESENTATION_CONTEXT() REPRESENTATION_CONTEXT('2D SPACE',''
  ) );
#4676 = ORIENTED_EDGE('',*,*,#4677,.F.);
#4677 = EDGE_CURVE('',#4599,#4650,#4678,.T.);
#4678 = SURFACE_CURVE('',#4679,(#4683,#4689),.PCURVE_S1.);
#4679 = LINE('',#4680,#4681);
#4680 = CARTESIAN_POINT('',(1.45,-1.5,2.15));
#4681 = VECTOR('',#4682,1.);
#4682 = DIRECTION('',(0.,1.,0.));
#4683 = PCURVE('',#96,#4684);
#4684 = DEFINITIONAL_REPRESENTATION('',(#4685),#4688);
#4685 = B_SPLINE_CURVE_WITH_KNOTS('',1,(#4686,#4687),.UNSPECIFIED.,.F.,
  .F.,(2,2),(-0.536541185442,3.536541185442),.PIECEWISE_BEZIER_KNOTS.);
#4686 = CARTESIAN_POINT('',(1.45,-2.036541185442));
#4687 = CARTESIAN_POINT('',(1.45,2.036541185442));
#4688 = ( GEOMETRIC_REPRESENTATION_CONTEXT(2)
PARAMETRIC_REPRESENTATION_CONTEXT() REPRESENTATION_CONTEXT('2D SPACE',''
  ) );
#4689 = PCURVE('',#2212,#4690);
#4690 = DEFINITIONAL_REPRESENTATION('',(#4691),#4694);
#4691 = B_SPLINE_CURVE_WITH_KNOTS('',1,(#4692,#4693),.UNSPECIFIED.,.F.,
  .F.,(2,2),(-0.536541185442,3.536541185442),.PIECEWISE_BEZIER_KNOTS.);
#4692 = CARTESIAN_POINT('',(2.2,-0.963458814558));
#4693 = CARTESIAN_POINT('',(2.2,-5.036541185442));
#4694 = ( GEOMETRIC_REPRESENTATION_CONTEXT(2)
PARAMETRIC_REPRESENTATION_CONTEXT() REPRESENTATION_CONTEXT('2D SPACE',''
  ) );
#4695 = FACE_BOUND('',#4696,.T.);
#4696 = EDGE_LOOP('',(#4697,#4720,#4741,#4762));
#4697 = ORIENTED_EDGE('',*,*,#4698,.T.);
#4698 = EDGE_CURVE('',#4699,#4701,#4703,.T.);
#4699 = VERTEX_POINT('',#4700);
#4700 = CARTESIAN_POINT('',(17.4,19.025,2.15));
#4701 = VERTEX_POINT('',#4702);
#4702 = CARTESIAN_POINT('',(11.6,19.025,2.15));
#4703 = SURFACE_CURVE('',#4704,(#4708,#4714),.PCURVE_S1.);
#4704 = LINE('',#4705,#4706);
#4705 = CARTESIAN_POINT('',(5.8,19.025,2.15));
#4706 = VECTOR('',#4707,1.);
#4707 = DIRECTION('',(-1.,0.,0.));
#4708 = PCURVE('',#96,#4709);
#4709 = DEFINITIONAL_REPRESENTATION('',(#4710),#4713);
#4710 = B_SPLINE_CURVE_WITH_KNOTS('',1,(#4711,#4712),.UNSPECIFIED.,.F.,
  .F.,(2,2),(-11.6,-5.8),.PIECEWISE_BEZIER_KNOTS.);
#4711 = CARTESIAN_POINT('',(17.4,19.025));
#4712 = CARTESIAN_POINT('',(11.6,19.025));
#4713 = ( GEOMETRIC_REPRESENTATION_CONTEXT(2)
PARAMETRIC_REPRESENTATION_CONTEXT() REPRESENTATION_CONTEXT('2D SPACE',''
  ) );
#4714 = PCURVE('',#2242,#4715);
#4715 = DEFINITIONAL_REPRESENTATION('',(#4716),#4719);
#4716 = B_SPLINE_CURVE_WITH_KNOTS('',1,(#4717,#4718),.UNSPECIFIED.,.F.,
  .F.,(2,2),(-11.6,-5.8),.PIECEWISE_BEZIER_KNOTS.);
#4717 = CARTESIAN_POINT('',(2.2,5.8));
#4718 = CARTESIAN_POINT('',(2.2,0.));
#4719 = ( GEOMETRIC_REPRESENTATION_CONTEXT(2)
PARAMETRIC_REPRESENTATION_CONTEXT() REPRESENTATION_CONTEXT('2D SPACE',''
  ) );
#4720 = ORIENTED_EDGE('',*,*,#4721,.T.);
#4721 = EDGE_CURVE('',#4701,#4722,#4724,.T.);
#4722 = VERTEX_POINT('',#4723);
#4723 = CARTESIAN_POINT('',(11.6,20.975,2.15));
#4724 = SURFACE_CURVE('',#4725,(#4729,#4735),.PCURVE_S1.);
#4725 = LINE('',#4726,#4727);
#4726 = CARTESIAN_POINT('',(11.6,9.5125,2.15));
#4727 = VECTOR('',#4728,1.);
#4728 = DIRECTION('',(0.,1.,0.));
#4729 = PCURVE('',#96,#4730);
#4730 = DEFINITIONAL_REPRESENTATION('',(#4731),#4734);
#4731 = B_SPLINE_CURVE_WITH_KNOTS('',1,(#4732,#4733),.UNSPECIFIED.,.F.,
  .F.,(2,2),(9.5125,11.4625),.PIECEWISE_BEZIER_KNOTS.);
#4732 = CARTESIAN_POINT('',(11.6,19.025));
#4733 = CARTESIAN_POINT('',(11.6,20.975));
#4734 = ( GEOMETRIC_REPRESENTATION_CONTEXT(2)
PARAMETRIC_REPRESENTATION_CONTEXT() REPRESENTATION_CONTEXT('2D SPACE',''
  ) );
#4735 = PCURVE('',#2268,#4736);
#4736 = DEFINITIONAL_REPRESENTATION('',(#4737),#4740);
#4737 = B_SPLINE_CURVE_WITH_KNOTS('',1,(#4738,#4739),.UNSPECIFIED.,.F.,
  .F.,(2,2),(9.5125,11.4625),.PIECEWISE_BEZIER_KNOTS.);
#4738 = CARTESIAN_POINT('',(2.2,0.));
#4739 = CARTESIAN_POINT('',(2.2,-1.95));
#4740 = ( GEOMETRIC_REPRESENTATION_CONTEXT(2)
PARAMETRIC_REPRESENTATION_CONTEXT() REPRESENTATION_CONTEXT('2D SPACE',''
  ) );
#4741 = ORIENTED_EDGE('',*,*,#4742,.F.);
#4742 = EDGE_CURVE('',#4743,#4722,#4745,.T.);
#4743 = VERTEX_POINT('',#4744);
#4744 = CARTESIAN_POINT('',(17.4,20.975,2.15));
#4745 = SURFACE_CURVE('',#4746,(#4750,#4756),.PCURVE_S1.);
#4746 = LINE('',#4747,#4748);
#4747 = CARTESIAN_POINT('',(5.8,20.975,2.15));
#4748 = VECTOR('',#4749,1.);
#4749 = DIRECTION('',(-1.,0.,0.));
#4750 = PCURVE('',#96,#4751);
#4751 = DEFINITIONAL_REPRESENTATION('',(#4752),#4755);
#4752 = B_SPLINE_CURVE_WITH_KNOTS('',1,(#4753,#4754),.UNSPECIFIED.,.F.,
  .F.,(2,2),(-11.6,-5.8),.PIECEWISE_BEZIER_KNOTS.);
#4753 = CARTESIAN_POINT('',(17.4,20.975));
#4754 = CARTESIAN_POINT('',(11.6,20.975));
#4755 = ( GEOMETRIC_REPRESENTATION_CONTEXT(2)
PARAMETRIC_REPRESENTATION_CONTEXT() REPRESENTATION_CONTEXT('2D SPACE',''
  ) );
#4756 = PCURVE('',#2294,#4757);
#4757 = DEFINITIONAL_REPRESENTATION('',(#4758),#4761);
#4758 = B_SPLINE_CURVE_WITH_KNOTS('',1,(#4759,#4760),.UNSPECIFIED.,.F.,
  .F.,(2,2),(-11.6,-5.8),.PIECEWISE_BEZIER_KNOTS.);
#4759 = CARTESIAN_POINT('',(2.2,5.8));
#4760 = CARTESIAN_POINT('',(2.2,0.));
#4761 = ( GEOMETRIC_REPRESENTATION_CONTEXT(2)
PARAMETRIC_REPRESENTATION_CONTEXT() REPRESENTATION_CONTEXT('2D SPACE',''
  ) );
#4762 = ORIENTED_EDGE('',*,*,#4763,.F.);
#4763 = EDGE_CURVE('',#4699,#4743,#4764,.T.);
#4764 = SURFACE_CURVE('',#4765,(#4769,#4775),.PCURVE_S1.);
#4765 = LINE('',#4766,#4767);
#4766 = CARTESIAN_POINT('',(17.4,9.5125,2.15));
#4767 = VECTOR('',#4768,1.);
#4768 = DIRECTION('',(0.,1.,0.));
#4769 = PCURVE('',#96,#4770);
#4770 = DEFINITIONAL_REPRESENTATION('',(#4771),#4774);
#4771 = B_SPLINE_CURVE_WITH_KNOTS('',1,(#4772,#4773),.UNSPECIFIED.,.F.,
  .F.,(2,2),(9.5125,11.4625),.PIECEWISE_BEZIER_KNOTS.);
#4772 = CARTESIAN_POINT('',(17.4,19.025));
#4773 = CARTESIAN_POINT('',(17.4,20.975));
#4774 = ( GEOMETRIC_REPRESENTATION_CONTEXT(2)
PARAMETRIC_REPRESENTATION_CONTEXT() REPRESENTATION_CONTEXT('2D SPACE',''
  ) );
#4775 = PCURVE('',#2318,#4776);
#4776 = DEFINITIONAL_REPRESENTATION('',(#4777),#4780);
#4777 = B_SPLINE_CURVE_WITH_KNOTS('',1,(#4778,#4779),.UNSPECIFIED.,.F.,
  .F.,(2,2),(9.5125,11.4625),.PIECEWISE_BEZIER_KNOTS.);
#4778 = CARTESIAN_POINT('',(2.2,0.));
#4779 = CARTESIAN_POINT('',(2.2,-1.95));
#4780 = ( GEOMETRIC_REPRESENTATION_CONTEXT(2)
PARAMETRIC_REPRESENTATION_CONTEXT() REPRESENTATION_CONTEXT('2D SPACE',''
  ) );
#4781 = FACE_BOUND('',#4782,.T.);
#4782 = EDGE_LOOP('',(#4783));
#4783 = ORIENTED_EDGE('',*,*,#4784,.T.);
#4784 = EDGE_CURVE('',#4785,#4785,#4787,.T.);
#4785 = VERTEX_POINT('',#4786);
#4786 = CARTESIAN_POINT('',(41.5,0.,2.15));
#4787 = SURFACE_CURVE('',#4788,(#4793,#4804),.PCURVE_S1.);
#4788 = CIRCLE('',#4789,1.5);
#4789 = AXIS2_PLACEMENT_3D('',#4790,#4791,#4792);
#4790 = CARTESIAN_POINT('',(40.,0.,2.15));
#4791 = DIRECTION('',(0.,0.,-1.));
#4792 = DIRECTION('',(1.,0.,0.));
#4793 = PCURVE('',#96,#4794);
#4794 = DEFINITIONAL_REPRESENTATION('',(#4795),#4803);
#4795 = ( BOUNDED_CURVE() B_SPLINE_CURVE(2,(#4796,#4797,#4798,#4799,
#4800,#4801,#4802),.UNSPECIFIED.,.T.,.F.) B_SPLINE_CURVE_WITH_KNOTS((1,2
    ,2,2,2,1),(-2.094395102393,0.,2.094395102393,4.188790204786,
6.28318530718,8.377580409573),.UNSPECIFIED.) CURVE()
GEOMETRIC_REPRESENTATION_ITEM() RATIONAL_B_SPLINE_CURVE((1.,0.5,1.,0.5,
1.,0.5,1.)) REPRESENTATION_ITEM('') );
#4796 = CARTESIAN_POINT('',(41.5,-3.242876655026E-16));
#4797 = CARTESIAN_POINT('',(41.5,-2.598076211353));
#4798 = CARTESIAN_POINT('',(39.25,-1.299038105677));
#4799 = CARTESIAN_POINT('',(37.,-6.916817052468E-16));
#4800 = CARTESIAN_POINT('',(39.25,1.299038105677));
#4801 = CARTESIAN_POINT('',(41.5,2.598076211353));
#4802 = CARTESIAN_POINT('',(41.5,-3.242876655026E-16));
#4803 = ( GEOMETRIC_REPRESENTATION_CONTEXT(2)
PARAMETRIC_REPRESENTATION_CONTEXT() REPRESENTATION_CONTEXT('2D SPACE',''
  ) );
#4804 = PCURVE('',#2352,#4805);
#4805 = DEFINITIONAL_REPRESENTATION('',(#4806),#4810);
#4806 = LINE('',#4807,#4808);
#4807 = CARTESIAN_POINT('',(-6.28318530718,-2.2));
#4808 = VECTOR('',#4809,1.);
#4809 = DIRECTION('',(1.,-0.));
#4810 = ( GEOMETRIC_REPRESENTATION_CONTEXT(2)
PARAMETRIC_REPRESENTATION_CONTEXT() REPRESENTATION_CONTEXT('2D SPACE',''
  ) );
#4811 = FACE_BOUND('',#4812,.T.);
#4812 = EDGE_LOOP('',(#4813));
#4813 = ORIENTED_EDGE('',*,*,#4814,.T.);
#4814 = EDGE_CURVE('',#4815,#4815,#4817,.T.);
#4815 = VERTEX_POINT('',#4816);
#4816 = CARTESIAN_POINT('',(41.307389066888,3.920685613182,2.15));
#4817 = SURFACE_CURVE('',#4818,(#4823,#4834),.PCURVE_S1.);
#4818 = CIRCLE('',#4819,1.5);
#4819 = AXIS2_PLACEMENT_3D('',#4820,#4821,#4822);
#4820 = CARTESIAN_POINT('',(39.807389066888,3.920685613182,2.15));
#4821 = DIRECTION('',(0.,0.,-1.));
#4822 = DIRECTION('',(1.,0.,0.));
#4823 = PCURVE('',#96,#4824);
#4824 = DEFINITIONAL_REPRESENTATION('',(#4825),#4833);
#4825 = ( BOUNDED_CURVE() B_SPLINE_CURVE(2,(#4826,#4827,#4828,#4829,
#4830,#4831,#4832),.UNSPECIFIED.,.T.,.F.) B_SPLINE_CURVE_WITH_KNOTS((1,2
    ,2,2,2,1),(-2.094395102393,0.,2.094395102393,4.188790204786,
6.28318530718,8.377580409573),.UNSPECIFIED.) CURVE()
GEOMETRIC_REPRESENTATION_ITEM() RATIONAL_B_SPLINE_CURVE((1.,0.5,1.,0.5,
1.,0.5,1.)) REPRESENTATION_ITEM('') );
#4826 = CARTESIAN_POINT('',(41.307389066888,3.920685613182));
#4827 = CARTESIAN_POINT('',(41.307389066888,1.322609401829));
#4828 = CARTESIAN_POINT('',(39.057389066888,2.621647507506));
#4829 = CARTESIAN_POINT('',(36.807389066888,3.920685613182));
#4830 = CARTESIAN_POINT('',(39.057389066888,5.219723718859));
#4831 = CARTESIAN_POINT('',(41.307389066888,6.518761824536));
#4832 = CARTESIAN_POINT('',(41.307389066888,3.920685613182));
#4833 = ( GEOMETRIC_REPRESENTATION_CONTEXT(2)
PARAMETRIC_REPRESENTATION_CONTEXT() REPRESENTATION_CONTEXT('2D SPACE',''
  ) );
#4834 = PCURVE('',#2387,#4835);
#4835 = DEFINITIONAL_REPRESENTATION('',(#4836),#4840);
#4836 = LINE('',#4837,#4838);
#4837 = CARTESIAN_POINT('',(-6.28318530718,-2.2));
#4838 = VECTOR('',#4839,1.);
#4839 = DIRECTION('',(1.,-0.));
#4840 = ( GEOMETRIC_REPRESENTATION_CONTEXT(2)
PARAMETRIC_REPRESENTATION_CONTEXT() REPRESENTATION_CONTEXT('2D SPACE',''
  ) );
#4841 = FACE_BOUND('',#4842,.T.);
#4842 = EDGE_LOOP('',(#4843));
#4843 = ORIENTED_EDGE('',*,*,#4844,.T.);
#4844 = EDGE_CURVE('',#4845,#4845,#4847,.T.);
#4845 = VERTEX_POINT('',#4846);
#4846 = CARTESIAN_POINT('',(40.731411216129,7.803612880645,2.15));
#4847 = SURFACE_CURVE('',#4848,(#4853,#4864),.PCURVE_S1.);
#4848 = CIRCLE('',#4849,1.5);
#4849 = AXIS2_PLACEMENT_3D('',#4850,#4851,#4852);
#4850 = CARTESIAN_POINT('',(39.231411216129,7.803612880645,2.15));
#4851 = DIRECTION('',(0.,0.,-1.));
#4852 = DIRECTION('',(1.,0.,0.));
#4853 = PCURVE('',#96,#4854);
#4854 = DEFINITIONAL_REPRESENTATION('',(#4855),#4863);
#4855 = ( BOUNDED_CURVE() B_SPLINE_CURVE(2,(#4856,#4857,#4858,#4859,
#4860,#4861,#4862),.UNSPECIFIED.,.T.,.F.) B_SPLINE_CURVE_WITH_KNOTS((1,2
    ,2,2,2,1),(-2.094395102393,0.,2.094395102393,4.188790204786,
6.28318530718,8.377580409573),.UNSPECIFIED.) CURVE()
GEOMETRIC_REPRESENTATION_ITEM() RATIONAL_B_SPLINE_CURVE((1.,0.5,1.,0.5,
1.,0.5,1.)) REPRESENTATION_ITEM('') );
#4856 = CARTESIAN_POINT('',(40.731411216129,7.803612880645));
#4857 = CARTESIAN_POINT('',(40.731411216129,5.205536669292));
#4858 = CARTESIAN_POINT('',(38.481411216129,6.504574774968));
#4859 = CARTESIAN_POINT('',(36.231411216129,7.803612880645));
#4860 = CARTESIAN_POINT('',(38.481411216129,9.102650986322));
#4861 = CARTESIAN_POINT('',(40.731411216129,10.401689091998));
#4862 = CARTESIAN_POINT('',(40.731411216129,7.803612880645));
#4863 = ( GEOMETRIC_REPRESENTATION_CONTEXT(2)
PARAMETRIC_REPRESENTATION_CONTEXT() REPRESENTATION_CONTEXT('2D SPACE',''
  ) );
#4864 = PCURVE('',#2422,#4865);
#4865 = DEFINITIONAL_REPRESENTATION('',(#4866),#4870);
#4866 = LINE('',#4867,#4868);
#4867 = CARTESIAN_POINT('',(-6.28318530718,-2.2));
#4868 = VECTOR('',#4869,1.);
#4869 = DIRECTION('',(1.,-0.));
#4870 = ( GEOMETRIC_REPRESENTATION_CONTEXT(2)
PARAMETRIC_REPRESENTATION_CONTEXT() REPRESENTATION_CONTEXT('2D SPACE',''
  ) );
#4871 = FACE_BOUND('',#4872,.T.);
#4872 = EDGE_LOOP('',(#4873));
#4873 = ORIENTED_EDGE('',*,*,#4874,.T.);
#4874 = EDGE_CURVE('',#4875,#4875,#4877,.T.);
#4875 = VERTEX_POINT('',#4876);
#4876 = CARTESIAN_POINT('',(39.777613429288,11.611387090178,2.15));
#4877 = SURFACE_CURVE('',#4878,(#4883,#4894),.PCURVE_S1.);
#4878 = CIRCLE('',#4879,1.5);
#4879 = AXIS2_PLACEMENT_3D('',#4880,#4881,#4882);
#4880 = CARTESIAN_POINT('',(38.277613429288,11.611387090178,2.15));
#4881 = DIRECTION('',(0.,0.,-1.));
#4882 = DIRECTION('',(1.,0.,0.));
#4883 = PCURVE('',#96,#4884);
#4884 = DEFINITIONAL_REPRESENTATION('',(#4885),#4893);
#4885 = ( BOUNDED_CURVE() B_SPLINE_CURVE(2,(#4886,#4887,#4888,#4889,
#4890,#4891,#4892),.UNSPECIFIED.,.T.,.F.) B_SPLINE_CURVE_WITH_KNOTS((1,2
    ,2,2,2,1),(-2.094395102393,0.,2.094395102393,4.188790204786,
6.28318530718,8.377580409573),.UNSPECIFIED.) CURVE()
GEOMETRIC_REPRESENTATION_ITEM() RATIONAL_B_SPLINE_CURVE((1.,0.5,1.,0.5,
1.,0.5,1.)) REPRESENTATION_ITEM('') );
#4886 = CARTESIAN_POINT('',(39.777613429288,11.611387090178));
#4887 = CARTESIAN_POINT('',(39.777613429288,9.013310878825));
#4888 = CARTESIAN_POINT('',(37.527613429288,10.312348984502));
#4889 = CARTESIAN_POINT('',(35.277613429288,11.611387090178));
#4890 = CARTESIAN_POINT('',(37.527613429288,12.910425195855));
#4891 = CARTESIAN_POINT('',(39.777613429288,14.209463301532));
#4892 = CARTESIAN_POINT('',(39.777613429288,11.611387090178));
#4893 = ( GEOMETRIC_REPRESENTATION_CONTEXT(2)
PARAMETRIC_REPRESENTATION_CONTEXT() REPRESENTATION_CONTEXT('2D SPACE',''
  ) );
#4894 = PCURVE('',#2457,#4895);
#4895 = DEFINITIONAL_REPRESENTATION('',(#4896),#4900);
#4896 = LINE('',#4897,#4898);
#4897 = CARTESIAN_POINT('',(-6.28318530718,-2.2));
#4898 = VECTOR('',#4899,1.);
#4899 = DIRECTION('',(1.,-0.));
#4900 = ( GEOMETRIC_REPRESENTATION_CONTEXT(2)
PARAMETRIC_REPRESENTATION_CONTEXT() REPRESENTATION_CONTEXT('2D SPACE',''
  ) );
#4901 = FACE_BOUND('',#4902,.T.);
#4902 = EDGE_LOOP('',(#4903));
#4903 = ORIENTED_EDGE('',*,*,#4904,.T.);
#4904 = EDGE_CURVE('',#4905,#4905,#4907,.T.);
#4905 = VERTEX_POINT('',#4906);
#4906 = CARTESIAN_POINT('',(38.455181300451,15.307337294604,2.15));
#4907 = SURFACE_CURVE('',#4908,(#4913,#4924),.PCURVE_S1.);
#4908 = CIRCLE('',#4909,1.5);
#4909 = AXIS2_PLACEMENT_3D('',#4910,#4911,#4912);
#4910 = CARTESIAN_POINT('',(36.955181300451,15.307337294604,2.15));
#4911 = DIRECTION('',(0.,0.,-1.));
#4912 = DIRECTION('',(1.,0.,0.));
#4913 = PCURVE('',#96,#4914);
#4914 = DEFINITIONAL_REPRESENTATION('',(#4915),#4923);
#4915 = ( BOUNDED_CURVE() B_SPLINE_CURVE(2,(#4916,#4917,#4918,#4919,
#4920,#4921,#4922),.UNSPECIFIED.,.T.,.F.) B_SPLINE_CURVE_WITH_KNOTS((1,2
    ,2,2,2,1),(-2.094395102393,0.,2.094395102393,4.188790204786,
6.28318530718,8.377580409573),.UNSPECIFIED.) CURVE()
GEOMETRIC_REPRESENTATION_ITEM() RATIONAL_B_SPLINE_CURVE((1.,0.5,1.,0.5,
1.,0.5,1.)) REPRESENTATION_ITEM('') );
#4916 = CARTESIAN_POINT('',(38.455181300451,15.307337294604));
#4917 = CARTESIAN_POINT('',(38.455181300451,12.70926108325));
#4918 = CARTESIAN_POINT('',(36.205181300451,14.008299188927));
#4919 = CARTESIAN_POINT('',(33.955181300451,15.307337294604));
#4920 = CARTESIAN_POINT('',(36.205181300451,16.60637540028));
#4921 = CARTESIAN_POINT('',(38.455181300451,17.905413505957));
#4922 = CARTESIAN_POINT('',(38.455181300451,15.307337294604));
#4923 = ( GEOMETRIC_REPRESENTATION_CONTEXT(2)
PARAMETRIC_REPRESENTATION_CONTEXT() REPRESENTATION_CONTEXT('2D SPACE',''
  ) );
#4924 = PCURVE('',#2492,#4925);
#4925 = DEFINITIONAL_REPRESENTATION('',(#4926),#4930);
#4926 = LINE('',#4927,#4928);
#4927 = CARTESIAN_POINT('',(-6.28318530718,-2.2));
#4928 = VECTOR('',#4929,1.);
#4929 = DIRECTION('',(1.,-0.));
#4930 = ( GEOMETRIC_REPRESENTATION_CONTEXT(2)
PARAMETRIC_REPRESENTATION_CONTEXT() REPRESENTATION_CONTEXT('2D SPACE',''
  ) );
#4931 = FACE_BOUND('',#4932,.T.);
#4932 = EDGE_LOOP('',(#4933));
#4933 = ORIENTED_EDGE('',*,*,#4934,.T.);
#4934 = EDGE_CURVE('',#4935,#4935,#4937,.T.);
#4935 = VERTEX_POINT('',#4936);
#4936 = CARTESIAN_POINT('',(36.776850573934,18.85586947304,2.15));
#4937 = SURFACE_CURVE('',#4938,(#4943,#4954),.PCURVE_S1.);
#4938 = CIRCLE('',#4939,1.5);
#4939 = AXIS2_PLACEMENT_3D('',#4940,#4941,#4942);
#4940 = CARTESIAN_POINT('',(35.276850573934,18.85586947304,2.15));
#4941 = DIRECTION('',(0.,0.,-1.));
#4942 = DIRECTION('',(1.,0.,0.));
#4943 = PCURVE('',#96,#4944);
#4944 = DEFINITIONAL_REPRESENTATION('',(#4945),#4953);
#4945 = ( BOUNDED_CURVE() B_SPLINE_CURVE(2,(#4946,#4947,#4948,#4949,
#4950,#4951,#4952),.UNSPECIFIED.,.T.,.F.) B_SPLINE_CURVE_WITH_KNOTS((1,2
    ,2,2,2,1),(-2.094395102393,0.,2.094395102393,4.188790204786,
6.28318530718,8.377580409573),.UNSPECIFIED.) CURVE()
GEOMETRIC_REPRESENTATION_ITEM() RATIONAL_B_SPLINE_CURVE((1.,0.5,1.,0.5,
1.,0.5,1.)) REPRESENTATION_ITEM('') );
#4946 = CARTESIAN_POINT('',(36.776850573934,18.85586947304));
#4947 = CARTESIAN_POINT('',(36.776850573934,16.257793261687));
#4948 = CARTESIAN_POINT('',(34.526850573934,17.556831367363));
#4949 = CARTESIAN_POINT('',(32.276850573934,18.85586947304));
#4950 = CARTESIAN_POINT('',(34.526850573934,20.154907578717));
#4951 = CARTESIAN_POINT('',(36.776850573934,21.453945684393));
#4952 = CARTESIAN_POINT('',(36.776850573934,18.85586947304));
#4953 = ( GEOMETRIC_REPRESENTATION_CONTEXT(2)
PARAMETRIC_REPRESENTATION_CONTEXT() REPRESENTATION_CONTEXT('2D SPACE',''
  ) );
#4954 = PCURVE('',#2527,#4955);
#4955 = DEFINITIONAL_REPRESENTATION('',(#4956),#4960);
#4956 = LINE('',#4957,#4958);
#4957 = CARTESIAN_POINT('',(-6.28318530718,-2.2));
#4958 = VECTOR('',#4959,1.);
#4959 = DIRECTION('',(1.,-0.));
#4960 = ( GEOMETRIC_REPRESENTATION_CONTEXT(2)
PARAMETRIC_REPRESENTATION_CONTEXT() REPRESENTATION_CONTEXT('2D SPACE',''
  ) );
#4961 = FACE_BOUND('',#4962,.T.);
#4962 = EDGE_LOOP('',(#4963));
#4963 = ORIENTED_EDGE('',*,*,#4964,.T.);
#4964 = EDGE_CURVE('',#4965,#4965,#4967,.T.);
#4965 = VERTEX_POINT('',#4966);
#4966 = CARTESIAN_POINT('',(1.5,40.,2.15));
#4967 = SURFACE_CURVE('',#4968,(#4973,#4984),.PCURVE_S1.);
#4968 = CIRCLE('',#4969,1.5);
#4969 = AXIS2_PLACEMENT_3D('',#4970,#4971,#4972);
#4970 = CARTESIAN_POINT('',(2.449293598295E-15,40.,2.15));
#4971 = DIRECTION('',(0.,0.,-1.));
#4972 = DIRECTION('',(1.,0.,0.));
#4973 = PCURVE('',#96,#4974);
#4974 = DEFINITIONAL_REPRESENTATION('',(#4975),#4983);
#4975 = ( BOUNDED_CURVE() B_SPLINE_CURVE(2,(#4976,#4977,#4978,#4979,
#4980,#4981,#4982),.UNSPECIFIED.,.T.,.F.) B_SPLINE_CURVE_WITH_KNOTS((1,2
    ,2,2,2,1),(-2.094395102393,0.,2.094395102393,4.188790204786,
6.28318530718,8.377580409573),.UNSPECIFIED.) CURVE()
GEOMETRIC_REPRESENTATION_ITEM() RATIONAL_B_SPLINE_CURVE((1.,0.5,1.,0.5,
1.,0.5,1.)) REPRESENTATION_ITEM('') );
#4976 = CARTESIAN_POINT('',(1.5,40.));
#4977 = CARTESIAN_POINT('',(1.5,37.401923788647));
#4978 = CARTESIAN_POINT('',(-0.75,38.700961894323));
#4979 = CARTESIAN_POINT('',(-3.,40.));
#4980 = CARTESIAN_POINT('',(-0.75,41.299038105677));
#4981 = CARTESIAN_POINT('',(1.5,42.598076211353));
#4982 = CARTESIAN_POINT('',(1.5,40.));
#4983 = ( GEOMETRIC_REPRESENTATION_CONTEXT(2)
PARAMETRIC_REPRESENTATION_CONTEXT() REPRESENTATION_CONTEXT('2D SPACE',''
  ) );
#4984 = PCURVE('',#2562,#4985);
#4985 = DEFINITIONAL_REPRESENTATION('',(#4986),#4990);
#4986 = LINE('',#4987,#4988);
#4987 = CARTESIAN_POINT('',(-6.28318530718,-2.2));
#4988 = VECTOR('',#4989,1.);
#4989 = DIRECTION('',(1.,-0.));
#4990 = ( GEOMETRIC_REPRESENTATION_CONTEXT(2)
PARAMETRIC_REPRESENTATION_CONTEXT() REPRESENTATION_CONTEXT('2D SPACE',''
  ) );
#4991 = FACE_BOUND('',#4992,.T.);
#4992 = EDGE_LOOP('',(#4993));
#4993 = ORIENTED_EDGE('',*,*,#4994,.T.);
#4994 = EDGE_CURVE('',#4995,#4995,#4997,.T.);
#4995 = VERTEX_POINT('',#4996);
#4996 = CARTESIAN_POINT('',(5.420685613182,39.807389066888,2.15));
#4997 = SURFACE_CURVE('',#4998,(#5003,#5014),.PCURVE_S1.);
#4998 = CIRCLE('',#4999,1.5);
#4999 = AXIS2_PLACEMENT_3D('',#5000,#5001,#5002);
#5000 = CARTESIAN_POINT('',(3.920685613182,39.807389066888,2.15));
#5001 = DIRECTION('',(0.,0.,-1.));
#5002 = DIRECTION('',(1.,0.,0.));
#5003 = PCURVE('',#96,#5004);
#5004 = DEFINITIONAL_REPRESENTATION('',(#5005),#5013);
#5005 = ( BOUNDED_CURVE() B_SPLINE_CURVE(2,(#5006,#5007,#5008,#5009,
#5010,#5011,#5012),.UNSPECIFIED.,.T.,.F.) B_SPLINE_CURVE_WITH_KNOTS((1,2
    ,2,2,2,1),(-2.094395102393,0.,2.094395102393,4.188790204786,
6.28318530718,8.377580409573),.UNSPECIFIED.) CURVE()
GEOMETRIC_REPRESENTATION_ITEM() RATIONAL_B_SPLINE_CURVE((1.,0.5,1.,0.5,
1.,0.5,1.)) REPRESENTATION_ITEM('') );
#5006 = CARTESIAN_POINT('',(5.420685613182,39.807389066888));
#5007 = CARTESIAN_POINT('',(5.420685613182,37.209312855535));
#5008 = CARTESIAN_POINT('',(3.170685613182,38.508350961211));
#5009 = CARTESIAN_POINT('',(0.920685613182,39.807389066888));
#5010 = CARTESIAN_POINT('',(3.170685613182,41.106427172565));
#5011 = CARTESIAN_POINT('',(5.420685613182,42.405465278241));
#5012 = CARTESIAN_POINT('',(5.420685613182,39.807389066888));
#5013 = ( GEOMETRIC_REPRESENTATION_CONTEXT(2)
PARAMETRIC_REPRESENTATION_CONTEXT() REPRESENTATION_CONTEXT('2D SPACE',''
  ) );
#5014 = PCURVE('',#2597,#5015);
#5015 = DEFINITIONAL_REPRESENTATION('',(#5016),#5020);
#5016 = LINE('',#5017,#5018);
#5017 = CARTESIAN_POINT('',(-6.28318530718,-2.2));
#5018 = VECTOR('',#5019,1.);
#5019 = DIRECTION('',(1.,-0.));
#5020 = ( GEOMETRIC_REPRESENTATION_CONTEXT(2)
PARAMETRIC_REPRESENTATION_CONTEXT() REPRESENTATION_CONTEXT('2D SPACE',''
  ) );
#5021 = FACE_BOUND('',#5022,.T.);
#5022 = EDGE_LOOP('',(#5023));
#5023 = ORIENTED_EDGE('',*,*,#5024,.T.);
#5024 = EDGE_CURVE('',#5025,#5025,#5027,.T.);
#5025 = VERTEX_POINT('',#5026);
#5026 = CARTESIAN_POINT('',(9.303612880645,39.231411216129,2.15));
#5027 = SURFACE_CURVE('',#5028,(#5033,#5044),.PCURVE_S1.);
#5028 = CIRCLE('',#5029,1.5);
#5029 = AXIS2_PLACEMENT_3D('',#5030,#5031,#5032);
#5030 = CARTESIAN_POINT('',(7.803612880645,39.231411216129,2.15));
#5031 = DIRECTION('',(0.,0.,-1.));
#5032 = DIRECTION('',(1.,0.,0.));
#5033 = PCURVE('',#96,#5034);
#5034 = DEFINITIONAL_REPRESENTATION('',(#5035),#5043);
#5035 = ( BOUNDED_CURVE() B_SPLINE_CURVE(2,(#5036,#5037,#5038,#5039,
#5040,#5041,#5042),.UNSPECIFIED.,.T.,.F.) B_SPLINE_CURVE_WITH_KNOTS((1,2
    ,2,2,2,1),(-2.094395102393,0.,2.094395102393,4.188790204786,
6.28318530718,8.377580409573),.UNSPECIFIED.) CURVE()
GEOMETRIC_REPRESENTATION_ITEM() RATIONAL_B_SPLINE_CURVE((1.,0.5,1.,0.5,
1.,0.5,1.)) REPRESENTATION_ITEM('') );
#5036 = CARTESIAN_POINT('',(9.303612880645,39.231411216129));
#5037 = CARTESIAN_POINT('',(9.303612880645,36.633335004776));
#5038 = CARTESIAN_POINT('',(7.053612880645,37.932373110453));
#5039 = CARTESIAN_POINT('',(4.803612880645,39.231411216129));
#5040 = CARTESIAN_POINT('',(7.053612880645,40.530449321806));
#5041 = CARTESIAN_POINT('',(9.303612880645,41.829487427483));
#5042 = CARTESIAN_POINT('',(9.303612880645,39.231411216129));
#5043 = ( GEOMETRIC_REPRESENTATION_CONTEXT(2)
PARAMETRIC_REPRESENTATION_CONTEXT() REPRESENTATION_CONTEXT('2D SPACE',''
  ) );
#5044 = PCURVE('',#2632,#5045);
#5045 = DEFINITIONAL_REPRESENTATION('',(#5046),#5050);
#5046 = LINE('',#5047,#5048);
#5047 = CARTESIAN_POINT('',(-6.28318530718,-2.2));
#5048 = VECTOR('',#5049,1.);
#5049 = DIRECTION('',(1.,-0.));
#5050 = ( GEOMETRIC_REPRESENTATION_CONTEXT(2)
PARAMETRIC_REPRESENTATION_CONTEXT() REPRESENTATION_CONTEXT('2D SPACE',''
  ) );
#5051 = FACE_BOUND('',#5052,.T.);
#5052 = EDGE_LOOP('',(#5053));
#5053 = ORIENTED_EDGE('',*,*,#5054,.T.);
#5054 = EDGE_CURVE('',#5055,#5055,#5057,.T.);
#5055 = VERTEX_POINT('',#5056);
#5056 = CARTESIAN_POINT('',(20.35586947304,35.276850573934,2.15));
#5057 = SURFACE_CURVE('',#5058,(#5063,#5074),.PCURVE_S1.);
#5058 = CIRCLE('',#5059,1.5);
#5059 = AXIS2_PLACEMENT_3D('',#5060,#5061,#5062);
#5060 = CARTESIAN_POINT('',(18.85586947304,35.276850573934,2.15));
#5061 = DIRECTION('',(0.,0.,-1.));
#5062 = DIRECTION('',(1.,0.,0.));
#5063 = PCURVE('',#96,#5064);
#5064 = DEFINITIONAL_REPRESENTATION('',(#5065),#5073);
#5065 = ( BOUNDED_CURVE() B_SPLINE_CURVE(2,(#5066,#5067,#5068,#5069,
#5070,#5071,#5072),.UNSPECIFIED.,.T.,.F.) B_SPLINE_CURVE_WITH_KNOTS((1,2
    ,2,2,2,1),(-2.094395102393,0.,2.094395102393,4.188790204786,
6.28318530718,8.377580409573),.UNSPECIFIED.) CURVE()
GEOMETRIC_REPRESENTATION_ITEM() RATIONAL_B_SPLINE_CURVE((1.,0.5,1.,0.5,
1.,0.5,1.)) REPRESENTATION_ITEM('') );
#5066 = CARTESIAN_POINT('',(20.35586947304,35.276850573934));
#5067 = CARTESIAN_POINT('',(20.35586947304,32.678774362581));
#5068 = CARTESIAN_POINT('',(18.10586947304,33.977812468258));
#5069 = CARTESIAN_POINT('',(15.85586947304,35.276850573934));
#5070 = CARTESIAN_POINT('',(18.10586947304,36.575888679611));
#5071 = CARTESIAN_POINT('',(20.35586947304,37.874926785288));
#5072 = CARTESIAN_POINT('',(20.35586947304,35.276850573934));
#5073 = ( GEOMETRIC_REPRESENTATION_CONTEXT(2)
PARAMETRIC_REPRESENTATION_CONTEXT() REPRESENTATION_CONTEXT('2D SPACE',''
  ) );
#5074 = PCURVE('',#2667,#5075);
#5075 = DEFINITIONAL_REPRESENTATION('',(#5076),#5080);
#5076 = LINE('',#5077,#5078);
#5077 = CARTESIAN_POINT('',(-6.28318530718,-2.2));
#5078 = VECTOR('',#5079,1.);
#5079 = DIRECTION('',(1.,-0.));
#5080 = ( GEOMETRIC_REPRESENTATION_CONTEXT(2)
PARAMETRIC_REPRESENTATION_CONTEXT() REPRESENTATION_CONTEXT('2D SPACE',''
  ) );
#5081 = FACE_BOUND('',#5082,.T.);
#5082 = EDGE_LOOP('',(#5083));
#5083 = ORIENTED_EDGE('',*,*,#5084,.T.);
#5084 = EDGE_CURVE('',#5085,#5085,#5087,.T.);
#5085 = VERTEX_POINT('',#5086);
#5086 = CARTESIAN_POINT('',(13.111387090178,38.277613429288,2.15));
#5087 = SURFACE_CURVE('',#5088,(#5093,#5104),.PCURVE_S1.);
#5088 = CIRCLE('',#5089,1.5);
#5089 = AXIS2_PLACEMENT_3D('',#5090,#5091,#5092);
#5090 = CARTESIAN_POINT('',(11.611387090178,38.277613429288,2.15));
#5091 = DIRECTION('',(0.,0.,-1.));
#5092 = DIRECTION('',(1.,0.,0.));
#5093 = PCURVE('',#96,#5094);
#5094 = DEFINITIONAL_REPRESENTATION('',(#5095),#5103);
#5095 = ( BOUNDED_CURVE() B_SPLINE_CURVE(2,(#5096,#5097,#5098,#5099,
#5100,#5101,#5102),.UNSPECIFIED.,.T.,.F.) B_SPLINE_CURVE_WITH_KNOTS((1,2
    ,2,2,2,1),(-2.094395102393,0.,2.094395102393,4.188790204786,
6.28318530718,8.377580409573),.UNSPECIFIED.) CURVE()
GEOMETRIC_REPRESENTATION_ITEM() RATIONAL_B_SPLINE_CURVE((1.,0.5,1.,0.5,
1.,0.5,1.)) REPRESENTATION_ITEM('') );
#5096 = CARTESIAN_POINT('',(13.111387090178,38.277613429288));
#5097 = CARTESIAN_POINT('',(13.111387090178,35.679537217935));
#5098 = CARTESIAN_POINT('',(10.861387090178,36.978575323612));
#5099 = CARTESIAN_POINT('',(8.611387090178,38.277613429288));
#5100 = CARTESIAN_POINT('',(10.861387090178,39.576651534965));
#5101 = CARTESIAN_POINT('',(13.111387090178,40.875689640642));
#5102 = CARTESIAN_POINT('',(13.111387090178,38.277613429288));
#5103 = ( GEOMETRIC_REPRESENTATION_CONTEXT(2)
PARAMETRIC_REPRESENTATION_CONTEXT() REPRESENTATION_CONTEXT('2D SPACE',''
  ) );
#5104 = PCURVE('',#2702,#5105);
#5105 = DEFINITIONAL_REPRESENTATION('',(#5106),#5110);
#5106 = LINE('',#5107,#5108);
#5107 = CARTESIAN_POINT('',(-6.28318530718,-2.2));
#5108 = VECTOR('',#5109,1.);
#5109 = DIRECTION('',(1.,-0.));
#5110 = ( GEOMETRIC_REPRESENTATION_CONTEXT(2)
PARAMETRIC_REPRESENTATION_CONTEXT() REPRESENTATION_CONTEXT('2D SPACE',''
  ) );
#5111 = FACE_BOUND('',#5112,.T.);
#5112 = EDGE_LOOP('',(#5113));
#5113 = ORIENTED_EDGE('',*,*,#5114,.T.);
#5114 = EDGE_CURVE('',#5115,#5115,#5117,.T.);
#5115 = VERTEX_POINT('',#5116);
#5116 = CARTESIAN_POINT('',(16.807337294604,36.955181300451,2.15));
#5117 = SURFACE_CURVE('',#5118,(#5123,#5134),.PCURVE_S1.);
#5118 = CIRCLE('',#5119,1.5);
#5119 = AXIS2_PLACEMENT_3D('',#5120,#5121,#5122);
#5120 = CARTESIAN_POINT('',(15.307337294604,36.955181300451,2.15));
#5121 = DIRECTION('',(0.,0.,-1.));
#5122 = DIRECTION('',(1.,0.,0.));
#5123 = PCURVE('',#96,#5124);
#5124 = DEFINITIONAL_REPRESENTATION('',(#5125),#5133);
#5125 = ( BOUNDED_CURVE() B_SPLINE_CURVE(2,(#5126,#5127,#5128,#5129,
#5130,#5131,#5132),.UNSPECIFIED.,.T.,.F.) B_SPLINE_CURVE_WITH_KNOTS((1,2
    ,2,2,2,1),(-2.094395102393,0.,2.094395102393,4.188790204786,
6.28318530718,8.377580409573),.UNSPECIFIED.) CURVE()
GEOMETRIC_REPRESENTATION_ITEM() RATIONAL_B_SPLINE_CURVE((1.,0.5,1.,0.5,
1.,0.5,1.)) REPRESENTATION_ITEM('') );
#5126 = CARTESIAN_POINT('',(16.807337294604,36.955181300451));
#5127 = CARTESIAN_POINT('',(16.807337294604,34.357105089098));
#5128 = CARTESIAN_POINT('',(14.557337294604,35.656143194775));
#5129 = CARTESIAN_POINT('',(12.307337294604,36.955181300451));
#5130 = CARTESIAN_POINT('',(14.557337294604,38.254219406128));
#5131 = CARTESIAN_POINT('',(16.807337294604,39.553257511805));
#5132 = CARTESIAN_POINT('',(16.807337294604,36.955181300451));
#5133 = ( GEOMETRIC_REPRESENTATION_CONTEXT(2)
PARAMETRIC_REPRESENTATION_CONTEXT() REPRESENTATION_CONTEXT('2D SPACE',''
  ) );
#5134 = PCURVE('',#2737,#5135);
#5135 = DEFINITIONAL_REPRESENTATION('',(#5136),#5140);
#5136 = LINE('',#5137,#5138);
#5137 = CARTESIAN_POINT('',(-6.28318530718,-2.2));
#5138 = VECTOR('',#5139,1.);
#5139 = DIRECTION('',(1.,-0.));
#5140 = ( GEOMETRIC_REPRESENTATION_CONTEXT(2)
PARAMETRIC_REPRESENTATION_CONTEXT() REPRESENTATION_CONTEXT('2D SPACE',''
  ) );
#5141 = FACE_BOUND('',#5142,.T.);
#5142 = EDGE_LOOP('',(#5143));
#5143 = ORIENTED_EDGE('',*,*,#5144,.T.);
#5144 = EDGE_CURVE('',#5145,#5145,#5147,.T.);
#5145 = VERTEX_POINT('',#5146);
#5146 = CARTESIAN_POINT('',(32.420418134509,25.375731366546,2.15));
#5147 = SURFACE_CURVE('',#5148,(#5153,#5164),.PCURVE_S1.);
#5148 = CIRCLE('',#5149,1.5);
#5149 = AXIS2_PLACEMENT_3D('',#5150,#5151,#5152);
#5150 = CARTESIAN_POINT('',(30.920418134509,25.375731366546,2.15));
#5151 = DIRECTION('',(0.,0.,-1.));
#5152 = DIRECTION('',(1.,0.,0.));
#5153 = PCURVE('',#96,#5154);
#5154 = DEFINITIONAL_REPRESENTATION('',(#5155),#5163);
#5155 = ( BOUNDED_CURVE() B_SPLINE_CURVE(2,(#5156,#5157,#5158,#5159,
#5160,#5161,#5162),.UNSPECIFIED.,.T.,.F.) B_SPLINE_CURVE_WITH_KNOTS((1,2
    ,2,2,2,1),(-2.094395102393,0.,2.094395102393,4.188790204786,
6.28318530718,8.377580409573),.UNSPECIFIED.) CURVE()
GEOMETRIC_REPRESENTATION_ITEM() RATIONAL_B_SPLINE_CURVE((1.,0.5,1.,0.5,
1.,0.5,1.)) REPRESENTATION_ITEM('') );
#5156 = CARTESIAN_POINT('',(32.420418134509,25.375731366546));
#5157 = CARTESIAN_POINT('',(32.420418134509,22.777655155193));
#5158 = CARTESIAN_POINT('',(30.170418134509,24.076693260869));
#5159 = CARTESIAN_POINT('',(27.920418134509,25.375731366546));
#5160 = CARTESIAN_POINT('',(30.170418134509,26.674769472222));
#5161 = CARTESIAN_POINT('',(32.420418134509,27.973807577899));
#5162 = CARTESIAN_POINT('',(32.420418134509,25.375731366546));
#5163 = ( GEOMETRIC_REPRESENTATION_CONTEXT(2)
PARAMETRIC_REPRESENTATION_CONTEXT() REPRESENTATION_CONTEXT('2D SPACE',''
  ) );
#5164 = PCURVE('',#2772,#5165);
#5165 = DEFINITIONAL_REPRESENTATION('',(#5166),#5170);
#5166 = LINE('',#5167,#5168);
#5167 = CARTESIAN_POINT('',(-6.28318530718,-2.2));
#5168 = VECTOR('',#5169,1.);
#5169 = DIRECTION('',(1.,-0.));
#5170 = ( GEOMETRIC_REPRESENTATION_CONTEXT(2)
PARAMETRIC_REPRESENTATION_CONTEXT() REPRESENTATION_CONTEXT('2D SPACE',''
  ) );
#5171 = FACE_BOUND('',#5172,.T.);
#5172 = EDGE_LOOP('',(#5173));
#5173 = ORIENTED_EDGE('',*,*,#5174,.T.);
#5174 = EDGE_CURVE('',#5175,#5175,#5177,.T.);
#5175 = VERTEX_POINT('',#5176);
#5176 = CARTESIAN_POINT('',(26.875731366546,30.920418134509,2.15));
#5177 = SURFACE_CURVE('',#5178,(#5183,#5194),.PCURVE_S1.);
#5178 = CIRCLE('',#5179,1.5);
#5179 = AXIS2_PLACEMENT_3D('',#5180,#5181,#5182);
#5180 = CARTESIAN_POINT('',(25.375731366546,30.920418134509,2.15));
#5181 = DIRECTION('',(0.,0.,-1.));
#5182 = DIRECTION('',(1.,0.,0.));
#5183 = PCURVE('',#96,#5184);
#5184 = DEFINITIONAL_REPRESENTATION('',(#5185),#5193);
#5185 = ( BOUNDED_CURVE() B_SPLINE_CURVE(2,(#5186,#5187,#5188,#5189,
#5190,#5191,#5192),.UNSPECIFIED.,.T.,.F.) B_SPLINE_CURVE_WITH_KNOTS((1,2
    ,2,2,2,1),(-2.094395102393,0.,2.094395102393,4.188790204786,
6.28318530718,8.377580409573),.UNSPECIFIED.) CURVE()
GEOMETRIC_REPRESENTATION_ITEM() RATIONAL_B_SPLINE_CURVE((1.,0.5,1.,0.5,
1.,0.5,1.)) REPRESENTATION_ITEM('') );
#5186 = CARTESIAN_POINT('',(26.875731366546,30.920418134509));
#5187 = CARTESIAN_POINT('',(26.875731366546,28.322341923156));
#5188 = CARTESIAN_POINT('',(24.625731366546,29.621380028833));
#5189 = CARTESIAN_POINT('',(22.375731366546,30.920418134509));
#5190 = CARTESIAN_POINT('',(24.625731366546,32.219456240186));
#5191 = CARTESIAN_POINT('',(26.875731366546,33.518494345863));
#5192 = CARTESIAN_POINT('',(26.875731366546,30.920418134509));
#5193 = ( GEOMETRIC_REPRESENTATION_CONTEXT(2)
PARAMETRIC_REPRESENTATION_CONTEXT() REPRESENTATION_CONTEXT('2D SPACE',''
  ) );
#5194 = PCURVE('',#2807,#5195);
#5195 = DEFINITIONAL_REPRESENTATION('',(#5196),#5200);
#5196 = LINE('',#5197,#5198);
#5197 = CARTESIAN_POINT('',(-6.28318530718,-2.2));
#5198 = VECTOR('',#5199,1.);
#5199 = DIRECTION('',(1.,-0.));
#5200 = ( GEOMETRIC_REPRESENTATION_CONTEXT(2)
PARAMETRIC_REPRESENTATION_CONTEXT() REPRESENTATION_CONTEXT('2D SPACE',''
  ) );
#5201 = FACE_BOUND('',#5202,.T.);
#5202 = EDGE_LOOP('',(#5203));
#5203 = ORIENTED_EDGE('',*,*,#5204,.T.);
#5204 = EDGE_CURVE('',#5205,#5205,#5207,.T.);
#5205 = VERTEX_POINT('',#5206);
#5206 = CARTESIAN_POINT('',(29.784271247462,28.284271247462,2.15));
#5207 = SURFACE_CURVE('',#5208,(#5213,#5224),.PCURVE_S1.);
#5208 = CIRCLE('',#5209,1.5);
#5209 = AXIS2_PLACEMENT_3D('',#5210,#5211,#5212);
#5210 = CARTESIAN_POINT('',(28.284271247462,28.284271247462,2.15));
#5211 = DIRECTION('',(0.,0.,-1.));
#5212 = DIRECTION('',(1.,0.,0.));
#5213 = PCURVE('',#96,#5214);
#5214 = DEFINITIONAL_REPRESENTATION('',(#5215),#5223);
#5215 = ( BOUNDED_CURVE() B_SPLINE_CURVE(2,(#5216,#5217,#5218,#5219,
#5220,#5221,#5222),.UNSPECIFIED.,.T.,.F.) B_SPLINE_CURVE_WITH_KNOTS((1,2
    ,2,2,2,1),(-2.094395102393,0.,2.094395102393,4.188790204786,
6.28318530718,8.377580409573),.UNSPECIFIED.) CURVE()
GEOMETRIC_REPRESENTATION_ITEM() RATIONAL_B_SPLINE_CURVE((1.,0.5,1.,0.5,
1.,0.5,1.)) REPRESENTATION_ITEM('') );
#5216 = CARTESIAN_POINT('',(29.784271247462,28.284271247462));
#5217 = CARTESIAN_POINT('',(29.784271247462,25.686195036109));
#5218 = CARTESIAN_POINT('',(27.534271247462,26.985233141785));
#5219 = CARTESIAN_POINT('',(25.284271247462,28.284271247462));
#5220 = CARTESIAN_POINT('',(27.534271247462,29.583309353139));
#5221 = CARTESIAN_POINT('',(29.784271247462,30.882347458815));
#5222 = CARTESIAN_POINT('',(29.784271247462,28.284271247462));
#5223 = ( GEOMETRIC_REPRESENTATION_CONTEXT(2)
PARAMETRIC_REPRESENTATION_CONTEXT() REPRESENTATION_CONTEXT('2D SPACE',''
  ) );
#5224 = PCURVE('',#2842,#5225);
#5225 = DEFINITIONAL_REPRESENTATION('',(#5226),#5230);
#5226 = LINE('',#5227,#5228);
#5227 = CARTESIAN_POINT('',(-6.28318530718,-2.2));
#5228 = VECTOR('',#5229,1.);
#5229 = DIRECTION('',(1.,-0.));
#5230 = ( GEOMETRIC_REPRESENTATION_CONTEXT(2)
PARAMETRIC_REPRESENTATION_CONTEXT() REPRESENTATION_CONTEXT('2D SPACE',''
  ) );
#5231 = FACE_BOUND('',#5232,.T.);
#5232 = EDGE_LOOP('',(#5233));
#5233 = ORIENTED_EDGE('',*,*,#5234,.T.);
#5234 = EDGE_CURVE('',#5235,#5235,#5237,.T.);
#5235 = VERTEX_POINT('',#5236);
#5236 = CARTESIAN_POINT('',(34.758784492102,22.222809320784,2.15));
#5237 = SURFACE_CURVE('',#5238,(#5243,#5254),.PCURVE_S1.);
#5238 = CIRCLE('',#5239,1.5);
#5239 = AXIS2_PLACEMENT_3D('',#5240,#5241,#5242);
#5240 = CARTESIAN_POINT('',(33.258784492102,22.222809320784,2.15));
#5241 = DIRECTION('',(0.,0.,-1.));
#5242 = DIRECTION('',(1.,0.,0.));
#5243 = PCURVE('',#96,#5244);
#5244 = DEFINITIONAL_REPRESENTATION('',(#5245),#5253);
#5245 = ( BOUNDED_CURVE() B_SPLINE_CURVE(2,(#5246,#5247,#5248,#5249,
#5250,#5251,#5252),.UNSPECIFIED.,.T.,.F.) B_SPLINE_CURVE_WITH_KNOTS((1,2
    ,2,2,2,1),(-2.094395102393,0.,2.094395102393,4.188790204786,
6.28318530718,8.377580409573),.UNSPECIFIED.) CURVE()
GEOMETRIC_REPRESENTATION_ITEM() RATIONAL_B_SPLINE_CURVE((1.,0.5,1.,0.5,
1.,0.5,1.)) REPRESENTATION_ITEM('') );
#5246 = CARTESIAN_POINT('',(34.758784492102,22.222809320784));
#5247 = CARTESIAN_POINT('',(34.758784492102,19.624733109431));
#5248 = CARTESIAN_POINT('',(32.508784492102,20.923771215107));
#5249 = CARTESIAN_POINT('',(30.258784492102,22.222809320784));
#5250 = CARTESIAN_POINT('',(32.508784492102,23.521847426461));
#5251 = CARTESIAN_POINT('',(34.758784492102,24.820885532137));
#5252 = CARTESIAN_POINT('',(34.758784492102,22.222809320784));
#5253 = ( GEOMETRIC_REPRESENTATION_CONTEXT(2)
PARAMETRIC_REPRESENTATION_CONTEXT() REPRESENTATION_CONTEXT('2D SPACE',''
  ) );
#5254 = PCURVE('',#2877,#5255);
#5255 = DEFINITIONAL_REPRESENTATION('',(#5256),#5260);
#5256 = LINE('',#5257,#5258);
#5257 = CARTESIAN_POINT('',(-6.28318530718,-2.2));
#5258 = VECTOR('',#5259,1.);
#5259 = DIRECTION('',(1.,-0.));
#5260 = ( GEOMETRIC_REPRESENTATION_CONTEXT(2)
PARAMETRIC_REPRESENTATION_CONTEXT() REPRESENTATION_CONTEXT('2D SPACE',''
  ) );
#5261 = FACE_BOUND('',#5262,.T.);
#5262 = EDGE_LOOP('',(#5263));
#5263 = ORIENTED_EDGE('',*,*,#5264,.T.);
#5264 = EDGE_CURVE('',#5265,#5265,#5267,.T.);
#5265 = VERTEX_POINT('',#5266);
#5266 = CARTESIAN_POINT('',(23.722809320784,33.258784492102,2.15));
#5267 = SURFACE_CURVE('',#5268,(#5273,#5284),.PCURVE_S1.);
#5268 = CIRCLE('',#5269,1.5);
#5269 = AXIS2_PLACEMENT_3D('',#5270,#5271,#5272);
#5270 = CARTESIAN_POINT('',(22.222809320784,33.258784492102,2.15));
#5271 = DIRECTION('',(0.,0.,-1.));
#5272 = DIRECTION('',(1.,0.,0.));
#5273 = PCURVE('',#96,#5274);
#5274 = DEFINITIONAL_REPRESENTATION('',(#5275),#5283);
#5275 = ( BOUNDED_CURVE() B_SPLINE_CURVE(2,(#5276,#5277,#5278,#5279,
#5280,#5281,#5282),.UNSPECIFIED.,.T.,.F.) B_SPLINE_CURVE_WITH_KNOTS((1,2
    ,2,2,2,1),(-2.094395102393,0.,2.094395102393,4.188790204786,
6.28318530718,8.377580409573),.UNSPECIFIED.) CURVE()
GEOMETRIC_REPRESENTATION_ITEM() RATIONAL_B_SPLINE_CURVE((1.,0.5,1.,0.5,
1.,0.5,1.)) REPRESENTATION_ITEM('') );
#5276 = CARTESIAN_POINT('',(23.722809320784,33.258784492102));
#5277 = CARTESIAN_POINT('',(23.722809320784,30.660708280748));
#5278 = CARTESIAN_POINT('',(21.472809320784,31.959746386425));
#5279 = CARTESIAN_POINT('',(19.222809320784,33.258784492102));
#5280 = CARTESIAN_POINT('',(21.472809320784,34.557822597778));
#5281 = CARTESIAN_POINT('',(23.722809320784,35.856860703455));
#5282 = CARTESIAN_POINT('',(23.722809320784,33.258784492102));
#5283 = ( GEOMETRIC_REPRESENTATION_CONTEXT(2)
PARAMETRIC_REPRESENTATION_CONTEXT() REPRESENTATION_CONTEXT('2D SPACE',''
  ) );
#5284 = PCURVE('',#2912,#5285);
#5285 = DEFINITIONAL_REPRESENTATION('',(#5286),#5290);
#5286 = LINE('',#5287,#5288);
#5287 = CARTESIAN_POINT('',(-6.28318530718,-2.2));
#5288 = VECTOR('',#5289,1.);
#5289 = DIRECTION('',(1.,-0.));
#5290 = ( GEOMETRIC_REPRESENTATION_CONTEXT(2)
PARAMETRIC_REPRESENTATION_CONTEXT() REPRESENTATION_CONTEXT('2D SPACE',''
  ) );
#5291 = ADVANCED_FACE('',(#5292),#163,.F.);
#5292 = FACE_BOUND('',#5293,.T.);
#5293 = EDGE_LOOP('',(#5294,#5295,#5316,#5317));
#5294 = ORIENTED_EDGE('',*,*,#142,.T.);
#5295 = ORIENTED_EDGE('',*,*,#5296,.T.);
#5296 = EDGE_CURVE('',#143,#2931,#5297,.T.);
#5297 = SEAM_CURVE('',#5298,(#5302,#5309),.PCURVE_S1.);
#5298 = LINE('',#5299,#5300);
#5299 = CARTESIAN_POINT('',(-20.72280932078,-33.2587844921,-5.E-02));
#5300 = VECTOR('',#5301,1.);
#5301 = DIRECTION('',(0.,0.,1.));
#5302 = PCURVE('',#163,#5303);
#5303 = DEFINITIONAL_REPRESENTATION('',(#5304),#5308);
#5304 = LINE('',#5305,#5306);
#5305 = CARTESIAN_POINT('',(-6.28318530718,0.));
#5306 = VECTOR('',#5307,1.);
#5307 = DIRECTION('',(-0.,-1.));
#5308 = ( GEOMETRIC_REPRESENTATION_CONTEXT(2)
PARAMETRIC_REPRESENTATION_CONTEXT() REPRESENTATION_CONTEXT('2D SPACE',''
  ) );
#5309 = PCURVE('',#163,#5310);
#5310 = DEFINITIONAL_REPRESENTATION('',(#5311),#5315);
#5311 = LINE('',#5312,#5313);
#5312 = CARTESIAN_POINT('',(-0.,0.));
#5313 = VECTOR('',#5314,1.);
#5314 = DIRECTION('',(-0.,-1.));
#5315 = ( GEOMETRIC_REPRESENTATION_CONTEXT(2)
PARAMETRIC_REPRESENTATION_CONTEXT() REPRESENTATION_CONTEXT('2D SPACE',''
  ) );
#5316 = ORIENTED_EDGE('',*,*,#2930,.F.);
#5317 = ORIENTED_EDGE('',*,*,#5296,.F.);
#5318 = ADVANCED_FACE('',(#5319),#198,.F.);
#5319 = FACE_BOUND('',#5320,.T.);
#5320 = EDGE_LOOP('',(#5321,#5322,#5343,#5344));
#5321 = ORIENTED_EDGE('',*,*,#177,.T.);
#5322 = ORIENTED_EDGE('',*,*,#5323,.T.);
#5323 = EDGE_CURVE('',#178,#2961,#5324,.T.);
#5324 = SEAM_CURVE('',#5325,(#5329,#5336),.PCURVE_S1.);
#5325 = LINE('',#5326,#5327);
#5326 = CARTESIAN_POINT('',(-31.7587844921,-22.22280932078,-5.E-02));
#5327 = VECTOR('',#5328,1.);
#5328 = DIRECTION('',(0.,0.,1.));
#5329 = PCURVE('',#198,#5330);
#5330 = DEFINITIONAL_REPRESENTATION('',(#5331),#5335);
#5331 = LINE('',#5332,#5333);
#5332 = CARTESIAN_POINT('',(-6.28318530718,0.));
#5333 = VECTOR('',#5334,1.);
#5334 = DIRECTION('',(-0.,-1.));
#5335 = ( GEOMETRIC_REPRESENTATION_CONTEXT(2)
PARAMETRIC_REPRESENTATION_CONTEXT() REPRESENTATION_CONTEXT('2D SPACE',''
  ) );
#5336 = PCURVE('',#198,#5337);
#5337 = DEFINITIONAL_REPRESENTATION('',(#5338),#5342);
#5338 = LINE('',#5339,#5340);
#5339 = CARTESIAN_POINT('',(-0.,0.));
#5340 = VECTOR('',#5341,1.);
#5341 = DIRECTION('',(-0.,-1.));
#5342 = ( GEOMETRIC_REPRESENTATION_CONTEXT(2)
PARAMETRIC_REPRESENTATION_CONTEXT() REPRESENTATION_CONTEXT('2D SPACE',''
  ) );
#5343 = ORIENTED_EDGE('',*,*,#2960,.F.);
#5344 = ORIENTED_EDGE('',*,*,#5323,.F.);
#5345 = ADVANCED_FACE('',(#5346),#233,.F.);
#5346 = FACE_BOUND('',#5347,.T.);
#5347 = EDGE_LOOP('',(#5348,#5349,#5370,#5371));
#5348 = ORIENTED_EDGE('',*,*,#212,.T.);
#5349 = ORIENTED_EDGE('',*,*,#5350,.T.);
#5350 = EDGE_CURVE('',#213,#2991,#5351,.T.);
#5351 = SEAM_CURVE('',#5352,(#5356,#5363),.PCURVE_S1.);
#5352 = LINE('',#5353,#5354);
#5353 = CARTESIAN_POINT('',(-26.78427124746,-28.28427124746,-5.E-02));
#5354 = VECTOR('',#5355,1.);
#5355 = DIRECTION('',(0.,0.,1.));
#5356 = PCURVE('',#233,#5357);
#5357 = DEFINITIONAL_REPRESENTATION('',(#5358),#5362);
#5358 = LINE('',#5359,#5360);
#5359 = CARTESIAN_POINT('',(-6.28318530718,0.));
#5360 = VECTOR('',#5361,1.);
#5361 = DIRECTION('',(-0.,-1.));
#5362 = ( GEOMETRIC_REPRESENTATION_CONTEXT(2)
PARAMETRIC_REPRESENTATION_CONTEXT() REPRESENTATION_CONTEXT('2D SPACE',''
  ) );
#5363 = PCURVE('',#233,#5364);
#5364 = DEFINITIONAL_REPRESENTATION('',(#5365),#5369);
#5365 = LINE('',#5366,#5367);
#5366 = CARTESIAN_POINT('',(-0.,0.));
#5367 = VECTOR('',#5368,1.);
#5368 = DIRECTION('',(-0.,-1.));
#5369 = ( GEOMETRIC_REPRESENTATION_CONTEXT(2)
PARAMETRIC_REPRESENTATION_CONTEXT() REPRESENTATION_CONTEXT('2D SPACE',''
  ) );
#5370 = ORIENTED_EDGE('',*,*,#2990,.F.);
#5371 = ORIENTED_EDGE('',*,*,#5350,.F.);
#5372 = ADVANCED_FACE('',(#5373),#268,.F.);
#5373 = FACE_BOUND('',#5374,.T.);
#5374 = EDGE_LOOP('',(#5375,#5376,#5397,#5398));
#5375 = ORIENTED_EDGE('',*,*,#247,.T.);
#5376 = ORIENTED_EDGE('',*,*,#5377,.T.);
#5377 = EDGE_CURVE('',#248,#3021,#5378,.T.);
#5378 = SEAM_CURVE('',#5379,(#5383,#5390),.PCURVE_S1.);
#5379 = LINE('',#5380,#5381);
#5380 = CARTESIAN_POINT('',(-23.87573136654,-30.9204181345,-5.E-02));
#5381 = VECTOR('',#5382,1.);
#5382 = DIRECTION('',(0.,0.,1.));
#5383 = PCURVE('',#268,#5384);
#5384 = DEFINITIONAL_REPRESENTATION('',(#5385),#5389);
#5385 = LINE('',#5386,#5387);
#5386 = CARTESIAN_POINT('',(-6.28318530718,0.));
#5387 = VECTOR('',#5388,1.);
#5388 = DIRECTION('',(-0.,-1.));
#5389 = ( GEOMETRIC_REPRESENTATION_CONTEXT(2)
PARAMETRIC_REPRESENTATION_CONTEXT() REPRESENTATION_CONTEXT('2D SPACE',''
  ) );
#5390 = PCURVE('',#268,#5391);
#5391 = DEFINITIONAL_REPRESENTATION('',(#5392),#5396);
#5392 = LINE('',#5393,#5394);
#5393 = CARTESIAN_POINT('',(-0.,0.));
#5394 = VECTOR('',#5395,1.);
#5395 = DIRECTION('',(-0.,-1.));
#5396 = ( GEOMETRIC_REPRESENTATION_CONTEXT(2)
PARAMETRIC_REPRESENTATION_CONTEXT() REPRESENTATION_CONTEXT('2D SPACE',''
  ) );
#5397 = ORIENTED_EDGE('',*,*,#3020,.F.);
#5398 = ORIENTED_EDGE('',*,*,#5377,.F.);
#5399 = ADVANCED_FACE('',(#5400),#303,.F.);
#5400 = FACE_BOUND('',#5401,.T.);
#5401 = EDGE_LOOP('',(#5402,#5403,#5424,#5425));
#5402 = ORIENTED_EDGE('',*,*,#282,.T.);
#5403 = ORIENTED_EDGE('',*,*,#5404,.T.);
#5404 = EDGE_CURVE('',#283,#3051,#5405,.T.);
#5405 = SEAM_CURVE('',#5406,(#5410,#5417),.PCURVE_S1.);
#5406 = LINE('',#5407,#5408);
#5407 = CARTESIAN_POINT('',(-29.4204181345,-25.37573136654,-5.E-02));
#5408 = VECTOR('',#5409,1.);
#5409 = DIRECTION('',(0.,0.,1.));
#5410 = PCURVE('',#303,#5411);
#5411 = DEFINITIONAL_REPRESENTATION('',(#5412),#5416);
#5412 = LINE('',#5413,#5414);
#5413 = CARTESIAN_POINT('',(-6.28318530718,0.));
#5414 = VECTOR('',#5415,1.);
#5415 = DIRECTION('',(-0.,-1.));
#5416 = ( GEOMETRIC_REPRESENTATION_CONTEXT(2)
PARAMETRIC_REPRESENTATION_CONTEXT() REPRESENTATION_CONTEXT('2D SPACE',''
  ) );
#5417 = PCURVE('',#303,#5418);
#5418 = DEFINITIONAL_REPRESENTATION('',(#5419),#5423);
#5419 = LINE('',#5420,#5421);
#5420 = CARTESIAN_POINT('',(-0.,0.));
#5421 = VECTOR('',#5422,1.);
#5422 = DIRECTION('',(-0.,-1.));
#5423 = ( GEOMETRIC_REPRESENTATION_CONTEXT(2)
PARAMETRIC_REPRESENTATION_CONTEXT() REPRESENTATION_CONTEXT('2D SPACE',''
  ) );
#5424 = ORIENTED_EDGE('',*,*,#3050,.F.);
#5425 = ORIENTED_EDGE('',*,*,#5404,.F.);
#5426 = ADVANCED_FACE('',(#5427),#338,.F.);
#5427 = FACE_BOUND('',#5428,.T.);
#5428 = EDGE_LOOP('',(#5429,#5430,#5451,#5452));
#5429 = ORIENTED_EDGE('',*,*,#317,.T.);
#5430 = ORIENTED_EDGE('',*,*,#5431,.T.);
#5431 = EDGE_CURVE('',#318,#3081,#5432,.T.);
#5432 = SEAM_CURVE('',#5433,(#5437,#5444),.PCURVE_S1.);
#5433 = LINE('',#5434,#5435);
#5434 = CARTESIAN_POINT('',(-13.8073372946,-36.95518130045,-5.E-02));
#5435 = VECTOR('',#5436,1.);
#5436 = DIRECTION('',(0.,0.,1.));
#5437 = PCURVE('',#338,#5438);
#5438 = DEFINITIONAL_REPRESENTATION('',(#5439),#5443);
#5439 = LINE('',#5440,#5441);
#5440 = CARTESIAN_POINT('',(-6.28318530718,0.));
#5441 = VECTOR('',#5442,1.);
#5442 = DIRECTION('',(-0.,-1.));
#5443 = ( GEOMETRIC_REPRESENTATION_CONTEXT(2)
PARAMETRIC_REPRESENTATION_CONTEXT() REPRESENTATION_CONTEXT('2D SPACE',''
  ) );
#5444 = PCURVE('',#338,#5445);
#5445 = DEFINITIONAL_REPRESENTATION('',(#5446),#5450);
#5446 = LINE('',#5447,#5448);
#5447 = CARTESIAN_POINT('',(-0.,0.));
#5448 = VECTOR('',#5449,1.);
#5449 = DIRECTION('',(-0.,-1.));
#5450 = ( GEOMETRIC_REPRESENTATION_CONTEXT(2)
PARAMETRIC_REPRESENTATION_CONTEXT() REPRESENTATION_CONTEXT('2D SPACE',''
  ) );
#5451 = ORIENTED_EDGE('',*,*,#3080,.F.);
#5452 = ORIENTED_EDGE('',*,*,#5431,.F.);
#5453 = ADVANCED_FACE('',(#5454),#373,.F.);
#5454 = FACE_BOUND('',#5455,.T.);
#5455 = EDGE_LOOP('',(#5456,#5457,#5478,#5479));
#5456 = ORIENTED_EDGE('',*,*,#352,.T.);
#5457 = ORIENTED_EDGE('',*,*,#5458,.T.);
#5458 = EDGE_CURVE('',#353,#3111,#5459,.T.);
#5459 = SEAM_CURVE('',#5460,(#5464,#5471),.PCURVE_S1.);
#5460 = LINE('',#5461,#5462);
#5461 = CARTESIAN_POINT('',(-10.11138709017,-38.27761342928,-5.E-02));
#5462 = VECTOR('',#5463,1.);
#5463 = DIRECTION('',(0.,0.,1.));
#5464 = PCURVE('',#373,#5465);
#5465 = DEFINITIONAL_REPRESENTATION('',(#5466),#5470);
#5466 = LINE('',#5467,#5468);
#5467 = CARTESIAN_POINT('',(-6.28318530718,0.));
#5468 = VECTOR('',#5469,1.);
#5469 = DIRECTION('',(-0.,-1.));
#5470 = ( GEOMETRIC_REPRESENTATION_CONTEXT(2)
PARAMETRIC_REPRESENTATION_CONTEXT() REPRESENTATION_CONTEXT('2D SPACE',''
  ) );
#5471 = PCURVE('',#373,#5472);
#5472 = DEFINITIONAL_REPRESENTATION('',(#5473),#5477);
#5473 = LINE('',#5474,#5475);
#5474 = CARTESIAN_POINT('',(-0.,0.));
#5475 = VECTOR('',#5476,1.);
#5476 = DIRECTION('',(-0.,-1.));
#5477 = ( GEOMETRIC_REPRESENTATION_CONTEXT(2)
PARAMETRIC_REPRESENTATION_CONTEXT() REPRESENTATION_CONTEXT('2D SPACE',''
  ) );
#5478 = ORIENTED_EDGE('',*,*,#3110,.F.);
#5479 = ORIENTED_EDGE('',*,*,#5458,.F.);
#5480 = ADVANCED_FACE('',(#5481),#408,.F.);
#5481 = FACE_BOUND('',#5482,.T.);
#5482 = EDGE_LOOP('',(#5483,#5484,#5505,#5506));
#5483 = ORIENTED_EDGE('',*,*,#387,.T.);
#5484 = ORIENTED_EDGE('',*,*,#5485,.T.);
#5485 = EDGE_CURVE('',#388,#3141,#5486,.T.);
#5486 = SEAM_CURVE('',#5487,(#5491,#5498),.PCURVE_S1.);
#5487 = LINE('',#5488,#5489);
#5488 = CARTESIAN_POINT('',(-17.35586947304,-35.27685057393,-5.E-02));
#5489 = VECTOR('',#5490,1.);
#5490 = DIRECTION('',(0.,0.,1.));
#5491 = PCURVE('',#408,#5492);
#5492 = DEFINITIONAL_REPRESENTATION('',(#5493),#5497);
#5493 = LINE('',#5494,#5495);
#5494 = CARTESIAN_POINT('',(-6.28318530718,0.));
#5495 = VECTOR('',#5496,1.);
#5496 = DIRECTION('',(-0.,-1.));
#5497 = ( GEOMETRIC_REPRESENTATION_CONTEXT(2)
PARAMETRIC_REPRESENTATION_CONTEXT() REPRESENTATION_CONTEXT('2D SPACE',''
  ) );
#5498 = PCURVE('',#408,#5499);
#5499 = DEFINITIONAL_REPRESENTATION('',(#5500),#5504);
#5500 = LINE('',#5501,#5502);
#5501 = CARTESIAN_POINT('',(-0.,0.));
#5502 = VECTOR('',#5503,1.);
#5503 = DIRECTION('',(-0.,-1.));
#5504 = ( GEOMETRIC_REPRESENTATION_CONTEXT(2)
PARAMETRIC_REPRESENTATION_CONTEXT() REPRESENTATION_CONTEXT('2D SPACE',''
  ) );
#5505 = ORIENTED_EDGE('',*,*,#3140,.F.);
#5506 = ORIENTED_EDGE('',*,*,#5485,.F.);
#5507 = ADVANCED_FACE('',(#5508),#443,.F.);
#5508 = FACE_BOUND('',#5509,.T.);
#5509 = EDGE_LOOP('',(#5510,#5511,#5532,#5533));
#5510 = ORIENTED_EDGE('',*,*,#422,.T.);
#5511 = ORIENTED_EDGE('',*,*,#5512,.T.);
#5512 = EDGE_CURVE('',#423,#3171,#5513,.T.);
#5513 = SEAM_CURVE('',#5514,(#5518,#5525),.PCURVE_S1.);
#5514 = LINE('',#5515,#5516);
#5515 = CARTESIAN_POINT('',(-6.303612880645,-39.23141121612,-5.E-02));
#5516 = VECTOR('',#5517,1.);
#5517 = DIRECTION('',(0.,0.,1.));
#5518 = PCURVE('',#443,#5519);
#5519 = DEFINITIONAL_REPRESENTATION('',(#5520),#5524);
#5520 = LINE('',#5521,#5522);
#5521 = CARTESIAN_POINT('',(-6.28318530718,0.));
#5522 = VECTOR('',#5523,1.);
#5523 = DIRECTION('',(-0.,-1.));
#5524 = ( GEOMETRIC_REPRESENTATION_CONTEXT(2)
PARAMETRIC_REPRESENTATION_CONTEXT() REPRESENTATION_CONTEXT('2D SPACE',''
  ) );
#5525 = PCURVE('',#443,#5526);
#5526 = DEFINITIONAL_REPRESENTATION('',(#5527),#5531);
#5527 = LINE('',#5528,#5529);
#5528 = CARTESIAN_POINT('',(-0.,0.));
#5529 = VECTOR('',#5530,1.);
#5530 = DIRECTION('',(-0.,-1.));
#5531 = ( GEOMETRIC_REPRESENTATION_CONTEXT(2)
PARAMETRIC_REPRESENTATION_CONTEXT() REPRESENTATION_CONTEXT('2D SPACE',''
  ) );
#5532 = ORIENTED_EDGE('',*,*,#3170,.F.);
#5533 = ORIENTED_EDGE('',*,*,#5512,.F.);
#5534 = ADVANCED_FACE('',(#5535),#478,.F.);
#5535 = FACE_BOUND('',#5536,.T.);
#5536 = EDGE_LOOP('',(#5537,#5538,#5559,#5560));
#5537 = ORIENTED_EDGE('',*,*,#457,.T.);
#5538 = ORIENTED_EDGE('',*,*,#5539,.T.);
#5539 = EDGE_CURVE('',#458,#3201,#5540,.T.);
#5540 = SEAM_CURVE('',#5541,(#5545,#5552),.PCURVE_S1.);
#5541 = LINE('',#5542,#5543);
#5542 = CARTESIAN_POINT('',(-2.420685613182,-39.80738906688,-5.E-02));
#5543 = VECTOR('',#5544,1.);
#5544 = DIRECTION('',(0.,0.,1.));
#5545 = PCURVE('',#478,#5546);
#5546 = DEFINITIONAL_REPRESENTATION('',(#5547),#5551);
#5547 = LINE('',#5548,#5549);
#5548 = CARTESIAN_POINT('',(-6.28318530718,0.));
#5549 = VECTOR('',#5550,1.);
#5550 = DIRECTION('',(-0.,-1.));
#5551 = ( GEOMETRIC_REPRESENTATION_CONTEXT(2)
PARAMETRIC_REPRESENTATION_CONTEXT() REPRESENTATION_CONTEXT('2D SPACE',''
  ) );
#5552 = PCURVE('',#478,#5553);
#5553 = DEFINITIONAL_REPRESENTATION('',(#5554),#5558);
#5554 = LINE('',#5555,#5556);
#5555 = CARTESIAN_POINT('',(-0.,0.));
#5556 = VECTOR('',#5557,1.);
#5557 = DIRECTION('',(-0.,-1.));
#5558 = ( GEOMETRIC_REPRESENTATION_CONTEXT(2)
PARAMETRIC_REPRESENTATION_CONTEXT() REPRESENTATION_CONTEXT('2D SPACE',''
  ) );
#5559 = ORIENTED_EDGE('',*,*,#3200,.F.);
#5560 = ORIENTED_EDGE('',*,*,#5539,.F.);
#5561 = ADVANCED_FACE('',(#5562),#513,.F.);
#5562 = FACE_BOUND('',#5563,.T.);
#5563 = EDGE_LOOP('',(#5564,#5565,#5586,#5587));
#5564 = ORIENTED_EDGE('',*,*,#492,.T.);
#5565 = ORIENTED_EDGE('',*,*,#5566,.T.);
#5566 = EDGE_CURVE('',#493,#3231,#5567,.T.);
#5567 = SEAM_CURVE('',#5568,(#5572,#5579),.PCURVE_S1.);
#5568 = LINE('',#5569,#5570);
#5569 = CARTESIAN_POINT('',(1.5,-40.,-5.E-02));
#5570 = VECTOR('',#5571,1.);
#5571 = DIRECTION('',(0.,0.,1.));
#5572 = PCURVE('',#513,#5573);
#5573 = DEFINITIONAL_REPRESENTATION('',(#5574),#5578);
#5574 = LINE('',#5575,#5576);
#5575 = CARTESIAN_POINT('',(-6.28318530718,0.));
#5576 = VECTOR('',#5577,1.);
#5577 = DIRECTION('',(-0.,-1.));
#5578 = ( GEOMETRIC_REPRESENTATION_CONTEXT(2)
PARAMETRIC_REPRESENTATION_CONTEXT() REPRESENTATION_CONTEXT('2D SPACE',''
  ) );
#5579 = PCURVE('',#513,#5580);
#5580 = DEFINITIONAL_REPRESENTATION('',(#5581),#5585);
#5581 = LINE('',#5582,#5583);
#5582 = CARTESIAN_POINT('',(-0.,0.));
#5583 = VECTOR('',#5584,1.);
#5584 = DIRECTION('',(-0.,-1.));
#5585 = ( GEOMETRIC_REPRESENTATION_CONTEXT(2)
PARAMETRIC_REPRESENTATION_CONTEXT() REPRESENTATION_CONTEXT('2D SPACE',''
  ) );
#5586 = ORIENTED_EDGE('',*,*,#3230,.F.);
#5587 = ORIENTED_EDGE('',*,*,#5566,.F.);
#5588 = ADVANCED_FACE('',(#5589),#548,.F.);
#5589 = FACE_BOUND('',#5590,.T.);
#5590 = EDGE_LOOP('',(#5591,#5592,#5613,#5614));
#5591 = ORIENTED_EDGE('',*,*,#527,.T.);
#5592 = ORIENTED_EDGE('',*,*,#5593,.T.);
#5593 = EDGE_CURVE('',#528,#3261,#5594,.T.);
#5594 = SEAM_CURVE('',#5595,(#5599,#5606),.PCURVE_S1.);
#5595 = LINE('',#5596,#5597);
#5596 = CARTESIAN_POINT('',(-33.77685057393,-18.85586947304,-5.E-02));
#5597 = VECTOR('',#5598,1.);
#5598 = DIRECTION('',(0.,0.,1.));
#5599 = PCURVE('',#548,#5600);
#5600 = DEFINITIONAL_REPRESENTATION('',(#5601),#5605);
#5601 = LINE('',#5602,#5603);
#5602 = CARTESIAN_POINT('',(-6.28318530718,0.));
#5603 = VECTOR('',#5604,1.);
#5604 = DIRECTION('',(-0.,-1.));
#5605 = ( GEOMETRIC_REPRESENTATION_CONTEXT(2)
PARAMETRIC_REPRESENTATION_CONTEXT() REPRESENTATION_CONTEXT('2D SPACE',''
  ) );
#5606 = PCURVE('',#548,#5607);
#5607 = DEFINITIONAL_REPRESENTATION('',(#5608),#5612);
#5608 = LINE('',#5609,#5610);
#5609 = CARTESIAN_POINT('',(-0.,0.));
#5610 = VECTOR('',#5611,1.);
#5611 = DIRECTION('',(-0.,-1.));
#5612 = ( GEOMETRIC_REPRESENTATION_CONTEXT(2)
PARAMETRIC_REPRESENTATION_CONTEXT() REPRESENTATION_CONTEXT('2D SPACE',''
  ) );
#5613 = ORIENTED_EDGE('',*,*,#3260,.F.);
#5614 = ORIENTED_EDGE('',*,*,#5593,.F.);
#5615 = ADVANCED_FACE('',(#5616),#583,.F.);
#5616 = FACE_BOUND('',#5617,.T.);
#5617 = EDGE_LOOP('',(#5618,#5619,#5640,#5641));
#5618 = ORIENTED_EDGE('',*,*,#562,.T.);
#5619 = ORIENTED_EDGE('',*,*,#5620,.T.);
#5620 = EDGE_CURVE('',#563,#3291,#5621,.T.);
#5621 = SEAM_CURVE('',#5622,(#5626,#5633),.PCURVE_S1.);
#5622 = LINE('',#5623,#5624);
#5623 = CARTESIAN_POINT('',(-35.45518130045,-15.3073372946,-5.E-02));
#5624 = VECTOR('',#5625,1.);
#5625 = DIRECTION('',(0.,0.,1.));
#5626 = PCURVE('',#583,#5627);
#5627 = DEFINITIONAL_REPRESENTATION('',(#5628),#5632);
#5628 = LINE('',#5629,#5630);
#5629 = CARTESIAN_POINT('',(-6.28318530718,0.));
#5630 = VECTOR('',#5631,1.);
#5631 = DIRECTION('',(-0.,-1.));
#5632 = ( GEOMETRIC_REPRESENTATION_CONTEXT(2)
PARAMETRIC_REPRESENTATION_CONTEXT() REPRESENTATION_CONTEXT('2D SPACE',''
  ) );
#5633 = PCURVE('',#583,#5634);
#5634 = DEFINITIONAL_REPRESENTATION('',(#5635),#5639);
#5635 = LINE('',#5636,#5637);
#5636 = CARTESIAN_POINT('',(-0.,0.));
#5637 = VECTOR('',#5638,1.);
#5638 = DIRECTION('',(-0.,-1.));
#5639 = ( GEOMETRIC_REPRESENTATION_CONTEXT(2)
PARAMETRIC_REPRESENTATION_CONTEXT() REPRESENTATION_CONTEXT('2D SPACE',''
  ) );
#5640 = ORIENTED_EDGE('',*,*,#3290,.F.);
#5641 = ORIENTED_EDGE('',*,*,#5620,.F.);
#5642 = ADVANCED_FACE('',(#5643),#618,.F.);
#5643 = FACE_BOUND('',#5644,.T.);
#5644 = EDGE_LOOP('',(#5645,#5646,#5667,#5668));
#5645 = ORIENTED_EDGE('',*,*,#597,.T.);
#5646 = ORIENTED_EDGE('',*,*,#5647,.T.);
#5647 = EDGE_CURVE('',#598,#3321,#5648,.T.);
#5648 = SEAM_CURVE('',#5649,(#5653,#5660),.PCURVE_S1.);
#5649 = LINE('',#5650,#5651);
#5650 = CARTESIAN_POINT('',(-36.77761342928,-11.61138709017,-5.E-02));
#5651 = VECTOR('',#5652,1.);
#5652 = DIRECTION('',(0.,0.,1.));
#5653 = PCURVE('',#618,#5654);
#5654 = DEFINITIONAL_REPRESENTATION('',(#5655),#5659);
#5655 = LINE('',#5656,#5657);
#5656 = CARTESIAN_POINT('',(-6.28318530718,0.));
#5657 = VECTOR('',#5658,1.);
#5658 = DIRECTION('',(-0.,-1.));
#5659 = ( GEOMETRIC_REPRESENTATION_CONTEXT(2)
PARAMETRIC_REPRESENTATION_CONTEXT() REPRESENTATION_CONTEXT('2D SPACE',''
  ) );
#5660 = PCURVE('',#618,#5661);
#5661 = DEFINITIONAL_REPRESENTATION('',(#5662),#5666);
#5662 = LINE('',#5663,#5664);
#5663 = CARTESIAN_POINT('',(-0.,0.));
#5664 = VECTOR('',#5665,1.);
#5665 = DIRECTION('',(-0.,-1.));
#5666 = ( GEOMETRIC_REPRESENTATION_CONTEXT(2)
PARAMETRIC_REPRESENTATION_CONTEXT() REPRESENTATION_CONTEXT('2D SPACE',''
  ) );
#5667 = ORIENTED_EDGE('',*,*,#3320,.F.);
#5668 = ORIENTED_EDGE('',*,*,#5647,.F.);
#5669 = ADVANCED_FACE('',(#5670),#653,.F.);
#5670 = FACE_BOUND('',#5671,.T.);
#5671 = EDGE_LOOP('',(#5672,#5673,#5694,#5695));
#5672 = ORIENTED_EDGE('',*,*,#632,.T.);
#5673 = ORIENTED_EDGE('',*,*,#5674,.T.);
#5674 = EDGE_CURVE('',#633,#3351,#5675,.T.);
#5675 = SEAM_CURVE('',#5676,(#5680,#5687),.PCURVE_S1.);
#5676 = LINE('',#5677,#5678);
#5677 = CARTESIAN_POINT('',(-37.73141121612,-7.803612880645,-5.E-02));
#5678 = VECTOR('',#5679,1.);
#5679 = DIRECTION('',(0.,0.,1.));
#5680 = PCURVE('',#653,#5681);
#5681 = DEFINITIONAL_REPRESENTATION('',(#5682),#5686);
#5682 = LINE('',#5683,#5684);
#5683 = CARTESIAN_POINT('',(-6.28318530718,0.));
#5684 = VECTOR('',#5685,1.);
#5685 = DIRECTION('',(-0.,-1.));
#5686 = ( GEOMETRIC_REPRESENTATION_CONTEXT(2)
PARAMETRIC_REPRESENTATION_CONTEXT() REPRESENTATION_CONTEXT('2D SPACE',''
  ) );
#5687 = PCURVE('',#653,#5688);
#5688 = DEFINITIONAL_REPRESENTATION('',(#5689),#5693);
#5689 = LINE('',#5690,#5691);
#5690 = CARTESIAN_POINT('',(-0.,0.));
#5691 = VECTOR('',#5692,1.);
#5692 = DIRECTION('',(-0.,-1.));
#5693 = ( GEOMETRIC_REPRESENTATION_CONTEXT(2)
PARAMETRIC_REPRESENTATION_CONTEXT() REPRESENTATION_CONTEXT('2D SPACE',''
  ) );
#5694 = ORIENTED_EDGE('',*,*,#3350,.F.);
#5695 = ORIENTED_EDGE('',*,*,#5674,.F.);
#5696 = ADVANCED_FACE('',(#5697),#688,.F.);
#5697 = FACE_BOUND('',#5698,.T.);
#5698 = EDGE_LOOP('',(#5699,#5700,#5721,#5722));
#5699 = ORIENTED_EDGE('',*,*,#667,.T.);
#5700 = ORIENTED_EDGE('',*,*,#5701,.T.);
#5701 = EDGE_CURVE('',#668,#3381,#5702,.T.);
#5702 = SEAM_CURVE('',#5703,(#5707,#5714),.PCURVE_S1.);
#5703 = LINE('',#5704,#5705);
#5704 = CARTESIAN_POINT('',(-38.30738906688,-3.920685613182,-5.E-02));
#5705 = VECTOR('',#5706,1.);
#5706 = DIRECTION('',(0.,0.,1.));
#5707 = PCURVE('',#688,#5708);
#5708 = DEFINITIONAL_REPRESENTATION('',(#5709),#5713);
#5709 = LINE('',#5710,#5711);
#5710 = CARTESIAN_POINT('',(-6.28318530718,0.));
#5711 = VECTOR('',#5712,1.);
#5712 = DIRECTION('',(-0.,-1.));
#5713 = ( GEOMETRIC_REPRESENTATION_CONTEXT(2)
PARAMETRIC_REPRESENTATION_CONTEXT() REPRESENTATION_CONTEXT('2D SPACE',''
  ) );
#5714 = PCURVE('',#688,#5715);
#5715 = DEFINITIONAL_REPRESENTATION('',(#5716),#5720);
#5716 = LINE('',#5717,#5718);
#5717 = CARTESIAN_POINT('',(-0.,0.));
#5718 = VECTOR('',#5719,1.);
#5719 = DIRECTION('',(-0.,-1.));
#5720 = ( GEOMETRIC_REPRESENTATION_CONTEXT(2)
PARAMETRIC_REPRESENTATION_CONTEXT() REPRESENTATION_CONTEXT('2D SPACE',''
  ) );
#5721 = ORIENTED_EDGE('',*,*,#3380,.F.);
#5722 = ORIENTED_EDGE('',*,*,#5701,.F.);
#5723 = ADVANCED_FACE('',(#5724),#719,.T.);
#5724 = FACE_BOUND('',#5725,.T.);
#5725 = EDGE_LOOP('',(#5726,#5747,#5748,#5769));
#5726 = ORIENTED_EDGE('',*,*,#5727,.F.);
#5727 = EDGE_CURVE('',#703,#3411,#5728,.T.);
#5728 = SURFACE_CURVE('',#5729,(#5733,#5740),.PCURVE_S1.);
#5729 = LINE('',#5730,#5731);
#5730 = CARTESIAN_POINT('',(-11.6,-20.975,-5.E-02));
#5731 = VECTOR('',#5732,1.);
#5732 = DIRECTION('',(0.,0.,1.));
#5733 = PCURVE('',#719,#5734);
#5734 = DEFINITIONAL_REPRESENTATION('',(#5735),#5739);
#5735 = LINE('',#5736,#5737);
#5736 = CARTESIAN_POINT('',(0.,5.8));
#5737 = VECTOR('',#5738,1.);
#5738 = DIRECTION('',(1.,0.));
#5739 = ( GEOMETRIC_REPRESENTATION_CONTEXT(2)
PARAMETRIC_REPRESENTATION_CONTEXT() REPRESENTATION_CONTEXT('2D SPACE',''
  ) );
#5740 = PCURVE('',#795,#5741);
#5741 = DEFINITIONAL_REPRESENTATION('',(#5742),#5746);
#5742 = LINE('',#5743,#5744);
#5743 = CARTESIAN_POINT('',(0.,0.));
#5744 = VECTOR('',#5745,1.);
#5745 = DIRECTION('',(1.,0.));
#5746 = ( GEOMETRIC_REPRESENTATION_CONTEXT(2)
PARAMETRIC_REPRESENTATION_CONTEXT() REPRESENTATION_CONTEXT('2D SPACE',''
  ) );
#5747 = ORIENTED_EDGE('',*,*,#702,.T.);
#5748 = ORIENTED_EDGE('',*,*,#5749,.T.);
#5749 = EDGE_CURVE('',#705,#3413,#5750,.T.);
#5750 = SURFACE_CURVE('',#5751,(#5755,#5762),.PCURVE_S1.);
#5751 = LINE('',#5752,#5753);
#5752 = CARTESIAN_POINT('',(-17.4,-20.975,-5.E-02));
#5753 = VECTOR('',#5754,1.);
#5754 = DIRECTION('',(0.,0.,1.));
#5755 = PCURVE('',#719,#5756);
#5756 = DEFINITIONAL_REPRESENTATION('',(#5757),#5761);
#5757 = LINE('',#5758,#5759);
#5758 = CARTESIAN_POINT('',(0.,0.));
#5759 = VECTOR('',#5760,1.);
#5760 = DIRECTION('',(1.,0.));
#5761 = ( GEOMETRIC_REPRESENTATION_CONTEXT(2)
PARAMETRIC_REPRESENTATION_CONTEXT() REPRESENTATION_CONTEXT('2D SPACE',''
  ) );
#5762 = PCURVE('',#745,#5763);
#5763 = DEFINITIONAL_REPRESENTATION('',(#5764),#5768);
#5764 = LINE('',#5765,#5766);
#5765 = CARTESIAN_POINT('',(0.,0.));
#5766 = VECTOR('',#5767,1.);
#5767 = DIRECTION('',(1.,0.));
#5768 = ( GEOMETRIC_REPRESENTATION_CONTEXT(2)
PARAMETRIC_REPRESENTATION_CONTEXT() REPRESENTATION_CONTEXT('2D SPACE',''
  ) );
#5769 = ORIENTED_EDGE('',*,*,#3410,.F.);
#5770 = ADVANCED_FACE('',(#5771),#795,.F.);
#5771 = FACE_BOUND('',#5772,.F.);
#5772 = EDGE_LOOP('',(#5773,#5774,#5775,#5796));
#5773 = ORIENTED_EDGE('',*,*,#5727,.F.);
#5774 = ORIENTED_EDGE('',*,*,#782,.T.);
#5775 = ORIENTED_EDGE('',*,*,#5776,.T.);
#5776 = EDGE_CURVE('',#757,#3455,#5777,.T.);
#5777 = SURFACE_CURVE('',#5778,(#5782,#5789),.PCURVE_S1.);
#5778 = LINE('',#5779,#5780);
#5779 = CARTESIAN_POINT('',(-11.6,-19.025,-5.E-02));
#5780 = VECTOR('',#5781,1.);
#5781 = DIRECTION('',(0.,0.,1.));
#5782 = PCURVE('',#795,#5783);
#5783 = DEFINITIONAL_REPRESENTATION('',(#5784),#5788);
#5784 = LINE('',#5785,#5786);
#5785 = CARTESIAN_POINT('',(0.,-1.95));
#5786 = VECTOR('',#5787,1.);
#5787 = DIRECTION('',(1.,0.));
#5788 = ( GEOMETRIC_REPRESENTATION_CONTEXT(2)
PARAMETRIC_REPRESENTATION_CONTEXT() REPRESENTATION_CONTEXT('2D SPACE',''
  ) );
#5789 = PCURVE('',#771,#5790);
#5790 = DEFINITIONAL_REPRESENTATION('',(#5791),#5795);
#5791 = LINE('',#5792,#5793);
#5792 = CARTESIAN_POINT('',(0.,5.8));
#5793 = VECTOR('',#5794,1.);
#5794 = DIRECTION('',(1.,0.));
#5795 = ( GEOMETRIC_REPRESENTATION_CONTEXT(2)
PARAMETRIC_REPRESENTATION_CONTEXT() REPRESENTATION_CONTEXT('2D SPACE',''
  ) );
#5796 = ORIENTED_EDGE('',*,*,#3475,.F.);
#5797 = ADVANCED_FACE('',(#5798),#745,.T.);
#5798 = FACE_BOUND('',#5799,.T.);
#5799 = EDGE_LOOP('',(#5800,#5801,#5802,#5823));
#5800 = ORIENTED_EDGE('',*,*,#5749,.F.);
#5801 = ORIENTED_EDGE('',*,*,#730,.T.);
#5802 = ORIENTED_EDGE('',*,*,#5803,.T.);
#5803 = EDGE_CURVE('',#731,#3434,#5804,.T.);
#5804 = SURFACE_CURVE('',#5805,(#5809,#5816),.PCURVE_S1.);
#5805 = LINE('',#5806,#5807);
#5806 = CARTESIAN_POINT('',(-17.4,-19.025,-5.E-02));
#5807 = VECTOR('',#5808,1.);
#5808 = DIRECTION('',(0.,0.,1.));
#5809 = PCURVE('',#745,#5810);
#5810 = DEFINITIONAL_REPRESENTATION('',(#5811),#5815);
#5811 = LINE('',#5812,#5813);
#5812 = CARTESIAN_POINT('',(0.,-1.95));
#5813 = VECTOR('',#5814,1.);
#5814 = DIRECTION('',(1.,0.));
#5815 = ( GEOMETRIC_REPRESENTATION_CONTEXT(2)
PARAMETRIC_REPRESENTATION_CONTEXT() REPRESENTATION_CONTEXT('2D SPACE',''
  ) );
#5816 = PCURVE('',#771,#5817);
#5817 = DEFINITIONAL_REPRESENTATION('',(#5818),#5822);
#5818 = LINE('',#5819,#5820);
#5819 = CARTESIAN_POINT('',(0.,0.));
#5820 = VECTOR('',#5821,1.);
#5821 = DIRECTION('',(1.,0.));
#5822 = ( GEOMETRIC_REPRESENTATION_CONTEXT(2)
PARAMETRIC_REPRESENTATION_CONTEXT() REPRESENTATION_CONTEXT('2D SPACE',''
  ) );
#5823 = ORIENTED_EDGE('',*,*,#3433,.F.);
#5824 = ADVANCED_FACE('',(#5825),#771,.F.);
#5825 = FACE_BOUND('',#5826,.F.);
#5826 = EDGE_LOOP('',(#5827,#5828,#5829,#5830));
#5827 = ORIENTED_EDGE('',*,*,#5776,.F.);
#5828 = ORIENTED_EDGE('',*,*,#756,.T.);
#5829 = ORIENTED_EDGE('',*,*,#5803,.T.);
#5830 = ORIENTED_EDGE('',*,*,#3454,.F.);
#5831 = ADVANCED_FACE('',(#5832),#829,.F.);
#5832 = FACE_BOUND('',#5833,.T.);
#5833 = EDGE_LOOP('',(#5834,#5835,#5856,#5857));
#5834 = ORIENTED_EDGE('',*,*,#808,.T.);
#5835 = ORIENTED_EDGE('',*,*,#5836,.T.);
#5836 = EDGE_CURVE('',#809,#3497,#5837,.T.);
#5837 = SEAM_CURVE('',#5838,(#5842,#5849),.PCURVE_S1.);
#5838 = LINE('',#5839,#5840);
#5839 = CARTESIAN_POINT('',(5.420685613182,-39.80738906688,-5.E-02));
#5840 = VECTOR('',#5841,1.);
#5841 = DIRECTION('',(0.,0.,1.));
#5842 = PCURVE('',#829,#5843);
#5843 = DEFINITIONAL_REPRESENTATION('',(#5844),#5848);
#5844 = LINE('',#5845,#5846);
#5845 = CARTESIAN_POINT('',(-6.28318530718,0.));
#5846 = VECTOR('',#5847,1.);
#5847 = DIRECTION('',(-0.,-1.));
#5848 = ( GEOMETRIC_REPRESENTATION_CONTEXT(2)
PARAMETRIC_REPRESENTATION_CONTEXT() REPRESENTATION_CONTEXT('2D SPACE',''
  ) );
#5849 = PCURVE('',#829,#5850);
#5850 = DEFINITIONAL_REPRESENTATION('',(#5851),#5855);
#5851 = LINE('',#5852,#5853);
#5852 = CARTESIAN_POINT('',(-0.,0.));
#5853 = VECTOR('',#5854,1.);
#5854 = DIRECTION('',(-0.,-1.));
#5855 = ( GEOMETRIC_REPRESENTATION_CONTEXT(2)
PARAMETRIC_REPRESENTATION_CONTEXT() REPRESENTATION_CONTEXT('2D SPACE',''
  ) );
#5856 = ORIENTED_EDGE('',*,*,#3496,.F.);
#5857 = ORIENTED_EDGE('',*,*,#5836,.F.);
#5858 = ADVANCED_FACE('',(#5859),#864,.F.);
#5859 = FACE_BOUND('',#5860,.T.);
#5860 = EDGE_LOOP('',(#5861,#5862,#5883,#5884));
#5861 = ORIENTED_EDGE('',*,*,#843,.T.);
#5862 = ORIENTED_EDGE('',*,*,#5863,.T.);
#5863 = EDGE_CURVE('',#844,#3527,#5864,.T.);
#5864 = SEAM_CURVE('',#5865,(#5869,#5876),.PCURVE_S1.);
#5865 = LINE('',#5866,#5867);
#5866 = CARTESIAN_POINT('',(9.303612880645,-39.23141121612,-5.E-02));
#5867 = VECTOR('',#5868,1.);
#5868 = DIRECTION('',(0.,0.,1.));
#5869 = PCURVE('',#864,#5870);
#5870 = DEFINITIONAL_REPRESENTATION('',(#5871),#5875);
#5871 = LINE('',#5872,#5873);
#5872 = CARTESIAN_POINT('',(-6.28318530718,0.));
#5873 = VECTOR('',#5874,1.);
#5874 = DIRECTION('',(-0.,-1.));
#5875 = ( GEOMETRIC_REPRESENTATION_CONTEXT(2)
PARAMETRIC_REPRESENTATION_CONTEXT() REPRESENTATION_CONTEXT('2D SPACE',''
  ) );
#5876 = PCURVE('',#864,#5877);
#5877 = DEFINITIONAL_REPRESENTATION('',(#5878),#5882);
#5878 = LINE('',#5879,#5880);
#5879 = CARTESIAN_POINT('',(-0.,0.));
#5880 = VECTOR('',#5881,1.);
#5881 = DIRECTION('',(-0.,-1.));
#5882 = ( GEOMETRIC_REPRESENTATION_CONTEXT(2)
PARAMETRIC_REPRESENTATION_CONTEXT() REPRESENTATION_CONTEXT('2D SPACE',''
  ) );
#5883 = ORIENTED_EDGE('',*,*,#3526,.F.);
#5884 = ORIENTED_EDGE('',*,*,#5863,.F.);
#5885 = ADVANCED_FACE('',(#5886),#899,.F.);
#5886 = FACE_BOUND('',#5887,.T.);
#5887 = EDGE_LOOP('',(#5888,#5889,#5910,#5911));
#5888 = ORIENTED_EDGE('',*,*,#878,.T.);
#5889 = ORIENTED_EDGE('',*,*,#5890,.T.);
#5890 = EDGE_CURVE('',#879,#3557,#5891,.T.);
#5891 = SEAM_CURVE('',#5892,(#5896,#5903),.PCURVE_S1.);
#5892 = LINE('',#5893,#5894);
#5893 = CARTESIAN_POINT('',(13.111387090178,-38.27761342928,-5.E-02));
#5894 = VECTOR('',#5895,1.);
#5895 = DIRECTION('',(0.,0.,1.));
#5896 = PCURVE('',#899,#5897);
#5897 = DEFINITIONAL_REPRESENTATION('',(#5898),#5902);
#5898 = LINE('',#5899,#5900);
#5899 = CARTESIAN_POINT('',(-6.28318530718,0.));
#5900 = VECTOR('',#5901,1.);
#5901 = DIRECTION('',(-0.,-1.));
#5902 = ( GEOMETRIC_REPRESENTATION_CONTEXT(2)
PARAMETRIC_REPRESENTATION_CONTEXT() REPRESENTATION_CONTEXT('2D SPACE',''
  ) );
#5903 = PCURVE('',#899,#5904);
#5904 = DEFINITIONAL_REPRESENTATION('',(#5905),#5909);
#5905 = LINE('',#5906,#5907);
#5906 = CARTESIAN_POINT('',(-0.,0.));
#5907 = VECTOR('',#5908,1.);
#5908 = DIRECTION('',(-0.,-1.));
#5909 = ( GEOMETRIC_REPRESENTATION_CONTEXT(2)
PARAMETRIC_REPRESENTATION_CONTEXT() REPRESENTATION_CONTEXT('2D SPACE',''
  ) );
#5910 = ORIENTED_EDGE('',*,*,#3556,.F.);
#5911 = ORIENTED_EDGE('',*,*,#5890,.F.);
#5912 = ADVANCED_FACE('',(#5913),#934,.F.);
#5913 = FACE_BOUND('',#5914,.T.);
#5914 = EDGE_LOOP('',(#5915,#5916,#5937,#5938));
#5915 = ORIENTED_EDGE('',*,*,#913,.T.);
#5916 = ORIENTED_EDGE('',*,*,#5917,.T.);
#5917 = EDGE_CURVE('',#914,#3587,#5918,.T.);
#5918 = SEAM_CURVE('',#5919,(#5923,#5930),.PCURVE_S1.);
#5919 = LINE('',#5920,#5921);
#5920 = CARTESIAN_POINT('',(16.807337294604,-36.95518130045,-5.E-02));
#5921 = VECTOR('',#5922,1.);
#5922 = DIRECTION('',(0.,0.,1.));
#5923 = PCURVE('',#934,#5924);
#5924 = DEFINITIONAL_REPRESENTATION('',(#5925),#5929);
#5925 = LINE('',#5926,#5927);
#5926 = CARTESIAN_POINT('',(-6.28318530718,0.));
#5927 = VECTOR('',#5928,1.);
#5928 = DIRECTION('',(-0.,-1.));
#5929 = ( GEOMETRIC_REPRESENTATION_CONTEXT(2)
PARAMETRIC_REPRESENTATION_CONTEXT() REPRESENTATION_CONTEXT('2D SPACE',''
  ) );
#5930 = PCURVE('',#934,#5931);
#5931 = DEFINITIONAL_REPRESENTATION('',(#5932),#5936);
#5932 = LINE('',#5933,#5934);
#5933 = CARTESIAN_POINT('',(-0.,0.));
#5934 = VECTOR('',#5935,1.);
#5935 = DIRECTION('',(-0.,-1.));
#5936 = ( GEOMETRIC_REPRESENTATION_CONTEXT(2)
PARAMETRIC_REPRESENTATION_CONTEXT() REPRESENTATION_CONTEXT('2D SPACE',''
  ) );
#5937 = ORIENTED_EDGE('',*,*,#3586,.F.);
#5938 = ORIENTED_EDGE('',*,*,#5917,.F.);
#5939 = ADVANCED_FACE('',(#5940),#969,.F.);
#5940 = FACE_BOUND('',#5941,.T.);
#5941 = EDGE_LOOP('',(#5942,#5943,#5964,#5965));
#5942 = ORIENTED_EDGE('',*,*,#948,.T.);
#5943 = ORIENTED_EDGE('',*,*,#5944,.T.);
#5944 = EDGE_CURVE('',#949,#3617,#5945,.T.);
#5945 = SEAM_CURVE('',#5946,(#5950,#5957),.PCURVE_S1.);
#5946 = LINE('',#5947,#5948);
#5947 = CARTESIAN_POINT('',(20.35586947304,-35.27685057393,-5.E-02));
#5948 = VECTOR('',#5949,1.);
#5949 = DIRECTION('',(0.,0.,1.));
#5950 = PCURVE('',#969,#5951);
#5951 = DEFINITIONAL_REPRESENTATION('',(#5952),#5956);
#5952 = LINE('',#5953,#5954);
#5953 = CARTESIAN_POINT('',(-6.28318530718,0.));
#5954 = VECTOR('',#5955,1.);
#5955 = DIRECTION('',(-0.,-1.));
#5956 = ( GEOMETRIC_REPRESENTATION_CONTEXT(2)
PARAMETRIC_REPRESENTATION_CONTEXT() REPRESENTATION_CONTEXT('2D SPACE',''
  ) );
#5957 = PCURVE('',#969,#5958);
#5958 = DEFINITIONAL_REPRESENTATION('',(#5959),#5963);
#5959 = LINE('',#5960,#5961);
#5960 = CARTESIAN_POINT('',(-0.,0.));
#5961 = VECTOR('',#5962,1.);
#5962 = DIRECTION('',(-0.,-1.));
#5963 = ( GEOMETRIC_REPRESENTATION_CONTEXT(2)
PARAMETRIC_REPRESENTATION_CONTEXT() REPRESENTATION_CONTEXT('2D SPACE',''
  ) );
#5964 = ORIENTED_EDGE('',*,*,#3616,.F.);
#5965 = ORIENTED_EDGE('',*,*,#5944,.F.);
#5966 = ADVANCED_FACE('',(#5967),#1004,.F.);
#5967 = FACE_BOUND('',#5968,.T.);
#5968 = EDGE_LOOP('',(#5969,#5970,#5991,#5992));
#5969 = ORIENTED_EDGE('',*,*,#983,.T.);
#5970 = ORIENTED_EDGE('',*,*,#5971,.T.);
#5971 = EDGE_CURVE('',#984,#3647,#5972,.T.);
#5972 = SEAM_CURVE('',#5973,(#5977,#5984),.PCURVE_S1.);
#5973 = LINE('',#5974,#5975);
#5974 = CARTESIAN_POINT('',(23.722809320784,-33.2587844921,-5.E-02));
#5975 = VECTOR('',#5976,1.);
#5976 = DIRECTION('',(0.,0.,1.));
#5977 = PCURVE('',#1004,#5978);
#5978 = DEFINITIONAL_REPRESENTATION('',(#5979),#5983);
#5979 = LINE('',#5980,#5981);
#5980 = CARTESIAN_POINT('',(-6.28318530718,0.));
#5981 = VECTOR('',#5982,1.);
#5982 = DIRECTION('',(-0.,-1.));
#5983 = ( GEOMETRIC_REPRESENTATION_CONTEXT(2)
PARAMETRIC_REPRESENTATION_CONTEXT() REPRESENTATION_CONTEXT('2D SPACE',''
  ) );
#5984 = PCURVE('',#1004,#5985);
#5985 = DEFINITIONAL_REPRESENTATION('',(#5986),#5990);
#5986 = LINE('',#5987,#5988);
#5987 = CARTESIAN_POINT('',(-0.,0.));
#5988 = VECTOR('',#5989,1.);
#5989 = DIRECTION('',(-0.,-1.));
#5990 = ( GEOMETRIC_REPRESENTATION_CONTEXT(2)
PARAMETRIC_REPRESENTATION_CONTEXT() REPRESENTATION_CONTEXT('2D SPACE',''
  ) );
#5991 = ORIENTED_EDGE('',*,*,#3646,.F.);
#5992 = ORIENTED_EDGE('',*,*,#5971,.F.);
#5993 = ADVANCED_FACE('',(#5994),#1039,.F.);
#5994 = FACE_BOUND('',#5995,.T.);
#5995 = EDGE_LOOP('',(#5996,#5997,#6018,#6019));
#5996 = ORIENTED_EDGE('',*,*,#1018,.T.);
#5997 = ORIENTED_EDGE('',*,*,#5998,.T.);
#5998 = EDGE_CURVE('',#1019,#3677,#5999,.T.);
#5999 = SEAM_CURVE('',#6000,(#6004,#6011),.PCURVE_S1.);
#6000 = LINE('',#6001,#6002);
#6001 = CARTESIAN_POINT('',(26.875731366546,-30.9204181345,-5.E-02));
#6002 = VECTOR('',#6003,1.);
#6003 = DIRECTION('',(0.,0.,1.));
#6004 = PCURVE('',#1039,#6005);
#6005 = DEFINITIONAL_REPRESENTATION('',(#6006),#6010);
#6006 = LINE('',#6007,#6008);
#6007 = CARTESIAN_POINT('',(-6.28318530718,0.));
#6008 = VECTOR('',#6009,1.);
#6009 = DIRECTION('',(-0.,-1.));
#6010 = ( GEOMETRIC_REPRESENTATION_CONTEXT(2)
PARAMETRIC_REPRESENTATION_CONTEXT() REPRESENTATION_CONTEXT('2D SPACE',''
  ) );
#6011 = PCURVE('',#1039,#6012);
#6012 = DEFINITIONAL_REPRESENTATION('',(#6013),#6017);
#6013 = LINE('',#6014,#6015);
#6014 = CARTESIAN_POINT('',(-0.,0.));
#6015 = VECTOR('',#6016,1.);
#6016 = DIRECTION('',(-0.,-1.));
#6017 = ( GEOMETRIC_REPRESENTATION_CONTEXT(2)
PARAMETRIC_REPRESENTATION_CONTEXT() REPRESENTATION_CONTEXT('2D SPACE',''
  ) );
#6018 = ORIENTED_EDGE('',*,*,#3676,.F.);
#6019 = ORIENTED_EDGE('',*,*,#5998,.F.);
#6020 = ADVANCED_FACE('',(#6021),#1074,.F.);
#6021 = FACE_BOUND('',#6022,.T.);
#6022 = EDGE_LOOP('',(#6023,#6024,#6045,#6046));
#6023 = ORIENTED_EDGE('',*,*,#1053,.T.);
#6024 = ORIENTED_EDGE('',*,*,#6025,.T.);
#6025 = EDGE_CURVE('',#1054,#3707,#6026,.T.);
#6026 = SEAM_CURVE('',#6027,(#6031,#6038),.PCURVE_S1.);
#6027 = LINE('',#6028,#6029);
#6028 = CARTESIAN_POINT('',(29.784271247462,-28.28427124746,-5.E-02));
#6029 = VECTOR('',#6030,1.);
#6030 = DIRECTION('',(0.,0.,1.));
#6031 = PCURVE('',#1074,#6032);
#6032 = DEFINITIONAL_REPRESENTATION('',(#6033),#6037);
#6033 = LINE('',#6034,#6035);
#6034 = CARTESIAN_POINT('',(-6.28318530718,0.));
#6035 = VECTOR('',#6036,1.);
#6036 = DIRECTION('',(-0.,-1.));
#6037 = ( GEOMETRIC_REPRESENTATION_CONTEXT(2)
PARAMETRIC_REPRESENTATION_CONTEXT() REPRESENTATION_CONTEXT('2D SPACE',''
  ) );
#6038 = PCURVE('',#1074,#6039);
#6039 = DEFINITIONAL_REPRESENTATION('',(#6040),#6044);
#6040 = LINE('',#6041,#6042);
#6041 = CARTESIAN_POINT('',(-0.,0.));
#6042 = VECTOR('',#6043,1.);
#6043 = DIRECTION('',(-0.,-1.));
#6044 = ( GEOMETRIC_REPRESENTATION_CONTEXT(2)
PARAMETRIC_REPRESENTATION_CONTEXT() REPRESENTATION_CONTEXT('2D SPACE',''
  ) );
#6045 = ORIENTED_EDGE('',*,*,#3706,.F.);
#6046 = ORIENTED_EDGE('',*,*,#6025,.F.);
#6047 = ADVANCED_FACE('',(#6048),#1109,.F.);
#6048 = FACE_BOUND('',#6049,.T.);
#6049 = EDGE_LOOP('',(#6050,#6051,#6072,#6073));
#6050 = ORIENTED_EDGE('',*,*,#1088,.T.);
#6051 = ORIENTED_EDGE('',*,*,#6052,.T.);
#6052 = EDGE_CURVE('',#1089,#3737,#6053,.T.);
#6053 = SEAM_CURVE('',#6054,(#6058,#6065),.PCURVE_S1.);
#6054 = LINE('',#6055,#6056);
#6055 = CARTESIAN_POINT('',(32.420418134509,-25.37573136654,-5.E-02));
#6056 = VECTOR('',#6057,1.);
#6057 = DIRECTION('',(0.,0.,1.));
#6058 = PCURVE('',#1109,#6059);
#6059 = DEFINITIONAL_REPRESENTATION('',(#6060),#6064);
#6060 = LINE('',#6061,#6062);
#6061 = CARTESIAN_POINT('',(-6.28318530718,0.));
#6062 = VECTOR('',#6063,1.);
#6063 = DIRECTION('',(-0.,-1.));
#6064 = ( GEOMETRIC_REPRESENTATION_CONTEXT(2)
PARAMETRIC_REPRESENTATION_CONTEXT() REPRESENTATION_CONTEXT('2D SPACE',''
  ) );
#6065 = PCURVE('',#1109,#6066);
#6066 = DEFINITIONAL_REPRESENTATION('',(#6067),#6071);
#6067 = LINE('',#6068,#6069);
#6068 = CARTESIAN_POINT('',(-0.,0.));
#6069 = VECTOR('',#6070,1.);
#6070 = DIRECTION('',(-0.,-1.));
#6071 = ( GEOMETRIC_REPRESENTATION_CONTEXT(2)
PARAMETRIC_REPRESENTATION_CONTEXT() REPRESENTATION_CONTEXT('2D SPACE',''
  ) );
#6072 = ORIENTED_EDGE('',*,*,#3736,.F.);
#6073 = ORIENTED_EDGE('',*,*,#6052,.F.);
#6074 = ADVANCED_FACE('',(#6075),#1144,.F.);
#6075 = FACE_BOUND('',#6076,.T.);
#6076 = EDGE_LOOP('',(#6077,#6078,#6099,#6100));
#6077 = ORIENTED_EDGE('',*,*,#1123,.T.);
#6078 = ORIENTED_EDGE('',*,*,#6079,.T.);
#6079 = EDGE_CURVE('',#1124,#3767,#6080,.T.);
#6080 = SEAM_CURVE('',#6081,(#6085,#6092),.PCURVE_S1.);
#6081 = LINE('',#6082,#6083);
#6082 = CARTESIAN_POINT('',(34.758784492102,-22.22280932078,-5.E-02));
#6083 = VECTOR('',#6084,1.);
#6084 = DIRECTION('',(0.,0.,1.));
#6085 = PCURVE('',#1144,#6086);
#6086 = DEFINITIONAL_REPRESENTATION('',(#6087),#6091);
#6087 = LINE('',#6088,#6089);
#6088 = CARTESIAN_POINT('',(-6.28318530718,0.));
#6089 = VECTOR('',#6090,1.);
#6090 = DIRECTION('',(-0.,-1.));
#6091 = ( GEOMETRIC_REPRESENTATION_CONTEXT(2)
PARAMETRIC_REPRESENTATION_CONTEXT() REPRESENTATION_CONTEXT('2D SPACE',''
  ) );
#6092 = PCURVE('',#1144,#6093);
#6093 = DEFINITIONAL_REPRESENTATION('',(#6094),#6098);
#6094 = LINE('',#6095,#6096);
#6095 = CARTESIAN_POINT('',(-0.,0.));
#6096 = VECTOR('',#6097,1.);
#6097 = DIRECTION('',(-0.,-1.));
#6098 = ( GEOMETRIC_REPRESENTATION_CONTEXT(2)
PARAMETRIC_REPRESENTATION_CONTEXT() REPRESENTATION_CONTEXT('2D SPACE',''
  ) );
#6099 = ORIENTED_EDGE('',*,*,#3766,.F.);
#6100 = ORIENTED_EDGE('',*,*,#6079,.F.);
#6101 = ADVANCED_FACE('',(#6102),#1175,.T.);
#6102 = FACE_BOUND('',#6103,.T.);
#6103 = EDGE_LOOP('',(#6104,#6125,#6126,#6147));
#6104 = ORIENTED_EDGE('',*,*,#6105,.F.);
#6105 = EDGE_CURVE('',#1159,#3797,#6106,.T.);
#6106 = SURFACE_CURVE('',#6107,(#6111,#6118),.PCURVE_S1.);
#6107 = LINE('',#6108,#6109);
#6108 = CARTESIAN_POINT('',(17.4,-20.975,-5.E-02));
#6109 = VECTOR('',#6110,1.);
#6110 = DIRECTION('',(0.,0.,1.));
#6111 = PCURVE('',#1175,#6112);
#6112 = DEFINITIONAL_REPRESENTATION('',(#6113),#6117);
#6113 = LINE('',#6114,#6115);
#6114 = CARTESIAN_POINT('',(0.,5.8));
#6115 = VECTOR('',#6116,1.);
#6116 = DIRECTION('',(1.,0.));
#6117 = ( GEOMETRIC_REPRESENTATION_CONTEXT(2)
PARAMETRIC_REPRESENTATION_CONTEXT() REPRESENTATION_CONTEXT('2D SPACE',''
  ) );
#6118 = PCURVE('',#1251,#6119);
#6119 = DEFINITIONAL_REPRESENTATION('',(#6120),#6124);
#6120 = LINE('',#6121,#6122);
#6121 = CARTESIAN_POINT('',(0.,0.));
#6122 = VECTOR('',#6123,1.);
#6123 = DIRECTION('',(1.,0.));
#6124 = ( GEOMETRIC_REPRESENTATION_CONTEXT(2)
PARAMETRIC_REPRESENTATION_CONTEXT() REPRESENTATION_CONTEXT('2D SPACE',''
  ) );
#6125 = ORIENTED_EDGE('',*,*,#1158,.T.);
#6126 = ORIENTED_EDGE('',*,*,#6127,.T.);
#6127 = EDGE_CURVE('',#1161,#3799,#6128,.T.);
#6128 = SURFACE_CURVE('',#6129,(#6133,#6140),.PCURVE_S1.);
#6129 = LINE('',#6130,#6131);
#6130 = CARTESIAN_POINT('',(11.6,-20.975,-5.E-02));
#6131 = VECTOR('',#6132,1.);
#6132 = DIRECTION('',(0.,0.,1.));
#6133 = PCURVE('',#1175,#6134);
#6134 = DEFINITIONAL_REPRESENTATION('',(#6135),#6139);
#6135 = LINE('',#6136,#6137);
#6136 = CARTESIAN_POINT('',(0.,0.));
#6137 = VECTOR('',#6138,1.);
#6138 = DIRECTION('',(1.,0.));
#6139 = ( GEOMETRIC_REPRESENTATION_CONTEXT(2)
PARAMETRIC_REPRESENTATION_CONTEXT() REPRESENTATION_CONTEXT('2D SPACE',''
  ) );
#6140 = PCURVE('',#1201,#6141);
#6141 = DEFINITIONAL_REPRESENTATION('',(#6142),#6146);
#6142 = LINE('',#6143,#6144);
#6143 = CARTESIAN_POINT('',(0.,0.));
#6144 = VECTOR('',#6145,1.);
#6145 = DIRECTION('',(1.,0.));
#6146 = ( GEOMETRIC_REPRESENTATION_CONTEXT(2)
PARAMETRIC_REPRESENTATION_CONTEXT() REPRESENTATION_CONTEXT('2D SPACE',''
  ) );
#6147 = ORIENTED_EDGE('',*,*,#3796,.F.);
#6148 = ADVANCED_FACE('',(#6149),#1251,.F.);
#6149 = FACE_BOUND('',#6150,.F.);
#6150 = EDGE_LOOP('',(#6151,#6152,#6153,#6174));
#6151 = ORIENTED_EDGE('',*,*,#6105,.F.);
#6152 = ORIENTED_EDGE('',*,*,#1238,.T.);
#6153 = ORIENTED_EDGE('',*,*,#6154,.T.);
#6154 = EDGE_CURVE('',#1213,#3841,#6155,.T.);
#6155 = SURFACE_CURVE('',#6156,(#6160,#6167),.PCURVE_S1.);
#6156 = LINE('',#6157,#6158);
#6157 = CARTESIAN_POINT('',(17.4,-19.025,-5.E-02));
#6158 = VECTOR('',#6159,1.);
#6159 = DIRECTION('',(0.,0.,1.));
#6160 = PCURVE('',#1251,#6161);
#6161 = DEFINITIONAL_REPRESENTATION('',(#6162),#6166);
#6162 = LINE('',#6163,#6164);
#6163 = CARTESIAN_POINT('',(0.,-1.95));
#6164 = VECTOR('',#6165,1.);
#6165 = DIRECTION('',(1.,0.));
#6166 = ( GEOMETRIC_REPRESENTATION_CONTEXT(2)
PARAMETRIC_REPRESENTATION_CONTEXT() REPRESENTATION_CONTEXT('2D SPACE',''
  ) );
#6167 = PCURVE('',#1227,#6168);
#6168 = DEFINITIONAL_REPRESENTATION('',(#6169),#6173);
#6169 = LINE('',#6170,#6171);
#6170 = CARTESIAN_POINT('',(0.,5.8));
#6171 = VECTOR('',#6172,1.);
#6172 = DIRECTION('',(1.,0.));
#6173 = ( GEOMETRIC_REPRESENTATION_CONTEXT(2)
PARAMETRIC_REPRESENTATION_CONTEXT() REPRESENTATION_CONTEXT('2D SPACE',''
  ) );
#6174 = ORIENTED_EDGE('',*,*,#3861,.F.);
#6175 = ADVANCED_FACE('',(#6176),#1201,.T.);
#6176 = FACE_BOUND('',#6177,.T.);
#6177 = EDGE_LOOP('',(#6178,#6179,#6180,#6201));
#6178 = ORIENTED_EDGE('',*,*,#6127,.F.);
#6179 = ORIENTED_EDGE('',*,*,#1186,.T.);
#6180 = ORIENTED_EDGE('',*,*,#6181,.T.);
#6181 = EDGE_CURVE('',#1187,#3820,#6182,.T.);
#6182 = SURFACE_CURVE('',#6183,(#6187,#6194),.PCURVE_S1.);
#6183 = LINE('',#6184,#6185);
#6184 = CARTESIAN_POINT('',(11.6,-19.025,-5.E-02));
#6185 = VECTOR('',#6186,1.);
#6186 = DIRECTION('',(0.,0.,1.));
#6187 = PCURVE('',#1201,#6188);
#6188 = DEFINITIONAL_REPRESENTATION('',(#6189),#6193);
#6189 = LINE('',#6190,#6191);
#6190 = CARTESIAN_POINT('',(0.,-1.95));
#6191 = VECTOR('',#6192,1.);
#6192 = DIRECTION('',(1.,0.));
#6193 = ( GEOMETRIC_REPRESENTATION_CONTEXT(2)
PARAMETRIC_REPRESENTATION_CONTEXT() REPRESENTATION_CONTEXT('2D SPACE',''
  ) );
#6194 = PCURVE('',#1227,#6195);
#6195 = DEFINITIONAL_REPRESENTATION('',(#6196),#6200);
#6196 = LINE('',#6197,#6198);
#6197 = CARTESIAN_POINT('',(0.,0.));
#6198 = VECTOR('',#6199,1.);
#6199 = DIRECTION('',(1.,0.));
#6200 = ( GEOMETRIC_REPRESENTATION_CONTEXT(2)
PARAMETRIC_REPRESENTATION_CONTEXT() REPRESENTATION_CONTEXT('2D SPACE',''
  ) );
#6201 = ORIENTED_EDGE('',*,*,#3819,.F.);
#6202 = ADVANCED_FACE('',(#6203),#1227,.F.);
#6203 = FACE_BOUND('',#6204,.F.);
#6204 = EDGE_LOOP('',(#6205,#6206,#6207,#6208));
#6205 = ORIENTED_EDGE('',*,*,#6154,.F.);
#6206 = ORIENTED_EDGE('',*,*,#1212,.T.);
#6207 = ORIENTED_EDGE('',*,*,#6181,.T.);
#6208 = ORIENTED_EDGE('',*,*,#3840,.F.);
#6209 = ADVANCED_FACE('',(#6210),#1285,.F.);
#6210 = FACE_BOUND('',#6211,.T.);
#6211 = EDGE_LOOP('',(#6212,#6213,#6234,#6235));
#6212 = ORIENTED_EDGE('',*,*,#1264,.T.);
#6213 = ORIENTED_EDGE('',*,*,#6214,.T.);
#6214 = EDGE_CURVE('',#1265,#3883,#6215,.T.);
#6215 = SEAM_CURVE('',#6216,(#6220,#6227),.PCURVE_S1.);
#6216 = LINE('',#6217,#6218);
#6217 = CARTESIAN_POINT('',(36.776850573934,-18.85586947304,-5.E-02));
#6218 = VECTOR('',#6219,1.);
#6219 = DIRECTION('',(0.,0.,1.));
#6220 = PCURVE('',#1285,#6221);
#6221 = DEFINITIONAL_REPRESENTATION('',(#6222),#6226);
#6222 = LINE('',#6223,#6224);
#6223 = CARTESIAN_POINT('',(-6.28318530718,0.));
#6224 = VECTOR('',#6225,1.);
#6225 = DIRECTION('',(-0.,-1.));
#6226 = ( GEOMETRIC_REPRESENTATION_CONTEXT(2)
PARAMETRIC_REPRESENTATION_CONTEXT() REPRESENTATION_CONTEXT('2D SPACE',''
  ) );
#6227 = PCURVE('',#1285,#6228);
#6228 = DEFINITIONAL_REPRESENTATION('',(#6229),#6233);
#6229 = LINE('',#6230,#6231);
#6230 = CARTESIAN_POINT('',(-0.,0.));
#6231 = VECTOR('',#6232,1.);
#6232 = DIRECTION('',(-0.,-1.));
#6233 = ( GEOMETRIC_REPRESENTATION_CONTEXT(2)
PARAMETRIC_REPRESENTATION_CONTEXT() REPRESENTATION_CONTEXT('2D SPACE',''
  ) );
#6234 = ORIENTED_EDGE('',*,*,#3882,.F.);
#6235 = ORIENTED_EDGE('',*,*,#6214,.F.);
#6236 = ADVANCED_FACE('',(#6237),#1320,.F.);
#6237 = FACE_BOUND('',#6238,.T.);
#6238 = EDGE_LOOP('',(#6239,#6240,#6261,#6262));
#6239 = ORIENTED_EDGE('',*,*,#1299,.T.);
#6240 = ORIENTED_EDGE('',*,*,#6241,.T.);
#6241 = EDGE_CURVE('',#1300,#3913,#6242,.T.);
#6242 = SEAM_CURVE('',#6243,(#6247,#6254),.PCURVE_S1.);
#6243 = LINE('',#6244,#6245);
#6244 = CARTESIAN_POINT('',(38.455181300451,-15.3073372946,-5.E-02));
#6245 = VECTOR('',#6246,1.);
#6246 = DIRECTION('',(0.,0.,1.));
#6247 = PCURVE('',#1320,#6248);
#6248 = DEFINITIONAL_REPRESENTATION('',(#6249),#6253);
#6249 = LINE('',#6250,#6251);
#6250 = CARTESIAN_POINT('',(-6.28318530718,0.));
#6251 = VECTOR('',#6252,1.);
#6252 = DIRECTION('',(-0.,-1.));
#6253 = ( GEOMETRIC_REPRESENTATION_CONTEXT(2)
PARAMETRIC_REPRESENTATION_CONTEXT() REPRESENTATION_CONTEXT('2D SPACE',''
  ) );
#6254 = PCURVE('',#1320,#6255);
#6255 = DEFINITIONAL_REPRESENTATION('',(#6256),#6260);
#6256 = LINE('',#6257,#6258);
#6257 = CARTESIAN_POINT('',(-0.,0.));
#6258 = VECTOR('',#6259,1.);
#6259 = DIRECTION('',(-0.,-1.));
#6260 = ( GEOMETRIC_REPRESENTATION_CONTEXT(2)
PARAMETRIC_REPRESENTATION_CONTEXT() REPRESENTATION_CONTEXT('2D SPACE',''
  ) );
#6261 = ORIENTED_EDGE('',*,*,#3912,.F.);
#6262 = ORIENTED_EDGE('',*,*,#6241,.F.);
#6263 = ADVANCED_FACE('',(#6264),#1355,.F.);
#6264 = FACE_BOUND('',#6265,.T.);
#6265 = EDGE_LOOP('',(#6266,#6267,#6288,#6289));
#6266 = ORIENTED_EDGE('',*,*,#1334,.T.);
#6267 = ORIENTED_EDGE('',*,*,#6268,.T.);
#6268 = EDGE_CURVE('',#1335,#3943,#6269,.T.);
#6269 = SEAM_CURVE('',#6270,(#6274,#6281),.PCURVE_S1.);
#6270 = LINE('',#6271,#6272);
#6271 = CARTESIAN_POINT('',(39.777613429288,-11.61138709017,-5.E-02));
#6272 = VECTOR('',#6273,1.);
#6273 = DIRECTION('',(0.,0.,1.));
#6274 = PCURVE('',#1355,#6275);
#6275 = DEFINITIONAL_REPRESENTATION('',(#6276),#6280);
#6276 = LINE('',#6277,#6278);
#6277 = CARTESIAN_POINT('',(-6.28318530718,0.));
#6278 = VECTOR('',#6279,1.);
#6279 = DIRECTION('',(-0.,-1.));
#6280 = ( GEOMETRIC_REPRESENTATION_CONTEXT(2)
PARAMETRIC_REPRESENTATION_CONTEXT() REPRESENTATION_CONTEXT('2D SPACE',''
  ) );
#6281 = PCURVE('',#1355,#6282);
#6282 = DEFINITIONAL_REPRESENTATION('',(#6283),#6287);
#6283 = LINE('',#6284,#6285);
#6284 = CARTESIAN_POINT('',(-0.,0.));
#6285 = VECTOR('',#6286,1.);
#6286 = DIRECTION('',(-0.,-1.));
#6287 = ( GEOMETRIC_REPRESENTATION_CONTEXT(2)
PARAMETRIC_REPRESENTATION_CONTEXT() REPRESENTATION_CONTEXT('2D SPACE',''
  ) );
#6288 = ORIENTED_EDGE('',*,*,#3942,.F.);
#6289 = ORIENTED_EDGE('',*,*,#6268,.F.);
#6290 = ADVANCED_FACE('',(#6291),#1390,.F.);
#6291 = FACE_BOUND('',#6292,.T.);
#6292 = EDGE_LOOP('',(#6293,#6294,#6315,#6316));
#6293 = ORIENTED_EDGE('',*,*,#1369,.T.);
#6294 = ORIENTED_EDGE('',*,*,#6295,.T.);
#6295 = EDGE_CURVE('',#1370,#3973,#6296,.T.);
#6296 = SEAM_CURVE('',#6297,(#6301,#6308),.PCURVE_S1.);
#6297 = LINE('',#6298,#6299);
#6298 = CARTESIAN_POINT('',(40.731411216129,-7.803612880645,-5.E-02));
#6299 = VECTOR('',#6300,1.);
#6300 = DIRECTION('',(0.,0.,1.));
#6301 = PCURVE('',#1390,#6302);
#6302 = DEFINITIONAL_REPRESENTATION('',(#6303),#6307);
#6303 = LINE('',#6304,#6305);
#6304 = CARTESIAN_POINT('',(-6.28318530718,0.));
#6305 = VECTOR('',#6306,1.);
#6306 = DIRECTION('',(-0.,-1.));
#6307 = ( GEOMETRIC_REPRESENTATION_CONTEXT(2)
PARAMETRIC_REPRESENTATION_CONTEXT() REPRESENTATION_CONTEXT('2D SPACE',''
  ) );
#6308 = PCURVE('',#1390,#6309);
#6309 = DEFINITIONAL_REPRESENTATION('',(#6310),#6314);
#6310 = LINE('',#6311,#6312);
#6311 = CARTESIAN_POINT('',(-0.,0.));
#6312 = VECTOR('',#6313,1.);
#6313 = DIRECTION('',(-0.,-1.));
#6314 = ( GEOMETRIC_REPRESENTATION_CONTEXT(2)
PARAMETRIC_REPRESENTATION_CONTEXT() REPRESENTATION_CONTEXT('2D SPACE',''
  ) );
#6315 = ORIENTED_EDGE('',*,*,#3972,.F.);
#6316 = ORIENTED_EDGE('',*,*,#6295,.F.);
#6317 = ADVANCED_FACE('',(#6318),#1425,.F.);
#6318 = FACE_BOUND('',#6319,.T.);
#6319 = EDGE_LOOP('',(#6320,#6321,#6342,#6343));
#6320 = ORIENTED_EDGE('',*,*,#1404,.T.);
#6321 = ORIENTED_EDGE('',*,*,#6322,.T.);
#6322 = EDGE_CURVE('',#1405,#4003,#6323,.T.);
#6323 = SEAM_CURVE('',#6324,(#6328,#6335),.PCURVE_S1.);
#6324 = LINE('',#6325,#6326);
#6325 = CARTESIAN_POINT('',(41.307389066888,-3.920685613182,-5.E-02));
#6326 = VECTOR('',#6327,1.);
#6327 = DIRECTION('',(0.,0.,1.));
#6328 = PCURVE('',#1425,#6329);
#6329 = DEFINITIONAL_REPRESENTATION('',(#6330),#6334);
#6330 = LINE('',#6331,#6332);
#6331 = CARTESIAN_POINT('',(-6.28318530718,0.));
#6332 = VECTOR('',#6333,1.);
#6333 = DIRECTION('',(-0.,-1.));
#6334 = ( GEOMETRIC_REPRESENTATION_CONTEXT(2)
PARAMETRIC_REPRESENTATION_CONTEXT() REPRESENTATION_CONTEXT('2D SPACE',''
  ) );
#6335 = PCURVE('',#1425,#6336);
#6336 = DEFINITIONAL_REPRESENTATION('',(#6337),#6341);
#6337 = LINE('',#6338,#6339);
#6338 = CARTESIAN_POINT('',(-0.,0.));
#6339 = VECTOR('',#6340,1.);
#6340 = DIRECTION('',(-0.,-1.));
#6341 = ( GEOMETRIC_REPRESENTATION_CONTEXT(2)
PARAMETRIC_REPRESENTATION_CONTEXT() REPRESENTATION_CONTEXT('2D SPACE',''
  ) );
#6342 = ORIENTED_EDGE('',*,*,#4002,.F.);
#6343 = ORIENTED_EDGE('',*,*,#6322,.F.);
#6344 = ADVANCED_FACE('',(#6345),#1460,.F.);
#6345 = FACE_BOUND('',#6346,.T.);
#6346 = EDGE_LOOP('',(#6347,#6348,#6369,#6370));
#6347 = ORIENTED_EDGE('',*,*,#1439,.T.);
#6348 = ORIENTED_EDGE('',*,*,#6349,.T.);
#6349 = EDGE_CURVE('',#1440,#4033,#6350,.T.);
#6350 = SEAM_CURVE('',#6351,(#6355,#6362),.PCURVE_S1.);
#6351 = LINE('',#6352,#6353);
#6352 = CARTESIAN_POINT('',(-38.5,4.898587196589E-15,-5.E-02));
#6353 = VECTOR('',#6354,1.);
#6354 = DIRECTION('',(0.,0.,1.));
#6355 = PCURVE('',#1460,#6356);
#6356 = DEFINITIONAL_REPRESENTATION('',(#6357),#6361);
#6357 = LINE('',#6358,#6359);
#6358 = CARTESIAN_POINT('',(-6.28318530718,0.));
#6359 = VECTOR('',#6360,1.);
#6360 = DIRECTION('',(-0.,-1.));
#6361 = ( GEOMETRIC_REPRESENTATION_CONTEXT(2)
PARAMETRIC_REPRESENTATION_CONTEXT() REPRESENTATION_CONTEXT('2D SPACE',''
  ) );
#6362 = PCURVE('',#1460,#6363);
#6363 = DEFINITIONAL_REPRESENTATION('',(#6364),#6368);
#6364 = LINE('',#6365,#6366);
#6365 = CARTESIAN_POINT('',(-0.,0.));
#6366 = VECTOR('',#6367,1.);
#6367 = DIRECTION('',(-0.,-1.));
#6368 = ( GEOMETRIC_REPRESENTATION_CONTEXT(2)
PARAMETRIC_REPRESENTATION_CONTEXT() REPRESENTATION_CONTEXT('2D SPACE',''
  ) );
#6369 = ORIENTED_EDGE('',*,*,#4032,.F.);
#6370 = ORIENTED_EDGE('',*,*,#6349,.F.);
#6371 = ADVANCED_FACE('',(#6372),#1495,.F.);
#6372 = FACE_BOUND('',#6373,.T.);
#6373 = EDGE_LOOP('',(#6374,#6375,#6396,#6397));
#6374 = ORIENTED_EDGE('',*,*,#1474,.T.);
#6375 = ORIENTED_EDGE('',*,*,#6376,.T.);
#6376 = EDGE_CURVE('',#1475,#4063,#6377,.T.);
#6377 = SEAM_CURVE('',#6378,(#6382,#6389),.PCURVE_S1.);
#6378 = LINE('',#6379,#6380);
#6379 = CARTESIAN_POINT('',(-38.30738906688,3.920685613182,-5.E-02));
#6380 = VECTOR('',#6381,1.);
#6381 = DIRECTION('',(0.,0.,1.));
#6382 = PCURVE('',#1495,#6383);
#6383 = DEFINITIONAL_REPRESENTATION('',(#6384),#6388);
#6384 = LINE('',#6385,#6386);
#6385 = CARTESIAN_POINT('',(-6.28318530718,0.));
#6386 = VECTOR('',#6387,1.);
#6387 = DIRECTION('',(-0.,-1.));
#6388 = ( GEOMETRIC_REPRESENTATION_CONTEXT(2)
PARAMETRIC_REPRESENTATION_CONTEXT() REPRESENTATION_CONTEXT('2D SPACE',''
  ) );
#6389 = PCURVE('',#1495,#6390);
#6390 = DEFINITIONAL_REPRESENTATION('',(#6391),#6395);
#6391 = LINE('',#6392,#6393);
#6392 = CARTESIAN_POINT('',(-0.,0.));
#6393 = VECTOR('',#6394,1.);
#6394 = DIRECTION('',(-0.,-1.));
#6395 = ( GEOMETRIC_REPRESENTATION_CONTEXT(2)
PARAMETRIC_REPRESENTATION_CONTEXT() REPRESENTATION_CONTEXT('2D SPACE',''
  ) );
#6396 = ORIENTED_EDGE('',*,*,#4062,.F.);
#6397 = ORIENTED_EDGE('',*,*,#6376,.F.);
#6398 = ADVANCED_FACE('',(#6399),#1530,.F.);
#6399 = FACE_BOUND('',#6400,.T.);
#6400 = EDGE_LOOP('',(#6401,#6402,#6423,#6424));
#6401 = ORIENTED_EDGE('',*,*,#1509,.T.);
#6402 = ORIENTED_EDGE('',*,*,#6403,.T.);
#6403 = EDGE_CURVE('',#1510,#4093,#6404,.T.);
#6404 = SEAM_CURVE('',#6405,(#6409,#6416),.PCURVE_S1.);
#6405 = LINE('',#6406,#6407);
#6406 = CARTESIAN_POINT('',(-37.73141121612,7.803612880645,-5.E-02));
#6407 = VECTOR('',#6408,1.);
#6408 = DIRECTION('',(0.,0.,1.));
#6409 = PCURVE('',#1530,#6410);
#6410 = DEFINITIONAL_REPRESENTATION('',(#6411),#6415);
#6411 = LINE('',#6412,#6413);
#6412 = CARTESIAN_POINT('',(-6.28318530718,0.));
#6413 = VECTOR('',#6414,1.);
#6414 = DIRECTION('',(-0.,-1.));
#6415 = ( GEOMETRIC_REPRESENTATION_CONTEXT(2)
PARAMETRIC_REPRESENTATION_CONTEXT() REPRESENTATION_CONTEXT('2D SPACE',''
  ) );
#6416 = PCURVE('',#1530,#6417);
#6417 = DEFINITIONAL_REPRESENTATION('',(#6418),#6422);
#6418 = LINE('',#6419,#6420);
#6419 = CARTESIAN_POINT('',(-0.,0.));
#6420 = VECTOR('',#6421,1.);
#6421 = DIRECTION('',(-0.,-1.));
#6422 = ( GEOMETRIC_REPRESENTATION_CONTEXT(2)
PARAMETRIC_REPRESENTATION_CONTEXT() REPRESENTATION_CONTEXT('2D SPACE',''
  ) );
#6423 = ORIENTED_EDGE('',*,*,#4092,.F.);
#6424 = ORIENTED_EDGE('',*,*,#6403,.F.);
#6425 = ADVANCED_FACE('',(#6426),#1565,.F.);
#6426 = FACE_BOUND('',#6427,.T.);
#6427 = EDGE_LOOP('',(#6428,#6429,#6450,#6451));
#6428 = ORIENTED_EDGE('',*,*,#1544,.T.);
#6429 = ORIENTED_EDGE('',*,*,#6430,.T.);
#6430 = EDGE_CURVE('',#1545,#4123,#6431,.T.);
#6431 = SEAM_CURVE('',#6432,(#6436,#6443),.PCURVE_S1.);
#6432 = LINE('',#6433,#6434);
#6433 = CARTESIAN_POINT('',(-36.77761342928,11.611387090178,-5.E-02));
#6434 = VECTOR('',#6435,1.);
#6435 = DIRECTION('',(0.,0.,1.));
#6436 = PCURVE('',#1565,#6437);
#6437 = DEFINITIONAL_REPRESENTATION('',(#6438),#6442);
#6438 = LINE('',#6439,#6440);
#6439 = CARTESIAN_POINT('',(-6.28318530718,0.));
#6440 = VECTOR('',#6441,1.);
#6441 = DIRECTION('',(-0.,-1.));
#6442 = ( GEOMETRIC_REPRESENTATION_CONTEXT(2)
PARAMETRIC_REPRESENTATION_CONTEXT() REPRESENTATION_CONTEXT('2D SPACE',''
  ) );
#6443 = PCURVE('',#1565,#6444);
#6444 = DEFINITIONAL_REPRESENTATION('',(#6445),#6449);
#6445 = LINE('',#6446,#6447);
#6446 = CARTESIAN_POINT('',(-0.,0.));
#6447 = VECTOR('',#6448,1.);
#6448 = DIRECTION('',(-0.,-1.));
#6449 = ( GEOMETRIC_REPRESENTATION_CONTEXT(2)
PARAMETRIC_REPRESENTATION_CONTEXT() REPRESENTATION_CONTEXT('2D SPACE',''
  ) );
#6450 = ORIENTED_EDGE('',*,*,#4122,.F.);
#6451 = ORIENTED_EDGE('',*,*,#6430,.F.);
#6452 = ADVANCED_FACE('',(#6453),#1600,.F.);
#6453 = FACE_BOUND('',#6454,.T.);
#6454 = EDGE_LOOP('',(#6455,#6456,#6477,#6478));
#6455 = ORIENTED_EDGE('',*,*,#1579,.T.);
#6456 = ORIENTED_EDGE('',*,*,#6457,.T.);
#6457 = EDGE_CURVE('',#1580,#4153,#6458,.T.);
#6458 = SEAM_CURVE('',#6459,(#6463,#6470),.PCURVE_S1.);
#6459 = LINE('',#6460,#6461);
#6460 = CARTESIAN_POINT('',(-35.45518130045,15.307337294604,-5.E-02));
#6461 = VECTOR('',#6462,1.);
#6462 = DIRECTION('',(0.,0.,1.));
#6463 = PCURVE('',#1600,#6464);
#6464 = DEFINITIONAL_REPRESENTATION('',(#6465),#6469);
#6465 = LINE('',#6466,#6467);
#6466 = CARTESIAN_POINT('',(-6.28318530718,0.));
#6467 = VECTOR('',#6468,1.);
#6468 = DIRECTION('',(-0.,-1.));
#6469 = ( GEOMETRIC_REPRESENTATION_CONTEXT(2)
PARAMETRIC_REPRESENTATION_CONTEXT() REPRESENTATION_CONTEXT('2D SPACE',''
  ) );
#6470 = PCURVE('',#1600,#6471);
#6471 = DEFINITIONAL_REPRESENTATION('',(#6472),#6476);
#6472 = LINE('',#6473,#6474);
#6473 = CARTESIAN_POINT('',(-0.,0.));
#6474 = VECTOR('',#6475,1.);
#6475 = DIRECTION('',(-0.,-1.));
#6476 = ( GEOMETRIC_REPRESENTATION_CONTEXT(2)
PARAMETRIC_REPRESENTATION_CONTEXT() REPRESENTATION_CONTEXT('2D SPACE',''
  ) );
#6477 = ORIENTED_EDGE('',*,*,#4152,.F.);
#6478 = ORIENTED_EDGE('',*,*,#6457,.F.);
#6479 = ADVANCED_FACE('',(#6480),#1635,.F.);
#6480 = FACE_BOUND('',#6481,.T.);
#6481 = EDGE_LOOP('',(#6482,#6483,#6504,#6505));
#6482 = ORIENTED_EDGE('',*,*,#1614,.T.);
#6483 = ORIENTED_EDGE('',*,*,#6484,.T.);
#6484 = EDGE_CURVE('',#1615,#4183,#6485,.T.);
#6485 = SEAM_CURVE('',#6486,(#6490,#6497),.PCURVE_S1.);
#6486 = LINE('',#6487,#6488);
#6487 = CARTESIAN_POINT('',(-33.77685057393,18.85586947304,-5.E-02));
#6488 = VECTOR('',#6489,1.);
#6489 = DIRECTION('',(0.,0.,1.));
#6490 = PCURVE('',#1635,#6491);
#6491 = DEFINITIONAL_REPRESENTATION('',(#6492),#6496);
#6492 = LINE('',#6493,#6494);
#6493 = CARTESIAN_POINT('',(-6.28318530718,0.));
#6494 = VECTOR('',#6495,1.);
#6495 = DIRECTION('',(-0.,-1.));
#6496 = ( GEOMETRIC_REPRESENTATION_CONTEXT(2)
PARAMETRIC_REPRESENTATION_CONTEXT() REPRESENTATION_CONTEXT('2D SPACE',''
  ) );
#6497 = PCURVE('',#1635,#6498);
#6498 = DEFINITIONAL_REPRESENTATION('',(#6499),#6503);
#6499 = LINE('',#6500,#6501);
#6500 = CARTESIAN_POINT('',(-0.,0.));
#6501 = VECTOR('',#6502,1.);
#6502 = DIRECTION('',(-0.,-1.));
#6503 = ( GEOMETRIC_REPRESENTATION_CONTEXT(2)
PARAMETRIC_REPRESENTATION_CONTEXT() REPRESENTATION_CONTEXT('2D SPACE',''
  ) );
#6504 = ORIENTED_EDGE('',*,*,#4182,.F.);
#6505 = ORIENTED_EDGE('',*,*,#6484,.F.);
#6506 = ADVANCED_FACE('',(#6507),#1666,.T.);
#6507 = FACE_BOUND('',#6508,.T.);
#6508 = EDGE_LOOP('',(#6509,#6530,#6531,#6552));
#6509 = ORIENTED_EDGE('',*,*,#6510,.F.);
#6510 = EDGE_CURVE('',#1650,#4213,#6511,.T.);
#6511 = SURFACE_CURVE('',#6512,(#6516,#6523),.PCURVE_S1.);
#6512 = LINE('',#6513,#6514);
#6513 = CARTESIAN_POINT('',(-11.6,19.025,-5.E-02));
#6514 = VECTOR('',#6515,1.);
#6515 = DIRECTION('',(0.,0.,1.));
#6516 = PCURVE('',#1666,#6517);
#6517 = DEFINITIONAL_REPRESENTATION('',(#6518),#6522);
#6518 = LINE('',#6519,#6520);
#6519 = CARTESIAN_POINT('',(0.,5.8));
#6520 = VECTOR('',#6521,1.);
#6521 = DIRECTION('',(1.,0.));
#6522 = ( GEOMETRIC_REPRESENTATION_CONTEXT(2)
PARAMETRIC_REPRESENTATION_CONTEXT() REPRESENTATION_CONTEXT('2D SPACE',''
  ) );
#6523 = PCURVE('',#1742,#6524);
#6524 = DEFINITIONAL_REPRESENTATION('',(#6525),#6529);
#6525 = LINE('',#6526,#6527);
#6526 = CARTESIAN_POINT('',(0.,0.));
#6527 = VECTOR('',#6528,1.);
#6528 = DIRECTION('',(1.,0.));
#6529 = ( GEOMETRIC_REPRESENTATION_CONTEXT(2)
PARAMETRIC_REPRESENTATION_CONTEXT() REPRESENTATION_CONTEXT('2D SPACE',''
  ) );
#6530 = ORIENTED_EDGE('',*,*,#1649,.T.);
#6531 = ORIENTED_EDGE('',*,*,#6532,.T.);
#6532 = EDGE_CURVE('',#1652,#4215,#6533,.T.);
#6533 = SURFACE_CURVE('',#6534,(#6538,#6545),.PCURVE_S1.);
#6534 = LINE('',#6535,#6536);
#6535 = CARTESIAN_POINT('',(-17.4,19.025,-5.E-02));
#6536 = VECTOR('',#6537,1.);
#6537 = DIRECTION('',(0.,0.,1.));
#6538 = PCURVE('',#1666,#6539);
#6539 = DEFINITIONAL_REPRESENTATION('',(#6540),#6544);
#6540 = LINE('',#6541,#6542);
#6541 = CARTESIAN_POINT('',(0.,0.));
#6542 = VECTOR('',#6543,1.);
#6543 = DIRECTION('',(1.,0.));
#6544 = ( GEOMETRIC_REPRESENTATION_CONTEXT(2)
PARAMETRIC_REPRESENTATION_CONTEXT() REPRESENTATION_CONTEXT('2D SPACE',''
  ) );
#6545 = PCURVE('',#1692,#6546);
#6546 = DEFINITIONAL_REPRESENTATION('',(#6547),#6551);
#6547 = LINE('',#6548,#6549);
#6548 = CARTESIAN_POINT('',(0.,0.));
#6549 = VECTOR('',#6550,1.);
#6550 = DIRECTION('',(1.,0.));
#6551 = ( GEOMETRIC_REPRESENTATION_CONTEXT(2)
PARAMETRIC_REPRESENTATION_CONTEXT() REPRESENTATION_CONTEXT('2D SPACE',''
  ) );
#6552 = ORIENTED_EDGE('',*,*,#4212,.F.);
#6553 = ADVANCED_FACE('',(#6554),#1742,.F.);
#6554 = FACE_BOUND('',#6555,.F.);
#6555 = EDGE_LOOP('',(#6556,#6557,#6558,#6579));
#6556 = ORIENTED_EDGE('',*,*,#6510,.F.);
#6557 = ORIENTED_EDGE('',*,*,#1729,.T.);
#6558 = ORIENTED_EDGE('',*,*,#6559,.T.);
#6559 = EDGE_CURVE('',#1704,#4257,#6560,.T.);
#6560 = SURFACE_CURVE('',#6561,(#6565,#6572),.PCURVE_S1.);
#6561 = LINE('',#6562,#6563);
#6562 = CARTESIAN_POINT('',(-11.6,20.975,-5.E-02));
#6563 = VECTOR('',#6564,1.);
#6564 = DIRECTION('',(0.,0.,1.));
#6565 = PCURVE('',#1742,#6566);
#6566 = DEFINITIONAL_REPRESENTATION('',(#6567),#6571);
#6567 = LINE('',#6568,#6569);
#6568 = CARTESIAN_POINT('',(0.,-1.95));
#6569 = VECTOR('',#6570,1.);
#6570 = DIRECTION('',(1.,0.));
#6571 = ( GEOMETRIC_REPRESENTATION_CONTEXT(2)
PARAMETRIC_REPRESENTATION_CONTEXT() REPRESENTATION_CONTEXT('2D SPACE',''
  ) );
#6572 = PCURVE('',#1718,#6573);
#6573 = DEFINITIONAL_REPRESENTATION('',(#6574),#6578);
#6574 = LINE('',#6575,#6576);
#6575 = CARTESIAN_POINT('',(0.,5.8));
#6576 = VECTOR('',#6577,1.);
#6577 = DIRECTION('',(1.,0.));
#6578 = ( GEOMETRIC_REPRESENTATION_CONTEXT(2)
PARAMETRIC_REPRESENTATION_CONTEXT() REPRESENTATION_CONTEXT('2D SPACE',''
  ) );
#6579 = ORIENTED_EDGE('',*,*,#4277,.F.);
#6580 = ADVANCED_FACE('',(#6581),#1692,.T.);
#6581 = FACE_BOUND('',#6582,.T.);
#6582 = EDGE_LOOP('',(#6583,#6584,#6585,#6606));
#6583 = ORIENTED_EDGE('',*,*,#6532,.F.);
#6584 = ORIENTED_EDGE('',*,*,#1677,.T.);
#6585 = ORIENTED_EDGE('',*,*,#6586,.T.);
#6586 = EDGE_CURVE('',#1678,#4236,#6587,.T.);
#6587 = SURFACE_CURVE('',#6588,(#6592,#6599),.PCURVE_S1.);
#6588 = LINE('',#6589,#6590);
#6589 = CARTESIAN_POINT('',(-17.4,20.975,-5.E-02));
#6590 = VECTOR('',#6591,1.);
#6591 = DIRECTION('',(0.,0.,1.));
#6592 = PCURVE('',#1692,#6593);
#6593 = DEFINITIONAL_REPRESENTATION('',(#6594),#6598);
#6594 = LINE('',#6595,#6596);
#6595 = CARTESIAN_POINT('',(0.,-1.95));
#6596 = VECTOR('',#6597,1.);
#6597 = DIRECTION('',(1.,0.));
#6598 = ( GEOMETRIC_REPRESENTATION_CONTEXT(2)
PARAMETRIC_REPRESENTATION_CONTEXT() REPRESENTATION_CONTEXT('2D SPACE',''
  ) );
#6599 = PCURVE('',#1718,#6600);
#6600 = DEFINITIONAL_REPRESENTATION('',(#6601),#6605);
#6601 = LINE('',#6602,#6603);
#6602 = CARTESIAN_POINT('',(0.,0.));
#6603 = VECTOR('',#6604,1.);
#6604 = DIRECTION('',(1.,0.));
#6605 = ( GEOMETRIC_REPRESENTATION_CONTEXT(2)
PARAMETRIC_REPRESENTATION_CONTEXT() REPRESENTATION_CONTEXT('2D SPACE',''
  ) );
#6606 = ORIENTED_EDGE('',*,*,#4235,.F.);
#6607 = ADVANCED_FACE('',(#6608),#1718,.F.);
#6608 = FACE_BOUND('',#6609,.F.);
#6609 = EDGE_LOOP('',(#6610,#6611,#6612,#6613));
#6610 = ORIENTED_EDGE('',*,*,#6559,.F.);
#6611 = ORIENTED_EDGE('',*,*,#1703,.T.);
#6612 = ORIENTED_EDGE('',*,*,#6586,.T.);
#6613 = ORIENTED_EDGE('',*,*,#4256,.F.);
#6614 = ADVANCED_FACE('',(#6615),#1776,.F.);
#6615 = FACE_BOUND('',#6616,.T.);
#6616 = EDGE_LOOP('',(#6617,#6618,#6639,#6640));
#6617 = ORIENTED_EDGE('',*,*,#1755,.T.);
#6618 = ORIENTED_EDGE('',*,*,#6619,.T.);
#6619 = EDGE_CURVE('',#1756,#4299,#6620,.T.);
#6620 = SEAM_CURVE('',#6621,(#6625,#6632),.PCURVE_S1.);
#6621 = LINE('',#6622,#6623);
#6622 = CARTESIAN_POINT('',(-31.7587844921,22.222809320784,-5.E-02));
#6623 = VECTOR('',#6624,1.);
#6624 = DIRECTION('',(0.,0.,1.));
#6625 = PCURVE('',#1776,#6626);
#6626 = DEFINITIONAL_REPRESENTATION('',(#6627),#6631);
#6627 = LINE('',#6628,#6629);
#6628 = CARTESIAN_POINT('',(-6.28318530718,0.));
#6629 = VECTOR('',#6630,1.);
#6630 = DIRECTION('',(-0.,-1.));
#6631 = ( GEOMETRIC_REPRESENTATION_CONTEXT(2)
PARAMETRIC_REPRESENTATION_CONTEXT() REPRESENTATION_CONTEXT('2D SPACE',''
  ) );
#6632 = PCURVE('',#1776,#6633);
#6633 = DEFINITIONAL_REPRESENTATION('',(#6634),#6638);
#6634 = LINE('',#6635,#6636);
#6635 = CARTESIAN_POINT('',(-0.,0.));
#6636 = VECTOR('',#6637,1.);
#6637 = DIRECTION('',(-0.,-1.));
#6638 = ( GEOMETRIC_REPRESENTATION_CONTEXT(2)
PARAMETRIC_REPRESENTATION_CONTEXT() REPRESENTATION_CONTEXT('2D SPACE',''
  ) );
#6639 = ORIENTED_EDGE('',*,*,#4298,.F.);
#6640 = ORIENTED_EDGE('',*,*,#6619,.F.);
#6641 = ADVANCED_FACE('',(#6642),#1811,.F.);
#6642 = FACE_BOUND('',#6643,.T.);
#6643 = EDGE_LOOP('',(#6644,#6645,#6666,#6667));
#6644 = ORIENTED_EDGE('',*,*,#1790,.T.);
#6645 = ORIENTED_EDGE('',*,*,#6646,.T.);
#6646 = EDGE_CURVE('',#1791,#4329,#6647,.T.);
#6647 = SEAM_CURVE('',#6648,(#6652,#6659),.PCURVE_S1.);
#6648 = LINE('',#6649,#6650);
#6649 = CARTESIAN_POINT('',(-29.4204181345,25.375731366546,-5.E-02));
#6650 = VECTOR('',#6651,1.);
#6651 = DIRECTION('',(0.,0.,1.));
#6652 = PCURVE('',#1811,#6653);
#6653 = DEFINITIONAL_REPRESENTATION('',(#6654),#6658);
#6654 = LINE('',#6655,#6656);
#6655 = CARTESIAN_POINT('',(-6.28318530718,0.));
#6656 = VECTOR('',#6657,1.);
#6657 = DIRECTION('',(-0.,-1.));
#6658 = ( GEOMETRIC_REPRESENTATION_CONTEXT(2)
PARAMETRIC_REPRESENTATION_CONTEXT() REPRESENTATION_CONTEXT('2D SPACE',''
  ) );
#6659 = PCURVE('',#1811,#6660);
#6660 = DEFINITIONAL_REPRESENTATION('',(#6661),#6665);
#6661 = LINE('',#6662,#6663);
#6662 = CARTESIAN_POINT('',(-0.,0.));
#6663 = VECTOR('',#6664,1.);
#6664 = DIRECTION('',(-0.,-1.));
#6665 = ( GEOMETRIC_REPRESENTATION_CONTEXT(2)
PARAMETRIC_REPRESENTATION_CONTEXT() REPRESENTATION_CONTEXT('2D SPACE',''
  ) );
#6666 = ORIENTED_EDGE('',*,*,#4328,.F.);
#6667 = ORIENTED_EDGE('',*,*,#6646,.F.);
#6668 = ADVANCED_FACE('',(#6669),#1846,.F.);
#6669 = FACE_BOUND('',#6670,.T.);
#6670 = EDGE_LOOP('',(#6671,#6672,#6693,#6694));
#6671 = ORIENTED_EDGE('',*,*,#1825,.T.);
#6672 = ORIENTED_EDGE('',*,*,#6673,.T.);
#6673 = EDGE_CURVE('',#1826,#4359,#6674,.T.);
#6674 = SEAM_CURVE('',#6675,(#6679,#6686),.PCURVE_S1.);
#6675 = LINE('',#6676,#6677);
#6676 = CARTESIAN_POINT('',(-26.78427124746,28.284271247462,-5.E-02));
#6677 = VECTOR('',#6678,1.);
#6678 = DIRECTION('',(0.,0.,1.));
#6679 = PCURVE('',#1846,#6680);
#6680 = DEFINITIONAL_REPRESENTATION('',(#6681),#6685);
#6681 = LINE('',#6682,#6683);
#6682 = CARTESIAN_POINT('',(-6.28318530718,0.));
#6683 = VECTOR('',#6684,1.);
#6684 = DIRECTION('',(-0.,-1.));
#6685 = ( GEOMETRIC_REPRESENTATION_CONTEXT(2)
PARAMETRIC_REPRESENTATION_CONTEXT() REPRESENTATION_CONTEXT('2D SPACE',''
  ) );
#6686 = PCURVE('',#1846,#6687);
#6687 = DEFINITIONAL_REPRESENTATION('',(#6688),#6692);
#6688 = LINE('',#6689,#6690);
#6689 = CARTESIAN_POINT('',(-0.,0.));
#6690 = VECTOR('',#6691,1.);
#6691 = DIRECTION('',(-0.,-1.));
#6692 = ( GEOMETRIC_REPRESENTATION_CONTEXT(2)
PARAMETRIC_REPRESENTATION_CONTEXT() REPRESENTATION_CONTEXT('2D SPACE',''
  ) );
#6693 = ORIENTED_EDGE('',*,*,#4358,.F.);
#6694 = ORIENTED_EDGE('',*,*,#6673,.F.);
#6695 = ADVANCED_FACE('',(#6696),#1881,.F.);
#6696 = FACE_BOUND('',#6697,.T.);
#6697 = EDGE_LOOP('',(#6698,#6699,#6720,#6721));
#6698 = ORIENTED_EDGE('',*,*,#1860,.T.);
#6699 = ORIENTED_EDGE('',*,*,#6700,.T.);
#6700 = EDGE_CURVE('',#1861,#4389,#6701,.T.);
#6701 = SEAM_CURVE('',#6702,(#6706,#6713),.PCURVE_S1.);
#6702 = LINE('',#6703,#6704);
#6703 = CARTESIAN_POINT('',(-23.87573136654,30.920418134509,-5.E-02));
#6704 = VECTOR('',#6705,1.);
#6705 = DIRECTION('',(0.,0.,1.));
#6706 = PCURVE('',#1881,#6707);
#6707 = DEFINITIONAL_REPRESENTATION('',(#6708),#6712);
#6708 = LINE('',#6709,#6710);
#6709 = CARTESIAN_POINT('',(-6.28318530718,0.));
#6710 = VECTOR('',#6711,1.);
#6711 = DIRECTION('',(-0.,-1.));
#6712 = ( GEOMETRIC_REPRESENTATION_CONTEXT(2)
PARAMETRIC_REPRESENTATION_CONTEXT() REPRESENTATION_CONTEXT('2D SPACE',''
  ) );
#6713 = PCURVE('',#1881,#6714);
#6714 = DEFINITIONAL_REPRESENTATION('',(#6715),#6719);
#6715 = LINE('',#6716,#6717);
#6716 = CARTESIAN_POINT('',(-0.,0.));
#6717 = VECTOR('',#6718,1.);
#6718 = DIRECTION('',(-0.,-1.));
#6719 = ( GEOMETRIC_REPRESENTATION_CONTEXT(2)
PARAMETRIC_REPRESENTATION_CONTEXT() REPRESENTATION_CONTEXT('2D SPACE',''
  ) );
#6720 = ORIENTED_EDGE('',*,*,#4388,.F.);
#6721 = ORIENTED_EDGE('',*,*,#6700,.F.);
#6722 = ADVANCED_FACE('',(#6723),#1916,.F.);
#6723 = FACE_BOUND('',#6724,.T.);
#6724 = EDGE_LOOP('',(#6725,#6726,#6747,#6748));
#6725 = ORIENTED_EDGE('',*,*,#1895,.T.);
#6726 = ORIENTED_EDGE('',*,*,#6727,.T.);
#6727 = EDGE_CURVE('',#1896,#4419,#6728,.T.);
#6728 = SEAM_CURVE('',#6729,(#6733,#6740),.PCURVE_S1.);
#6729 = LINE('',#6730,#6731);
#6730 = CARTESIAN_POINT('',(-20.72280932078,33.258784492102,-5.E-02));
#6731 = VECTOR('',#6732,1.);
#6732 = DIRECTION('',(0.,0.,1.));
#6733 = PCURVE('',#1916,#6734);
#6734 = DEFINITIONAL_REPRESENTATION('',(#6735),#6739);
#6735 = LINE('',#6736,#6737);
#6736 = CARTESIAN_POINT('',(-6.28318530718,0.));
#6737 = VECTOR('',#6738,1.);
#6738 = DIRECTION('',(-0.,-1.));
#6739 = ( GEOMETRIC_REPRESENTATION_CONTEXT(2)
PARAMETRIC_REPRESENTATION_CONTEXT() REPRESENTATION_CONTEXT('2D SPACE',''
  ) );
#6740 = PCURVE('',#1916,#6741);
#6741 = DEFINITIONAL_REPRESENTATION('',(#6742),#6746);
#6742 = LINE('',#6743,#6744);
#6743 = CARTESIAN_POINT('',(-0.,0.));
#6744 = VECTOR('',#6745,1.);
#6745 = DIRECTION('',(-0.,-1.));
#6746 = ( GEOMETRIC_REPRESENTATION_CONTEXT(2)
PARAMETRIC_REPRESENTATION_CONTEXT() REPRESENTATION_CONTEXT('2D SPACE',''
  ) );
#6747 = ORIENTED_EDGE('',*,*,#4418,.F.);
#6748 = ORIENTED_EDGE('',*,*,#6727,.F.);
#6749 = ADVANCED_FACE('',(#6750),#1951,.F.);
#6750 = FACE_BOUND('',#6751,.T.);
#6751 = EDGE_LOOP('',(#6752,#6753,#6774,#6775));
#6752 = ORIENTED_EDGE('',*,*,#1930,.T.);
#6753 = ORIENTED_EDGE('',*,*,#6754,.T.);
#6754 = EDGE_CURVE('',#1931,#4449,#6755,.T.);
#6755 = SEAM_CURVE('',#6756,(#6760,#6767),.PCURVE_S1.);
#6756 = LINE('',#6757,#6758);
#6757 = CARTESIAN_POINT('',(-17.35586947304,35.276850573934,-5.E-02));
#6758 = VECTOR('',#6759,1.);
#6759 = DIRECTION('',(0.,0.,1.));
#6760 = PCURVE('',#1951,#6761);
#6761 = DEFINITIONAL_REPRESENTATION('',(#6762),#6766);
#6762 = LINE('',#6763,#6764);
#6763 = CARTESIAN_POINT('',(-6.28318530718,0.));
#6764 = VECTOR('',#6765,1.);
#6765 = DIRECTION('',(-0.,-1.));
#6766 = ( GEOMETRIC_REPRESENTATION_CONTEXT(2)
PARAMETRIC_REPRESENTATION_CONTEXT() REPRESENTATION_CONTEXT('2D SPACE',''
  ) );
#6767 = PCURVE('',#1951,#6768);
#6768 = DEFINITIONAL_REPRESENTATION('',(#6769),#6773);
#6769 = LINE('',#6770,#6771);
#6770 = CARTESIAN_POINT('',(-0.,0.));
#6771 = VECTOR('',#6772,1.);
#6772 = DIRECTION('',(-0.,-1.));
#6773 = ( GEOMETRIC_REPRESENTATION_CONTEXT(2)
PARAMETRIC_REPRESENTATION_CONTEXT() REPRESENTATION_CONTEXT('2D SPACE',''
  ) );
#6774 = ORIENTED_EDGE('',*,*,#4448,.F.);
#6775 = ORIENTED_EDGE('',*,*,#6754,.F.);
#6776 = ADVANCED_FACE('',(#6777),#1986,.F.);
#6777 = FACE_BOUND('',#6778,.T.);
#6778 = EDGE_LOOP('',(#6779,#6780,#6801,#6802));
#6779 = ORIENTED_EDGE('',*,*,#1965,.T.);
#6780 = ORIENTED_EDGE('',*,*,#6781,.T.);
#6781 = EDGE_CURVE('',#1966,#4479,#6782,.T.);
#6782 = SEAM_CURVE('',#6783,(#6787,#6794),.PCURVE_S1.);
#6783 = LINE('',#6784,#6785);
#6784 = CARTESIAN_POINT('',(-13.8073372946,36.955181300451,-5.E-02));
#6785 = VECTOR('',#6786,1.);
#6786 = DIRECTION('',(0.,0.,1.));
#6787 = PCURVE('',#1986,#6788);
#6788 = DEFINITIONAL_REPRESENTATION('',(#6789),#6793);
#6789 = LINE('',#6790,#6791);
#6790 = CARTESIAN_POINT('',(-6.28318530718,0.));
#6791 = VECTOR('',#6792,1.);
#6792 = DIRECTION('',(-0.,-1.));
#6793 = ( GEOMETRIC_REPRESENTATION_CONTEXT(2)
PARAMETRIC_REPRESENTATION_CONTEXT() REPRESENTATION_CONTEXT('2D SPACE',''
  ) );
#6794 = PCURVE('',#1986,#6795);
#6795 = DEFINITIONAL_REPRESENTATION('',(#6796),#6800);
#6796 = LINE('',#6797,#6798);
#6797 = CARTESIAN_POINT('',(-0.,0.));
#6798 = VECTOR('',#6799,1.);
#6799 = DIRECTION('',(-0.,-1.));
#6800 = ( GEOMETRIC_REPRESENTATION_CONTEXT(2)
PARAMETRIC_REPRESENTATION_CONTEXT() REPRESENTATION_CONTEXT('2D SPACE',''
  ) );
#6801 = ORIENTED_EDGE('',*,*,#4478,.F.);
#6802 = ORIENTED_EDGE('',*,*,#6781,.F.);
#6803 = ADVANCED_FACE('',(#6804),#2021,.F.);
#6804 = FACE_BOUND('',#6805,.T.);
#6805 = EDGE_LOOP('',(#6806,#6807,#6828,#6829));
#6806 = ORIENTED_EDGE('',*,*,#2000,.T.);
#6807 = ORIENTED_EDGE('',*,*,#6808,.T.);
#6808 = EDGE_CURVE('',#2001,#4509,#6809,.T.);
#6809 = SEAM_CURVE('',#6810,(#6814,#6821),.PCURVE_S1.);
#6810 = LINE('',#6811,#6812);
#6811 = CARTESIAN_POINT('',(-10.11138709017,38.277613429288,-5.E-02));
#6812 = VECTOR('',#6813,1.);
#6813 = DIRECTION('',(0.,0.,1.));
#6814 = PCURVE('',#2021,#6815);
#6815 = DEFINITIONAL_REPRESENTATION('',(#6816),#6820);
#6816 = LINE('',#6817,#6818);
#6817 = CARTESIAN_POINT('',(-6.28318530718,0.));
#6818 = VECTOR('',#6819,1.);
#6819 = DIRECTION('',(-0.,-1.));
#6820 = ( GEOMETRIC_REPRESENTATION_CONTEXT(2)
PARAMETRIC_REPRESENTATION_CONTEXT() REPRESENTATION_CONTEXT('2D SPACE',''
  ) );
#6821 = PCURVE('',#2021,#6822);
#6822 = DEFINITIONAL_REPRESENTATION('',(#6823),#6827);
#6823 = LINE('',#6824,#6825);
#6824 = CARTESIAN_POINT('',(-0.,0.));
#6825 = VECTOR('',#6826,1.);
#6826 = DIRECTION('',(-0.,-1.));
#6827 = ( GEOMETRIC_REPRESENTATION_CONTEXT(2)
PARAMETRIC_REPRESENTATION_CONTEXT() REPRESENTATION_CONTEXT('2D SPACE',''
  ) );
#6828 = ORIENTED_EDGE('',*,*,#4508,.F.);
#6829 = ORIENTED_EDGE('',*,*,#6808,.F.);
#6830 = ADVANCED_FACE('',(#6831),#2056,.F.);
#6831 = FACE_BOUND('',#6832,.T.);
#6832 = EDGE_LOOP('',(#6833,#6834,#6855,#6856));
#6833 = ORIENTED_EDGE('',*,*,#2035,.T.);
#6834 = ORIENTED_EDGE('',*,*,#6835,.T.);
#6835 = EDGE_CURVE('',#2036,#4539,#6836,.T.);
#6836 = SEAM_CURVE('',#6837,(#6841,#6848),.PCURVE_S1.);
#6837 = LINE('',#6838,#6839);
#6838 = CARTESIAN_POINT('',(-6.303612880645,39.231411216129,-5.E-02));
#6839 = VECTOR('',#6840,1.);
#6840 = DIRECTION('',(0.,0.,1.));
#6841 = PCURVE('',#2056,#6842);
#6842 = DEFINITIONAL_REPRESENTATION('',(#6843),#6847);
#6843 = LINE('',#6844,#6845);
#6844 = CARTESIAN_POINT('',(-6.28318530718,0.));
#6845 = VECTOR('',#6846,1.);
#6846 = DIRECTION('',(-0.,-1.));
#6847 = ( GEOMETRIC_REPRESENTATION_CONTEXT(2)
PARAMETRIC_REPRESENTATION_CONTEXT() REPRESENTATION_CONTEXT('2D SPACE',''
  ) );
#6848 = PCURVE('',#2056,#6849);
#6849 = DEFINITIONAL_REPRESENTATION('',(#6850),#6854);
#6850 = LINE('',#6851,#6852);
#6851 = CARTESIAN_POINT('',(-0.,0.));
#6852 = VECTOR('',#6853,1.);
#6853 = DIRECTION('',(-0.,-1.));
#6854 = ( GEOMETRIC_REPRESENTATION_CONTEXT(2)
PARAMETRIC_REPRESENTATION_CONTEXT() REPRESENTATION_CONTEXT('2D SPACE',''
  ) );
#6855 = ORIENTED_EDGE('',*,*,#4538,.F.);
#6856 = ORIENTED_EDGE('',*,*,#6835,.F.);
#6857 = ADVANCED_FACE('',(#6858),#2091,.F.);
#6858 = FACE_BOUND('',#6859,.T.);
#6859 = EDGE_LOOP('',(#6860,#6861,#6882,#6883));
#6860 = ORIENTED_EDGE('',*,*,#2070,.T.);
#6861 = ORIENTED_EDGE('',*,*,#6862,.T.);
#6862 = EDGE_CURVE('',#2071,#4569,#6863,.T.);
#6863 = SEAM_CURVE('',#6864,(#6868,#6875),.PCURVE_S1.);
#6864 = LINE('',#6865,#6866);
#6865 = CARTESIAN_POINT('',(-2.420685613182,39.807389066888,-5.E-02));
#6866 = VECTOR('',#6867,1.);
#6867 = DIRECTION('',(0.,0.,1.));
#6868 = PCURVE('',#2091,#6869);
#6869 = DEFINITIONAL_REPRESENTATION('',(#6870),#6874);
#6870 = LINE('',#6871,#6872);
#6871 = CARTESIAN_POINT('',(-6.28318530718,0.));
#6872 = VECTOR('',#6873,1.);
#6873 = DIRECTION('',(-0.,-1.));
#6874 = ( GEOMETRIC_REPRESENTATION_CONTEXT(2)
PARAMETRIC_REPRESENTATION_CONTEXT() REPRESENTATION_CONTEXT('2D SPACE',''
  ) );
#6875 = PCURVE('',#2091,#6876);
#6876 = DEFINITIONAL_REPRESENTATION('',(#6877),#6881);
#6877 = LINE('',#6878,#6879);
#6878 = CARTESIAN_POINT('',(-0.,0.));
#6879 = VECTOR('',#6880,1.);
#6880 = DIRECTION('',(-0.,-1.));
#6881 = ( GEOMETRIC_REPRESENTATION_CONTEXT(2)
PARAMETRIC_REPRESENTATION_CONTEXT() REPRESENTATION_CONTEXT('2D SPACE',''
  ) );
#6882 = ORIENTED_EDGE('',*,*,#4568,.F.);
#6883 = ORIENTED_EDGE('',*,*,#6862,.F.);
#6884 = ADVANCED_FACE('',(#6885),#2128,.F.);
#6885 = FACE_BOUND('',#6886,.T.);
#6886 = EDGE_LOOP('',(#6887,#6888,#6907,#6908));
#6887 = ORIENTED_EDGE('',*,*,#4598,.F.);
#6888 = ORIENTED_EDGE('',*,*,#6889,.T.);
#6889 = EDGE_CURVE('',#4599,#2106,#6890,.T.);
#6890 = SURFACE_CURVE('',#6891,(#6895,#6901),.PCURVE_S1.);
#6891 = LINE('',#6892,#6893);
#6892 = CARTESIAN_POINT('',(1.45,-2.036541185442,-5.E-02));
#6893 = VECTOR('',#6894,1.);
#6894 = DIRECTION('',(-0.,-0.,-1.));
#6895 = PCURVE('',#2128,#6896);
#6896 = DEFINITIONAL_REPRESENTATION('',(#6897),#6900);
#6897 = B_SPLINE_CURVE_WITH_KNOTS('',1,(#6898,#6899),.UNSPECIFIED.,.F.,
  .F.,(2,2),(-2.2500006,6.000000000034E-07),.PIECEWISE_BEZIER_KNOTS.);
#6898 = CARTESIAN_POINT('',(-5.331117671057,-2.2500006));
#6899 = CARTESIAN_POINT('',(-5.331117671057,6.000000000034E-07));
#6900 = ( GEOMETRIC_REPRESENTATION_CONTEXT(2)
PARAMETRIC_REPRESENTATION_CONTEXT() REPRESENTATION_CONTEXT('2D SPACE',''
  ) );
#6901 = PCURVE('',#2212,#6902);
#6902 = DEFINITIONAL_REPRESENTATION('',(#6903),#6906);
#6903 = B_SPLINE_CURVE_WITH_KNOTS('',1,(#6904,#6905),.UNSPECIFIED.,.F.,
  .F.,(2,2),(-2.2500006,6.000000000034E-07),.PIECEWISE_BEZIER_KNOTS.);
#6904 = CARTESIAN_POINT('',(2.2500006,-0.963458814558));
#6905 = CARTESIAN_POINT('',(-6.000000000034E-07,-0.963458814558));
#6906 = ( GEOMETRIC_REPRESENTATION_CONTEXT(2)
PARAMETRIC_REPRESENTATION_CONTEXT() REPRESENTATION_CONTEXT('2D SPACE',''
  ) );
#6907 = ORIENTED_EDGE('',*,*,#2105,.T.);
#6908 = ORIENTED_EDGE('',*,*,#6909,.F.);
#6909 = EDGE_CURVE('',#4601,#2108,#6910,.T.);
#6910 = SURFACE_CURVE('',#6911,(#6915,#6921),.PCURVE_S1.);
#6911 = LINE('',#6912,#6913);
#6912 = CARTESIAN_POINT('',(-1.45,-2.036541185442,-5.E-02));
#6913 = VECTOR('',#6914,1.);
#6914 = DIRECTION('',(-0.,-0.,-1.));
#6915 = PCURVE('',#2128,#6916);
#6916 = DEFINITIONAL_REPRESENTATION('',(#6917),#6920);
#6917 = B_SPLINE_CURVE_WITH_KNOTS('',1,(#6918,#6919),.UNSPECIFIED.,.F.,
  .F.,(2,2),(-2.2500006,6.000000000034E-07),.PIECEWISE_BEZIER_KNOTS.);
#6918 = CARTESIAN_POINT('',(-4.093660289712,-2.2500006));
#6919 = CARTESIAN_POINT('',(-4.093660289712,6.000000000034E-07));
#6920 = ( GEOMETRIC_REPRESENTATION_CONTEXT(2)
PARAMETRIC_REPRESENTATION_CONTEXT() REPRESENTATION_CONTEXT('2D SPACE',''
  ) );
#6921 = PCURVE('',#2155,#6922);
#6922 = DEFINITIONAL_REPRESENTATION('',(#6923),#6926);
#6923 = B_SPLINE_CURVE_WITH_KNOTS('',1,(#6924,#6925),.UNSPECIFIED.,.F.,
  .F.,(2,2),(-2.2500006,6.000000000034E-07),.PIECEWISE_BEZIER_KNOTS.);
#6924 = CARTESIAN_POINT('',(2.2500006,-0.963458814558));
#6925 = CARTESIAN_POINT('',(-6.000000000034E-07,-0.963458814558));
#6926 = ( GEOMETRIC_REPRESENTATION_CONTEXT(2)
PARAMETRIC_REPRESENTATION_CONTEXT() REPRESENTATION_CONTEXT('2D SPACE',''
  ) );
#6927 = ADVANCED_FACE('',(#6928),#2212,.F.);
#6928 = FACE_BOUND('',#6929,.F.);
#6929 = EDGE_LOOP('',(#6930,#6931,#6932,#6933));
#6930 = ORIENTED_EDGE('',*,*,#4677,.F.);
#6931 = ORIENTED_EDGE('',*,*,#6889,.T.);
#6932 = ORIENTED_EDGE('',*,*,#2199,.T.);
#6933 = ORIENTED_EDGE('',*,*,#6934,.F.);
#6934 = EDGE_CURVE('',#4650,#2167,#6935,.T.);
#6935 = SURFACE_CURVE('',#6936,(#6940,#6946),.PCURVE_S1.);
#6936 = LINE('',#6937,#6938);
#6937 = CARTESIAN_POINT('',(1.45,2.036541185442,-5.E-02));
#6938 = VECTOR('',#6939,1.);
#6939 = DIRECTION('',(-0.,-0.,-1.));
#6940 = PCURVE('',#2212,#6941);
#6941 = DEFINITIONAL_REPRESENTATION('',(#6942),#6945);
#6942 = B_SPLINE_CURVE_WITH_KNOTS('',1,(#6943,#6944),.UNSPECIFIED.,.F.,
  .F.,(2,2),(-2.2500006,6.000000000034E-07),.PIECEWISE_BEZIER_KNOTS.);
#6943 = CARTESIAN_POINT('',(2.2500006,-5.036541185442));
#6944 = CARTESIAN_POINT('',(-6.000000000034E-07,-5.036541185442));
#6945 = ( GEOMETRIC_REPRESENTATION_CONTEXT(2)
PARAMETRIC_REPRESENTATION_CONTEXT() REPRESENTATION_CONTEXT('2D SPACE',''
  ) );
#6946 = PCURVE('',#2187,#6947);
#6947 = DEFINITIONAL_REPRESENTATION('',(#6948),#6951);
#6948 = B_SPLINE_CURVE_WITH_KNOTS('',1,(#6949,#6950),.UNSPECIFIED.,.F.,
  .F.,(2,2),(-2.2500006,6.000000000034E-07),.PIECEWISE_BEZIER_KNOTS.);
#6949 = CARTESIAN_POINT('',(-0.952067636123,-2.2500006));
#6950 = CARTESIAN_POINT('',(-0.952067636123,6.000000000034E-07));
#6951 = ( GEOMETRIC_REPRESENTATION_CONTEXT(2)
PARAMETRIC_REPRESENTATION_CONTEXT() REPRESENTATION_CONTEXT('2D SPACE',''
  ) );
#6952 = ADVANCED_FACE('',(#6953),#2155,.T.);
#6953 = FACE_BOUND('',#6954,.T.);
#6954 = EDGE_LOOP('',(#6955,#6956,#6957,#6958));
#6955 = ORIENTED_EDGE('',*,*,#4628,.F.);
#6956 = ORIENTED_EDGE('',*,*,#6909,.T.);
#6957 = ORIENTED_EDGE('',*,*,#2140,.T.);
#6958 = ORIENTED_EDGE('',*,*,#6959,.F.);
#6959 = EDGE_CURVE('',#4629,#2141,#6960,.T.);
#6960 = SURFACE_CURVE('',#6961,(#6965,#6971),.PCURVE_S1.);
#6961 = LINE('',#6962,#6963);
#6962 = CARTESIAN_POINT('',(-1.45,2.036541185442,-5.E-02));
#6963 = VECTOR('',#6964,1.);
#6964 = DIRECTION('',(-0.,-0.,-1.));
#6965 = PCURVE('',#2155,#6966);
#6966 = DEFINITIONAL_REPRESENTATION('',(#6967),#6970);
#6967 = B_SPLINE_CURVE_WITH_KNOTS('',1,(#6968,#6969),.UNSPECIFIED.,.F.,
  .F.,(2,2),(-2.2500006,6.000000000034E-07),.PIECEWISE_BEZIER_KNOTS.);
#6968 = CARTESIAN_POINT('',(2.2500006,-5.036541185442));
#6969 = CARTESIAN_POINT('',(-6.000000000034E-07,-5.036541185442));
#6970 = ( GEOMETRIC_REPRESENTATION_CONTEXT(2)
PARAMETRIC_REPRESENTATION_CONTEXT() REPRESENTATION_CONTEXT('2D SPACE',''
  ) );
#6971 = PCURVE('',#2187,#6972);
#6972 = DEFINITIONAL_REPRESENTATION('',(#6973),#6976);
#6973 = B_SPLINE_CURVE_WITH_KNOTS('',1,(#6974,#6975),.UNSPECIFIED.,.F.,
  .F.,(2,2),(-2.2500006,6.000000000034E-07),.PIECEWISE_BEZIER_KNOTS.);
#6974 = CARTESIAN_POINT('',(-2.189525017467,-2.2500006));
#6975 = CARTESIAN_POINT('',(-2.189525017467,6.000000000034E-07));
#6976 = ( GEOMETRIC_REPRESENTATION_CONTEXT(2)
PARAMETRIC_REPRESENTATION_CONTEXT() REPRESENTATION_CONTEXT('2D SPACE',''
  ) );
#6977 = ADVANCED_FACE('',(#6978),#2187,.F.);
#6978 = FACE_BOUND('',#6979,.T.);
#6979 = EDGE_LOOP('',(#6980,#6981,#6982,#6983));
#6980 = ORIENTED_EDGE('',*,*,#2166,.T.);
#6981 = ORIENTED_EDGE('',*,*,#6934,.F.);
#6982 = ORIENTED_EDGE('',*,*,#4649,.F.);
#6983 = ORIENTED_EDGE('',*,*,#6959,.T.);
#6984 = ADVANCED_FACE('',(#6985),#2242,.T.);
#6985 = FACE_BOUND('',#6986,.T.);
#6986 = EDGE_LOOP('',(#6987,#7008,#7009,#7030));
#6987 = ORIENTED_EDGE('',*,*,#6988,.F.);
#6988 = EDGE_CURVE('',#2226,#4699,#6989,.T.);
#6989 = SURFACE_CURVE('',#6990,(#6994,#7001),.PCURVE_S1.);
#6990 = LINE('',#6991,#6992);
#6991 = CARTESIAN_POINT('',(17.4,19.025,-5.E-02));
#6992 = VECTOR('',#6993,1.);
#6993 = DIRECTION('',(0.,0.,1.));
#6994 = PCURVE('',#2242,#6995);
#6995 = DEFINITIONAL_REPRESENTATION('',(#6996),#7000);
#6996 = LINE('',#6997,#6998);
#6997 = CARTESIAN_POINT('',(0.,5.8));
#6998 = VECTOR('',#6999,1.);
#6999 = DIRECTION('',(1.,0.));
#7000 = ( GEOMETRIC_REPRESENTATION_CONTEXT(2)
PARAMETRIC_REPRESENTATION_CONTEXT() REPRESENTATION_CONTEXT('2D SPACE',''
  ) );
#7001 = PCURVE('',#2318,#7002);
#7002 = DEFINITIONAL_REPRESENTATION('',(#7003),#7007);
#7003 = LINE('',#7004,#7005);
#7004 = CARTESIAN_POINT('',(0.,0.));
#7005 = VECTOR('',#7006,1.);
#7006 = DIRECTION('',(1.,0.));
#7007 = ( GEOMETRIC_REPRESENTATION_CONTEXT(2)
PARAMETRIC_REPRESENTATION_CONTEXT() REPRESENTATION_CONTEXT('2D SPACE',''
  ) );
#7008 = ORIENTED_EDGE('',*,*,#2225,.T.);
#7009 = ORIENTED_EDGE('',*,*,#7010,.T.);
#7010 = EDGE_CURVE('',#2228,#4701,#7011,.T.);
#7011 = SURFACE_CURVE('',#7012,(#7016,#7023),.PCURVE_S1.);
#7012 = LINE('',#7013,#7014);
#7013 = CARTESIAN_POINT('',(11.6,19.025,-5.E-02));
#7014 = VECTOR('',#7015,1.);
#7015 = DIRECTION('',(0.,0.,1.));
#7016 = PCURVE('',#2242,#7017);
#7017 = DEFINITIONAL_REPRESENTATION('',(#7018),#7022);
#7018 = LINE('',#7019,#7020);
#7019 = CARTESIAN_POINT('',(0.,0.));
#7020 = VECTOR('',#7021,1.);
#7021 = DIRECTION('',(1.,0.));
#7022 = ( GEOMETRIC_REPRESENTATION_CONTEXT(2)
PARAMETRIC_REPRESENTATION_CONTEXT() REPRESENTATION_CONTEXT('2D SPACE',''
  ) );
#7023 = PCURVE('',#2268,#7024);
#7024 = DEFINITIONAL_REPRESENTATION('',(#7025),#7029);
#7025 = LINE('',#7026,#7027);
#7026 = CARTESIAN_POINT('',(0.,0.));
#7027 = VECTOR('',#7028,1.);
#7028 = DIRECTION('',(1.,0.));
#7029 = ( GEOMETRIC_REPRESENTATION_CONTEXT(2)
PARAMETRIC_REPRESENTATION_CONTEXT() REPRESENTATION_CONTEXT('2D SPACE',''
  ) );
#7030 = ORIENTED_EDGE('',*,*,#4698,.F.);
#7031 = ADVANCED_FACE('',(#7032),#2318,.F.);
#7032 = FACE_BOUND('',#7033,.F.);
#7033 = EDGE_LOOP('',(#7034,#7035,#7036,#7057));
#7034 = ORIENTED_EDGE('',*,*,#6988,.F.);
#7035 = ORIENTED_EDGE('',*,*,#2305,.T.);
#7036 = ORIENTED_EDGE('',*,*,#7037,.T.);
#7037 = EDGE_CURVE('',#2280,#4743,#7038,.T.);
#7038 = SURFACE_CURVE('',#7039,(#7043,#7050),.PCURVE_S1.);
#7039 = LINE('',#7040,#7041);
#7040 = CARTESIAN_POINT('',(17.4,20.975,-5.E-02));
#7041 = VECTOR('',#7042,1.);
#7042 = DIRECTION('',(0.,0.,1.));
#7043 = PCURVE('',#2318,#7044);
#7044 = DEFINITIONAL_REPRESENTATION('',(#7045),#7049);
#7045 = LINE('',#7046,#7047);
#7046 = CARTESIAN_POINT('',(0.,-1.95));
#7047 = VECTOR('',#7048,1.);
#7048 = DIRECTION('',(1.,0.));
#7049 = ( GEOMETRIC_REPRESENTATION_CONTEXT(2)
PARAMETRIC_REPRESENTATION_CONTEXT() REPRESENTATION_CONTEXT('2D SPACE',''
  ) );
#7050 = PCURVE('',#2294,#7051);
#7051 = DEFINITIONAL_REPRESENTATION('',(#7052),#7056);
#7052 = LINE('',#7053,#7054);
#7053 = CARTESIAN_POINT('',(0.,5.8));
#7054 = VECTOR('',#7055,1.);
#7055 = DIRECTION('',(1.,0.));
#7056 = ( GEOMETRIC_REPRESENTATION_CONTEXT(2)
PARAMETRIC_REPRESENTATION_CONTEXT() REPRESENTATION_CONTEXT('2D SPACE',''
  ) );
#7057 = ORIENTED_EDGE('',*,*,#4763,.F.);
#7058 = ADVANCED_FACE('',(#7059),#2294,.F.);
#7059 = FACE_BOUND('',#7060,.F.);
#7060 = EDGE_LOOP('',(#7061,#7062,#7063,#7084));
#7061 = ORIENTED_EDGE('',*,*,#7037,.F.);
#7062 = ORIENTED_EDGE('',*,*,#2279,.T.);
#7063 = ORIENTED_EDGE('',*,*,#7064,.T.);
#7064 = EDGE_CURVE('',#2254,#4722,#7065,.T.);
#7065 = SURFACE_CURVE('',#7066,(#7070,#7077),.PCURVE_S1.);
#7066 = LINE('',#7067,#7068);
#7067 = CARTESIAN_POINT('',(11.6,20.975,-5.E-02));
#7068 = VECTOR('',#7069,1.);
#7069 = DIRECTION('',(0.,0.,1.));
#7070 = PCURVE('',#2294,#7071);
#7071 = DEFINITIONAL_REPRESENTATION('',(#7072),#7076);
#7072 = LINE('',#7073,#7074);
#7073 = CARTESIAN_POINT('',(0.,0.));
#7074 = VECTOR('',#7075,1.);
#7075 = DIRECTION('',(1.,0.));
#7076 = ( GEOMETRIC_REPRESENTATION_CONTEXT(2)
PARAMETRIC_REPRESENTATION_CONTEXT() REPRESENTATION_CONTEXT('2D SPACE',''
  ) );
#7077 = PCURVE('',#2268,#7078);
#7078 = DEFINITIONAL_REPRESENTATION('',(#7079),#7083);
#7079 = LINE('',#7080,#7081);
#7080 = CARTESIAN_POINT('',(0.,-1.95));
#7081 = VECTOR('',#7082,1.);
#7082 = DIRECTION('',(1.,0.));
#7083 = ( GEOMETRIC_REPRESENTATION_CONTEXT(2)
PARAMETRIC_REPRESENTATION_CONTEXT() REPRESENTATION_CONTEXT('2D SPACE',''
  ) );
#7084 = ORIENTED_EDGE('',*,*,#4742,.F.);
#7085 = ADVANCED_FACE('',(#7086),#2268,.T.);
#7086 = FACE_BOUND('',#7087,.T.);
#7087 = EDGE_LOOP('',(#7088,#7089,#7090,#7091));
#7088 = ORIENTED_EDGE('',*,*,#7010,.F.);
#7089 = ORIENTED_EDGE('',*,*,#2253,.T.);
#7090 = ORIENTED_EDGE('',*,*,#7064,.T.);
#7091 = ORIENTED_EDGE('',*,*,#4721,.F.);
#7092 = ADVANCED_FACE('',(#7093),#2352,.F.);
#7093 = FACE_BOUND('',#7094,.T.);
#7094 = EDGE_LOOP('',(#7095,#7096,#7117,#7118));
#7095 = ORIENTED_EDGE('',*,*,#2331,.T.);
#7096 = ORIENTED_EDGE('',*,*,#7097,.T.);
#7097 = EDGE_CURVE('',#2332,#4785,#7098,.T.);
#7098 = SEAM_CURVE('',#7099,(#7103,#7110),.PCURVE_S1.);
#7099 = LINE('',#7100,#7101);
#7100 = CARTESIAN_POINT('',(41.5,0.,-5.E-02));
#7101 = VECTOR('',#7102,1.);
#7102 = DIRECTION('',(0.,0.,1.));
#7103 = PCURVE('',#2352,#7104);
#7104 = DEFINITIONAL_REPRESENTATION('',(#7105),#7109);
#7105 = LINE('',#7106,#7107);
#7106 = CARTESIAN_POINT('',(-6.28318530718,0.));
#7107 = VECTOR('',#7108,1.);
#7108 = DIRECTION('',(-0.,-1.));
#7109 = ( GEOMETRIC_REPRESENTATION_CONTEXT(2)
PARAMETRIC_REPRESENTATION_CONTEXT() REPRESENTATION_CONTEXT('2D SPACE',''
  ) );
#7110 = PCURVE('',#2352,#7111);
#7111 = DEFINITIONAL_REPRESENTATION('',(#7112),#7116);
#7112 = LINE('',#7113,#7114);
#7113 = CARTESIAN_POINT('',(-0.,0.));
#7114 = VECTOR('',#7115,1.);
#7115 = DIRECTION('',(-0.,-1.));
#7116 = ( GEOMETRIC_REPRESENTATION_CONTEXT(2)
PARAMETRIC_REPRESENTATION_CONTEXT() REPRESENTATION_CONTEXT('2D SPACE',''
  ) );
#7117 = ORIENTED_EDGE('',*,*,#4784,.F.);
#7118 = ORIENTED_EDGE('',*,*,#7097,.F.);
#7119 = ADVANCED_FACE('',(#7120),#2387,.F.);
#7120 = FACE_BOUND('',#7121,.T.);
#7121 = EDGE_LOOP('',(#7122,#7123,#7144,#7145));
#7122 = ORIENTED_EDGE('',*,*,#2366,.T.);
#7123 = ORIENTED_EDGE('',*,*,#7124,.T.);
#7124 = EDGE_CURVE('',#2367,#4815,#7125,.T.);
#7125 = SEAM_CURVE('',#7126,(#7130,#7137),.PCURVE_S1.);
#7126 = LINE('',#7127,#7128);
#7127 = CARTESIAN_POINT('',(41.307389066888,3.920685613182,-5.E-02));
#7128 = VECTOR('',#7129,1.);
#7129 = DIRECTION('',(0.,0.,1.));
#7130 = PCURVE('',#2387,#7131);
#7131 = DEFINITIONAL_REPRESENTATION('',(#7132),#7136);
#7132 = LINE('',#7133,#7134);
#7133 = CARTESIAN_POINT('',(-6.28318530718,0.));
#7134 = VECTOR('',#7135,1.);
#7135 = DIRECTION('',(-0.,-1.));
#7136 = ( GEOMETRIC_REPRESENTATION_CONTEXT(2)
PARAMETRIC_REPRESENTATION_CONTEXT() REPRESENTATION_CONTEXT('2D SPACE',''
  ) );
#7137 = PCURVE('',#2387,#7138);
#7138 = DEFINITIONAL_REPRESENTATION('',(#7139),#7143);
#7139 = LINE('',#7140,#7141);
#7140 = CARTESIAN_POINT('',(-0.,0.));
#7141 = VECTOR('',#7142,1.);
#7142 = DIRECTION('',(-0.,-1.));
#7143 = ( GEOMETRIC_REPRESENTATION_CONTEXT(2)
PARAMETRIC_REPRESENTATION_CONTEXT() REPRESENTATION_CONTEXT('2D SPACE',''
  ) );
#7144 = ORIENTED_EDGE('',*,*,#4814,.F.);
#7145 = ORIENTED_EDGE('',*,*,#7124,.F.);
#7146 = ADVANCED_FACE('',(#7147),#2422,.F.);
#7147 = FACE_BOUND('',#7148,.T.);
#7148 = EDGE_LOOP('',(#7149,#7150,#7171,#7172));
#7149 = ORIENTED_EDGE('',*,*,#2401,.T.);
#7150 = ORIENTED_EDGE('',*,*,#7151,.T.);
#7151 = EDGE_CURVE('',#2402,#4845,#7152,.T.);
#7152 = SEAM_CURVE('',#7153,(#7157,#7164),.PCURVE_S1.);
#7153 = LINE('',#7154,#7155);
#7154 = CARTESIAN_POINT('',(40.731411216129,7.803612880645,-5.E-02));
#7155 = VECTOR('',#7156,1.);
#7156 = DIRECTION('',(0.,0.,1.));
#7157 = PCURVE('',#2422,#7158);
#7158 = DEFINITIONAL_REPRESENTATION('',(#7159),#7163);
#7159 = LINE('',#7160,#7161);
#7160 = CARTESIAN_POINT('',(-6.28318530718,0.));
#7161 = VECTOR('',#7162,1.);
#7162 = DIRECTION('',(-0.,-1.));
#7163 = ( GEOMETRIC_REPRESENTATION_CONTEXT(2)
PARAMETRIC_REPRESENTATION_CONTEXT() REPRESENTATION_CONTEXT('2D SPACE',''
  ) );
#7164 = PCURVE('',#2422,#7165);
#7165 = DEFINITIONAL_REPRESENTATION('',(#7166),#7170);
#7166 = LINE('',#7167,#7168);
#7167 = CARTESIAN_POINT('',(-0.,0.));
#7168 = VECTOR('',#7169,1.);
#7169 = DIRECTION('',(-0.,-1.));
#7170 = ( GEOMETRIC_REPRESENTATION_CONTEXT(2)
PARAMETRIC_REPRESENTATION_CONTEXT() REPRESENTATION_CONTEXT('2D SPACE',''
  ) );
#7171 = ORIENTED_EDGE('',*,*,#4844,.F.);
#7172 = ORIENTED_EDGE('',*,*,#7151,.F.);
#7173 = ADVANCED_FACE('',(#7174),#2457,.F.);
#7174 = FACE_BOUND('',#7175,.T.);
#7175 = EDGE_LOOP('',(#7176,#7177,#7198,#7199));
#7176 = ORIENTED_EDGE('',*,*,#2436,.T.);
#7177 = ORIENTED_EDGE('',*,*,#7178,.T.);
#7178 = EDGE_CURVE('',#2437,#4875,#7179,.T.);
#7179 = SEAM_CURVE('',#7180,(#7184,#7191),.PCURVE_S1.);
#7180 = LINE('',#7181,#7182);
#7181 = CARTESIAN_POINT('',(39.777613429288,11.611387090178,-5.E-02));
#7182 = VECTOR('',#7183,1.);
#7183 = DIRECTION('',(0.,0.,1.));
#7184 = PCURVE('',#2457,#7185);
#7185 = DEFINITIONAL_REPRESENTATION('',(#7186),#7190);
#7186 = LINE('',#7187,#7188);
#7187 = CARTESIAN_POINT('',(-6.28318530718,0.));
#7188 = VECTOR('',#7189,1.);
#7189 = DIRECTION('',(-0.,-1.));
#7190 = ( GEOMETRIC_REPRESENTATION_CONTEXT(2)
PARAMETRIC_REPRESENTATION_CONTEXT() REPRESENTATION_CONTEXT('2D SPACE',''
  ) );
#7191 = PCURVE('',#2457,#7192);
#7192 = DEFINITIONAL_REPRESENTATION('',(#7193),#7197);
#7193 = LINE('',#7194,#7195);
#7194 = CARTESIAN_POINT('',(-0.,0.));
#7195 = VECTOR('',#7196,1.);
#7196 = DIRECTION('',(-0.,-1.));
#7197 = ( GEOMETRIC_REPRESENTATION_CONTEXT(2)
PARAMETRIC_REPRESENTATION_CONTEXT() REPRESENTATION_CONTEXT('2D SPACE',''
  ) );
#7198 = ORIENTED_EDGE('',*,*,#4874,.F.);
#7199 = ORIENTED_EDGE('',*,*,#7178,.F.);
#7200 = ADVANCED_FACE('',(#7201),#2492,.F.);
#7201 = FACE_BOUND('',#7202,.T.);
#7202 = EDGE_LOOP('',(#7203,#7204,#7225,#7226));
#7203 = ORIENTED_EDGE('',*,*,#2471,.T.);
#7204 = ORIENTED_EDGE('',*,*,#7205,.T.);
#7205 = EDGE_CURVE('',#2472,#4905,#7206,.T.);
#7206 = SEAM_CURVE('',#7207,(#7211,#7218),.PCURVE_S1.);
#7207 = LINE('',#7208,#7209);
#7208 = CARTESIAN_POINT('',(38.455181300451,15.307337294604,-5.E-02));
#7209 = VECTOR('',#7210,1.);
#7210 = DIRECTION('',(0.,0.,1.));
#7211 = PCURVE('',#2492,#7212);
#7212 = DEFINITIONAL_REPRESENTATION('',(#7213),#7217);
#7213 = LINE('',#7214,#7215);
#7214 = CARTESIAN_POINT('',(-6.28318530718,0.));
#7215 = VECTOR('',#7216,1.);
#7216 = DIRECTION('',(-0.,-1.));
#7217 = ( GEOMETRIC_REPRESENTATION_CONTEXT(2)
PARAMETRIC_REPRESENTATION_CONTEXT() REPRESENTATION_CONTEXT('2D SPACE',''
  ) );
#7218 = PCURVE('',#2492,#7219);
#7219 = DEFINITIONAL_REPRESENTATION('',(#7220),#7224);
#7220 = LINE('',#7221,#7222);
#7221 = CARTESIAN_POINT('',(-0.,0.));
#7222 = VECTOR('',#7223,1.);
#7223 = DIRECTION('',(-0.,-1.));
#7224 = ( GEOMETRIC_REPRESENTATION_CONTEXT(2)
PARAMETRIC_REPRESENTATION_CONTEXT() REPRESENTATION_CONTEXT('2D SPACE',''
  ) );
#7225 = ORIENTED_EDGE('',*,*,#4904,.F.);
#7226 = ORIENTED_EDGE('',*,*,#7205,.F.);
#7227 = ADVANCED_FACE('',(#7228),#2527,.F.);
#7228 = FACE_BOUND('',#7229,.T.);
#7229 = EDGE_LOOP('',(#7230,#7231,#7252,#7253));
#7230 = ORIENTED_EDGE('',*,*,#2506,.T.);
#7231 = ORIENTED_EDGE('',*,*,#7232,.T.);
#7232 = EDGE_CURVE('',#2507,#4935,#7233,.T.);
#7233 = SEAM_CURVE('',#7234,(#7238,#7245),.PCURVE_S1.);
#7234 = LINE('',#7235,#7236);
#7235 = CARTESIAN_POINT('',(36.776850573934,18.85586947304,-5.E-02));
#7236 = VECTOR('',#7237,1.);
#7237 = DIRECTION('',(0.,0.,1.));
#7238 = PCURVE('',#2527,#7239);
#7239 = DEFINITIONAL_REPRESENTATION('',(#7240),#7244);
#7240 = LINE('',#7241,#7242);
#7241 = CARTESIAN_POINT('',(-6.28318530718,0.));
#7242 = VECTOR('',#7243,1.);
#7243 = DIRECTION('',(-0.,-1.));
#7244 = ( GEOMETRIC_REPRESENTATION_CONTEXT(2)
PARAMETRIC_REPRESENTATION_CONTEXT() REPRESENTATION_CONTEXT('2D SPACE',''
  ) );
#7245 = PCURVE('',#2527,#7246);
#7246 = DEFINITIONAL_REPRESENTATION('',(#7247),#7251);
#7247 = LINE('',#7248,#7249);
#7248 = CARTESIAN_POINT('',(-0.,0.));
#7249 = VECTOR('',#7250,1.);
#7250 = DIRECTION('',(-0.,-1.));
#7251 = ( GEOMETRIC_REPRESENTATION_CONTEXT(2)
PARAMETRIC_REPRESENTATION_CONTEXT() REPRESENTATION_CONTEXT('2D SPACE',''
  ) );
#7252 = ORIENTED_EDGE('',*,*,#4934,.F.);
#7253 = ORIENTED_EDGE('',*,*,#7232,.F.);
#7254 = ADVANCED_FACE('',(#7255),#2562,.F.);
#7255 = FACE_BOUND('',#7256,.T.);
#7256 = EDGE_LOOP('',(#7257,#7258,#7279,#7280));
#7257 = ORIENTED_EDGE('',*,*,#2541,.T.);
#7258 = ORIENTED_EDGE('',*,*,#7259,.T.);
#7259 = EDGE_CURVE('',#2542,#4965,#7260,.T.);
#7260 = SEAM_CURVE('',#7261,(#7265,#7272),.PCURVE_S1.);
#7261 = LINE('',#7262,#7263);
#7262 = CARTESIAN_POINT('',(1.5,40.,-5.E-02));
#7263 = VECTOR('',#7264,1.);
#7264 = DIRECTION('',(0.,0.,1.));
#7265 = PCURVE('',#2562,#7266);
#7266 = DEFINITIONAL_REPRESENTATION('',(#7267),#7271);
#7267 = LINE('',#7268,#7269);
#7268 = CARTESIAN_POINT('',(-6.28318530718,0.));
#7269 = VECTOR('',#7270,1.);
#7270 = DIRECTION('',(-0.,-1.));
#7271 = ( GEOMETRIC_REPRESENTATION_CONTEXT(2)
PARAMETRIC_REPRESENTATION_CONTEXT() REPRESENTATION_CONTEXT('2D SPACE',''
  ) );
#7272 = PCURVE('',#2562,#7273);
#7273 = DEFINITIONAL_REPRESENTATION('',(#7274),#7278);
#7274 = LINE('',#7275,#7276);
#7275 = CARTESIAN_POINT('',(-0.,0.));
#7276 = VECTOR('',#7277,1.);
#7277 = DIRECTION('',(-0.,-1.));
#7278 = ( GEOMETRIC_REPRESENTATION_CONTEXT(2)
PARAMETRIC_REPRESENTATION_CONTEXT() REPRESENTATION_CONTEXT('2D SPACE',''
  ) );
#7279 = ORIENTED_EDGE('',*,*,#4964,.F.);
#7280 = ORIENTED_EDGE('',*,*,#7259,.F.);
#7281 = ADVANCED_FACE('',(#7282),#2597,.F.);
#7282 = FACE_BOUND('',#7283,.T.);
#7283 = EDGE_LOOP('',(#7284,#7285,#7306,#7307));
#7284 = ORIENTED_EDGE('',*,*,#2576,.T.);
#7285 = ORIENTED_EDGE('',*,*,#7286,.T.);
#7286 = EDGE_CURVE('',#2577,#4995,#7287,.T.);
#7287 = SEAM_CURVE('',#7288,(#7292,#7299),.PCURVE_S1.);
#7288 = LINE('',#7289,#7290);
#7289 = CARTESIAN_POINT('',(5.420685613182,39.807389066888,-5.E-02));
#7290 = VECTOR('',#7291,1.);
#7291 = DIRECTION('',(0.,0.,1.));
#7292 = PCURVE('',#2597,#7293);
#7293 = DEFINITIONAL_REPRESENTATION('',(#7294),#7298);
#7294 = LINE('',#7295,#7296);
#7295 = CARTESIAN_POINT('',(-6.28318530718,0.));
#7296 = VECTOR('',#7297,1.);
#7297 = DIRECTION('',(-0.,-1.));
#7298 = ( GEOMETRIC_REPRESENTATION_CONTEXT(2)
PARAMETRIC_REPRESENTATION_CONTEXT() REPRESENTATION_CONTEXT('2D SPACE',''
  ) );
#7299 = PCURVE('',#2597,#7300);
#7300 = DEFINITIONAL_REPRESENTATION('',(#7301),#7305);
#7301 = LINE('',#7302,#7303);
#7302 = CARTESIAN_POINT('',(-0.,0.));
#7303 = VECTOR('',#7304,1.);
#7304 = DIRECTION('',(-0.,-1.));
#7305 = ( GEOMETRIC_REPRESENTATION_CONTEXT(2)
PARAMETRIC_REPRESENTATION_CONTEXT() REPRESENTATION_CONTEXT('2D SPACE',''
  ) );
#7306 = ORIENTED_EDGE('',*,*,#4994,.F.);
#7307 = ORIENTED_EDGE('',*,*,#7286,.F.);
#7308 = ADVANCED_FACE('',(#7309),#2632,.F.);
#7309 = FACE_BOUND('',#7310,.T.);
#7310 = EDGE_LOOP('',(#7311,#7312,#7333,#7334));
#7311 = ORIENTED_EDGE('',*,*,#2611,.T.);
#7312 = ORIENTED_EDGE('',*,*,#7313,.T.);
#7313 = EDGE_CURVE('',#2612,#5025,#7314,.T.);
#7314 = SEAM_CURVE('',#7315,(#7319,#7326),.PCURVE_S1.);
#7315 = LINE('',#7316,#7317);
#7316 = CARTESIAN_POINT('',(9.303612880645,39.231411216129,-5.E-02));
#7317 = VECTOR('',#7318,1.);
#7318 = DIRECTION('',(0.,0.,1.));
#7319 = PCURVE('',#2632,#7320);
#7320 = DEFINITIONAL_REPRESENTATION('',(#7321),#7325);
#7321 = LINE('',#7322,#7323);
#7322 = CARTESIAN_POINT('',(-6.28318530718,0.));
#7323 = VECTOR('',#7324,1.);
#7324 = DIRECTION('',(-0.,-1.));
#7325 = ( GEOMETRIC_REPRESENTATION_CONTEXT(2)
PARAMETRIC_REPRESENTATION_CONTEXT() REPRESENTATION_CONTEXT('2D SPACE',''
  ) );
#7326 = PCURVE('',#2632,#7327);
#7327 = DEFINITIONAL_REPRESENTATION('',(#7328),#7332);
#7328 = LINE('',#7329,#7330);
#7329 = CARTESIAN_POINT('',(-0.,0.));
#7330 = VECTOR('',#7331,1.);
#7331 = DIRECTION('',(-0.,-1.));
#7332 = ( GEOMETRIC_REPRESENTATION_CONTEXT(2)
PARAMETRIC_REPRESENTATION_CONTEXT() REPRESENTATION_CONTEXT('2D SPACE',''
  ) );
#7333 = ORIENTED_EDGE('',*,*,#5024,.F.);
#7334 = ORIENTED_EDGE('',*,*,#7313,.F.);
#7335 = ADVANCED_FACE('',(#7336),#2667,.F.);
#7336 = FACE_BOUND('',#7337,.T.);
#7337 = EDGE_LOOP('',(#7338,#7339,#7360,#7361));
#7338 = ORIENTED_EDGE('',*,*,#2646,.T.);
#7339 = ORIENTED_EDGE('',*,*,#7340,.T.);
#7340 = EDGE_CURVE('',#2647,#5055,#7341,.T.);
#7341 = SEAM_CURVE('',#7342,(#7346,#7353),.PCURVE_S1.);
#7342 = LINE('',#7343,#7344);
#7343 = CARTESIAN_POINT('',(20.35586947304,35.276850573934,-5.E-02));
#7344 = VECTOR('',#7345,1.);
#7345 = DIRECTION('',(0.,0.,1.));
#7346 = PCURVE('',#2667,#7347);
#7347 = DEFINITIONAL_REPRESENTATION('',(#7348),#7352);
#7348 = LINE('',#7349,#7350);
#7349 = CARTESIAN_POINT('',(-6.28318530718,0.));
#7350 = VECTOR('',#7351,1.);
#7351 = DIRECTION('',(-0.,-1.));
#7352 = ( GEOMETRIC_REPRESENTATION_CONTEXT(2)
PARAMETRIC_REPRESENTATION_CONTEXT() REPRESENTATION_CONTEXT('2D SPACE',''
  ) );
#7353 = PCURVE('',#2667,#7354);
#7354 = DEFINITIONAL_REPRESENTATION('',(#7355),#7359);
#7355 = LINE('',#7356,#7357);
#7356 = CARTESIAN_POINT('',(-0.,0.));
#7357 = VECTOR('',#7358,1.);
#7358 = DIRECTION('',(-0.,-1.));
#7359 = ( GEOMETRIC_REPRESENTATION_CONTEXT(2)
PARAMETRIC_REPRESENTATION_CONTEXT() REPRESENTATION_CONTEXT('2D SPACE',''
  ) );
#7360 = ORIENTED_EDGE('',*,*,#5054,.F.);
#7361 = ORIENTED_EDGE('',*,*,#7340,.F.);
#7362 = ADVANCED_FACE('',(#7363),#2702,.F.);
#7363 = FACE_BOUND('',#7364,.T.);
#7364 = EDGE_LOOP('',(#7365,#7366,#7387,#7388));
#7365 = ORIENTED_EDGE('',*,*,#2681,.T.);
#7366 = ORIENTED_EDGE('',*,*,#7367,.T.);
#7367 = EDGE_CURVE('',#2682,#5085,#7368,.T.);
#7368 = SEAM_CURVE('',#7369,(#7373,#7380),.PCURVE_S1.);
#7369 = LINE('',#7370,#7371);
#7370 = CARTESIAN_POINT('',(13.111387090178,38.277613429288,-5.E-02));
#7371 = VECTOR('',#7372,1.);
#7372 = DIRECTION('',(0.,0.,1.));
#7373 = PCURVE('',#2702,#7374);
#7374 = DEFINITIONAL_REPRESENTATION('',(#7375),#7379);
#7375 = LINE('',#7376,#7377);
#7376 = CARTESIAN_POINT('',(-6.28318530718,0.));
#7377 = VECTOR('',#7378,1.);
#7378 = DIRECTION('',(-0.,-1.));
#7379 = ( GEOMETRIC_REPRESENTATION_CONTEXT(2)
PARAMETRIC_REPRESENTATION_CONTEXT() REPRESENTATION_CONTEXT('2D SPACE',''
  ) );
#7380 = PCURVE('',#2702,#7381);
#7381 = DEFINITIONAL_REPRESENTATION('',(#7382),#7386);
#7382 = LINE('',#7383,#7384);
#7383 = CARTESIAN_POINT('',(-0.,0.));
#7384 = VECTOR('',#7385,1.);
#7385 = DIRECTION('',(-0.,-1.));
#7386 = ( GEOMETRIC_REPRESENTATION_CONTEXT(2)
PARAMETRIC_REPRESENTATION_CONTEXT() REPRESENTATION_CONTEXT('2D SPACE',''
  ) );
#7387 = ORIENTED_EDGE('',*,*,#5084,.F.);
#7388 = ORIENTED_EDGE('',*,*,#7367,.F.);
#7389 = ADVANCED_FACE('',(#7390),#2737,.F.);
#7390 = FACE_BOUND('',#7391,.T.);
#7391 = EDGE_LOOP('',(#7392,#7393,#7414,#7415));
#7392 = ORIENTED_EDGE('',*,*,#2716,.T.);
#7393 = ORIENTED_EDGE('',*,*,#7394,.T.);
#7394 = EDGE_CURVE('',#2717,#5115,#7395,.T.);
#7395 = SEAM_CURVE('',#7396,(#7400,#7407),.PCURVE_S1.);
#7396 = LINE('',#7397,#7398);
#7397 = CARTESIAN_POINT('',(16.807337294604,36.955181300451,-5.E-02));
#7398 = VECTOR('',#7399,1.);
#7399 = DIRECTION('',(0.,0.,1.));
#7400 = PCURVE('',#2737,#7401);
#7401 = DEFINITIONAL_REPRESENTATION('',(#7402),#7406);
#7402 = LINE('',#7403,#7404);
#7403 = CARTESIAN_POINT('',(-6.28318530718,0.));
#7404 = VECTOR('',#7405,1.);
#7405 = DIRECTION('',(-0.,-1.));
#7406 = ( GEOMETRIC_REPRESENTATION_CONTEXT(2)
PARAMETRIC_REPRESENTATION_CONTEXT() REPRESENTATION_CONTEXT('2D SPACE',''
  ) );
#7407 = PCURVE('',#2737,#7408);
#7408 = DEFINITIONAL_REPRESENTATION('',(#7409),#7413);
#7409 = LINE('',#7410,#7411);
#7410 = CARTESIAN_POINT('',(-0.,0.));
#7411 = VECTOR('',#7412,1.);
#7412 = DIRECTION('',(-0.,-1.));
#7413 = ( GEOMETRIC_REPRESENTATION_CONTEXT(2)
PARAMETRIC_REPRESENTATION_CONTEXT() REPRESENTATION_CONTEXT('2D SPACE',''
  ) );
#7414 = ORIENTED_EDGE('',*,*,#5114,.F.);
#7415 = ORIENTED_EDGE('',*,*,#7394,.F.);
#7416 = ADVANCED_FACE('',(#7417),#2772,.F.);
#7417 = FACE_BOUND('',#7418,.T.);
#7418 = EDGE_LOOP('',(#7419,#7420,#7441,#7442));
#7419 = ORIENTED_EDGE('',*,*,#2751,.T.);
#7420 = ORIENTED_EDGE('',*,*,#7421,.T.);
#7421 = EDGE_CURVE('',#2752,#5145,#7422,.T.);
#7422 = SEAM_CURVE('',#7423,(#7427,#7434),.PCURVE_S1.);
#7423 = LINE('',#7424,#7425);
#7424 = CARTESIAN_POINT('',(32.420418134509,25.375731366546,-5.E-02));
#7425 = VECTOR('',#7426,1.);
#7426 = DIRECTION('',(0.,0.,1.));
#7427 = PCURVE('',#2772,#7428);
#7428 = DEFINITIONAL_REPRESENTATION('',(#7429),#7433);
#7429 = LINE('',#7430,#7431);
#7430 = CARTESIAN_POINT('',(-6.28318530718,0.));
#7431 = VECTOR('',#7432,1.);
#7432 = DIRECTION('',(-0.,-1.));
#7433 = ( GEOMETRIC_REPRESENTATION_CONTEXT(2)
PARAMETRIC_REPRESENTATION_CONTEXT() REPRESENTATION_CONTEXT('2D SPACE',''
  ) );
#7434 = PCURVE('',#2772,#7435);
#7435 = DEFINITIONAL_REPRESENTATION('',(#7436),#7440);
#7436 = LINE('',#7437,#7438);
#7437 = CARTESIAN_POINT('',(-0.,0.));
#7438 = VECTOR('',#7439,1.);
#7439 = DIRECTION('',(-0.,-1.));
#7440 = ( GEOMETRIC_REPRESENTATION_CONTEXT(2)
PARAMETRIC_REPRESENTATION_CONTEXT() REPRESENTATION_CONTEXT('2D SPACE',''
  ) );
#7441 = ORIENTED_EDGE('',*,*,#5144,.F.);
#7442 = ORIENTED_EDGE('',*,*,#7421,.F.);
#7443 = ADVANCED_FACE('',(#7444),#2807,.F.);
#7444 = FACE_BOUND('',#7445,.T.);
#7445 = EDGE_LOOP('',(#7446,#7447,#7468,#7469));
#7446 = ORIENTED_EDGE('',*,*,#2786,.T.);
#7447 = ORIENTED_EDGE('',*,*,#7448,.T.);
#7448 = EDGE_CURVE('',#2787,#5175,#7449,.T.);
#7449 = SEAM_CURVE('',#7450,(#7454,#7461),.PCURVE_S1.);
#7450 = LINE('',#7451,#7452);
#7451 = CARTESIAN_POINT('',(26.875731366546,30.920418134509,-5.E-02));
#7452 = VECTOR('',#7453,1.);
#7453 = DIRECTION('',(0.,0.,1.));
#7454 = PCURVE('',#2807,#7455);
#7455 = DEFINITIONAL_REPRESENTATION('',(#7456),#7460);
#7456 = LINE('',#7457,#7458);
#7457 = CARTESIAN_POINT('',(-6.28318530718,0.));
#7458 = VECTOR('',#7459,1.);
#7459 = DIRECTION('',(-0.,-1.));
#7460 = ( GEOMETRIC_REPRESENTATION_CONTEXT(2)
PARAMETRIC_REPRESENTATION_CONTEXT() REPRESENTATION_CONTEXT('2D SPACE',''
  ) );
#7461 = PCURVE('',#2807,#7462);
#7462 = DEFINITIONAL_REPRESENTATION('',(#7463),#7467);
#7463 = LINE('',#7464,#7465);
#7464 = CARTESIAN_POINT('',(-0.,0.));
#7465 = VECTOR('',#7466,1.);
#7466 = DIRECTION('',(-0.,-1.));
#7467 = ( GEOMETRIC_REPRESENTATION_CONTEXT(2)
PARAMETRIC_REPRESENTATION_CONTEXT() REPRESENTATION_CONTEXT('2D SPACE',''
  ) );
#7468 = ORIENTED_EDGE('',*,*,#5174,.F.);
#7469 = ORIENTED_EDGE('',*,*,#7448,.F.);
#7470 = ADVANCED_FACE('',(#7471),#2842,.F.);
#7471 = FACE_BOUND('',#7472,.T.);
#7472 = EDGE_LOOP('',(#7473,#7474,#7495,#7496));
#7473 = ORIENTED_EDGE('',*,*,#2821,.T.);
#7474 = ORIENTED_EDGE('',*,*,#7475,.T.);
#7475 = EDGE_CURVE('',#2822,#5205,#7476,.T.);
#7476 = SEAM_CURVE('',#7477,(#7481,#7488),.PCURVE_S1.);
#7477 = LINE('',#7478,#7479);
#7478 = CARTESIAN_POINT('',(29.784271247462,28.284271247462,-5.E-02));
#7479 = VECTOR('',#7480,1.);
#7480 = DIRECTION('',(0.,0.,1.));
#7481 = PCURVE('',#2842,#7482);
#7482 = DEFINITIONAL_REPRESENTATION('',(#7483),#7487);
#7483 = LINE('',#7484,#7485);
#7484 = CARTESIAN_POINT('',(-6.28318530718,0.));
#7485 = VECTOR('',#7486,1.);
#7486 = DIRECTION('',(-0.,-1.));
#7487 = ( GEOMETRIC_REPRESENTATION_CONTEXT(2)
PARAMETRIC_REPRESENTATION_CONTEXT() REPRESENTATION_CONTEXT('2D SPACE',''
  ) );
#7488 = PCURVE('',#2842,#7489);
#7489 = DEFINITIONAL_REPRESENTATION('',(#7490),#7494);
#7490 = LINE('',#7491,#7492);
#7491 = CARTESIAN_POINT('',(-0.,0.));
#7492 = VECTOR('',#7493,1.);
#7493 = DIRECTION('',(-0.,-1.));
#7494 = ( GEOMETRIC_REPRESENTATION_CONTEXT(2)
PARAMETRIC_REPRESENTATION_CONTEXT() REPRESENTATION_CONTEXT('2D SPACE',''
  ) );
#7495 = ORIENTED_EDGE('',*,*,#5204,.F.);
#7496 = ORIENTED_EDGE('',*,*,#7475,.F.);
#7497 = ADVANCED_FACE('',(#7498),#2877,.F.);
#7498 = FACE_BOUND('',#7499,.T.);
#7499 = EDGE_LOOP('',(#7500,#7501,#7522,#7523));
#7500 = ORIENTED_EDGE('',*,*,#2856,.T.);
#7501 = ORIENTED_EDGE('',*,*,#7502,.T.);
#7502 = EDGE_CURVE('',#2857,#5235,#7503,.T.);
#7503 = SEAM_CURVE('',#7504,(#7508,#7515),.PCURVE_S1.);
#7504 = LINE('',#7505,#7506);
#7505 = CARTESIAN_POINT('',(34.758784492102,22.222809320784,-5.E-02));
#7506 = VECTOR('',#7507,1.);
#7507 = DIRECTION('',(0.,0.,1.));
#7508 = PCURVE('',#2877,#7509);
#7509 = DEFINITIONAL_REPRESENTATION('',(#7510),#7514);
#7510 = LINE('',#7511,#7512);
#7511 = CARTESIAN_POINT('',(-6.28318530718,0.));
#7512 = VECTOR('',#7513,1.);
#7513 = DIRECTION('',(-0.,-1.));
#7514 = ( GEOMETRIC_REPRESENTATION_CONTEXT(2)
PARAMETRIC_REPRESENTATION_CONTEXT() REPRESENTATION_CONTEXT('2D SPACE',''
  ) );
#7515 = PCURVE('',#2877,#7516);
#7516 = DEFINITIONAL_REPRESENTATION('',(#7517),#7521);
#7517 = LINE('',#7518,#7519);
#7518 = CARTESIAN_POINT('',(-0.,0.));
#7519 = VECTOR('',#7520,1.);
#7520 = DIRECTION('',(-0.,-1.));
#7521 = ( GEOMETRIC_REPRESENTATION_CONTEXT(2)
PARAMETRIC_REPRESENTATION_CONTEXT() REPRESENTATION_CONTEXT('2D SPACE',''
  ) );
#7522 = ORIENTED_EDGE('',*,*,#5234,.F.);
#7523 = ORIENTED_EDGE('',*,*,#7502,.F.);
#7524 = ADVANCED_FACE('',(#7525),#2912,.F.);
#7525 = FACE_BOUND('',#7526,.T.);
#7526 = EDGE_LOOP('',(#7527,#7528,#7549,#7550));
#7527 = ORIENTED_EDGE('',*,*,#2891,.T.);
#7528 = ORIENTED_EDGE('',*,*,#7529,.T.);
#7529 = EDGE_CURVE('',#2892,#5265,#7530,.T.);
#7530 = SEAM_CURVE('',#7531,(#7535,#7542),.PCURVE_S1.);
#7531 = LINE('',#7532,#7533);
#7532 = CARTESIAN_POINT('',(23.722809320784,33.258784492102,-5.E-02));
#7533 = VECTOR('',#7534,1.);
#7534 = DIRECTION('',(0.,0.,1.));
#7535 = PCURVE('',#2912,#7536);
#7536 = DEFINITIONAL_REPRESENTATION('',(#7537),#7541);
#7537 = LINE('',#7538,#7539);
#7538 = CARTESIAN_POINT('',(-6.28318530718,0.));
#7539 = VECTOR('',#7540,1.);
#7540 = DIRECTION('',(-0.,-1.));
#7541 = ( GEOMETRIC_REPRESENTATION_CONTEXT(2)
PARAMETRIC_REPRESENTATION_CONTEXT() REPRESENTATION_CONTEXT('2D SPACE',''
  ) );
#7542 = PCURVE('',#2912,#7543);
#7543 = DEFINITIONAL_REPRESENTATION('',(#7544),#7548);
#7544 = LINE('',#7545,#7546);
#7545 = CARTESIAN_POINT('',(-0.,0.));
#7546 = VECTOR('',#7547,1.);
#7547 = DIRECTION('',(-0.,-1.));
#7548 = ( GEOMETRIC_REPRESENTATION_CONTEXT(2)
PARAMETRIC_REPRESENTATION_CONTEXT() REPRESENTATION_CONTEXT('2D SPACE',''
  ) );
#7549 = ORIENTED_EDGE('',*,*,#5264,.F.);
#7550 = ORIENTED_EDGE('',*,*,#7529,.F.);
#7551 = ( GEOMETRIC_REPRESENTATION_CONTEXT(3)
GLOBAL_UNCERTAINTY_ASSIGNED_CONTEXT((#7555))
GLOBAL_UNIT_ASSIGNED_CONTEXT((#7552,#7553,#7554)) REPRESENTATION_CONTEXT
('Context #1','3D Context with UNIT and UNCERTAINTY') );
#7552 = ( LENGTH_UNIT() NAMED_UNIT(*) SI_UNIT(.MILLI.,.METRE.) );
#7553 = ( NAMED_UNIT(*) PLANE_ANGLE_UNIT() SI_UNIT($,.RADIAN.) );
#7554 = ( NAMED_UNIT(*) SI_UNIT($,.STERADIAN.) SOLID_ANGLE_UNIT() );
#7555 = UNCERTAINTY_MEASURE_WITH_UNIT(LENGTH_MEASURE(1.E-07),#7552,
  'distance_accuracy_value','confusion accuracy');
#7556 = CONTEXT_DEPENDENT_SHAPE_REPRESENTATION(#7557,#7559);
#7557 = ( REPRESENTATION_RELATIONSHIP('','',#44,#10)
REPRESENTATION_RELATIONSHIP_WITH_TRANSFORMATION(#7558)
SHAPE_REPRESENTATION_RELATIONSHIP() );
#7558 = ITEM_DEFINED_TRANSFORMATION('','',#11,#15);
#7559 = PRODUCT_DEFINITION_SHAPE('Placement','Placement of an item',
  #7560);
#7560 = NEXT_ASSEMBLY_USAGE_OCCURRENCE('5','','',#5,#39,$);
#7561 = PRODUCT_RELATED_PRODUCT_CATEGORY('part',$,(#41));
#7562 = SHAPE_DEFINITION_REPRESENTATION(#7563,#7569);
#7563 = PRODUCT_DEFINITION_SHAPE('','',#7564);
#7564 = PRODUCT_DEFINITION('design','',#7565,#7568);
#7565 = PRODUCT_DEFINITION_FORMATION('','',#7566);
#7566 = PRODUCT('Open CASCADE STEP translator 7.9 3.2',
  'Open CASCADE STEP translator 7.9 3.2','',(#7567));
#7567 = PRODUCT_CONTEXT('',#2,'mechanical');
#7568 = PRODUCT_DEFINITION_CONTEXT('part definition',#2,'design');
#7569 = ADVANCED_BREP_SHAPE_REPRESENTATION('',(#11,#7570),#14912);
#7570 = MANIFOLD_SOLID_BREP('',#7571);
#7571 = CLOSED_SHELL('',(#7572,#7660,#10395,#12725,#12752,#12779,#12806,
    #12833,#12860,#12887,#12914,#12941,#12968,#12995,#13022,#13049,
    #13076,#13103,#13130,#13157,#13204,#13231,#13258,#13265,#13292,
    #13319,#13346,#13373,#13400,#13427,#13454,#13481,#13508,#13535,
    #13582,#13609,#13636,#13643,#13670,#13697,#13724,#13751,#13778,
    #13805,#13832,#13859,#13886,#13913,#13940,#13987,#14014,#14041,
    #14048,#14075,#14102,#14129,#14156,#14183,#14210,#14237,#14264,
    #14291,#14318,#14345,#14392,#14419,#14446,#14453,#14480,#14507,
    #14534,#14561,#14588,#14615,#14642,#14669,#14696,#14723,#14750,
    #14777,#14804,#14831,#14858,#14885));
#7572 = ADVANCED_FACE('',(#7573),#7587,.T.);
#7573 = FACE_BOUND('',#7574,.F.);
#7574 = EDGE_LOOP('',(#7575,#7605,#7632,#7633));
#7575 = ORIENTED_EDGE('',*,*,#7576,.T.);
#7576 = EDGE_CURVE('',#7577,#7579,#7581,.T.);
#7577 = VERTEX_POINT('',#7578);
#7578 = CARTESIAN_POINT('',(42.5,0.,58.15));
#7579 = VERTEX_POINT('',#7580);
#7580 = CARTESIAN_POINT('',(42.5,0.,60.3));
#7581 = SEAM_CURVE('',#7582,(#7586,#7598),.PCURVE_S1.);
#7582 = LINE('',#7583,#7584);
#7583 = CARTESIAN_POINT('',(42.5,0.,58.15));
#7584 = VECTOR('',#7585,1.);
#7585 = DIRECTION('',(0.,0.,1.));
#7586 = PCURVE('',#7587,#7592);
#7587 = CYLINDRICAL_SURFACE('',#7588,42.5);
#7588 = AXIS2_PLACEMENT_3D('',#7589,#7590,#7591);
#7589 = CARTESIAN_POINT('',(0.,0.,58.15));
#7590 = DIRECTION('',(-0.,-0.,-1.));
#7591 = DIRECTION('',(1.,0.,0.));
#7592 = DEFINITIONAL_REPRESENTATION('',(#7593),#7597);
#7593 = LINE('',#7594,#7595);
#7594 = CARTESIAN_POINT('',(-0.,0.));
#7595 = VECTOR('',#7596,1.);
#7596 = DIRECTION('',(-0.,-1.));
#7597 = ( GEOMETRIC_REPRESENTATION_CONTEXT(2)
PARAMETRIC_REPRESENTATION_CONTEXT() REPRESENTATION_CONTEXT('2D SPACE',''
  ) );
#7598 = PCURVE('',#7587,#7599);
#7599 = DEFINITIONAL_REPRESENTATION('',(#7600),#7604);
#7600 = LINE('',#7601,#7602);
#7601 = CARTESIAN_POINT('',(-6.28318530718,0.));
#7602 = VECTOR('',#7603,1.);
#7603 = DIRECTION('',(-0.,-1.));
#7604 = ( GEOMETRIC_REPRESENTATION_CONTEXT(2)
PARAMETRIC_REPRESENTATION_CONTEXT() REPRESENTATION_CONTEXT('2D SPACE',''
  ) );
#7605 = ORIENTED_EDGE('',*,*,#7606,.T.);
#7606 = EDGE_CURVE('',#7579,#7579,#7607,.T.);
#7607 = SURFACE_CURVE('',#7608,(#7613,#7620),.PCURVE_S1.);
#7608 = CIRCLE('',#7609,42.5);
#7609 = AXIS2_PLACEMENT_3D('',#7610,#7611,#7612);
#7610 = CARTESIAN_POINT('',(0.,0.,60.3));
#7611 = DIRECTION('',(0.,0.,1.));
#7612 = DIRECTION('',(1.,0.,0.));
#7613 = PCURVE('',#7587,#7614);
#7614 = DEFINITIONAL_REPRESENTATION('',(#7615),#7619);
#7615 = LINE('',#7616,#7617);
#7616 = CARTESIAN_POINT('',(-0.,-2.15));
#7617 = VECTOR('',#7618,1.);
#7618 = DIRECTION('',(-1.,0.));
#7619 = ( GEOMETRIC_REPRESENTATION_CONTEXT(2)
PARAMETRIC_REPRESENTATION_CONTEXT() REPRESENTATION_CONTEXT('2D SPACE',''
  ) );
#7620 = PCURVE('',#7621,#7626);
#7621 = PLANE('',#7622);
#7622 = AXIS2_PLACEMENT_3D('',#7623,#7624,#7625);
#7623 = CARTESIAN_POINT('',(-4.118407928589E-15,3.242876655026E-16,60.3)
  );
#7624 = DIRECTION('',(0.,0.,1.));
#7625 = DIRECTION('',(1.,0.,-0.));
#7626 = DEFINITIONAL_REPRESENTATION('',(#7627),#7631);
#7627 = CIRCLE('',#7628,42.5);
#7628 = AXIS2_PLACEMENT_2D('',#7629,#7630);
#7629 = CARTESIAN_POINT('',(4.118407928589E-15,-3.242876655026E-16));
#7630 = DIRECTION('',(1.,0.));
#7631 = ( GEOMETRIC_REPRESENTATION_CONTEXT(2)
PARAMETRIC_REPRESENTATION_CONTEXT() REPRESENTATION_CONTEXT('2D SPACE',''
  ) );
#7632 = ORIENTED_EDGE('',*,*,#7576,.F.);
#7633 = ORIENTED_EDGE('',*,*,#7634,.F.);
#7634 = EDGE_CURVE('',#7577,#7577,#7635,.T.);
#7635 = SURFACE_CURVE('',#7636,(#7641,#7648),.PCURVE_S1.);
#7636 = CIRCLE('',#7637,42.5);
#7637 = AXIS2_PLACEMENT_3D('',#7638,#7639,#7640);
#7638 = CARTESIAN_POINT('',(0.,0.,58.15));
#7639 = DIRECTION('',(0.,0.,1.));
#7640 = DIRECTION('',(1.,0.,0.));
#7641 = PCURVE('',#7587,#7642);
#7642 = DEFINITIONAL_REPRESENTATION('',(#7643),#7647);
#7643 = LINE('',#7644,#7645);
#7644 = CARTESIAN_POINT('',(-0.,0.));
#7645 = VECTOR('',#7646,1.);
#7646 = DIRECTION('',(-1.,0.));
#7647 = ( GEOMETRIC_REPRESENTATION_CONTEXT(2)
PARAMETRIC_REPRESENTATION_CONTEXT() REPRESENTATION_CONTEXT('2D SPACE',''
  ) );
#7648 = PCURVE('',#7649,#7654);
#7649 = PLANE('',#7650);
#7650 = AXIS2_PLACEMENT_3D('',#7651,#7652,#7653);
#7651 = CARTESIAN_POINT('',(-4.118407928589E-15,3.242876655026E-16,58.15
    ));
#7652 = DIRECTION('',(0.,0.,1.));
#7653 = DIRECTION('',(1.,0.,-0.));
#7654 = DEFINITIONAL_REPRESENTATION('',(#7655),#7659);
#7655 = CIRCLE('',#7656,42.5);
#7656 = AXIS2_PLACEMENT_2D('',#7657,#7658);
#7657 = CARTESIAN_POINT('',(4.118407928589E-15,-3.242876655026E-16));
#7658 = DIRECTION('',(1.,0.));
#7659 = ( GEOMETRIC_REPRESENTATION_CONTEXT(2)
PARAMETRIC_REPRESENTATION_CONTEXT() REPRESENTATION_CONTEXT('2D SPACE',''
  ) );
#7660 = ADVANCED_FACE('',(#7661,#7664,#7699,#7734,#7769,#7804,#7839,
    #7874,#7909,#7944,#7979,#8014,#8049,#8084,#8119,#8154,#8189,#8224,
    #8338,#8373,#8408,#8443,#8478,#8513,#8548,#8583,#8618,#8653,#8688,
    #8802,#8837,#8872,#8907,#8942,#8977,#9012,#9047,#9082,#9117,#9152,
    #9187,#9301,#9336,#9371,#9406,#9441,#9476,#9511,#9546,#9581,#9616,
    #9651,#9686,#9800,#9835,#9870,#9905,#9940,#9975,#10010,#10045,#10080
    ,#10115,#10150,#10185,#10220,#10255,#10290,#10325,#10360),#7649,.F.
  );
#7661 = FACE_BOUND('',#7662,.F.);
#7662 = EDGE_LOOP('',(#7663));
#7663 = ORIENTED_EDGE('',*,*,#7634,.T.);
#7664 = FACE_BOUND('',#7665,.F.);
#7665 = EDGE_LOOP('',(#7666));
#7666 = ORIENTED_EDGE('',*,*,#7667,.T.);
#7667 = EDGE_CURVE('',#7668,#7668,#7670,.T.);
#7668 = VERTEX_POINT('',#7669);
#7669 = CARTESIAN_POINT('',(-20.72280932078,-33.2587844921,58.15));
#7670 = SURFACE_CURVE('',#7671,(#7676,#7687),.PCURVE_S1.);
#7671 = CIRCLE('',#7672,1.5);
#7672 = AXIS2_PLACEMENT_3D('',#7673,#7674,#7675);
#7673 = CARTESIAN_POINT('',(-22.22280932078,-33.2587844921,58.15));
#7674 = DIRECTION('',(0.,0.,-1.));
#7675 = DIRECTION('',(1.,0.,0.));
#7676 = PCURVE('',#7649,#7677);
#7677 = DEFINITIONAL_REPRESENTATION('',(#7678),#7686);
#7678 = ( BOUNDED_CURVE() B_SPLINE_CURVE(2,(#7679,#7680,#7681,#7682,
#7683,#7684,#7685),.UNSPECIFIED.,.T.,.F.) B_SPLINE_CURVE_WITH_KNOTS((1,2
    ,2,2,2,1),(-2.094395102393,0.,2.094395102393,4.188790204786,
6.28318530718,8.377580409573),.UNSPECIFIED.) CURVE()
GEOMETRIC_REPRESENTATION_ITEM() RATIONAL_B_SPLINE_CURVE((1.,0.5,1.,0.5,
1.,0.5,1.)) REPRESENTATION_ITEM('') );
#7679 = CARTESIAN_POINT('',(-20.72280932078,-33.2587844921));
#7680 = CARTESIAN_POINT('',(-20.72280932078,-35.85686070345));
#7681 = CARTESIAN_POINT('',(-22.97280932078,-34.55782259777));
#7682 = CARTESIAN_POINT('',(-25.22280932078,-33.2587844921));
#7683 = CARTESIAN_POINT('',(-22.97280932078,-31.95974638642));
#7684 = CARTESIAN_POINT('',(-20.72280932078,-30.66070828074));
#7685 = CARTESIAN_POINT('',(-20.72280932078,-33.2587844921));
#7686 = ( GEOMETRIC_REPRESENTATION_CONTEXT(2)
PARAMETRIC_REPRESENTATION_CONTEXT() REPRESENTATION_CONTEXT('2D SPACE',''
  ) );
#7687 = PCURVE('',#7688,#7693);
#7688 = CYLINDRICAL_SURFACE('',#7689,1.5);
#7689 = AXIS2_PLACEMENT_3D('',#7690,#7691,#7692);
#7690 = CARTESIAN_POINT('',(-22.22280932078,-33.2587844921,58.1));
#7691 = DIRECTION('',(-0.,-0.,-1.));
#7692 = DIRECTION('',(1.,0.,0.));
#7693 = DEFINITIONAL_REPRESENTATION('',(#7694),#7698);
#7694 = LINE('',#7695,#7696);
#7695 = CARTESIAN_POINT('',(-6.28318530718,-5.E-02));
#7696 = VECTOR('',#7697,1.);
#7697 = DIRECTION('',(1.,-0.));
#7698 = ( GEOMETRIC_REPRESENTATION_CONTEXT(2)
PARAMETRIC_REPRESENTATION_CONTEXT() REPRESENTATION_CONTEXT('2D SPACE',''
  ) );
#7699 = FACE_BOUND('',#7700,.F.);
#7700 = EDGE_LOOP('',(#7701));
#7701 = ORIENTED_EDGE('',*,*,#7702,.T.);
#7702 = EDGE_CURVE('',#7703,#7703,#7705,.T.);
#7703 = VERTEX_POINT('',#7704);
#7704 = CARTESIAN_POINT('',(-31.7587844921,-22.22280932078,58.15));
#7705 = SURFACE_CURVE('',#7706,(#7711,#7722),.PCURVE_S1.);
#7706 = CIRCLE('',#7707,1.5);
#7707 = AXIS2_PLACEMENT_3D('',#7708,#7709,#7710);
#7708 = CARTESIAN_POINT('',(-33.2587844921,-22.22280932078,58.15));
#7709 = DIRECTION('',(0.,0.,-1.));
#7710 = DIRECTION('',(1.,0.,0.));
#7711 = PCURVE('',#7649,#7712);
#7712 = DEFINITIONAL_REPRESENTATION('',(#7713),#7721);
#7713 = ( BOUNDED_CURVE() B_SPLINE_CURVE(2,(#7714,#7715,#7716,#7717,
#7718,#7719,#7720),.UNSPECIFIED.,.T.,.F.) B_SPLINE_CURVE_WITH_KNOTS((1,2
    ,2,2,2,1),(-2.094395102393,0.,2.094395102393,4.188790204786,
6.28318530718,8.377580409573),.UNSPECIFIED.) CURVE()
GEOMETRIC_REPRESENTATION_ITEM() RATIONAL_B_SPLINE_CURVE((1.,0.5,1.,0.5,
1.,0.5,1.)) REPRESENTATION_ITEM('') );
#7714 = CARTESIAN_POINT('',(-31.7587844921,-22.22280932078));
#7715 = CARTESIAN_POINT('',(-31.7587844921,-24.82088553213));
#7716 = CARTESIAN_POINT('',(-34.0087844921,-23.52184742646));
#7717 = CARTESIAN_POINT('',(-36.2587844921,-22.22280932078));
#7718 = CARTESIAN_POINT('',(-34.0087844921,-20.9237712151));
#7719 = CARTESIAN_POINT('',(-31.7587844921,-19.62473310943));
#7720 = CARTESIAN_POINT('',(-31.7587844921,-22.22280932078));
#7721 = ( GEOMETRIC_REPRESENTATION_CONTEXT(2)
PARAMETRIC_REPRESENTATION_CONTEXT() REPRESENTATION_CONTEXT('2D SPACE',''
  ) );
#7722 = PCURVE('',#7723,#7728);
#7723 = CYLINDRICAL_SURFACE('',#7724,1.5);
#7724 = AXIS2_PLACEMENT_3D('',#7725,#7726,#7727);
#7725 = CARTESIAN_POINT('',(-33.2587844921,-22.22280932078,58.1));
#7726 = DIRECTION('',(-0.,-0.,-1.));
#7727 = DIRECTION('',(1.,0.,0.));
#7728 = DEFINITIONAL_REPRESENTATION('',(#7729),#7733);
#7729 = LINE('',#7730,#7731);
#7730 = CARTESIAN_POINT('',(-6.28318530718,-5.E-02));
#7731 = VECTOR('',#7732,1.);
#7732 = DIRECTION('',(1.,-0.));
#7733 = ( GEOMETRIC_REPRESENTATION_CONTEXT(2)
PARAMETRIC_REPRESENTATION_CONTEXT() REPRESENTATION_CONTEXT('2D SPACE',''
  ) );
#7734 = FACE_BOUND('',#7735,.F.);
#7735 = EDGE_LOOP('',(#7736));
#7736 = ORIENTED_EDGE('',*,*,#7737,.T.);
#7737 = EDGE_CURVE('',#7738,#7738,#7740,.T.);
#7738 = VERTEX_POINT('',#7739);
#7739 = CARTESIAN_POINT('',(-26.78427124746,-28.28427124746,58.15));
#7740 = SURFACE_CURVE('',#7741,(#7746,#7757),.PCURVE_S1.);
#7741 = CIRCLE('',#7742,1.5);
#7742 = AXIS2_PLACEMENT_3D('',#7743,#7744,#7745);
#7743 = CARTESIAN_POINT('',(-28.28427124746,-28.28427124746,58.15));
#7744 = DIRECTION('',(0.,0.,-1.));
#7745 = DIRECTION('',(1.,0.,0.));
#7746 = PCURVE('',#7649,#7747);
#7747 = DEFINITIONAL_REPRESENTATION('',(#7748),#7756);
#7748 = ( BOUNDED_CURVE() B_SPLINE_CURVE(2,(#7749,#7750,#7751,#7752,
#7753,#7754,#7755),.UNSPECIFIED.,.T.,.F.) B_SPLINE_CURVE_WITH_KNOTS((1,2
    ,2,2,2,1),(-2.094395102393,0.,2.094395102393,4.188790204786,
6.28318530718,8.377580409573),.UNSPECIFIED.) CURVE()
GEOMETRIC_REPRESENTATION_ITEM() RATIONAL_B_SPLINE_CURVE((1.,0.5,1.,0.5,
1.,0.5,1.)) REPRESENTATION_ITEM('') );
#7749 = CARTESIAN_POINT('',(-26.78427124746,-28.28427124746));
#7750 = CARTESIAN_POINT('',(-26.78427124746,-30.88234745881));
#7751 = CARTESIAN_POINT('',(-29.03427124746,-29.58330935313));
#7752 = CARTESIAN_POINT('',(-31.28427124746,-28.28427124746));
#7753 = CARTESIAN_POINT('',(-29.03427124746,-26.98523314178));
#7754 = CARTESIAN_POINT('',(-26.78427124746,-25.6861950361));
#7755 = CARTESIAN_POINT('',(-26.78427124746,-28.28427124746));
#7756 = ( GEOMETRIC_REPRESENTATION_CONTEXT(2)
PARAMETRIC_REPRESENTATION_CONTEXT() REPRESENTATION_CONTEXT('2D SPACE',''
  ) );
#7757 = PCURVE('',#7758,#7763);
#7758 = CYLINDRICAL_SURFACE('',#7759,1.5);
#7759 = AXIS2_PLACEMENT_3D('',#7760,#7761,#7762);
#7760 = CARTESIAN_POINT('',(-28.28427124746,-28.28427124746,58.1));
#7761 = DIRECTION('',(-0.,-0.,-1.));
#7762 = DIRECTION('',(1.,0.,0.));
#7763 = DEFINITIONAL_REPRESENTATION('',(#7764),#7768);
#7764 = LINE('',#7765,#7766);
#7765 = CARTESIAN_POINT('',(-6.28318530718,-5.E-02));
#7766 = VECTOR('',#7767,1.);
#7767 = DIRECTION('',(1.,-0.));
#7768 = ( GEOMETRIC_REPRESENTATION_CONTEXT(2)
PARAMETRIC_REPRESENTATION_CONTEXT() REPRESENTATION_CONTEXT('2D SPACE',''
  ) );
#7769 = FACE_BOUND('',#7770,.F.);
#7770 = EDGE_LOOP('',(#7771));
#7771 = ORIENTED_EDGE('',*,*,#7772,.T.);
#7772 = EDGE_CURVE('',#7773,#7773,#7775,.T.);
#7773 = VERTEX_POINT('',#7774);
#7774 = CARTESIAN_POINT('',(-23.87573136654,-30.9204181345,58.15));
#7775 = SURFACE_CURVE('',#7776,(#7781,#7792),.PCURVE_S1.);
#7776 = CIRCLE('',#7777,1.5);
#7777 = AXIS2_PLACEMENT_3D('',#7778,#7779,#7780);
#7778 = CARTESIAN_POINT('',(-25.37573136654,-30.9204181345,58.15));
#7779 = DIRECTION('',(0.,0.,-1.));
#7780 = DIRECTION('',(1.,0.,0.));
#7781 = PCURVE('',#7649,#7782);
#7782 = DEFINITIONAL_REPRESENTATION('',(#7783),#7791);
#7783 = ( BOUNDED_CURVE() B_SPLINE_CURVE(2,(#7784,#7785,#7786,#7787,
#7788,#7789,#7790),.UNSPECIFIED.,.T.,.F.) B_SPLINE_CURVE_WITH_KNOTS((1,2
    ,2,2,2,1),(-2.094395102393,0.,2.094395102393,4.188790204786,
6.28318530718,8.377580409573),.UNSPECIFIED.) CURVE()
GEOMETRIC_REPRESENTATION_ITEM() RATIONAL_B_SPLINE_CURVE((1.,0.5,1.,0.5,
1.,0.5,1.)) REPRESENTATION_ITEM('') );
#7784 = CARTESIAN_POINT('',(-23.87573136654,-30.9204181345));
#7785 = CARTESIAN_POINT('',(-23.87573136654,-33.51849434586));
#7786 = CARTESIAN_POINT('',(-26.12573136654,-32.21945624018));
#7787 = CARTESIAN_POINT('',(-28.37573136654,-30.9204181345));
#7788 = CARTESIAN_POINT('',(-26.12573136654,-29.62138002883));
#7789 = CARTESIAN_POINT('',(-23.87573136654,-28.32234192315));
#7790 = CARTESIAN_POINT('',(-23.87573136654,-30.9204181345));
#7791 = ( GEOMETRIC_REPRESENTATION_CONTEXT(2)
PARAMETRIC_REPRESENTATION_CONTEXT() REPRESENTATION_CONTEXT('2D SPACE',''
  ) );
#7792 = PCURVE('',#7793,#7798);
#7793 = CYLINDRICAL_SURFACE('',#7794,1.5);
#7794 = AXIS2_PLACEMENT_3D('',#7795,#7796,#7797);
#7795 = CARTESIAN_POINT('',(-25.37573136654,-30.9204181345,58.1));
#7796 = DIRECTION('',(-0.,-0.,-1.));
#7797 = DIRECTION('',(1.,0.,0.));
#7798 = DEFINITIONAL_REPRESENTATION('',(#7799),#7803);
#7799 = LINE('',#7800,#7801);
#7800 = CARTESIAN_POINT('',(-6.28318530718,-5.E-02));
#7801 = VECTOR('',#7802,1.);
#7802 = DIRECTION('',(1.,-0.));
#7803 = ( GEOMETRIC_REPRESENTATION_CONTEXT(2)
PARAMETRIC_REPRESENTATION_CONTEXT() REPRESENTATION_CONTEXT('2D SPACE',''
  ) );
#7804 = FACE_BOUND('',#7805,.F.);
#7805 = EDGE_LOOP('',(#7806));
#7806 = ORIENTED_EDGE('',*,*,#7807,.T.);
#7807 = EDGE_CURVE('',#7808,#7808,#7810,.T.);
#7808 = VERTEX_POINT('',#7809);
#7809 = CARTESIAN_POINT('',(-29.4204181345,-25.37573136654,58.15));
#7810 = SURFACE_CURVE('',#7811,(#7816,#7827),.PCURVE_S1.);
#7811 = CIRCLE('',#7812,1.5);
#7812 = AXIS2_PLACEMENT_3D('',#7813,#7814,#7815);
#7813 = CARTESIAN_POINT('',(-30.9204181345,-25.37573136654,58.15));
#7814 = DIRECTION('',(0.,0.,-1.));
#7815 = DIRECTION('',(1.,0.,0.));
#7816 = PCURVE('',#7649,#7817);
#7817 = DEFINITIONAL_REPRESENTATION('',(#7818),#7826);
#7818 = ( BOUNDED_CURVE() B_SPLINE_CURVE(2,(#7819,#7820,#7821,#7822,
#7823,#7824,#7825),.UNSPECIFIED.,.T.,.F.) B_SPLINE_CURVE_WITH_KNOTS((1,2
    ,2,2,2,1),(-2.094395102393,0.,2.094395102393,4.188790204786,
6.28318530718,8.377580409573),.UNSPECIFIED.) CURVE()
GEOMETRIC_REPRESENTATION_ITEM() RATIONAL_B_SPLINE_CURVE((1.,0.5,1.,0.5,
1.,0.5,1.)) REPRESENTATION_ITEM('') );
#7819 = CARTESIAN_POINT('',(-29.4204181345,-25.37573136654));
#7820 = CARTESIAN_POINT('',(-29.4204181345,-27.97380757789));
#7821 = CARTESIAN_POINT('',(-31.6704181345,-26.67476947222));
#7822 = CARTESIAN_POINT('',(-33.9204181345,-25.37573136654));
#7823 = CARTESIAN_POINT('',(-31.6704181345,-24.07669326086));
#7824 = CARTESIAN_POINT('',(-29.4204181345,-22.77765515519));
#7825 = CARTESIAN_POINT('',(-29.4204181345,-25.37573136654));
#7826 = ( GEOMETRIC_REPRESENTATION_CONTEXT(2)
PARAMETRIC_REPRESENTATION_CONTEXT() REPRESENTATION_CONTEXT('2D SPACE',''
  ) );
#7827 = PCURVE('',#7828,#7833);
#7828 = CYLINDRICAL_SURFACE('',#7829,1.5);
#7829 = AXIS2_PLACEMENT_3D('',#7830,#7831,#7832);
#7830 = CARTESIAN_POINT('',(-30.9204181345,-25.37573136654,58.1));
#7831 = DIRECTION('',(-0.,-0.,-1.));
#7832 = DIRECTION('',(1.,0.,0.));
#7833 = DEFINITIONAL_REPRESENTATION('',(#7834),#7838);
#7834 = LINE('',#7835,#7836);
#7835 = CARTESIAN_POINT('',(-6.28318530718,-5.E-02));
#7836 = VECTOR('',#7837,1.);
#7837 = DIRECTION('',(1.,-0.));
#7838 = ( GEOMETRIC_REPRESENTATION_CONTEXT(2)
PARAMETRIC_REPRESENTATION_CONTEXT() REPRESENTATION_CONTEXT('2D SPACE',''
  ) );
#7839 = FACE_BOUND('',#7840,.F.);
#7840 = EDGE_LOOP('',(#7841));
#7841 = ORIENTED_EDGE('',*,*,#7842,.T.);
#7842 = EDGE_CURVE('',#7843,#7843,#7845,.T.);
#7843 = VERTEX_POINT('',#7844);
#7844 = CARTESIAN_POINT('',(-13.8073372946,-36.95518130045,58.15));
#7845 = SURFACE_CURVE('',#7846,(#7851,#7862),.PCURVE_S1.);
#7846 = CIRCLE('',#7847,1.5);
#7847 = AXIS2_PLACEMENT_3D('',#7848,#7849,#7850);
#7848 = CARTESIAN_POINT('',(-15.3073372946,-36.95518130045,58.15));
#7849 = DIRECTION('',(0.,0.,-1.));
#7850 = DIRECTION('',(1.,0.,0.));
#7851 = PCURVE('',#7649,#7852);
#7852 = DEFINITIONAL_REPRESENTATION('',(#7853),#7861);
#7853 = ( BOUNDED_CURVE() B_SPLINE_CURVE(2,(#7854,#7855,#7856,#7857,
#7858,#7859,#7860),.UNSPECIFIED.,.T.,.F.) B_SPLINE_CURVE_WITH_KNOTS((1,2
    ,2,2,2,1),(-2.094395102393,0.,2.094395102393,4.188790204786,
6.28318530718,8.377580409573),.UNSPECIFIED.) CURVE()
GEOMETRIC_REPRESENTATION_ITEM() RATIONAL_B_SPLINE_CURVE((1.,0.5,1.,0.5,
1.,0.5,1.)) REPRESENTATION_ITEM('') );
#7854 = CARTESIAN_POINT('',(-13.8073372946,-36.95518130045));
#7855 = CARTESIAN_POINT('',(-13.8073372946,-39.5532575118));
#7856 = CARTESIAN_POINT('',(-16.0573372946,-38.25421940612));
#7857 = CARTESIAN_POINT('',(-18.3073372946,-36.95518130045));
#7858 = CARTESIAN_POINT('',(-16.0573372946,-35.65614319477));
#7859 = CARTESIAN_POINT('',(-13.8073372946,-34.35710508909));
#7860 = CARTESIAN_POINT('',(-13.8073372946,-36.95518130045));
#7861 = ( GEOMETRIC_REPRESENTATION_CONTEXT(2)
PARAMETRIC_REPRESENTATION_CONTEXT() REPRESENTATION_CONTEXT('2D SPACE',''
  ) );
#7862 = PCURVE('',#7863,#7868);
#7863 = CYLINDRICAL_SURFACE('',#7864,1.5);
#7864 = AXIS2_PLACEMENT_3D('',#7865,#7866,#7867);
#7865 = CARTESIAN_POINT('',(-15.3073372946,-36.95518130045,58.1));
#7866 = DIRECTION('',(-0.,-0.,-1.));
#7867 = DIRECTION('',(1.,0.,0.));
#7868 = DEFINITIONAL_REPRESENTATION('',(#7869),#7873);
#7869 = LINE('',#7870,#7871);
#7870 = CARTESIAN_POINT('',(-6.28318530718,-5.E-02));
#7871 = VECTOR('',#7872,1.);
#7872 = DIRECTION('',(1.,-0.));
#7873 = ( GEOMETRIC_REPRESENTATION_CONTEXT(2)
PARAMETRIC_REPRESENTATION_CONTEXT() REPRESENTATION_CONTEXT('2D SPACE',''
  ) );
#7874 = FACE_BOUND('',#7875,.F.);
#7875 = EDGE_LOOP('',(#7876));
#7876 = ORIENTED_EDGE('',*,*,#7877,.T.);
#7877 = EDGE_CURVE('',#7878,#7878,#7880,.T.);
#7878 = VERTEX_POINT('',#7879);
#7879 = CARTESIAN_POINT('',(-10.11138709017,-38.27761342928,58.15));
#7880 = SURFACE_CURVE('',#7881,(#7886,#7897),.PCURVE_S1.);
#7881 = CIRCLE('',#7882,1.5);
#7882 = AXIS2_PLACEMENT_3D('',#7883,#7884,#7885);
#7883 = CARTESIAN_POINT('',(-11.61138709017,-38.27761342928,58.15));
#7884 = DIRECTION('',(0.,0.,-1.));
#7885 = DIRECTION('',(1.,0.,0.));
#7886 = PCURVE('',#7649,#7887);
#7887 = DEFINITIONAL_REPRESENTATION('',(#7888),#7896);
#7888 = ( BOUNDED_CURVE() B_SPLINE_CURVE(2,(#7889,#7890,#7891,#7892,
#7893,#7894,#7895),.UNSPECIFIED.,.T.,.F.) B_SPLINE_CURVE_WITH_KNOTS((1,2
    ,2,2,2,1),(-2.094395102393,0.,2.094395102393,4.188790204786,
6.28318530718,8.377580409573),.UNSPECIFIED.) CURVE()
GEOMETRIC_REPRESENTATION_ITEM() RATIONAL_B_SPLINE_CURVE((1.,0.5,1.,0.5,
1.,0.5,1.)) REPRESENTATION_ITEM('') );
#7889 = CARTESIAN_POINT('',(-10.11138709017,-38.27761342928));
#7890 = CARTESIAN_POINT('',(-10.11138709017,-40.87568964064));
#7891 = CARTESIAN_POINT('',(-12.36138709017,-39.57665153496));
#7892 = CARTESIAN_POINT('',(-14.61138709017,-38.27761342928));
#7893 = CARTESIAN_POINT('',(-12.36138709017,-36.97857532361));
#7894 = CARTESIAN_POINT('',(-10.11138709017,-35.67953721793));
#7895 = CARTESIAN_POINT('',(-10.11138709017,-38.27761342928));
#7896 = ( GEOMETRIC_REPRESENTATION_CONTEXT(2)
PARAMETRIC_REPRESENTATION_CONTEXT() REPRESENTATION_CONTEXT('2D SPACE',''
  ) );
#7897 = PCURVE('',#7898,#7903);
#7898 = CYLINDRICAL_SURFACE('',#7899,1.5);
#7899 = AXIS2_PLACEMENT_3D('',#7900,#7901,#7902);
#7900 = CARTESIAN_POINT('',(-11.61138709017,-38.27761342928,58.1));
#7901 = DIRECTION('',(-0.,-0.,-1.));
#7902 = DIRECTION('',(1.,0.,0.));
#7903 = DEFINITIONAL_REPRESENTATION('',(#7904),#7908);
#7904 = LINE('',#7905,#7906);
#7905 = CARTESIAN_POINT('',(-6.28318530718,-5.E-02));
#7906 = VECTOR('',#7907,1.);
#7907 = DIRECTION('',(1.,-0.));
#7908 = ( GEOMETRIC_REPRESENTATION_CONTEXT(2)
PARAMETRIC_REPRESENTATION_CONTEXT() REPRESENTATION_CONTEXT('2D SPACE',''
  ) );
#7909 = FACE_BOUND('',#7910,.F.);
#7910 = EDGE_LOOP('',(#7911));
#7911 = ORIENTED_EDGE('',*,*,#7912,.T.);
#7912 = EDGE_CURVE('',#7913,#7913,#7915,.T.);
#7913 = VERTEX_POINT('',#7914);
#7914 = CARTESIAN_POINT('',(-17.35586947304,-35.27685057393,58.15));
#7915 = SURFACE_CURVE('',#7916,(#7921,#7932),.PCURVE_S1.);
#7916 = CIRCLE('',#7917,1.5);
#7917 = AXIS2_PLACEMENT_3D('',#7918,#7919,#7920);
#7918 = CARTESIAN_POINT('',(-18.85586947304,-35.27685057393,58.15));
#7919 = DIRECTION('',(0.,0.,-1.));
#7920 = DIRECTION('',(1.,0.,0.));
#7921 = PCURVE('',#7649,#7922);
#7922 = DEFINITIONAL_REPRESENTATION('',(#7923),#7931);
#7923 = ( BOUNDED_CURVE() B_SPLINE_CURVE(2,(#7924,#7925,#7926,#7927,
#7928,#7929,#7930),.UNSPECIFIED.,.T.,.F.) B_SPLINE_CURVE_WITH_KNOTS((1,2
    ,2,2,2,1),(-2.094395102393,0.,2.094395102393,4.188790204786,
6.28318530718,8.377580409573),.UNSPECIFIED.) CURVE()
GEOMETRIC_REPRESENTATION_ITEM() RATIONAL_B_SPLINE_CURVE((1.,0.5,1.,0.5,
1.,0.5,1.)) REPRESENTATION_ITEM('') );
#7924 = CARTESIAN_POINT('',(-17.35586947304,-35.27685057393));
#7925 = CARTESIAN_POINT('',(-17.35586947304,-37.87492678528));
#7926 = CARTESIAN_POINT('',(-19.60586947304,-36.57588867961));
#7927 = CARTESIAN_POINT('',(-21.85586947304,-35.27685057393));
#7928 = CARTESIAN_POINT('',(-19.60586947304,-33.97781246825));
#7929 = CARTESIAN_POINT('',(-17.35586947304,-32.67877436258));
#7930 = CARTESIAN_POINT('',(-17.35586947304,-35.27685057393));
#7931 = ( GEOMETRIC_REPRESENTATION_CONTEXT(2)
PARAMETRIC_REPRESENTATION_CONTEXT() REPRESENTATION_CONTEXT('2D SPACE',''
  ) );
#7932 = PCURVE('',#7933,#7938);
#7933 = CYLINDRICAL_SURFACE('',#7934,1.5);
#7934 = AXIS2_PLACEMENT_3D('',#7935,#7936,#7937);
#7935 = CARTESIAN_POINT('',(-18.85586947304,-35.27685057393,58.1));
#7936 = DIRECTION('',(-0.,-0.,-1.));
#7937 = DIRECTION('',(1.,0.,0.));
#7938 = DEFINITIONAL_REPRESENTATION('',(#7939),#7943);
#7939 = LINE('',#7940,#7941);
#7940 = CARTESIAN_POINT('',(-6.28318530718,-5.E-02));
#7941 = VECTOR('',#7942,1.);
#7942 = DIRECTION('',(1.,-0.));
#7943 = ( GEOMETRIC_REPRESENTATION_CONTEXT(2)
PARAMETRIC_REPRESENTATION_CONTEXT() REPRESENTATION_CONTEXT('2D SPACE',''
  ) );
#7944 = FACE_BOUND('',#7945,.F.);
#7945 = EDGE_LOOP('',(#7946));
#7946 = ORIENTED_EDGE('',*,*,#7947,.T.);
#7947 = EDGE_CURVE('',#7948,#7948,#7950,.T.);
#7948 = VERTEX_POINT('',#7949);
#7949 = CARTESIAN_POINT('',(-6.303612880645,-39.23141121612,58.15));
#7950 = SURFACE_CURVE('',#7951,(#7956,#7967),.PCURVE_S1.);
#7951 = CIRCLE('',#7952,1.5);
#7952 = AXIS2_PLACEMENT_3D('',#7953,#7954,#7955);
#7953 = CARTESIAN_POINT('',(-7.803612880645,-39.23141121612,58.15));
#7954 = DIRECTION('',(0.,0.,-1.));
#7955 = DIRECTION('',(1.,0.,0.));
#7956 = PCURVE('',#7649,#7957);
#7957 = DEFINITIONAL_REPRESENTATION('',(#7958),#7966);
#7958 = ( BOUNDED_CURVE() B_SPLINE_CURVE(2,(#7959,#7960,#7961,#7962,
#7963,#7964,#7965),.UNSPECIFIED.,.T.,.F.) B_SPLINE_CURVE_WITH_KNOTS((1,2
    ,2,2,2,1),(-2.094395102393,0.,2.094395102393,4.188790204786,
6.28318530718,8.377580409573),.UNSPECIFIED.) CURVE()
GEOMETRIC_REPRESENTATION_ITEM() RATIONAL_B_SPLINE_CURVE((1.,0.5,1.,0.5,
1.,0.5,1.)) REPRESENTATION_ITEM('') );
#7959 = CARTESIAN_POINT('',(-6.303612880645,-39.23141121612));
#7960 = CARTESIAN_POINT('',(-6.303612880645,-41.82948742748));
#7961 = CARTESIAN_POINT('',(-8.553612880645,-40.5304493218));
#7962 = CARTESIAN_POINT('',(-10.80361288064,-39.23141121612));
#7963 = CARTESIAN_POINT('',(-8.553612880645,-37.93237311045));
#7964 = CARTESIAN_POINT('',(-6.303612880645,-36.63333500477));
#7965 = CARTESIAN_POINT('',(-6.303612880645,-39.23141121612));
#7966 = ( GEOMETRIC_REPRESENTATION_CONTEXT(2)
PARAMETRIC_REPRESENTATION_CONTEXT() REPRESENTATION_CONTEXT('2D SPACE',''
  ) );
#7967 = PCURVE('',#7968,#7973);
#7968 = CYLINDRICAL_SURFACE('',#7969,1.5);
#7969 = AXIS2_PLACEMENT_3D('',#7970,#7971,#7972);
#7970 = CARTESIAN_POINT('',(-7.803612880645,-39.23141121612,58.1));
#7971 = DIRECTION('',(-0.,-0.,-1.));
#7972 = DIRECTION('',(1.,0.,0.));
#7973 = DEFINITIONAL_REPRESENTATION('',(#7974),#7978);
#7974 = LINE('',#7975,#7976);
#7975 = CARTESIAN_POINT('',(-6.28318530718,-5.E-02));
#7976 = VECTOR('',#7977,1.);
#7977 = DIRECTION('',(1.,-0.));
#7978 = ( GEOMETRIC_REPRESENTATION_CONTEXT(2)
PARAMETRIC_REPRESENTATION_CONTEXT() REPRESENTATION_CONTEXT('2D SPACE',''
  ) );
#7979 = FACE_BOUND('',#7980,.F.);
#7980 = EDGE_LOOP('',(#7981));
#7981 = ORIENTED_EDGE('',*,*,#7982,.T.);
#7982 = EDGE_CURVE('',#7983,#7983,#7985,.T.);
#7983 = VERTEX_POINT('',#7984);
#7984 = CARTESIAN_POINT('',(-2.420685613182,-39.80738906688,58.15));
#7985 = SURFACE_CURVE('',#7986,(#7991,#8002),.PCURVE_S1.);
#7986 = CIRCLE('',#7987,1.5);
#7987 = AXIS2_PLACEMENT_3D('',#7988,#7989,#7990);
#7988 = CARTESIAN_POINT('',(-3.920685613182,-39.80738906688,58.15));
#7989 = DIRECTION('',(0.,0.,-1.));
#7990 = DIRECTION('',(1.,0.,0.));
#7991 = PCURVE('',#7649,#7992);
#7992 = DEFINITIONAL_REPRESENTATION('',(#7993),#8001);
#7993 = ( BOUNDED_CURVE() B_SPLINE_CURVE(2,(#7994,#7995,#7996,#7997,
#7998,#7999,#8000),.UNSPECIFIED.,.T.,.F.) B_SPLINE_CURVE_WITH_KNOTS((1,2
    ,2,2,2,1),(-2.094395102393,0.,2.094395102393,4.188790204786,
6.28318530718,8.377580409573),.UNSPECIFIED.) CURVE()
GEOMETRIC_REPRESENTATION_ITEM() RATIONAL_B_SPLINE_CURVE((1.,0.5,1.,0.5,
1.,0.5,1.)) REPRESENTATION_ITEM('') );
#7994 = CARTESIAN_POINT('',(-2.420685613182,-39.80738906688));
#7995 = CARTESIAN_POINT('',(-2.420685613182,-42.40546527824));
#7996 = CARTESIAN_POINT('',(-4.670685613182,-41.10642717256));
#7997 = CARTESIAN_POINT('',(-6.920685613182,-39.80738906688));
#7998 = CARTESIAN_POINT('',(-4.670685613182,-38.50835096121));
#7999 = CARTESIAN_POINT('',(-2.420685613182,-37.20931285553));
#8000 = CARTESIAN_POINT('',(-2.420685613182,-39.80738906688));
#8001 = ( GEOMETRIC_REPRESENTATION_CONTEXT(2)
PARAMETRIC_REPRESENTATION_CONTEXT() REPRESENTATION_CONTEXT('2D SPACE',''
  ) );
#8002 = PCURVE('',#8003,#8008);
#8003 = CYLINDRICAL_SURFACE('',#8004,1.5);
#8004 = AXIS2_PLACEMENT_3D('',#8005,#8006,#8007);
#8005 = CARTESIAN_POINT('',(-3.920685613182,-39.80738906688,58.1));
#8006 = DIRECTION('',(-0.,-0.,-1.));
#8007 = DIRECTION('',(1.,0.,0.));
#8008 = DEFINITIONAL_REPRESENTATION('',(#8009),#8013);
#8009 = LINE('',#8010,#8011);
#8010 = CARTESIAN_POINT('',(-6.28318530718,-5.E-02));
#8011 = VECTOR('',#8012,1.);
#8012 = DIRECTION('',(1.,-0.));
#8013 = ( GEOMETRIC_REPRESENTATION_CONTEXT(2)
PARAMETRIC_REPRESENTATION_CONTEXT() REPRESENTATION_CONTEXT('2D SPACE',''
  ) );
#8014 = FACE_BOUND('',#8015,.F.);
#8015 = EDGE_LOOP('',(#8016));
#8016 = ORIENTED_EDGE('',*,*,#8017,.T.);
#8017 = EDGE_CURVE('',#8018,#8018,#8020,.T.);
#8018 = VERTEX_POINT('',#8019);
#8019 = CARTESIAN_POINT('',(1.5,-40.,58.15));
#8020 = SURFACE_CURVE('',#8021,(#8026,#8037),.PCURVE_S1.);
#8021 = CIRCLE('',#8022,1.5);
#8022 = AXIS2_PLACEMENT_3D('',#8023,#8024,#8025);
#8023 = CARTESIAN_POINT('',(-7.347880794884E-15,-40.,58.15));
#8024 = DIRECTION('',(0.,0.,-1.));
#8025 = DIRECTION('',(1.,0.,0.));
#8026 = PCURVE('',#7649,#8027);
#8027 = DEFINITIONAL_REPRESENTATION('',(#8028),#8036);
#8028 = ( BOUNDED_CURVE() B_SPLINE_CURVE(2,(#8029,#8030,#8031,#8032,
#8033,#8034,#8035),.UNSPECIFIED.,.T.,.F.) B_SPLINE_CURVE_WITH_KNOTS((1,2
    ,2,2,2,1),(-2.094395102393,0.,2.094395102393,4.188790204786,
6.28318530718,8.377580409573),.UNSPECIFIED.) CURVE()
GEOMETRIC_REPRESENTATION_ITEM() RATIONAL_B_SPLINE_CURVE((1.,0.5,1.,0.5,
1.,0.5,1.)) REPRESENTATION_ITEM('') );
#8029 = CARTESIAN_POINT('',(1.5,-40.));
#8030 = CARTESIAN_POINT('',(1.5,-42.59807621135));
#8031 = CARTESIAN_POINT('',(-0.75,-41.29903810567));
#8032 = CARTESIAN_POINT('',(-3.,-40.));
#8033 = CARTESIAN_POINT('',(-0.75,-38.70096189432));
#8034 = CARTESIAN_POINT('',(1.5,-37.40192378864));
#8035 = CARTESIAN_POINT('',(1.5,-40.));
#8036 = ( GEOMETRIC_REPRESENTATION_CONTEXT(2)
PARAMETRIC_REPRESENTATION_CONTEXT() REPRESENTATION_CONTEXT('2D SPACE',''
  ) );
#8037 = PCURVE('',#8038,#8043);
#8038 = CYLINDRICAL_SURFACE('',#8039,1.5);
#8039 = AXIS2_PLACEMENT_3D('',#8040,#8041,#8042);
#8040 = CARTESIAN_POINT('',(-7.347880794884E-15,-40.,58.1));
#8041 = DIRECTION('',(-0.,-0.,-1.));
#8042 = DIRECTION('',(1.,0.,0.));
#8043 = DEFINITIONAL_REPRESENTATION('',(#8044),#8048);
#8044 = LINE('',#8045,#8046);
#8045 = CARTESIAN_POINT('',(-6.28318530718,-5.E-02));
#8046 = VECTOR('',#8047,1.);
#8047 = DIRECTION('',(1.,-0.));
#8048 = ( GEOMETRIC_REPRESENTATION_CONTEXT(2)
PARAMETRIC_REPRESENTATION_CONTEXT() REPRESENTATION_CONTEXT('2D SPACE',''
  ) );
#8049 = FACE_BOUND('',#8050,.F.);
#8050 = EDGE_LOOP('',(#8051));
#8051 = ORIENTED_EDGE('',*,*,#8052,.T.);
#8052 = EDGE_CURVE('',#8053,#8053,#8055,.T.);
#8053 = VERTEX_POINT('',#8054);
#8054 = CARTESIAN_POINT('',(-33.77685057393,-18.85586947304,58.15));
#8055 = SURFACE_CURVE('',#8056,(#8061,#8072),.PCURVE_S1.);
#8056 = CIRCLE('',#8057,1.5);
#8057 = AXIS2_PLACEMENT_3D('',#8058,#8059,#8060);
#8058 = CARTESIAN_POINT('',(-35.27685057393,-18.85586947304,58.15));
#8059 = DIRECTION('',(0.,0.,-1.));
#8060 = DIRECTION('',(1.,0.,0.));
#8061 = PCURVE('',#7649,#8062);
#8062 = DEFINITIONAL_REPRESENTATION('',(#8063),#8071);
#8063 = ( BOUNDED_CURVE() B_SPLINE_CURVE(2,(#8064,#8065,#8066,#8067,
#8068,#8069,#8070),.UNSPECIFIED.,.T.,.F.) B_SPLINE_CURVE_WITH_KNOTS((1,2
    ,2,2,2,1),(-2.094395102393,0.,2.094395102393,4.188790204786,
6.28318530718,8.377580409573),.UNSPECIFIED.) CURVE()
GEOMETRIC_REPRESENTATION_ITEM() RATIONAL_B_SPLINE_CURVE((1.,0.5,1.,0.5,
1.,0.5,1.)) REPRESENTATION_ITEM('') );
#8064 = CARTESIAN_POINT('',(-33.77685057393,-18.85586947304));
#8065 = CARTESIAN_POINT('',(-33.77685057393,-21.45394568439));
#8066 = CARTESIAN_POINT('',(-36.02685057393,-20.15490757871));
#8067 = CARTESIAN_POINT('',(-38.27685057393,-18.85586947304));
#8068 = CARTESIAN_POINT('',(-36.02685057393,-17.55683136736));
#8069 = CARTESIAN_POINT('',(-33.77685057393,-16.25779326168));
#8070 = CARTESIAN_POINT('',(-33.77685057393,-18.85586947304));
#8071 = ( GEOMETRIC_REPRESENTATION_CONTEXT(2)
PARAMETRIC_REPRESENTATION_CONTEXT() REPRESENTATION_CONTEXT('2D SPACE',''
  ) );
#8072 = PCURVE('',#8073,#8078);
#8073 = CYLINDRICAL_SURFACE('',#8074,1.5);
#8074 = AXIS2_PLACEMENT_3D('',#8075,#8076,#8077);
#8075 = CARTESIAN_POINT('',(-35.27685057393,-18.85586947304,58.1));
#8076 = DIRECTION('',(-0.,-0.,-1.));
#8077 = DIRECTION('',(1.,0.,0.));
#8078 = DEFINITIONAL_REPRESENTATION('',(#8079),#8083);
#8079 = LINE('',#8080,#8081);
#8080 = CARTESIAN_POINT('',(-6.28318530718,-5.E-02));
#8081 = VECTOR('',#8082,1.);
#8082 = DIRECTION('',(1.,-0.));
#8083 = ( GEOMETRIC_REPRESENTATION_CONTEXT(2)
PARAMETRIC_REPRESENTATION_CONTEXT() REPRESENTATION_CONTEXT('2D SPACE',''
  ) );
#8084 = FACE_BOUND('',#8085,.F.);
#8085 = EDGE_LOOP('',(#8086));
#8086 = ORIENTED_EDGE('',*,*,#8087,.T.);
#8087 = EDGE_CURVE('',#8088,#8088,#8090,.T.);
#8088 = VERTEX_POINT('',#8089);
#8089 = CARTESIAN_POINT('',(-35.45518130045,-15.3073372946,58.15));
#8090 = SURFACE_CURVE('',#8091,(#8096,#8107),.PCURVE_S1.);
#8091 = CIRCLE('',#8092,1.5);
#8092 = AXIS2_PLACEMENT_3D('',#8093,#8094,#8095);
#8093 = CARTESIAN_POINT('',(-36.95518130045,-15.3073372946,58.15));
#8094 = DIRECTION('',(0.,0.,-1.));
#8095 = DIRECTION('',(1.,0.,0.));
#8096 = PCURVE('',#7649,#8097);
#8097 = DEFINITIONAL_REPRESENTATION('',(#8098),#8106);
#8098 = ( BOUNDED_CURVE() B_SPLINE_CURVE(2,(#8099,#8100,#8101,#8102,
#8103,#8104,#8105),.UNSPECIFIED.,.T.,.F.) B_SPLINE_CURVE_WITH_KNOTS((1,2
    ,2,2,2,1),(-2.094395102393,0.,2.094395102393,4.188790204786,
6.28318530718,8.377580409573),.UNSPECIFIED.) CURVE()
GEOMETRIC_REPRESENTATION_ITEM() RATIONAL_B_SPLINE_CURVE((1.,0.5,1.,0.5,
1.,0.5,1.)) REPRESENTATION_ITEM('') );
#8099 = CARTESIAN_POINT('',(-35.45518130045,-15.3073372946));
#8100 = CARTESIAN_POINT('',(-35.45518130045,-17.90541350595));
#8101 = CARTESIAN_POINT('',(-37.70518130045,-16.60637540028));
#8102 = CARTESIAN_POINT('',(-39.95518130045,-15.3073372946));
#8103 = CARTESIAN_POINT('',(-37.70518130045,-14.00829918892));
#8104 = CARTESIAN_POINT('',(-35.45518130045,-12.70926108325));
#8105 = CARTESIAN_POINT('',(-35.45518130045,-15.3073372946));
#8106 = ( GEOMETRIC_REPRESENTATION_CONTEXT(2)
PARAMETRIC_REPRESENTATION_CONTEXT() REPRESENTATION_CONTEXT('2D SPACE',''
  ) );
#8107 = PCURVE('',#8108,#8113);
#8108 = CYLINDRICAL_SURFACE('',#8109,1.5);
#8109 = AXIS2_PLACEMENT_3D('',#8110,#8111,#8112);
#8110 = CARTESIAN_POINT('',(-36.95518130045,-15.3073372946,58.1));
#8111 = DIRECTION('',(-0.,-0.,-1.));
#8112 = DIRECTION('',(1.,0.,0.));
#8113 = DEFINITIONAL_REPRESENTATION('',(#8114),#8118);
#8114 = LINE('',#8115,#8116);
#8115 = CARTESIAN_POINT('',(-6.28318530718,-5.E-02));
#8116 = VECTOR('',#8117,1.);
#8117 = DIRECTION('',(1.,-0.));
#8118 = ( GEOMETRIC_REPRESENTATION_CONTEXT(2)
PARAMETRIC_REPRESENTATION_CONTEXT() REPRESENTATION_CONTEXT('2D SPACE',''
  ) );
#8119 = FACE_BOUND('',#8120,.F.);
#8120 = EDGE_LOOP('',(#8121));
#8121 = ORIENTED_EDGE('',*,*,#8122,.T.);
#8122 = EDGE_CURVE('',#8123,#8123,#8125,.T.);
#8123 = VERTEX_POINT('',#8124);
#8124 = CARTESIAN_POINT('',(-36.77761342928,-11.61138709017,58.15));
#8125 = SURFACE_CURVE('',#8126,(#8131,#8142),.PCURVE_S1.);
#8126 = CIRCLE('',#8127,1.5);
#8127 = AXIS2_PLACEMENT_3D('',#8128,#8129,#8130);
#8128 = CARTESIAN_POINT('',(-38.27761342928,-11.61138709017,58.15));
#8129 = DIRECTION('',(0.,0.,-1.));
#8130 = DIRECTION('',(1.,0.,0.));
#8131 = PCURVE('',#7649,#8132);
#8132 = DEFINITIONAL_REPRESENTATION('',(#8133),#8141);
#8133 = ( BOUNDED_CURVE() B_SPLINE_CURVE(2,(#8134,#8135,#8136,#8137,
#8138,#8139,#8140),.UNSPECIFIED.,.T.,.F.) B_SPLINE_CURVE_WITH_KNOTS((1,2
    ,2,2,2,1),(-2.094395102393,0.,2.094395102393,4.188790204786,
6.28318530718,8.377580409573),.UNSPECIFIED.) CURVE()
GEOMETRIC_REPRESENTATION_ITEM() RATIONAL_B_SPLINE_CURVE((1.,0.5,1.,0.5,
1.,0.5,1.)) REPRESENTATION_ITEM('') );
#8134 = CARTESIAN_POINT('',(-36.77761342928,-11.61138709017));
#8135 = CARTESIAN_POINT('',(-36.77761342928,-14.20946330153));
#8136 = CARTESIAN_POINT('',(-39.02761342928,-12.91042519585));
#8137 = CARTESIAN_POINT('',(-41.27761342928,-11.61138709017));
#8138 = CARTESIAN_POINT('',(-39.02761342928,-10.3123489845));
#8139 = CARTESIAN_POINT('',(-36.77761342928,-9.013310878825));
#8140 = CARTESIAN_POINT('',(-36.77761342928,-11.61138709017));
#8141 = ( GEOMETRIC_REPRESENTATION_CONTEXT(2)
PARAMETRIC_REPRESENTATION_CONTEXT() REPRESENTATION_CONTEXT('2D SPACE',''
  ) );
#8142 = PCURVE('',#8143,#8148);
#8143 = CYLINDRICAL_SURFACE('',#8144,1.5);
#8144 = AXIS2_PLACEMENT_3D('',#8145,#8146,#8147);
#8145 = CARTESIAN_POINT('',(-38.27761342928,-11.61138709017,58.1));
#8146 = DIRECTION('',(-0.,-0.,-1.));
#8147 = DIRECTION('',(1.,0.,0.));
#8148 = DEFINITIONAL_REPRESENTATION('',(#8149),#8153);
#8149 = LINE('',#8150,#8151);
#8150 = CARTESIAN_POINT('',(-6.28318530718,-5.E-02));
#8151 = VECTOR('',#8152,1.);
#8152 = DIRECTION('',(1.,-0.));
#8153 = ( GEOMETRIC_REPRESENTATION_CONTEXT(2)
PARAMETRIC_REPRESENTATION_CONTEXT() REPRESENTATION_CONTEXT('2D SPACE',''
  ) );
#8154 = FACE_BOUND('',#8155,.F.);
#8155 = EDGE_LOOP('',(#8156));
#8156 = ORIENTED_EDGE('',*,*,#8157,.T.);
#8157 = EDGE_CURVE('',#8158,#8158,#8160,.T.);
#8158 = VERTEX_POINT('',#8159);
#8159 = CARTESIAN_POINT('',(-37.73141121612,-7.803612880645,58.15));
#8160 = SURFACE_CURVE('',#8161,(#8166,#8177),.PCURVE_S1.);
#8161 = CIRCLE('',#8162,1.5);
#8162 = AXIS2_PLACEMENT_3D('',#8163,#8164,#8165);
#8163 = CARTESIAN_POINT('',(-39.23141121612,-7.803612880645,58.15));
#8164 = DIRECTION('',(0.,0.,-1.));
#8165 = DIRECTION('',(1.,0.,0.));
#8166 = PCURVE('',#7649,#8167);
#8167 = DEFINITIONAL_REPRESENTATION('',(#8168),#8176);
#8168 = ( BOUNDED_CURVE() B_SPLINE_CURVE(2,(#8169,#8170,#8171,#8172,
#8173,#8174,#8175),.UNSPECIFIED.,.T.,.F.) B_SPLINE_CURVE_WITH_KNOTS((1,2
    ,2,2,2,1),(-2.094395102393,0.,2.094395102393,4.188790204786,
6.28318530718,8.377580409573),.UNSPECIFIED.) CURVE()
GEOMETRIC_REPRESENTATION_ITEM() RATIONAL_B_SPLINE_CURVE((1.,0.5,1.,0.5,
1.,0.5,1.)) REPRESENTATION_ITEM('') );
#8169 = CARTESIAN_POINT('',(-37.73141121612,-7.803612880645));
#8170 = CARTESIAN_POINT('',(-37.73141121612,-10.40168909199));
#8171 = CARTESIAN_POINT('',(-39.98141121612,-9.102650986322));
#8172 = CARTESIAN_POINT('',(-42.23141121612,-7.803612880645));
#8173 = CARTESIAN_POINT('',(-39.98141121612,-6.504574774968));
#8174 = CARTESIAN_POINT('',(-37.73141121612,-5.205536669292));
#8175 = CARTESIAN_POINT('',(-37.73141121612,-7.803612880645));
#8176 = ( GEOMETRIC_REPRESENTATION_CONTEXT(2)
PARAMETRIC_REPRESENTATION_CONTEXT() REPRESENTATION_CONTEXT('2D SPACE',''
  ) );
#8177 = PCURVE('',#8178,#8183);
#8178 = CYLINDRICAL_SURFACE('',#8179,1.5);
#8179 = AXIS2_PLACEMENT_3D('',#8180,#8181,#8182);
#8180 = CARTESIAN_POINT('',(-39.23141121612,-7.803612880645,58.1));
#8181 = DIRECTION('',(-0.,-0.,-1.));
#8182 = DIRECTION('',(1.,0.,0.));
#8183 = DEFINITIONAL_REPRESENTATION('',(#8184),#8188);
#8184 = LINE('',#8185,#8186);
#8185 = CARTESIAN_POINT('',(-6.28318530718,-5.E-02));
#8186 = VECTOR('',#8187,1.);
#8187 = DIRECTION('',(1.,-0.));
#8188 = ( GEOMETRIC_REPRESENTATION_CONTEXT(2)
PARAMETRIC_REPRESENTATION_CONTEXT() REPRESENTATION_CONTEXT('2D SPACE',''
  ) );
#8189 = FACE_BOUND('',#8190,.F.);
#8190 = EDGE_LOOP('',(#8191));
#8191 = ORIENTED_EDGE('',*,*,#8192,.T.);
#8192 = EDGE_CURVE('',#8193,#8193,#8195,.T.);
#8193 = VERTEX_POINT('',#8194);
#8194 = CARTESIAN_POINT('',(-38.30738906688,-3.920685613182,58.15));
#8195 = SURFACE_CURVE('',#8196,(#8201,#8212),.PCURVE_S1.);
#8196 = CIRCLE('',#8197,1.5);
#8197 = AXIS2_PLACEMENT_3D('',#8198,#8199,#8200);
#8198 = CARTESIAN_POINT('',(-39.80738906688,-3.920685613182,58.15));
#8199 = DIRECTION('',(0.,0.,-1.));
#8200 = DIRECTION('',(1.,0.,0.));
#8201 = PCURVE('',#7649,#8202);
#8202 = DEFINITIONAL_REPRESENTATION('',(#8203),#8211);
#8203 = ( BOUNDED_CURVE() B_SPLINE_CURVE(2,(#8204,#8205,#8206,#8207,
#8208,#8209,#8210),.UNSPECIFIED.,.T.,.F.) B_SPLINE_CURVE_WITH_KNOTS((1,2
    ,2,2,2,1),(-2.094395102393,0.,2.094395102393,4.188790204786,
6.28318530718,8.377580409573),.UNSPECIFIED.) CURVE()
GEOMETRIC_REPRESENTATION_ITEM() RATIONAL_B_SPLINE_CURVE((1.,0.5,1.,0.5,
1.,0.5,1.)) REPRESENTATION_ITEM('') );
#8204 = CARTESIAN_POINT('',(-38.30738906688,-3.920685613182));
#8205 = CARTESIAN_POINT('',(-38.30738906688,-6.518761824536));
#8206 = CARTESIAN_POINT('',(-40.55738906688,-5.219723718859));
#8207 = CARTESIAN_POINT('',(-42.80738906688,-3.920685613182));
#8208 = CARTESIAN_POINT('',(-40.55738906688,-2.621647507506));
#8209 = CARTESIAN_POINT('',(-38.30738906688,-1.322609401829));
#8210 = CARTESIAN_POINT('',(-38.30738906688,-3.920685613182));
#8211 = ( GEOMETRIC_REPRESENTATION_CONTEXT(2)
PARAMETRIC_REPRESENTATION_CONTEXT() REPRESENTATION_CONTEXT('2D SPACE',''
  ) );
#8212 = PCURVE('',#8213,#8218);
#8213 = CYLINDRICAL_SURFACE('',#8214,1.5);
#8214 = AXIS2_PLACEMENT_3D('',#8215,#8216,#8217);
#8215 = CARTESIAN_POINT('',(-39.80738906688,-3.920685613182,58.1));
#8216 = DIRECTION('',(-0.,-0.,-1.));
#8217 = DIRECTION('',(1.,0.,0.));
#8218 = DEFINITIONAL_REPRESENTATION('',(#8219),#8223);
#8219 = LINE('',#8220,#8221);
#8220 = CARTESIAN_POINT('',(-6.28318530718,-5.E-02));
#8221 = VECTOR('',#8222,1.);
#8222 = DIRECTION('',(1.,-0.));
#8223 = ( GEOMETRIC_REPRESENTATION_CONTEXT(2)
PARAMETRIC_REPRESENTATION_CONTEXT() REPRESENTATION_CONTEXT('2D SPACE',''
  ) );
#8224 = FACE_BOUND('',#8225,.F.);
#8225 = EDGE_LOOP('',(#8226,#8256,#8284,#8312));
#8226 = ORIENTED_EDGE('',*,*,#8227,.T.);
#8227 = EDGE_CURVE('',#8228,#8230,#8232,.T.);
#8228 = VERTEX_POINT('',#8229);
#8229 = CARTESIAN_POINT('',(-11.6,-20.975,58.15));
#8230 = VERTEX_POINT('',#8231);
#8231 = CARTESIAN_POINT('',(-17.4,-20.975,58.15));
#8232 = SURFACE_CURVE('',#8233,(#8237,#8244),.PCURVE_S1.);
#8233 = LINE('',#8234,#8235);
#8234 = CARTESIAN_POINT('',(-8.7,-20.975,58.15));
#8235 = VECTOR('',#8236,1.);
#8236 = DIRECTION('',(-1.,0.,0.));
#8237 = PCURVE('',#7649,#8238);
#8238 = DEFINITIONAL_REPRESENTATION('',(#8239),#8243);
#8239 = LINE('',#8240,#8241);
#8240 = CARTESIAN_POINT('',(-8.7,-20.975));
#8241 = VECTOR('',#8242,1.);
#8242 = DIRECTION('',(-1.,0.));
#8243 = ( GEOMETRIC_REPRESENTATION_CONTEXT(2)
PARAMETRIC_REPRESENTATION_CONTEXT() REPRESENTATION_CONTEXT('2D SPACE',''
  ) );
#8244 = PCURVE('',#8245,#8250);
#8245 = PLANE('',#8246);
#8246 = AXIS2_PLACEMENT_3D('',#8247,#8248,#8249);
#8247 = CARTESIAN_POINT('',(-17.4,-20.975,58.1));
#8248 = DIRECTION('',(0.,1.,0.));
#8249 = DIRECTION('',(0.,0.,1.));
#8250 = DEFINITIONAL_REPRESENTATION('',(#8251),#8255);
#8251 = LINE('',#8252,#8253);
#8252 = CARTESIAN_POINT('',(5.E-02,8.7));
#8253 = VECTOR('',#8254,1.);
#8254 = DIRECTION('',(0.,-1.));
#8255 = ( GEOMETRIC_REPRESENTATION_CONTEXT(2)
PARAMETRIC_REPRESENTATION_CONTEXT() REPRESENTATION_CONTEXT('2D SPACE',''
  ) );
#8256 = ORIENTED_EDGE('',*,*,#8257,.T.);
#8257 = EDGE_CURVE('',#8230,#8258,#8260,.T.);
#8258 = VERTEX_POINT('',#8259);
#8259 = CARTESIAN_POINT('',(-17.4,-19.025,58.15));
#8260 = SURFACE_CURVE('',#8261,(#8265,#8272),.PCURVE_S1.);
#8261 = LINE('',#8262,#8263);
#8262 = CARTESIAN_POINT('',(-17.4,-10.4875,58.15));
#8263 = VECTOR('',#8264,1.);
#8264 = DIRECTION('',(0.,1.,0.));
#8265 = PCURVE('',#7649,#8266);
#8266 = DEFINITIONAL_REPRESENTATION('',(#8267),#8271);
#8267 = LINE('',#8268,#8269);
#8268 = CARTESIAN_POINT('',(-17.4,-10.4875));
#8269 = VECTOR('',#8270,1.);
#8270 = DIRECTION('',(0.,1.));
#8271 = ( GEOMETRIC_REPRESENTATION_CONTEXT(2)
PARAMETRIC_REPRESENTATION_CONTEXT() REPRESENTATION_CONTEXT('2D SPACE',''
  ) );
#8272 = PCURVE('',#8273,#8278);
#8273 = PLANE('',#8274);
#8274 = AXIS2_PLACEMENT_3D('',#8275,#8276,#8277);
#8275 = CARTESIAN_POINT('',(-17.4,-20.975,58.1));
#8276 = DIRECTION('',(1.,0.,0.));
#8277 = DIRECTION('',(0.,0.,1.));
#8278 = DEFINITIONAL_REPRESENTATION('',(#8279),#8283);
#8279 = LINE('',#8280,#8281);
#8280 = CARTESIAN_POINT('',(5.E-02,-10.4875));
#8281 = VECTOR('',#8282,1.);
#8282 = DIRECTION('',(0.,-1.));
#8283 = ( GEOMETRIC_REPRESENTATION_CONTEXT(2)
PARAMETRIC_REPRESENTATION_CONTEXT() REPRESENTATION_CONTEXT('2D SPACE',''
  ) );
#8284 = ORIENTED_EDGE('',*,*,#8285,.F.);
#8285 = EDGE_CURVE('',#8286,#8258,#8288,.T.);
#8286 = VERTEX_POINT('',#8287);
#8287 = CARTESIAN_POINT('',(-11.6,-19.025,58.15));
#8288 = SURFACE_CURVE('',#8289,(#8293,#8300),.PCURVE_S1.);
#8289 = LINE('',#8290,#8291);
#8290 = CARTESIAN_POINT('',(-8.7,-19.025,58.15));
#8291 = VECTOR('',#8292,1.);
#8292 = DIRECTION('',(-1.,0.,0.));
#8293 = PCURVE('',#7649,#8294);
#8294 = DEFINITIONAL_REPRESENTATION('',(#8295),#8299);
#8295 = LINE('',#8296,#8297);
#8296 = CARTESIAN_POINT('',(-8.7,-19.025));
#8297 = VECTOR('',#8298,1.);
#8298 = DIRECTION('',(-1.,0.));
#8299 = ( GEOMETRIC_REPRESENTATION_CONTEXT(2)
PARAMETRIC_REPRESENTATION_CONTEXT() REPRESENTATION_CONTEXT('2D SPACE',''
  ) );
#8300 = PCURVE('',#8301,#8306);
#8301 = PLANE('',#8302);
#8302 = AXIS2_PLACEMENT_3D('',#8303,#8304,#8305);
#8303 = CARTESIAN_POINT('',(-17.4,-19.025,58.1));
#8304 = DIRECTION('',(0.,1.,0.));
#8305 = DIRECTION('',(0.,0.,1.));
#8306 = DEFINITIONAL_REPRESENTATION('',(#8307),#8311);
#8307 = LINE('',#8308,#8309);
#8308 = CARTESIAN_POINT('',(5.E-02,8.7));
#8309 = VECTOR('',#8310,1.);
#8310 = DIRECTION('',(0.,-1.));
#8311 = ( GEOMETRIC_REPRESENTATION_CONTEXT(2)
PARAMETRIC_REPRESENTATION_CONTEXT() REPRESENTATION_CONTEXT('2D SPACE',''
  ) );
#8312 = ORIENTED_EDGE('',*,*,#8313,.F.);
#8313 = EDGE_CURVE('',#8228,#8286,#8314,.T.);
#8314 = SURFACE_CURVE('',#8315,(#8319,#8326),.PCURVE_S1.);
#8315 = LINE('',#8316,#8317);
#8316 = CARTESIAN_POINT('',(-11.6,-10.4875,58.15));
#8317 = VECTOR('',#8318,1.);
#8318 = DIRECTION('',(0.,1.,0.));
#8319 = PCURVE('',#7649,#8320);
#8320 = DEFINITIONAL_REPRESENTATION('',(#8321),#8325);
#8321 = LINE('',#8322,#8323);
#8322 = CARTESIAN_POINT('',(-11.6,-10.4875));
#8323 = VECTOR('',#8324,1.);
#8324 = DIRECTION('',(0.,1.));
#8325 = ( GEOMETRIC_REPRESENTATION_CONTEXT(2)
PARAMETRIC_REPRESENTATION_CONTEXT() REPRESENTATION_CONTEXT('2D SPACE',''
  ) );
#8326 = PCURVE('',#8327,#8332);
#8327 = PLANE('',#8328);
#8328 = AXIS2_PLACEMENT_3D('',#8329,#8330,#8331);
#8329 = CARTESIAN_POINT('',(-11.6,-20.975,58.1));
#8330 = DIRECTION('',(1.,0.,0.));
#8331 = DIRECTION('',(0.,0.,1.));
#8332 = DEFINITIONAL_REPRESENTATION('',(#8333),#8337);
#8333 = LINE('',#8334,#8335);
#8334 = CARTESIAN_POINT('',(5.E-02,-10.4875));
#8335 = VECTOR('',#8336,1.);
#8336 = DIRECTION('',(0.,-1.));
#8337 = ( GEOMETRIC_REPRESENTATION_CONTEXT(2)
PARAMETRIC_REPRESENTATION_CONTEXT() REPRESENTATION_CONTEXT('2D SPACE',''
  ) );
#8338 = FACE_BOUND('',#8339,.F.);
#8339 = EDGE_LOOP('',(#8340));
#8340 = ORIENTED_EDGE('',*,*,#8341,.T.);
#8341 = EDGE_CURVE('',#8342,#8342,#8344,.T.);
#8342 = VERTEX_POINT('',#8343);
#8343 = CARTESIAN_POINT('',(5.420685613182,-39.80738906688,58.15));
#8344 = SURFACE_CURVE('',#8345,(#8350,#8361),.PCURVE_S1.);
#8345 = CIRCLE('',#8346,1.5);
#8346 = AXIS2_PLACEMENT_3D('',#8347,#8348,#8349);
#8347 = CARTESIAN_POINT('',(3.920685613182,-39.80738906688,58.15));
#8348 = DIRECTION('',(0.,0.,-1.));
#8349 = DIRECTION('',(1.,0.,0.));
#8350 = PCURVE('',#7649,#8351);
#8351 = DEFINITIONAL_REPRESENTATION('',(#8352),#8360);
#8352 = ( BOUNDED_CURVE() B_SPLINE_CURVE(2,(#8353,#8354,#8355,#8356,
#8357,#8358,#8359),.UNSPECIFIED.,.T.,.F.) B_SPLINE_CURVE_WITH_KNOTS((1,2
    ,2,2,2,1),(-2.094395102393,0.,2.094395102393,4.188790204786,
6.28318530718,8.377580409573),.UNSPECIFIED.) CURVE()
GEOMETRIC_REPRESENTATION_ITEM() RATIONAL_B_SPLINE_CURVE((1.,0.5,1.,0.5,
1.,0.5,1.)) REPRESENTATION_ITEM('') );
#8353 = CARTESIAN_POINT('',(5.420685613182,-39.80738906688));
#8354 = CARTESIAN_POINT('',(5.420685613182,-42.40546527824));
#8355 = CARTESIAN_POINT('',(3.170685613182,-41.10642717256));
#8356 = CARTESIAN_POINT('',(0.920685613182,-39.80738906688));
#8357 = CARTESIAN_POINT('',(3.170685613182,-38.50835096121));
#8358 = CARTESIAN_POINT('',(5.420685613182,-37.20931285553));
#8359 = CARTESIAN_POINT('',(5.420685613182,-39.80738906688));
#8360 = ( GEOMETRIC_REPRESENTATION_CONTEXT(2)
PARAMETRIC_REPRESENTATION_CONTEXT() REPRESENTATION_CONTEXT('2D SPACE',''
  ) );
#8361 = PCURVE('',#8362,#8367);
#8362 = CYLINDRICAL_SURFACE('',#8363,1.5);
#8363 = AXIS2_PLACEMENT_3D('',#8364,#8365,#8366);
#8364 = CARTESIAN_POINT('',(3.920685613182,-39.80738906688,58.1));
#8365 = DIRECTION('',(-0.,-0.,-1.));
#8366 = DIRECTION('',(1.,0.,0.));
#8367 = DEFINITIONAL_REPRESENTATION('',(#8368),#8372);
#8368 = LINE('',#8369,#8370);
#8369 = CARTESIAN_POINT('',(-6.28318530718,-5.E-02));
#8370 = VECTOR('',#8371,1.);
#8371 = DIRECTION('',(1.,-0.));
#8372 = ( GEOMETRIC_REPRESENTATION_CONTEXT(2)
PARAMETRIC_REPRESENTATION_CONTEXT() REPRESENTATION_CONTEXT('2D SPACE',''
  ) );
#8373 = FACE_BOUND('',#8374,.F.);
#8374 = EDGE_LOOP('',(#8375));
#8375 = ORIENTED_EDGE('',*,*,#8376,.T.);
#8376 = EDGE_CURVE('',#8377,#8377,#8379,.T.);
#8377 = VERTEX_POINT('',#8378);
#8378 = CARTESIAN_POINT('',(9.303612880645,-39.23141121612,58.15));
#8379 = SURFACE_CURVE('',#8380,(#8385,#8396),.PCURVE_S1.);
#8380 = CIRCLE('',#8381,1.5);
#8381 = AXIS2_PLACEMENT_3D('',#8382,#8383,#8384);
#8382 = CARTESIAN_POINT('',(7.803612880645,-39.23141121612,58.15));
#8383 = DIRECTION('',(0.,0.,-1.));
#8384 = DIRECTION('',(1.,0.,0.));
#8385 = PCURVE('',#7649,#8386);
#8386 = DEFINITIONAL_REPRESENTATION('',(#8387),#8395);
#8387 = ( BOUNDED_CURVE() B_SPLINE_CURVE(2,(#8388,#8389,#8390,#8391,
#8392,#8393,#8394),.UNSPECIFIED.,.T.,.F.) B_SPLINE_CURVE_WITH_KNOTS((1,2
    ,2,2,2,1),(-2.094395102393,0.,2.094395102393,4.188790204786,
6.28318530718,8.377580409573),.UNSPECIFIED.) CURVE()
GEOMETRIC_REPRESENTATION_ITEM() RATIONAL_B_SPLINE_CURVE((1.,0.5,1.,0.5,
1.,0.5,1.)) REPRESENTATION_ITEM('') );
#8388 = CARTESIAN_POINT('',(9.303612880645,-39.23141121612));
#8389 = CARTESIAN_POINT('',(9.303612880645,-41.82948742748));
#8390 = CARTESIAN_POINT('',(7.053612880645,-40.5304493218));
#8391 = CARTESIAN_POINT('',(4.803612880645,-39.23141121612));
#8392 = CARTESIAN_POINT('',(7.053612880645,-37.93237311045));
#8393 = CARTESIAN_POINT('',(9.303612880645,-36.63333500477));
#8394 = CARTESIAN_POINT('',(9.303612880645,-39.23141121612));
#8395 = ( GEOMETRIC_REPRESENTATION_CONTEXT(2)
PARAMETRIC_REPRESENTATION_CONTEXT() REPRESENTATION_CONTEXT('2D SPACE',''
  ) );
#8396 = PCURVE('',#8397,#8402);
#8397 = CYLINDRICAL_SURFACE('',#8398,1.5);
#8398 = AXIS2_PLACEMENT_3D('',#8399,#8400,#8401);
#8399 = CARTESIAN_POINT('',(7.803612880645,-39.23141121612,58.1));
#8400 = DIRECTION('',(-0.,-0.,-1.));
#8401 = DIRECTION('',(1.,0.,0.));
#8402 = DEFINITIONAL_REPRESENTATION('',(#8403),#8407);
#8403 = LINE('',#8404,#8405);
#8404 = CARTESIAN_POINT('',(-6.28318530718,-5.E-02));
#8405 = VECTOR('',#8406,1.);
#8406 = DIRECTION('',(1.,-0.));
#8407 = ( GEOMETRIC_REPRESENTATION_CONTEXT(2)
PARAMETRIC_REPRESENTATION_CONTEXT() REPRESENTATION_CONTEXT('2D SPACE',''
  ) );
#8408 = FACE_BOUND('',#8409,.F.);
#8409 = EDGE_LOOP('',(#8410));
#8410 = ORIENTED_EDGE('',*,*,#8411,.T.);
#8411 = EDGE_CURVE('',#8412,#8412,#8414,.T.);
#8412 = VERTEX_POINT('',#8413);
#8413 = CARTESIAN_POINT('',(13.111387090178,-38.27761342928,58.15));
#8414 = SURFACE_CURVE('',#8415,(#8420,#8431),.PCURVE_S1.);
#8415 = CIRCLE('',#8416,1.5);
#8416 = AXIS2_PLACEMENT_3D('',#8417,#8418,#8419);
#8417 = CARTESIAN_POINT('',(11.611387090178,-38.27761342928,58.15));
#8418 = DIRECTION('',(0.,0.,-1.));
#8419 = DIRECTION('',(1.,0.,0.));
#8420 = PCURVE('',#7649,#8421);
#8421 = DEFINITIONAL_REPRESENTATION('',(#8422),#8430);
#8422 = ( BOUNDED_CURVE() B_SPLINE_CURVE(2,(#8423,#8424,#8425,#8426,
#8427,#8428,#8429),.UNSPECIFIED.,.T.,.F.) B_SPLINE_CURVE_WITH_KNOTS((1,2
    ,2,2,2,1),(-2.094395102393,0.,2.094395102393,4.188790204786,
6.28318530718,8.377580409573),.UNSPECIFIED.) CURVE()
GEOMETRIC_REPRESENTATION_ITEM() RATIONAL_B_SPLINE_CURVE((1.,0.5,1.,0.5,
1.,0.5,1.)) REPRESENTATION_ITEM('') );
#8423 = CARTESIAN_POINT('',(13.111387090178,-38.27761342928));
#8424 = CARTESIAN_POINT('',(13.111387090178,-40.87568964064));
#8425 = CARTESIAN_POINT('',(10.861387090178,-39.57665153496));
#8426 = CARTESIAN_POINT('',(8.611387090178,-38.27761342928));
#8427 = CARTESIAN_POINT('',(10.861387090178,-36.97857532361));
#8428 = CARTESIAN_POINT('',(13.111387090178,-35.67953721793));
#8429 = CARTESIAN_POINT('',(13.111387090178,-38.27761342928));
#8430 = ( GEOMETRIC_REPRESENTATION_CONTEXT(2)
PARAMETRIC_REPRESENTATION_CONTEXT() REPRESENTATION_CONTEXT('2D SPACE',''
  ) );
#8431 = PCURVE('',#8432,#8437);
#8432 = CYLINDRICAL_SURFACE('',#8433,1.5);
#8433 = AXIS2_PLACEMENT_3D('',#8434,#8435,#8436);
#8434 = CARTESIAN_POINT('',(11.611387090178,-38.27761342928,58.1));
#8435 = DIRECTION('',(-0.,-0.,-1.));
#8436 = DIRECTION('',(1.,0.,0.));
#8437 = DEFINITIONAL_REPRESENTATION('',(#8438),#8442);
#8438 = LINE('',#8439,#8440);
#8439 = CARTESIAN_POINT('',(-6.28318530718,-5.E-02));
#8440 = VECTOR('',#8441,1.);
#8441 = DIRECTION('',(1.,-0.));
#8442 = ( GEOMETRIC_REPRESENTATION_CONTEXT(2)
PARAMETRIC_REPRESENTATION_CONTEXT() REPRESENTATION_CONTEXT('2D SPACE',''
  ) );
#8443 = FACE_BOUND('',#8444,.F.);
#8444 = EDGE_LOOP('',(#8445));
#8445 = ORIENTED_EDGE('',*,*,#8446,.T.);
#8446 = EDGE_CURVE('',#8447,#8447,#8449,.T.);
#8447 = VERTEX_POINT('',#8448);
#8448 = CARTESIAN_POINT('',(16.807337294604,-36.95518130045,58.15));
#8449 = SURFACE_CURVE('',#8450,(#8455,#8466),.PCURVE_S1.);
#8450 = CIRCLE('',#8451,1.5);
#8451 = AXIS2_PLACEMENT_3D('',#8452,#8453,#8454);
#8452 = CARTESIAN_POINT('',(15.307337294604,-36.95518130045,58.15));
#8453 = DIRECTION('',(0.,0.,-1.));
#8454 = DIRECTION('',(1.,0.,0.));
#8455 = PCURVE('',#7649,#8456);
#8456 = DEFINITIONAL_REPRESENTATION('',(#8457),#8465);
#8457 = ( BOUNDED_CURVE() B_SPLINE_CURVE(2,(#8458,#8459,#8460,#8461,
#8462,#8463,#8464),.UNSPECIFIED.,.T.,.F.) B_SPLINE_CURVE_WITH_KNOTS((1,2
    ,2,2,2,1),(-2.094395102393,0.,2.094395102393,4.188790204786,
6.28318530718,8.377580409573),.UNSPECIFIED.) CURVE()
GEOMETRIC_REPRESENTATION_ITEM() RATIONAL_B_SPLINE_CURVE((1.,0.5,1.,0.5,
1.,0.5,1.)) REPRESENTATION_ITEM('') );
#8458 = CARTESIAN_POINT('',(16.807337294604,-36.95518130045));
#8459 = CARTESIAN_POINT('',(16.807337294604,-39.5532575118));
#8460 = CARTESIAN_POINT('',(14.557337294604,-38.25421940612));
#8461 = CARTESIAN_POINT('',(12.307337294604,-36.95518130045));
#8462 = CARTESIAN_POINT('',(14.557337294604,-35.65614319477));
#8463 = CARTESIAN_POINT('',(16.807337294604,-34.35710508909));
#8464 = CARTESIAN_POINT('',(16.807337294604,-36.95518130045));
#8465 = ( GEOMETRIC_REPRESENTATION_CONTEXT(2)
PARAMETRIC_REPRESENTATION_CONTEXT() REPRESENTATION_CONTEXT('2D SPACE',''
  ) );
#8466 = PCURVE('',#8467,#8472);
#8467 = CYLINDRICAL_SURFACE('',#8468,1.5);
#8468 = AXIS2_PLACEMENT_3D('',#8469,#8470,#8471);
#8469 = CARTESIAN_POINT('',(15.307337294604,-36.95518130045,58.1));
#8470 = DIRECTION('',(-0.,-0.,-1.));
#8471 = DIRECTION('',(1.,0.,0.));
#8472 = DEFINITIONAL_REPRESENTATION('',(#8473),#8477);
#8473 = LINE('',#8474,#8475);
#8474 = CARTESIAN_POINT('',(-6.28318530718,-5.E-02));
#8475 = VECTOR('',#8476,1.);
#8476 = DIRECTION('',(1.,-0.));
#8477 = ( GEOMETRIC_REPRESENTATION_CONTEXT(2)
PARAMETRIC_REPRESENTATION_CONTEXT() REPRESENTATION_CONTEXT('2D SPACE',''
  ) );
#8478 = FACE_BOUND('',#8479,.F.);
#8479 = EDGE_LOOP('',(#8480));
#8480 = ORIENTED_EDGE('',*,*,#8481,.T.);
#8481 = EDGE_CURVE('',#8482,#8482,#8484,.T.);
#8482 = VERTEX_POINT('',#8483);
#8483 = CARTESIAN_POINT('',(20.35586947304,-35.27685057393,58.15));
#8484 = SURFACE_CURVE('',#8485,(#8490,#8501),.PCURVE_S1.);
#8485 = CIRCLE('',#8486,1.5);
#8486 = AXIS2_PLACEMENT_3D('',#8487,#8488,#8489);
#8487 = CARTESIAN_POINT('',(18.85586947304,-35.27685057393,58.15));
#8488 = DIRECTION('',(0.,0.,-1.));
#8489 = DIRECTION('',(1.,0.,0.));
#8490 = PCURVE('',#7649,#8491);
#8491 = DEFINITIONAL_REPRESENTATION('',(#8492),#8500);
#8492 = ( BOUNDED_CURVE() B_SPLINE_CURVE(2,(#8493,#8494,#8495,#8496,
#8497,#8498,#8499),.UNSPECIFIED.,.T.,.F.) B_SPLINE_CURVE_WITH_KNOTS((1,2
    ,2,2,2,1),(-2.094395102393,0.,2.094395102393,4.188790204786,
6.28318530718,8.377580409573),.UNSPECIFIED.) CURVE()
GEOMETRIC_REPRESENTATION_ITEM() RATIONAL_B_SPLINE_CURVE((1.,0.5,1.,0.5,
1.,0.5,1.)) REPRESENTATION_ITEM('') );
#8493 = CARTESIAN_POINT('',(20.35586947304,-35.27685057393));
#8494 = CARTESIAN_POINT('',(20.35586947304,-37.87492678528));
#8495 = CARTESIAN_POINT('',(18.10586947304,-36.57588867961));
#8496 = CARTESIAN_POINT('',(15.85586947304,-35.27685057393));
#8497 = CARTESIAN_POINT('',(18.10586947304,-33.97781246825));
#8498 = CARTESIAN_POINT('',(20.35586947304,-32.67877436258));
#8499 = CARTESIAN_POINT('',(20.35586947304,-35.27685057393));
#8500 = ( GEOMETRIC_REPRESENTATION_CONTEXT(2)
PARAMETRIC_REPRESENTATION_CONTEXT() REPRESENTATION_CONTEXT('2D SPACE',''
  ) );
#8501 = PCURVE('',#8502,#8507);
#8502 = CYLINDRICAL_SURFACE('',#8503,1.5);
#8503 = AXIS2_PLACEMENT_3D('',#8504,#8505,#8506);
#8504 = CARTESIAN_POINT('',(18.85586947304,-35.27685057393,58.1));
#8505 = DIRECTION('',(-0.,-0.,-1.));
#8506 = DIRECTION('',(1.,0.,0.));
#8507 = DEFINITIONAL_REPRESENTATION('',(#8508),#8512);
#8508 = LINE('',#8509,#8510);
#8509 = CARTESIAN_POINT('',(-6.28318530718,-5.E-02));
#8510 = VECTOR('',#8511,1.);
#8511 = DIRECTION('',(1.,-0.));
#8512 = ( GEOMETRIC_REPRESENTATION_CONTEXT(2)
PARAMETRIC_REPRESENTATION_CONTEXT() REPRESENTATION_CONTEXT('2D SPACE',''
  ) );
#8513 = FACE_BOUND('',#8514,.F.);
#8514 = EDGE_LOOP('',(#8515));
#8515 = ORIENTED_EDGE('',*,*,#8516,.T.);
#8516 = EDGE_CURVE('',#8517,#8517,#8519,.T.);
#8517 = VERTEX_POINT('',#8518);
#8518 = CARTESIAN_POINT('',(23.722809320784,-33.2587844921,58.15));
#8519 = SURFACE_CURVE('',#8520,(#8525,#8536),.PCURVE_S1.);
#8520 = CIRCLE('',#8521,1.5);
#8521 = AXIS2_PLACEMENT_3D('',#8522,#8523,#8524);
#8522 = CARTESIAN_POINT('',(22.222809320784,-33.2587844921,58.15));
#8523 = DIRECTION('',(0.,0.,-1.));
#8524 = DIRECTION('',(1.,0.,0.));
#8525 = PCURVE('',#7649,#8526);
#8526 = DEFINITIONAL_REPRESENTATION('',(#8527),#8535);
#8527 = ( BOUNDED_CURVE() B_SPLINE_CURVE(2,(#8528,#8529,#8530,#8531,
#8532,#8533,#8534),.UNSPECIFIED.,.T.,.F.) B_SPLINE_CURVE_WITH_KNOTS((1,2
    ,2,2,2,1),(-2.094395102393,0.,2.094395102393,4.188790204786,
6.28318530718,8.377580409573),.UNSPECIFIED.) CURVE()
GEOMETRIC_REPRESENTATION_ITEM() RATIONAL_B_SPLINE_CURVE((1.,0.5,1.,0.5,
1.,0.5,1.)) REPRESENTATION_ITEM('') );
#8528 = CARTESIAN_POINT('',(23.722809320784,-33.2587844921));
#8529 = CARTESIAN_POINT('',(23.722809320784,-35.85686070345));
#8530 = CARTESIAN_POINT('',(21.472809320784,-34.55782259777));
#8531 = CARTESIAN_POINT('',(19.222809320784,-33.2587844921));
#8532 = CARTESIAN_POINT('',(21.472809320784,-31.95974638642));
#8533 = CARTESIAN_POINT('',(23.722809320784,-30.66070828074));
#8534 = CARTESIAN_POINT('',(23.722809320784,-33.2587844921));
#8535 = ( GEOMETRIC_REPRESENTATION_CONTEXT(2)
PARAMETRIC_REPRESENTATION_CONTEXT() REPRESENTATION_CONTEXT('2D SPACE',''
  ) );
#8536 = PCURVE('',#8537,#8542);
#8537 = CYLINDRICAL_SURFACE('',#8538,1.5);
#8538 = AXIS2_PLACEMENT_3D('',#8539,#8540,#8541);
#8539 = CARTESIAN_POINT('',(22.222809320784,-33.2587844921,58.1));
#8540 = DIRECTION('',(-0.,-0.,-1.));
#8541 = DIRECTION('',(1.,0.,0.));
#8542 = DEFINITIONAL_REPRESENTATION('',(#8543),#8547);
#8543 = LINE('',#8544,#8545);
#8544 = CARTESIAN_POINT('',(-6.28318530718,-5.E-02));
#8545 = VECTOR('',#8546,1.);
#8546 = DIRECTION('',(1.,-0.));
#8547 = ( GEOMETRIC_REPRESENTATION_CONTEXT(2)
PARAMETRIC_REPRESENTATION_CONTEXT() REPRESENTATION_CONTEXT('2D SPACE',''
  ) );
#8548 = FACE_BOUND('',#8549,.F.);
#8549 = EDGE_LOOP('',(#8550));
#8550 = ORIENTED_EDGE('',*,*,#8551,.T.);
#8551 = EDGE_CURVE('',#8552,#8552,#8554,.T.);
#8552 = VERTEX_POINT('',#8553);
#8553 = CARTESIAN_POINT('',(26.875731366546,-30.9204181345,58.15));
#8554 = SURFACE_CURVE('',#8555,(#8560,#8571),.PCURVE_S1.);
#8555 = CIRCLE('',#8556,1.5);
#8556 = AXIS2_PLACEMENT_3D('',#8557,#8558,#8559);
#8557 = CARTESIAN_POINT('',(25.375731366546,-30.9204181345,58.15));
#8558 = DIRECTION('',(0.,0.,-1.));
#8559 = DIRECTION('',(1.,0.,0.));
#8560 = PCURVE('',#7649,#8561);
#8561 = DEFINITIONAL_REPRESENTATION('',(#8562),#8570);
#8562 = ( BOUNDED_CURVE() B_SPLINE_CURVE(2,(#8563,#8564,#8565,#8566,
#8567,#8568,#8569),.UNSPECIFIED.,.T.,.F.) B_SPLINE_CURVE_WITH_KNOTS((1,2
    ,2,2,2,1),(-2.094395102393,0.,2.094395102393,4.188790204786,
6.28318530718,8.377580409573),.UNSPECIFIED.) CURVE()
GEOMETRIC_REPRESENTATION_ITEM() RATIONAL_B_SPLINE_CURVE((1.,0.5,1.,0.5,
1.,0.5,1.)) REPRESENTATION_ITEM('') );
#8563 = CARTESIAN_POINT('',(26.875731366546,-30.9204181345));
#8564 = CARTESIAN_POINT('',(26.875731366546,-33.51849434586));
#8565 = CARTESIAN_POINT('',(24.625731366546,-32.21945624018));
#8566 = CARTESIAN_POINT('',(22.375731366546,-30.9204181345));
#8567 = CARTESIAN_POINT('',(24.625731366546,-29.62138002883));
#8568 = CARTESIAN_POINT('',(26.875731366546,-28.32234192315));
#8569 = CARTESIAN_POINT('',(26.875731366546,-30.9204181345));
#8570 = ( GEOMETRIC_REPRESENTATION_CONTEXT(2)
PARAMETRIC_REPRESENTATION_CONTEXT() REPRESENTATION_CONTEXT('2D SPACE',''
  ) );
#8571 = PCURVE('',#8572,#8577);
#8572 = CYLINDRICAL_SURFACE('',#8573,1.5);
#8573 = AXIS2_PLACEMENT_3D('',#8574,#8575,#8576);
#8574 = CARTESIAN_POINT('',(25.375731366546,-30.9204181345,58.1));
#8575 = DIRECTION('',(-0.,-0.,-1.));
#8576 = DIRECTION('',(1.,0.,0.));
#8577 = DEFINITIONAL_REPRESENTATION('',(#8578),#8582);
#8578 = LINE('',#8579,#8580);
#8579 = CARTESIAN_POINT('',(-6.28318530718,-5.E-02));
#8580 = VECTOR('',#8581,1.);
#8581 = DIRECTION('',(1.,-0.));
#8582 = ( GEOMETRIC_REPRESENTATION_CONTEXT(2)
PARAMETRIC_REPRESENTATION_CONTEXT() REPRESENTATION_CONTEXT('2D SPACE',''
  ) );
#8583 = FACE_BOUND('',#8584,.F.);
#8584 = EDGE_LOOP('',(#8585));
#8585 = ORIENTED_EDGE('',*,*,#8586,.T.);
#8586 = EDGE_CURVE('',#8587,#8587,#8589,.T.);
#8587 = VERTEX_POINT('',#8588);
#8588 = CARTESIAN_POINT('',(29.784271247462,-28.28427124746,58.15));
#8589 = SURFACE_CURVE('',#8590,(#8595,#8606),.PCURVE_S1.);
#8590 = CIRCLE('',#8591,1.5);
#8591 = AXIS2_PLACEMENT_3D('',#8592,#8593,#8594);
#8592 = CARTESIAN_POINT('',(28.284271247462,-28.28427124746,58.15));
#8593 = DIRECTION('',(0.,0.,-1.));
#8594 = DIRECTION('',(1.,0.,0.));
#8595 = PCURVE('',#7649,#8596);
#8596 = DEFINITIONAL_REPRESENTATION('',(#8597),#8605);
#8597 = ( BOUNDED_CURVE() B_SPLINE_CURVE(2,(#8598,#8599,#8600,#8601,
#8602,#8603,#8604),.UNSPECIFIED.,.T.,.F.) B_SPLINE_CURVE_WITH_KNOTS((1,2
    ,2,2,2,1),(-2.094395102393,0.,2.094395102393,4.188790204786,
6.28318530718,8.377580409573),.UNSPECIFIED.) CURVE()
GEOMETRIC_REPRESENTATION_ITEM() RATIONAL_B_SPLINE_CURVE((1.,0.5,1.,0.5,
1.,0.5,1.)) REPRESENTATION_ITEM('') );
#8598 = CARTESIAN_POINT('',(29.784271247462,-28.28427124746));
#8599 = CARTESIAN_POINT('',(29.784271247462,-30.88234745881));
#8600 = CARTESIAN_POINT('',(27.534271247462,-29.58330935313));
#8601 = CARTESIAN_POINT('',(25.284271247462,-28.28427124746));
#8602 = CARTESIAN_POINT('',(27.534271247462,-26.98523314178));
#8603 = CARTESIAN_POINT('',(29.784271247462,-25.6861950361));
#8604 = CARTESIAN_POINT('',(29.784271247462,-28.28427124746));
#8605 = ( GEOMETRIC_REPRESENTATION_CONTEXT(2)
PARAMETRIC_REPRESENTATION_CONTEXT() REPRESENTATION_CONTEXT('2D SPACE',''
  ) );
#8606 = PCURVE('',#8607,#8612);
#8607 = CYLINDRICAL_SURFACE('',#8608,1.5);
#8608 = AXIS2_PLACEMENT_3D('',#8609,#8610,#8611);
#8609 = CARTESIAN_POINT('',(28.284271247462,-28.28427124746,58.1));
#8610 = DIRECTION('',(-0.,-0.,-1.));
#8611 = DIRECTION('',(1.,0.,0.));
#8612 = DEFINITIONAL_REPRESENTATION('',(#8613),#8617);
#8613 = LINE('',#8614,#8615);
#8614 = CARTESIAN_POINT('',(-6.28318530718,-5.E-02));
#8615 = VECTOR('',#8616,1.);
#8616 = DIRECTION('',(1.,-0.));
#8617 = ( GEOMETRIC_REPRESENTATION_CONTEXT(2)
PARAMETRIC_REPRESENTATION_CONTEXT() REPRESENTATION_CONTEXT('2D SPACE',''
  ) );
#8618 = FACE_BOUND('',#8619,.F.);
#8619 = EDGE_LOOP('',(#8620));
#8620 = ORIENTED_EDGE('',*,*,#8621,.T.);
#8621 = EDGE_CURVE('',#8622,#8622,#8624,.T.);
#8622 = VERTEX_POINT('',#8623);
#8623 = CARTESIAN_POINT('',(32.420418134509,-25.37573136654,58.15));
#8624 = SURFACE_CURVE('',#8625,(#8630,#8641),.PCURVE_S1.);
#8625 = CIRCLE('',#8626,1.5);
#8626 = AXIS2_PLACEMENT_3D('',#8627,#8628,#8629);
#8627 = CARTESIAN_POINT('',(30.920418134509,-25.37573136654,58.15));
#8628 = DIRECTION('',(0.,0.,-1.));
#8629 = DIRECTION('',(1.,0.,0.));
#8630 = PCURVE('',#7649,#8631);
#8631 = DEFINITIONAL_REPRESENTATION('',(#8632),#8640);
#8632 = ( BOUNDED_CURVE() B_SPLINE_CURVE(2,(#8633,#8634,#8635,#8636,
#8637,#8638,#8639),.UNSPECIFIED.,.T.,.F.) B_SPLINE_CURVE_WITH_KNOTS((1,2
    ,2,2,2,1),(-2.094395102393,0.,2.094395102393,4.188790204786,
6.28318530718,8.377580409573),.UNSPECIFIED.) CURVE()
GEOMETRIC_REPRESENTATION_ITEM() RATIONAL_B_SPLINE_CURVE((1.,0.5,1.,0.5,
1.,0.5,1.)) REPRESENTATION_ITEM('') );
#8633 = CARTESIAN_POINT('',(32.420418134509,-25.37573136654));
#8634 = CARTESIAN_POINT('',(32.420418134509,-27.97380757789));
#8635 = CARTESIAN_POINT('',(30.170418134509,-26.67476947222));
#8636 = CARTESIAN_POINT('',(27.920418134509,-25.37573136654));
#8637 = CARTESIAN_POINT('',(30.170418134509,-24.07669326086));
#8638 = CARTESIAN_POINT('',(32.420418134509,-22.77765515519));
#8639 = CARTESIAN_POINT('',(32.420418134509,-25.37573136654));
#8640 = ( GEOMETRIC_REPRESENTATION_CONTEXT(2)
PARAMETRIC_REPRESENTATION_CONTEXT() REPRESENTATION_CONTEXT('2D SPACE',''
  ) );
#8641 = PCURVE('',#8642,#8647);
#8642 = CYLINDRICAL_SURFACE('',#8643,1.5);
#8643 = AXIS2_PLACEMENT_3D('',#8644,#8645,#8646);
#8644 = CARTESIAN_POINT('',(30.920418134509,-25.37573136654,58.1));
#8645 = DIRECTION('',(-0.,-0.,-1.));
#8646 = DIRECTION('',(1.,0.,0.));
#8647 = DEFINITIONAL_REPRESENTATION('',(#8648),#8652);
#8648 = LINE('',#8649,#8650);
#8649 = CARTESIAN_POINT('',(-6.28318530718,-5.E-02));
#8650 = VECTOR('',#8651,1.);
#8651 = DIRECTION('',(1.,-0.));
#8652 = ( GEOMETRIC_REPRESENTATION_CONTEXT(2)
PARAMETRIC_REPRESENTATION_CONTEXT() REPRESENTATION_CONTEXT('2D SPACE',''
  ) );
#8653 = FACE_BOUND('',#8654,.F.);
#8654 = EDGE_LOOP('',(#8655));
#8655 = ORIENTED_EDGE('',*,*,#8656,.T.);
#8656 = EDGE_CURVE('',#8657,#8657,#8659,.T.);
#8657 = VERTEX_POINT('',#8658);
#8658 = CARTESIAN_POINT('',(34.758784492102,-22.22280932078,58.15));
#8659 = SURFACE_CURVE('',#8660,(#8665,#8676),.PCURVE_S1.);
#8660 = CIRCLE('',#8661,1.5);
#8661 = AXIS2_PLACEMENT_3D('',#8662,#8663,#8664);
#8662 = CARTESIAN_POINT('',(33.258784492102,-22.22280932078,58.15));
#8663 = DIRECTION('',(0.,0.,-1.));
#8664 = DIRECTION('',(1.,0.,0.));
#8665 = PCURVE('',#7649,#8666);
#8666 = DEFINITIONAL_REPRESENTATION('',(#8667),#8675);
#8667 = ( BOUNDED_CURVE() B_SPLINE_CURVE(2,(#8668,#8669,#8670,#8671,
#8672,#8673,#8674),.UNSPECIFIED.,.T.,.F.) B_SPLINE_CURVE_WITH_KNOTS((1,2
    ,2,2,2,1),(-2.094395102393,0.,2.094395102393,4.188790204786,
6.28318530718,8.377580409573),.UNSPECIFIED.) CURVE()
GEOMETRIC_REPRESENTATION_ITEM() RATIONAL_B_SPLINE_CURVE((1.,0.5,1.,0.5,
1.,0.5,1.)) REPRESENTATION_ITEM('') );
#8668 = CARTESIAN_POINT('',(34.758784492102,-22.22280932078));
#8669 = CARTESIAN_POINT('',(34.758784492102,-24.82088553213));
#8670 = CARTESIAN_POINT('',(32.508784492102,-23.52184742646));
#8671 = CARTESIAN_POINT('',(30.258784492102,-22.22280932078));
#8672 = CARTESIAN_POINT('',(32.508784492102,-20.9237712151));
#8673 = CARTESIAN_POINT('',(34.758784492102,-19.62473310943));
#8674 = CARTESIAN_POINT('',(34.758784492102,-22.22280932078));
#8675 = ( GEOMETRIC_REPRESENTATION_CONTEXT(2)
PARAMETRIC_REPRESENTATION_CONTEXT() REPRESENTATION_CONTEXT('2D SPACE',''
  ) );
#8676 = PCURVE('',#8677,#8682);
#8677 = CYLINDRICAL_SURFACE('',#8678,1.5);
#8678 = AXIS2_PLACEMENT_3D('',#8679,#8680,#8681);
#8679 = CARTESIAN_POINT('',(33.258784492102,-22.22280932078,58.1));
#8680 = DIRECTION('',(-0.,-0.,-1.));
#8681 = DIRECTION('',(1.,0.,0.));
#8682 = DEFINITIONAL_REPRESENTATION('',(#8683),#8687);
#8683 = LINE('',#8684,#8685);
#8684 = CARTESIAN_POINT('',(-6.28318530718,-5.E-02));
#8685 = VECTOR('',#8686,1.);
#8686 = DIRECTION('',(1.,-0.));
#8687 = ( GEOMETRIC_REPRESENTATION_CONTEXT(2)
PARAMETRIC_REPRESENTATION_CONTEXT() REPRESENTATION_CONTEXT('2D SPACE',''
  ) );
#8688 = FACE_BOUND('',#8689,.F.);
#8689 = EDGE_LOOP('',(#8690,#8720,#8748,#8776));
#8690 = ORIENTED_EDGE('',*,*,#8691,.T.);
#8691 = EDGE_CURVE('',#8692,#8694,#8696,.T.);
#8692 = VERTEX_POINT('',#8693);
#8693 = CARTESIAN_POINT('',(17.4,-20.975,58.15));
#8694 = VERTEX_POINT('',#8695);
#8695 = CARTESIAN_POINT('',(11.6,-20.975,58.15));
#8696 = SURFACE_CURVE('',#8697,(#8701,#8708),.PCURVE_S1.);
#8697 = LINE('',#8698,#8699);
#8698 = CARTESIAN_POINT('',(5.8,-20.975,58.15));
#8699 = VECTOR('',#8700,1.);
#8700 = DIRECTION('',(-1.,0.,0.));
#8701 = PCURVE('',#7649,#8702);
#8702 = DEFINITIONAL_REPRESENTATION('',(#8703),#8707);
#8703 = LINE('',#8704,#8705);
#8704 = CARTESIAN_POINT('',(5.8,-20.975));
#8705 = VECTOR('',#8706,1.);
#8706 = DIRECTION('',(-1.,0.));
#8707 = ( GEOMETRIC_REPRESENTATION_CONTEXT(2)
PARAMETRIC_REPRESENTATION_CONTEXT() REPRESENTATION_CONTEXT('2D SPACE',''
  ) );
#8708 = PCURVE('',#8709,#8714);
#8709 = PLANE('',#8710);
#8710 = AXIS2_PLACEMENT_3D('',#8711,#8712,#8713);
#8711 = CARTESIAN_POINT('',(11.6,-20.975,58.1));
#8712 = DIRECTION('',(0.,1.,0.));
#8713 = DIRECTION('',(0.,0.,1.));
#8714 = DEFINITIONAL_REPRESENTATION('',(#8715),#8719);
#8715 = LINE('',#8716,#8717);
#8716 = CARTESIAN_POINT('',(5.E-02,-5.8));
#8717 = VECTOR('',#8718,1.);
#8718 = DIRECTION('',(0.,-1.));
#8719 = ( GEOMETRIC_REPRESENTATION_CONTEXT(2)
PARAMETRIC_REPRESENTATION_CONTEXT() REPRESENTATION_CONTEXT('2D SPACE',''
  ) );
#8720 = ORIENTED_EDGE('',*,*,#8721,.T.);
#8721 = EDGE_CURVE('',#8694,#8722,#8724,.T.);
#8722 = VERTEX_POINT('',#8723);
#8723 = CARTESIAN_POINT('',(11.6,-19.025,58.15));
#8724 = SURFACE_CURVE('',#8725,(#8729,#8736),.PCURVE_S1.);
#8725 = LINE('',#8726,#8727);
#8726 = CARTESIAN_POINT('',(11.6,-10.4875,58.15));
#8727 = VECTOR('',#8728,1.);
#8728 = DIRECTION('',(0.,1.,0.));
#8729 = PCURVE('',#7649,#8730);
#8730 = DEFINITIONAL_REPRESENTATION('',(#8731),#8735);
#8731 = LINE('',#8732,#8733);
#8732 = CARTESIAN_POINT('',(11.6,-10.4875));
#8733 = VECTOR('',#8734,1.);
#8734 = DIRECTION('',(0.,1.));
#8735 = ( GEOMETRIC_REPRESENTATION_CONTEXT(2)
PARAMETRIC_REPRESENTATION_CONTEXT() REPRESENTATION_CONTEXT('2D SPACE',''
  ) );
#8736 = PCURVE('',#8737,#8742);
#8737 = PLANE('',#8738);
#8738 = AXIS2_PLACEMENT_3D('',#8739,#8740,#8741);
#8739 = CARTESIAN_POINT('',(11.6,-20.975,58.1));
#8740 = DIRECTION('',(1.,0.,0.));
#8741 = DIRECTION('',(0.,0.,1.));
#8742 = DEFINITIONAL_REPRESENTATION('',(#8743),#8747);
#8743 = LINE('',#8744,#8745);
#8744 = CARTESIAN_POINT('',(5.E-02,-10.4875));
#8745 = VECTOR('',#8746,1.);
#8746 = DIRECTION('',(0.,-1.));
#8747 = ( GEOMETRIC_REPRESENTATION_CONTEXT(2)
PARAMETRIC_REPRESENTATION_CONTEXT() REPRESENTATION_CONTEXT('2D SPACE',''
  ) );
#8748 = ORIENTED_EDGE('',*,*,#8749,.F.);
#8749 = EDGE_CURVE('',#8750,#8722,#8752,.T.);
#8750 = VERTEX_POINT('',#8751);
#8751 = CARTESIAN_POINT('',(17.4,-19.025,58.15));
#8752 = SURFACE_CURVE('',#8753,(#8757,#8764),.PCURVE_S1.);
#8753 = LINE('',#8754,#8755);
#8754 = CARTESIAN_POINT('',(5.8,-19.025,58.15));
#8755 = VECTOR('',#8756,1.);
#8756 = DIRECTION('',(-1.,0.,0.));
#8757 = PCURVE('',#7649,#8758);
#8758 = DEFINITIONAL_REPRESENTATION('',(#8759),#8763);
#8759 = LINE('',#8760,#8761);
#8760 = CARTESIAN_POINT('',(5.8,-19.025));
#8761 = VECTOR('',#8762,1.);
#8762 = DIRECTION('',(-1.,0.));
#8763 = ( GEOMETRIC_REPRESENTATION_CONTEXT(2)
PARAMETRIC_REPRESENTATION_CONTEXT() REPRESENTATION_CONTEXT('2D SPACE',''
  ) );
#8764 = PCURVE('',#8765,#8770);
#8765 = PLANE('',#8766);
#8766 = AXIS2_PLACEMENT_3D('',#8767,#8768,#8769);
#8767 = CARTESIAN_POINT('',(11.6,-19.025,58.1));
#8768 = DIRECTION('',(0.,1.,0.));
#8769 = DIRECTION('',(0.,0.,1.));
#8770 = DEFINITIONAL_REPRESENTATION('',(#8771),#8775);
#8771 = LINE('',#8772,#8773);
#8772 = CARTESIAN_POINT('',(5.E-02,-5.8));
#8773 = VECTOR('',#8774,1.);
#8774 = DIRECTION('',(0.,-1.));
#8775 = ( GEOMETRIC_REPRESENTATION_CONTEXT(2)
PARAMETRIC_REPRESENTATION_CONTEXT() REPRESENTATION_CONTEXT('2D SPACE',''
  ) );
#8776 = ORIENTED_EDGE('',*,*,#8777,.F.);
#8777 = EDGE_CURVE('',#8692,#8750,#8778,.T.);
#8778 = SURFACE_CURVE('',#8779,(#8783,#8790),.PCURVE_S1.);
#8779 = LINE('',#8780,#8781);
#8780 = CARTESIAN_POINT('',(17.4,-10.4875,58.15));
#8781 = VECTOR('',#8782,1.);
#8782 = DIRECTION('',(0.,1.,0.));
#8783 = PCURVE('',#7649,#8784);
#8784 = DEFINITIONAL_REPRESENTATION('',(#8785),#8789);
#8785 = LINE('',#8786,#8787);
#8786 = CARTESIAN_POINT('',(17.4,-10.4875));
#8787 = VECTOR('',#8788,1.);
#8788 = DIRECTION('',(0.,1.));
#8789 = ( GEOMETRIC_REPRESENTATION_CONTEXT(2)
PARAMETRIC_REPRESENTATION_CONTEXT() REPRESENTATION_CONTEXT('2D SPACE',''
  ) );
#8790 = PCURVE('',#8791,#8796);
#8791 = PLANE('',#8792);
#8792 = AXIS2_PLACEMENT_3D('',#8793,#8794,#8795);
#8793 = CARTESIAN_POINT('',(17.4,-20.975,58.1));
#8794 = DIRECTION('',(1.,0.,0.));
#8795 = DIRECTION('',(0.,0.,1.));
#8796 = DEFINITIONAL_REPRESENTATION('',(#8797),#8801);
#8797 = LINE('',#8798,#8799);
#8798 = CARTESIAN_POINT('',(5.E-02,-10.4875));
#8799 = VECTOR('',#8800,1.);
#8800 = DIRECTION('',(0.,-1.));
#8801 = ( GEOMETRIC_REPRESENTATION_CONTEXT(2)
PARAMETRIC_REPRESENTATION_CONTEXT() REPRESENTATION_CONTEXT('2D SPACE',''
  ) );
#8802 = FACE_BOUND('',#8803,.F.);
#8803 = EDGE_LOOP('',(#8804));
#8804 = ORIENTED_EDGE('',*,*,#8805,.T.);
#8805 = EDGE_CURVE('',#8806,#8806,#8808,.T.);
#8806 = VERTEX_POINT('',#8807);
#8807 = CARTESIAN_POINT('',(36.776850573934,-18.85586947304,58.15));
#8808 = SURFACE_CURVE('',#8809,(#8814,#8825),.PCURVE_S1.);
#8809 = CIRCLE('',#8810,1.5);
#8810 = AXIS2_PLACEMENT_3D('',#8811,#8812,#8813);
#8811 = CARTESIAN_POINT('',(35.276850573934,-18.85586947304,58.15));
#8812 = DIRECTION('',(0.,0.,-1.));
#8813 = DIRECTION('',(1.,0.,0.));
#8814 = PCURVE('',#7649,#8815);
#8815 = DEFINITIONAL_REPRESENTATION('',(#8816),#8824);
#8816 = ( BOUNDED_CURVE() B_SPLINE_CURVE(2,(#8817,#8818,#8819,#8820,
#8821,#8822,#8823),.UNSPECIFIED.,.T.,.F.) B_SPLINE_CURVE_WITH_KNOTS((1,2
    ,2,2,2,1),(-2.094395102393,0.,2.094395102393,4.188790204786,
6.28318530718,8.377580409573),.UNSPECIFIED.) CURVE()
GEOMETRIC_REPRESENTATION_ITEM() RATIONAL_B_SPLINE_CURVE((1.,0.5,1.,0.5,
1.,0.5,1.)) REPRESENTATION_ITEM('') );
#8817 = CARTESIAN_POINT('',(36.776850573934,-18.85586947304));
#8818 = CARTESIAN_POINT('',(36.776850573934,-21.45394568439));
#8819 = CARTESIAN_POINT('',(34.526850573934,-20.15490757871));
#8820 = CARTESIAN_POINT('',(32.276850573934,-18.85586947304));
#8821 = CARTESIAN_POINT('',(34.526850573934,-17.55683136736));
#8822 = CARTESIAN_POINT('',(36.776850573934,-16.25779326168));
#8823 = CARTESIAN_POINT('',(36.776850573934,-18.85586947304));
#8824 = ( GEOMETRIC_REPRESENTATION_CONTEXT(2)
PARAMETRIC_REPRESENTATION_CONTEXT() REPRESENTATION_CONTEXT('2D SPACE',''
  ) );
#8825 = PCURVE('',#8826,#8831);
#8826 = CYLINDRICAL_SURFACE('',#8827,1.5);
#8827 = AXIS2_PLACEMENT_3D('',#8828,#8829,#8830);
#8828 = CARTESIAN_POINT('',(35.276850573934,-18.85586947304,58.1));
#8829 = DIRECTION('',(-0.,-0.,-1.));
#8830 = DIRECTION('',(1.,0.,0.));
#8831 = DEFINITIONAL_REPRESENTATION('',(#8832),#8836);
#8832 = LINE('',#8833,#8834);
#8833 = CARTESIAN_POINT('',(-6.28318530718,-5.E-02));
#8834 = VECTOR('',#8835,1.);
#8835 = DIRECTION('',(1.,-0.));
#8836 = ( GEOMETRIC_REPRESENTATION_CONTEXT(2)
PARAMETRIC_REPRESENTATION_CONTEXT() REPRESENTATION_CONTEXT('2D SPACE',''
  ) );
#8837 = FACE_BOUND('',#8838,.F.);
#8838 = EDGE_LOOP('',(#8839));
#8839 = ORIENTED_EDGE('',*,*,#8840,.T.);
#8840 = EDGE_CURVE('',#8841,#8841,#8843,.T.);
#8841 = VERTEX_POINT('',#8842);
#8842 = CARTESIAN_POINT('',(38.455181300451,-15.3073372946,58.15));
#8843 = SURFACE_CURVE('',#8844,(#8849,#8860),.PCURVE_S1.);
#8844 = CIRCLE('',#8845,1.5);
#8845 = AXIS2_PLACEMENT_3D('',#8846,#8847,#8848);
#8846 = CARTESIAN_POINT('',(36.955181300451,-15.3073372946,58.15));
#8847 = DIRECTION('',(0.,0.,-1.));
#8848 = DIRECTION('',(1.,0.,0.));
#8849 = PCURVE('',#7649,#8850);
#8850 = DEFINITIONAL_REPRESENTATION('',(#8851),#8859);
#8851 = ( BOUNDED_CURVE() B_SPLINE_CURVE(2,(#8852,#8853,#8854,#8855,
#8856,#8857,#8858),.UNSPECIFIED.,.T.,.F.) B_SPLINE_CURVE_WITH_KNOTS((1,2
    ,2,2,2,1),(-2.094395102393,0.,2.094395102393,4.188790204786,
6.28318530718,8.377580409573),.UNSPECIFIED.) CURVE()
GEOMETRIC_REPRESENTATION_ITEM() RATIONAL_B_SPLINE_CURVE((1.,0.5,1.,0.5,
1.,0.5,1.)) REPRESENTATION_ITEM('') );
#8852 = CARTESIAN_POINT('',(38.455181300451,-15.3073372946));
#8853 = CARTESIAN_POINT('',(38.455181300451,-17.90541350595));
#8854 = CARTESIAN_POINT('',(36.205181300451,-16.60637540028));
#8855 = CARTESIAN_POINT('',(33.955181300451,-15.3073372946));
#8856 = CARTESIAN_POINT('',(36.205181300451,-14.00829918892));
#8857 = CARTESIAN_POINT('',(38.455181300451,-12.70926108325));
#8858 = CARTESIAN_POINT('',(38.455181300451,-15.3073372946));
#8859 = ( GEOMETRIC_REPRESENTATION_CONTEXT(2)
PARAMETRIC_REPRESENTATION_CONTEXT() REPRESENTATION_CONTEXT('2D SPACE',''
  ) );
#8860 = PCURVE('',#8861,#8866);
#8861 = CYLINDRICAL_SURFACE('',#8862,1.5);
#8862 = AXIS2_PLACEMENT_3D('',#8863,#8864,#8865);
#8863 = CARTESIAN_POINT('',(36.955181300451,-15.3073372946,58.1));
#8864 = DIRECTION('',(-0.,-0.,-1.));
#8865 = DIRECTION('',(1.,0.,0.));
#8866 = DEFINITIONAL_REPRESENTATION('',(#8867),#8871);
#8867 = LINE('',#8868,#8869);
#8868 = CARTESIAN_POINT('',(-6.28318530718,-5.E-02));
#8869 = VECTOR('',#8870,1.);
#8870 = DIRECTION('',(1.,-0.));
#8871 = ( GEOMETRIC_REPRESENTATION_CONTEXT(2)
PARAMETRIC_REPRESENTATION_CONTEXT() REPRESENTATION_CONTEXT('2D SPACE',''
  ) );
#8872 = FACE_BOUND('',#8873,.F.);
#8873 = EDGE_LOOP('',(#8874));
#8874 = ORIENTED_EDGE('',*,*,#8875,.T.);
#8875 = EDGE_CURVE('',#8876,#8876,#8878,.T.);
#8876 = VERTEX_POINT('',#8877);
#8877 = CARTESIAN_POINT('',(39.777613429288,-11.61138709017,58.15));
#8878 = SURFACE_CURVE('',#8879,(#8884,#8895),.PCURVE_S1.);
#8879 = CIRCLE('',#8880,1.5);
#8880 = AXIS2_PLACEMENT_3D('',#8881,#8882,#8883);
#8881 = CARTESIAN_POINT('',(38.277613429288,-11.61138709017,58.15));
#8882 = DIRECTION('',(0.,0.,-1.));
#8883 = DIRECTION('',(1.,0.,0.));
#8884 = PCURVE('',#7649,#8885);
#8885 = DEFINITIONAL_REPRESENTATION('',(#8886),#8894);
#8886 = ( BOUNDED_CURVE() B_SPLINE_CURVE(2,(#8887,#8888,#8889,#8890,
#8891,#8892,#8893),.UNSPECIFIED.,.T.,.F.) B_SPLINE_CURVE_WITH_KNOTS((1,2
    ,2,2,2,1),(-2.094395102393,0.,2.094395102393,4.188790204786,
6.28318530718,8.377580409573),.UNSPECIFIED.) CURVE()
GEOMETRIC_REPRESENTATION_ITEM() RATIONAL_B_SPLINE_CURVE((1.,0.5,1.,0.5,
1.,0.5,1.)) REPRESENTATION_ITEM('') );
#8887 = CARTESIAN_POINT('',(39.777613429288,-11.61138709017));
#8888 = CARTESIAN_POINT('',(39.777613429288,-14.20946330153));
#8889 = CARTESIAN_POINT('',(37.527613429288,-12.91042519585));
#8890 = CARTESIAN_POINT('',(35.277613429288,-11.61138709017));
#8891 = CARTESIAN_POINT('',(37.527613429288,-10.3123489845));
#8892 = CARTESIAN_POINT('',(39.777613429288,-9.013310878825));
#8893 = CARTESIAN_POINT('',(39.777613429288,-11.61138709017));
#8894 = ( GEOMETRIC_REPRESENTATION_CONTEXT(2)
PARAMETRIC_REPRESENTATION_CONTEXT() REPRESENTATION_CONTEXT('2D SPACE',''
  ) );
#8895 = PCURVE('',#8896,#8901);
#8896 = CYLINDRICAL_SURFACE('',#8897,1.5);
#8897 = AXIS2_PLACEMENT_3D('',#8898,#8899,#8900);
#8898 = CARTESIAN_POINT('',(38.277613429288,-11.61138709017,58.1));
#8899 = DIRECTION('',(-0.,-0.,-1.));
#8900 = DIRECTION('',(1.,0.,0.));
#8901 = DEFINITIONAL_REPRESENTATION('',(#8902),#8906);
#8902 = LINE('',#8903,#8904);
#8903 = CARTESIAN_POINT('',(-6.28318530718,-5.E-02));
#8904 = VECTOR('',#8905,1.);
#8905 = DIRECTION('',(1.,-0.));
#8906 = ( GEOMETRIC_REPRESENTATION_CONTEXT(2)
PARAMETRIC_REPRESENTATION_CONTEXT() REPRESENTATION_CONTEXT('2D SPACE',''
  ) );
#8907 = FACE_BOUND('',#8908,.F.);
#8908 = EDGE_LOOP('',(#8909));
#8909 = ORIENTED_EDGE('',*,*,#8910,.T.);
#8910 = EDGE_CURVE('',#8911,#8911,#8913,.T.);
#8911 = VERTEX_POINT('',#8912);
#8912 = CARTESIAN_POINT('',(40.731411216129,-7.803612880645,58.15));
#8913 = SURFACE_CURVE('',#8914,(#8919,#8930),.PCURVE_S1.);
#8914 = CIRCLE('',#8915,1.5);
#8915 = AXIS2_PLACEMENT_3D('',#8916,#8917,#8918);
#8916 = CARTESIAN_POINT('',(39.231411216129,-7.803612880645,58.15));
#8917 = DIRECTION('',(0.,0.,-1.));
#8918 = DIRECTION('',(1.,0.,0.));
#8919 = PCURVE('',#7649,#8920);
#8920 = DEFINITIONAL_REPRESENTATION('',(#8921),#8929);
#8921 = ( BOUNDED_CURVE() B_SPLINE_CURVE(2,(#8922,#8923,#8924,#8925,
#8926,#8927,#8928),.UNSPECIFIED.,.T.,.F.) B_SPLINE_CURVE_WITH_KNOTS((1,2
    ,2,2,2,1),(-2.094395102393,0.,2.094395102393,4.188790204786,
6.28318530718,8.377580409573),.UNSPECIFIED.) CURVE()
GEOMETRIC_REPRESENTATION_ITEM() RATIONAL_B_SPLINE_CURVE((1.,0.5,1.,0.5,
1.,0.5,1.)) REPRESENTATION_ITEM('') );
#8922 = CARTESIAN_POINT('',(40.731411216129,-7.803612880645));
#8923 = CARTESIAN_POINT('',(40.731411216129,-10.40168909199));
#8924 = CARTESIAN_POINT('',(38.481411216129,-9.102650986322));
#8925 = CARTESIAN_POINT('',(36.231411216129,-7.803612880645));
#8926 = CARTESIAN_POINT('',(38.481411216129,-6.504574774968));
#8927 = CARTESIAN_POINT('',(40.731411216129,-5.205536669292));
#8928 = CARTESIAN_POINT('',(40.731411216129,-7.803612880645));
#8929 = ( GEOMETRIC_REPRESENTATION_CONTEXT(2)
PARAMETRIC_REPRESENTATION_CONTEXT() REPRESENTATION_CONTEXT('2D SPACE',''
  ) );
#8930 = PCURVE('',#8931,#8936);
#8931 = CYLINDRICAL_SURFACE('',#8932,1.5);
#8932 = AXIS2_PLACEMENT_3D('',#8933,#8934,#8935);
#8933 = CARTESIAN_POINT('',(39.231411216129,-7.803612880645,58.1));
#8934 = DIRECTION('',(-0.,-0.,-1.));
#8935 = DIRECTION('',(1.,0.,0.));
#8936 = DEFINITIONAL_REPRESENTATION('',(#8937),#8941);
#8937 = LINE('',#8938,#8939);
#8938 = CARTESIAN_POINT('',(-6.28318530718,-5.E-02));
#8939 = VECTOR('',#8940,1.);
#8940 = DIRECTION('',(1.,-0.));
#8941 = ( GEOMETRIC_REPRESENTATION_CONTEXT(2)
PARAMETRIC_REPRESENTATION_CONTEXT() REPRESENTATION_CONTEXT('2D SPACE',''
  ) );
#8942 = FACE_BOUND('',#8943,.F.);
#8943 = EDGE_LOOP('',(#8944));
#8944 = ORIENTED_EDGE('',*,*,#8945,.T.);
#8945 = EDGE_CURVE('',#8946,#8946,#8948,.T.);
#8946 = VERTEX_POINT('',#8947);
#8947 = CARTESIAN_POINT('',(41.307389066888,-3.920685613182,58.15));
#8948 = SURFACE_CURVE('',#8949,(#8954,#8965),.PCURVE_S1.);
#8949 = CIRCLE('',#8950,1.5);
#8950 = AXIS2_PLACEMENT_3D('',#8951,#8952,#8953);
#8951 = CARTESIAN_POINT('',(39.807389066888,-3.920685613182,58.15));
#8952 = DIRECTION('',(0.,0.,-1.));
#8953 = DIRECTION('',(1.,0.,0.));
#8954 = PCURVE('',#7649,#8955);
#8955 = DEFINITIONAL_REPRESENTATION('',(#8956),#8964);
#8956 = ( BOUNDED_CURVE() B_SPLINE_CURVE(2,(#8957,#8958,#8959,#8960,
#8961,#8962,#8963),.UNSPECIFIED.,.T.,.F.) B_SPLINE_CURVE_WITH_KNOTS((1,2
    ,2,2,2,1),(-2.094395102393,0.,2.094395102393,4.188790204786,
6.28318530718,8.377580409573),.UNSPECIFIED.) CURVE()
GEOMETRIC_REPRESENTATION_ITEM() RATIONAL_B_SPLINE_CURVE((1.,0.5,1.,0.5,
1.,0.5,1.)) REPRESENTATION_ITEM('') );
#8957 = CARTESIAN_POINT('',(41.307389066888,-3.920685613182));
#8958 = CARTESIAN_POINT('',(41.307389066888,-6.518761824536));
#8959 = CARTESIAN_POINT('',(39.057389066888,-5.219723718859));
#8960 = CARTESIAN_POINT('',(36.807389066888,-3.920685613182));
#8961 = CARTESIAN_POINT('',(39.057389066888,-2.621647507506));
#8962 = CARTESIAN_POINT('',(41.307389066888,-1.322609401829));
#8963 = CARTESIAN_POINT('',(41.307389066888,-3.920685613182));
#8964 = ( GEOMETRIC_REPRESENTATION_CONTEXT(2)
PARAMETRIC_REPRESENTATION_CONTEXT() REPRESENTATION_CONTEXT('2D SPACE',''
  ) );
#8965 = PCURVE('',#8966,#8971);
#8966 = CYLINDRICAL_SURFACE('',#8967,1.5);
#8967 = AXIS2_PLACEMENT_3D('',#8968,#8969,#8970);
#8968 = CARTESIAN_POINT('',(39.807389066888,-3.920685613182,58.1));
#8969 = DIRECTION('',(-0.,-0.,-1.));
#8970 = DIRECTION('',(1.,0.,0.));
#8971 = DEFINITIONAL_REPRESENTATION('',(#8972),#8976);
#8972 = LINE('',#8973,#8974);
#8973 = CARTESIAN_POINT('',(-6.28318530718,-5.E-02));
#8974 = VECTOR('',#8975,1.);
#8975 = DIRECTION('',(1.,-0.));
#8976 = ( GEOMETRIC_REPRESENTATION_CONTEXT(2)
PARAMETRIC_REPRESENTATION_CONTEXT() REPRESENTATION_CONTEXT('2D SPACE',''
  ) );
#8977 = FACE_BOUND('',#8978,.F.);
#8978 = EDGE_LOOP('',(#8979));
#8979 = ORIENTED_EDGE('',*,*,#8980,.T.);
#8980 = EDGE_CURVE('',#8981,#8981,#8983,.T.);
#8981 = VERTEX_POINT('',#8982);
#8982 = CARTESIAN_POINT('',(-38.5,4.898587196589E-15,58.15));
#8983 = SURFACE_CURVE('',#8984,(#8989,#9000),.PCURVE_S1.);
#8984 = CIRCLE('',#8985,1.5);
#8985 = AXIS2_PLACEMENT_3D('',#8986,#8987,#8988);
#8986 = CARTESIAN_POINT('',(-40.,4.898587196589E-15,58.15));
#8987 = DIRECTION('',(0.,0.,-1.));
#8988 = DIRECTION('',(1.,0.,0.));
#8989 = PCURVE('',#7649,#8990);
#8990 = DEFINITIONAL_REPRESENTATION('',(#8991),#8999);
#8991 = ( BOUNDED_CURVE() B_SPLINE_CURVE(2,(#8992,#8993,#8994,#8995,
#8996,#8997,#8998),.UNSPECIFIED.,.T.,.F.) B_SPLINE_CURVE_WITH_KNOTS((1,2
    ,2,2,2,1),(-2.094395102393,0.,2.094395102393,4.188790204786,
6.28318530718,8.377580409573),.UNSPECIFIED.) CURVE()
GEOMETRIC_REPRESENTATION_ITEM() RATIONAL_B_SPLINE_CURVE((1.,0.5,1.,0.5,
1.,0.5,1.)) REPRESENTATION_ITEM('') );
#8992 = CARTESIAN_POINT('',(-38.5,4.574299531087E-15));
#8993 = CARTESIAN_POINT('',(-38.5,-2.598076211353));
#8994 = CARTESIAN_POINT('',(-40.75,-1.299038105677));
#8995 = CARTESIAN_POINT('',(-43.,4.206905491343E-15));
#8996 = CARTESIAN_POINT('',(-40.75,1.299038105677));
#8997 = CARTESIAN_POINT('',(-38.5,2.598076211353));
#8998 = CARTESIAN_POINT('',(-38.5,4.574299531087E-15));
#8999 = ( GEOMETRIC_REPRESENTATION_CONTEXT(2)
PARAMETRIC_REPRESENTATION_CONTEXT() REPRESENTATION_CONTEXT('2D SPACE',''
  ) );
#9000 = PCURVE('',#9001,#9006);
#9001 = CYLINDRICAL_SURFACE('',#9002,1.5);
#9002 = AXIS2_PLACEMENT_3D('',#9003,#9004,#9005);
#9003 = CARTESIAN_POINT('',(-40.,4.898587196589E-15,58.1));
#9004 = DIRECTION('',(-0.,-0.,-1.));
#9005 = DIRECTION('',(1.,0.,0.));
#9006 = DEFINITIONAL_REPRESENTATION('',(#9007),#9011);
#9007 = LINE('',#9008,#9009);
#9008 = CARTESIAN_POINT('',(-6.28318530718,-5.E-02));
#9009 = VECTOR('',#9010,1.);
#9010 = DIRECTION('',(1.,-0.));
#9011 = ( GEOMETRIC_REPRESENTATION_CONTEXT(2)
PARAMETRIC_REPRESENTATION_CONTEXT() REPRESENTATION_CONTEXT('2D SPACE',''
  ) );
#9012 = FACE_BOUND('',#9013,.F.);
#9013 = EDGE_LOOP('',(#9014));
#9014 = ORIENTED_EDGE('',*,*,#9015,.T.);
#9015 = EDGE_CURVE('',#9016,#9016,#9018,.T.);
#9016 = VERTEX_POINT('',#9017);
#9017 = CARTESIAN_POINT('',(-38.30738906688,3.920685613182,58.15));
#9018 = SURFACE_CURVE('',#9019,(#9024,#9035),.PCURVE_S1.);
#9019 = CIRCLE('',#9020,1.5);
#9020 = AXIS2_PLACEMENT_3D('',#9021,#9022,#9023);
#9021 = CARTESIAN_POINT('',(-39.80738906688,3.920685613182,58.15));
#9022 = DIRECTION('',(0.,0.,-1.));
#9023 = DIRECTION('',(1.,0.,0.));
#9024 = PCURVE('',#7649,#9025);
#9025 = DEFINITIONAL_REPRESENTATION('',(#9026),#9034);
#9026 = ( BOUNDED_CURVE() B_SPLINE_CURVE(2,(#9027,#9028,#9029,#9030,
#9031,#9032,#9033),.UNSPECIFIED.,.T.,.F.) B_SPLINE_CURVE_WITH_KNOTS((1,2
    ,2,2,2,1),(-2.094395102393,0.,2.094395102393,4.188790204786,
6.28318530718,8.377580409573),.UNSPECIFIED.) CURVE()
GEOMETRIC_REPRESENTATION_ITEM() RATIONAL_B_SPLINE_CURVE((1.,0.5,1.,0.5,
1.,0.5,1.)) REPRESENTATION_ITEM('') );
#9027 = CARTESIAN_POINT('',(-38.30738906688,3.920685613182));
#9028 = CARTESIAN_POINT('',(-38.30738906688,1.322609401829));
#9029 = CARTESIAN_POINT('',(-40.55738906688,2.621647507506));
#9030 = CARTESIAN_POINT('',(-42.80738906688,3.920685613182));
#9031 = CARTESIAN_POINT('',(-40.55738906688,5.219723718859));
#9032 = CARTESIAN_POINT('',(-38.30738906688,6.518761824536));
#9033 = CARTESIAN_POINT('',(-38.30738906688,3.920685613182));
#9034 = ( GEOMETRIC_REPRESENTATION_CONTEXT(2)
PARAMETRIC_REPRESENTATION_CONTEXT() REPRESENTATION_CONTEXT('2D SPACE',''
  ) );
#9035 = PCURVE('',#9036,#9041);
#9036 = CYLINDRICAL_SURFACE('',#9037,1.5);
#9037 = AXIS2_PLACEMENT_3D('',#9038,#9039,#9040);
#9038 = CARTESIAN_POINT('',(-39.80738906688,3.920685613182,58.1));
#9039 = DIRECTION('',(-0.,-0.,-1.));
#9040 = DIRECTION('',(1.,0.,0.));
#9041 = DEFINITIONAL_REPRESENTATION('',(#9042),#9046);
#9042 = LINE('',#9043,#9044);
#9043 = CARTESIAN_POINT('',(-6.28318530718,-5.E-02));
#9044 = VECTOR('',#9045,1.);
#9045 = DIRECTION('',(1.,-0.));
#9046 = ( GEOMETRIC_REPRESENTATION_CONTEXT(2)
PARAMETRIC_REPRESENTATION_CONTEXT() REPRESENTATION_CONTEXT('2D SPACE',''
  ) );
#9047 = FACE_BOUND('',#9048,.F.);
#9048 = EDGE_LOOP('',(#9049));
#9049 = ORIENTED_EDGE('',*,*,#9050,.T.);
#9050 = EDGE_CURVE('',#9051,#9051,#9053,.T.);
#9051 = VERTEX_POINT('',#9052);
#9052 = CARTESIAN_POINT('',(-37.73141121612,7.803612880645,58.15));
#9053 = SURFACE_CURVE('',#9054,(#9059,#9070),.PCURVE_S1.);
#9054 = CIRCLE('',#9055,1.5);
#9055 = AXIS2_PLACEMENT_3D('',#9056,#9057,#9058);
#9056 = CARTESIAN_POINT('',(-39.23141121612,7.803612880645,58.15));
#9057 = DIRECTION('',(0.,0.,-1.));
#9058 = DIRECTION('',(1.,0.,0.));
#9059 = PCURVE('',#7649,#9060);
#9060 = DEFINITIONAL_REPRESENTATION('',(#9061),#9069);
#9061 = ( BOUNDED_CURVE() B_SPLINE_CURVE(2,(#9062,#9063,#9064,#9065,
#9066,#9067,#9068),.UNSPECIFIED.,.T.,.F.) B_SPLINE_CURVE_WITH_KNOTS((1,2
    ,2,2,2,1),(-2.094395102393,0.,2.094395102393,4.188790204786,
6.28318530718,8.377580409573),.UNSPECIFIED.) CURVE()
GEOMETRIC_REPRESENTATION_ITEM() RATIONAL_B_SPLINE_CURVE((1.,0.5,1.,0.5,
1.,0.5,1.)) REPRESENTATION_ITEM('') );
#9062 = CARTESIAN_POINT('',(-37.73141121612,7.803612880645));
#9063 = CARTESIAN_POINT('',(-37.73141121612,5.205536669292));
#9064 = CARTESIAN_POINT('',(-39.98141121612,6.504574774968));
#9065 = CARTESIAN_POINT('',(-42.23141121612,7.803612880645));
#9066 = CARTESIAN_POINT('',(-39.98141121612,9.102650986322));
#9067 = CARTESIAN_POINT('',(-37.73141121612,10.401689091998));
#9068 = CARTESIAN_POINT('',(-37.73141121612,7.803612880645));
#9069 = ( GEOMETRIC_REPRESENTATION_CONTEXT(2)
PARAMETRIC_REPRESENTATION_CONTEXT() REPRESENTATION_CONTEXT('2D SPACE',''
  ) );
#9070 = PCURVE('',#9071,#9076);
#9071 = CYLINDRICAL_SURFACE('',#9072,1.5);
#9072 = AXIS2_PLACEMENT_3D('',#9073,#9074,#9075);
#9073 = CARTESIAN_POINT('',(-39.23141121612,7.803612880645,58.1));
#9074 = DIRECTION('',(-0.,-0.,-1.));
#9075 = DIRECTION('',(1.,0.,0.));
#9076 = DEFINITIONAL_REPRESENTATION('',(#9077),#9081);
#9077 = LINE('',#9078,#9079);
#9078 = CARTESIAN_POINT('',(-6.28318530718,-5.E-02));
#9079 = VECTOR('',#9080,1.);
#9080 = DIRECTION('',(1.,-0.));
#9081 = ( GEOMETRIC_REPRESENTATION_CONTEXT(2)
PARAMETRIC_REPRESENTATION_CONTEXT() REPRESENTATION_CONTEXT('2D SPACE',''
  ) );
#9082 = FACE_BOUND('',#9083,.F.);
#9083 = EDGE_LOOP('',(#9084));
#9084 = ORIENTED_EDGE('',*,*,#9085,.T.);
#9085 = EDGE_CURVE('',#9086,#9086,#9088,.T.);
#9086 = VERTEX_POINT('',#9087);
#9087 = CARTESIAN_POINT('',(-36.77761342928,11.611387090178,58.15));
#9088 = SURFACE_CURVE('',#9089,(#9094,#9105),.PCURVE_S1.);
#9089 = CIRCLE('',#9090,1.5);
#9090 = AXIS2_PLACEMENT_3D('',#9091,#9092,#9093);
#9091 = CARTESIAN_POINT('',(-38.27761342928,11.611387090178,58.15));
#9092 = DIRECTION('',(0.,0.,-1.));
#9093 = DIRECTION('',(1.,0.,0.));
#9094 = PCURVE('',#7649,#9095);
#9095 = DEFINITIONAL_REPRESENTATION('',(#9096),#9104);
#9096 = ( BOUNDED_CURVE() B_SPLINE_CURVE(2,(#9097,#9098,#9099,#9100,
#9101,#9102,#9103),.UNSPECIFIED.,.T.,.F.) B_SPLINE_CURVE_WITH_KNOTS((1,2
    ,2,2,2,1),(-2.094395102393,0.,2.094395102393,4.188790204786,
6.28318530718,8.377580409573),.UNSPECIFIED.) CURVE()
GEOMETRIC_REPRESENTATION_ITEM() RATIONAL_B_SPLINE_CURVE((1.,0.5,1.,0.5,
1.,0.5,1.)) REPRESENTATION_ITEM('') );
#9097 = CARTESIAN_POINT('',(-36.77761342928,11.611387090178));
#9098 = CARTESIAN_POINT('',(-36.77761342928,9.013310878825));
#9099 = CARTESIAN_POINT('',(-39.02761342928,10.312348984502));
#9100 = CARTESIAN_POINT('',(-41.27761342928,11.611387090178));
#9101 = CARTESIAN_POINT('',(-39.02761342928,12.910425195855));
#9102 = CARTESIAN_POINT('',(-36.77761342928,14.209463301532));
#9103 = CARTESIAN_POINT('',(-36.77761342928,11.611387090178));
#9104 = ( GEOMETRIC_REPRESENTATION_CONTEXT(2)
PARAMETRIC_REPRESENTATION_CONTEXT() REPRESENTATION_CONTEXT('2D SPACE',''
  ) );
#9105 = PCURVE('',#9106,#9111);
#9106 = CYLINDRICAL_SURFACE('',#9107,1.5);
#9107 = AXIS2_PLACEMENT_3D('',#9108,#9109,#9110);
#9108 = CARTESIAN_POINT('',(-38.27761342928,11.611387090178,58.1));
#9109 = DIRECTION('',(-0.,-0.,-1.));
#9110 = DIRECTION('',(1.,0.,0.));
#9111 = DEFINITIONAL_REPRESENTATION('',(#9112),#9116);
#9112 = LINE('',#9113,#9114);
#9113 = CARTESIAN_POINT('',(-6.28318530718,-5.E-02));
#9114 = VECTOR('',#9115,1.);
#9115 = DIRECTION('',(1.,-0.));
#9116 = ( GEOMETRIC_REPRESENTATION_CONTEXT(2)
PARAMETRIC_REPRESENTATION_CONTEXT() REPRESENTATION_CONTEXT('2D SPACE',''
  ) );
#9117 = FACE_BOUND('',#9118,.F.);
#9118 = EDGE_LOOP('',(#9119));
#9119 = ORIENTED_EDGE('',*,*,#9120,.T.);
#9120 = EDGE_CURVE('',#9121,#9121,#9123,.T.);
#9121 = VERTEX_POINT('',#9122);
#9122 = CARTESIAN_POINT('',(-35.45518130045,15.307337294604,58.15));
#9123 = SURFACE_CURVE('',#9124,(#9129,#9140),.PCURVE_S1.);
#9124 = CIRCLE('',#9125,1.5);
#9125 = AXIS2_PLACEMENT_3D('',#9126,#9127,#9128);
#9126 = CARTESIAN_POINT('',(-36.95518130045,15.307337294604,58.15));
#9127 = DIRECTION('',(0.,0.,-1.));
#9128 = DIRECTION('',(1.,0.,0.));
#9129 = PCURVE('',#7649,#9130);
#9130 = DEFINITIONAL_REPRESENTATION('',(#9131),#9139);
#9131 = ( BOUNDED_CURVE() B_SPLINE_CURVE(2,(#9132,#9133,#9134,#9135,
#9136,#9137,#9138),.UNSPECIFIED.,.T.,.F.) B_SPLINE_CURVE_WITH_KNOTS((1,2
    ,2,2,2,1),(-2.094395102393,0.,2.094395102393,4.188790204786,
6.28318530718,8.377580409573),.UNSPECIFIED.) CURVE()
GEOMETRIC_REPRESENTATION_ITEM() RATIONAL_B_SPLINE_CURVE((1.,0.5,1.,0.5,
1.,0.5,1.)) REPRESENTATION_ITEM('') );
#9132 = CARTESIAN_POINT('',(-35.45518130045,15.307337294604));
#9133 = CARTESIAN_POINT('',(-35.45518130045,12.70926108325));
#9134 = CARTESIAN_POINT('',(-37.70518130045,14.008299188927));
#9135 = CARTESIAN_POINT('',(-39.95518130045,15.307337294604));
#9136 = CARTESIAN_POINT('',(-37.70518130045,16.60637540028));
#9137 = CARTESIAN_POINT('',(-35.45518130045,17.905413505957));
#9138 = CARTESIAN_POINT('',(-35.45518130045,15.307337294604));
#9139 = ( GEOMETRIC_REPRESENTATION_CONTEXT(2)
PARAMETRIC_REPRESENTATION_CONTEXT() REPRESENTATION_CONTEXT('2D SPACE',''
  ) );
#9140 = PCURVE('',#9141,#9146);
#9141 = CYLINDRICAL_SURFACE('',#9142,1.5);
#9142 = AXIS2_PLACEMENT_3D('',#9143,#9144,#9145);
#9143 = CARTESIAN_POINT('',(-36.95518130045,15.307337294604,58.1));
#9144 = DIRECTION('',(-0.,-0.,-1.));
#9145 = DIRECTION('',(1.,0.,0.));
#9146 = DEFINITIONAL_REPRESENTATION('',(#9147),#9151);
#9147 = LINE('',#9148,#9149);
#9148 = CARTESIAN_POINT('',(-6.28318530718,-5.E-02));
#9149 = VECTOR('',#9150,1.);
#9150 = DIRECTION('',(1.,-0.));
#9151 = ( GEOMETRIC_REPRESENTATION_CONTEXT(2)
PARAMETRIC_REPRESENTATION_CONTEXT() REPRESENTATION_CONTEXT('2D SPACE',''
  ) );
#9152 = FACE_BOUND('',#9153,.F.);
#9153 = EDGE_LOOP('',(#9154));
#9154 = ORIENTED_EDGE('',*,*,#9155,.T.);
#9155 = EDGE_CURVE('',#9156,#9156,#9158,.T.);
#9156 = VERTEX_POINT('',#9157);
#9157 = CARTESIAN_POINT('',(-33.77685057393,18.85586947304,58.15));
#9158 = SURFACE_CURVE('',#9159,(#9164,#9175),.PCURVE_S1.);
#9159 = CIRCLE('',#9160,1.5);
#9160 = AXIS2_PLACEMENT_3D('',#9161,#9162,#9163);
#9161 = CARTESIAN_POINT('',(-35.27685057393,18.85586947304,58.15));
#9162 = DIRECTION('',(0.,0.,-1.));
#9163 = DIRECTION('',(1.,0.,0.));
#9164 = PCURVE('',#7649,#9165);
#9165 = DEFINITIONAL_REPRESENTATION('',(#9166),#9174);
#9166 = ( BOUNDED_CURVE() B_SPLINE_CURVE(2,(#9167,#9168,#9169,#9170,
#9171,#9172,#9173),.UNSPECIFIED.,.T.,.F.) B_SPLINE_CURVE_WITH_KNOTS((1,2
    ,2,2,2,1),(-2.094395102393,0.,2.094395102393,4.188790204786,
6.28318530718,8.377580409573),.UNSPECIFIED.) CURVE()
GEOMETRIC_REPRESENTATION_ITEM() RATIONAL_B_SPLINE_CURVE((1.,0.5,1.,0.5,
1.,0.5,1.)) REPRESENTATION_ITEM('') );
#9167 = CARTESIAN_POINT('',(-33.77685057393,18.85586947304));
#9168 = CARTESIAN_POINT('',(-33.77685057393,16.257793261687));
#9169 = CARTESIAN_POINT('',(-36.02685057393,17.556831367363));
#9170 = CARTESIAN_POINT('',(-38.27685057393,18.85586947304));
#9171 = CARTESIAN_POINT('',(-36.02685057393,20.154907578717));
#9172 = CARTESIAN_POINT('',(-33.77685057393,21.453945684393));
#9173 = CARTESIAN_POINT('',(-33.77685057393,18.85586947304));
#9174 = ( GEOMETRIC_REPRESENTATION_CONTEXT(2)
PARAMETRIC_REPRESENTATION_CONTEXT() REPRESENTATION_CONTEXT('2D SPACE',''
  ) );
#9175 = PCURVE('',#9176,#9181);
#9176 = CYLINDRICAL_SURFACE('',#9177,1.5);
#9177 = AXIS2_PLACEMENT_3D('',#9178,#9179,#9180);
#9178 = CARTESIAN_POINT('',(-35.27685057393,18.85586947304,58.1));
#9179 = DIRECTION('',(-0.,-0.,-1.));
#9180 = DIRECTION('',(1.,0.,0.));
#9181 = DEFINITIONAL_REPRESENTATION('',(#9182),#9186);
#9182 = LINE('',#9183,#9184);
#9183 = CARTESIAN_POINT('',(-6.28318530718,-5.E-02));
#9184 = VECTOR('',#9185,1.);
#9185 = DIRECTION('',(1.,-0.));
#9186 = ( GEOMETRIC_REPRESENTATION_CONTEXT(2)
PARAMETRIC_REPRESENTATION_CONTEXT() REPRESENTATION_CONTEXT('2D SPACE',''
  ) );
#9187 = FACE_BOUND('',#9188,.F.);
#9188 = EDGE_LOOP('',(#9189,#9219,#9247,#9275));
#9189 = ORIENTED_EDGE('',*,*,#9190,.T.);
#9190 = EDGE_CURVE('',#9191,#9193,#9195,.T.);
#9191 = VERTEX_POINT('',#9192);
#9192 = CARTESIAN_POINT('',(-11.6,19.025,58.15));
#9193 = VERTEX_POINT('',#9194);
#9194 = CARTESIAN_POINT('',(-17.4,19.025,58.15));
#9195 = SURFACE_CURVE('',#9196,(#9200,#9207),.PCURVE_S1.);
#9196 = LINE('',#9197,#9198);
#9197 = CARTESIAN_POINT('',(-8.7,19.025,58.15));
#9198 = VECTOR('',#9199,1.);
#9199 = DIRECTION('',(-1.,0.,0.));
#9200 = PCURVE('',#7649,#9201);
#9201 = DEFINITIONAL_REPRESENTATION('',(#9202),#9206);
#9202 = LINE('',#9203,#9204);
#9203 = CARTESIAN_POINT('',(-8.7,19.025));
#9204 = VECTOR('',#9205,1.);
#9205 = DIRECTION('',(-1.,0.));
#9206 = ( GEOMETRIC_REPRESENTATION_CONTEXT(2)
PARAMETRIC_REPRESENTATION_CONTEXT() REPRESENTATION_CONTEXT('2D SPACE',''
  ) );
#9207 = PCURVE('',#9208,#9213);
#9208 = PLANE('',#9209);
#9209 = AXIS2_PLACEMENT_3D('',#9210,#9211,#9212);
#9210 = CARTESIAN_POINT('',(-17.4,19.025,58.1));
#9211 = DIRECTION('',(0.,1.,0.));
#9212 = DIRECTION('',(0.,0.,1.));
#9213 = DEFINITIONAL_REPRESENTATION('',(#9214),#9218);
#9214 = LINE('',#9215,#9216);
#9215 = CARTESIAN_POINT('',(5.E-02,8.7));
#9216 = VECTOR('',#9217,1.);
#9217 = DIRECTION('',(0.,-1.));
#9218 = ( GEOMETRIC_REPRESENTATION_CONTEXT(2)
PARAMETRIC_REPRESENTATION_CONTEXT() REPRESENTATION_CONTEXT('2D SPACE',''
  ) );
#9219 = ORIENTED_EDGE('',*,*,#9220,.T.);
#9220 = EDGE_CURVE('',#9193,#9221,#9223,.T.);
#9221 = VERTEX_POINT('',#9222);
#9222 = CARTESIAN_POINT('',(-17.4,20.975,58.15));
#9223 = SURFACE_CURVE('',#9224,(#9228,#9235),.PCURVE_S1.);
#9224 = LINE('',#9225,#9226);
#9225 = CARTESIAN_POINT('',(-17.4,9.5125,58.15));
#9226 = VECTOR('',#9227,1.);
#9227 = DIRECTION('',(0.,1.,0.));
#9228 = PCURVE('',#7649,#9229);
#9229 = DEFINITIONAL_REPRESENTATION('',(#9230),#9234);
#9230 = LINE('',#9231,#9232);
#9231 = CARTESIAN_POINT('',(-17.4,9.5125));
#9232 = VECTOR('',#9233,1.);
#9233 = DIRECTION('',(0.,1.));
#9234 = ( GEOMETRIC_REPRESENTATION_CONTEXT(2)
PARAMETRIC_REPRESENTATION_CONTEXT() REPRESENTATION_CONTEXT('2D SPACE',''
  ) );
#9235 = PCURVE('',#9236,#9241);
#9236 = PLANE('',#9237);
#9237 = AXIS2_PLACEMENT_3D('',#9238,#9239,#9240);
#9238 = CARTESIAN_POINT('',(-17.4,19.025,58.1));
#9239 = DIRECTION('',(1.,0.,0.));
#9240 = DIRECTION('',(0.,0.,1.));
#9241 = DEFINITIONAL_REPRESENTATION('',(#9242),#9246);
#9242 = LINE('',#9243,#9244);
#9243 = CARTESIAN_POINT('',(5.E-02,9.5125));
#9244 = VECTOR('',#9245,1.);
#9245 = DIRECTION('',(0.,-1.));
#9246 = ( GEOMETRIC_REPRESENTATION_CONTEXT(2)
PARAMETRIC_REPRESENTATION_CONTEXT() REPRESENTATION_CONTEXT('2D SPACE',''
  ) );
#9247 = ORIENTED_EDGE('',*,*,#9248,.F.);
#9248 = EDGE_CURVE('',#9249,#9221,#9251,.T.);
#9249 = VERTEX_POINT('',#9250);
#9250 = CARTESIAN_POINT('',(-11.6,20.975,58.15));
#9251 = SURFACE_CURVE('',#9252,(#9256,#9263),.PCURVE_S1.);
#9252 = LINE('',#9253,#9254);
#9253 = CARTESIAN_POINT('',(-8.7,20.975,58.15));
#9254 = VECTOR('',#9255,1.);
#9255 = DIRECTION('',(-1.,0.,0.));
#9256 = PCURVE('',#7649,#9257);
#9257 = DEFINITIONAL_REPRESENTATION('',(#9258),#9262);
#9258 = LINE('',#9259,#9260);
#9259 = CARTESIAN_POINT('',(-8.7,20.975));
#9260 = VECTOR('',#9261,1.);
#9261 = DIRECTION('',(-1.,0.));
#9262 = ( GEOMETRIC_REPRESENTATION_CONTEXT(2)
PARAMETRIC_REPRESENTATION_CONTEXT() REPRESENTATION_CONTEXT('2D SPACE',''
  ) );
#9263 = PCURVE('',#9264,#9269);
#9264 = PLANE('',#9265);
#9265 = AXIS2_PLACEMENT_3D('',#9266,#9267,#9268);
#9266 = CARTESIAN_POINT('',(-17.4,20.975,58.1));
#9267 = DIRECTION('',(0.,1.,0.));
#9268 = DIRECTION('',(0.,0.,1.));
#9269 = DEFINITIONAL_REPRESENTATION('',(#9270),#9274);
#9270 = LINE('',#9271,#9272);
#9271 = CARTESIAN_POINT('',(5.E-02,8.7));
#9272 = VECTOR('',#9273,1.);
#9273 = DIRECTION('',(0.,-1.));
#9274 = ( GEOMETRIC_REPRESENTATION_CONTEXT(2)
PARAMETRIC_REPRESENTATION_CONTEXT() REPRESENTATION_CONTEXT('2D SPACE',''
  ) );
#9275 = ORIENTED_EDGE('',*,*,#9276,.F.);
#9276 = EDGE_CURVE('',#9191,#9249,#9277,.T.);
#9277 = SURFACE_CURVE('',#9278,(#9282,#9289),.PCURVE_S1.);
#9278 = LINE('',#9279,#9280);
#9279 = CARTESIAN_POINT('',(-11.6,9.5125,58.15));
#9280 = VECTOR('',#9281,1.);
#9281 = DIRECTION('',(0.,1.,0.));
#9282 = PCURVE('',#7649,#9283);
#9283 = DEFINITIONAL_REPRESENTATION('',(#9284),#9288);
#9284 = LINE('',#9285,#9286);
#9285 = CARTESIAN_POINT('',(-11.6,9.5125));
#9286 = VECTOR('',#9287,1.);
#9287 = DIRECTION('',(0.,1.));
#9288 = ( GEOMETRIC_REPRESENTATION_CONTEXT(2)
PARAMETRIC_REPRESENTATION_CONTEXT() REPRESENTATION_CONTEXT('2D SPACE',''
  ) );
#9289 = PCURVE('',#9290,#9295);
#9290 = PLANE('',#9291);
#9291 = AXIS2_PLACEMENT_3D('',#9292,#9293,#9294);
#9292 = CARTESIAN_POINT('',(-11.6,19.025,58.1));
#9293 = DIRECTION('',(1.,0.,0.));
#9294 = DIRECTION('',(0.,0.,1.));
#9295 = DEFINITIONAL_REPRESENTATION('',(#9296),#9300);
#9296 = LINE('',#9297,#9298);
#9297 = CARTESIAN_POINT('',(5.E-02,9.5125));
#9298 = VECTOR('',#9299,1.);
#9299 = DIRECTION('',(0.,-1.));
#9300 = ( GEOMETRIC_REPRESENTATION_CONTEXT(2)
PARAMETRIC_REPRESENTATION_CONTEXT() REPRESENTATION_CONTEXT('2D SPACE',''
  ) );
#9301 = FACE_BOUND('',#9302,.F.);
#9302 = EDGE_LOOP('',(#9303));
#9303 = ORIENTED_EDGE('',*,*,#9304,.T.);
#9304 = EDGE_CURVE('',#9305,#9305,#9307,.T.);
#9305 = VERTEX_POINT('',#9306);
#9306 = CARTESIAN_POINT('',(-31.7587844921,22.222809320784,58.15));
#9307 = SURFACE_CURVE('',#9308,(#9313,#9324),.PCURVE_S1.);
#9308 = CIRCLE('',#9309,1.5);
#9309 = AXIS2_PLACEMENT_3D('',#9310,#9311,#9312);
#9310 = CARTESIAN_POINT('',(-33.2587844921,22.222809320784,58.15));
#9311 = DIRECTION('',(0.,0.,-1.));
#9312 = DIRECTION('',(1.,0.,0.));
#9313 = PCURVE('',#7649,#9314);
#9314 = DEFINITIONAL_REPRESENTATION('',(#9315),#9323);
#9315 = ( BOUNDED_CURVE() B_SPLINE_CURVE(2,(#9316,#9317,#9318,#9319,
#9320,#9321,#9322),.UNSPECIFIED.,.T.,.F.) B_SPLINE_CURVE_WITH_KNOTS((1,2
    ,2,2,2,1),(-2.094395102393,0.,2.094395102393,4.188790204786,
6.28318530718,8.377580409573),.UNSPECIFIED.) CURVE()
GEOMETRIC_REPRESENTATION_ITEM() RATIONAL_B_SPLINE_CURVE((1.,0.5,1.,0.5,
1.,0.5,1.)) REPRESENTATION_ITEM('') );
#9316 = CARTESIAN_POINT('',(-31.7587844921,22.222809320784));
#9317 = CARTESIAN_POINT('',(-31.7587844921,19.624733109431));
#9318 = CARTESIAN_POINT('',(-34.0087844921,20.923771215107));
#9319 = CARTESIAN_POINT('',(-36.2587844921,22.222809320784));
#9320 = CARTESIAN_POINT('',(-34.0087844921,23.521847426461));
#9321 = CARTESIAN_POINT('',(-31.7587844921,24.820885532137));
#9322 = CARTESIAN_POINT('',(-31.7587844921,22.222809320784));
#9323 = ( GEOMETRIC_REPRESENTATION_CONTEXT(2)
PARAMETRIC_REPRESENTATION_CONTEXT() REPRESENTATION_CONTEXT('2D SPACE',''
  ) );
#9324 = PCURVE('',#9325,#9330);
#9325 = CYLINDRICAL_SURFACE('',#9326,1.5);
#9326 = AXIS2_PLACEMENT_3D('',#9327,#9328,#9329);
#9327 = CARTESIAN_POINT('',(-33.2587844921,22.222809320784,58.1));
#9328 = DIRECTION('',(-0.,-0.,-1.));
#9329 = DIRECTION('',(1.,0.,0.));
#9330 = DEFINITIONAL_REPRESENTATION('',(#9331),#9335);
#9331 = LINE('',#9332,#9333);
#9332 = CARTESIAN_POINT('',(-6.28318530718,-5.E-02));
#9333 = VECTOR('',#9334,1.);
#9334 = DIRECTION('',(1.,-0.));
#9335 = ( GEOMETRIC_REPRESENTATION_CONTEXT(2)
PARAMETRIC_REPRESENTATION_CONTEXT() REPRESENTATION_CONTEXT('2D SPACE',''
  ) );
#9336 = FACE_BOUND('',#9337,.F.);
#9337 = EDGE_LOOP('',(#9338));
#9338 = ORIENTED_EDGE('',*,*,#9339,.T.);
#9339 = EDGE_CURVE('',#9340,#9340,#9342,.T.);
#9340 = VERTEX_POINT('',#9341);
#9341 = CARTESIAN_POINT('',(-29.4204181345,25.375731366546,58.15));
#9342 = SURFACE_CURVE('',#9343,(#9348,#9359),.PCURVE_S1.);
#9343 = CIRCLE('',#9344,1.5);
#9344 = AXIS2_PLACEMENT_3D('',#9345,#9346,#9347);
#9345 = CARTESIAN_POINT('',(-30.9204181345,25.375731366546,58.15));
#9346 = DIRECTION('',(0.,0.,-1.));
#9347 = DIRECTION('',(1.,0.,0.));
#9348 = PCURVE('',#7649,#9349);
#9349 = DEFINITIONAL_REPRESENTATION('',(#9350),#9358);
#9350 = ( BOUNDED_CURVE() B_SPLINE_CURVE(2,(#9351,#9352,#9353,#9354,
#9355,#9356,#9357),.UNSPECIFIED.,.T.,.F.) B_SPLINE_CURVE_WITH_KNOTS((1,2
    ,2,2,2,1),(-2.094395102393,0.,2.094395102393,4.188790204786,
6.28318530718,8.377580409573),.UNSPECIFIED.) CURVE()
GEOMETRIC_REPRESENTATION_ITEM() RATIONAL_B_SPLINE_CURVE((1.,0.5,1.,0.5,
1.,0.5,1.)) REPRESENTATION_ITEM('') );
#9351 = CARTESIAN_POINT('',(-29.4204181345,25.375731366546));
#9352 = CARTESIAN_POINT('',(-29.4204181345,22.777655155193));
#9353 = CARTESIAN_POINT('',(-31.6704181345,24.076693260869));
#9354 = CARTESIAN_POINT('',(-33.9204181345,25.375731366546));
#9355 = CARTESIAN_POINT('',(-31.6704181345,26.674769472222));
#9356 = CARTESIAN_POINT('',(-29.4204181345,27.973807577899));
#9357 = CARTESIAN_POINT('',(-29.4204181345,25.375731366546));
#9358 = ( GEOMETRIC_REPRESENTATION_CONTEXT(2)
PARAMETRIC_REPRESENTATION_CONTEXT() REPRESENTATION_CONTEXT('2D SPACE',''
  ) );
#9359 = PCURVE('',#9360,#9365);
#9360 = CYLINDRICAL_SURFACE('',#9361,1.5);
#9361 = AXIS2_PLACEMENT_3D('',#9362,#9363,#9364);
#9362 = CARTESIAN_POINT('',(-30.9204181345,25.375731366546,58.1));
#9363 = DIRECTION('',(-0.,-0.,-1.));
#9364 = DIRECTION('',(1.,0.,0.));
#9365 = DEFINITIONAL_REPRESENTATION('',(#9366),#9370);
#9366 = LINE('',#9367,#9368);
#9367 = CARTESIAN_POINT('',(-6.28318530718,-5.E-02));
#9368 = VECTOR('',#9369,1.);
#9369 = DIRECTION('',(1.,-0.));
#9370 = ( GEOMETRIC_REPRESENTATION_CONTEXT(2)
PARAMETRIC_REPRESENTATION_CONTEXT() REPRESENTATION_CONTEXT('2D SPACE',''
  ) );
#9371 = FACE_BOUND('',#9372,.F.);
#9372 = EDGE_LOOP('',(#9373));
#9373 = ORIENTED_EDGE('',*,*,#9374,.T.);
#9374 = EDGE_CURVE('',#9375,#9375,#9377,.T.);
#9375 = VERTEX_POINT('',#9376);
#9376 = CARTESIAN_POINT('',(-26.78427124746,28.284271247462,58.15));
#9377 = SURFACE_CURVE('',#9378,(#9383,#9394),.PCURVE_S1.);
#9378 = CIRCLE('',#9379,1.5);
#9379 = AXIS2_PLACEMENT_3D('',#9380,#9381,#9382);
#9380 = CARTESIAN_POINT('',(-28.28427124746,28.284271247462,58.15));
#9381 = DIRECTION('',(0.,0.,-1.));
#9382 = DIRECTION('',(1.,0.,0.));
#9383 = PCURVE('',#7649,#9384);
#9384 = DEFINITIONAL_REPRESENTATION('',(#9385),#9393);
#9385 = ( BOUNDED_CURVE() B_SPLINE_CURVE(2,(#9386,#9387,#9388,#9389,
#9390,#9391,#9392),.UNSPECIFIED.,.T.,.F.) B_SPLINE_CURVE_WITH_KNOTS((1,2
    ,2,2,2,1),(-2.094395102393,0.,2.094395102393,4.188790204786,
6.28318530718,8.377580409573),.UNSPECIFIED.) CURVE()
GEOMETRIC_REPRESENTATION_ITEM() RATIONAL_B_SPLINE_CURVE((1.,0.5,1.,0.5,
1.,0.5,1.)) REPRESENTATION_ITEM('') );
#9386 = CARTESIAN_POINT('',(-26.78427124746,28.284271247462));
#9387 = CARTESIAN_POINT('',(-26.78427124746,25.686195036109));
#9388 = CARTESIAN_POINT('',(-29.03427124746,26.985233141785));
#9389 = CARTESIAN_POINT('',(-31.28427124746,28.284271247462));
#9390 = CARTESIAN_POINT('',(-29.03427124746,29.583309353139));
#9391 = CARTESIAN_POINT('',(-26.78427124746,30.882347458815));
#9392 = CARTESIAN_POINT('',(-26.78427124746,28.284271247462));
#9393 = ( GEOMETRIC_REPRESENTATION_CONTEXT(2)
PARAMETRIC_REPRESENTATION_CONTEXT() REPRESENTATION_CONTEXT('2D SPACE',''
  ) );
#9394 = PCURVE('',#9395,#9400);
#9395 = CYLINDRICAL_SURFACE('',#9396,1.5);
#9396 = AXIS2_PLACEMENT_3D('',#9397,#9398,#9399);
#9397 = CARTESIAN_POINT('',(-28.28427124746,28.284271247462,58.1));
#9398 = DIRECTION('',(-0.,-0.,-1.));
#9399 = DIRECTION('',(1.,0.,0.));
#9400 = DEFINITIONAL_REPRESENTATION('',(#9401),#9405);
#9401 = LINE('',#9402,#9403);
#9402 = CARTESIAN_POINT('',(-6.28318530718,-5.E-02));
#9403 = VECTOR('',#9404,1.);
#9404 = DIRECTION('',(1.,-0.));
#9405 = ( GEOMETRIC_REPRESENTATION_CONTEXT(2)
PARAMETRIC_REPRESENTATION_CONTEXT() REPRESENTATION_CONTEXT('2D SPACE',''
  ) );
#9406 = FACE_BOUND('',#9407,.F.);
#9407 = EDGE_LOOP('',(#9408));
#9408 = ORIENTED_EDGE('',*,*,#9409,.T.);
#9409 = EDGE_CURVE('',#9410,#9410,#9412,.T.);
#9410 = VERTEX_POINT('',#9411);
#9411 = CARTESIAN_POINT('',(-23.87573136654,30.920418134509,58.15));
#9412 = SURFACE_CURVE('',#9413,(#9418,#9429),.PCURVE_S1.);
#9413 = CIRCLE('',#9414,1.5);
#9414 = AXIS2_PLACEMENT_3D('',#9415,#9416,#9417);
#9415 = CARTESIAN_POINT('',(-25.37573136654,30.920418134509,58.15));
#9416 = DIRECTION('',(0.,0.,-1.));
#9417 = DIRECTION('',(1.,0.,0.));
#9418 = PCURVE('',#7649,#9419);
#9419 = DEFINITIONAL_REPRESENTATION('',(#9420),#9428);
#9420 = ( BOUNDED_CURVE() B_SPLINE_CURVE(2,(#9421,#9422,#9423,#9424,
#9425,#9426,#9427),.UNSPECIFIED.,.T.,.F.) B_SPLINE_CURVE_WITH_KNOTS((1,2
    ,2,2,2,1),(-2.094395102393,0.,2.094395102393,4.188790204786,
6.28318530718,8.377580409573),.UNSPECIFIED.) CURVE()
GEOMETRIC_REPRESENTATION_ITEM() RATIONAL_B_SPLINE_CURVE((1.,0.5,1.,0.5,
1.,0.5,1.)) REPRESENTATION_ITEM('') );
#9421 = CARTESIAN_POINT('',(-23.87573136654,30.920418134509));
#9422 = CARTESIAN_POINT('',(-23.87573136654,28.322341923156));
#9423 = CARTESIAN_POINT('',(-26.12573136654,29.621380028833));
#9424 = CARTESIAN_POINT('',(-28.37573136654,30.920418134509));
#9425 = CARTESIAN_POINT('',(-26.12573136654,32.219456240186));
#9426 = CARTESIAN_POINT('',(-23.87573136654,33.518494345863));
#9427 = CARTESIAN_POINT('',(-23.87573136654,30.920418134509));
#9428 = ( GEOMETRIC_REPRESENTATION_CONTEXT(2)
PARAMETRIC_REPRESENTATION_CONTEXT() REPRESENTATION_CONTEXT('2D SPACE',''
  ) );
#9429 = PCURVE('',#9430,#9435);
#9430 = CYLINDRICAL_SURFACE('',#9431,1.5);
#9431 = AXIS2_PLACEMENT_3D('',#9432,#9433,#9434);
#9432 = CARTESIAN_POINT('',(-25.37573136654,30.920418134509,58.1));
#9433 = DIRECTION('',(-0.,-0.,-1.));
#9434 = DIRECTION('',(1.,0.,0.));
#9435 = DEFINITIONAL_REPRESENTATION('',(#9436),#9440);
#9436 = LINE('',#9437,#9438);
#9437 = CARTESIAN_POINT('',(-6.28318530718,-5.E-02));
#9438 = VECTOR('',#9439,1.);
#9439 = DIRECTION('',(1.,-0.));
#9440 = ( GEOMETRIC_REPRESENTATION_CONTEXT(2)
PARAMETRIC_REPRESENTATION_CONTEXT() REPRESENTATION_CONTEXT('2D SPACE',''
  ) );
#9441 = FACE_BOUND('',#9442,.F.);
#9442 = EDGE_LOOP('',(#9443));
#9443 = ORIENTED_EDGE('',*,*,#9444,.T.);
#9444 = EDGE_CURVE('',#9445,#9445,#9447,.T.);
#9445 = VERTEX_POINT('',#9446);
#9446 = CARTESIAN_POINT('',(-20.72280932078,33.258784492102,58.15));
#9447 = SURFACE_CURVE('',#9448,(#9453,#9464),.PCURVE_S1.);
#9448 = CIRCLE('',#9449,1.5);
#9449 = AXIS2_PLACEMENT_3D('',#9450,#9451,#9452);
#9450 = CARTESIAN_POINT('',(-22.22280932078,33.258784492102,58.15));
#9451 = DIRECTION('',(0.,0.,-1.));
#9452 = DIRECTION('',(1.,0.,0.));
#9453 = PCURVE('',#7649,#9454);
#9454 = DEFINITIONAL_REPRESENTATION('',(#9455),#9463);
#9455 = ( BOUNDED_CURVE() B_SPLINE_CURVE(2,(#9456,#9457,#9458,#9459,
#9460,#9461,#9462),.UNSPECIFIED.,.T.,.F.) B_SPLINE_CURVE_WITH_KNOTS((1,2
    ,2,2,2,1),(-2.094395102393,0.,2.094395102393,4.188790204786,
6.28318530718,8.377580409573),.UNSPECIFIED.) CURVE()
GEOMETRIC_REPRESENTATION_ITEM() RATIONAL_B_SPLINE_CURVE((1.,0.5,1.,0.5,
1.,0.5,1.)) REPRESENTATION_ITEM('') );
#9456 = CARTESIAN_POINT('',(-20.72280932078,33.258784492102));
#9457 = CARTESIAN_POINT('',(-20.72280932078,30.660708280748));
#9458 = CARTESIAN_POINT('',(-22.97280932078,31.959746386425));
#9459 = CARTESIAN_POINT('',(-25.22280932078,33.258784492102));
#9460 = CARTESIAN_POINT('',(-22.97280932078,34.557822597778));
#9461 = CARTESIAN_POINT('',(-20.72280932078,35.856860703455));
#9462 = CARTESIAN_POINT('',(-20.72280932078,33.258784492102));
#9463 = ( GEOMETRIC_REPRESENTATION_CONTEXT(2)
PARAMETRIC_REPRESENTATION_CONTEXT() REPRESENTATION_CONTEXT('2D SPACE',''
  ) );
#9464 = PCURVE('',#9465,#9470);
#9465 = CYLINDRICAL_SURFACE('',#9466,1.5);
#9466 = AXIS2_PLACEMENT_3D('',#9467,#9468,#9469);
#9467 = CARTESIAN_POINT('',(-22.22280932078,33.258784492102,58.1));
#9468 = DIRECTION('',(-0.,-0.,-1.));
#9469 = DIRECTION('',(1.,0.,0.));
#9470 = DEFINITIONAL_REPRESENTATION('',(#9471),#9475);
#9471 = LINE('',#9472,#9473);
#9472 = CARTESIAN_POINT('',(-6.28318530718,-5.E-02));
#9473 = VECTOR('',#9474,1.);
#9474 = DIRECTION('',(1.,-0.));
#9475 = ( GEOMETRIC_REPRESENTATION_CONTEXT(2)
PARAMETRIC_REPRESENTATION_CONTEXT() REPRESENTATION_CONTEXT('2D SPACE',''
  ) );
#9476 = FACE_BOUND('',#9477,.F.);
#9477 = EDGE_LOOP('',(#9478));
#9478 = ORIENTED_EDGE('',*,*,#9479,.T.);
#9479 = EDGE_CURVE('',#9480,#9480,#9482,.T.);
#9480 = VERTEX_POINT('',#9481);
#9481 = CARTESIAN_POINT('',(-17.35586947304,35.276850573934,58.15));
#9482 = SURFACE_CURVE('',#9483,(#9488,#9499),.PCURVE_S1.);
#9483 = CIRCLE('',#9484,1.5);
#9484 = AXIS2_PLACEMENT_3D('',#9485,#9486,#9487);
#9485 = CARTESIAN_POINT('',(-18.85586947304,35.276850573934,58.15));
#9486 = DIRECTION('',(0.,0.,-1.));
#9487 = DIRECTION('',(1.,0.,0.));
#9488 = PCURVE('',#7649,#9489);
#9489 = DEFINITIONAL_REPRESENTATION('',(#9490),#9498);
#9490 = ( BOUNDED_CURVE() B_SPLINE_CURVE(2,(#9491,#9492,#9493,#9494,
#9495,#9496,#9497),.UNSPECIFIED.,.T.,.F.) B_SPLINE_CURVE_WITH_KNOTS((1,2
    ,2,2,2,1),(-2.094395102393,0.,2.094395102393,4.188790204786,
6.28318530718,8.377580409573),.UNSPECIFIED.) CURVE()
GEOMETRIC_REPRESENTATION_ITEM() RATIONAL_B_SPLINE_CURVE((1.,0.5,1.,0.5,
1.,0.5,1.)) REPRESENTATION_ITEM('') );
#9491 = CARTESIAN_POINT('',(-17.35586947304,35.276850573934));
#9492 = CARTESIAN_POINT('',(-17.35586947304,32.678774362581));
#9493 = CARTESIAN_POINT('',(-19.60586947304,33.977812468258));
#9494 = CARTESIAN_POINT('',(-21.85586947304,35.276850573934));
#9495 = CARTESIAN_POINT('',(-19.60586947304,36.575888679611));
#9496 = CARTESIAN_POINT('',(-17.35586947304,37.874926785288));
#9497 = CARTESIAN_POINT('',(-17.35586947304,35.276850573934));
#9498 = ( GEOMETRIC_REPRESENTATION_CONTEXT(2)
PARAMETRIC_REPRESENTATION_CONTEXT() REPRESENTATION_CONTEXT('2D SPACE',''
  ) );
#9499 = PCURVE('',#9500,#9505);
#9500 = CYLINDRICAL_SURFACE('',#9501,1.5);
#9501 = AXIS2_PLACEMENT_3D('',#9502,#9503,#9504);
#9502 = CARTESIAN_POINT('',(-18.85586947304,35.276850573934,58.1));
#9503 = DIRECTION('',(-0.,-0.,-1.));
#9504 = DIRECTION('',(1.,0.,0.));
#9505 = DEFINITIONAL_REPRESENTATION('',(#9506),#9510);
#9506 = LINE('',#9507,#9508);
#9507 = CARTESIAN_POINT('',(-6.28318530718,-5.E-02));
#9508 = VECTOR('',#9509,1.);
#9509 = DIRECTION('',(1.,-0.));
#9510 = ( GEOMETRIC_REPRESENTATION_CONTEXT(2)
PARAMETRIC_REPRESENTATION_CONTEXT() REPRESENTATION_CONTEXT('2D SPACE',''
  ) );
#9511 = FACE_BOUND('',#9512,.F.);
#9512 = EDGE_LOOP('',(#9513));
#9513 = ORIENTED_EDGE('',*,*,#9514,.T.);
#9514 = EDGE_CURVE('',#9515,#9515,#9517,.T.);
#9515 = VERTEX_POINT('',#9516);
#9516 = CARTESIAN_POINT('',(-13.8073372946,36.955181300451,58.15));
#9517 = SURFACE_CURVE('',#9518,(#9523,#9534),.PCURVE_S1.);
#9518 = CIRCLE('',#9519,1.5);
#9519 = AXIS2_PLACEMENT_3D('',#9520,#9521,#9522);
#9520 = CARTESIAN_POINT('',(-15.3073372946,36.955181300451,58.15));
#9521 = DIRECTION('',(0.,0.,-1.));
#9522 = DIRECTION('',(1.,0.,0.));
#9523 = PCURVE('',#7649,#9524);
#9524 = DEFINITIONAL_REPRESENTATION('',(#9525),#9533);
#9525 = ( BOUNDED_CURVE() B_SPLINE_CURVE(2,(#9526,#9527,#9528,#9529,
#9530,#9531,#9532),.UNSPECIFIED.,.T.,.F.) B_SPLINE_CURVE_WITH_KNOTS((1,2
    ,2,2,2,1),(-2.094395102393,0.,2.094395102393,4.188790204786,
6.28318530718,8.377580409573),.UNSPECIFIED.) CURVE()
GEOMETRIC_REPRESENTATION_ITEM() RATIONAL_B_SPLINE_CURVE((1.,0.5,1.,0.5,
1.,0.5,1.)) REPRESENTATION_ITEM('') );
#9526 = CARTESIAN_POINT('',(-13.8073372946,36.955181300451));
#9527 = CARTESIAN_POINT('',(-13.8073372946,34.357105089098));
#9528 = CARTESIAN_POINT('',(-16.0573372946,35.656143194775));
#9529 = CARTESIAN_POINT('',(-18.3073372946,36.955181300451));
#9530 = CARTESIAN_POINT('',(-16.0573372946,38.254219406128));
#9531 = CARTESIAN_POINT('',(-13.8073372946,39.553257511805));
#9532 = CARTESIAN_POINT('',(-13.8073372946,36.955181300451));
#9533 = ( GEOMETRIC_REPRESENTATION_CONTEXT(2)
PARAMETRIC_REPRESENTATION_CONTEXT() REPRESENTATION_CONTEXT('2D SPACE',''
  ) );
#9534 = PCURVE('',#9535,#9540);
#9535 = CYLINDRICAL_SURFACE('',#9536,1.5);
#9536 = AXIS2_PLACEMENT_3D('',#9537,#9538,#9539);
#9537 = CARTESIAN_POINT('',(-15.3073372946,36.955181300451,58.1));
#9538 = DIRECTION('',(-0.,-0.,-1.));
#9539 = DIRECTION('',(1.,0.,0.));
#9540 = DEFINITIONAL_REPRESENTATION('',(#9541),#9545);
#9541 = LINE('',#9542,#9543);
#9542 = CARTESIAN_POINT('',(-6.28318530718,-5.E-02));
#9543 = VECTOR('',#9544,1.);
#9544 = DIRECTION('',(1.,-0.));
#9545 = ( GEOMETRIC_REPRESENTATION_CONTEXT(2)
PARAMETRIC_REPRESENTATION_CONTEXT() REPRESENTATION_CONTEXT('2D SPACE',''
  ) );
#9546 = FACE_BOUND('',#9547,.F.);
#9547 = EDGE_LOOP('',(#9548));
#9548 = ORIENTED_EDGE('',*,*,#9549,.T.);
#9549 = EDGE_CURVE('',#9550,#9550,#9552,.T.);
#9550 = VERTEX_POINT('',#9551);
#9551 = CARTESIAN_POINT('',(-10.11138709017,38.277613429288,58.15));
#9552 = SURFACE_CURVE('',#9553,(#9558,#9569),.PCURVE_S1.);
#9553 = CIRCLE('',#9554,1.5);
#9554 = AXIS2_PLACEMENT_3D('',#9555,#9556,#9557);
#9555 = CARTESIAN_POINT('',(-11.61138709017,38.277613429288,58.15));
#9556 = DIRECTION('',(0.,0.,-1.));
#9557 = DIRECTION('',(1.,0.,0.));
#9558 = PCURVE('',#7649,#9559);
#9559 = DEFINITIONAL_REPRESENTATION('',(#9560),#9568);
#9560 = ( BOUNDED_CURVE() B_SPLINE_CURVE(2,(#9561,#9562,#9563,#9564,
#9565,#9566,#9567),.UNSPECIFIED.,.T.,.F.) B_SPLINE_CURVE_WITH_KNOTS((1,2
    ,2,2,2,1),(-2.094395102393,0.,2.094395102393,4.188790204786,
6.28318530718,8.377580409573),.UNSPECIFIED.) CURVE()
GEOMETRIC_REPRESENTATION_ITEM() RATIONAL_B_SPLINE_CURVE((1.,0.5,1.,0.5,
1.,0.5,1.)) REPRESENTATION_ITEM('') );
#9561 = CARTESIAN_POINT('',(-10.11138709017,38.277613429288));
#9562 = CARTESIAN_POINT('',(-10.11138709017,35.679537217935));
#9563 = CARTESIAN_POINT('',(-12.36138709017,36.978575323612));
#9564 = CARTESIAN_POINT('',(-14.61138709017,38.277613429288));
#9565 = CARTESIAN_POINT('',(-12.36138709017,39.576651534965));
#9566 = CARTESIAN_POINT('',(-10.11138709017,40.875689640642));
#9567 = CARTESIAN_POINT('',(-10.11138709017,38.277613429288));
#9568 = ( GEOMETRIC_REPRESENTATION_CONTEXT(2)
PARAMETRIC_REPRESENTATION_CONTEXT() REPRESENTATION_CONTEXT('2D SPACE',''
  ) );
#9569 = PCURVE('',#9570,#9575);
#9570 = CYLINDRICAL_SURFACE('',#9571,1.5);
#9571 = AXIS2_PLACEMENT_3D('',#9572,#9573,#9574);
#9572 = CARTESIAN_POINT('',(-11.61138709017,38.277613429288,58.1));
#9573 = DIRECTION('',(-0.,-0.,-1.));
#9574 = DIRECTION('',(1.,0.,0.));
#9575 = DEFINITIONAL_REPRESENTATION('',(#9576),#9580);
#9576 = LINE('',#9577,#9578);
#9577 = CARTESIAN_POINT('',(-6.28318530718,-5.E-02));
#9578 = VECTOR('',#9579,1.);
#9579 = DIRECTION('',(1.,-0.));
#9580 = ( GEOMETRIC_REPRESENTATION_CONTEXT(2)
PARAMETRIC_REPRESENTATION_CONTEXT() REPRESENTATION_CONTEXT('2D SPACE',''
  ) );
#9581 = FACE_BOUND('',#9582,.F.);
#9582 = EDGE_LOOP('',(#9583));
#9583 = ORIENTED_EDGE('',*,*,#9584,.T.);
#9584 = EDGE_CURVE('',#9585,#9585,#9587,.T.);
#9585 = VERTEX_POINT('',#9586);
#9586 = CARTESIAN_POINT('',(-6.303612880645,39.231411216129,58.15));
#9587 = SURFACE_CURVE('',#9588,(#9593,#9604),.PCURVE_S1.);
#9588 = CIRCLE('',#9589,1.5);
#9589 = AXIS2_PLACEMENT_3D('',#9590,#9591,#9592);
#9590 = CARTESIAN_POINT('',(-7.803612880645,39.231411216129,58.15));
#9591 = DIRECTION('',(0.,0.,-1.));
#9592 = DIRECTION('',(1.,0.,0.));
#9593 = PCURVE('',#7649,#9594);
#9594 = DEFINITIONAL_REPRESENTATION('',(#9595),#9603);
#9595 = ( BOUNDED_CURVE() B_SPLINE_CURVE(2,(#9596,#9597,#9598,#9599,
#9600,#9601,#9602),.UNSPECIFIED.,.T.,.F.) B_SPLINE_CURVE_WITH_KNOTS((1,2
    ,2,2,2,1),(-2.094395102393,0.,2.094395102393,4.188790204786,
6.28318530718,8.377580409573),.UNSPECIFIED.) CURVE()
GEOMETRIC_REPRESENTATION_ITEM() RATIONAL_B_SPLINE_CURVE((1.,0.5,1.,0.5,
1.,0.5,1.)) REPRESENTATION_ITEM('') );
#9596 = CARTESIAN_POINT('',(-6.303612880645,39.231411216129));
#9597 = CARTESIAN_POINT('',(-6.303612880645,36.633335004776));
#9598 = CARTESIAN_POINT('',(-8.553612880645,37.932373110453));
#9599 = CARTESIAN_POINT('',(-10.80361288064,39.231411216129));
#9600 = CARTESIAN_POINT('',(-8.553612880645,40.530449321806));
#9601 = CARTESIAN_POINT('',(-6.303612880645,41.829487427483));
#9602 = CARTESIAN_POINT('',(-6.303612880645,39.231411216129));
#9603 = ( GEOMETRIC_REPRESENTATION_CONTEXT(2)
PARAMETRIC_REPRESENTATION_CONTEXT() REPRESENTATION_CONTEXT('2D SPACE',''
  ) );
#9604 = PCURVE('',#9605,#9610);
#9605 = CYLINDRICAL_SURFACE('',#9606,1.5);
#9606 = AXIS2_PLACEMENT_3D('',#9607,#9608,#9609);
#9607 = CARTESIAN_POINT('',(-7.803612880645,39.231411216129,58.1));
#9608 = DIRECTION('',(-0.,-0.,-1.));
#9609 = DIRECTION('',(1.,0.,0.));
#9610 = DEFINITIONAL_REPRESENTATION('',(#9611),#9615);
#9611 = LINE('',#9612,#9613);
#9612 = CARTESIAN_POINT('',(-6.28318530718,-5.E-02));
#9613 = VECTOR('',#9614,1.);
#9614 = DIRECTION('',(1.,-0.));
#9615 = ( GEOMETRIC_REPRESENTATION_CONTEXT(2)
PARAMETRIC_REPRESENTATION_CONTEXT() REPRESENTATION_CONTEXT('2D SPACE',''
  ) );
#9616 = FACE_BOUND('',#9617,.F.);
#9617 = EDGE_LOOP('',(#9618));
#9618 = ORIENTED_EDGE('',*,*,#9619,.T.);
#9619 = EDGE_CURVE('',#9620,#9620,#9622,.T.);
#9620 = VERTEX_POINT('',#9621);
#9621 = CARTESIAN_POINT('',(-2.420685613182,39.807389066888,58.15));
#9622 = SURFACE_CURVE('',#9623,(#9628,#9639),.PCURVE_S1.);
#9623 = CIRCLE('',#9624,1.5);
#9624 = AXIS2_PLACEMENT_3D('',#9625,#9626,#9627);
#9625 = CARTESIAN_POINT('',(-3.920685613182,39.807389066888,58.15));
#9626 = DIRECTION('',(0.,0.,-1.));
#9627 = DIRECTION('',(1.,0.,0.));
#9628 = PCURVE('',#7649,#9629);
#9629 = DEFINITIONAL_REPRESENTATION('',(#9630),#9638);
#9630 = ( BOUNDED_CURVE() B_SPLINE_CURVE(2,(#9631,#9632,#9633,#9634,
#9635,#9636,#9637),.UNSPECIFIED.,.T.,.F.) B_SPLINE_CURVE_WITH_KNOTS((1,2
    ,2,2,2,1),(-2.094395102393,0.,2.094395102393,4.188790204786,
6.28318530718,8.377580409573),.UNSPECIFIED.) CURVE()
GEOMETRIC_REPRESENTATION_ITEM() RATIONAL_B_SPLINE_CURVE((1.,0.5,1.,0.5,
1.,0.5,1.)) REPRESENTATION_ITEM('') );
#9631 = CARTESIAN_POINT('',(-2.420685613182,39.807389066888));
#9632 = CARTESIAN_POINT('',(-2.420685613182,37.209312855535));
#9633 = CARTESIAN_POINT('',(-4.670685613182,38.508350961211));
#9634 = CARTESIAN_POINT('',(-6.920685613182,39.807389066888));
#9635 = CARTESIAN_POINT('',(-4.670685613182,41.106427172565));
#9636 = CARTESIAN_POINT('',(-2.420685613182,42.405465278241));
#9637 = CARTESIAN_POINT('',(-2.420685613182,39.807389066888));
#9638 = ( GEOMETRIC_REPRESENTATION_CONTEXT(2)
PARAMETRIC_REPRESENTATION_CONTEXT() REPRESENTATION_CONTEXT('2D SPACE',''
  ) );
#9639 = PCURVE('',#9640,#9645);
#9640 = CYLINDRICAL_SURFACE('',#9641,1.5);
#9641 = AXIS2_PLACEMENT_3D('',#9642,#9643,#9644);
#9642 = CARTESIAN_POINT('',(-3.920685613182,39.807389066888,58.1));
#9643 = DIRECTION('',(-0.,-0.,-1.));
#9644 = DIRECTION('',(1.,0.,0.));
#9645 = DEFINITIONAL_REPRESENTATION('',(#9646),#9650);
#9646 = LINE('',#9647,#9648);
#9647 = CARTESIAN_POINT('',(-6.28318530718,-5.E-02));
#9648 = VECTOR('',#9649,1.);
#9649 = DIRECTION('',(1.,-0.));
#9650 = ( GEOMETRIC_REPRESENTATION_CONTEXT(2)
PARAMETRIC_REPRESENTATION_CONTEXT() REPRESENTATION_CONTEXT('2D SPACE',''
  ) );
#9651 = FACE_BOUND('',#9652,.F.);
#9652 = EDGE_LOOP('',(#9653));
#9653 = ORIENTED_EDGE('',*,*,#9654,.T.);
#9654 = EDGE_CURVE('',#9655,#9655,#9657,.T.);
#9655 = VERTEX_POINT('',#9656);
#9656 = CARTESIAN_POINT('',(1.7,0.,58.15));
#9657 = SURFACE_CURVE('',#9658,(#9663,#9674),.PCURVE_S1.);
#9658 = CIRCLE('',#9659,1.7);
#9659 = AXIS2_PLACEMENT_3D('',#9660,#9661,#9662);
#9660 = CARTESIAN_POINT('',(0.,0.,58.15));
#9661 = DIRECTION('',(0.,0.,-1.));
#9662 = DIRECTION('',(1.,0.,0.));
#9663 = PCURVE('',#7649,#9664);
#9664 = DEFINITIONAL_REPRESENTATION('',(#9665),#9673);
#9665 = ( BOUNDED_CURVE() B_SPLINE_CURVE(2,(#9666,#9667,#9668,#9669,
#9670,#9671,#9672),.UNSPECIFIED.,.T.,.F.) B_SPLINE_CURVE_WITH_KNOTS((1,2
    ,2,2,2,1),(-2.094395102393,0.,2.094395102393,4.188790204786,
6.28318530718,8.377580409573),.UNSPECIFIED.) CURVE()
GEOMETRIC_REPRESENTATION_ITEM() RATIONAL_B_SPLINE_CURVE((1.,0.5,1.,0.5,
1.,0.5,1.)) REPRESENTATION_ITEM('') );
#9666 = CARTESIAN_POINT('',(1.7,-3.242876655026E-16));
#9667 = CARTESIAN_POINT('',(1.7,-2.944486372867));
#9668 = CARTESIAN_POINT('',(-0.85,-1.472243186434));
#9669 = CARTESIAN_POINT('',(-3.4,-7.406675772127E-16));
#9670 = CARTESIAN_POINT('',(-0.85,1.472243186434));
#9671 = CARTESIAN_POINT('',(1.7,2.944486372867));
#9672 = CARTESIAN_POINT('',(1.7,-3.242876655026E-16));
#9673 = ( GEOMETRIC_REPRESENTATION_CONTEXT(2)
PARAMETRIC_REPRESENTATION_CONTEXT() REPRESENTATION_CONTEXT('2D SPACE',''
  ) );
#9674 = PCURVE('',#9675,#9680);
#9675 = CYLINDRICAL_SURFACE('',#9676,1.7);
#9676 = AXIS2_PLACEMENT_3D('',#9677,#9678,#9679);
#9677 = CARTESIAN_POINT('',(0.,0.,58.1));
#9678 = DIRECTION('',(-0.,-0.,-1.));
#9679 = DIRECTION('',(1.,0.,0.));
#9680 = DEFINITIONAL_REPRESENTATION('',(#9681),#9685);
#9681 = LINE('',#9682,#9683);
#9682 = CARTESIAN_POINT('',(-6.28318530718,-5.E-02));
#9683 = VECTOR('',#9684,1.);
#9684 = DIRECTION('',(1.,-0.));
#9685 = ( GEOMETRIC_REPRESENTATION_CONTEXT(2)
PARAMETRIC_REPRESENTATION_CONTEXT() REPRESENTATION_CONTEXT('2D SPACE',''
  ) );
#9686 = FACE_BOUND('',#9687,.F.);
#9687 = EDGE_LOOP('',(#9688,#9718,#9746,#9774));
#9688 = ORIENTED_EDGE('',*,*,#9689,.T.);
#9689 = EDGE_CURVE('',#9690,#9692,#9694,.T.);
#9690 = VERTEX_POINT('',#9691);
#9691 = CARTESIAN_POINT('',(17.4,19.025,58.15));
#9692 = VERTEX_POINT('',#9693);
#9693 = CARTESIAN_POINT('',(11.6,19.025,58.15));
#9694 = SURFACE_CURVE('',#9695,(#9699,#9706),.PCURVE_S1.);
#9695 = LINE('',#9696,#9697);
#9696 = CARTESIAN_POINT('',(5.8,19.025,58.15));
#9697 = VECTOR('',#9698,1.);
#9698 = DIRECTION('',(-1.,0.,0.));
#9699 = PCURVE('',#7649,#9700);
#9700 = DEFINITIONAL_REPRESENTATION('',(#9701),#9705);
#9701 = LINE('',#9702,#9703);
#9702 = CARTESIAN_POINT('',(5.8,19.025));
#9703 = VECTOR('',#9704,1.);
#9704 = DIRECTION('',(-1.,0.));
#9705 = ( GEOMETRIC_REPRESENTATION_CONTEXT(2)
PARAMETRIC_REPRESENTATION_CONTEXT() REPRESENTATION_CONTEXT('2D SPACE',''
  ) );
#9706 = PCURVE('',#9707,#9712);
#9707 = PLANE('',#9708);
#9708 = AXIS2_PLACEMENT_3D('',#9709,#9710,#9711);
#9709 = CARTESIAN_POINT('',(11.6,19.025,58.1));
#9710 = DIRECTION('',(0.,1.,0.));
#9711 = DIRECTION('',(0.,0.,1.));
#9712 = DEFINITIONAL_REPRESENTATION('',(#9713),#9717);
#9713 = LINE('',#9714,#9715);
#9714 = CARTESIAN_POINT('',(5.E-02,-5.8));
#9715 = VECTOR('',#9716,1.);
#9716 = DIRECTION('',(0.,-1.));
#9717 = ( GEOMETRIC_REPRESENTATION_CONTEXT(2)
PARAMETRIC_REPRESENTATION_CONTEXT() REPRESENTATION_CONTEXT('2D SPACE',''
  ) );
#9718 = ORIENTED_EDGE('',*,*,#9719,.T.);
#9719 = EDGE_CURVE('',#9692,#9720,#9722,.T.);
#9720 = VERTEX_POINT('',#9721);
#9721 = CARTESIAN_POINT('',(11.6,20.975,58.15));
#9722 = SURFACE_CURVE('',#9723,(#9727,#9734),.PCURVE_S1.);
#9723 = LINE('',#9724,#9725);
#9724 = CARTESIAN_POINT('',(11.6,9.5125,58.15));
#9725 = VECTOR('',#9726,1.);
#9726 = DIRECTION('',(0.,1.,0.));
#9727 = PCURVE('',#7649,#9728);
#9728 = DEFINITIONAL_REPRESENTATION('',(#9729),#9733);
#9729 = LINE('',#9730,#9731);
#9730 = CARTESIAN_POINT('',(11.6,9.5125));
#9731 = VECTOR('',#9732,1.);
#9732 = DIRECTION('',(0.,1.));
#9733 = ( GEOMETRIC_REPRESENTATION_CONTEXT(2)
PARAMETRIC_REPRESENTATION_CONTEXT() REPRESENTATION_CONTEXT('2D SPACE',''
  ) );
#9734 = PCURVE('',#9735,#9740);
#9735 = PLANE('',#9736);
#9736 = AXIS2_PLACEMENT_3D('',#9737,#9738,#9739);
#9737 = CARTESIAN_POINT('',(11.6,19.025,58.1));
#9738 = DIRECTION('',(1.,0.,0.));
#9739 = DIRECTION('',(0.,0.,1.));
#9740 = DEFINITIONAL_REPRESENTATION('',(#9741),#9745);
#9741 = LINE('',#9742,#9743);
#9742 = CARTESIAN_POINT('',(5.E-02,9.5125));
#9743 = VECTOR('',#9744,1.);
#9744 = DIRECTION('',(0.,-1.));
#9745 = ( GEOMETRIC_REPRESENTATION_CONTEXT(2)
PARAMETRIC_REPRESENTATION_CONTEXT() REPRESENTATION_CONTEXT('2D SPACE',''
  ) );
#9746 = ORIENTED_EDGE('',*,*,#9747,.F.);
#9747 = EDGE_CURVE('',#9748,#9720,#9750,.T.);
#9748 = VERTEX_POINT('',#9749);
#9749 = CARTESIAN_POINT('',(17.4,20.975,58.15));
#9750 = SURFACE_CURVE('',#9751,(#9755,#9762),.PCURVE_S1.);
#9751 = LINE('',#9752,#9753);
#9752 = CARTESIAN_POINT('',(5.8,20.975,58.15));
#9753 = VECTOR('',#9754,1.);
#9754 = DIRECTION('',(-1.,0.,0.));
#9755 = PCURVE('',#7649,#9756);
#9756 = DEFINITIONAL_REPRESENTATION('',(#9757),#9761);
#9757 = LINE('',#9758,#9759);
#9758 = CARTESIAN_POINT('',(5.8,20.975));
#9759 = VECTOR('',#9760,1.);
#9760 = DIRECTION('',(-1.,0.));
#9761 = ( GEOMETRIC_REPRESENTATION_CONTEXT(2)
PARAMETRIC_REPRESENTATION_CONTEXT() REPRESENTATION_CONTEXT('2D SPACE',''
  ) );
#9762 = PCURVE('',#9763,#9768);
#9763 = PLANE('',#9764);
#9764 = AXIS2_PLACEMENT_3D('',#9765,#9766,#9767);
#9765 = CARTESIAN_POINT('',(11.6,20.975,58.1));
#9766 = DIRECTION('',(0.,1.,0.));
#9767 = DIRECTION('',(0.,0.,1.));
#9768 = DEFINITIONAL_REPRESENTATION('',(#9769),#9773);
#9769 = LINE('',#9770,#9771);
#9770 = CARTESIAN_POINT('',(5.E-02,-5.8));
#9771 = VECTOR('',#9772,1.);
#9772 = DIRECTION('',(0.,-1.));
#9773 = ( GEOMETRIC_REPRESENTATION_CONTEXT(2)
PARAMETRIC_REPRESENTATION_CONTEXT() REPRESENTATION_CONTEXT('2D SPACE',''
  ) );
#9774 = ORIENTED_EDGE('',*,*,#9775,.F.);
#9775 = EDGE_CURVE('',#9690,#9748,#9776,.T.);
#9776 = SURFACE_CURVE('',#9777,(#9781,#9788),.PCURVE_S1.);
#9777 = LINE('',#9778,#9779);
#9778 = CARTESIAN_POINT('',(17.4,9.5125,58.15));
#9779 = VECTOR('',#9780,1.);
#9780 = DIRECTION('',(0.,1.,0.));
#9781 = PCURVE('',#7649,#9782);
#9782 = DEFINITIONAL_REPRESENTATION('',(#9783),#9787);
#9783 = LINE('',#9784,#9785);
#9784 = CARTESIAN_POINT('',(17.4,9.5125));
#9785 = VECTOR('',#9786,1.);
#9786 = DIRECTION('',(0.,1.));
#9787 = ( GEOMETRIC_REPRESENTATION_CONTEXT(2)
PARAMETRIC_REPRESENTATION_CONTEXT() REPRESENTATION_CONTEXT('2D SPACE',''
  ) );
#9788 = PCURVE('',#9789,#9794);
#9789 = PLANE('',#9790);
#9790 = AXIS2_PLACEMENT_3D('',#9791,#9792,#9793);
#9791 = CARTESIAN_POINT('',(17.4,19.025,58.1));
#9792 = DIRECTION('',(1.,0.,0.));
#9793 = DIRECTION('',(0.,0.,1.));
#9794 = DEFINITIONAL_REPRESENTATION('',(#9795),#9799);
#9795 = LINE('',#9796,#9797);
#9796 = CARTESIAN_POINT('',(5.E-02,9.5125));
#9797 = VECTOR('',#9798,1.);
#9798 = DIRECTION('',(0.,-1.));
#9799 = ( GEOMETRIC_REPRESENTATION_CONTEXT(2)
PARAMETRIC_REPRESENTATION_CONTEXT() REPRESENTATION_CONTEXT('2D SPACE',''
  ) );
#9800 = FACE_BOUND('',#9801,.F.);
#9801 = EDGE_LOOP('',(#9802));
#9802 = ORIENTED_EDGE('',*,*,#9803,.T.);
#9803 = EDGE_CURVE('',#9804,#9804,#9806,.T.);
#9804 = VERTEX_POINT('',#9805);
#9805 = CARTESIAN_POINT('',(41.5,0.,58.15));
#9806 = SURFACE_CURVE('',#9807,(#9812,#9823),.PCURVE_S1.);
#9807 = CIRCLE('',#9808,1.5);
#9808 = AXIS2_PLACEMENT_3D('',#9809,#9810,#9811);
#9809 = CARTESIAN_POINT('',(40.,0.,58.15));
#9810 = DIRECTION('',(0.,0.,-1.));
#9811 = DIRECTION('',(1.,0.,0.));
#9812 = PCURVE('',#7649,#9813);
#9813 = DEFINITIONAL_REPRESENTATION('',(#9814),#9822);
#9814 = ( BOUNDED_CURVE() B_SPLINE_CURVE(2,(#9815,#9816,#9817,#9818,
#9819,#9820,#9821),.UNSPECIFIED.,.T.,.F.) B_SPLINE_CURVE_WITH_KNOTS((1,2
    ,2,2,2,1),(-2.094395102393,0.,2.094395102393,4.188790204786,
6.28318530718,8.377580409573),.UNSPECIFIED.) CURVE()
GEOMETRIC_REPRESENTATION_ITEM() RATIONAL_B_SPLINE_CURVE((1.,0.5,1.,0.5,
1.,0.5,1.)) REPRESENTATION_ITEM('') );
#9815 = CARTESIAN_POINT('',(41.5,-3.242876655026E-16));
#9816 = CARTESIAN_POINT('',(41.5,-2.598076211353));
#9817 = CARTESIAN_POINT('',(39.25,-1.299038105677));
#9818 = CARTESIAN_POINT('',(37.,-6.916817052468E-16));
#9819 = CARTESIAN_POINT('',(39.25,1.299038105677));
#9820 = CARTESIAN_POINT('',(41.5,2.598076211353));
#9821 = CARTESIAN_POINT('',(41.5,-3.242876655026E-16));
#9822 = ( GEOMETRIC_REPRESENTATION_CONTEXT(2)
PARAMETRIC_REPRESENTATION_CONTEXT() REPRESENTATION_CONTEXT('2D SPACE',''
  ) );
#9823 = PCURVE('',#9824,#9829);
#9824 = CYLINDRICAL_SURFACE('',#9825,1.5);
#9825 = AXIS2_PLACEMENT_3D('',#9826,#9827,#9828);
#9826 = CARTESIAN_POINT('',(40.,0.,58.1));
#9827 = DIRECTION('',(-0.,-0.,-1.));
#9828 = DIRECTION('',(1.,0.,0.));
#9829 = DEFINITIONAL_REPRESENTATION('',(#9830),#9834);
#9830 = LINE('',#9831,#9832);
#9831 = CARTESIAN_POINT('',(-6.28318530718,-5.E-02));
#9832 = VECTOR('',#9833,1.);
#9833 = DIRECTION('',(1.,-0.));
#9834 = ( GEOMETRIC_REPRESENTATION_CONTEXT(2)
PARAMETRIC_REPRESENTATION_CONTEXT() REPRESENTATION_CONTEXT('2D SPACE',''
  ) );
#9835 = FACE_BOUND('',#9836,.F.);
#9836 = EDGE_LOOP('',(#9837));
#9837 = ORIENTED_EDGE('',*,*,#9838,.T.);
#9838 = EDGE_CURVE('',#9839,#9839,#9841,.T.);
#9839 = VERTEX_POINT('',#9840);
#9840 = CARTESIAN_POINT('',(41.307389066888,3.920685613182,58.15));
#9841 = SURFACE_CURVE('',#9842,(#9847,#9858),.PCURVE_S1.);
#9842 = CIRCLE('',#9843,1.5);
#9843 = AXIS2_PLACEMENT_3D('',#9844,#9845,#9846);
#9844 = CARTESIAN_POINT('',(39.807389066888,3.920685613182,58.15));
#9845 = DIRECTION('',(0.,0.,-1.));
#9846 = DIRECTION('',(1.,0.,0.));
#9847 = PCURVE('',#7649,#9848);
#9848 = DEFINITIONAL_REPRESENTATION('',(#9849),#9857);
#9849 = ( BOUNDED_CURVE() B_SPLINE_CURVE(2,(#9850,#9851,#9852,#9853,
#9854,#9855,#9856),.UNSPECIFIED.,.T.,.F.) B_SPLINE_CURVE_WITH_KNOTS((1,2
    ,2,2,2,1),(-2.094395102393,0.,2.094395102393,4.188790204786,
6.28318530718,8.377580409573),.UNSPECIFIED.) CURVE()
GEOMETRIC_REPRESENTATION_ITEM() RATIONAL_B_SPLINE_CURVE((1.,0.5,1.,0.5,
1.,0.5,1.)) REPRESENTATION_ITEM('') );
#9850 = CARTESIAN_POINT('',(41.307389066888,3.920685613182));
#9851 = CARTESIAN_POINT('',(41.307389066888,1.322609401829));
#9852 = CARTESIAN_POINT('',(39.057389066888,2.621647507506));
#9853 = CARTESIAN_POINT('',(36.807389066888,3.920685613182));
#9854 = CARTESIAN_POINT('',(39.057389066888,5.219723718859));
#9855 = CARTESIAN_POINT('',(41.307389066888,6.518761824536));
#9856 = CARTESIAN_POINT('',(41.307389066888,3.920685613182));
#9857 = ( GEOMETRIC_REPRESENTATION_CONTEXT(2)
PARAMETRIC_REPRESENTATION_CONTEXT() REPRESENTATION_CONTEXT('2D SPACE',''
  ) );
#9858 = PCURVE('',#9859,#9864);
#9859 = CYLINDRICAL_SURFACE('',#9860,1.5);
#9860 = AXIS2_PLACEMENT_3D('',#9861,#9862,#9863);
#9861 = CARTESIAN_POINT('',(39.807389066888,3.920685613182,58.1));
#9862 = DIRECTION('',(-0.,-0.,-1.));
#9863 = DIRECTION('',(1.,0.,0.));
#9864 = DEFINITIONAL_REPRESENTATION('',(#9865),#9869);
#9865 = LINE('',#9866,#9867);
#9866 = CARTESIAN_POINT('',(-6.28318530718,-5.E-02));
#9867 = VECTOR('',#9868,1.);
#9868 = DIRECTION('',(1.,-0.));
#9869 = ( GEOMETRIC_REPRESENTATION_CONTEXT(2)
PARAMETRIC_REPRESENTATION_CONTEXT() REPRESENTATION_CONTEXT('2D SPACE',''
  ) );
#9870 = FACE_BOUND('',#9871,.F.);
#9871 = EDGE_LOOP('',(#9872));
#9872 = ORIENTED_EDGE('',*,*,#9873,.T.);
#9873 = EDGE_CURVE('',#9874,#9874,#9876,.T.);
#9874 = VERTEX_POINT('',#9875);
#9875 = CARTESIAN_POINT('',(40.731411216129,7.803612880645,58.15));
#9876 = SURFACE_CURVE('',#9877,(#9882,#9893),.PCURVE_S1.);
#9877 = CIRCLE('',#9878,1.5);
#9878 = AXIS2_PLACEMENT_3D('',#9879,#9880,#9881);
#9879 = CARTESIAN_POINT('',(39.231411216129,7.803612880645,58.15));
#9880 = DIRECTION('',(0.,0.,-1.));
#9881 = DIRECTION('',(1.,0.,0.));
#9882 = PCURVE('',#7649,#9883);
#9883 = DEFINITIONAL_REPRESENTATION('',(#9884),#9892);
#9884 = ( BOUNDED_CURVE() B_SPLINE_CURVE(2,(#9885,#9886,#9887,#9888,
#9889,#9890,#9891),.UNSPECIFIED.,.T.,.F.) B_SPLINE_CURVE_WITH_KNOTS((1,2
    ,2,2,2,1),(-2.094395102393,0.,2.094395102393,4.188790204786,
6.28318530718,8.377580409573),.UNSPECIFIED.) CURVE()
GEOMETRIC_REPRESENTATION_ITEM() RATIONAL_B_SPLINE_CURVE((1.,0.5,1.,0.5,
1.,0.5,1.)) REPRESENTATION_ITEM('') );
#9885 = CARTESIAN_POINT('',(40.731411216129,7.803612880645));
#9886 = CARTESIAN_POINT('',(40.731411216129,5.205536669292));
#9887 = CARTESIAN_POINT('',(38.481411216129,6.504574774968));
#9888 = CARTESIAN_POINT('',(36.231411216129,7.803612880645));
#9889 = CARTESIAN_POINT('',(38.481411216129,9.102650986322));
#9890 = CARTESIAN_POINT('',(40.731411216129,10.401689091998));
#9891 = CARTESIAN_POINT('',(40.731411216129,7.803612880645));
#9892 = ( GEOMETRIC_REPRESENTATION_CONTEXT(2)
PARAMETRIC_REPRESENTATION_CONTEXT() REPRESENTATION_CONTEXT('2D SPACE',''
  ) );
#9893 = PCURVE('',#9894,#9899);
#9894 = CYLINDRICAL_SURFACE('',#9895,1.5);
#9895 = AXIS2_PLACEMENT_3D('',#9896,#9897,#9898);
#9896 = CARTESIAN_POINT('',(39.231411216129,7.803612880645,58.1));
#9897 = DIRECTION('',(-0.,-0.,-1.));
#9898 = DIRECTION('',(1.,0.,0.));
#9899 = DEFINITIONAL_REPRESENTATION('',(#9900),#9904);
#9900 = LINE('',#9901,#9902);
#9901 = CARTESIAN_POINT('',(-6.28318530718,-5.E-02));
#9902 = VECTOR('',#9903,1.);
#9903 = DIRECTION('',(1.,-0.));
#9904 = ( GEOMETRIC_REPRESENTATION_CONTEXT(2)
PARAMETRIC_REPRESENTATION_CONTEXT() REPRESENTATION_CONTEXT('2D SPACE',''
  ) );
#9905 = FACE_BOUND('',#9906,.F.);
#9906 = EDGE_LOOP('',(#9907));
#9907 = ORIENTED_EDGE('',*,*,#9908,.T.);
#9908 = EDGE_CURVE('',#9909,#9909,#9911,.T.);
#9909 = VERTEX_POINT('',#9910);
#9910 = CARTESIAN_POINT('',(39.777613429288,11.611387090178,58.15));
#9911 = SURFACE_CURVE('',#9912,(#9917,#9928),.PCURVE_S1.);
#9912 = CIRCLE('',#9913,1.5);
#9913 = AXIS2_PLACEMENT_3D('',#9914,#9915,#9916);
#9914 = CARTESIAN_POINT('',(38.277613429288,11.611387090178,58.15));
#9915 = DIRECTION('',(0.,0.,-1.));
#9916 = DIRECTION('',(1.,0.,0.));
#9917 = PCURVE('',#7649,#9918);
#9918 = DEFINITIONAL_REPRESENTATION('',(#9919),#9927);
#9919 = ( BOUNDED_CURVE() B_SPLINE_CURVE(2,(#9920,#9921,#9922,#9923,
#9924,#9925,#9926),.UNSPECIFIED.,.T.,.F.) B_SPLINE_CURVE_WITH_KNOTS((1,2
    ,2,2,2,1),(-2.094395102393,0.,2.094395102393,4.188790204786,
6.28318530718,8.377580409573),.UNSPECIFIED.) CURVE()
GEOMETRIC_REPRESENTATION_ITEM() RATIONAL_B_SPLINE_CURVE((1.,0.5,1.,0.5,
1.,0.5,1.)) REPRESENTATION_ITEM('') );
#9920 = CARTESIAN_POINT('',(39.777613429288,11.611387090178));
#9921 = CARTESIAN_POINT('',(39.777613429288,9.013310878825));
#9922 = CARTESIAN_POINT('',(37.527613429288,10.312348984502));
#9923 = CARTESIAN_POINT('',(35.277613429288,11.611387090178));
#9924 = CARTESIAN_POINT('',(37.527613429288,12.910425195855));
#9925 = CARTESIAN_POINT('',(39.777613429288,14.209463301532));
#9926 = CARTESIAN_POINT('',(39.777613429288,11.611387090178));
#9927 = ( GEOMETRIC_REPRESENTATION_CONTEXT(2)
PARAMETRIC_REPRESENTATION_CONTEXT() REPRESENTATION_CONTEXT('2D SPACE',''
  ) );
#9928 = PCURVE('',#9929,#9934);
#9929 = CYLINDRICAL_SURFACE('',#9930,1.5);
#9930 = AXIS2_PLACEMENT_3D('',#9931,#9932,#9933);
#9931 = CARTESIAN_POINT('',(38.277613429288,11.611387090178,58.1));
#9932 = DIRECTION('',(-0.,-0.,-1.));
#9933 = DIRECTION('',(1.,0.,0.));
#9934 = DEFINITIONAL_REPRESENTATION('',(#9935),#9939);
#9935 = LINE('',#9936,#9937);
#9936 = CARTESIAN_POINT('',(-6.28318530718,-5.E-02));
#9937 = VECTOR('',#9938,1.);
#9938 = DIRECTION('',(1.,-0.));
#9939 = ( GEOMETRIC_REPRESENTATION_CONTEXT(2)
PARAMETRIC_REPRESENTATION_CONTEXT() REPRESENTATION_CONTEXT('2D SPACE',''
  ) );
#9940 = FACE_BOUND('',#9941,.F.);
#9941 = EDGE_LOOP('',(#9942));
#9942 = ORIENTED_EDGE('',*,*,#9943,.T.);
#9943 = EDGE_CURVE('',#9944,#9944,#9946,.T.);
#9944 = VERTEX_POINT('',#9945);
#9945 = CARTESIAN_POINT('',(38.455181300451,15.307337294604,58.15));
#9946 = SURFACE_CURVE('',#9947,(#9952,#9963),.PCURVE_S1.);
#9947 = CIRCLE('',#9948,1.5);
#9948 = AXIS2_PLACEMENT_3D('',#9949,#9950,#9951);
#9949 = CARTESIAN_POINT('',(36.955181300451,15.307337294604,58.15));
#9950 = DIRECTION('',(0.,0.,-1.));
#9951 = DIRECTION('',(1.,0.,0.));
#9952 = PCURVE('',#7649,#9953);
#9953 = DEFINITIONAL_REPRESENTATION('',(#9954),#9962);
#9954 = ( BOUNDED_CURVE() B_SPLINE_CURVE(2,(#9955,#9956,#9957,#9958,
#9959,#9960,#9961),.UNSPECIFIED.,.T.,.F.) B_SPLINE_CURVE_WITH_KNOTS((1,2
    ,2,2,2,1),(-2.094395102393,0.,2.094395102393,4.188790204786,
6.28318530718,8.377580409573),.UNSPECIFIED.) CURVE()
GEOMETRIC_REPRESENTATION_ITEM() RATIONAL_B_SPLINE_CURVE((1.,0.5,1.,0.5,
1.,0.5,1.)) REPRESENTATION_ITEM('') );
#9955 = CARTESIAN_POINT('',(38.455181300451,15.307337294604));
#9956 = CARTESIAN_POINT('',(38.455181300451,12.70926108325));
#9957 = CARTESIAN_POINT('',(36.205181300451,14.008299188927));
#9958 = CARTESIAN_POINT('',(33.955181300451,15.307337294604));
#9959 = CARTESIAN_POINT('',(36.205181300451,16.60637540028));
#9960 = CARTESIAN_POINT('',(38.455181300451,17.905413505957));
#9961 = CARTESIAN_POINT('',(38.455181300451,15.307337294604));
#9962 = ( GEOMETRIC_REPRESENTATION_CONTEXT(2)
PARAMETRIC_REPRESENTATION_CONTEXT() REPRESENTATION_CONTEXT('2D SPACE',''
  ) );
#9963 = PCURVE('',#9964,#9969);
#9964 = CYLINDRICAL_SURFACE('',#9965,1.5);
#9965 = AXIS2_PLACEMENT_3D('',#9966,#9967,#9968);
#9966 = CARTESIAN_POINT('',(36.955181300451,15.307337294604,58.1));
#9967 = DIRECTION('',(-0.,-0.,-1.));
#9968 = DIRECTION('',(1.,0.,0.));
#9969 = DEFINITIONAL_REPRESENTATION('',(#9970),#9974);
#9970 = LINE('',#9971,#9972);
#9971 = CARTESIAN_POINT('',(-6.28318530718,-5.E-02));
#9972 = VECTOR('',#9973,1.);
#9973 = DIRECTION('',(1.,-0.));
#9974 = ( GEOMETRIC_REPRESENTATION_CONTEXT(2)
PARAMETRIC_REPRESENTATION_CONTEXT() REPRESENTATION_CONTEXT('2D SPACE',''
  ) );
#9975 = FACE_BOUND('',#9976,.F.);
#9976 = EDGE_LOOP('',(#9977));
#9977 = ORIENTED_EDGE('',*,*,#9978,.T.);
#9978 = EDGE_CURVE('',#9979,#9979,#9981,.T.);
#9979 = VERTEX_POINT('',#9980);
#9980 = CARTESIAN_POINT('',(36.776850573934,18.85586947304,58.15));
#9981 = SURFACE_CURVE('',#9982,(#9987,#9998),.PCURVE_S1.);
#9982 = CIRCLE('',#9983,1.5);
#9983 = AXIS2_PLACEMENT_3D('',#9984,#9985,#9986);
#9984 = CARTESIAN_POINT('',(35.276850573934,18.85586947304,58.15));
#9985 = DIRECTION('',(0.,0.,-1.));
#9986 = DIRECTION('',(1.,0.,0.));
#9987 = PCURVE('',#7649,#9988);
#9988 = DEFINITIONAL_REPRESENTATION('',(#9989),#9997);
#9989 = ( BOUNDED_CURVE() B_SPLINE_CURVE(2,(#9990,#9991,#9992,#9993,
#9994,#9995,#9996),.UNSPECIFIED.,.T.,.F.) B_SPLINE_CURVE_WITH_KNOTS((1,2
    ,2,2,2,1),(-2.094395102393,0.,2.094395102393,4.188790204786,
6.28318530718,8.377580409573),.UNSPECIFIED.) CURVE()
GEOMETRIC_REPRESENTATION_ITEM() RATIONAL_B_SPLINE_CURVE((1.,0.5,1.,0.5,
1.,0.5,1.)) REPRESENTATION_ITEM('') );
#9990 = CARTESIAN_POINT('',(36.776850573934,18.85586947304));
#9991 = CARTESIAN_POINT('',(36.776850573934,16.257793261687));
#9992 = CARTESIAN_POINT('',(34.526850573934,17.556831367363));
#9993 = CARTESIAN_POINT('',(32.276850573934,18.85586947304));
#9994 = CARTESIAN_POINT('',(34.526850573934,20.154907578717));
#9995 = CARTESIAN_POINT('',(36.776850573934,21.453945684393));
#9996 = CARTESIAN_POINT('',(36.776850573934,18.85586947304));
#9997 = ( GEOMETRIC_REPRESENTATION_CONTEXT(2)
PARAMETRIC_REPRESENTATION_CONTEXT() REPRESENTATION_CONTEXT('2D SPACE',''
  ) );
#9998 = PCURVE('',#9999,#10004);
#9999 = CYLINDRICAL_SURFACE('',#10000,1.5);
#10000 = AXIS2_PLACEMENT_3D('',#10001,#10002,#10003);
#10001 = CARTESIAN_POINT('',(35.276850573934,18.85586947304,58.1));
#10002 = DIRECTION('',(-0.,-0.,-1.));
#10003 = DIRECTION('',(1.,0.,0.));
#10004 = DEFINITIONAL_REPRESENTATION('',(#10005),#10009);
#10005 = LINE('',#10006,#10007);
#10006 = CARTESIAN_POINT('',(-6.28318530718,-5.E-02));
#10007 = VECTOR('',#10008,1.);
#10008 = DIRECTION('',(1.,-0.));
#10009 = ( GEOMETRIC_REPRESENTATION_CONTEXT(2)
PARAMETRIC_REPRESENTATION_CONTEXT() REPRESENTATION_CONTEXT('2D SPACE',''
  ) );
#10010 = FACE_BOUND('',#10011,.F.);
#10011 = EDGE_LOOP('',(#10012));
#10012 = ORIENTED_EDGE('',*,*,#10013,.T.);
#10013 = EDGE_CURVE('',#10014,#10014,#10016,.T.);
#10014 = VERTEX_POINT('',#10015);
#10015 = CARTESIAN_POINT('',(1.5,40.,58.15));
#10016 = SURFACE_CURVE('',#10017,(#10022,#10033),.PCURVE_S1.);
#10017 = CIRCLE('',#10018,1.5);
#10018 = AXIS2_PLACEMENT_3D('',#10019,#10020,#10021);
#10019 = CARTESIAN_POINT('',(2.449293598295E-15,40.,58.15));
#10020 = DIRECTION('',(0.,0.,-1.));
#10021 = DIRECTION('',(1.,0.,0.));
#10022 = PCURVE('',#7649,#10023);
#10023 = DEFINITIONAL_REPRESENTATION('',(#10024),#10032);
#10024 = ( BOUNDED_CURVE() B_SPLINE_CURVE(2,(#10025,#10026,#10027,#10028
    ,#10029,#10030,#10031),.UNSPECIFIED.,.T.,.F.)
B_SPLINE_CURVE_WITH_KNOTS((1,2,2,2,2,1),(-2.094395102393,0.,
    2.094395102393,4.188790204786,6.28318530718,8.377580409573),
.UNSPECIFIED.) CURVE() GEOMETRIC_REPRESENTATION_ITEM()
RATIONAL_B_SPLINE_CURVE((1.,0.5,1.,0.5,1.,0.5,1.)) REPRESENTATION_ITEM(
  '') );
#10025 = CARTESIAN_POINT('',(1.5,40.));
#10026 = CARTESIAN_POINT('',(1.5,37.401923788647));
#10027 = CARTESIAN_POINT('',(-0.75,38.700961894323));
#10028 = CARTESIAN_POINT('',(-3.,40.));
#10029 = CARTESIAN_POINT('',(-0.75,41.299038105677));
#10030 = CARTESIAN_POINT('',(1.5,42.598076211353));
#10031 = CARTESIAN_POINT('',(1.5,40.));
#10032 = ( GEOMETRIC_REPRESENTATION_CONTEXT(2)
PARAMETRIC_REPRESENTATION_CONTEXT() REPRESENTATION_CONTEXT('2D SPACE',''
  ) );
#10033 = PCURVE('',#10034,#10039);
#10034 = CYLINDRICAL_SURFACE('',#10035,1.5);
#10035 = AXIS2_PLACEMENT_3D('',#10036,#10037,#10038);
#10036 = CARTESIAN_POINT('',(2.449293598295E-15,40.,58.1));
#10037 = DIRECTION('',(-0.,-0.,-1.));
#10038 = DIRECTION('',(1.,0.,0.));
#10039 = DEFINITIONAL_REPRESENTATION('',(#10040),#10044);
#10040 = LINE('',#10041,#10042);
#10041 = CARTESIAN_POINT('',(-6.28318530718,-5.E-02));
#10042 = VECTOR('',#10043,1.);
#10043 = DIRECTION('',(1.,-0.));
#10044 = ( GEOMETRIC_REPRESENTATION_CONTEXT(2)
PARAMETRIC_REPRESENTATION_CONTEXT() REPRESENTATION_CONTEXT('2D SPACE',''
  ) );
#10045 = FACE_BOUND('',#10046,.F.);
#10046 = EDGE_LOOP('',(#10047));
#10047 = ORIENTED_EDGE('',*,*,#10048,.T.);
#10048 = EDGE_CURVE('',#10049,#10049,#10051,.T.);
#10049 = VERTEX_POINT('',#10050);
#10050 = CARTESIAN_POINT('',(5.420685613182,39.807389066888,58.15));
#10051 = SURFACE_CURVE('',#10052,(#10057,#10068),.PCURVE_S1.);
#10052 = CIRCLE('',#10053,1.5);
#10053 = AXIS2_PLACEMENT_3D('',#10054,#10055,#10056);
#10054 = CARTESIAN_POINT('',(3.920685613182,39.807389066888,58.15));
#10055 = DIRECTION('',(0.,0.,-1.));
#10056 = DIRECTION('',(1.,0.,0.));
#10057 = PCURVE('',#7649,#10058);
#10058 = DEFINITIONAL_REPRESENTATION('',(#10059),#10067);
#10059 = ( BOUNDED_CURVE() B_SPLINE_CURVE(2,(#10060,#10061,#10062,#10063
    ,#10064,#10065,#10066),.UNSPECIFIED.,.T.,.F.)
B_SPLINE_CURVE_WITH_KNOTS((1,2,2,2,2,1),(-2.094395102393,0.,
    2.094395102393,4.188790204786,6.28318530718,8.377580409573),
.UNSPECIFIED.) CURVE() GEOMETRIC_REPRESENTATION_ITEM()
RATIONAL_B_SPLINE_CURVE((1.,0.5,1.,0.5,1.,0.5,1.)) REPRESENTATION_ITEM(
  '') );
#10060 = CARTESIAN_POINT('',(5.420685613182,39.807389066888));
#10061 = CARTESIAN_POINT('',(5.420685613182,37.209312855535));
#10062 = CARTESIAN_POINT('',(3.170685613182,38.508350961211));
#10063 = CARTESIAN_POINT('',(0.920685613182,39.807389066888));
#10064 = CARTESIAN_POINT('',(3.170685613182,41.106427172565));
#10065 = CARTESIAN_POINT('',(5.420685613182,42.405465278241));
#10066 = CARTESIAN_POINT('',(5.420685613182,39.807389066888));
#10067 = ( GEOMETRIC_REPRESENTATION_CONTEXT(2)
PARAMETRIC_REPRESENTATION_CONTEXT() REPRESENTATION_CONTEXT('2D SPACE',''
  ) );
#10068 = PCURVE('',#10069,#10074);
#10069 = CYLINDRICAL_SURFACE('',#10070,1.5);
#10070 = AXIS2_PLACEMENT_3D('',#10071,#10072,#10073);
#10071 = CARTESIAN_POINT('',(3.920685613182,39.807389066888,58.1));
#10072 = DIRECTION('',(-0.,-0.,-1.));
#10073 = DIRECTION('',(1.,0.,0.));
#10074 = DEFINITIONAL_REPRESENTATION('',(#10075),#10079);
#10075 = LINE('',#10076,#10077);
#10076 = CARTESIAN_POINT('',(-6.28318530718,-5.E-02));
#10077 = VECTOR('',#10078,1.);
#10078 = DIRECTION('',(1.,-0.));
#10079 = ( GEOMETRIC_REPRESENTATION_CONTEXT(2)
PARAMETRIC_REPRESENTATION_CONTEXT() REPRESENTATION_CONTEXT('2D SPACE',''
  ) );
#10080 = FACE_BOUND('',#10081,.F.);
#10081 = EDGE_LOOP('',(#10082));
#10082 = ORIENTED_EDGE('',*,*,#10083,.T.);
#10083 = EDGE_CURVE('',#10084,#10084,#10086,.T.);
#10084 = VERTEX_POINT('',#10085);
#10085 = CARTESIAN_POINT('',(9.303612880645,39.231411216129,58.15));
#10086 = SURFACE_CURVE('',#10087,(#10092,#10103),.PCURVE_S1.);
#10087 = CIRCLE('',#10088,1.5);
#10088 = AXIS2_PLACEMENT_3D('',#10089,#10090,#10091);
#10089 = CARTESIAN_POINT('',(7.803612880645,39.231411216129,58.15));
#10090 = DIRECTION('',(0.,0.,-1.));
#10091 = DIRECTION('',(1.,0.,0.));
#10092 = PCURVE('',#7649,#10093);
#10093 = DEFINITIONAL_REPRESENTATION('',(#10094),#10102);
#10094 = ( BOUNDED_CURVE() B_SPLINE_CURVE(2,(#10095,#10096,#10097,#10098
    ,#10099,#10100,#10101),.UNSPECIFIED.,.T.,.F.)
B_SPLINE_CURVE_WITH_KNOTS((1,2,2,2,2,1),(-2.094395102393,0.,
    2.094395102393,4.188790204786,6.28318530718,8.377580409573),
.UNSPECIFIED.) CURVE() GEOMETRIC_REPRESENTATION_ITEM()
RATIONAL_B_SPLINE_CURVE((1.,0.5,1.,0.5,1.,0.5,1.)) REPRESENTATION_ITEM(
  '') );
#10095 = CARTESIAN_POINT('',(9.303612880645,39.231411216129));
#10096 = CARTESIAN_POINT('',(9.303612880645,36.633335004776));
#10097 = CARTESIAN_POINT('',(7.053612880645,37.932373110453));
#10098 = CARTESIAN_POINT('',(4.803612880645,39.231411216129));
#10099 = CARTESIAN_POINT('',(7.053612880645,40.530449321806));
#10100 = CARTESIAN_POINT('',(9.303612880645,41.829487427483));
#10101 = CARTESIAN_POINT('',(9.303612880645,39.231411216129));
#10102 = ( GEOMETRIC_REPRESENTATION_CONTEXT(2)
PARAMETRIC_REPRESENTATION_CONTEXT() REPRESENTATION_CONTEXT('2D SPACE',''
  ) );
#10103 = PCURVE('',#10104,#10109);
#10104 = CYLINDRICAL_SURFACE('',#10105,1.5);
#10105 = AXIS2_PLACEMENT_3D('',#10106,#10107,#10108);
#10106 = CARTESIAN_POINT('',(7.803612880645,39.231411216129,58.1));
#10107 = DIRECTION('',(-0.,-0.,-1.));
#10108 = DIRECTION('',(1.,0.,0.));
#10109 = DEFINITIONAL_REPRESENTATION('',(#10110),#10114);
#10110 = LINE('',#10111,#10112);
#10111 = CARTESIAN_POINT('',(-6.28318530718,-5.E-02));
#10112 = VECTOR('',#10113,1.);
#10113 = DIRECTION('',(1.,-0.));
#10114 = ( GEOMETRIC_REPRESENTATION_CONTEXT(2)
PARAMETRIC_REPRESENTATION_CONTEXT() REPRESENTATION_CONTEXT('2D SPACE',''
  ) );
#10115 = FACE_BOUND('',#10116,.F.);
#10116 = EDGE_LOOP('',(#10117));
#10117 = ORIENTED_EDGE('',*,*,#10118,.T.);
#10118 = EDGE_CURVE('',#10119,#10119,#10121,.T.);
#10119 = VERTEX_POINT('',#10120);
#10120 = CARTESIAN_POINT('',(20.35586947304,35.276850573934,58.15));
#10121 = SURFACE_CURVE('',#10122,(#10127,#10138),.PCURVE_S1.);
#10122 = CIRCLE('',#10123,1.5);
#10123 = AXIS2_PLACEMENT_3D('',#10124,#10125,#10126);
#10124 = CARTESIAN_POINT('',(18.85586947304,35.276850573934,58.15));
#10125 = DIRECTION('',(0.,0.,-1.));
#10126 = DIRECTION('',(1.,0.,0.));
#10127 = PCURVE('',#7649,#10128);
#10128 = DEFINITIONAL_REPRESENTATION('',(#10129),#10137);
#10129 = ( BOUNDED_CURVE() B_SPLINE_CURVE(2,(#10130,#10131,#10132,#10133
    ,#10134,#10135,#10136),.UNSPECIFIED.,.T.,.F.)
B_SPLINE_CURVE_WITH_KNOTS((1,2,2,2,2,1),(-2.094395102393,0.,
    2.094395102393,4.188790204786,6.28318530718,8.377580409573),
.UNSPECIFIED.) CURVE() GEOMETRIC_REPRESENTATION_ITEM()
RATIONAL_B_SPLINE_CURVE((1.,0.5,1.,0.5,1.,0.5,1.)) REPRESENTATION_ITEM(
  '') );
#10130 = CARTESIAN_POINT('',(20.35586947304,35.276850573934));
#10131 = CARTESIAN_POINT('',(20.35586947304,32.678774362581));
#10132 = CARTESIAN_POINT('',(18.10586947304,33.977812468258));
#10133 = CARTESIAN_POINT('',(15.85586947304,35.276850573934));
#10134 = CARTESIAN_POINT('',(18.10586947304,36.575888679611));
#10135 = CARTESIAN_POINT('',(20.35586947304,37.874926785288));
#10136 = CARTESIAN_POINT('',(20.35586947304,35.276850573934));
#10137 = ( GEOMETRIC_REPRESENTATION_CONTEXT(2)
PARAMETRIC_REPRESENTATION_CONTEXT() REPRESENTATION_CONTEXT('2D SPACE',''
  ) );
#10138 = PCURVE('',#10139,#10144);
#10139 = CYLINDRICAL_SURFACE('',#10140,1.5);
#10140 = AXIS2_PLACEMENT_3D('',#10141,#10142,#10143);
#10141 = CARTESIAN_POINT('',(18.85586947304,35.276850573934,58.1));
#10142 = DIRECTION('',(-0.,-0.,-1.));
#10143 = DIRECTION('',(1.,0.,0.));
#10144 = DEFINITIONAL_REPRESENTATION('',(#10145),#10149);
#10145 = LINE('',#10146,#10147);
#10146 = CARTESIAN_POINT('',(-6.28318530718,-5.E-02));
#10147 = VECTOR('',#10148,1.);
#10148 = DIRECTION('',(1.,-0.));
#10149 = ( GEOMETRIC_REPRESENTATION_CONTEXT(2)
PARAMETRIC_REPRESENTATION_CONTEXT() REPRESENTATION_CONTEXT('2D SPACE',''
  ) );
#10150 = FACE_BOUND('',#10151,.F.);
#10151 = EDGE_LOOP('',(#10152));
#10152 = ORIENTED_EDGE('',*,*,#10153,.T.);
#10153 = EDGE_CURVE('',#10154,#10154,#10156,.T.);
#10154 = VERTEX_POINT('',#10155);
#10155 = CARTESIAN_POINT('',(13.111387090178,38.277613429288,58.15));
#10156 = SURFACE_CURVE('',#10157,(#10162,#10173),.PCURVE_S1.);
#10157 = CIRCLE('',#10158,1.5);
#10158 = AXIS2_PLACEMENT_3D('',#10159,#10160,#10161);
#10159 = CARTESIAN_POINT('',(11.611387090178,38.277613429288,58.15));
#10160 = DIRECTION('',(0.,0.,-1.));
#10161 = DIRECTION('',(1.,0.,0.));
#10162 = PCURVE('',#7649,#10163);
#10163 = DEFINITIONAL_REPRESENTATION('',(#10164),#10172);
#10164 = ( BOUNDED_CURVE() B_SPLINE_CURVE(2,(#10165,#10166,#10167,#10168
    ,#10169,#10170,#10171),.UNSPECIFIED.,.T.,.F.)
B_SPLINE_CURVE_WITH_KNOTS((1,2,2,2,2,1),(-2.094395102393,0.,
    2.094395102393,4.188790204786,6.28318530718,8.377580409573),
.UNSPECIFIED.) CURVE() GEOMETRIC_REPRESENTATION_ITEM()
RATIONAL_B_SPLINE_CURVE((1.,0.5,1.,0.5,1.,0.5,1.)) REPRESENTATION_ITEM(
  '') );
#10165 = CARTESIAN_POINT('',(13.111387090178,38.277613429288));
#10166 = CARTESIAN_POINT('',(13.111387090178,35.679537217935));
#10167 = CARTESIAN_POINT('',(10.861387090178,36.978575323612));
#10168 = CARTESIAN_POINT('',(8.611387090178,38.277613429288));
#10169 = CARTESIAN_POINT('',(10.861387090178,39.576651534965));
#10170 = CARTESIAN_POINT('',(13.111387090178,40.875689640642));
#10171 = CARTESIAN_POINT('',(13.111387090178,38.277613429288));
#10172 = ( GEOMETRIC_REPRESENTATION_CONTEXT(2)
PARAMETRIC_REPRESENTATION_CONTEXT() REPRESENTATION_CONTEXT('2D SPACE',''
  ) );
#10173 = PCURVE('',#10174,#10179);
#10174 = CYLINDRICAL_SURFACE('',#10175,1.5);
#10175 = AXIS2_PLACEMENT_3D('',#10176,#10177,#10178);
#10176 = CARTESIAN_POINT('',(11.611387090178,38.277613429288,58.1));
#10177 = DIRECTION('',(-0.,-0.,-1.));
#10178 = DIRECTION('',(1.,0.,0.));
#10179 = DEFINITIONAL_REPRESENTATION('',(#10180),#10184);
#10180 = LINE('',#10181,#10182);
#10181 = CARTESIAN_POINT('',(-6.28318530718,-5.E-02));
#10182 = VECTOR('',#10183,1.);
#10183 = DIRECTION('',(1.,-0.));
#10184 = ( GEOMETRIC_REPRESENTATION_CONTEXT(2)
PARAMETRIC_REPRESENTATION_CONTEXT() REPRESENTATION_CONTEXT('2D SPACE',''
  ) );
#10185 = FACE_BOUND('',#10186,.F.);
#10186 = EDGE_LOOP('',(#10187));
#10187 = ORIENTED_EDGE('',*,*,#10188,.T.);
#10188 = EDGE_CURVE('',#10189,#10189,#10191,.T.);
#10189 = VERTEX_POINT('',#10190);
#10190 = CARTESIAN_POINT('',(16.807337294604,36.955181300451,58.15));
#10191 = SURFACE_CURVE('',#10192,(#10197,#10208),.PCURVE_S1.);
#10192 = CIRCLE('',#10193,1.5);
#10193 = AXIS2_PLACEMENT_3D('',#10194,#10195,#10196);
#10194 = CARTESIAN_POINT('',(15.307337294604,36.955181300451,58.15));
#10195 = DIRECTION('',(0.,0.,-1.));
#10196 = DIRECTION('',(1.,0.,0.));
#10197 = PCURVE('',#7649,#10198);
#10198 = DEFINITIONAL_REPRESENTATION('',(#10199),#10207);
#10199 = ( BOUNDED_CURVE() B_SPLINE_CURVE(2,(#10200,#10201,#10202,#10203
    ,#10204,#10205,#10206),.UNSPECIFIED.,.T.,.F.)
B_SPLINE_CURVE_WITH_KNOTS((1,2,2,2,2,1),(-2.094395102393,0.,
    2.094395102393,4.188790204786,6.28318530718,8.377580409573),
.UNSPECIFIED.) CURVE() GEOMETRIC_REPRESENTATION_ITEM()
RATIONAL_B_SPLINE_CURVE((1.,0.5,1.,0.5,1.,0.5,1.)) REPRESENTATION_ITEM(
  '') );
#10200 = CARTESIAN_POINT('',(16.807337294604,36.955181300451));
#10201 = CARTESIAN_POINT('',(16.807337294604,34.357105089098));
#10202 = CARTESIAN_POINT('',(14.557337294604,35.656143194775));
#10203 = CARTESIAN_POINT('',(12.307337294604,36.955181300451));
#10204 = CARTESIAN_POINT('',(14.557337294604,38.254219406128));
#10205 = CARTESIAN_POINT('',(16.807337294604,39.553257511805));
#10206 = CARTESIAN_POINT('',(16.807337294604,36.955181300451));
#10207 = ( GEOMETRIC_REPRESENTATION_CONTEXT(2)
PARAMETRIC_REPRESENTATION_CONTEXT() REPRESENTATION_CONTEXT('2D SPACE',''
  ) );
#10208 = PCURVE('',#10209,#10214);
#10209 = CYLINDRICAL_SURFACE('',#10210,1.5);
#10210 = AXIS2_PLACEMENT_3D('',#10211,#10212,#10213);
#10211 = CARTESIAN_POINT('',(15.307337294604,36.955181300451,58.1));
#10212 = DIRECTION('',(-0.,-0.,-1.));
#10213 = DIRECTION('',(1.,0.,0.));
#10214 = DEFINITIONAL_REPRESENTATION('',(#10215),#10219);
#10215 = LINE('',#10216,#10217);
#10216 = CARTESIAN_POINT('',(-6.28318530718,-5.E-02));
#10217 = VECTOR('',#10218,1.);
#10218 = DIRECTION('',(1.,-0.));
#10219 = ( GEOMETRIC_REPRESENTATION_CONTEXT(2)
PARAMETRIC_REPRESENTATION_CONTEXT() REPRESENTATION_CONTEXT('2D SPACE',''
  ) );
#10220 = FACE_BOUND('',#10221,.F.);
#10221 = EDGE_LOOP('',(#10222));
#10222 = ORIENTED_EDGE('',*,*,#10223,.T.);
#10223 = EDGE_CURVE('',#10224,#10224,#10226,.T.);
#10224 = VERTEX_POINT('',#10225);
#10225 = CARTESIAN_POINT('',(32.420418134509,25.375731366546,58.15));
#10226 = SURFACE_CURVE('',#10227,(#10232,#10243),.PCURVE_S1.);
#10227 = CIRCLE('',#10228,1.5);
#10228 = AXIS2_PLACEMENT_3D('',#10229,#10230,#10231);
#10229 = CARTESIAN_POINT('',(30.920418134509,25.375731366546,58.15));
#10230 = DIRECTION('',(0.,0.,-1.));
#10231 = DIRECTION('',(1.,0.,0.));
#10232 = PCURVE('',#7649,#10233);
#10233 = DEFINITIONAL_REPRESENTATION('',(#10234),#10242);
#10234 = ( BOUNDED_CURVE() B_SPLINE_CURVE(2,(#10235,#10236,#10237,#10238
    ,#10239,#10240,#10241),.UNSPECIFIED.,.T.,.F.)
B_SPLINE_CURVE_WITH_KNOTS((1,2,2,2,2,1),(-2.094395102393,0.,
    2.094395102393,4.188790204786,6.28318530718,8.377580409573),
.UNSPECIFIED.) CURVE() GEOMETRIC_REPRESENTATION_ITEM()
RATIONAL_B_SPLINE_CURVE((1.,0.5,1.,0.5,1.,0.5,1.)) REPRESENTATION_ITEM(
  '') );
#10235 = CARTESIAN_POINT('',(32.420418134509,25.375731366546));
#10236 = CARTESIAN_POINT('',(32.420418134509,22.777655155193));
#10237 = CARTESIAN_POINT('',(30.170418134509,24.076693260869));
#10238 = CARTESIAN_POINT('',(27.920418134509,25.375731366546));
#10239 = CARTESIAN_POINT('',(30.170418134509,26.674769472222));
#10240 = CARTESIAN_POINT('',(32.420418134509,27.973807577899));
#10241 = CARTESIAN_POINT('',(32.420418134509,25.375731366546));
#10242 = ( GEOMETRIC_REPRESENTATION_CONTEXT(2)
PARAMETRIC_REPRESENTATION_CONTEXT() REPRESENTATION_CONTEXT('2D SPACE',''
  ) );
#10243 = PCURVE('',#10244,#10249);
#10244 = CYLINDRICAL_SURFACE('',#10245,1.5);
#10245 = AXIS2_PLACEMENT_3D('',#10246,#10247,#10248);
#10246 = CARTESIAN_POINT('',(30.920418134509,25.375731366546,58.1));
#10247 = DIRECTION('',(-0.,-0.,-1.));
#10248 = DIRECTION('',(1.,0.,0.));
#10249 = DEFINITIONAL_REPRESENTATION('',(#10250),#10254);
#10250 = LINE('',#10251,#10252);
#10251 = CARTESIAN_POINT('',(-6.28318530718,-5.E-02));
#10252 = VECTOR('',#10253,1.);
#10253 = DIRECTION('',(1.,-0.));
#10254 = ( GEOMETRIC_REPRESENTATION_CONTEXT(2)
PARAMETRIC_REPRESENTATION_CONTEXT() REPRESENTATION_CONTEXT('2D SPACE',''
  ) );
#10255 = FACE_BOUND('',#10256,.F.);
#10256 = EDGE_LOOP('',(#10257));
#10257 = ORIENTED_EDGE('',*,*,#10258,.T.);
#10258 = EDGE_CURVE('',#10259,#10259,#10261,.T.);
#10259 = VERTEX_POINT('',#10260);
#10260 = CARTESIAN_POINT('',(26.875731366546,30.920418134509,58.15));
#10261 = SURFACE_CURVE('',#10262,(#10267,#10278),.PCURVE_S1.);
#10262 = CIRCLE('',#10263,1.5);
#10263 = AXIS2_PLACEMENT_3D('',#10264,#10265,#10266);
#10264 = CARTESIAN_POINT('',(25.375731366546,30.920418134509,58.15));
#10265 = DIRECTION('',(0.,0.,-1.));
#10266 = DIRECTION('',(1.,0.,0.));
#10267 = PCURVE('',#7649,#10268);
#10268 = DEFINITIONAL_REPRESENTATION('',(#10269),#10277);
#10269 = ( BOUNDED_CURVE() B_SPLINE_CURVE(2,(#10270,#10271,#10272,#10273
    ,#10274,#10275,#10276),.UNSPECIFIED.,.T.,.F.)
B_SPLINE_CURVE_WITH_KNOTS((1,2,2,2,2,1),(-2.094395102393,0.,
    2.094395102393,4.188790204786,6.28318530718,8.377580409573),
.UNSPECIFIED.) CURVE() GEOMETRIC_REPRESENTATION_ITEM()
RATIONAL_B_SPLINE_CURVE((1.,0.5,1.,0.5,1.,0.5,1.)) REPRESENTATION_ITEM(
  '') );
#10270 = CARTESIAN_POINT('',(26.875731366546,30.920418134509));
#10271 = CARTESIAN_POINT('',(26.875731366546,28.322341923156));
#10272 = CARTESIAN_POINT('',(24.625731366546,29.621380028833));
#10273 = CARTESIAN_POINT('',(22.375731366546,30.920418134509));
#10274 = CARTESIAN_POINT('',(24.625731366546,32.219456240186));
#10275 = CARTESIAN_POINT('',(26.875731366546,33.518494345863));
#10276 = CARTESIAN_POINT('',(26.875731366546,30.920418134509));
#10277 = ( GEOMETRIC_REPRESENTATION_CONTEXT(2)
PARAMETRIC_REPRESENTATION_CONTEXT() REPRESENTATION_CONTEXT('2D SPACE',''
  ) );
#10278 = PCURVE('',#10279,#10284);
#10279 = CYLINDRICAL_SURFACE('',#10280,1.5);
#10280 = AXIS2_PLACEMENT_3D('',#10281,#10282,#10283);
#10281 = CARTESIAN_POINT('',(25.375731366546,30.920418134509,58.1));
#10282 = DIRECTION('',(-0.,-0.,-1.));
#10283 = DIRECTION('',(1.,0.,0.));
#10284 = DEFINITIONAL_REPRESENTATION('',(#10285),#10289);
#10285 = LINE('',#10286,#10287);
#10286 = CARTESIAN_POINT('',(-6.28318530718,-5.E-02));
#10287 = VECTOR('',#10288,1.);
#10288 = DIRECTION('',(1.,-0.));
#10289 = ( GEOMETRIC_REPRESENTATION_CONTEXT(2)
PARAMETRIC_REPRESENTATION_CONTEXT() REPRESENTATION_CONTEXT('2D SPACE',''
  ) );
#10290 = FACE_BOUND('',#10291,.F.);
#10291 = EDGE_LOOP('',(#10292));
#10292 = ORIENTED_EDGE('',*,*,#10293,.T.);
#10293 = EDGE_CURVE('',#10294,#10294,#10296,.T.);
#10294 = VERTEX_POINT('',#10295);
#10295 = CARTESIAN_POINT('',(29.784271247462,28.284271247462,58.15));
#10296 = SURFACE_CURVE('',#10297,(#10302,#10313),.PCURVE_S1.);
#10297 = CIRCLE('',#10298,1.5);
#10298 = AXIS2_PLACEMENT_3D('',#10299,#10300,#10301);
#10299 = CARTESIAN_POINT('',(28.284271247462,28.284271247462,58.15));
#10300 = DIRECTION('',(0.,0.,-1.));
#10301 = DIRECTION('',(1.,0.,0.));
#10302 = PCURVE('',#7649,#10303);
#10303 = DEFINITIONAL_REPRESENTATION('',(#10304),#10312);
#10304 = ( BOUNDED_CURVE() B_SPLINE_CURVE(2,(#10305,#10306,#10307,#10308
    ,#10309,#10310,#10311),.UNSPECIFIED.,.T.,.F.)
B_SPLINE_CURVE_WITH_KNOTS((1,2,2,2,2,1),(-2.094395102393,0.,
    2.094395102393,4.188790204786,6.28318530718,8.377580409573),
.UNSPECIFIED.) CURVE() GEOMETRIC_REPRESENTATION_ITEM()
RATIONAL_B_SPLINE_CURVE((1.,0.5,1.,0.5,1.,0.5,1.)) REPRESENTATION_ITEM(
  '') );
#10305 = CARTESIAN_POINT('',(29.784271247462,28.284271247462));
#10306 = CARTESIAN_POINT('',(29.784271247462,25.686195036109));
#10307 = CARTESIAN_POINT('',(27.534271247462,26.985233141785));
#10308 = CARTESIAN_POINT('',(25.284271247462,28.284271247462));
#10309 = CARTESIAN_POINT('',(27.534271247462,29.583309353139));
#10310 = CARTESIAN_POINT('',(29.784271247462,30.882347458815));
#10311 = CARTESIAN_POINT('',(29.784271247462,28.284271247462));
#10312 = ( GEOMETRIC_REPRESENTATION_CONTEXT(2)
PARAMETRIC_REPRESENTATION_CONTEXT() REPRESENTATION_CONTEXT('2D SPACE',''
  ) );
#10313 = PCURVE('',#10314,#10319);
#10314 = CYLINDRICAL_SURFACE('',#10315,1.5);
#10315 = AXIS2_PLACEMENT_3D('',#10316,#10317,#10318);
#10316 = CARTESIAN_POINT('',(28.284271247462,28.284271247462,58.1));
#10317 = DIRECTION('',(-0.,-0.,-1.));
#10318 = DIRECTION('',(1.,0.,0.));
#10319 = DEFINITIONAL_REPRESENTATION('',(#10320),#10324);
#10320 = LINE('',#10321,#10322);
#10321 = CARTESIAN_POINT('',(-6.28318530718,-5.E-02));
#10322 = VECTOR('',#10323,1.);
#10323 = DIRECTION('',(1.,-0.));
#10324 = ( GEOMETRIC_REPRESENTATION_CONTEXT(2)
PARAMETRIC_REPRESENTATION_CONTEXT() REPRESENTATION_CONTEXT('2D SPACE',''
  ) );
#10325 = FACE_BOUND('',#10326,.F.);
#10326 = EDGE_LOOP('',(#10327));
#10327 = ORIENTED_EDGE('',*,*,#10328,.T.);
#10328 = EDGE_CURVE('',#10329,#10329,#10331,.T.);
#10329 = VERTEX_POINT('',#10330);
#10330 = CARTESIAN_POINT('',(34.758784492102,22.222809320784,58.15));
#10331 = SURFACE_CURVE('',#10332,(#10337,#10348),.PCURVE_S1.);
#10332 = CIRCLE('',#10333,1.5);
#10333 = AXIS2_PLACEMENT_3D('',#10334,#10335,#10336);
#10334 = CARTESIAN_POINT('',(33.258784492102,22.222809320784,58.15));
#10335 = DIRECTION('',(0.,0.,-1.));
#10336 = DIRECTION('',(1.,0.,0.));
#10337 = PCURVE('',#7649,#10338);
#10338 = DEFINITIONAL_REPRESENTATION('',(#10339),#10347);
#10339 = ( BOUNDED_CURVE() B_SPLINE_CURVE(2,(#10340,#10341,#10342,#10343
    ,#10344,#10345,#10346),.UNSPECIFIED.,.T.,.F.)
B_SPLINE_CURVE_WITH_KNOTS((1,2,2,2,2,1),(-2.094395102393,0.,
    2.094395102393,4.188790204786,6.28318530718,8.377580409573),
.UNSPECIFIED.) CURVE() GEOMETRIC_REPRESENTATION_ITEM()
RATIONAL_B_SPLINE_CURVE((1.,0.5,1.,0.5,1.,0.5,1.)) REPRESENTATION_ITEM(
  '') );
#10340 = CARTESIAN_POINT('',(34.758784492102,22.222809320784));
#10341 = CARTESIAN_POINT('',(34.758784492102,19.624733109431));
#10342 = CARTESIAN_POINT('',(32.508784492102,20.923771215107));
#10343 = CARTESIAN_POINT('',(30.258784492102,22.222809320784));
#10344 = CARTESIAN_POINT('',(32.508784492102,23.521847426461));
#10345 = CARTESIAN_POINT('',(34.758784492102,24.820885532137));
#10346 = CARTESIAN_POINT('',(34.758784492102,22.222809320784));
#10347 = ( GEOMETRIC_REPRESENTATION_CONTEXT(2)
PARAMETRIC_REPRESENTATION_CONTEXT() REPRESENTATION_CONTEXT('2D SPACE',''
  ) );
#10348 = PCURVE('',#10349,#10354);
#10349 = CYLINDRICAL_SURFACE('',#10350,1.5);
#10350 = AXIS2_PLACEMENT_3D('',#10351,#10352,#10353);
#10351 = CARTESIAN_POINT('',(33.258784492102,22.222809320784,58.1));
#10352 = DIRECTION('',(-0.,-0.,-1.));
#10353 = DIRECTION('',(1.,0.,0.));
#10354 = DEFINITIONAL_REPRESENTATION('',(#10355),#10359);
#10355 = LINE('',#10356,#10357);
#10356 = CARTESIAN_POINT('',(-6.28318530718,-5.E-02));
#10357 = VECTOR('',#10358,1.);
#10358 = DIRECTION('',(1.,-0.));
#10359 = ( GEOMETRIC_REPRESENTATION_CONTEXT(2)
PARAMETRIC_REPRESENTATION_CONTEXT() REPRESENTATION_CONTEXT('2D SPACE',''
  ) );
#10360 = FACE_BOUND('',#10361,.F.);
#10361 = EDGE_LOOP('',(#10362));
#10362 = ORIENTED_EDGE('',*,*,#10363,.T.);
#10363 = EDGE_CURVE('',#10364,#10364,#10366,.T.);
#10364 = VERTEX_POINT('',#10365);
#10365 = CARTESIAN_POINT('',(23.722809320784,33.258784492102,58.15));
#10366 = SURFACE_CURVE('',#10367,(#10372,#10383),.PCURVE_S1.);
#10367 = CIRCLE('',#10368,1.5);
#10368 = AXIS2_PLACEMENT_3D('',#10369,#10370,#10371);
#10369 = CARTESIAN_POINT('',(22.222809320784,33.258784492102,58.15));
#10370 = DIRECTION('',(0.,0.,-1.));
#10371 = DIRECTION('',(1.,0.,0.));
#10372 = PCURVE('',#7649,#10373);
#10373 = DEFINITIONAL_REPRESENTATION('',(#10374),#10382);
#10374 = ( BOUNDED_CURVE() B_SPLINE_CURVE(2,(#10375,#10376,#10377,#10378
    ,#10379,#10380,#10381),.UNSPECIFIED.,.T.,.F.)
B_SPLINE_CURVE_WITH_KNOTS((1,2,2,2,2,1),(-2.094395102393,0.,
    2.094395102393,4.188790204786,6.28318530718,8.377580409573),
.UNSPECIFIED.) CURVE() GEOMETRIC_REPRESENTATION_ITEM()
RATIONAL_B_SPLINE_CURVE((1.,0.5,1.,0.5,1.,0.5,1.)) REPRESENTATION_ITEM(
  '') );
#10375 = CARTESIAN_POINT('',(23.722809320784,33.258784492102));
#10376 = CARTESIAN_POINT('',(23.722809320784,30.660708280748));
#10377 = CARTESIAN_POINT('',(21.472809320784,31.959746386425));
#10378 = CARTESIAN_POINT('',(19.222809320784,33.258784492102));
#10379 = CARTESIAN_POINT('',(21.472809320784,34.557822597778));
#10380 = CARTESIAN_POINT('',(23.722809320784,35.856860703455));
#10381 = CARTESIAN_POINT('',(23.722809320784,33.258784492102));
#10382 = ( GEOMETRIC_REPRESENTATION_CONTEXT(2)
PARAMETRIC_REPRESENTATION_CONTEXT() REPRESENTATION_CONTEXT('2D SPACE',''
  ) );
#10383 = PCURVE('',#10384,#10389);
#10384 = CYLINDRICAL_SURFACE('',#10385,1.5);
#10385 = AXIS2_PLACEMENT_3D('',#10386,#10387,#10388);
#10386 = CARTESIAN_POINT('',(22.222809320784,33.258784492102,58.1));
#10387 = DIRECTION('',(-0.,-0.,-1.));
#10388 = DIRECTION('',(1.,0.,0.));
#10389 = DEFINITIONAL_REPRESENTATION('',(#10390),#10394);
#10390 = LINE('',#10391,#10392);
#10391 = CARTESIAN_POINT('',(-6.28318530718,-5.E-02));
#10392 = VECTOR('',#10393,1.);
#10393 = DIRECTION('',(1.,-0.));
#10394 = ( GEOMETRIC_REPRESENTATION_CONTEXT(2)
PARAMETRIC_REPRESENTATION_CONTEXT() REPRESENTATION_CONTEXT('2D SPACE',''
  ) );
#10395 = ADVANCED_FACE('',(#10396,#10399,#10429,#10459,#10489,#10519,
    #10549,#10579,#10609,#10639,#10669,#10699,#10729,#10759,#10789,
    #10819,#10849,#10879,#10973,#11003,#11033,#11063,#11093,#11123,
    #11153,#11183,#11213,#11243,#11273,#11367,#11397,#11427,#11457,
    #11487,#11517,#11547,#11577,#11607,#11637,#11667,#11697,#11791,
    #11821,#11851,#11881,#11911,#11941,#11971,#12001,#12031,#12061,
    #12091,#12121,#12215,#12245,#12275,#12305,#12335,#12365,#12395,
    #12425,#12455,#12485,#12515,#12545,#12575,#12605,#12635,#12665,
    #12695),#7621,.T.);
#10396 = FACE_BOUND('',#10397,.T.);
#10397 = EDGE_LOOP('',(#10398));
#10398 = ORIENTED_EDGE('',*,*,#7606,.T.);
#10399 = FACE_BOUND('',#10400,.T.);
#10400 = EDGE_LOOP('',(#10401));
#10401 = ORIENTED_EDGE('',*,*,#10402,.T.);
#10402 = EDGE_CURVE('',#10403,#10403,#10405,.T.);
#10403 = VERTEX_POINT('',#10404);
#10404 = CARTESIAN_POINT('',(-20.72280932078,-33.2587844921,60.3));
#10405 = SURFACE_CURVE('',#10406,(#10411,#10422),.PCURVE_S1.);
#10406 = CIRCLE('',#10407,1.5);
#10407 = AXIS2_PLACEMENT_3D('',#10408,#10409,#10410);
#10408 = CARTESIAN_POINT('',(-22.22280932078,-33.2587844921,60.3));
#10409 = DIRECTION('',(0.,0.,-1.));
#10410 = DIRECTION('',(1.,0.,0.));
#10411 = PCURVE('',#7621,#10412);
#10412 = DEFINITIONAL_REPRESENTATION('',(#10413),#10421);
#10413 = ( BOUNDED_CURVE() B_SPLINE_CURVE(2,(#10414,#10415,#10416,#10417
    ,#10418,#10419,#10420),.UNSPECIFIED.,.T.,.F.)
B_SPLINE_CURVE_WITH_KNOTS((1,2,2,2,2,1),(-2.094395102393,0.,
    2.094395102393,4.188790204786,6.28318530718,8.377580409573),
.UNSPECIFIED.) CURVE() GEOMETRIC_REPRESENTATION_ITEM()
RATIONAL_B_SPLINE_CURVE((1.,0.5,1.,0.5,1.,0.5,1.)) REPRESENTATION_ITEM(
  '') );
#10414 = CARTESIAN_POINT('',(-20.72280932078,-33.2587844921));
#10415 = CARTESIAN_POINT('',(-20.72280932078,-35.85686070345));
#10416 = CARTESIAN_POINT('',(-22.97280932078,-34.55782259777));
#10417 = CARTESIAN_POINT('',(-25.22280932078,-33.2587844921));
#10418 = CARTESIAN_POINT('',(-22.97280932078,-31.95974638642));
#10419 = CARTESIAN_POINT('',(-20.72280932078,-30.66070828074));
#10420 = CARTESIAN_POINT('',(-20.72280932078,-33.2587844921));
#10421 = ( GEOMETRIC_REPRESENTATION_CONTEXT(2)
PARAMETRIC_REPRESENTATION_CONTEXT() REPRESENTATION_CONTEXT('2D SPACE',''
  ) );
#10422 = PCURVE('',#7688,#10423);
#10423 = DEFINITIONAL_REPRESENTATION('',(#10424),#10428);
#10424 = LINE('',#10425,#10426);
#10425 = CARTESIAN_POINT('',(-6.28318530718,-2.2));
#10426 = VECTOR('',#10427,1.);
#10427 = DIRECTION('',(1.,-0.));
#10428 = ( GEOMETRIC_REPRESENTATION_CONTEXT(2)
PARAMETRIC_REPRESENTATION_CONTEXT() REPRESENTATION_CONTEXT('2D SPACE',''
  ) );
#10429 = FACE_BOUND('',#10430,.T.);
#10430 = EDGE_LOOP('',(#10431));
#10431 = ORIENTED_EDGE('',*,*,#10432,.T.);
#10432 = EDGE_CURVE('',#10433,#10433,#10435,.T.);
#10433 = VERTEX_POINT('',#10434);
#10434 = CARTESIAN_POINT('',(-31.7587844921,-22.22280932078,60.3));
#10435 = SURFACE_CURVE('',#10436,(#10441,#10452),.PCURVE_S1.);
#10436 = CIRCLE('',#10437,1.5);
#10437 = AXIS2_PLACEMENT_3D('',#10438,#10439,#10440);
#10438 = CARTESIAN_POINT('',(-33.2587844921,-22.22280932078,60.3));
#10439 = DIRECTION('',(0.,0.,-1.));
#10440 = DIRECTION('',(1.,0.,0.));
#10441 = PCURVE('',#7621,#10442);
#10442 = DEFINITIONAL_REPRESENTATION('',(#10443),#10451);
#10443 = ( BOUNDED_CURVE() B_SPLINE_CURVE(2,(#10444,#10445,#10446,#10447
    ,#10448,#10449,#10450),.UNSPECIFIED.,.T.,.F.)
B_SPLINE_CURVE_WITH_KNOTS((1,2,2,2,2,1),(-2.094395102393,0.,
    2.094395102393,4.188790204786,6.28318530718,8.377580409573),
.UNSPECIFIED.) CURVE() GEOMETRIC_REPRESENTATION_ITEM()
RATIONAL_B_SPLINE_CURVE((1.,0.5,1.,0.5,1.,0.5,1.)) REPRESENTATION_ITEM(
  '') );
#10444 = CARTESIAN_POINT('',(-31.7587844921,-22.22280932078));
#10445 = CARTESIAN_POINT('',(-31.7587844921,-24.82088553213));
#10446 = CARTESIAN_POINT('',(-34.0087844921,-23.52184742646));
#10447 = CARTESIAN_POINT('',(-36.2587844921,-22.22280932078));
#10448 = CARTESIAN_POINT('',(-34.0087844921,-20.9237712151));
#10449 = CARTESIAN_POINT('',(-31.7587844921,-19.62473310943));
#10450 = CARTESIAN_POINT('',(-31.7587844921,-22.22280932078));
#10451 = ( GEOMETRIC_REPRESENTATION_CONTEXT(2)
PARAMETRIC_REPRESENTATION_CONTEXT() REPRESENTATION_CONTEXT('2D SPACE',''
  ) );
#10452 = PCURVE('',#7723,#10453);
#10453 = DEFINITIONAL_REPRESENTATION('',(#10454),#10458);
#10454 = LINE('',#10455,#10456);
#10455 = CARTESIAN_POINT('',(-6.28318530718,-2.2));
#10456 = VECTOR('',#10457,1.);
#10457 = DIRECTION('',(1.,-0.));
#10458 = ( GEOMETRIC_REPRESENTATION_CONTEXT(2)
PARAMETRIC_REPRESENTATION_CONTEXT() REPRESENTATION_CONTEXT('2D SPACE',''
  ) );
#10459 = FACE_BOUND('',#10460,.T.);
#10460 = EDGE_LOOP('',(#10461));
#10461 = ORIENTED_EDGE('',*,*,#10462,.T.);
#10462 = EDGE_CURVE('',#10463,#10463,#10465,.T.);
#10463 = VERTEX_POINT('',#10464);
#10464 = CARTESIAN_POINT('',(-26.78427124746,-28.28427124746,60.3));
#10465 = SURFACE_CURVE('',#10466,(#10471,#10482),.PCURVE_S1.);
#10466 = CIRCLE('',#10467,1.5);
#10467 = AXIS2_PLACEMENT_3D('',#10468,#10469,#10470);
#10468 = CARTESIAN_POINT('',(-28.28427124746,-28.28427124746,60.3));
#10469 = DIRECTION('',(0.,0.,-1.));
#10470 = DIRECTION('',(1.,0.,0.));
#10471 = PCURVE('',#7621,#10472);
#10472 = DEFINITIONAL_REPRESENTATION('',(#10473),#10481);
#10473 = ( BOUNDED_CURVE() B_SPLINE_CURVE(2,(#10474,#10475,#10476,#10477
    ,#10478,#10479,#10480),.UNSPECIFIED.,.T.,.F.)
B_SPLINE_CURVE_WITH_KNOTS((1,2,2,2,2,1),(-2.094395102393,0.,
    2.094395102393,4.188790204786,6.28318530718,8.377580409573),
.UNSPECIFIED.) CURVE() GEOMETRIC_REPRESENTATION_ITEM()
RATIONAL_B_SPLINE_CURVE((1.,0.5,1.,0.5,1.,0.5,1.)) REPRESENTATION_ITEM(
  '') );
#10474 = CARTESIAN_POINT('',(-26.78427124746,-28.28427124746));
#10475 = CARTESIAN_POINT('',(-26.78427124746,-30.88234745881));
#10476 = CARTESIAN_POINT('',(-29.03427124746,-29.58330935313));
#10477 = CARTESIAN_POINT('',(-31.28427124746,-28.28427124746));
#10478 = CARTESIAN_POINT('',(-29.03427124746,-26.98523314178));
#10479 = CARTESIAN_POINT('',(-26.78427124746,-25.6861950361));
#10480 = CARTESIAN_POINT('',(-26.78427124746,-28.28427124746));
#10481 = ( GEOMETRIC_REPRESENTATION_CONTEXT(2)
PARAMETRIC_REPRESENTATION_CONTEXT() REPRESENTATION_CONTEXT('2D SPACE',''
  ) );
#10482 = PCURVE('',#7758,#10483);
#10483 = DEFINITIONAL_REPRESENTATION('',(#10484),#10488);
#10484 = LINE('',#10485,#10486);
#10485 = CARTESIAN_POINT('',(-6.28318530718,-2.2));
#10486 = VECTOR('',#10487,1.);
#10487 = DIRECTION('',(1.,-0.));
#10488 = ( GEOMETRIC_REPRESENTATION_CONTEXT(2)
PARAMETRIC_REPRESENTATION_CONTEXT() REPRESENTATION_CONTEXT('2D SPACE',''
  ) );
#10489 = FACE_BOUND('',#10490,.T.);
#10490 = EDGE_LOOP('',(#10491));
#10491 = ORIENTED_EDGE('',*,*,#10492,.T.);
#10492 = EDGE_CURVE('',#10493,#10493,#10495,.T.);
#10493 = VERTEX_POINT('',#10494);
#10494 = CARTESIAN_POINT('',(-23.87573136654,-30.9204181345,60.3));
#10495 = SURFACE_CURVE('',#10496,(#10501,#10512),.PCURVE_S1.);
#10496 = CIRCLE('',#10497,1.5);
#10497 = AXIS2_PLACEMENT_3D('',#10498,#10499,#10500);
#10498 = CARTESIAN_POINT('',(-25.37573136654,-30.9204181345,60.3));
#10499 = DIRECTION('',(0.,0.,-1.));
#10500 = DIRECTION('',(1.,0.,0.));
#10501 = PCURVE('',#7621,#10502);
#10502 = DEFINITIONAL_REPRESENTATION('',(#10503),#10511);
#10503 = ( BOUNDED_CURVE() B_SPLINE_CURVE(2,(#10504,#10505,#10506,#10507
    ,#10508,#10509,#10510),.UNSPECIFIED.,.T.,.F.)
B_SPLINE_CURVE_WITH_KNOTS((1,2,2,2,2,1),(-2.094395102393,0.,
    2.094395102393,4.188790204786,6.28318530718,8.377580409573),
.UNSPECIFIED.) CURVE() GEOMETRIC_REPRESENTATION_ITEM()
RATIONAL_B_SPLINE_CURVE((1.,0.5,1.,0.5,1.,0.5,1.)) REPRESENTATION_ITEM(
  '') );
#10504 = CARTESIAN_POINT('',(-23.87573136654,-30.9204181345));
#10505 = CARTESIAN_POINT('',(-23.87573136654,-33.51849434586));
#10506 = CARTESIAN_POINT('',(-26.12573136654,-32.21945624018));
#10507 = CARTESIAN_POINT('',(-28.37573136654,-30.9204181345));
#10508 = CARTESIAN_POINT('',(-26.12573136654,-29.62138002883));
#10509 = CARTESIAN_POINT('',(-23.87573136654,-28.32234192315));
#10510 = CARTESIAN_POINT('',(-23.87573136654,-30.9204181345));
#10511 = ( GEOMETRIC_REPRESENTATION_CONTEXT(2)
PARAMETRIC_REPRESENTATION_CONTEXT() REPRESENTATION_CONTEXT('2D SPACE',''
  ) );
#10512 = PCURVE('',#7793,#10513);
#10513 = DEFINITIONAL_REPRESENTATION('',(#10514),#10518);
#10514 = LINE('',#10515,#10516);
#10515 = CARTESIAN_POINT('',(-6.28318530718,-2.2));
#10516 = VECTOR('',#10517,1.);
#10517 = DIRECTION('',(1.,-0.));
#10518 = ( GEOMETRIC_REPRESENTATION_CONTEXT(2)
PARAMETRIC_REPRESENTATION_CONTEXT() REPRESENTATION_CONTEXT('2D SPACE',''
  ) );
#10519 = FACE_BOUND('',#10520,.T.);
#10520 = EDGE_LOOP('',(#10521));
#10521 = ORIENTED_EDGE('',*,*,#10522,.T.);
#10522 = EDGE_CURVE('',#10523,#10523,#10525,.T.);
#10523 = VERTEX_POINT('',#10524);
#10524 = CARTESIAN_POINT('',(-29.4204181345,-25.37573136654,60.3));
#10525 = SURFACE_CURVE('',#10526,(#10531,#10542),.PCURVE_S1.);
#10526 = CIRCLE('',#10527,1.5);
#10527 = AXIS2_PLACEMENT_3D('',#10528,#10529,#10530);
#10528 = CARTESIAN_POINT('',(-30.9204181345,-25.37573136654,60.3));
#10529 = DIRECTION('',(0.,0.,-1.));
#10530 = DIRECTION('',(1.,0.,0.));
#10531 = PCURVE('',#7621,#10532);
#10532 = DEFINITIONAL_REPRESENTATION('',(#10533),#10541);
#10533 = ( BOUNDED_CURVE() B_SPLINE_CURVE(2,(#10534,#10535,#10536,#10537
    ,#10538,#10539,#10540),.UNSPECIFIED.,.T.,.F.)
B_SPLINE_CURVE_WITH_KNOTS((1,2,2,2,2,1),(-2.094395102393,0.,
    2.094395102393,4.188790204786,6.28318530718,8.377580409573),
.UNSPECIFIED.) CURVE() GEOMETRIC_REPRESENTATION_ITEM()
RATIONAL_B_SPLINE_CURVE((1.,0.5,1.,0.5,1.,0.5,1.)) REPRESENTATION_ITEM(
  '') );
#10534 = CARTESIAN_POINT('',(-29.4204181345,-25.37573136654));
#10535 = CARTESIAN_POINT('',(-29.4204181345,-27.97380757789));
#10536 = CARTESIAN_POINT('',(-31.6704181345,-26.67476947222));
#10537 = CARTESIAN_POINT('',(-33.9204181345,-25.37573136654));
#10538 = CARTESIAN_POINT('',(-31.6704181345,-24.07669326086));
#10539 = CARTESIAN_POINT('',(-29.4204181345,-22.77765515519));
#10540 = CARTESIAN_POINT('',(-29.4204181345,-25.37573136654));
#10541 = ( GEOMETRIC_REPRESENTATION_CONTEXT(2)
PARAMETRIC_REPRESENTATION_CONTEXT() REPRESENTATION_CONTEXT('2D SPACE',''
  ) );
#10542 = PCURVE('',#7828,#10543);
#10543 = DEFINITIONAL_REPRESENTATION('',(#10544),#10548);
#10544 = LINE('',#10545,#10546);
#10545 = CARTESIAN_POINT('',(-6.28318530718,-2.2));
#10546 = VECTOR('',#10547,1.);
#10547 = DIRECTION('',(1.,-0.));
#10548 = ( GEOMETRIC_REPRESENTATION_CONTEXT(2)
PARAMETRIC_REPRESENTATION_CONTEXT() REPRESENTATION_CONTEXT('2D SPACE',''
  ) );
#10549 = FACE_BOUND('',#10550,.T.);
#10550 = EDGE_LOOP('',(#10551));
#10551 = ORIENTED_EDGE('',*,*,#10552,.T.);
#10552 = EDGE_CURVE('',#10553,#10553,#10555,.T.);
#10553 = VERTEX_POINT('',#10554);
#10554 = CARTESIAN_POINT('',(-13.8073372946,-36.95518130045,60.3));
#10555 = SURFACE_CURVE('',#10556,(#10561,#10572),.PCURVE_S1.);
#10556 = CIRCLE('',#10557,1.5);
#10557 = AXIS2_PLACEMENT_3D('',#10558,#10559,#10560);
#10558 = CARTESIAN_POINT('',(-15.3073372946,-36.95518130045,60.3));
#10559 = DIRECTION('',(0.,0.,-1.));
#10560 = DIRECTION('',(1.,0.,0.));
#10561 = PCURVE('',#7621,#10562);
#10562 = DEFINITIONAL_REPRESENTATION('',(#10563),#10571);
#10563 = ( BOUNDED_CURVE() B_SPLINE_CURVE(2,(#10564,#10565,#10566,#10567
    ,#10568,#10569,#10570),.UNSPECIFIED.,.T.,.F.)
B_SPLINE_CURVE_WITH_KNOTS((1,2,2,2,2,1),(-2.094395102393,0.,
    2.094395102393,4.188790204786,6.28318530718,8.377580409573),
.UNSPECIFIED.) CURVE() GEOMETRIC_REPRESENTATION_ITEM()
RATIONAL_B_SPLINE_CURVE((1.,0.5,1.,0.5,1.,0.5,1.)) REPRESENTATION_ITEM(
  '') );
#10564 = CARTESIAN_POINT('',(-13.8073372946,-36.95518130045));
#10565 = CARTESIAN_POINT('',(-13.8073372946,-39.5532575118));
#10566 = CARTESIAN_POINT('',(-16.0573372946,-38.25421940612));
#10567 = CARTESIAN_POINT('',(-18.3073372946,-36.95518130045));
#10568 = CARTESIAN_POINT('',(-16.0573372946,-35.65614319477));
#10569 = CARTESIAN_POINT('',(-13.8073372946,-34.35710508909));
#10570 = CARTESIAN_POINT('',(-13.8073372946,-36.95518130045));
#10571 = ( GEOMETRIC_REPRESENTATION_CONTEXT(2)
PARAMETRIC_REPRESENTATION_CONTEXT() REPRESENTATION_CONTEXT('2D SPACE',''
  ) );
#10572 = PCURVE('',#7863,#10573);
#10573 = DEFINITIONAL_REPRESENTATION('',(#10574),#10578);
#10574 = LINE('',#10575,#10576);
#10575 = CARTESIAN_POINT('',(-6.28318530718,-2.2));
#10576 = VECTOR('',#10577,1.);
#10577 = DIRECTION('',(1.,-0.));
#10578 = ( GEOMETRIC_REPRESENTATION_CONTEXT(2)
PARAMETRIC_REPRESENTATION_CONTEXT() REPRESENTATION_CONTEXT('2D SPACE',''
  ) );
#10579 = FACE_BOUND('',#10580,.T.);
#10580 = EDGE_LOOP('',(#10581));
#10581 = ORIENTED_EDGE('',*,*,#10582,.T.);
#10582 = EDGE_CURVE('',#10583,#10583,#10585,.T.);
#10583 = VERTEX_POINT('',#10584);
#10584 = CARTESIAN_POINT('',(-10.11138709017,-38.27761342928,60.3));
#10585 = SURFACE_CURVE('',#10586,(#10591,#10602),.PCURVE_S1.);
#10586 = CIRCLE('',#10587,1.5);
#10587 = AXIS2_PLACEMENT_3D('',#10588,#10589,#10590);
#10588 = CARTESIAN_POINT('',(-11.61138709017,-38.27761342928,60.3));
#10589 = DIRECTION('',(0.,0.,-1.));
#10590 = DIRECTION('',(1.,0.,0.));
#10591 = PCURVE('',#7621,#10592);
#10592 = DEFINITIONAL_REPRESENTATION('',(#10593),#10601);
#10593 = ( BOUNDED_CURVE() B_SPLINE_CURVE(2,(#10594,#10595,#10596,#10597
    ,#10598,#10599,#10600),.UNSPECIFIED.,.T.,.F.)
B_SPLINE_CURVE_WITH_KNOTS((1,2,2,2,2,1),(-2.094395102393,0.,
    2.094395102393,4.188790204786,6.28318530718,8.377580409573),
.UNSPECIFIED.) CURVE() GEOMETRIC_REPRESENTATION_ITEM()
RATIONAL_B_SPLINE_CURVE((1.,0.5,1.,0.5,1.,0.5,1.)) REPRESENTATION_ITEM(
  '') );
#10594 = CARTESIAN_POINT('',(-10.11138709017,-38.27761342928));
#10595 = CARTESIAN_POINT('',(-10.11138709017,-40.87568964064));
#10596 = CARTESIAN_POINT('',(-12.36138709017,-39.57665153496));
#10597 = CARTESIAN_POINT('',(-14.61138709017,-38.27761342928));
#10598 = CARTESIAN_POINT('',(-12.36138709017,-36.97857532361));
#10599 = CARTESIAN_POINT('',(-10.11138709017,-35.67953721793));
#10600 = CARTESIAN_POINT('',(-10.11138709017,-38.27761342928));
#10601 = ( GEOMETRIC_REPRESENTATION_CONTEXT(2)
PARAMETRIC_REPRESENTATION_CONTEXT() REPRESENTATION_CONTEXT('2D SPACE',''
  ) );
#10602 = PCURVE('',#7898,#10603);
#10603 = DEFINITIONAL_REPRESENTATION('',(#10604),#10608);
#10604 = LINE('',#10605,#10606);
#10605 = CARTESIAN_POINT('',(-6.28318530718,-2.2));
#10606 = VECTOR('',#10607,1.);
#10607 = DIRECTION('',(1.,-0.));
#10608 = ( GEOMETRIC_REPRESENTATION_CONTEXT(2)
PARAMETRIC_REPRESENTATION_CONTEXT() REPRESENTATION_CONTEXT('2D SPACE',''
  ) );
#10609 = FACE_BOUND('',#10610,.T.);
#10610 = EDGE_LOOP('',(#10611));
#10611 = ORIENTED_EDGE('',*,*,#10612,.T.);
#10612 = EDGE_CURVE('',#10613,#10613,#10615,.T.);
#10613 = VERTEX_POINT('',#10614);
#10614 = CARTESIAN_POINT('',(-17.35586947304,-35.27685057393,60.3));
#10615 = SURFACE_CURVE('',#10616,(#10621,#10632),.PCURVE_S1.);
#10616 = CIRCLE('',#10617,1.5);
#10617 = AXIS2_PLACEMENT_3D('',#10618,#10619,#10620);
#10618 = CARTESIAN_POINT('',(-18.85586947304,-35.27685057393,60.3));
#10619 = DIRECTION('',(0.,0.,-1.));
#10620 = DIRECTION('',(1.,0.,0.));
#10621 = PCURVE('',#7621,#10622);
#10622 = DEFINITIONAL_REPRESENTATION('',(#10623),#10631);
#10623 = ( BOUNDED_CURVE() B_SPLINE_CURVE(2,(#10624,#10625,#10626,#10627
    ,#10628,#10629,#10630),.UNSPECIFIED.,.T.,.F.)
B_SPLINE_CURVE_WITH_KNOTS((1,2,2,2,2,1),(-2.094395102393,0.,
    2.094395102393,4.188790204786,6.28318530718,8.377580409573),
.UNSPECIFIED.) CURVE() GEOMETRIC_REPRESENTATION_ITEM()
RATIONAL_B_SPLINE_CURVE((1.,0.5,1.,0.5,1.,0.5,1.)) REPRESENTATION_ITEM(
  '') );
#10624 = CARTESIAN_POINT('',(-17.35586947304,-35.27685057393));
#10625 = CARTESIAN_POINT('',(-17.35586947304,-37.87492678528));
#10626 = CARTESIAN_POINT('',(-19.60586947304,-36.57588867961));
#10627 = CARTESIAN_POINT('',(-21.85586947304,-35.27685057393));
#10628 = CARTESIAN_POINT('',(-19.60586947304,-33.97781246825));
#10629 = CARTESIAN_POINT('',(-17.35586947304,-32.67877436258));
#10630 = CARTESIAN_POINT('',(-17.35586947304,-35.27685057393));
#10631 = ( GEOMETRIC_REPRESENTATION_CONTEXT(2)
PARAMETRIC_REPRESENTATION_CONTEXT() REPRESENTATION_CONTEXT('2D SPACE',''
  ) );
#10632 = PCURVE('',#7933,#10633);
#10633 = DEFINITIONAL_REPRESENTATION('',(#10634),#10638);
#10634 = LINE('',#10635,#10636);
#10635 = CARTESIAN_POINT('',(-6.28318530718,-2.2));
#10636 = VECTOR('',#10637,1.);
#10637 = DIRECTION('',(1.,-0.));
#10638 = ( GEOMETRIC_REPRESENTATION_CONTEXT(2)
PARAMETRIC_REPRESENTATION_CONTEXT() REPRESENTATION_CONTEXT('2D SPACE',''
  ) );
#10639 = FACE_BOUND('',#10640,.T.);
#10640 = EDGE_LOOP('',(#10641));
#10641 = ORIENTED_EDGE('',*,*,#10642,.T.);
#10642 = EDGE_CURVE('',#10643,#10643,#10645,.T.);
#10643 = VERTEX_POINT('',#10644);
#10644 = CARTESIAN_POINT('',(-6.303612880645,-39.23141121612,60.3));
#10645 = SURFACE_CURVE('',#10646,(#10651,#10662),.PCURVE_S1.);
#10646 = CIRCLE('',#10647,1.5);
#10647 = AXIS2_PLACEMENT_3D('',#10648,#10649,#10650);
#10648 = CARTESIAN_POINT('',(-7.803612880645,-39.23141121612,60.3));
#10649 = DIRECTION('',(0.,0.,-1.));
#10650 = DIRECTION('',(1.,0.,0.));
#10651 = PCURVE('',#7621,#10652);
#10652 = DEFINITIONAL_REPRESENTATION('',(#10653),#10661);
#10653 = ( BOUNDED_CURVE() B_SPLINE_CURVE(2,(#10654,#10655,#10656,#10657
    ,#10658,#10659,#10660),.UNSPECIFIED.,.T.,.F.)
B_SPLINE_CURVE_WITH_KNOTS((1,2,2,2,2,1),(-2.094395102393,0.,
    2.094395102393,4.188790204786,6.28318530718,8.377580409573),
.UNSPECIFIED.) CURVE() GEOMETRIC_REPRESENTATION_ITEM()
RATIONAL_B_SPLINE_CURVE((1.,0.5,1.,0.5,1.,0.5,1.)) REPRESENTATION_ITEM(
  '') );
#10654 = CARTESIAN_POINT('',(-6.303612880645,-39.23141121612));
#10655 = CARTESIAN_POINT('',(-6.303612880645,-41.82948742748));
#10656 = CARTESIAN_POINT('',(-8.553612880645,-40.5304493218));
#10657 = CARTESIAN_POINT('',(-10.80361288064,-39.23141121612));
#10658 = CARTESIAN_POINT('',(-8.553612880645,-37.93237311045));
#10659 = CARTESIAN_POINT('',(-6.303612880645,-36.63333500477));
#10660 = CARTESIAN_POINT('',(-6.303612880645,-39.23141121612));
#10661 = ( GEOMETRIC_REPRESENTATION_CONTEXT(2)
PARAMETRIC_REPRESENTATION_CONTEXT() REPRESENTATION_CONTEXT('2D SPACE',''
  ) );
#10662 = PCURVE('',#7968,#10663);
#10663 = DEFINITIONAL_REPRESENTATION('',(#10664),#10668);
#10664 = LINE('',#10665,#10666);
#10665 = CARTESIAN_POINT('',(-6.28318530718,-2.2));
#10666 = VECTOR('',#10667,1.);
#10667 = DIRECTION('',(1.,-0.));
#10668 = ( GEOMETRIC_REPRESENTATION_CONTEXT(2)
PARAMETRIC_REPRESENTATION_CONTEXT() REPRESENTATION_CONTEXT('2D SPACE',''
  ) );
#10669 = FACE_BOUND('',#10670,.T.);
#10670 = EDGE_LOOP('',(#10671));
#10671 = ORIENTED_EDGE('',*,*,#10672,.T.);
#10672 = EDGE_CURVE('',#10673,#10673,#10675,.T.);
#10673 = VERTEX_POINT('',#10674);
#10674 = CARTESIAN_POINT('',(-2.420685613182,-39.80738906688,60.3));
#10675 = SURFACE_CURVE('',#10676,(#10681,#10692),.PCURVE_S1.);
#10676 = CIRCLE('',#10677,1.5);
#10677 = AXIS2_PLACEMENT_3D('',#10678,#10679,#10680);
#10678 = CARTESIAN_POINT('',(-3.920685613182,-39.80738906688,60.3));
#10679 = DIRECTION('',(0.,0.,-1.));
#10680 = DIRECTION('',(1.,0.,0.));
#10681 = PCURVE('',#7621,#10682);
#10682 = DEFINITIONAL_REPRESENTATION('',(#10683),#10691);
#10683 = ( BOUNDED_CURVE() B_SPLINE_CURVE(2,(#10684,#10685,#10686,#10687
    ,#10688,#10689,#10690),.UNSPECIFIED.,.T.,.F.)
B_SPLINE_CURVE_WITH_KNOTS((1,2,2,2,2,1),(-2.094395102393,0.,
    2.094395102393,4.188790204786,6.28318530718,8.377580409573),
.UNSPECIFIED.) CURVE() GEOMETRIC_REPRESENTATION_ITEM()
RATIONAL_B_SPLINE_CURVE((1.,0.5,1.,0.5,1.,0.5,1.)) REPRESENTATION_ITEM(
  '') );
#10684 = CARTESIAN_POINT('',(-2.420685613182,-39.80738906688));
#10685 = CARTESIAN_POINT('',(-2.420685613182,-42.40546527824));
#10686 = CARTESIAN_POINT('',(-4.670685613182,-41.10642717256));
#10687 = CARTESIAN_POINT('',(-6.920685613182,-39.80738906688));
#10688 = CARTESIAN_POINT('',(-4.670685613182,-38.50835096121));
#10689 = CARTESIAN_POINT('',(-2.420685613182,-37.20931285553));
#10690 = CARTESIAN_POINT('',(-2.420685613182,-39.80738906688));
#10691 = ( GEOMETRIC_REPRESENTATION_CONTEXT(2)
PARAMETRIC_REPRESENTATION_CONTEXT() REPRESENTATION_CONTEXT('2D SPACE',''
  ) );
#10692 = PCURVE('',#8003,#10693);
#10693 = DEFINITIONAL_REPRESENTATION('',(#10694),#10698);
#10694 = LINE('',#10695,#10696);
#10695 = CARTESIAN_POINT('',(-6.28318530718,-2.2));
#10696 = VECTOR('',#10697,1.);
#10697 = DIRECTION('',(1.,-0.));
#10698 = ( GEOMETRIC_REPRESENTATION_CONTEXT(2)
PARAMETRIC_REPRESENTATION_CONTEXT() REPRESENTATION_CONTEXT('2D SPACE',''
  ) );
#10699 = FACE_BOUND('',#10700,.T.);
#10700 = EDGE_LOOP('',(#10701));
#10701 = ORIENTED_EDGE('',*,*,#10702,.T.);
#10702 = EDGE_CURVE('',#10703,#10703,#10705,.T.);
#10703 = VERTEX_POINT('',#10704);
#10704 = CARTESIAN_POINT('',(1.5,-40.,60.3));
#10705 = SURFACE_CURVE('',#10706,(#10711,#10722),.PCURVE_S1.);
#10706 = CIRCLE('',#10707,1.5);
#10707 = AXIS2_PLACEMENT_3D('',#10708,#10709,#10710);
#10708 = CARTESIAN_POINT('',(-7.347880794884E-15,-40.,60.3));
#10709 = DIRECTION('',(0.,0.,-1.));
#10710 = DIRECTION('',(1.,0.,0.));
#10711 = PCURVE('',#7621,#10712);
#10712 = DEFINITIONAL_REPRESENTATION('',(#10713),#10721);
#10713 = ( BOUNDED_CURVE() B_SPLINE_CURVE(2,(#10714,#10715,#10716,#10717
    ,#10718,#10719,#10720),.UNSPECIFIED.,.T.,.F.)
B_SPLINE_CURVE_WITH_KNOTS((1,2,2,2,2,1),(-2.094395102393,0.,
    2.094395102393,4.188790204786,6.28318530718,8.377580409573),
.UNSPECIFIED.) CURVE() GEOMETRIC_REPRESENTATION_ITEM()
RATIONAL_B_SPLINE_CURVE((1.,0.5,1.,0.5,1.,0.5,1.)) REPRESENTATION_ITEM(
  '') );
#10714 = CARTESIAN_POINT('',(1.5,-40.));
#10715 = CARTESIAN_POINT('',(1.5,-42.59807621135));
#10716 = CARTESIAN_POINT('',(-0.75,-41.29903810567));
#10717 = CARTESIAN_POINT('',(-3.,-40.));
#10718 = CARTESIAN_POINT('',(-0.75,-38.70096189432));
#10719 = CARTESIAN_POINT('',(1.5,-37.40192378864));
#10720 = CARTESIAN_POINT('',(1.5,-40.));
#10721 = ( GEOMETRIC_REPRESENTATION_CONTEXT(2)
PARAMETRIC_REPRESENTATION_CONTEXT() REPRESENTATION_CONTEXT('2D SPACE',''
  ) );
#10722 = PCURVE('',#8038,#10723);
#10723 = DEFINITIONAL_REPRESENTATION('',(#10724),#10728);
#10724 = LINE('',#10725,#10726);
#10725 = CARTESIAN_POINT('',(-6.28318530718,-2.2));
#10726 = VECTOR('',#10727,1.);
#10727 = DIRECTION('',(1.,-0.));
#10728 = ( GEOMETRIC_REPRESENTATION_CONTEXT(2)
PARAMETRIC_REPRESENTATION_CONTEXT() REPRESENTATION_CONTEXT('2D SPACE',''
  ) );
#10729 = FACE_BOUND('',#10730,.T.);
#10730 = EDGE_LOOP('',(#10731));
#10731 = ORIENTED_EDGE('',*,*,#10732,.T.);
#10732 = EDGE_CURVE('',#10733,#10733,#10735,.T.);
#10733 = VERTEX_POINT('',#10734);
#10734 = CARTESIAN_POINT('',(-33.77685057393,-18.85586947304,60.3));
#10735 = SURFACE_CURVE('',#10736,(#10741,#10752),.PCURVE_S1.);
#10736 = CIRCLE('',#10737,1.5);
#10737 = AXIS2_PLACEMENT_3D('',#10738,#10739,#10740);
#10738 = CARTESIAN_POINT('',(-35.27685057393,-18.85586947304,60.3));
#10739 = DIRECTION('',(0.,0.,-1.));
#10740 = DIRECTION('',(1.,0.,0.));
#10741 = PCURVE('',#7621,#10742);
#10742 = DEFINITIONAL_REPRESENTATION('',(#10743),#10751);
#10743 = ( BOUNDED_CURVE() B_SPLINE_CURVE(2,(#10744,#10745,#10746,#10747
    ,#10748,#10749,#10750),.UNSPECIFIED.,.T.,.F.)
B_SPLINE_CURVE_WITH_KNOTS((1,2,2,2,2,1),(-2.094395102393,0.,
    2.094395102393,4.188790204786,6.28318530718,8.377580409573),
.UNSPECIFIED.) CURVE() GEOMETRIC_REPRESENTATION_ITEM()
RATIONAL_B_SPLINE_CURVE((1.,0.5,1.,0.5,1.,0.5,1.)) REPRESENTATION_ITEM(
  '') );
#10744 = CARTESIAN_POINT('',(-33.77685057393,-18.85586947304));
#10745 = CARTESIAN_POINT('',(-33.77685057393,-21.45394568439));
#10746 = CARTESIAN_POINT('',(-36.02685057393,-20.15490757871));
#10747 = CARTESIAN_POINT('',(-38.27685057393,-18.85586947304));
#10748 = CARTESIAN_POINT('',(-36.02685057393,-17.55683136736));
#10749 = CARTESIAN_POINT('',(-33.77685057393,-16.25779326168));
#10750 = CARTESIAN_POINT('',(-33.77685057393,-18.85586947304));
#10751 = ( GEOMETRIC_REPRESENTATION_CONTEXT(2)
PARAMETRIC_REPRESENTATION_CONTEXT() REPRESENTATION_CONTEXT('2D SPACE',''
  ) );
#10752 = PCURVE('',#8073,#10753);
#10753 = DEFINITIONAL_REPRESENTATION('',(#10754),#10758);
#10754 = LINE('',#10755,#10756);
#10755 = CARTESIAN_POINT('',(-6.28318530718,-2.2));
#10756 = VECTOR('',#10757,1.);
#10757 = DIRECTION('',(1.,-0.));
#10758 = ( GEOMETRIC_REPRESENTATION_CONTEXT(2)
PARAMETRIC_REPRESENTATION_CONTEXT() REPRESENTATION_CONTEXT('2D SPACE',''
  ) );
#10759 = FACE_BOUND('',#10760,.T.);
#10760 = EDGE_LOOP('',(#10761));
#10761 = ORIENTED_EDGE('',*,*,#10762,.T.);
#10762 = EDGE_CURVE('',#10763,#10763,#10765,.T.);
#10763 = VERTEX_POINT('',#10764);
#10764 = CARTESIAN_POINT('',(-35.45518130045,-15.3073372946,60.3));
#10765 = SURFACE_CURVE('',#10766,(#10771,#10782),.PCURVE_S1.);
#10766 = CIRCLE('',#10767,1.5);
#10767 = AXIS2_PLACEMENT_3D('',#10768,#10769,#10770);
#10768 = CARTESIAN_POINT('',(-36.95518130045,-15.3073372946,60.3));
#10769 = DIRECTION('',(0.,0.,-1.));
#10770 = DIRECTION('',(1.,0.,0.));
#10771 = PCURVE('',#7621,#10772);
#10772 = DEFINITIONAL_REPRESENTATION('',(#10773),#10781);
#10773 = ( BOUNDED_CURVE() B_SPLINE_CURVE(2,(#10774,#10775,#10776,#10777
    ,#10778,#10779,#10780),.UNSPECIFIED.,.T.,.F.)
B_SPLINE_CURVE_WITH_KNOTS((1,2,2,2,2,1),(-2.094395102393,0.,
    2.094395102393,4.188790204786,6.28318530718,8.377580409573),
.UNSPECIFIED.) CURVE() GEOMETRIC_REPRESENTATION_ITEM()
RATIONAL_B_SPLINE_CURVE((1.,0.5,1.,0.5,1.,0.5,1.)) REPRESENTATION_ITEM(
  '') );
#10774 = CARTESIAN_POINT('',(-35.45518130045,-15.3073372946));
#10775 = CARTESIAN_POINT('',(-35.45518130045,-17.90541350595));
#10776 = CARTESIAN_POINT('',(-37.70518130045,-16.60637540028));
#10777 = CARTESIAN_POINT('',(-39.95518130045,-15.3073372946));
#10778 = CARTESIAN_POINT('',(-37.70518130045,-14.00829918892));
#10779 = CARTESIAN_POINT('',(-35.45518130045,-12.70926108325));
#10780 = CARTESIAN_POINT('',(-35.45518130045,-15.3073372946));
#10781 = ( GEOMETRIC_REPRESENTATION_CONTEXT(2)
PARAMETRIC_REPRESENTATION_CONTEXT() REPRESENTATION_CONTEXT('2D SPACE',''
  ) );
#10782 = PCURVE('',#8108,#10783);
#10783 = DEFINITIONAL_REPRESENTATION('',(#10784),#10788);
#10784 = LINE('',#10785,#10786);
#10785 = CARTESIAN_POINT('',(-6.28318530718,-2.2));
#10786 = VECTOR('',#10787,1.);
#10787 = DIRECTION('',(1.,-0.));
#10788 = ( GEOMETRIC_REPRESENTATION_CONTEXT(2)
PARAMETRIC_REPRESENTATION_CONTEXT() REPRESENTATION_CONTEXT('2D SPACE',''
  ) );
#10789 = FACE_BOUND('',#10790,.T.);
#10790 = EDGE_LOOP('',(#10791));
#10791 = ORIENTED_EDGE('',*,*,#10792,.T.);
#10792 = EDGE_CURVE('',#10793,#10793,#10795,.T.);
#10793 = VERTEX_POINT('',#10794);
#10794 = CARTESIAN_POINT('',(-36.77761342928,-11.61138709017,60.3));
#10795 = SURFACE_CURVE('',#10796,(#10801,#10812),.PCURVE_S1.);
#10796 = CIRCLE('',#10797,1.5);
#10797 = AXIS2_PLACEMENT_3D('',#10798,#10799,#10800);
#10798 = CARTESIAN_POINT('',(-38.27761342928,-11.61138709017,60.3));
#10799 = DIRECTION('',(0.,0.,-1.));
#10800 = DIRECTION('',(1.,0.,0.));
#10801 = PCURVE('',#7621,#10802);
#10802 = DEFINITIONAL_REPRESENTATION('',(#10803),#10811);
#10803 = ( BOUNDED_CURVE() B_SPLINE_CURVE(2,(#10804,#10805,#10806,#10807
    ,#10808,#10809,#10810),.UNSPECIFIED.,.T.,.F.)
B_SPLINE_CURVE_WITH_KNOTS((1,2,2,2,2,1),(-2.094395102393,0.,
    2.094395102393,4.188790204786,6.28318530718,8.377580409573),
.UNSPECIFIED.) CURVE() GEOMETRIC_REPRESENTATION_ITEM()
RATIONAL_B_SPLINE_CURVE((1.,0.5,1.,0.5,1.,0.5,1.)) REPRESENTATION_ITEM(
  '') );
#10804 = CARTESIAN_POINT('',(-36.77761342928,-11.61138709017));
#10805 = CARTESIAN_POINT('',(-36.77761342928,-14.20946330153));
#10806 = CARTESIAN_POINT('',(-39.02761342928,-12.91042519585));
#10807 = CARTESIAN_POINT('',(-41.27761342928,-11.61138709017));
#10808 = CARTESIAN_POINT('',(-39.02761342928,-10.3123489845));
#10809 = CARTESIAN_POINT('',(-36.77761342928,-9.013310878825));
#10810 = CARTESIAN_POINT('',(-36.77761342928,-11.61138709017));
#10811 = ( GEOMETRIC_REPRESENTATION_CONTEXT(2)
PARAMETRIC_REPRESENTATION_CONTEXT() REPRESENTATION_CONTEXT('2D SPACE',''
  ) );
#10812 = PCURVE('',#8143,#10813);
#10813 = DEFINITIONAL_REPRESENTATION('',(#10814),#10818);
#10814 = LINE('',#10815,#10816);
#10815 = CARTESIAN_POINT('',(-6.28318530718,-2.2));
#10816 = VECTOR('',#10817,1.);
#10817 = DIRECTION('',(1.,-0.));
#10818 = ( GEOMETRIC_REPRESENTATION_CONTEXT(2)
PARAMETRIC_REPRESENTATION_CONTEXT() REPRESENTATION_CONTEXT('2D SPACE',''
  ) );
#10819 = FACE_BOUND('',#10820,.T.);
#10820 = EDGE_LOOP('',(#10821));
#10821 = ORIENTED_EDGE('',*,*,#10822,.T.);
#10822 = EDGE_CURVE('',#10823,#10823,#10825,.T.);
#10823 = VERTEX_POINT('',#10824);
#10824 = CARTESIAN_POINT('',(-37.73141121612,-7.803612880645,60.3));
#10825 = SURFACE_CURVE('',#10826,(#10831,#10842),.PCURVE_S1.);
#10826 = CIRCLE('',#10827,1.5);
#10827 = AXIS2_PLACEMENT_3D('',#10828,#10829,#10830);
#10828 = CARTESIAN_POINT('',(-39.23141121612,-7.803612880645,60.3));
#10829 = DIRECTION('',(0.,0.,-1.));
#10830 = DIRECTION('',(1.,0.,0.));
#10831 = PCURVE('',#7621,#10832);
#10832 = DEFINITIONAL_REPRESENTATION('',(#10833),#10841);
#10833 = ( BOUNDED_CURVE() B_SPLINE_CURVE(2,(#10834,#10835,#10836,#10837
    ,#10838,#10839,#10840),.UNSPECIFIED.,.T.,.F.)
B_SPLINE_CURVE_WITH_KNOTS((1,2,2,2,2,1),(-2.094395102393,0.,
    2.094395102393,4.188790204786,6.28318530718,8.377580409573),
.UNSPECIFIED.) CURVE() GEOMETRIC_REPRESENTATION_ITEM()
RATIONAL_B_SPLINE_CURVE((1.,0.5,1.,0.5,1.,0.5,1.)) REPRESENTATION_ITEM(
  '') );
#10834 = CARTESIAN_POINT('',(-37.73141121612,-7.803612880645));
#10835 = CARTESIAN_POINT('',(-37.73141121612,-10.40168909199));
#10836 = CARTESIAN_POINT('',(-39.98141121612,-9.102650986322));
#10837 = CARTESIAN_POINT('',(-42.23141121612,-7.803612880645));
#10838 = CARTESIAN_POINT('',(-39.98141121612,-6.504574774968));
#10839 = CARTESIAN_POINT('',(-37.73141121612,-5.205536669292));
#10840 = CARTESIAN_POINT('',(-37.73141121612,-7.803612880645));
#10841 = ( GEOMETRIC_REPRESENTATION_CONTEXT(2)
PARAMETRIC_REPRESENTATION_CONTEXT() REPRESENTATION_CONTEXT('2D SPACE',''
  ) );
#10842 = PCURVE('',#8178,#10843);
#10843 = DEFINITIONAL_REPRESENTATION('',(#10844),#10848);
#10844 = LINE('',#10845,#10846);
#10845 = CARTESIAN_POINT('',(-6.28318530718,-2.2));
#10846 = VECTOR('',#10847,1.);
#10847 = DIRECTION('',(1.,-0.));
#10848 = ( GEOMETRIC_REPRESENTATION_CONTEXT(2)
PARAMETRIC_REPRESENTATION_CONTEXT() REPRESENTATION_CONTEXT('2D SPACE',''
  ) );
#10849 = FACE_BOUND('',#10850,.T.);
#10850 = EDGE_LOOP('',(#10851));
#10851 = ORIENTED_EDGE('',*,*,#10852,.T.);
#10852 = EDGE_CURVE('',#10853,#10853,#10855,.T.);
#10853 = VERTEX_POINT('',#10854);
#10854 = CARTESIAN_POINT('',(-38.30738906688,-3.920685613182,60.3));
#10855 = SURFACE_CURVE('',#10856,(#10861,#10872),.PCURVE_S1.);
#10856 = CIRCLE('',#10857,1.5);
#10857 = AXIS2_PLACEMENT_3D('',#10858,#10859,#10860);
#10858 = CARTESIAN_POINT('',(-39.80738906688,-3.920685613182,60.3));
#10859 = DIRECTION('',(0.,0.,-1.));
#10860 = DIRECTION('',(1.,0.,0.));
#10861 = PCURVE('',#7621,#10862);
#10862 = DEFINITIONAL_REPRESENTATION('',(#10863),#10871);
#10863 = ( BOUNDED_CURVE() B_SPLINE_CURVE(2,(#10864,#10865,#10866,#10867
    ,#10868,#10869,#10870),.UNSPECIFIED.,.T.,.F.)
B_SPLINE_CURVE_WITH_KNOTS((1,2,2,2,2,1),(-2.094395102393,0.,
    2.094395102393,4.188790204786,6.28318530718,8.377580409573),
.UNSPECIFIED.) CURVE() GEOMETRIC_REPRESENTATION_ITEM()
RATIONAL_B_SPLINE_CURVE((1.,0.5,1.,0.5,1.,0.5,1.)) REPRESENTATION_ITEM(
  '') );
#10864 = CARTESIAN_POINT('',(-38.30738906688,-3.920685613182));
#10865 = CARTESIAN_POINT('',(-38.30738906688,-6.518761824536));
#10866 = CARTESIAN_POINT('',(-40.55738906688,-5.219723718859));
#10867 = CARTESIAN_POINT('',(-42.80738906688,-3.920685613182));
#10868 = CARTESIAN_POINT('',(-40.55738906688,-2.621647507506));
#10869 = CARTESIAN_POINT('',(-38.30738906688,-1.322609401829));
#10870 = CARTESIAN_POINT('',(-38.30738906688,-3.920685613182));
#10871 = ( GEOMETRIC_REPRESENTATION_CONTEXT(2)
PARAMETRIC_REPRESENTATION_CONTEXT() REPRESENTATION_CONTEXT('2D SPACE',''
  ) );
#10872 = PCURVE('',#8213,#10873);
#10873 = DEFINITIONAL_REPRESENTATION('',(#10874),#10878);
#10874 = LINE('',#10875,#10876);
#10875 = CARTESIAN_POINT('',(-6.28318530718,-2.2));
#10876 = VECTOR('',#10877,1.);
#10877 = DIRECTION('',(1.,-0.));
#10878 = ( GEOMETRIC_REPRESENTATION_CONTEXT(2)
PARAMETRIC_REPRESENTATION_CONTEXT() REPRESENTATION_CONTEXT('2D SPACE',''
  ) );
#10879 = FACE_BOUND('',#10880,.T.);
#10880 = EDGE_LOOP('',(#10881,#10906,#10929,#10952));
#10881 = ORIENTED_EDGE('',*,*,#10882,.T.);
#10882 = EDGE_CURVE('',#10883,#10885,#10887,.T.);
#10883 = VERTEX_POINT('',#10884);
#10884 = CARTESIAN_POINT('',(-11.6,-20.975,60.3));
#10885 = VERTEX_POINT('',#10886);
#10886 = CARTESIAN_POINT('',(-17.4,-20.975,60.3));
#10887 = SURFACE_CURVE('',#10888,(#10892,#10899),.PCURVE_S1.);
#10888 = LINE('',#10889,#10890);
#10889 = CARTESIAN_POINT('',(-8.7,-20.975,60.3));
#10890 = VECTOR('',#10891,1.);
#10891 = DIRECTION('',(-1.,0.,0.));
#10892 = PCURVE('',#7621,#10893);
#10893 = DEFINITIONAL_REPRESENTATION('',(#10894),#10898);
#10894 = LINE('',#10895,#10896);
#10895 = CARTESIAN_POINT('',(-8.7,-20.975));
#10896 = VECTOR('',#10897,1.);
#10897 = DIRECTION('',(-1.,0.));
#10898 = ( GEOMETRIC_REPRESENTATION_CONTEXT(2)
PARAMETRIC_REPRESENTATION_CONTEXT() REPRESENTATION_CONTEXT('2D SPACE',''
  ) );
#10899 = PCURVE('',#8245,#10900);
#10900 = DEFINITIONAL_REPRESENTATION('',(#10901),#10905);
#10901 = LINE('',#10902,#10903);
#10902 = CARTESIAN_POINT('',(2.2,8.7));
#10903 = VECTOR('',#10904,1.);
#10904 = DIRECTION('',(0.,-1.));
#10905 = ( GEOMETRIC_REPRESENTATION_CONTEXT(2)
PARAMETRIC_REPRESENTATION_CONTEXT() REPRESENTATION_CONTEXT('2D SPACE',''
  ) );
#10906 = ORIENTED_EDGE('',*,*,#10907,.T.);
#10907 = EDGE_CURVE('',#10885,#10908,#10910,.T.);
#10908 = VERTEX_POINT('',#10909);
#10909 = CARTESIAN_POINT('',(-17.4,-19.025,60.3));
#10910 = SURFACE_CURVE('',#10911,(#10915,#10922),.PCURVE_S1.);
#10911 = LINE('',#10912,#10913);
#10912 = CARTESIAN_POINT('',(-17.4,-10.4875,60.3));
#10913 = VECTOR('',#10914,1.);
#10914 = DIRECTION('',(0.,1.,0.));
#10915 = PCURVE('',#7621,#10916);
#10916 = DEFINITIONAL_REPRESENTATION('',(#10917),#10921);
#10917 = LINE('',#10918,#10919);
#10918 = CARTESIAN_POINT('',(-17.4,-10.4875));
#10919 = VECTOR('',#10920,1.);
#10920 = DIRECTION('',(0.,1.));
#10921 = ( GEOMETRIC_REPRESENTATION_CONTEXT(2)
PARAMETRIC_REPRESENTATION_CONTEXT() REPRESENTATION_CONTEXT('2D SPACE',''
  ) );
#10922 = PCURVE('',#8273,#10923);
#10923 = DEFINITIONAL_REPRESENTATION('',(#10924),#10928);
#10924 = LINE('',#10925,#10926);
#10925 = CARTESIAN_POINT('',(2.2,-10.4875));
#10926 = VECTOR('',#10927,1.);
#10927 = DIRECTION('',(0.,-1.));
#10928 = ( GEOMETRIC_REPRESENTATION_CONTEXT(2)
PARAMETRIC_REPRESENTATION_CONTEXT() REPRESENTATION_CONTEXT('2D SPACE',''
  ) );
#10929 = ORIENTED_EDGE('',*,*,#10930,.F.);
#10930 = EDGE_CURVE('',#10931,#10908,#10933,.T.);
#10931 = VERTEX_POINT('',#10932);
#10932 = CARTESIAN_POINT('',(-11.6,-19.025,60.3));
#10933 = SURFACE_CURVE('',#10934,(#10938,#10945),.PCURVE_S1.);
#10934 = LINE('',#10935,#10936);
#10935 = CARTESIAN_POINT('',(-8.7,-19.025,60.3));
#10936 = VECTOR('',#10937,1.);
#10937 = DIRECTION('',(-1.,0.,0.));
#10938 = PCURVE('',#7621,#10939);
#10939 = DEFINITIONAL_REPRESENTATION('',(#10940),#10944);
#10940 = LINE('',#10941,#10942);
#10941 = CARTESIAN_POINT('',(-8.7,-19.025));
#10942 = VECTOR('',#10943,1.);
#10943 = DIRECTION('',(-1.,0.));
#10944 = ( GEOMETRIC_REPRESENTATION_CONTEXT(2)
PARAMETRIC_REPRESENTATION_CONTEXT() REPRESENTATION_CONTEXT('2D SPACE',''
  ) );
#10945 = PCURVE('',#8301,#10946);
#10946 = DEFINITIONAL_REPRESENTATION('',(#10947),#10951);
#10947 = LINE('',#10948,#10949);
#10948 = CARTESIAN_POINT('',(2.2,8.7));
#10949 = VECTOR('',#10950,1.);
#10950 = DIRECTION('',(0.,-1.));
#10951 = ( GEOMETRIC_REPRESENTATION_CONTEXT(2)
PARAMETRIC_REPRESENTATION_CONTEXT() REPRESENTATION_CONTEXT('2D SPACE',''
  ) );
#10952 = ORIENTED_EDGE('',*,*,#10953,.F.);
#10953 = EDGE_CURVE('',#10883,#10931,#10954,.T.);
#10954 = SURFACE_CURVE('',#10955,(#10959,#10966),.PCURVE_S1.);
#10955 = LINE('',#10956,#10957);
#10956 = CARTESIAN_POINT('',(-11.6,-10.4875,60.3));
#10957 = VECTOR('',#10958,1.);
#10958 = DIRECTION('',(0.,1.,0.));
#10959 = PCURVE('',#7621,#10960);
#10960 = DEFINITIONAL_REPRESENTATION('',(#10961),#10965);
#10961 = LINE('',#10962,#10963);
#10962 = CARTESIAN_POINT('',(-11.6,-10.4875));
#10963 = VECTOR('',#10964,1.);
#10964 = DIRECTION('',(0.,1.));
#10965 = ( GEOMETRIC_REPRESENTATION_CONTEXT(2)
PARAMETRIC_REPRESENTATION_CONTEXT() REPRESENTATION_CONTEXT('2D SPACE',''
  ) );
#10966 = PCURVE('',#8327,#10967);
#10967 = DEFINITIONAL_REPRESENTATION('',(#10968),#10972);
#10968 = LINE('',#10969,#10970);
#10969 = CARTESIAN_POINT('',(2.2,-10.4875));
#10970 = VECTOR('',#10971,1.);
#10971 = DIRECTION('',(0.,-1.));
#10972 = ( GEOMETRIC_REPRESENTATION_CONTEXT(2)
PARAMETRIC_REPRESENTATION_CONTEXT() REPRESENTATION_CONTEXT('2D SPACE',''
  ) );
#10973 = FACE_BOUND('',#10974,.T.);
#10974 = EDGE_LOOP('',(#10975));
#10975 = ORIENTED_EDGE('',*,*,#10976,.T.);
#10976 = EDGE_CURVE('',#10977,#10977,#10979,.T.);
#10977 = VERTEX_POINT('',#10978);
#10978 = CARTESIAN_POINT('',(5.420685613182,-39.80738906688,60.3));
#10979 = SURFACE_CURVE('',#10980,(#10985,#10996),.PCURVE_S1.);
#10980 = CIRCLE('',#10981,1.5);
#10981 = AXIS2_PLACEMENT_3D('',#10982,#10983,#10984);
#10982 = CARTESIAN_POINT('',(3.920685613182,-39.80738906688,60.3));
#10983 = DIRECTION('',(0.,0.,-1.));
#10984 = DIRECTION('',(1.,0.,0.));
#10985 = PCURVE('',#7621,#10986);
#10986 = DEFINITIONAL_REPRESENTATION('',(#10987),#10995);
#10987 = ( BOUNDED_CURVE() B_SPLINE_CURVE(2,(#10988,#10989,#10990,#10991
    ,#10992,#10993,#10994),.UNSPECIFIED.,.T.,.F.)
B_SPLINE_CURVE_WITH_KNOTS((1,2,2,2,2,1),(-2.094395102393,0.,
    2.094395102393,4.188790204786,6.28318530718,8.377580409573),
.UNSPECIFIED.) CURVE() GEOMETRIC_REPRESENTATION_ITEM()
RATIONAL_B_SPLINE_CURVE((1.,0.5,1.,0.5,1.,0.5,1.)) REPRESENTATION_ITEM(
  '') );
#10988 = CARTESIAN_POINT('',(5.420685613182,-39.80738906688));
#10989 = CARTESIAN_POINT('',(5.420685613182,-42.40546527824));
#10990 = CARTESIAN_POINT('',(3.170685613182,-41.10642717256));
#10991 = CARTESIAN_POINT('',(0.920685613182,-39.80738906688));
#10992 = CARTESIAN_POINT('',(3.170685613182,-38.50835096121));
#10993 = CARTESIAN_POINT('',(5.420685613182,-37.20931285553));
#10994 = CARTESIAN_POINT('',(5.420685613182,-39.80738906688));
#10995 = ( GEOMETRIC_REPRESENTATION_CONTEXT(2)
PARAMETRIC_REPRESENTATION_CONTEXT() REPRESENTATION_CONTEXT('2D SPACE',''
  ) );
#10996 = PCURVE('',#8362,#10997);
#10997 = DEFINITIONAL_REPRESENTATION('',(#10998),#11002);
#10998 = LINE('',#10999,#11000);
#10999 = CARTESIAN_POINT('',(-6.28318530718,-2.2));
#11000 = VECTOR('',#11001,1.);
#11001 = DIRECTION('',(1.,-0.));
#11002 = ( GEOMETRIC_REPRESENTATION_CONTEXT(2)
PARAMETRIC_REPRESENTATION_CONTEXT() REPRESENTATION_CONTEXT('2D SPACE',''
  ) );
#11003 = FACE_BOUND('',#11004,.T.);
#11004 = EDGE_LOOP('',(#11005));
#11005 = ORIENTED_EDGE('',*,*,#11006,.T.);
#11006 = EDGE_CURVE('',#11007,#11007,#11009,.T.);
#11007 = VERTEX_POINT('',#11008);
#11008 = CARTESIAN_POINT('',(9.303612880645,-39.23141121612,60.3));
#11009 = SURFACE_CURVE('',#11010,(#11015,#11026),.PCURVE_S1.);
#11010 = CIRCLE('',#11011,1.5);
#11011 = AXIS2_PLACEMENT_3D('',#11012,#11013,#11014);
#11012 = CARTESIAN_POINT('',(7.803612880645,-39.23141121612,60.3));
#11013 = DIRECTION('',(0.,0.,-1.));
#11014 = DIRECTION('',(1.,0.,0.));
#11015 = PCURVE('',#7621,#11016);
#11016 = DEFINITIONAL_REPRESENTATION('',(#11017),#11025);
#11017 = ( BOUNDED_CURVE() B_SPLINE_CURVE(2,(#11018,#11019,#11020,#11021
    ,#11022,#11023,#11024),.UNSPECIFIED.,.T.,.F.)
B_SPLINE_CURVE_WITH_KNOTS((1,2,2,2,2,1),(-2.094395102393,0.,
    2.094395102393,4.188790204786,6.28318530718,8.377580409573),
.UNSPECIFIED.) CURVE() GEOMETRIC_REPRESENTATION_ITEM()
RATIONAL_B_SPLINE_CURVE((1.,0.5,1.,0.5,1.,0.5,1.)) REPRESENTATION_ITEM(
  '') );
#11018 = CARTESIAN_POINT('',(9.303612880645,-39.23141121612));
#11019 = CARTESIAN_POINT('',(9.303612880645,-41.82948742748));
#11020 = CARTESIAN_POINT('',(7.053612880645,-40.5304493218));
#11021 = CARTESIAN_POINT('',(4.803612880645,-39.23141121612));
#11022 = CARTESIAN_POINT('',(7.053612880645,-37.93237311045));
#11023 = CARTESIAN_POINT('',(9.303612880645,-36.63333500477));
#11024 = CARTESIAN_POINT('',(9.303612880645,-39.23141121612));
#11025 = ( GEOMETRIC_REPRESENTATION_CONTEXT(2)
PARAMETRIC_REPRESENTATION_CONTEXT() REPRESENTATION_CONTEXT('2D SPACE',''
  ) );
#11026 = PCURVE('',#8397,#11027);
#11027 = DEFINITIONAL_REPRESENTATION('',(#11028),#11032);
#11028 = LINE('',#11029,#11030);
#11029 = CARTESIAN_POINT('',(-6.28318530718,-2.2));
#11030 = VECTOR('',#11031,1.);
#11031 = DIRECTION('',(1.,-0.));
#11032 = ( GEOMETRIC_REPRESENTATION_CONTEXT(2)
PARAMETRIC_REPRESENTATION_CONTEXT() REPRESENTATION_CONTEXT('2D SPACE',''
  ) );
#11033 = FACE_BOUND('',#11034,.T.);
#11034 = EDGE_LOOP('',(#11035));
#11035 = ORIENTED_EDGE('',*,*,#11036,.T.);
#11036 = EDGE_CURVE('',#11037,#11037,#11039,.T.);
#11037 = VERTEX_POINT('',#11038);
#11038 = CARTESIAN_POINT('',(13.111387090178,-38.27761342928,60.3));
#11039 = SURFACE_CURVE('',#11040,(#11045,#11056),.PCURVE_S1.);
#11040 = CIRCLE('',#11041,1.5);
#11041 = AXIS2_PLACEMENT_3D('',#11042,#11043,#11044);
#11042 = CARTESIAN_POINT('',(11.611387090178,-38.27761342928,60.3));
#11043 = DIRECTION('',(0.,0.,-1.));
#11044 = DIRECTION('',(1.,0.,0.));
#11045 = PCURVE('',#7621,#11046);
#11046 = DEFINITIONAL_REPRESENTATION('',(#11047),#11055);
#11047 = ( BOUNDED_CURVE() B_SPLINE_CURVE(2,(#11048,#11049,#11050,#11051
    ,#11052,#11053,#11054),.UNSPECIFIED.,.T.,.F.)
B_SPLINE_CURVE_WITH_KNOTS((1,2,2,2,2,1),(-2.094395102393,0.,
    2.094395102393,4.188790204786,6.28318530718,8.377580409573),
.UNSPECIFIED.) CURVE() GEOMETRIC_REPRESENTATION_ITEM()
RATIONAL_B_SPLINE_CURVE((1.,0.5,1.,0.5,1.,0.5,1.)) REPRESENTATION_ITEM(
  '') );
#11048 = CARTESIAN_POINT('',(13.111387090178,-38.27761342928));
#11049 = CARTESIAN_POINT('',(13.111387090178,-40.87568964064));
#11050 = CARTESIAN_POINT('',(10.861387090178,-39.57665153496));
#11051 = CARTESIAN_POINT('',(8.611387090178,-38.27761342928));
#11052 = CARTESIAN_POINT('',(10.861387090178,-36.97857532361));
#11053 = CARTESIAN_POINT('',(13.111387090178,-35.67953721793));
#11054 = CARTESIAN_POINT('',(13.111387090178,-38.27761342928));
#11055 = ( GEOMETRIC_REPRESENTATION_CONTEXT(2)
PARAMETRIC_REPRESENTATION_CONTEXT() REPRESENTATION_CONTEXT('2D SPACE',''
  ) );
#11056 = PCURVE('',#8432,#11057);
#11057 = DEFINITIONAL_REPRESENTATION('',(#11058),#11062);
#11058 = LINE('',#11059,#11060);
#11059 = CARTESIAN_POINT('',(-6.28318530718,-2.2));
#11060 = VECTOR('',#11061,1.);
#11061 = DIRECTION('',(1.,-0.));
#11062 = ( GEOMETRIC_REPRESENTATION_CONTEXT(2)
PARAMETRIC_REPRESENTATION_CONTEXT() REPRESENTATION_CONTEXT('2D SPACE',''
  ) );
#11063 = FACE_BOUND('',#11064,.T.);
#11064 = EDGE_LOOP('',(#11065));
#11065 = ORIENTED_EDGE('',*,*,#11066,.T.);
#11066 = EDGE_CURVE('',#11067,#11067,#11069,.T.);
#11067 = VERTEX_POINT('',#11068);
#11068 = CARTESIAN_POINT('',(16.807337294604,-36.95518130045,60.3));
#11069 = SURFACE_CURVE('',#11070,(#11075,#11086),.PCURVE_S1.);
#11070 = CIRCLE('',#11071,1.5);
#11071 = AXIS2_PLACEMENT_3D('',#11072,#11073,#11074);
#11072 = CARTESIAN_POINT('',(15.307337294604,-36.95518130045,60.3));
#11073 = DIRECTION('',(0.,0.,-1.));
#11074 = DIRECTION('',(1.,0.,0.));
#11075 = PCURVE('',#7621,#11076);
#11076 = DEFINITIONAL_REPRESENTATION('',(#11077),#11085);
#11077 = ( BOUNDED_CURVE() B_SPLINE_CURVE(2,(#11078,#11079,#11080,#11081
    ,#11082,#11083,#11084),.UNSPECIFIED.,.T.,.F.)
B_SPLINE_CURVE_WITH_KNOTS((1,2,2,2,2,1),(-2.094395102393,0.,
    2.094395102393,4.188790204786,6.28318530718,8.377580409573),
.UNSPECIFIED.) CURVE() GEOMETRIC_REPRESENTATION_ITEM()
RATIONAL_B_SPLINE_CURVE((1.,0.5,1.,0.5,1.,0.5,1.)) REPRESENTATION_ITEM(
  '') );
#11078 = CARTESIAN_POINT('',(16.807337294604,-36.95518130045));
#11079 = CARTESIAN_POINT('',(16.807337294604,-39.5532575118));
#11080 = CARTESIAN_POINT('',(14.557337294604,-38.25421940612));
#11081 = CARTESIAN_POINT('',(12.307337294604,-36.95518130045));
#11082 = CARTESIAN_POINT('',(14.557337294604,-35.65614319477));
#11083 = CARTESIAN_POINT('',(16.807337294604,-34.35710508909));
#11084 = CARTESIAN_POINT('',(16.807337294604,-36.95518130045));
#11085 = ( GEOMETRIC_REPRESENTATION_CONTEXT(2)
PARAMETRIC_REPRESENTATION_CONTEXT() REPRESENTATION_CONTEXT('2D SPACE',''
  ) );
#11086 = PCURVE('',#8467,#11087);
#11087 = DEFINITIONAL_REPRESENTATION('',(#11088),#11092);
#11088 = LINE('',#11089,#11090);
#11089 = CARTESIAN_POINT('',(-6.28318530718,-2.2));
#11090 = VECTOR('',#11091,1.);
#11091 = DIRECTION('',(1.,-0.));
#11092 = ( GEOMETRIC_REPRESENTATION_CONTEXT(2)
PARAMETRIC_REPRESENTATION_CONTEXT() REPRESENTATION_CONTEXT('2D SPACE',''
  ) );
#11093 = FACE_BOUND('',#11094,.T.);
#11094 = EDGE_LOOP('',(#11095));
#11095 = ORIENTED_EDGE('',*,*,#11096,.T.);
#11096 = EDGE_CURVE('',#11097,#11097,#11099,.T.);
#11097 = VERTEX_POINT('',#11098);
#11098 = CARTESIAN_POINT('',(20.35586947304,-35.27685057393,60.3));
#11099 = SURFACE_CURVE('',#11100,(#11105,#11116),.PCURVE_S1.);
#11100 = CIRCLE('',#11101,1.5);
#11101 = AXIS2_PLACEMENT_3D('',#11102,#11103,#11104);
#11102 = CARTESIAN_POINT('',(18.85586947304,-35.27685057393,60.3));
#11103 = DIRECTION('',(0.,0.,-1.));
#11104 = DIRECTION('',(1.,0.,0.));
#11105 = PCURVE('',#7621,#11106);
#11106 = DEFINITIONAL_REPRESENTATION('',(#11107),#11115);
#11107 = ( BOUNDED_CURVE() B_SPLINE_CURVE(2,(#11108,#11109,#11110,#11111
    ,#11112,#11113,#11114),.UNSPECIFIED.,.T.,.F.)
B_SPLINE_CURVE_WITH_KNOTS((1,2,2,2,2,1),(-2.094395102393,0.,
    2.094395102393,4.188790204786,6.28318530718,8.377580409573),
.UNSPECIFIED.) CURVE() GEOMETRIC_REPRESENTATION_ITEM()
RATIONAL_B_SPLINE_CURVE((1.,0.5,1.,0.5,1.,0.5,1.)) REPRESENTATION_ITEM(
  '') );
#11108 = CARTESIAN_POINT('',(20.35586947304,-35.27685057393));
#11109 = CARTESIAN_POINT('',(20.35586947304,-37.87492678528));
#11110 = CARTESIAN_POINT('',(18.10586947304,-36.57588867961));
#11111 = CARTESIAN_POINT('',(15.85586947304,-35.27685057393));
#11112 = CARTESIAN_POINT('',(18.10586947304,-33.97781246825));
#11113 = CARTESIAN_POINT('',(20.35586947304,-32.67877436258));
#11114 = CARTESIAN_POINT('',(20.35586947304,-35.27685057393));
#11115 = ( GEOMETRIC_REPRESENTATION_CONTEXT(2)
PARAMETRIC_REPRESENTATION_CONTEXT() REPRESENTATION_CONTEXT('2D SPACE',''
  ) );
#11116 = PCURVE('',#8502,#11117);
#11117 = DEFINITIONAL_REPRESENTATION('',(#11118),#11122);
#11118 = LINE('',#11119,#11120);
#11119 = CARTESIAN_POINT('',(-6.28318530718,-2.2));
#11120 = VECTOR('',#11121,1.);
#11121 = DIRECTION('',(1.,-0.));
#11122 = ( GEOMETRIC_REPRESENTATION_CONTEXT(2)
PARAMETRIC_REPRESENTATION_CONTEXT() REPRESENTATION_CONTEXT('2D SPACE',''
  ) );
#11123 = FACE_BOUND('',#11124,.T.);
#11124 = EDGE_LOOP('',(#11125));
#11125 = ORIENTED_EDGE('',*,*,#11126,.T.);
#11126 = EDGE_CURVE('',#11127,#11127,#11129,.T.);
#11127 = VERTEX_POINT('',#11128);
#11128 = CARTESIAN_POINT('',(23.722809320784,-33.2587844921,60.3));
#11129 = SURFACE_CURVE('',#11130,(#11135,#11146),.PCURVE_S1.);
#11130 = CIRCLE('',#11131,1.5);
#11131 = AXIS2_PLACEMENT_3D('',#11132,#11133,#11134);
#11132 = CARTESIAN_POINT('',(22.222809320784,-33.2587844921,60.3));
#11133 = DIRECTION('',(0.,0.,-1.));
#11134 = DIRECTION('',(1.,0.,0.));
#11135 = PCURVE('',#7621,#11136);
#11136 = DEFINITIONAL_REPRESENTATION('',(#11137),#11145);
#11137 = ( BOUNDED_CURVE() B_SPLINE_CURVE(2,(#11138,#11139,#11140,#11141
    ,#11142,#11143,#11144),.UNSPECIFIED.,.T.,.F.)
B_SPLINE_CURVE_WITH_KNOTS((1,2,2,2,2,1),(-2.094395102393,0.,
    2.094395102393,4.188790204786,6.28318530718,8.377580409573),
.UNSPECIFIED.) CURVE() GEOMETRIC_REPRESENTATION_ITEM()
RATIONAL_B_SPLINE_CURVE((1.,0.5,1.,0.5,1.,0.5,1.)) REPRESENTATION_ITEM(
  '') );
#11138 = CARTESIAN_POINT('',(23.722809320784,-33.2587844921));
#11139 = CARTESIAN_POINT('',(23.722809320784,-35.85686070345));
#11140 = CARTESIAN_POINT('',(21.472809320784,-34.55782259777));
#11141 = CARTESIAN_POINT('',(19.222809320784,-33.2587844921));
#11142 = CARTESIAN_POINT('',(21.472809320784,-31.95974638642));
#11143 = CARTESIAN_POINT('',(23.722809320784,-30.66070828074));
#11144 = CARTESIAN_POINT('',(23.722809320784,-33.2587844921));
#11145 = ( GEOMETRIC_REPRESENTATION_CONTEXT(2)
PARAMETRIC_REPRESENTATION_CONTEXT() REPRESENTATION_CONTEXT('2D SPACE',''
  ) );
#11146 = PCURVE('',#8537,#11147);
#11147 = DEFINITIONAL_REPRESENTATION('',(#11148),#11152);
#11148 = LINE('',#11149,#11150);
#11149 = CARTESIAN_POINT('',(-6.28318530718,-2.2));
#11150 = VECTOR('',#11151,1.);
#11151 = DIRECTION('',(1.,-0.));
#11152 = ( GEOMETRIC_REPRESENTATION_CONTEXT(2)
PARAMETRIC_REPRESENTATION_CONTEXT() REPRESENTATION_CONTEXT('2D SPACE',''
  ) );
#11153 = FACE_BOUND('',#11154,.T.);
#11154 = EDGE_LOOP('',(#11155));
#11155 = ORIENTED_EDGE('',*,*,#11156,.T.);
#11156 = EDGE_CURVE('',#11157,#11157,#11159,.T.);
#11157 = VERTEX_POINT('',#11158);
#11158 = CARTESIAN_POINT('',(26.875731366546,-30.9204181345,60.3));
#11159 = SURFACE_CURVE('',#11160,(#11165,#11176),.PCURVE_S1.);
#11160 = CIRCLE('',#11161,1.5);
#11161 = AXIS2_PLACEMENT_3D('',#11162,#11163,#11164);
#11162 = CARTESIAN_POINT('',(25.375731366546,-30.9204181345,60.3));
#11163 = DIRECTION('',(0.,0.,-1.));
#11164 = DIRECTION('',(1.,0.,0.));
#11165 = PCURVE('',#7621,#11166);
#11166 = DEFINITIONAL_REPRESENTATION('',(#11167),#11175);
#11167 = ( BOUNDED_CURVE() B_SPLINE_CURVE(2,(#11168,#11169,#11170,#11171
    ,#11172,#11173,#11174),.UNSPECIFIED.,.T.,.F.)
B_SPLINE_CURVE_WITH_KNOTS((1,2,2,2,2,1),(-2.094395102393,0.,
    2.094395102393,4.188790204786,6.28318530718,8.377580409573),
.UNSPECIFIED.) CURVE() GEOMETRIC_REPRESENTATION_ITEM()
RATIONAL_B_SPLINE_CURVE((1.,0.5,1.,0.5,1.,0.5,1.)) REPRESENTATION_ITEM(
  '') );
#11168 = CARTESIAN_POINT('',(26.875731366546,-30.9204181345));
#11169 = CARTESIAN_POINT('',(26.875731366546,-33.51849434586));
#11170 = CARTESIAN_POINT('',(24.625731366546,-32.21945624018));
#11171 = CARTESIAN_POINT('',(22.375731366546,-30.9204181345));
#11172 = CARTESIAN_POINT('',(24.625731366546,-29.62138002883));
#11173 = CARTESIAN_POINT('',(26.875731366546,-28.32234192315));
#11174 = CARTESIAN_POINT('',(26.875731366546,-30.9204181345));
#11175 = ( GEOMETRIC_REPRESENTATION_CONTEXT(2)
PARAMETRIC_REPRESENTATION_CONTEXT() REPRESENTATION_CONTEXT('2D SPACE',''
  ) );
#11176 = PCURVE('',#8572,#11177);
#11177 = DEFINITIONAL_REPRESENTATION('',(#11178),#11182);
#11178 = LINE('',#11179,#11180);
#11179 = CARTESIAN_POINT('',(-6.28318530718,-2.2));
#11180 = VECTOR('',#11181,1.);
#11181 = DIRECTION('',(1.,-0.));
#11182 = ( GEOMETRIC_REPRESENTATION_CONTEXT(2)
PARAMETRIC_REPRESENTATION_CONTEXT() REPRESENTATION_CONTEXT('2D SPACE',''
  ) );
#11183 = FACE_BOUND('',#11184,.T.);
#11184 = EDGE_LOOP('',(#11185));
#11185 = ORIENTED_EDGE('',*,*,#11186,.T.);
#11186 = EDGE_CURVE('',#11187,#11187,#11189,.T.);
#11187 = VERTEX_POINT('',#11188);
#11188 = CARTESIAN_POINT('',(29.784271247462,-28.28427124746,60.3));
#11189 = SURFACE_CURVE('',#11190,(#11195,#11206),.PCURVE_S1.);
#11190 = CIRCLE('',#11191,1.5);
#11191 = AXIS2_PLACEMENT_3D('',#11192,#11193,#11194);
#11192 = CARTESIAN_POINT('',(28.284271247462,-28.28427124746,60.3));
#11193 = DIRECTION('',(0.,0.,-1.));
#11194 = DIRECTION('',(1.,0.,0.));
#11195 = PCURVE('',#7621,#11196);
#11196 = DEFINITIONAL_REPRESENTATION('',(#11197),#11205);
#11197 = ( BOUNDED_CURVE() B_SPLINE_CURVE(2,(#11198,#11199,#11200,#11201
    ,#11202,#11203,#11204),.UNSPECIFIED.,.T.,.F.)
B_SPLINE_CURVE_WITH_KNOTS((1,2,2,2,2,1),(-2.094395102393,0.,
    2.094395102393,4.188790204786,6.28318530718,8.377580409573),
.UNSPECIFIED.) CURVE() GEOMETRIC_REPRESENTATION_ITEM()
RATIONAL_B_SPLINE_CURVE((1.,0.5,1.,0.5,1.,0.5,1.)) REPRESENTATION_ITEM(
  '') );
#11198 = CARTESIAN_POINT('',(29.784271247462,-28.28427124746));
#11199 = CARTESIAN_POINT('',(29.784271247462,-30.88234745881));
#11200 = CARTESIAN_POINT('',(27.534271247462,-29.58330935313));
#11201 = CARTESIAN_POINT('',(25.284271247462,-28.28427124746));
#11202 = CARTESIAN_POINT('',(27.534271247462,-26.98523314178));
#11203 = CARTESIAN_POINT('',(29.784271247462,-25.6861950361));
#11204 = CARTESIAN_POINT('',(29.784271247462,-28.28427124746));
#11205 = ( GEOMETRIC_REPRESENTATION_CONTEXT(2)
PARAMETRIC_REPRESENTATION_CONTEXT() REPRESENTATION_CONTEXT('2D SPACE',''
  ) );
#11206 = PCURVE('',#8607,#11207);
#11207 = DEFINITIONAL_REPRESENTATION('',(#11208),#11212);
#11208 = LINE('',#11209,#11210);
#11209 = CARTESIAN_POINT('',(-6.28318530718,-2.2));
#11210 = VECTOR('',#11211,1.);
#11211 = DIRECTION('',(1.,-0.));
#11212 = ( GEOMETRIC_REPRESENTATION_CONTEXT(2)
PARAMETRIC_REPRESENTATION_CONTEXT() REPRESENTATION_CONTEXT('2D SPACE',''
  ) );
#11213 = FACE_BOUND('',#11214,.T.);
#11214 = EDGE_LOOP('',(#11215));
#11215 = ORIENTED_EDGE('',*,*,#11216,.T.);
#11216 = EDGE_CURVE('',#11217,#11217,#11219,.T.);
#11217 = VERTEX_POINT('',#11218);
#11218 = CARTESIAN_POINT('',(32.420418134509,-25.37573136654,60.3));
#11219 = SURFACE_CURVE('',#11220,(#11225,#11236),.PCURVE_S1.);
#11220 = CIRCLE('',#11221,1.5);
#11221 = AXIS2_PLACEMENT_3D('',#11222,#11223,#11224);
#11222 = CARTESIAN_POINT('',(30.920418134509,-25.37573136654,60.3));
#11223 = DIRECTION('',(0.,0.,-1.));
#11224 = DIRECTION('',(1.,0.,0.));
#11225 = PCURVE('',#7621,#11226);
#11226 = DEFINITIONAL_REPRESENTATION('',(#11227),#11235);
#11227 = ( BOUNDED_CURVE() B_SPLINE_CURVE(2,(#11228,#11229,#11230,#11231
    ,#11232,#11233,#11234),.UNSPECIFIED.,.T.,.F.)
B_SPLINE_CURVE_WITH_KNOTS((1,2,2,2,2,1),(-2.094395102393,0.,
    2.094395102393,4.188790204786,6.28318530718,8.377580409573),
.UNSPECIFIED.) CURVE() GEOMETRIC_REPRESENTATION_ITEM()
RATIONAL_B_SPLINE_CURVE((1.,0.5,1.,0.5,1.,0.5,1.)) REPRESENTATION_ITEM(
  '') );
#11228 = CARTESIAN_POINT('',(32.420418134509,-25.37573136654));
#11229 = CARTESIAN_POINT('',(32.420418134509,-27.97380757789));
#11230 = CARTESIAN_POINT('',(30.170418134509,-26.67476947222));
#11231 = CARTESIAN_POINT('',(27.920418134509,-25.37573136654));
#11232 = CARTESIAN_POINT('',(30.170418134509,-24.07669326086));
#11233 = CARTESIAN_POINT('',(32.420418134509,-22.77765515519));
#11234 = CARTESIAN_POINT('',(32.420418134509,-25.37573136654));
#11235 = ( GEOMETRIC_REPRESENTATION_CONTEXT(2)
PARAMETRIC_REPRESENTATION_CONTEXT() REPRESENTATION_CONTEXT('2D SPACE',''
  ) );
#11236 = PCURVE('',#8642,#11237);
#11237 = DEFINITIONAL_REPRESENTATION('',(#11238),#11242);
#11238 = LINE('',#11239,#11240);
#11239 = CARTESIAN_POINT('',(-6.28318530718,-2.2));
#11240 = VECTOR('',#11241,1.);
#11241 = DIRECTION('',(1.,-0.));
#11242 = ( GEOMETRIC_REPRESENTATION_CONTEXT(2)
PARAMETRIC_REPRESENTATION_CONTEXT() REPRESENTATION_CONTEXT('2D SPACE',''
  ) );
#11243 = FACE_BOUND('',#11244,.T.);
#11244 = EDGE_LOOP('',(#11245));
#11245 = ORIENTED_EDGE('',*,*,#11246,.T.);
#11246 = EDGE_CURVE('',#11247,#11247,#11249,.T.);
#11247 = VERTEX_POINT('',#11248);
#11248 = CARTESIAN_POINT('',(34.758784492102,-22.22280932078,60.3));
#11249 = SURFACE_CURVE('',#11250,(#11255,#11266),.PCURVE_S1.);
#11250 = CIRCLE('',#11251,1.5);
#11251 = AXIS2_PLACEMENT_3D('',#11252,#11253,#11254);
#11252 = CARTESIAN_POINT('',(33.258784492102,-22.22280932078,60.3));
#11253 = DIRECTION('',(0.,0.,-1.));
#11254 = DIRECTION('',(1.,0.,0.));
#11255 = PCURVE('',#7621,#11256);
#11256 = DEFINITIONAL_REPRESENTATION('',(#11257),#11265);
#11257 = ( BOUNDED_CURVE() B_SPLINE_CURVE(2,(#11258,#11259,#11260,#11261
    ,#11262,#11263,#11264),.UNSPECIFIED.,.T.,.F.)
B_SPLINE_CURVE_WITH_KNOTS((1,2,2,2,2,1),(-2.094395102393,0.,
    2.094395102393,4.188790204786,6.28318530718,8.377580409573),
.UNSPECIFIED.) CURVE() GEOMETRIC_REPRESENTATION_ITEM()
RATIONAL_B_SPLINE_CURVE((1.,0.5,1.,0.5,1.,0.5,1.)) REPRESENTATION_ITEM(
  '') );
#11258 = CARTESIAN_POINT('',(34.758784492102,-22.22280932078));
#11259 = CARTESIAN_POINT('',(34.758784492102,-24.82088553213));
#11260 = CARTESIAN_POINT('',(32.508784492102,-23.52184742646));
#11261 = CARTESIAN_POINT('',(30.258784492102,-22.22280932078));
#11262 = CARTESIAN_POINT('',(32.508784492102,-20.9237712151));
#11263 = CARTESIAN_POINT('',(34.758784492102,-19.62473310943));
#11264 = CARTESIAN_POINT('',(34.758784492102,-22.22280932078));
#11265 = ( GEOMETRIC_REPRESENTATION_CONTEXT(2)
PARAMETRIC_REPRESENTATION_CONTEXT() REPRESENTATION_CONTEXT('2D SPACE',''
  ) );
#11266 = PCURVE('',#8677,#11267);
#11267 = DEFINITIONAL_REPRESENTATION('',(#11268),#11272);
#11268 = LINE('',#11269,#11270);
#11269 = CARTESIAN_POINT('',(-6.28318530718,-2.2));
#11270 = VECTOR('',#11271,1.);
#11271 = DIRECTION('',(1.,-0.));
#11272 = ( GEOMETRIC_REPRESENTATION_CONTEXT(2)
PARAMETRIC_REPRESENTATION_CONTEXT() REPRESENTATION_CONTEXT('2D SPACE',''
  ) );
#11273 = FACE_BOUND('',#11274,.T.);
#11274 = EDGE_LOOP('',(#11275,#11300,#11323,#11346));
#11275 = ORIENTED_EDGE('',*,*,#11276,.T.);
#11276 = EDGE_CURVE('',#11277,#11279,#11281,.T.);
#11277 = VERTEX_POINT('',#11278);
#11278 = CARTESIAN_POINT('',(17.4,-20.975,60.3));
#11279 = VERTEX_POINT('',#11280);
#11280 = CARTESIAN_POINT('',(11.6,-20.975,60.3));
#11281 = SURFACE_CURVE('',#11282,(#11286,#11293),.PCURVE_S1.);
#11282 = LINE('',#11283,#11284);
#11283 = CARTESIAN_POINT('',(5.8,-20.975,60.3));
#11284 = VECTOR('',#11285,1.);
#11285 = DIRECTION('',(-1.,0.,0.));
#11286 = PCURVE('',#7621,#11287);
#11287 = DEFINITIONAL_REPRESENTATION('',(#11288),#11292);
#11288 = LINE('',#11289,#11290);
#11289 = CARTESIAN_POINT('',(5.8,-20.975));
#11290 = VECTOR('',#11291,1.);
#11291 = DIRECTION('',(-1.,0.));
#11292 = ( GEOMETRIC_REPRESENTATION_CONTEXT(2)
PARAMETRIC_REPRESENTATION_CONTEXT() REPRESENTATION_CONTEXT('2D SPACE',''
  ) );
#11293 = PCURVE('',#8709,#11294);
#11294 = DEFINITIONAL_REPRESENTATION('',(#11295),#11299);
#11295 = LINE('',#11296,#11297);
#11296 = CARTESIAN_POINT('',(2.2,-5.8));
#11297 = VECTOR('',#11298,1.);
#11298 = DIRECTION('',(0.,-1.));
#11299 = ( GEOMETRIC_REPRESENTATION_CONTEXT(2)
PARAMETRIC_REPRESENTATION_CONTEXT() REPRESENTATION_CONTEXT('2D SPACE',''
  ) );
#11300 = ORIENTED_EDGE('',*,*,#11301,.T.);
#11301 = EDGE_CURVE('',#11279,#11302,#11304,.T.);
#11302 = VERTEX_POINT('',#11303);
#11303 = CARTESIAN_POINT('',(11.6,-19.025,60.3));
#11304 = SURFACE_CURVE('',#11305,(#11309,#11316),.PCURVE_S1.);
#11305 = LINE('',#11306,#11307);
#11306 = CARTESIAN_POINT('',(11.6,-10.4875,60.3));
#11307 = VECTOR('',#11308,1.);
#11308 = DIRECTION('',(0.,1.,0.));
#11309 = PCURVE('',#7621,#11310);
#11310 = DEFINITIONAL_REPRESENTATION('',(#11311),#11315);
#11311 = LINE('',#11312,#11313);
#11312 = CARTESIAN_POINT('',(11.6,-10.4875));
#11313 = VECTOR('',#11314,1.);
#11314 = DIRECTION('',(0.,1.));
#11315 = ( GEOMETRIC_REPRESENTATION_CONTEXT(2)
PARAMETRIC_REPRESENTATION_CONTEXT() REPRESENTATION_CONTEXT('2D SPACE',''
  ) );
#11316 = PCURVE('',#8737,#11317);
#11317 = DEFINITIONAL_REPRESENTATION('',(#11318),#11322);
#11318 = LINE('',#11319,#11320);
#11319 = CARTESIAN_POINT('',(2.2,-10.4875));
#11320 = VECTOR('',#11321,1.);
#11321 = DIRECTION('',(0.,-1.));
#11322 = ( GEOMETRIC_REPRESENTATION_CONTEXT(2)
PARAMETRIC_REPRESENTATION_CONTEXT() REPRESENTATION_CONTEXT('2D SPACE',''
  ) );
#11323 = ORIENTED_EDGE('',*,*,#11324,.F.);
#11324 = EDGE_CURVE('',#11325,#11302,#11327,.T.);
#11325 = VERTEX_POINT('',#11326);
#11326 = CARTESIAN_POINT('',(17.4,-19.025,60.3));
#11327 = SURFACE_CURVE('',#11328,(#11332,#11339),.PCURVE_S1.);
#11328 = LINE('',#11329,#11330);
#11329 = CARTESIAN_POINT('',(5.8,-19.025,60.3));
#11330 = VECTOR('',#11331,1.);
#11331 = DIRECTION('',(-1.,0.,0.));
#11332 = PCURVE('',#7621,#11333);
#11333 = DEFINITIONAL_REPRESENTATION('',(#11334),#11338);
#11334 = LINE('',#11335,#11336);
#11335 = CARTESIAN_POINT('',(5.8,-19.025));
#11336 = VECTOR('',#11337,1.);
#11337 = DIRECTION('',(-1.,0.));
#11338 = ( GEOMETRIC_REPRESENTATION_CONTEXT(2)
PARAMETRIC_REPRESENTATION_CONTEXT() REPRESENTATION_CONTEXT('2D SPACE',''
  ) );
#11339 = PCURVE('',#8765,#11340);
#11340 = DEFINITIONAL_REPRESENTATION('',(#11341),#11345);
#11341 = LINE('',#11342,#11343);
#11342 = CARTESIAN_POINT('',(2.2,-5.8));
#11343 = VECTOR('',#11344,1.);
#11344 = DIRECTION('',(0.,-1.));
#11345 = ( GEOMETRIC_REPRESENTATION_CONTEXT(2)
PARAMETRIC_REPRESENTATION_CONTEXT() REPRESENTATION_CONTEXT('2D SPACE',''
  ) );
#11346 = ORIENTED_EDGE('',*,*,#11347,.F.);
#11347 = EDGE_CURVE('',#11277,#11325,#11348,.T.);
#11348 = SURFACE_CURVE('',#11349,(#11353,#11360),.PCURVE_S1.);
#11349 = LINE('',#11350,#11351);
#11350 = CARTESIAN_POINT('',(17.4,-10.4875,60.3));
#11351 = VECTOR('',#11352,1.);
#11352 = DIRECTION('',(0.,1.,0.));
#11353 = PCURVE('',#7621,#11354);
#11354 = DEFINITIONAL_REPRESENTATION('',(#11355),#11359);
#11355 = LINE('',#11356,#11357);
#11356 = CARTESIAN_POINT('',(17.4,-10.4875));
#11357 = VECTOR('',#11358,1.);
#11358 = DIRECTION('',(0.,1.));
#11359 = ( GEOMETRIC_REPRESENTATION_CONTEXT(2)
PARAMETRIC_REPRESENTATION_CONTEXT() REPRESENTATION_CONTEXT('2D SPACE',''
  ) );
#11360 = PCURVE('',#8791,#11361);
#11361 = DEFINITIONAL_REPRESENTATION('',(#11362),#11366);
#11362 = LINE('',#11363,#11364);
#11363 = CARTESIAN_POINT('',(2.2,-10.4875));
#11364 = VECTOR('',#11365,1.);
#11365 = DIRECTION('',(0.,-1.));
#11366 = ( GEOMETRIC_REPRESENTATION_CONTEXT(2)
PARAMETRIC_REPRESENTATION_CONTEXT() REPRESENTATION_CONTEXT('2D SPACE',''
  ) );
#11367 = FACE_BOUND('',#11368,.T.);
#11368 = EDGE_LOOP('',(#11369));
#11369 = ORIENTED_EDGE('',*,*,#11370,.T.);
#11370 = EDGE_CURVE('',#11371,#11371,#11373,.T.);
#11371 = VERTEX_POINT('',#11372);
#11372 = CARTESIAN_POINT('',(36.776850573934,-18.85586947304,60.3));
#11373 = SURFACE_CURVE('',#11374,(#11379,#11390),.PCURVE_S1.);
#11374 = CIRCLE('',#11375,1.5);
#11375 = AXIS2_PLACEMENT_3D('',#11376,#11377,#11378);
#11376 = CARTESIAN_POINT('',(35.276850573934,-18.85586947304,60.3));
#11377 = DIRECTION('',(0.,0.,-1.));
#11378 = DIRECTION('',(1.,0.,0.));
#11379 = PCURVE('',#7621,#11380);
#11380 = DEFINITIONAL_REPRESENTATION('',(#11381),#11389);
#11381 = ( BOUNDED_CURVE() B_SPLINE_CURVE(2,(#11382,#11383,#11384,#11385
    ,#11386,#11387,#11388),.UNSPECIFIED.,.T.,.F.)
B_SPLINE_CURVE_WITH_KNOTS((1,2,2,2,2,1),(-2.094395102393,0.,
    2.094395102393,4.188790204786,6.28318530718,8.377580409573),
.UNSPECIFIED.) CURVE() GEOMETRIC_REPRESENTATION_ITEM()
RATIONAL_B_SPLINE_CURVE((1.,0.5,1.,0.5,1.,0.5,1.)) REPRESENTATION_ITEM(
  '') );
#11382 = CARTESIAN_POINT('',(36.776850573934,-18.85586947304));
#11383 = CARTESIAN_POINT('',(36.776850573934,-21.45394568439));
#11384 = CARTESIAN_POINT('',(34.526850573934,-20.15490757871));
#11385 = CARTESIAN_POINT('',(32.276850573934,-18.85586947304));
#11386 = CARTESIAN_POINT('',(34.526850573934,-17.55683136736));
#11387 = CARTESIAN_POINT('',(36.776850573934,-16.25779326168));
#11388 = CARTESIAN_POINT('',(36.776850573934,-18.85586947304));
#11389 = ( GEOMETRIC_REPRESENTATION_CONTEXT(2)
PARAMETRIC_REPRESENTATION_CONTEXT() REPRESENTATION_CONTEXT('2D SPACE',''
  ) );
#11390 = PCURVE('',#8826,#11391);
#11391 = DEFINITIONAL_REPRESENTATION('',(#11392),#11396);
#11392 = LINE('',#11393,#11394);
#11393 = CARTESIAN_POINT('',(-6.28318530718,-2.2));
#11394 = VECTOR('',#11395,1.);
#11395 = DIRECTION('',(1.,-0.));
#11396 = ( GEOMETRIC_REPRESENTATION_CONTEXT(2)
PARAMETRIC_REPRESENTATION_CONTEXT() REPRESENTATION_CONTEXT('2D SPACE',''
  ) );
#11397 = FACE_BOUND('',#11398,.T.);
#11398 = EDGE_LOOP('',(#11399));
#11399 = ORIENTED_EDGE('',*,*,#11400,.T.);
#11400 = EDGE_CURVE('',#11401,#11401,#11403,.T.);
#11401 = VERTEX_POINT('',#11402);
#11402 = CARTESIAN_POINT('',(38.455181300451,-15.3073372946,60.3));
#11403 = SURFACE_CURVE('',#11404,(#11409,#11420),.PCURVE_S1.);
#11404 = CIRCLE('',#11405,1.5);
#11405 = AXIS2_PLACEMENT_3D('',#11406,#11407,#11408);
#11406 = CARTESIAN_POINT('',(36.955181300451,-15.3073372946,60.3));
#11407 = DIRECTION('',(0.,0.,-1.));
#11408 = DIRECTION('',(1.,0.,0.));
#11409 = PCURVE('',#7621,#11410);
#11410 = DEFINITIONAL_REPRESENTATION('',(#11411),#11419);
#11411 = ( BOUNDED_CURVE() B_SPLINE_CURVE(2,(#11412,#11413,#11414,#11415
    ,#11416,#11417,#11418),.UNSPECIFIED.,.T.,.F.)
B_SPLINE_CURVE_WITH_KNOTS((1,2,2,2,2,1),(-2.094395102393,0.,
    2.094395102393,4.188790204786,6.28318530718,8.377580409573),
.UNSPECIFIED.) CURVE() GEOMETRIC_REPRESENTATION_ITEM()
RATIONAL_B_SPLINE_CURVE((1.,0.5,1.,0.5,1.,0.5,1.)) REPRESENTATION_ITEM(
  '') );
#11412 = CARTESIAN_POINT('',(38.455181300451,-15.3073372946));
#11413 = CARTESIAN_POINT('',(38.455181300451,-17.90541350595));
#11414 = CARTESIAN_POINT('',(36.205181300451,-16.60637540028));
#11415 = CARTESIAN_POINT('',(33.955181300451,-15.3073372946));
#11416 = CARTESIAN_POINT('',(36.205181300451,-14.00829918892));
#11417 = CARTESIAN_POINT('',(38.455181300451,-12.70926108325));
#11418 = CARTESIAN_POINT('',(38.455181300451,-15.3073372946));
#11419 = ( GEOMETRIC_REPRESENTATION_CONTEXT(2)
PARAMETRIC_REPRESENTATION_CONTEXT() REPRESENTATION_CONTEXT('2D SPACE',''
  ) );
#11420 = PCURVE('',#8861,#11421);
#11421 = DEFINITIONAL_REPRESENTATION('',(#11422),#11426);
#11422 = LINE('',#11423,#11424);
#11423 = CARTESIAN_POINT('',(-6.28318530718,-2.2));
#11424 = VECTOR('',#11425,1.);
#11425 = DIRECTION('',(1.,-0.));
#11426 = ( GEOMETRIC_REPRESENTATION_CONTEXT(2)
PARAMETRIC_REPRESENTATION_CONTEXT() REPRESENTATION_CONTEXT('2D SPACE',''
  ) );
#11427 = FACE_BOUND('',#11428,.T.);
#11428 = EDGE_LOOP('',(#11429));
#11429 = ORIENTED_EDGE('',*,*,#11430,.T.);
#11430 = EDGE_CURVE('',#11431,#11431,#11433,.T.);
#11431 = VERTEX_POINT('',#11432);
#11432 = CARTESIAN_POINT('',(39.777613429288,-11.61138709017,60.3));
#11433 = SURFACE_CURVE('',#11434,(#11439,#11450),.PCURVE_S1.);
#11434 = CIRCLE('',#11435,1.5);
#11435 = AXIS2_PLACEMENT_3D('',#11436,#11437,#11438);
#11436 = CARTESIAN_POINT('',(38.277613429288,-11.61138709017,60.3));
#11437 = DIRECTION('',(0.,0.,-1.));
#11438 = DIRECTION('',(1.,0.,0.));
#11439 = PCURVE('',#7621,#11440);
#11440 = DEFINITIONAL_REPRESENTATION('',(#11441),#11449);
#11441 = ( BOUNDED_CURVE() B_SPLINE_CURVE(2,(#11442,#11443,#11444,#11445
    ,#11446,#11447,#11448),.UNSPECIFIED.,.T.,.F.)
B_SPLINE_CURVE_WITH_KNOTS((1,2,2,2,2,1),(-2.094395102393,0.,
    2.094395102393,4.188790204786,6.28318530718,8.377580409573),
.UNSPECIFIED.) CURVE() GEOMETRIC_REPRESENTATION_ITEM()
RATIONAL_B_SPLINE_CURVE((1.,0.5,1.,0.5,1.,0.5,1.)) REPRESENTATION_ITEM(
  '') );
#11442 = CARTESIAN_POINT('',(39.777613429288,-11.61138709017));
#11443 = CARTESIAN_POINT('',(39.777613429288,-14.20946330153));
#11444 = CARTESIAN_POINT('',(37.527613429288,-12.91042519585));
#11445 = CARTESIAN_POINT('',(35.277613429288,-11.61138709017));
#11446 = CARTESIAN_POINT('',(37.527613429288,-10.3123489845));
#11447 = CARTESIAN_POINT('',(39.777613429288,-9.013310878825));
#11448 = CARTESIAN_POINT('',(39.777613429288,-11.61138709017));
#11449 = ( GEOMETRIC_REPRESENTATION_CONTEXT(2)
PARAMETRIC_REPRESENTATION_CONTEXT() REPRESENTATION_CONTEXT('2D SPACE',''
  ) );
#11450 = PCURVE('',#8896,#11451);
#11451 = DEFINITIONAL_REPRESENTATION('',(#11452),#11456);
#11452 = LINE('',#11453,#11454);
#11453 = CARTESIAN_POINT('',(-6.28318530718,-2.2));
#11454 = VECTOR('',#11455,1.);
#11455 = DIRECTION('',(1.,-0.));
#11456 = ( GEOMETRIC_REPRESENTATION_CONTEXT(2)
PARAMETRIC_REPRESENTATION_CONTEXT() REPRESENTATION_CONTEXT('2D SPACE',''
  ) );
#11457 = FACE_BOUND('',#11458,.T.);
#11458 = EDGE_LOOP('',(#11459));
#11459 = ORIENTED_EDGE('',*,*,#11460,.T.);
#11460 = EDGE_CURVE('',#11461,#11461,#11463,.T.);
#11461 = VERTEX_POINT('',#11462);
#11462 = CARTESIAN_POINT('',(40.731411216129,-7.803612880645,60.3));
#11463 = SURFACE_CURVE('',#11464,(#11469,#11480),.PCURVE_S1.);
#11464 = CIRCLE('',#11465,1.5);
#11465 = AXIS2_PLACEMENT_3D('',#11466,#11467,#11468);
#11466 = CARTESIAN_POINT('',(39.231411216129,-7.803612880645,60.3));
#11467 = DIRECTION('',(0.,0.,-1.));
#11468 = DIRECTION('',(1.,0.,0.));
#11469 = PCURVE('',#7621,#11470);
#11470 = DEFINITIONAL_REPRESENTATION('',(#11471),#11479);
#11471 = ( BOUNDED_CURVE() B_SPLINE_CURVE(2,(#11472,#11473,#11474,#11475
    ,#11476,#11477,#11478),.UNSPECIFIED.,.T.,.F.)
B_SPLINE_CURVE_WITH_KNOTS((1,2,2,2,2,1),(-2.094395102393,0.,
    2.094395102393,4.188790204786,6.28318530718,8.377580409573),
.UNSPECIFIED.) CURVE() GEOMETRIC_REPRESENTATION_ITEM()
RATIONAL_B_SPLINE_CURVE((1.,0.5,1.,0.5,1.,0.5,1.)) REPRESENTATION_ITEM(
  '') );
#11472 = CARTESIAN_POINT('',(40.731411216129,-7.803612880645));
#11473 = CARTESIAN_POINT('',(40.731411216129,-10.40168909199));
#11474 = CARTESIAN_POINT('',(38.481411216129,-9.102650986322));
#11475 = CARTESIAN_POINT('',(36.231411216129,-7.803612880645));
#11476 = CARTESIAN_POINT('',(38.481411216129,-6.504574774968));
#11477 = CARTESIAN_POINT('',(40.731411216129,-5.205536669292));
#11478 = CARTESIAN_POINT('',(40.731411216129,-7.803612880645));
#11479 = ( GEOMETRIC_REPRESENTATION_CONTEXT(2)
PARAMETRIC_REPRESENTATION_CONTEXT() REPRESENTATION_CONTEXT('2D SPACE',''
  ) );
#11480 = PCURVE('',#8931,#11481);
#11481 = DEFINITIONAL_REPRESENTATION('',(#11482),#11486);
#11482 = LINE('',#11483,#11484);
#11483 = CARTESIAN_POINT('',(-6.28318530718,-2.2));
#11484 = VECTOR('',#11485,1.);
#11485 = DIRECTION('',(1.,-0.));
#11486 = ( GEOMETRIC_REPRESENTATION_CONTEXT(2)
PARAMETRIC_REPRESENTATION_CONTEXT() REPRESENTATION_CONTEXT('2D SPACE',''
  ) );
#11487 = FACE_BOUND('',#11488,.T.);
#11488 = EDGE_LOOP('',(#11489));
#11489 = ORIENTED_EDGE('',*,*,#11490,.T.);
#11490 = EDGE_CURVE('',#11491,#11491,#11493,.T.);
#11491 = VERTEX_POINT('',#11492);
#11492 = CARTESIAN_POINT('',(41.307389066888,-3.920685613182,60.3));
#11493 = SURFACE_CURVE('',#11494,(#11499,#11510),.PCURVE_S1.);
#11494 = CIRCLE('',#11495,1.5);
#11495 = AXIS2_PLACEMENT_3D('',#11496,#11497,#11498);
#11496 = CARTESIAN_POINT('',(39.807389066888,-3.920685613182,60.3));
#11497 = DIRECTION('',(0.,0.,-1.));
#11498 = DIRECTION('',(1.,0.,0.));
#11499 = PCURVE('',#7621,#11500);
#11500 = DEFINITIONAL_REPRESENTATION('',(#11501),#11509);
#11501 = ( BOUNDED_CURVE() B_SPLINE_CURVE(2,(#11502,#11503,#11504,#11505
    ,#11506,#11507,#11508),.UNSPECIFIED.,.T.,.F.)
B_SPLINE_CURVE_WITH_KNOTS((1,2,2,2,2,1),(-2.094395102393,0.,
    2.094395102393,4.188790204786,6.28318530718,8.377580409573),
.UNSPECIFIED.) CURVE() GEOMETRIC_REPRESENTATION_ITEM()
RATIONAL_B_SPLINE_CURVE((1.,0.5,1.,0.5,1.,0.5,1.)) REPRESENTATION_ITEM(
  '') );
#11502 = CARTESIAN_POINT('',(41.307389066888,-3.920685613182));
#11503 = CARTESIAN_POINT('',(41.307389066888,-6.518761824536));
#11504 = CARTESIAN_POINT('',(39.057389066888,-5.219723718859));
#11505 = CARTESIAN_POINT('',(36.807389066888,-3.920685613182));
#11506 = CARTESIAN_POINT('',(39.057389066888,-2.621647507506));
#11507 = CARTESIAN_POINT('',(41.307389066888,-1.322609401829));
#11508 = CARTESIAN_POINT('',(41.307389066888,-3.920685613182));
#11509 = ( GEOMETRIC_REPRESENTATION_CONTEXT(2)
PARAMETRIC_REPRESENTATION_CONTEXT() REPRESENTATION_CONTEXT('2D SPACE',''
  ) );
#11510 = PCURVE('',#8966,#11511);
#11511 = DEFINITIONAL_REPRESENTATION('',(#11512),#11516);
#11512 = LINE('',#11513,#11514);
#11513 = CARTESIAN_POINT('',(-6.28318530718,-2.2));
#11514 = VECTOR('',#11515,1.);
#11515 = DIRECTION('',(1.,-0.));
#11516 = ( GEOMETRIC_REPRESENTATION_CONTEXT(2)
PARAMETRIC_REPRESENTATION_CONTEXT() REPRESENTATION_CONTEXT('2D SPACE',''
  ) );
#11517 = FACE_BOUND('',#11518,.T.);
#11518 = EDGE_LOOP('',(#11519));
#11519 = ORIENTED_EDGE('',*,*,#11520,.T.);
#11520 = EDGE_CURVE('',#11521,#11521,#11523,.T.);
#11521 = VERTEX_POINT('',#11522);
#11522 = CARTESIAN_POINT('',(-38.5,4.898587196589E-15,60.3));
#11523 = SURFACE_CURVE('',#11524,(#11529,#11540),.PCURVE_S1.);
#11524 = CIRCLE('',#11525,1.5);
#11525 = AXIS2_PLACEMENT_3D('',#11526,#11527,#11528);
#11526 = CARTESIAN_POINT('',(-40.,4.898587196589E-15,60.3));
#11527 = DIRECTION('',(0.,0.,-1.));
#11528 = DIRECTION('',(1.,0.,0.));
#11529 = PCURVE('',#7621,#11530);
#11530 = DEFINITIONAL_REPRESENTATION('',(#11531),#11539);
#11531 = ( BOUNDED_CURVE() B_SPLINE_CURVE(2,(#11532,#11533,#11534,#11535
    ,#11536,#11537,#11538),.UNSPECIFIED.,.T.,.F.)
B_SPLINE_CURVE_WITH_KNOTS((1,2,2,2,2,1),(-2.094395102393,0.,
    2.094395102393,4.188790204786,6.28318530718,8.377580409573),
.UNSPECIFIED.) CURVE() GEOMETRIC_REPRESENTATION_ITEM()
RATIONAL_B_SPLINE_CURVE((1.,0.5,1.,0.5,1.,0.5,1.)) REPRESENTATION_ITEM(
  '') );
#11532 = CARTESIAN_POINT('',(-38.5,4.574299531087E-15));
#11533 = CARTESIAN_POINT('',(-38.5,-2.598076211353));
#11534 = CARTESIAN_POINT('',(-40.75,-1.299038105677));
#11535 = CARTESIAN_POINT('',(-43.,4.206905491343E-15));
#11536 = CARTESIAN_POINT('',(-40.75,1.299038105677));
#11537 = CARTESIAN_POINT('',(-38.5,2.598076211353));
#11538 = CARTESIAN_POINT('',(-38.5,4.574299531087E-15));
#11539 = ( GEOMETRIC_REPRESENTATION_CONTEXT(2)
PARAMETRIC_REPRESENTATION_CONTEXT() REPRESENTATION_CONTEXT('2D SPACE',''
  ) );
#11540 = PCURVE('',#9001,#11541);
#11541 = DEFINITIONAL_REPRESENTATION('',(#11542),#11546);
#11542 = LINE('',#11543,#11544);
#11543 = CARTESIAN_POINT('',(-6.28318530718,-2.2));
#11544 = VECTOR('',#11545,1.);
#11545 = DIRECTION('',(1.,-0.));
#11546 = ( GEOMETRIC_REPRESENTATION_CONTEXT(2)
PARAMETRIC_REPRESENTATION_CONTEXT() REPRESENTATION_CONTEXT('2D SPACE',''
  ) );
#11547 = FACE_BOUND('',#11548,.T.);
#11548 = EDGE_LOOP('',(#11549));
#11549 = ORIENTED_EDGE('',*,*,#11550,.T.);
#11550 = EDGE_CURVE('',#11551,#11551,#11553,.T.);
#11551 = VERTEX_POINT('',#11552);
#11552 = CARTESIAN_POINT('',(-38.30738906688,3.920685613182,60.3));
#11553 = SURFACE_CURVE('',#11554,(#11559,#11570),.PCURVE_S1.);
#11554 = CIRCLE('',#11555,1.5);
#11555 = AXIS2_PLACEMENT_3D('',#11556,#11557,#11558);
#11556 = CARTESIAN_POINT('',(-39.80738906688,3.920685613182,60.3));
#11557 = DIRECTION('',(0.,0.,-1.));
#11558 = DIRECTION('',(1.,0.,0.));
#11559 = PCURVE('',#7621,#11560);
#11560 = DEFINITIONAL_REPRESENTATION('',(#11561),#11569);
#11561 = ( BOUNDED_CURVE() B_SPLINE_CURVE(2,(#11562,#11563,#11564,#11565
    ,#11566,#11567,#11568),.UNSPECIFIED.,.T.,.F.)
B_SPLINE_CURVE_WITH_KNOTS((1,2,2,2,2,1),(-2.094395102393,0.,
    2.094395102393,4.188790204786,6.28318530718,8.377580409573),
.UNSPECIFIED.) CURVE() GEOMETRIC_REPRESENTATION_ITEM()
RATIONAL_B_SPLINE_CURVE((1.,0.5,1.,0.5,1.,0.5,1.)) REPRESENTATION_ITEM(
  '') );
#11562 = CARTESIAN_POINT('',(-38.30738906688,3.920685613182));
#11563 = CARTESIAN_POINT('',(-38.30738906688,1.322609401829));
#11564 = CARTESIAN_POINT('',(-40.55738906688,2.621647507506));
#11565 = CARTESIAN_POINT('',(-42.80738906688,3.920685613182));
#11566 = CARTESIAN_POINT('',(-40.55738906688,5.219723718859));
#11567 = CARTESIAN_POINT('',(-38.30738906688,6.518761824536));
#11568 = CARTESIAN_POINT('',(-38.30738906688,3.920685613182));
#11569 = ( GEOMETRIC_REPRESENTATION_CONTEXT(2)
PARAMETRIC_REPRESENTATION_CONTEXT() REPRESENTATION_CONTEXT('2D SPACE',''
  ) );
#11570 = PCURVE('',#9036,#11571);
#11571 = DEFINITIONAL_REPRESENTATION('',(#11572),#11576);
#11572 = LINE('',#11573,#11574);
#11573 = CARTESIAN_POINT('',(-6.28318530718,-2.2));
#11574 = VECTOR('',#11575,1.);
#11575 = DIRECTION('',(1.,-0.));
#11576 = ( GEOMETRIC_REPRESENTATION_CONTEXT(2)
PARAMETRIC_REPRESENTATION_CONTEXT() REPRESENTATION_CONTEXT('2D SPACE',''
  ) );
#11577 = FACE_BOUND('',#11578,.T.);
#11578 = EDGE_LOOP('',(#11579));
#11579 = ORIENTED_EDGE('',*,*,#11580,.T.);
#11580 = EDGE_CURVE('',#11581,#11581,#11583,.T.);
#11581 = VERTEX_POINT('',#11582);
#11582 = CARTESIAN_POINT('',(-37.73141121612,7.803612880645,60.3));
#11583 = SURFACE_CURVE('',#11584,(#11589,#11600),.PCURVE_S1.);
#11584 = CIRCLE('',#11585,1.5);
#11585 = AXIS2_PLACEMENT_3D('',#11586,#11587,#11588);
#11586 = CARTESIAN_POINT('',(-39.23141121612,7.803612880645,60.3));
#11587 = DIRECTION('',(0.,0.,-1.));
#11588 = DIRECTION('',(1.,0.,0.));
#11589 = PCURVE('',#7621,#11590);
#11590 = DEFINITIONAL_REPRESENTATION('',(#11591),#11599);
#11591 = ( BOUNDED_CURVE() B_SPLINE_CURVE(2,(#11592,#11593,#11594,#11595
    ,#11596,#11597,#11598),.UNSPECIFIED.,.T.,.F.)
B_SPLINE_CURVE_WITH_KNOTS((1,2,2,2,2,1),(-2.094395102393,0.,
    2.094395102393,4.188790204786,6.28318530718,8.377580409573),
.UNSPECIFIED.) CURVE() GEOMETRIC_REPRESENTATION_ITEM()
RATIONAL_B_SPLINE_CURVE((1.,0.5,1.,0.5,1.,0.5,1.)) REPRESENTATION_ITEM(
  '') );
#11592 = CARTESIAN_POINT('',(-37.73141121612,7.803612880645));
#11593 = CARTESIAN_POINT('',(-37.73141121612,5.205536669292));
#11594 = CARTESIAN_POINT('',(-39.98141121612,6.504574774968));
#11595 = CARTESIAN_POINT('',(-42.23141121612,7.803612880645));
#11596 = CARTESIAN_POINT('',(-39.98141121612,9.102650986322));
#11597 = CARTESIAN_POINT('',(-37.73141121612,10.401689091998));
#11598 = CARTESIAN_POINT('',(-37.73141121612,7.803612880645));
#11599 = ( GEOMETRIC_REPRESENTATION_CONTEXT(2)
PARAMETRIC_REPRESENTATION_CONTEXT() REPRESENTATION_CONTEXT('2D SPACE',''
  ) );
#11600 = PCURVE('',#9071,#11601);
#11601 = DEFINITIONAL_REPRESENTATION('',(#11602),#11606);
#11602 = LINE('',#11603,#11604);
#11603 = CARTESIAN_POINT('',(-6.28318530718,-2.2));
#11604 = VECTOR('',#11605,1.);
#11605 = DIRECTION('',(1.,-0.));
#11606 = ( GEOMETRIC_REPRESENTATION_CONTEXT(2)
PARAMETRIC_REPRESENTATION_CONTEXT() REPRESENTATION_CONTEXT('2D SPACE',''
  ) );
#11607 = FACE_BOUND('',#11608,.T.);
#11608 = EDGE_LOOP('',(#11609));
#11609 = ORIENTED_EDGE('',*,*,#11610,.T.);
#11610 = EDGE_CURVE('',#11611,#11611,#11613,.T.);
#11611 = VERTEX_POINT('',#11612);
#11612 = CARTESIAN_POINT('',(-36.77761342928,11.611387090178,60.3));
#11613 = SURFACE_CURVE('',#11614,(#11619,#11630),.PCURVE_S1.);
#11614 = CIRCLE('',#11615,1.5);
#11615 = AXIS2_PLACEMENT_3D('',#11616,#11617,#11618);
#11616 = CARTESIAN_POINT('',(-38.27761342928,11.611387090178,60.3));
#11617 = DIRECTION('',(0.,0.,-1.));
#11618 = DIRECTION('',(1.,0.,0.));
#11619 = PCURVE('',#7621,#11620);
#11620 = DEFINITIONAL_REPRESENTATION('',(#11621),#11629);
#11621 = ( BOUNDED_CURVE() B_SPLINE_CURVE(2,(#11622,#11623,#11624,#11625
    ,#11626,#11627,#11628),.UNSPECIFIED.,.T.,.F.)
B_SPLINE_CURVE_WITH_KNOTS((1,2,2,2,2,1),(-2.094395102393,0.,
    2.094395102393,4.188790204786,6.28318530718,8.377580409573),
.UNSPECIFIED.) CURVE() GEOMETRIC_REPRESENTATION_ITEM()
RATIONAL_B_SPLINE_CURVE((1.,0.5,1.,0.5,1.,0.5,1.)) REPRESENTATION_ITEM(
  '') );
#11622 = CARTESIAN_POINT('',(-36.77761342928,11.611387090178));
#11623 = CARTESIAN_POINT('',(-36.77761342928,9.013310878825));
#11624 = CARTESIAN_POINT('',(-39.02761342928,10.312348984502));
#11625 = CARTESIAN_POINT('',(-41.27761342928,11.611387090178));
#11626 = CARTESIAN_POINT('',(-39.02761342928,12.910425195855));
#11627 = CARTESIAN_POINT('',(-36.77761342928,14.209463301532));
#11628 = CARTESIAN_POINT('',(-36.77761342928,11.611387090178));
#11629 = ( GEOMETRIC_REPRESENTATION_CONTEXT(2)
PARAMETRIC_REPRESENTATION_CONTEXT() REPRESENTATION_CONTEXT('2D SPACE',''
  ) );
#11630 = PCURVE('',#9106,#11631);
#11631 = DEFINITIONAL_REPRESENTATION('',(#11632),#11636);
#11632 = LINE('',#11633,#11634);
#11633 = CARTESIAN_POINT('',(-6.28318530718,-2.2));
#11634 = VECTOR('',#11635,1.);
#11635 = DIRECTION('',(1.,-0.));
#11636 = ( GEOMETRIC_REPRESENTATION_CONTEXT(2)
PARAMETRIC_REPRESENTATION_CONTEXT() REPRESENTATION_CONTEXT('2D SPACE',''
  ) );
#11637 = FACE_BOUND('',#11638,.T.);
#11638 = EDGE_LOOP('',(#11639));
#11639 = ORIENTED_EDGE('',*,*,#11640,.T.);
#11640 = EDGE_CURVE('',#11641,#11641,#11643,.T.);
#11641 = VERTEX_POINT('',#11642);
#11642 = CARTESIAN_POINT('',(-35.45518130045,15.307337294604,60.3));
#11643 = SURFACE_CURVE('',#11644,(#11649,#11660),.PCURVE_S1.);
#11644 = CIRCLE('',#11645,1.5);
#11645 = AXIS2_PLACEMENT_3D('',#11646,#11647,#11648);
#11646 = CARTESIAN_POINT('',(-36.95518130045,15.307337294604,60.3));
#11647 = DIRECTION('',(0.,0.,-1.));
#11648 = DIRECTION('',(1.,0.,0.));
#11649 = PCURVE('',#7621,#11650);
#11650 = DEFINITIONAL_REPRESENTATION('',(#11651),#11659);
#11651 = ( BOUNDED_CURVE() B_SPLINE_CURVE(2,(#11652,#11653,#11654,#11655
    ,#11656,#11657,#11658),.UNSPECIFIED.,.T.,.F.)
B_SPLINE_CURVE_WITH_KNOTS((1,2,2,2,2,1),(-2.094395102393,0.,
    2.094395102393,4.188790204786,6.28318530718,8.377580409573),
.UNSPECIFIED.) CURVE() GEOMETRIC_REPRESENTATION_ITEM()
RATIONAL_B_SPLINE_CURVE((1.,0.5,1.,0.5,1.,0.5,1.)) REPRESENTATION_ITEM(
  '') );
#11652 = CARTESIAN_POINT('',(-35.45518130045,15.307337294604));
#11653 = CARTESIAN_POINT('',(-35.45518130045,12.70926108325));
#11654 = CARTESIAN_POINT('',(-37.70518130045,14.008299188927));
#11655 = CARTESIAN_POINT('',(-39.95518130045,15.307337294604));
#11656 = CARTESIAN_POINT('',(-37.70518130045,16.60637540028));
#11657 = CARTESIAN_POINT('',(-35.45518130045,17.905413505957));
#11658 = CARTESIAN_POINT('',(-35.45518130045,15.307337294604));
#11659 = ( GEOMETRIC_REPRESENTATION_CONTEXT(2)
PARAMETRIC_REPRESENTATION_CONTEXT() REPRESENTATION_CONTEXT('2D SPACE',''
  ) );
#11660 = PCURVE('',#9141,#11661);
#11661 = DEFINITIONAL_REPRESENTATION('',(#11662),#11666);
#11662 = LINE('',#11663,#11664);
#11663 = CARTESIAN_POINT('',(-6.28318530718,-2.2));
#11664 = VECTOR('',#11665,1.);
#11665 = DIRECTION('',(1.,-0.));
#11666 = ( GEOMETRIC_REPRESENTATION_CONTEXT(2)
PARAMETRIC_REPRESENTATION_CONTEXT() REPRESENTATION_CONTEXT('2D SPACE',''
  ) );
#11667 = FACE_BOUND('',#11668,.T.);
#11668 = EDGE_LOOP('',(#11669));
#11669 = ORIENTED_EDGE('',*,*,#11670,.T.);
#11670 = EDGE_CURVE('',#11671,#11671,#11673,.T.);
#11671 = VERTEX_POINT('',#11672);
#11672 = CARTESIAN_POINT('',(-33.77685057393,18.85586947304,60.3));
#11673 = SURFACE_CURVE('',#11674,(#11679,#11690),.PCURVE_S1.);
#11674 = CIRCLE('',#11675,1.5);
#11675 = AXIS2_PLACEMENT_3D('',#11676,#11677,#11678);
#11676 = CARTESIAN_POINT('',(-35.27685057393,18.85586947304,60.3));
#11677 = DIRECTION('',(0.,0.,-1.));
#11678 = DIRECTION('',(1.,0.,0.));
#11679 = PCURVE('',#7621,#11680);
#11680 = DEFINITIONAL_REPRESENTATION('',(#11681),#11689);
#11681 = ( BOUNDED_CURVE() B_SPLINE_CURVE(2,(#11682,#11683,#11684,#11685
    ,#11686,#11687,#11688),.UNSPECIFIED.,.T.,.F.)
B_SPLINE_CURVE_WITH_KNOTS((1,2,2,2,2,1),(-2.094395102393,0.,
    2.094395102393,4.188790204786,6.28318530718,8.377580409573),
.UNSPECIFIED.) CURVE() GEOMETRIC_REPRESENTATION_ITEM()
RATIONAL_B_SPLINE_CURVE((1.,0.5,1.,0.5,1.,0.5,1.)) REPRESENTATION_ITEM(
  '') );
#11682 = CARTESIAN_POINT('',(-33.77685057393,18.85586947304));
#11683 = CARTESIAN_POINT('',(-33.77685057393,16.257793261687));
#11684 = CARTESIAN_POINT('',(-36.02685057393,17.556831367363));
#11685 = CARTESIAN_POINT('',(-38.27685057393,18.85586947304));
#11686 = CARTESIAN_POINT('',(-36.02685057393,20.154907578717));
#11687 = CARTESIAN_POINT('',(-33.77685057393,21.453945684393));
#11688 = CARTESIAN_POINT('',(-33.77685057393,18.85586947304));
#11689 = ( GEOMETRIC_REPRESENTATION_CONTEXT(2)
PARAMETRIC_REPRESENTATION_CONTEXT() REPRESENTATION_CONTEXT('2D SPACE',''
  ) );
#11690 = PCURVE('',#9176,#11691);
#11691 = DEFINITIONAL_REPRESENTATION('',(#11692),#11696);
#11692 = LINE('',#11693,#11694);
#11693 = CARTESIAN_POINT('',(-6.28318530718,-2.2));
#11694 = VECTOR('',#11695,1.);
#11695 = DIRECTION('',(1.,-0.));
#11696 = ( GEOMETRIC_REPRESENTATION_CONTEXT(2)
PARAMETRIC_REPRESENTATION_CONTEXT() REPRESENTATION_CONTEXT('2D SPACE',''
  ) );
#11697 = FACE_BOUND('',#11698,.T.);
#11698 = EDGE_LOOP('',(#11699,#11724,#11747,#11770));
#11699 = ORIENTED_EDGE('',*,*,#11700,.T.);
#11700 = EDGE_CURVE('',#11701,#11703,#11705,.T.);
#11701 = VERTEX_POINT('',#11702);
#11702 = CARTESIAN_POINT('',(-11.6,19.025,60.3));
#11703 = VERTEX_POINT('',#11704);
#11704 = CARTESIAN_POINT('',(-17.4,19.025,60.3));
#11705 = SURFACE_CURVE('',#11706,(#11710,#11717),.PCURVE_S1.);
#11706 = LINE('',#11707,#11708);
#11707 = CARTESIAN_POINT('',(-8.7,19.025,60.3));
#11708 = VECTOR('',#11709,1.);
#11709 = DIRECTION('',(-1.,0.,0.));
#11710 = PCURVE('',#7621,#11711);
#11711 = DEFINITIONAL_REPRESENTATION('',(#11712),#11716);
#11712 = LINE('',#11713,#11714);
#11713 = CARTESIAN_POINT('',(-8.7,19.025));
#11714 = VECTOR('',#11715,1.);
#11715 = DIRECTION('',(-1.,0.));
#11716 = ( GEOMETRIC_REPRESENTATION_CONTEXT(2)
PARAMETRIC_REPRESENTATION_CONTEXT() REPRESENTATION_CONTEXT('2D SPACE',''
  ) );
#11717 = PCURVE('',#9208,#11718);
#11718 = DEFINITIONAL_REPRESENTATION('',(#11719),#11723);
#11719 = LINE('',#11720,#11721);
#11720 = CARTESIAN_POINT('',(2.2,8.7));
#11721 = VECTOR('',#11722,1.);
#11722 = DIRECTION('',(0.,-1.));
#11723 = ( GEOMETRIC_REPRESENTATION_CONTEXT(2)
PARAMETRIC_REPRESENTATION_CONTEXT() REPRESENTATION_CONTEXT('2D SPACE',''
  ) );
#11724 = ORIENTED_EDGE('',*,*,#11725,.T.);
#11725 = EDGE_CURVE('',#11703,#11726,#11728,.T.);
#11726 = VERTEX_POINT('',#11727);
#11727 = CARTESIAN_POINT('',(-17.4,20.975,60.3));
#11728 = SURFACE_CURVE('',#11729,(#11733,#11740),.PCURVE_S1.);
#11729 = LINE('',#11730,#11731);
#11730 = CARTESIAN_POINT('',(-17.4,9.5125,60.3));
#11731 = VECTOR('',#11732,1.);
#11732 = DIRECTION('',(0.,1.,0.));
#11733 = PCURVE('',#7621,#11734);
#11734 = DEFINITIONAL_REPRESENTATION('',(#11735),#11739);
#11735 = LINE('',#11736,#11737);
#11736 = CARTESIAN_POINT('',(-17.4,9.5125));
#11737 = VECTOR('',#11738,1.);
#11738 = DIRECTION('',(0.,1.));
#11739 = ( GEOMETRIC_REPRESENTATION_CONTEXT(2)
PARAMETRIC_REPRESENTATION_CONTEXT() REPRESENTATION_CONTEXT('2D SPACE',''
  ) );
#11740 = PCURVE('',#9236,#11741);
#11741 = DEFINITIONAL_REPRESENTATION('',(#11742),#11746);
#11742 = LINE('',#11743,#11744);
#11743 = CARTESIAN_POINT('',(2.2,9.5125));
#11744 = VECTOR('',#11745,1.);
#11745 = DIRECTION('',(0.,-1.));
#11746 = ( GEOMETRIC_REPRESENTATION_CONTEXT(2)
PARAMETRIC_REPRESENTATION_CONTEXT() REPRESENTATION_CONTEXT('2D SPACE',''
  ) );
#11747 = ORIENTED_EDGE('',*,*,#11748,.F.);
#11748 = EDGE_CURVE('',#11749,#11726,#11751,.T.);
#11749 = VERTEX_POINT('',#11750);
#11750 = CARTESIAN_POINT('',(-11.6,20.975,60.3));
#11751 = SURFACE_CURVE('',#11752,(#11756,#11763),.PCURVE_S1.);
#11752 = LINE('',#11753,#11754);
#11753 = CARTESIAN_POINT('',(-8.7,20.975,60.3));
#11754 = VECTOR('',#11755,1.);
#11755 = DIRECTION('',(-1.,0.,0.));
#11756 = PCURVE('',#7621,#11757);
#11757 = DEFINITIONAL_REPRESENTATION('',(#11758),#11762);
#11758 = LINE('',#11759,#11760);
#11759 = CARTESIAN_POINT('',(-8.7,20.975));
#11760 = VECTOR('',#11761,1.);
#11761 = DIRECTION('',(-1.,0.));
#11762 = ( GEOMETRIC_REPRESENTATION_CONTEXT(2)
PARAMETRIC_REPRESENTATION_CONTEXT() REPRESENTATION_CONTEXT('2D SPACE',''
  ) );
#11763 = PCURVE('',#9264,#11764);
#11764 = DEFINITIONAL_REPRESENTATION('',(#11765),#11769);
#11765 = LINE('',#11766,#11767);
#11766 = CARTESIAN_POINT('',(2.2,8.7));
#11767 = VECTOR('',#11768,1.);
#11768 = DIRECTION('',(0.,-1.));
#11769 = ( GEOMETRIC_REPRESENTATION_CONTEXT(2)
PARAMETRIC_REPRESENTATION_CONTEXT() REPRESENTATION_CONTEXT('2D SPACE',''
  ) );
#11770 = ORIENTED_EDGE('',*,*,#11771,.F.);
#11771 = EDGE_CURVE('',#11701,#11749,#11772,.T.);
#11772 = SURFACE_CURVE('',#11773,(#11777,#11784),.PCURVE_S1.);
#11773 = LINE('',#11774,#11775);
#11774 = CARTESIAN_POINT('',(-11.6,9.5125,60.3));
#11775 = VECTOR('',#11776,1.);
#11776 = DIRECTION('',(0.,1.,0.));
#11777 = PCURVE('',#7621,#11778);
#11778 = DEFINITIONAL_REPRESENTATION('',(#11779),#11783);
#11779 = LINE('',#11780,#11781);
#11780 = CARTESIAN_POINT('',(-11.6,9.5125));
#11781 = VECTOR('',#11782,1.);
#11782 = DIRECTION('',(0.,1.));
#11783 = ( GEOMETRIC_REPRESENTATION_CONTEXT(2)
PARAMETRIC_REPRESENTATION_CONTEXT() REPRESENTATION_CONTEXT('2D SPACE',''
  ) );
#11784 = PCURVE('',#9290,#11785);
#11785 = DEFINITIONAL_REPRESENTATION('',(#11786),#11790);
#11786 = LINE('',#11787,#11788);
#11787 = CARTESIAN_POINT('',(2.2,9.5125));
#11788 = VECTOR('',#11789,1.);
#11789 = DIRECTION('',(0.,-1.));
#11790 = ( GEOMETRIC_REPRESENTATION_CONTEXT(2)
PARAMETRIC_REPRESENTATION_CONTEXT() REPRESENTATION_CONTEXT('2D SPACE',''
  ) );
#11791 = FACE_BOUND('',#11792,.T.);
#11792 = EDGE_LOOP('',(#11793));
#11793 = ORIENTED_EDGE('',*,*,#11794,.T.);
#11794 = EDGE_CURVE('',#11795,#11795,#11797,.T.);
#11795 = VERTEX_POINT('',#11796);
#11796 = CARTESIAN_POINT('',(-31.7587844921,22.222809320784,60.3));
#11797 = SURFACE_CURVE('',#11798,(#11803,#11814),.PCURVE_S1.);
#11798 = CIRCLE('',#11799,1.5);
#11799 = AXIS2_PLACEMENT_3D('',#11800,#11801,#11802);
#11800 = CARTESIAN_POINT('',(-33.2587844921,22.222809320784,60.3));
#11801 = DIRECTION('',(0.,0.,-1.));
#11802 = DIRECTION('',(1.,0.,0.));
#11803 = PCURVE('',#7621,#11804);
#11804 = DEFINITIONAL_REPRESENTATION('',(#11805),#11813);
#11805 = ( BOUNDED_CURVE() B_SPLINE_CURVE(2,(#11806,#11807,#11808,#11809
    ,#11810,#11811,#11812),.UNSPECIFIED.,.T.,.F.)
B_SPLINE_CURVE_WITH_KNOTS((1,2,2,2,2,1),(-2.094395102393,0.,
    2.094395102393,4.188790204786,6.28318530718,8.377580409573),
.UNSPECIFIED.) CURVE() GEOMETRIC_REPRESENTATION_ITEM()
RATIONAL_B_SPLINE_CURVE((1.,0.5,1.,0.5,1.,0.5,1.)) REPRESENTATION_ITEM(
  '') );
#11806 = CARTESIAN_POINT('',(-31.7587844921,22.222809320784));
#11807 = CARTESIAN_POINT('',(-31.7587844921,19.624733109431));
#11808 = CARTESIAN_POINT('',(-34.0087844921,20.923771215107));
#11809 = CARTESIAN_POINT('',(-36.2587844921,22.222809320784));
#11810 = CARTESIAN_POINT('',(-34.0087844921,23.521847426461));
#11811 = CARTESIAN_POINT('',(-31.7587844921,24.820885532137));
#11812 = CARTESIAN_POINT('',(-31.7587844921,22.222809320784));
#11813 = ( GEOMETRIC_REPRESENTATION_CONTEXT(2)
PARAMETRIC_REPRESENTATION_CONTEXT() REPRESENTATION_CONTEXT('2D SPACE',''
  ) );
#11814 = PCURVE('',#9325,#11815);
#11815 = DEFINITIONAL_REPRESENTATION('',(#11816),#11820);
#11816 = LINE('',#11817,#11818);
#11817 = CARTESIAN_POINT('',(-6.28318530718,-2.2));
#11818 = VECTOR('',#11819,1.);
#11819 = DIRECTION('',(1.,-0.));
#11820 = ( GEOMETRIC_REPRESENTATION_CONTEXT(2)
PARAMETRIC_REPRESENTATION_CONTEXT() REPRESENTATION_CONTEXT('2D SPACE',''
  ) );
#11821 = FACE_BOUND('',#11822,.T.);
#11822 = EDGE_LOOP('',(#11823));
#11823 = ORIENTED_EDGE('',*,*,#11824,.T.);
#11824 = EDGE_CURVE('',#11825,#11825,#11827,.T.);
#11825 = VERTEX_POINT('',#11826);
#11826 = CARTESIAN_POINT('',(-29.4204181345,25.375731366546,60.3));
#11827 = SURFACE_CURVE('',#11828,(#11833,#11844),.PCURVE_S1.);
#11828 = CIRCLE('',#11829,1.5);
#11829 = AXIS2_PLACEMENT_3D('',#11830,#11831,#11832);
#11830 = CARTESIAN_POINT('',(-30.9204181345,25.375731366546,60.3));
#11831 = DIRECTION('',(0.,0.,-1.));
#11832 = DIRECTION('',(1.,0.,0.));
#11833 = PCURVE('',#7621,#11834);
#11834 = DEFINITIONAL_REPRESENTATION('',(#11835),#11843);
#11835 = ( BOUNDED_CURVE() B_SPLINE_CURVE(2,(#11836,#11837,#11838,#11839
    ,#11840,#11841,#11842),.UNSPECIFIED.,.T.,.F.)
B_SPLINE_CURVE_WITH_KNOTS((1,2,2,2,2,1),(-2.094395102393,0.,
    2.094395102393,4.188790204786,6.28318530718,8.377580409573),
.UNSPECIFIED.) CURVE() GEOMETRIC_REPRESENTATION_ITEM()
RATIONAL_B_SPLINE_CURVE((1.,0.5,1.,0.5,1.,0.5,1.)) REPRESENTATION_ITEM(
  '') );
#11836 = CARTESIAN_POINT('',(-29.4204181345,25.375731366546));
#11837 = CARTESIAN_POINT('',(-29.4204181345,22.777655155193));
#11838 = CARTESIAN_POINT('',(-31.6704181345,24.076693260869));
#11839 = CARTESIAN_POINT('',(-33.9204181345,25.375731366546));
#11840 = CARTESIAN_POINT('',(-31.6704181345,26.674769472222));
#11841 = CARTESIAN_POINT('',(-29.4204181345,27.973807577899));
#11842 = CARTESIAN_POINT('',(-29.4204181345,25.375731366546));
#11843 = ( GEOMETRIC_REPRESENTATION_CONTEXT(2)
PARAMETRIC_REPRESENTATION_CONTEXT() REPRESENTATION_CONTEXT('2D SPACE',''
  ) );
#11844 = PCURVE('',#9360,#11845);
#11845 = DEFINITIONAL_REPRESENTATION('',(#11846),#11850);
#11846 = LINE('',#11847,#11848);
#11847 = CARTESIAN_POINT('',(-6.28318530718,-2.2));
#11848 = VECTOR('',#11849,1.);
#11849 = DIRECTION('',(1.,-0.));
#11850 = ( GEOMETRIC_REPRESENTATION_CONTEXT(2)
PARAMETRIC_REPRESENTATION_CONTEXT() REPRESENTATION_CONTEXT('2D SPACE',''
  ) );
#11851 = FACE_BOUND('',#11852,.T.);
#11852 = EDGE_LOOP('',(#11853));
#11853 = ORIENTED_EDGE('',*,*,#11854,.T.);
#11854 = EDGE_CURVE('',#11855,#11855,#11857,.T.);
#11855 = VERTEX_POINT('',#11856);
#11856 = CARTESIAN_POINT('',(-26.78427124746,28.284271247462,60.3));
#11857 = SURFACE_CURVE('',#11858,(#11863,#11874),.PCURVE_S1.);
#11858 = CIRCLE('',#11859,1.5);
#11859 = AXIS2_PLACEMENT_3D('',#11860,#11861,#11862);
#11860 = CARTESIAN_POINT('',(-28.28427124746,28.284271247462,60.3));
#11861 = DIRECTION('',(0.,0.,-1.));
#11862 = DIRECTION('',(1.,0.,0.));
#11863 = PCURVE('',#7621,#11864);
#11864 = DEFINITIONAL_REPRESENTATION('',(#11865),#11873);
#11865 = ( BOUNDED_CURVE() B_SPLINE_CURVE(2,(#11866,#11867,#11868,#11869
    ,#11870,#11871,#11872),.UNSPECIFIED.,.T.,.F.)
B_SPLINE_CURVE_WITH_KNOTS((1,2,2,2,2,1),(-2.094395102393,0.,
    2.094395102393,4.188790204786,6.28318530718,8.377580409573),
.UNSPECIFIED.) CURVE() GEOMETRIC_REPRESENTATION_ITEM()
RATIONAL_B_SPLINE_CURVE((1.,0.5,1.,0.5,1.,0.5,1.)) REPRESENTATION_ITEM(
  '') );
#11866 = CARTESIAN_POINT('',(-26.78427124746,28.284271247462));
#11867 = CARTESIAN_POINT('',(-26.78427124746,25.686195036109));
#11868 = CARTESIAN_POINT('',(-29.03427124746,26.985233141785));
#11869 = CARTESIAN_POINT('',(-31.28427124746,28.284271247462));
#11870 = CARTESIAN_POINT('',(-29.03427124746,29.583309353139));
#11871 = CARTESIAN_POINT('',(-26.78427124746,30.882347458815));
#11872 = CARTESIAN_POINT('',(-26.78427124746,28.284271247462));
#11873 = ( GEOMETRIC_REPRESENTATION_CONTEXT(2)
PARAMETRIC_REPRESENTATION_CONTEXT() REPRESENTATION_CONTEXT('2D SPACE',''
  ) );
#11874 = PCURVE('',#9395,#11875);
#11875 = DEFINITIONAL_REPRESENTATION('',(#11876),#11880);
#11876 = LINE('',#11877,#11878);
#11877 = CARTESIAN_POINT('',(-6.28318530718,-2.2));
#11878 = VECTOR('',#11879,1.);
#11879 = DIRECTION('',(1.,-0.));
#11880 = ( GEOMETRIC_REPRESENTATION_CONTEXT(2)
PARAMETRIC_REPRESENTATION_CONTEXT() REPRESENTATION_CONTEXT('2D SPACE',''
  ) );
#11881 = FACE_BOUND('',#11882,.T.);
#11882 = EDGE_LOOP('',(#11883));
#11883 = ORIENTED_EDGE('',*,*,#11884,.T.);
#11884 = EDGE_CURVE('',#11885,#11885,#11887,.T.);
#11885 = VERTEX_POINT('',#11886);
#11886 = CARTESIAN_POINT('',(-23.87573136654,30.920418134509,60.3));
#11887 = SURFACE_CURVE('',#11888,(#11893,#11904),.PCURVE_S1.);
#11888 = CIRCLE('',#11889,1.5);
#11889 = AXIS2_PLACEMENT_3D('',#11890,#11891,#11892);
#11890 = CARTESIAN_POINT('',(-25.37573136654,30.920418134509,60.3));
#11891 = DIRECTION('',(0.,0.,-1.));
#11892 = DIRECTION('',(1.,0.,0.));
#11893 = PCURVE('',#7621,#11894);
#11894 = DEFINITIONAL_REPRESENTATION('',(#11895),#11903);
#11895 = ( BOUNDED_CURVE() B_SPLINE_CURVE(2,(#11896,#11897,#11898,#11899
    ,#11900,#11901,#11902),.UNSPECIFIED.,.T.,.F.)
B_SPLINE_CURVE_WITH_KNOTS((1,2,2,2,2,1),(-2.094395102393,0.,
    2.094395102393,4.188790204786,6.28318530718,8.377580409573),
.UNSPECIFIED.) CURVE() GEOMETRIC_REPRESENTATION_ITEM()
RATIONAL_B_SPLINE_CURVE((1.,0.5,1.,0.5,1.,0.5,1.)) REPRESENTATION_ITEM(
  '') );
#11896 = CARTESIAN_POINT('',(-23.87573136654,30.920418134509));
#11897 = CARTESIAN_POINT('',(-23.87573136654,28.322341923156));
#11898 = CARTESIAN_POINT('',(-26.12573136654,29.621380028833));
#11899 = CARTESIAN_POINT('',(-28.37573136654,30.920418134509));
#11900 = CARTESIAN_POINT('',(-26.12573136654,32.219456240186));
#11901 = CARTESIAN_POINT('',(-23.87573136654,33.518494345863));
#11902 = CARTESIAN_POINT('',(-23.87573136654,30.920418134509));
#11903 = ( GEOMETRIC_REPRESENTATION_CONTEXT(2)
PARAMETRIC_REPRESENTATION_CONTEXT() REPRESENTATION_CONTEXT('2D SPACE',''
  ) );
#11904 = PCURVE('',#9430,#11905);
#11905 = DEFINITIONAL_REPRESENTATION('',(#11906),#11910);
#11906 = LINE('',#11907,#11908);
#11907 = CARTESIAN_POINT('',(-6.28318530718,-2.2));
#11908 = VECTOR('',#11909,1.);
#11909 = DIRECTION('',(1.,-0.));
#11910 = ( GEOMETRIC_REPRESENTATION_CONTEXT(2)
PARAMETRIC_REPRESENTATION_CONTEXT() REPRESENTATION_CONTEXT('2D SPACE',''
  ) );
#11911 = FACE_BOUND('',#11912,.T.);
#11912 = EDGE_LOOP('',(#11913));
#11913 = ORIENTED_EDGE('',*,*,#11914,.T.);
#11914 = EDGE_CURVE('',#11915,#11915,#11917,.T.);
#11915 = VERTEX_POINT('',#11916);
#11916 = CARTESIAN_POINT('',(-20.72280932078,33.258784492102,60.3));
#11917 = SURFACE_CURVE('',#11918,(#11923,#11934),.PCURVE_S1.);
#11918 = CIRCLE('',#11919,1.5);
#11919 = AXIS2_PLACEMENT_3D('',#11920,#11921,#11922);
#11920 = CARTESIAN_POINT('',(-22.22280932078,33.258784492102,60.3));
#11921 = DIRECTION('',(0.,0.,-1.));
#11922 = DIRECTION('',(1.,0.,0.));
#11923 = PCURVE('',#7621,#11924);
#11924 = DEFINITIONAL_REPRESENTATION('',(#11925),#11933);
#11925 = ( BOUNDED_CURVE() B_SPLINE_CURVE(2,(#11926,#11927,#11928,#11929
    ,#11930,#11931,#11932),.UNSPECIFIED.,.T.,.F.)
B_SPLINE_CURVE_WITH_KNOTS((1,2,2,2,2,1),(-2.094395102393,0.,
    2.094395102393,4.188790204786,6.28318530718,8.377580409573),
.UNSPECIFIED.) CURVE() GEOMETRIC_REPRESENTATION_ITEM()
RATIONAL_B_SPLINE_CURVE((1.,0.5,1.,0.5,1.,0.5,1.)) REPRESENTATION_ITEM(
  '') );
#11926 = CARTESIAN_POINT('',(-20.72280932078,33.258784492102));
#11927 = CARTESIAN_POINT('',(-20.72280932078,30.660708280748));
#11928 = CARTESIAN_POINT('',(-22.97280932078,31.959746386425));
#11929 = CARTESIAN_POINT('',(-25.22280932078,33.258784492102));
#11930 = CARTESIAN_POINT('',(-22.97280932078,34.557822597778));
#11931 = CARTESIAN_POINT('',(-20.72280932078,35.856860703455));
#11932 = CARTESIAN_POINT('',(-20.72280932078,33.258784492102));
#11933 = ( GEOMETRIC_REPRESENTATION_CONTEXT(2)
PARAMETRIC_REPRESENTATION_CONTEXT() REPRESENTATION_CONTEXT('2D SPACE',''
  ) );
#11934 = PCURVE('',#9465,#11935);
#11935 = DEFINITIONAL_REPRESENTATION('',(#11936),#11940);
#11936 = LINE('',#11937,#11938);
#11937 = CARTESIAN_POINT('',(-6.28318530718,-2.2));
#11938 = VECTOR('',#11939,1.);
#11939 = DIRECTION('',(1.,-0.));
#11940 = ( GEOMETRIC_REPRESENTATION_CONTEXT(2)
PARAMETRIC_REPRESENTATION_CONTEXT() REPRESENTATION_CONTEXT('2D SPACE',''
  ) );
#11941 = FACE_BOUND('',#11942,.T.);
#11942 = EDGE_LOOP('',(#11943));
#11943 = ORIENTED_EDGE('',*,*,#11944,.T.);
#11944 = EDGE_CURVE('',#11945,#11945,#11947,.T.);
#11945 = VERTEX_POINT('',#11946);
#11946 = CARTESIAN_POINT('',(-17.35586947304,35.276850573934,60.3));
#11947 = SURFACE_CURVE('',#11948,(#11953,#11964),.PCURVE_S1.);
#11948 = CIRCLE('',#11949,1.5);
#11949 = AXIS2_PLACEMENT_3D('',#11950,#11951,#11952);
#11950 = CARTESIAN_POINT('',(-18.85586947304,35.276850573934,60.3));
#11951 = DIRECTION('',(0.,0.,-1.));
#11952 = DIRECTION('',(1.,0.,0.));
#11953 = PCURVE('',#7621,#11954);
#11954 = DEFINITIONAL_REPRESENTATION('',(#11955),#11963);
#11955 = ( BOUNDED_CURVE() B_SPLINE_CURVE(2,(#11956,#11957,#11958,#11959
    ,#11960,#11961,#11962),.UNSPECIFIED.,.T.,.F.)
B_SPLINE_CURVE_WITH_KNOTS((1,2,2,2,2,1),(-2.094395102393,0.,
    2.094395102393,4.188790204786,6.28318530718,8.377580409573),
.UNSPECIFIED.) CURVE() GEOMETRIC_REPRESENTATION_ITEM()
RATIONAL_B_SPLINE_CURVE((1.,0.5,1.,0.5,1.,0.5,1.)) REPRESENTATION_ITEM(
  '') );
#11956 = CARTESIAN_POINT('',(-17.35586947304,35.276850573934));
#11957 = CARTESIAN_POINT('',(-17.35586947304,32.678774362581));
#11958 = CARTESIAN_POINT('',(-19.60586947304,33.977812468258));
#11959 = CARTESIAN_POINT('',(-21.85586947304,35.276850573934));
#11960 = CARTESIAN_POINT('',(-19.60586947304,36.575888679611));
#11961 = CARTESIAN_POINT('',(-17.35586947304,37.874926785288));
#11962 = CARTESIAN_POINT('',(-17.35586947304,35.276850573934));
#11963 = ( GEOMETRIC_REPRESENTATION_CONTEXT(2)
PARAMETRIC_REPRESENTATION_CONTEXT() REPRESENTATION_CONTEXT('2D SPACE',''
  ) );
#11964 = PCURVE('',#9500,#11965);
#11965 = DEFINITIONAL_REPRESENTATION('',(#11966),#11970);
#11966 = LINE('',#11967,#11968);
#11967 = CARTESIAN_POINT('',(-6.28318530718,-2.2));
#11968 = VECTOR('',#11969,1.);
#11969 = DIRECTION('',(1.,-0.));
#11970 = ( GEOMETRIC_REPRESENTATION_CONTEXT(2)
PARAMETRIC_REPRESENTATION_CONTEXT() REPRESENTATION_CONTEXT('2D SPACE',''
  ) );
#11971 = FACE_BOUND('',#11972,.T.);
#11972 = EDGE_LOOP('',(#11973));
#11973 = ORIENTED_EDGE('',*,*,#11974,.T.);
#11974 = EDGE_CURVE('',#11975,#11975,#11977,.T.);
#11975 = VERTEX_POINT('',#11976);
#11976 = CARTESIAN_POINT('',(-13.8073372946,36.955181300451,60.3));
#11977 = SURFACE_CURVE('',#11978,(#11983,#11994),.PCURVE_S1.);
#11978 = CIRCLE('',#11979,1.5);
#11979 = AXIS2_PLACEMENT_3D('',#11980,#11981,#11982);
#11980 = CARTESIAN_POINT('',(-15.3073372946,36.955181300451,60.3));
#11981 = DIRECTION('',(0.,0.,-1.));
#11982 = DIRECTION('',(1.,0.,0.));
#11983 = PCURVE('',#7621,#11984);
#11984 = DEFINITIONAL_REPRESENTATION('',(#11985),#11993);
#11985 = ( BOUNDED_CURVE() B_SPLINE_CURVE(2,(#11986,#11987,#11988,#11989
    ,#11990,#11991,#11992),.UNSPECIFIED.,.T.,.F.)
B_SPLINE_CURVE_WITH_KNOTS((1,2,2,2,2,1),(-2.094395102393,0.,
    2.094395102393,4.188790204786,6.28318530718,8.377580409573),
.UNSPECIFIED.) CURVE() GEOMETRIC_REPRESENTATION_ITEM()
RATIONAL_B_SPLINE_CURVE((1.,0.5,1.,0.5,1.,0.5,1.)) REPRESENTATION_ITEM(
  '') );
#11986 = CARTESIAN_POINT('',(-13.8073372946,36.955181300451));
#11987 = CARTESIAN_POINT('',(-13.8073372946,34.357105089098));
#11988 = CARTESIAN_POINT('',(-16.0573372946,35.656143194775));
#11989 = CARTESIAN_POINT('',(-18.3073372946,36.955181300451));
#11990 = CARTESIAN_POINT('',(-16.0573372946,38.254219406128));
#11991 = CARTESIAN_POINT('',(-13.8073372946,39.553257511805));
#11992 = CARTESIAN_POINT('',(-13.8073372946,36.955181300451));
#11993 = ( GEOMETRIC_REPRESENTATION_CONTEXT(2)
PARAMETRIC_REPRESENTATION_CONTEXT() REPRESENTATION_CONTEXT('2D SPACE',''
  ) );
#11994 = PCURVE('',#9535,#11995);
#11995 = DEFINITIONAL_REPRESENTATION('',(#11996),#12000);
#11996 = LINE('',#11997,#11998);
#11997 = CARTESIAN_POINT('',(-6.28318530718,-2.2));
#11998 = VECTOR('',#11999,1.);
#11999 = DIRECTION('',(1.,-0.));
#12000 = ( GEOMETRIC_REPRESENTATION_CONTEXT(2)
PARAMETRIC_REPRESENTATION_CONTEXT() REPRESENTATION_CONTEXT('2D SPACE',''
  ) );
#12001 = FACE_BOUND('',#12002,.T.);
#12002 = EDGE_LOOP('',(#12003));
#12003 = ORIENTED_EDGE('',*,*,#12004,.T.);
#12004 = EDGE_CURVE('',#12005,#12005,#12007,.T.);
#12005 = VERTEX_POINT('',#12006);
#12006 = CARTESIAN_POINT('',(-10.11138709017,38.277613429288,60.3));
#12007 = SURFACE_CURVE('',#12008,(#12013,#12024),.PCURVE_S1.);
#12008 = CIRCLE('',#12009,1.5);
#12009 = AXIS2_PLACEMENT_3D('',#12010,#12011,#12012);
#12010 = CARTESIAN_POINT('',(-11.61138709017,38.277613429288,60.3));
#12011 = DIRECTION('',(0.,0.,-1.));
#12012 = DIRECTION('',(1.,0.,0.));
#12013 = PCURVE('',#7621,#12014);
#12014 = DEFINITIONAL_REPRESENTATION('',(#12015),#12023);
#12015 = ( BOUNDED_CURVE() B_SPLINE_CURVE(2,(#12016,#12017,#12018,#12019
    ,#12020,#12021,#12022),.UNSPECIFIED.,.T.,.F.)
B_SPLINE_CURVE_WITH_KNOTS((1,2,2,2,2,1),(-2.094395102393,0.,
    2.094395102393,4.188790204786,6.28318530718,8.377580409573),
.UNSPECIFIED.) CURVE() GEOMETRIC_REPRESENTATION_ITEM()
RATIONAL_B_SPLINE_CURVE((1.,0.5,1.,0.5,1.,0.5,1.)) REPRESENTATION_ITEM(
  '') );
#12016 = CARTESIAN_POINT('',(-10.11138709017,38.277613429288));
#12017 = CARTESIAN_POINT('',(-10.11138709017,35.679537217935));
#12018 = CARTESIAN_POINT('',(-12.36138709017,36.978575323612));
#12019 = CARTESIAN_POINT('',(-14.61138709017,38.277613429288));
#12020 = CARTESIAN_POINT('',(-12.36138709017,39.576651534965));
#12021 = CARTESIAN_POINT('',(-10.11138709017,40.875689640642));
#12022 = CARTESIAN_POINT('',(-10.11138709017,38.277613429288));
#12023 = ( GEOMETRIC_REPRESENTATION_CONTEXT(2)
PARAMETRIC_REPRESENTATION_CONTEXT() REPRESENTATION_CONTEXT('2D SPACE',''
  ) );
#12024 = PCURVE('',#9570,#12025);
#12025 = DEFINITIONAL_REPRESENTATION('',(#12026),#12030);
#12026 = LINE('',#12027,#12028);
#12027 = CARTESIAN_POINT('',(-6.28318530718,-2.2));
#12028 = VECTOR('',#12029,1.);
#12029 = DIRECTION('',(1.,-0.));
#12030 = ( GEOMETRIC_REPRESENTATION_CONTEXT(2)
PARAMETRIC_REPRESENTATION_CONTEXT() REPRESENTATION_CONTEXT('2D SPACE',''
  ) );
#12031 = FACE_BOUND('',#12032,.T.);
#12032 = EDGE_LOOP('',(#12033));
#12033 = ORIENTED_EDGE('',*,*,#12034,.T.);
#12034 = EDGE_CURVE('',#12035,#12035,#12037,.T.);
#12035 = VERTEX_POINT('',#12036);
#12036 = CARTESIAN_POINT('',(-6.303612880645,39.231411216129,60.3));
#12037 = SURFACE_CURVE('',#12038,(#12043,#12054),.PCURVE_S1.);
#12038 = CIRCLE('',#12039,1.5);
#12039 = AXIS2_PLACEMENT_3D('',#12040,#12041,#12042);
#12040 = CARTESIAN_POINT('',(-7.803612880645,39.231411216129,60.3));
#12041 = DIRECTION('',(0.,0.,-1.));
#12042 = DIRECTION('',(1.,0.,0.));
#12043 = PCURVE('',#7621,#12044);
#12044 = DEFINITIONAL_REPRESENTATION('',(#12045),#12053);
#12045 = ( BOUNDED_CURVE() B_SPLINE_CURVE(2,(#12046,#12047,#12048,#12049
    ,#12050,#12051,#12052),.UNSPECIFIED.,.T.,.F.)
B_SPLINE_CURVE_WITH_KNOTS((1,2,2,2,2,1),(-2.094395102393,0.,
    2.094395102393,4.188790204786,6.28318530718,8.377580409573),
.UNSPECIFIED.) CURVE() GEOMETRIC_REPRESENTATION_ITEM()
RATIONAL_B_SPLINE_CURVE((1.,0.5,1.,0.5,1.,0.5,1.)) REPRESENTATION_ITEM(
  '') );
#12046 = CARTESIAN_POINT('',(-6.303612880645,39.231411216129));
#12047 = CARTESIAN_POINT('',(-6.303612880645,36.633335004776));
#12048 = CARTESIAN_POINT('',(-8.553612880645,37.932373110453));
#12049 = CARTESIAN_POINT('',(-10.80361288064,39.231411216129));
#12050 = CARTESIAN_POINT('',(-8.553612880645,40.530449321806));
#12051 = CARTESIAN_POINT('',(-6.303612880645,41.829487427483));
#12052 = CARTESIAN_POINT('',(-6.303612880645,39.231411216129));
#12053 = ( GEOMETRIC_REPRESENTATION_CONTEXT(2)
PARAMETRIC_REPRESENTATION_CONTEXT() REPRESENTATION_CONTEXT('2D SPACE',''
  ) );
#12054 = PCURVE('',#9605,#12055);
#12055 = DEFINITIONAL_REPRESENTATION('',(#12056),#12060);
#12056 = LINE('',#12057,#12058);
#12057 = CARTESIAN_POINT('',(-6.28318530718,-2.2));
#12058 = VECTOR('',#12059,1.);
#12059 = DIRECTION('',(1.,-0.));
#12060 = ( GEOMETRIC_REPRESENTATION_CONTEXT(2)
PARAMETRIC_REPRESENTATION_CONTEXT() REPRESENTATION_CONTEXT('2D SPACE',''
  ) );
#12061 = FACE_BOUND('',#12062,.T.);
#12062 = EDGE_LOOP('',(#12063));
#12063 = ORIENTED_EDGE('',*,*,#12064,.T.);
#12064 = EDGE_CURVE('',#12065,#12065,#12067,.T.);
#12065 = VERTEX_POINT('',#12066);
#12066 = CARTESIAN_POINT('',(-2.420685613182,39.807389066888,60.3));
#12067 = SURFACE_CURVE('',#12068,(#12073,#12084),.PCURVE_S1.);
#12068 = CIRCLE('',#12069,1.5);
#12069 = AXIS2_PLACEMENT_3D('',#12070,#12071,#12072);
#12070 = CARTESIAN_POINT('',(-3.920685613182,39.807389066888,60.3));
#12071 = DIRECTION('',(0.,0.,-1.));
#12072 = DIRECTION('',(1.,0.,0.));
#12073 = PCURVE('',#7621,#12074);
#12074 = DEFINITIONAL_REPRESENTATION('',(#12075),#12083);
#12075 = ( BOUNDED_CURVE() B_SPLINE_CURVE(2,(#12076,#12077,#12078,#12079
    ,#12080,#12081,#12082),.UNSPECIFIED.,.T.,.F.)
B_SPLINE_CURVE_WITH_KNOTS((1,2,2,2,2,1),(-2.094395102393,0.,
    2.094395102393,4.188790204786,6.28318530718,8.377580409573),
.UNSPECIFIED.) CURVE() GEOMETRIC_REPRESENTATION_ITEM()
RATIONAL_B_SPLINE_CURVE((1.,0.5,1.,0.5,1.,0.5,1.)) REPRESENTATION_ITEM(
  '') );
#12076 = CARTESIAN_POINT('',(-2.420685613182,39.807389066888));
#12077 = CARTESIAN_POINT('',(-2.420685613182,37.209312855535));
#12078 = CARTESIAN_POINT('',(-4.670685613182,38.508350961211));
#12079 = CARTESIAN_POINT('',(-6.920685613182,39.807389066888));
#12080 = CARTESIAN_POINT('',(-4.670685613182,41.106427172565));
#12081 = CARTESIAN_POINT('',(-2.420685613182,42.405465278241));
#12082 = CARTESIAN_POINT('',(-2.420685613182,39.807389066888));
#12083 = ( GEOMETRIC_REPRESENTATION_CONTEXT(2)
PARAMETRIC_REPRESENTATION_CONTEXT() REPRESENTATION_CONTEXT('2D SPACE',''
  ) );
#12084 = PCURVE('',#9640,#12085);
#12085 = DEFINITIONAL_REPRESENTATION('',(#12086),#12090);
#12086 = LINE('',#12087,#12088);
#12087 = CARTESIAN_POINT('',(-6.28318530718,-2.2));
#12088 = VECTOR('',#12089,1.);
#12089 = DIRECTION('',(1.,-0.));
#12090 = ( GEOMETRIC_REPRESENTATION_CONTEXT(2)
PARAMETRIC_REPRESENTATION_CONTEXT() REPRESENTATION_CONTEXT('2D SPACE',''
  ) );
#12091 = FACE_BOUND('',#12092,.T.);
#12092 = EDGE_LOOP('',(#12093));
#12093 = ORIENTED_EDGE('',*,*,#12094,.T.);
#12094 = EDGE_CURVE('',#12095,#12095,#12097,.T.);
#12095 = VERTEX_POINT('',#12096);
#12096 = CARTESIAN_POINT('',(1.7,0.,60.3));
#12097 = SURFACE_CURVE('',#12098,(#12103,#12114),.PCURVE_S1.);
#12098 = CIRCLE('',#12099,1.7);
#12099 = AXIS2_PLACEMENT_3D('',#12100,#12101,#12102);
#12100 = CARTESIAN_POINT('',(0.,0.,60.3));
#12101 = DIRECTION('',(0.,0.,-1.));
#12102 = DIRECTION('',(1.,0.,0.));
#12103 = PCURVE('',#7621,#12104);
#12104 = DEFINITIONAL_REPRESENTATION('',(#12105),#12113);
#12105 = ( BOUNDED_CURVE() B_SPLINE_CURVE(2,(#12106,#12107,#12108,#12109
    ,#12110,#12111,#12112),.UNSPECIFIED.,.T.,.F.)
B_SPLINE_CURVE_WITH_KNOTS((1,2,2,2,2,1),(-2.094395102393,0.,
    2.094395102393,4.188790204786,6.28318530718,8.377580409573),
.UNSPECIFIED.) CURVE() GEOMETRIC_REPRESENTATION_ITEM()
RATIONAL_B_SPLINE_CURVE((1.,0.5,1.,0.5,1.,0.5,1.)) REPRESENTATION_ITEM(
  '') );
#12106 = CARTESIAN_POINT('',(1.7,-3.242876655026E-16));
#12107 = CARTESIAN_POINT('',(1.7,-2.944486372867));
#12108 = CARTESIAN_POINT('',(-0.85,-1.472243186434));
#12109 = CARTESIAN_POINT('',(-3.4,-7.406675772127E-16));
#12110 = CARTESIAN_POINT('',(-0.85,1.472243186434));
#12111 = CARTESIAN_POINT('',(1.7,2.944486372867));
#12112 = CARTESIAN_POINT('',(1.7,-3.242876655026E-16));
#12113 = ( GEOMETRIC_REPRESENTATION_CONTEXT(2)
PARAMETRIC_REPRESENTATION_CONTEXT() REPRESENTATION_CONTEXT('2D SPACE',''
  ) );
#12114 = PCURVE('',#9675,#12115);
#12115 = DEFINITIONAL_REPRESENTATION('',(#12116),#12120);
#12116 = LINE('',#12117,#12118);
#12117 = CARTESIAN_POINT('',(-6.28318530718,-2.2));
#12118 = VECTOR('',#12119,1.);
#12119 = DIRECTION('',(1.,-0.));
#12120 = ( GEOMETRIC_REPRESENTATION_CONTEXT(2)
PARAMETRIC_REPRESENTATION_CONTEXT() REPRESENTATION_CONTEXT('2D SPACE',''
  ) );
#12121 = FACE_BOUND('',#12122,.T.);
#12122 = EDGE_LOOP('',(#12123,#12148,#12171,#12194));
#12123 = ORIENTED_EDGE('',*,*,#12124,.T.);
#12124 = EDGE_CURVE('',#12125,#12127,#12129,.T.);
#12125 = VERTEX_POINT('',#12126);
#12126 = CARTESIAN_POINT('',(17.4,19.025,60.3));
#12127 = VERTEX_POINT('',#12128);
#12128 = CARTESIAN_POINT('',(11.6,19.025,60.3));
#12129 = SURFACE_CURVE('',#12130,(#12134,#12141),.PCURVE_S1.);
#12130 = LINE('',#12131,#12132);
#12131 = CARTESIAN_POINT('',(5.8,19.025,60.3));
#12132 = VECTOR('',#12133,1.);
#12133 = DIRECTION('',(-1.,0.,0.));
#12134 = PCURVE('',#7621,#12135);
#12135 = DEFINITIONAL_REPRESENTATION('',(#12136),#12140);
#12136 = LINE('',#12137,#12138);
#12137 = CARTESIAN_POINT('',(5.8,19.025));
#12138 = VECTOR('',#12139,1.);
#12139 = DIRECTION('',(-1.,0.));
#12140 = ( GEOMETRIC_REPRESENTATION_CONTEXT(2)
PARAMETRIC_REPRESENTATION_CONTEXT() REPRESENTATION_CONTEXT('2D SPACE',''
  ) );
#12141 = PCURVE('',#9707,#12142);
#12142 = DEFINITIONAL_REPRESENTATION('',(#12143),#12147);
#12143 = LINE('',#12144,#12145);
#12144 = CARTESIAN_POINT('',(2.2,-5.8));
#12145 = VECTOR('',#12146,1.);
#12146 = DIRECTION('',(0.,-1.));
#12147 = ( GEOMETRIC_REPRESENTATION_CONTEXT(2)
PARAMETRIC_REPRESENTATION_CONTEXT() REPRESENTATION_CONTEXT('2D SPACE',''
  ) );
#12148 = ORIENTED_EDGE('',*,*,#12149,.T.);
#12149 = EDGE_CURVE('',#12127,#12150,#12152,.T.);
#12150 = VERTEX_POINT('',#12151);
#12151 = CARTESIAN_POINT('',(11.6,20.975,60.3));
#12152 = SURFACE_CURVE('',#12153,(#12157,#12164),.PCURVE_S1.);
#12153 = LINE('',#12154,#12155);
#12154 = CARTESIAN_POINT('',(11.6,9.5125,60.3));
#12155 = VECTOR('',#12156,1.);
#12156 = DIRECTION('',(0.,1.,0.));
#12157 = PCURVE('',#7621,#12158);
#12158 = DEFINITIONAL_REPRESENTATION('',(#12159),#12163);
#12159 = LINE('',#12160,#12161);
#12160 = CARTESIAN_POINT('',(11.6,9.5125));
#12161 = VECTOR('',#12162,1.);
#12162 = DIRECTION('',(0.,1.));
#12163 = ( GEOMETRIC_REPRESENTATION_CONTEXT(2)
PARAMETRIC_REPRESENTATION_CONTEXT() REPRESENTATION_CONTEXT('2D SPACE',''
  ) );
#12164 = PCURVE('',#9735,#12165);
#12165 = DEFINITIONAL_REPRESENTATION('',(#12166),#12170);
#12166 = LINE('',#12167,#12168);
#12167 = CARTESIAN_POINT('',(2.2,9.5125));
#12168 = VECTOR('',#12169,1.);
#12169 = DIRECTION('',(0.,-1.));
#12170 = ( GEOMETRIC_REPRESENTATION_CONTEXT(2)
PARAMETRIC_REPRESENTATION_CONTEXT() REPRESENTATION_CONTEXT('2D SPACE',''
  ) );
#12171 = ORIENTED_EDGE('',*,*,#12172,.F.);
#12172 = EDGE_CURVE('',#12173,#12150,#12175,.T.);
#12173 = VERTEX_POINT('',#12174);
#12174 = CARTESIAN_POINT('',(17.4,20.975,60.3));
#12175 = SURFACE_CURVE('',#12176,(#12180,#12187),.PCURVE_S1.);
#12176 = LINE('',#12177,#12178);
#12177 = CARTESIAN_POINT('',(5.8,20.975,60.3));
#12178 = VECTOR('',#12179,1.);
#12179 = DIRECTION('',(-1.,0.,0.));
#12180 = PCURVE('',#7621,#12181);
#12181 = DEFINITIONAL_REPRESENTATION('',(#12182),#12186);
#12182 = LINE('',#12183,#12184);
#12183 = CARTESIAN_POINT('',(5.8,20.975));
#12184 = VECTOR('',#12185,1.);
#12185 = DIRECTION('',(-1.,0.));
#12186 = ( GEOMETRIC_REPRESENTATION_CONTEXT(2)
PARAMETRIC_REPRESENTATION_CONTEXT() REPRESENTATION_CONTEXT('2D SPACE',''
  ) );
#12187 = PCURVE('',#9763,#12188);
#12188 = DEFINITIONAL_REPRESENTATION('',(#12189),#12193);
#12189 = LINE('',#12190,#12191);
#12190 = CARTESIAN_POINT('',(2.2,-5.8));
#12191 = VECTOR('',#12192,1.);
#12192 = DIRECTION('',(0.,-1.));
#12193 = ( GEOMETRIC_REPRESENTATION_CONTEXT(2)
PARAMETRIC_REPRESENTATION_CONTEXT() REPRESENTATION_CONTEXT('2D SPACE',''
  ) );
#12194 = ORIENTED_EDGE('',*,*,#12195,.F.);
#12195 = EDGE_CURVE('',#12125,#12173,#12196,.T.);
#12196 = SURFACE_CURVE('',#12197,(#12201,#12208),.PCURVE_S1.);
#12197 = LINE('',#12198,#12199);
#12198 = CARTESIAN_POINT('',(17.4,9.5125,60.3));
#12199 = VECTOR('',#12200,1.);
#12200 = DIRECTION('',(0.,1.,0.));
#12201 = PCURVE('',#7621,#12202);
#12202 = DEFINITIONAL_REPRESENTATION('',(#12203),#12207);
#12203 = LINE('',#12204,#12205);
#12204 = CARTESIAN_POINT('',(17.4,9.5125));
#12205 = VECTOR('',#12206,1.);
#12206 = DIRECTION('',(0.,1.));
#12207 = ( GEOMETRIC_REPRESENTATION_CONTEXT(2)
PARAMETRIC_REPRESENTATION_CONTEXT() REPRESENTATION_CONTEXT('2D SPACE',''
  ) );
#12208 = PCURVE('',#9789,#12209);
#12209 = DEFINITIONAL_REPRESENTATION('',(#12210),#12214);
#12210 = LINE('',#12211,#12212);
#12211 = CARTESIAN_POINT('',(2.2,9.5125));
#12212 = VECTOR('',#12213,1.);
#12213 = DIRECTION('',(0.,-1.));
#12214 = ( GEOMETRIC_REPRESENTATION_CONTEXT(2)
PARAMETRIC_REPRESENTATION_CONTEXT() REPRESENTATION_CONTEXT('2D SPACE',''
  ) );
#12215 = FACE_BOUND('',#12216,.T.);
#12216 = EDGE_LOOP('',(#12217));
#12217 = ORIENTED_EDGE('',*,*,#12218,.T.);
#12218 = EDGE_CURVE('',#12219,#12219,#12221,.T.);
#12219 = VERTEX_POINT('',#12220);
#12220 = CARTESIAN_POINT('',(41.5,0.,60.3));
#12221 = SURFACE_CURVE('',#12222,(#12227,#12238),.PCURVE_S1.);
#12222 = CIRCLE('',#12223,1.5);
#12223 = AXIS2_PLACEMENT_3D('',#12224,#12225,#12226);
#12224 = CARTESIAN_POINT('',(40.,0.,60.3));
#12225 = DIRECTION('',(0.,0.,-1.));
#12226 = DIRECTION('',(1.,0.,0.));
#12227 = PCURVE('',#7621,#12228);
#12228 = DEFINITIONAL_REPRESENTATION('',(#12229),#12237);
#12229 = ( BOUNDED_CURVE() B_SPLINE_CURVE(2,(#12230,#12231,#12232,#12233
    ,#12234,#12235,#12236),.UNSPECIFIED.,.T.,.F.)
B_SPLINE_CURVE_WITH_KNOTS((1,2,2,2,2,1),(-2.094395102393,0.,
    2.094395102393,4.188790204786,6.28318530718,8.377580409573),
.UNSPECIFIED.) CURVE() GEOMETRIC_REPRESENTATION_ITEM()
RATIONAL_B_SPLINE_CURVE((1.,0.5,1.,0.5,1.,0.5,1.)) REPRESENTATION_ITEM(
  '') );
#12230 = CARTESIAN_POINT('',(41.5,-3.242876655026E-16));
#12231 = CARTESIAN_POINT('',(41.5,-2.598076211353));
#12232 = CARTESIAN_POINT('',(39.25,-1.299038105677));
#12233 = CARTESIAN_POINT('',(37.,-6.916817052468E-16));
#12234 = CARTESIAN_POINT('',(39.25,1.299038105677));
#12235 = CARTESIAN_POINT('',(41.5,2.598076211353));
#12236 = CARTESIAN_POINT('',(41.5,-3.242876655026E-16));
#12237 = ( GEOMETRIC_REPRESENTATION_CONTEXT(2)
PARAMETRIC_REPRESENTATION_CONTEXT() REPRESENTATION_CONTEXT('2D SPACE',''
  ) );
#12238 = PCURVE('',#9824,#12239);
#12239 = DEFINITIONAL_REPRESENTATION('',(#12240),#12244);
#12240 = LINE('',#12241,#12242);
#12241 = CARTESIAN_POINT('',(-6.28318530718,-2.2));
#12242 = VECTOR('',#12243,1.);
#12243 = DIRECTION('',(1.,-0.));
#12244 = ( GEOMETRIC_REPRESENTATION_CONTEXT(2)
PARAMETRIC_REPRESENTATION_CONTEXT() REPRESENTATION_CONTEXT('2D SPACE',''
  ) );
#12245 = FACE_BOUND('',#12246,.T.);
#12246 = EDGE_LOOP('',(#12247));
#12247 = ORIENTED_EDGE('',*,*,#12248,.T.);
#12248 = EDGE_CURVE('',#12249,#12249,#12251,.T.);
#12249 = VERTEX_POINT('',#12250);
#12250 = CARTESIAN_POINT('',(41.307389066888,3.920685613182,60.3));
#12251 = SURFACE_CURVE('',#12252,(#12257,#12268),.PCURVE_S1.);
#12252 = CIRCLE('',#12253,1.5);
#12253 = AXIS2_PLACEMENT_3D('',#12254,#12255,#12256);
#12254 = CARTESIAN_POINT('',(39.807389066888,3.920685613182,60.3));
#12255 = DIRECTION('',(0.,0.,-1.));
#12256 = DIRECTION('',(1.,0.,0.));
#12257 = PCURVE('',#7621,#12258);
#12258 = DEFINITIONAL_REPRESENTATION('',(#12259),#12267);
#12259 = ( BOUNDED_CURVE() B_SPLINE_CURVE(2,(#12260,#12261,#12262,#12263
    ,#12264,#12265,#12266),.UNSPECIFIED.,.T.,.F.)
B_SPLINE_CURVE_WITH_KNOTS((1,2,2,2,2,1),(-2.094395102393,0.,
    2.094395102393,4.188790204786,6.28318530718,8.377580409573),
.UNSPECIFIED.) CURVE() GEOMETRIC_REPRESENTATION_ITEM()
RATIONAL_B_SPLINE_CURVE((1.,0.5,1.,0.5,1.,0.5,1.)) REPRESENTATION_ITEM(
  '') );
#12260 = CARTESIAN_POINT('',(41.307389066888,3.920685613182));
#12261 = CARTESIAN_POINT('',(41.307389066888,1.322609401829));
#12262 = CARTESIAN_POINT('',(39.057389066888,2.621647507506));
#12263 = CARTESIAN_POINT('',(36.807389066888,3.920685613182));
#12264 = CARTESIAN_POINT('',(39.057389066888,5.219723718859));
#12265 = CARTESIAN_POINT('',(41.307389066888,6.518761824536));
#12266 = CARTESIAN_POINT('',(41.307389066888,3.920685613182));
#12267 = ( GEOMETRIC_REPRESENTATION_CONTEXT(2)
PARAMETRIC_REPRESENTATION_CONTEXT() REPRESENTATION_CONTEXT('2D SPACE',''
  ) );
#12268 = PCURVE('',#9859,#12269);
#12269 = DEFINITIONAL_REPRESENTATION('',(#12270),#12274);
#12270 = LINE('',#12271,#12272);
#12271 = CARTESIAN_POINT('',(-6.28318530718,-2.2));
#12272 = VECTOR('',#12273,1.);
#12273 = DIRECTION('',(1.,-0.));
#12274 = ( GEOMETRIC_REPRESENTATION_CONTEXT(2)
PARAMETRIC_REPRESENTATION_CONTEXT() REPRESENTATION_CONTEXT('2D SPACE',''
  ) );
#12275 = FACE_BOUND('',#12276,.T.);
#12276 = EDGE_LOOP('',(#12277));
#12277 = ORIENTED_EDGE('',*,*,#12278,.T.);
#12278 = EDGE_CURVE('',#12279,#12279,#12281,.T.);
#12279 = VERTEX_POINT('',#12280);
#12280 = CARTESIAN_POINT('',(40.731411216129,7.803612880645,60.3));
#12281 = SURFACE_CURVE('',#12282,(#12287,#12298),.PCURVE_S1.);
#12282 = CIRCLE('',#12283,1.5);
#12283 = AXIS2_PLACEMENT_3D('',#12284,#12285,#12286);
#12284 = CARTESIAN_POINT('',(39.231411216129,7.803612880645,60.3));
#12285 = DIRECTION('',(0.,0.,-1.));
#12286 = DIRECTION('',(1.,0.,0.));
#12287 = PCURVE('',#7621,#12288);
#12288 = DEFINITIONAL_REPRESENTATION('',(#12289),#12297);
#12289 = ( BOUNDED_CURVE() B_SPLINE_CURVE(2,(#12290,#12291,#12292,#12293
    ,#12294,#12295,#12296),.UNSPECIFIED.,.T.,.F.)
B_SPLINE_CURVE_WITH_KNOTS((1,2,2,2,2,1),(-2.094395102393,0.,
    2.094395102393,4.188790204786,6.28318530718,8.377580409573),
.UNSPECIFIED.) CURVE() GEOMETRIC_REPRESENTATION_ITEM()
RATIONAL_B_SPLINE_CURVE((1.,0.5,1.,0.5,1.,0.5,1.)) REPRESENTATION_ITEM(
  '') );
#12290 = CARTESIAN_POINT('',(40.731411216129,7.803612880645));
#12291 = CARTESIAN_POINT('',(40.731411216129,5.205536669292));
#12292 = CARTESIAN_POINT('',(38.481411216129,6.504574774968));
#12293 = CARTESIAN_POINT('',(36.231411216129,7.803612880645));
#12294 = CARTESIAN_POINT('',(38.481411216129,9.102650986322));
#12295 = CARTESIAN_POINT('',(40.731411216129,10.401689091998));
#12296 = CARTESIAN_POINT('',(40.731411216129,7.803612880645));
#12297 = ( GEOMETRIC_REPRESENTATION_CONTEXT(2)
PARAMETRIC_REPRESENTATION_CONTEXT() REPRESENTATION_CONTEXT('2D SPACE',''
  ) );
#12298 = PCURVE('',#9894,#12299);
#12299 = DEFINITIONAL_REPRESENTATION('',(#12300),#12304);
#12300 = LINE('',#12301,#12302);
#12301 = CARTESIAN_POINT('',(-6.28318530718,-2.2));
#12302 = VECTOR('',#12303,1.);
#12303 = DIRECTION('',(1.,-0.));
#12304 = ( GEOMETRIC_REPRESENTATION_CONTEXT(2)
PARAMETRIC_REPRESENTATION_CONTEXT() REPRESENTATION_CONTEXT('2D SPACE',''
  ) );
#12305 = FACE_BOUND('',#12306,.T.);
#12306 = EDGE_LOOP('',(#12307));
#12307 = ORIENTED_EDGE('',*,*,#12308,.T.);
#12308 = EDGE_CURVE('',#12309,#12309,#12311,.T.);
#12309 = VERTEX_POINT('',#12310);
#12310 = CARTESIAN_POINT('',(39.777613429288,11.611387090178,60.3));
#12311 = SURFACE_CURVE('',#12312,(#12317,#12328),.PCURVE_S1.);
#12312 = CIRCLE('',#12313,1.5);
#12313 = AXIS2_PLACEMENT_3D('',#12314,#12315,#12316);
#12314 = CARTESIAN_POINT('',(38.277613429288,11.611387090178,60.3));
#12315 = DIRECTION('',(0.,0.,-1.));
#12316 = DIRECTION('',(1.,0.,0.));
#12317 = PCURVE('',#7621,#12318);
#12318 = DEFINITIONAL_REPRESENTATION('',(#12319),#12327);
#12319 = ( BOUNDED_CURVE() B_SPLINE_CURVE(2,(#12320,#12321,#12322,#12323
    ,#12324,#12325,#12326),.UNSPECIFIED.,.T.,.F.)
B_SPLINE_CURVE_WITH_KNOTS((1,2,2,2,2,1),(-2.094395102393,0.,
    2.094395102393,4.188790204786,6.28318530718,8.377580409573),
.UNSPECIFIED.) CURVE() GEOMETRIC_REPRESENTATION_ITEM()
RATIONAL_B_SPLINE_CURVE((1.,0.5,1.,0.5,1.,0.5,1.)) REPRESENTATION_ITEM(
  '') );
#12320 = CARTESIAN_POINT('',(39.777613429288,11.611387090178));
#12321 = CARTESIAN_POINT('',(39.777613429288,9.013310878825));
#12322 = CARTESIAN_POINT('',(37.527613429288,10.312348984502));
#12323 = CARTESIAN_POINT('',(35.277613429288,11.611387090178));
#12324 = CARTESIAN_POINT('',(37.527613429288,12.910425195855));
#12325 = CARTESIAN_POINT('',(39.777613429288,14.209463301532));
#12326 = CARTESIAN_POINT('',(39.777613429288,11.611387090178));
#12327 = ( GEOMETRIC_REPRESENTATION_CONTEXT(2)
PARAMETRIC_REPRESENTATION_CONTEXT() REPRESENTATION_CONTEXT('2D SPACE',''
  ) );
#12328 = PCURVE('',#9929,#12329);
#12329 = DEFINITIONAL_REPRESENTATION('',(#12330),#12334);
#12330 = LINE('',#12331,#12332);
#12331 = CARTESIAN_POINT('',(-6.28318530718,-2.2));
#12332 = VECTOR('',#12333,1.);
#12333 = DIRECTION('',(1.,-0.));
#12334 = ( GEOMETRIC_REPRESENTATION_CONTEXT(2)
PARAMETRIC_REPRESENTATION_CONTEXT() REPRESENTATION_CONTEXT('2D SPACE',''
  ) );
#12335 = FACE_BOUND('',#12336,.T.);
#12336 = EDGE_LOOP('',(#12337));
#12337 = ORIENTED_EDGE('',*,*,#12338,.T.);
#12338 = EDGE_CURVE('',#12339,#12339,#12341,.T.);
#12339 = VERTEX_POINT('',#12340);
#12340 = CARTESIAN_POINT('',(38.455181300451,15.307337294604,60.3));
#12341 = SURFACE_CURVE('',#12342,(#12347,#12358),.PCURVE_S1.);
#12342 = CIRCLE('',#12343,1.5);
#12343 = AXIS2_PLACEMENT_3D('',#12344,#12345,#12346);
#12344 = CARTESIAN_POINT('',(36.955181300451,15.307337294604,60.3));
#12345 = DIRECTION('',(0.,0.,-1.));
#12346 = DIRECTION('',(1.,0.,0.));
#12347 = PCURVE('',#7621,#12348);
#12348 = DEFINITIONAL_REPRESENTATION('',(#12349),#12357);
#12349 = ( BOUNDED_CURVE() B_SPLINE_CURVE(2,(#12350,#12351,#12352,#12353
    ,#12354,#12355,#12356),.UNSPECIFIED.,.T.,.F.)
B_SPLINE_CURVE_WITH_KNOTS((1,2,2,2,2,1),(-2.094395102393,0.,
    2.094395102393,4.188790204786,6.28318530718,8.377580409573),
.UNSPECIFIED.) CURVE() GEOMETRIC_REPRESENTATION_ITEM()
RATIONAL_B_SPLINE_CURVE((1.,0.5,1.,0.5,1.,0.5,1.)) REPRESENTATION_ITEM(
  '') );
#12350 = CARTESIAN_POINT('',(38.455181300451,15.307337294604));
#12351 = CARTESIAN_POINT('',(38.455181300451,12.70926108325));
#12352 = CARTESIAN_POINT('',(36.205181300451,14.008299188927));
#12353 = CARTESIAN_POINT('',(33.955181300451,15.307337294604));
#12354 = CARTESIAN_POINT('',(36.205181300451,16.60637540028));
#12355 = CARTESIAN_POINT('',(38.455181300451,17.905413505957));
#12356 = CARTESIAN_POINT('',(38.455181300451,15.307337294604));
#12357 = ( GEOMETRIC_REPRESENTATION_CONTEXT(2)
PARAMETRIC_REPRESENTATION_CONTEXT() REPRESENTATION_CONTEXT('2D SPACE',''
  ) );
#12358 = PCURVE('',#9964,#12359);
#12359 = DEFINITIONAL_REPRESENTATION('',(#12360),#12364);
#12360 = LINE('',#12361,#12362);
#12361 = CARTESIAN_POINT('',(-6.28318530718,-2.2));
#12362 = VECTOR('',#12363,1.);
#12363 = DIRECTION('',(1.,-0.));
#12364 = ( GEOMETRIC_REPRESENTATION_CONTEXT(2)
PARAMETRIC_REPRESENTATION_CONTEXT() REPRESENTATION_CONTEXT('2D SPACE',''
  ) );
#12365 = FACE_BOUND('',#12366,.T.);
#12366 = EDGE_LOOP('',(#12367));
#12367 = ORIENTED_EDGE('',*,*,#12368,.T.);
#12368 = EDGE_CURVE('',#12369,#12369,#12371,.T.);
#12369 = VERTEX_POINT('',#12370);
#12370 = CARTESIAN_POINT('',(36.776850573934,18.85586947304,60.3));
#12371 = SURFACE_CURVE('',#12372,(#12377,#12388),.PCURVE_S1.);
#12372 = CIRCLE('',#12373,1.5);
#12373 = AXIS2_PLACEMENT_3D('',#12374,#12375,#12376);
#12374 = CARTESIAN_POINT('',(35.276850573934,18.85586947304,60.3));
#12375 = DIRECTION('',(0.,0.,-1.));
#12376 = DIRECTION('',(1.,0.,0.));
#12377 = PCURVE('',#7621,#12378);
#12378 = DEFINITIONAL_REPRESENTATION('',(#12379),#12387);
#12379 = ( BOUNDED_CURVE() B_SPLINE_CURVE(2,(#12380,#12381,#12382,#12383
    ,#12384,#12385,#12386),.UNSPECIFIED.,.T.,.F.)
B_SPLINE_CURVE_WITH_KNOTS((1,2,2,2,2,1),(-2.094395102393,0.,
    2.094395102393,4.188790204786,6.28318530718,8.377580409573),
.UNSPECIFIED.) CURVE() GEOMETRIC_REPRESENTATION_ITEM()
RATIONAL_B_SPLINE_CURVE((1.,0.5,1.,0.5,1.,0.5,1.)) REPRESENTATION_ITEM(
  '') );
#12380 = CARTESIAN_POINT('',(36.776850573934,18.85586947304));
#12381 = CARTESIAN_POINT('',(36.776850573934,16.257793261687));
#12382 = CARTESIAN_POINT('',(34.526850573934,17.556831367363));
#12383 = CARTESIAN_POINT('',(32.276850573934,18.85586947304));
#12384 = CARTESIAN_POINT('',(34.526850573934,20.154907578717));
#12385 = CARTESIAN_POINT('',(36.776850573934,21.453945684393));
#12386 = CARTESIAN_POINT('',(36.776850573934,18.85586947304));
#12387 = ( GEOMETRIC_REPRESENTATION_CONTEXT(2)
PARAMETRIC_REPRESENTATION_CONTEXT() REPRESENTATION_CONTEXT('2D SPACE',''
  ) );
#12388 = PCURVE('',#9999,#12389);
#12389 = DEFINITIONAL_REPRESENTATION('',(#12390),#12394);
#12390 = LINE('',#12391,#12392);
#12391 = CARTESIAN_POINT('',(-6.28318530718,-2.2));
#12392 = VECTOR('',#12393,1.);
#12393 = DIRECTION('',(1.,-0.));
#12394 = ( GEOMETRIC_REPRESENTATION_CONTEXT(2)
PARAMETRIC_REPRESENTATION_CONTEXT() REPRESENTATION_CONTEXT('2D SPACE',''
  ) );
#12395 = FACE_BOUND('',#12396,.T.);
#12396 = EDGE_LOOP('',(#12397));
#12397 = ORIENTED_EDGE('',*,*,#12398,.T.);
#12398 = EDGE_CURVE('',#12399,#12399,#12401,.T.);
#12399 = VERTEX_POINT('',#12400);
#12400 = CARTESIAN_POINT('',(1.5,40.,60.3));
#12401 = SURFACE_CURVE('',#12402,(#12407,#12418),.PCURVE_S1.);
#12402 = CIRCLE('',#12403,1.5);
#12403 = AXIS2_PLACEMENT_3D('',#12404,#12405,#12406);
#12404 = CARTESIAN_POINT('',(2.449293598295E-15,40.,60.3));
#12405 = DIRECTION('',(0.,0.,-1.));
#12406 = DIRECTION('',(1.,0.,0.));
#12407 = PCURVE('',#7621,#12408);
#12408 = DEFINITIONAL_REPRESENTATION('',(#12409),#12417);
#12409 = ( BOUNDED_CURVE() B_SPLINE_CURVE(2,(#12410,#12411,#12412,#12413
    ,#12414,#12415,#12416),.UNSPECIFIED.,.T.,.F.)
B_SPLINE_CURVE_WITH_KNOTS((1,2,2,2,2,1),(-2.094395102393,0.,
    2.094395102393,4.188790204786,6.28318530718,8.377580409573),
.UNSPECIFIED.) CURVE() GEOMETRIC_REPRESENTATION_ITEM()
RATIONAL_B_SPLINE_CURVE((1.,0.5,1.,0.5,1.,0.5,1.)) REPRESENTATION_ITEM(
  '') );
#12410 = CARTESIAN_POINT('',(1.5,40.));
#12411 = CARTESIAN_POINT('',(1.5,37.401923788647));
#12412 = CARTESIAN_POINT('',(-0.75,38.700961894323));
#12413 = CARTESIAN_POINT('',(-3.,40.));
#12414 = CARTESIAN_POINT('',(-0.75,41.299038105677));
#12415 = CARTESIAN_POINT('',(1.5,42.598076211353));
#12416 = CARTESIAN_POINT('',(1.5,40.));
#12417 = ( GEOMETRIC_REPRESENTATION_CONTEXT(2)
PARAMETRIC_REPRESENTATION_CONTEXT() REPRESENTATION_CONTEXT('2D SPACE',''
  ) );
#12418 = PCURVE('',#10034,#12419);
#12419 = DEFINITIONAL_REPRESENTATION('',(#12420),#12424);
#12420 = LINE('',#12421,#12422);
#12421 = CARTESIAN_POINT('',(-6.28318530718,-2.2));
#12422 = VECTOR('',#12423,1.);
#12423 = DIRECTION('',(1.,-0.));
#12424 = ( GEOMETRIC_REPRESENTATION_CONTEXT(2)
PARAMETRIC_REPRESENTATION_CONTEXT() REPRESENTATION_CONTEXT('2D SPACE',''
  ) );
#12425 = FACE_BOUND('',#12426,.T.);
#12426 = EDGE_LOOP('',(#12427));
#12427 = ORIENTED_EDGE('',*,*,#12428,.T.);
#12428 = EDGE_CURVE('',#12429,#12429,#12431,.T.);
#12429 = VERTEX_POINT('',#12430);
#12430 = CARTESIAN_POINT('',(5.420685613182,39.807389066888,60.3));
#12431 = SURFACE_CURVE('',#12432,(#12437,#12448),.PCURVE_S1.);
#12432 = CIRCLE('',#12433,1.5);
#12433 = AXIS2_PLACEMENT_3D('',#12434,#12435,#12436);
#12434 = CARTESIAN_POINT('',(3.920685613182,39.807389066888,60.3));
#12435 = DIRECTION('',(0.,0.,-1.));
#12436 = DIRECTION('',(1.,0.,0.));
#12437 = PCURVE('',#7621,#12438);
#12438 = DEFINITIONAL_REPRESENTATION('',(#12439),#12447);
#12439 = ( BOUNDED_CURVE() B_SPLINE_CURVE(2,(#12440,#12441,#12442,#12443
    ,#12444,#12445,#12446),.UNSPECIFIED.,.T.,.F.)
B_SPLINE_CURVE_WITH_KNOTS((1,2,2,2,2,1),(-2.094395102393,0.,
    2.094395102393,4.188790204786,6.28318530718,8.377580409573),
.UNSPECIFIED.) CURVE() GEOMETRIC_REPRESENTATION_ITEM()
RATIONAL_B_SPLINE_CURVE((1.,0.5,1.,0.5,1.,0.5,1.)) REPRESENTATION_ITEM(
  '') );
#12440 = CARTESIAN_POINT('',(5.420685613182,39.807389066888));
#12441 = CARTESIAN_POINT('',(5.420685613182,37.209312855535));
#12442 = CARTESIAN_POINT('',(3.170685613182,38.508350961211));
#12443 = CARTESIAN_POINT('',(0.920685613182,39.807389066888));
#12444 = CARTESIAN_POINT('',(3.170685613182,41.106427172565));
#12445 = CARTESIAN_POINT('',(5.420685613182,42.405465278241));
#12446 = CARTESIAN_POINT('',(5.420685613182,39.807389066888));
#12447 = ( GEOMETRIC_REPRESENTATION_CONTEXT(2)
PARAMETRIC_REPRESENTATION_CONTEXT() REPRESENTATION_CONTEXT('2D SPACE',''
  ) );
#12448 = PCURVE('',#10069,#12449);
#12449 = DEFINITIONAL_REPRESENTATION('',(#12450),#12454);
#12450 = LINE('',#12451,#12452);
#12451 = CARTESIAN_POINT('',(-6.28318530718,-2.2));
#12452 = VECTOR('',#12453,1.);
#12453 = DIRECTION('',(1.,-0.));
#12454 = ( GEOMETRIC_REPRESENTATION_CONTEXT(2)
PARAMETRIC_REPRESENTATION_CONTEXT() REPRESENTATION_CONTEXT('2D SPACE',''
  ) );
#12455 = FACE_BOUND('',#12456,.T.);
#12456 = EDGE_LOOP('',(#12457));
#12457 = ORIENTED_EDGE('',*,*,#12458,.T.);
#12458 = EDGE_CURVE('',#12459,#12459,#12461,.T.);
#12459 = VERTEX_POINT('',#12460);
#12460 = CARTESIAN_POINT('',(9.303612880645,39.231411216129,60.3));
#12461 = SURFACE_CURVE('',#12462,(#12467,#12478),.PCURVE_S1.);
#12462 = CIRCLE('',#12463,1.5);
#12463 = AXIS2_PLACEMENT_3D('',#12464,#12465,#12466);
#12464 = CARTESIAN_POINT('',(7.803612880645,39.231411216129,60.3));
#12465 = DIRECTION('',(0.,0.,-1.));
#12466 = DIRECTION('',(1.,0.,0.));
#12467 = PCURVE('',#7621,#12468);
#12468 = DEFINITIONAL_REPRESENTATION('',(#12469),#12477);
#12469 = ( BOUNDED_CURVE() B_SPLINE_CURVE(2,(#12470,#12471,#12472,#12473
    ,#12474,#12475,#12476),.UNSPECIFIED.,.T.,.F.)
B_SPLINE_CURVE_WITH_KNOTS((1,2,2,2,2,1),(-2.094395102393,0.,
    2.094395102393,4.188790204786,6.28318530718,8.377580409573),
.UNSPECIFIED.) CURVE() GEOMETRIC_REPRESENTATION_ITEM()
RATIONAL_B_SPLINE_CURVE((1.,0.5,1.,0.5,1.,0.5,1.)) REPRESENTATION_ITEM(
  '') );
#12470 = CARTESIAN_POINT('',(9.303612880645,39.231411216129));
#12471 = CARTESIAN_POINT('',(9.303612880645,36.633335004776));
#12472 = CARTESIAN_POINT('',(7.053612880645,37.932373110453));
#12473 = CARTESIAN_POINT('',(4.803612880645,39.231411216129));
#12474 = CARTESIAN_POINT('',(7.053612880645,40.530449321806));
#12475 = CARTESIAN_POINT('',(9.303612880645,41.829487427483));
#12476 = CARTESIAN_POINT('',(9.303612880645,39.231411216129));
#12477 = ( GEOMETRIC_REPRESENTATION_CONTEXT(2)
PARAMETRIC_REPRESENTATION_CONTEXT() REPRESENTATION_CONTEXT('2D SPACE',''
  ) );
#12478 = PCURVE('',#10104,#12479);
#12479 = DEFINITIONAL_REPRESENTATION('',(#12480),#12484);
#12480 = LINE('',#12481,#12482);
#12481 = CARTESIAN_POINT('',(-6.28318530718,-2.2));
#12482 = VECTOR('',#12483,1.);
#12483 = DIRECTION('',(1.,-0.));
#12484 = ( GEOMETRIC_REPRESENTATION_CONTEXT(2)
PARAMETRIC_REPRESENTATION_CONTEXT() REPRESENTATION_CONTEXT('2D SPACE',''
  ) );
#12485 = FACE_BOUND('',#12486,.T.);
#12486 = EDGE_LOOP('',(#12487));
#12487 = ORIENTED_EDGE('',*,*,#12488,.T.);
#12488 = EDGE_CURVE('',#12489,#12489,#12491,.T.);
#12489 = VERTEX_POINT('',#12490);
#12490 = CARTESIAN_POINT('',(20.35586947304,35.276850573934,60.3));
#12491 = SURFACE_CURVE('',#12492,(#12497,#12508),.PCURVE_S1.);
#12492 = CIRCLE('',#12493,1.5);
#12493 = AXIS2_PLACEMENT_3D('',#12494,#12495,#12496);
#12494 = CARTESIAN_POINT('',(18.85586947304,35.276850573934,60.3));
#12495 = DIRECTION('',(0.,0.,-1.));
#12496 = DIRECTION('',(1.,0.,0.));
#12497 = PCURVE('',#7621,#12498);
#12498 = DEFINITIONAL_REPRESENTATION('',(#12499),#12507);
#12499 = ( BOUNDED_CURVE() B_SPLINE_CURVE(2,(#12500,#12501,#12502,#12503
    ,#12504,#12505,#12506),.UNSPECIFIED.,.T.,.F.)
B_SPLINE_CURVE_WITH_KNOTS((1,2,2,2,2,1),(-2.094395102393,0.,
    2.094395102393,4.188790204786,6.28318530718,8.377580409573),
.UNSPECIFIED.) CURVE() GEOMETRIC_REPRESENTATION_ITEM()
RATIONAL_B_SPLINE_CURVE((1.,0.5,1.,0.5,1.,0.5,1.)) REPRESENTATION_ITEM(
  '') );
#12500 = CARTESIAN_POINT('',(20.35586947304,35.276850573934));
#12501 = CARTESIAN_POINT('',(20.35586947304,32.678774362581));
#12502 = CARTESIAN_POINT('',(18.10586947304,33.977812468258));
#12503 = CARTESIAN_POINT('',(15.85586947304,35.276850573934));
#12504 = CARTESIAN_POINT('',(18.10586947304,36.575888679611));
#12505 = CARTESIAN_POINT('',(20.35586947304,37.874926785288));
#12506 = CARTESIAN_POINT('',(20.35586947304,35.276850573934));
#12507 = ( GEOMETRIC_REPRESENTATION_CONTEXT(2)
PARAMETRIC_REPRESENTATION_CONTEXT() REPRESENTATION_CONTEXT('2D SPACE',''
  ) );
#12508 = PCURVE('',#10139,#12509);
#12509 = DEFINITIONAL_REPRESENTATION('',(#12510),#12514);
#12510 = LINE('',#12511,#12512);
#12511 = CARTESIAN_POINT('',(-6.28318530718,-2.2));
#12512 = VECTOR('',#12513,1.);
#12513 = DIRECTION('',(1.,-0.));
#12514 = ( GEOMETRIC_REPRESENTATION_CONTEXT(2)
PARAMETRIC_REPRESENTATION_CONTEXT() REPRESENTATION_CONTEXT('2D SPACE',''
  ) );
#12515 = FACE_BOUND('',#12516,.T.);
#12516 = EDGE_LOOP('',(#12517));
#12517 = ORIENTED_EDGE('',*,*,#12518,.T.);
#12518 = EDGE_CURVE('',#12519,#12519,#12521,.T.);
#12519 = VERTEX_POINT('',#12520);
#12520 = CARTESIAN_POINT('',(13.111387090178,38.277613429288,60.3));
#12521 = SURFACE_CURVE('',#12522,(#12527,#12538),.PCURVE_S1.);
#12522 = CIRCLE('',#12523,1.5);
#12523 = AXIS2_PLACEMENT_3D('',#12524,#12525,#12526);
#12524 = CARTESIAN_POINT('',(11.611387090178,38.277613429288,60.3));
#12525 = DIRECTION('',(0.,0.,-1.));
#12526 = DIRECTION('',(1.,0.,0.));
#12527 = PCURVE('',#7621,#12528);
#12528 = DEFINITIONAL_REPRESENTATION('',(#12529),#12537);
#12529 = ( BOUNDED_CURVE() B_SPLINE_CURVE(2,(#12530,#12531,#12532,#12533
    ,#12534,#12535,#12536),.UNSPECIFIED.,.T.,.F.)
B_SPLINE_CURVE_WITH_KNOTS((1,2,2,2,2,1),(-2.094395102393,0.,
    2.094395102393,4.188790204786,6.28318530718,8.377580409573),
.UNSPECIFIED.) CURVE() GEOMETRIC_REPRESENTATION_ITEM()
RATIONAL_B_SPLINE_CURVE((1.,0.5,1.,0.5,1.,0.5,1.)) REPRESENTATION_ITEM(
  '') );
#12530 = CARTESIAN_POINT('',(13.111387090178,38.277613429288));
#12531 = CARTESIAN_POINT('',(13.111387090178,35.679537217935));
#12532 = CARTESIAN_POINT('',(10.861387090178,36.978575323612));
#12533 = CARTESIAN_POINT('',(8.611387090178,38.277613429288));
#12534 = CARTESIAN_POINT('',(10.861387090178,39.576651534965));
#12535 = CARTESIAN_POINT('',(13.111387090178,40.875689640642));
#12536 = CARTESIAN_POINT('',(13.111387090178,38.277613429288));
#12537 = ( GEOMETRIC_REPRESENTATION_CONTEXT(2)
PARAMETRIC_REPRESENTATION_CONTEXT() REPRESENTATION_CONTEXT('2D SPACE',''
  ) );
#12538 = PCURVE('',#10174,#12539);
#12539 = DEFINITIONAL_REPRESENTATION('',(#12540),#12544);
#12540 = LINE('',#12541,#12542);
#12541 = CARTESIAN_POINT('',(-6.28318530718,-2.2));
#12542 = VECTOR('',#12543,1.);
#12543 = DIRECTION('',(1.,-0.));
#12544 = ( GEOMETRIC_REPRESENTATION_CONTEXT(2)
PARAMETRIC_REPRESENTATION_CONTEXT() REPRESENTATION_CONTEXT('2D SPACE',''
  ) );
#12545 = FACE_BOUND('',#12546,.T.);
#12546 = EDGE_LOOP('',(#12547));
#12547 = ORIENTED_EDGE('',*,*,#12548,.T.);
#12548 = EDGE_CURVE('',#12549,#12549,#12551,.T.);
#12549 = VERTEX_POINT('',#12550);
#12550 = CARTESIAN_POINT('',(16.807337294604,36.955181300451,60.3));
#12551 = SURFACE_CURVE('',#12552,(#12557,#12568),.PCURVE_S1.);
#12552 = CIRCLE('',#12553,1.5);
#12553 = AXIS2_PLACEMENT_3D('',#12554,#12555,#12556);
#12554 = CARTESIAN_POINT('',(15.307337294604,36.955181300451,60.3));
#12555 = DIRECTION('',(0.,0.,-1.));
#12556 = DIRECTION('',(1.,0.,0.));
#12557 = PCURVE('',#7621,#12558);
#12558 = DEFINITIONAL_REPRESENTATION('',(#12559),#12567);
#12559 = ( BOUNDED_CURVE() B_SPLINE_CURVE(2,(#12560,#12561,#12562,#12563
    ,#12564,#12565,#12566),.UNSPECIFIED.,.T.,.F.)
B_SPLINE_CURVE_WITH_KNOTS((1,2,2,2,2,1),(-2.094395102393,0.,
    2.094395102393,4.188790204786,6.28318530718,8.377580409573),
.UNSPECIFIED.) CURVE() GEOMETRIC_REPRESENTATION_ITEM()
RATIONAL_B_SPLINE_CURVE((1.,0.5,1.,0.5,1.,0.5,1.)) REPRESENTATION_ITEM(
  '') );
#12560 = CARTESIAN_POINT('',(16.807337294604,36.955181300451));
#12561 = CARTESIAN_POINT('',(16.807337294604,34.357105089098));
#12562 = CARTESIAN_POINT('',(14.557337294604,35.656143194775));
#12563 = CARTESIAN_POINT('',(12.307337294604,36.955181300451));
#12564 = CARTESIAN_POINT('',(14.557337294604,38.254219406128));
#12565 = CARTESIAN_POINT('',(16.807337294604,39.553257511805));
#12566 = CARTESIAN_POINT('',(16.807337294604,36.955181300451));
#12567 = ( GEOMETRIC_REPRESENTATION_CONTEXT(2)
PARAMETRIC_REPRESENTATION_CONTEXT() REPRESENTATION_CONTEXT('2D SPACE',''
  ) );
#12568 = PCURVE('',#10209,#12569);
#12569 = DEFINITIONAL_REPRESENTATION('',(#12570),#12574);
#12570 = LINE('',#12571,#12572);
#12571 = CARTESIAN_POINT('',(-6.28318530718,-2.2));
#12572 = VECTOR('',#12573,1.);
#12573 = DIRECTION('',(1.,-0.));
#12574 = ( GEOMETRIC_REPRESENTATION_CONTEXT(2)
PARAMETRIC_REPRESENTATION_CONTEXT() REPRESENTATION_CONTEXT('2D SPACE',''
  ) );
#12575 = FACE_BOUND('',#12576,.T.);
#12576 = EDGE_LOOP('',(#12577));
#12577 = ORIENTED_EDGE('',*,*,#12578,.T.);
#12578 = EDGE_CURVE('',#12579,#12579,#12581,.T.);
#12579 = VERTEX_POINT('',#12580);
#12580 = CARTESIAN_POINT('',(32.420418134509,25.375731366546,60.3));
#12581 = SURFACE_CURVE('',#12582,(#12587,#12598),.PCURVE_S1.);
#12582 = CIRCLE('',#12583,1.5);
#12583 = AXIS2_PLACEMENT_3D('',#12584,#12585,#12586);
#12584 = CARTESIAN_POINT('',(30.920418134509,25.375731366546,60.3));
#12585 = DIRECTION('',(0.,0.,-1.));
#12586 = DIRECTION('',(1.,0.,0.));
#12587 = PCURVE('',#7621,#12588);
#12588 = DEFINITIONAL_REPRESENTATION('',(#12589),#12597);
#12589 = ( BOUNDED_CURVE() B_SPLINE_CURVE(2,(#12590,#12591,#12592,#12593
    ,#12594,#12595,#12596),.UNSPECIFIED.,.T.,.F.)
B_SPLINE_CURVE_WITH_KNOTS((1,2,2,2,2,1),(-2.094395102393,0.,
    2.094395102393,4.188790204786,6.28318530718,8.377580409573),
.UNSPECIFIED.) CURVE() GEOMETRIC_REPRESENTATION_ITEM()
RATIONAL_B_SPLINE_CURVE((1.,0.5,1.,0.5,1.,0.5,1.)) REPRESENTATION_ITEM(
  '') );
#12590 = CARTESIAN_POINT('',(32.420418134509,25.375731366546));
#12591 = CARTESIAN_POINT('',(32.420418134509,22.777655155193));
#12592 = CARTESIAN_POINT('',(30.170418134509,24.076693260869));
#12593 = CARTESIAN_POINT('',(27.920418134509,25.375731366546));
#12594 = CARTESIAN_POINT('',(30.170418134509,26.674769472222));
#12595 = CARTESIAN_POINT('',(32.420418134509,27.973807577899));
#12596 = CARTESIAN_POINT('',(32.420418134509,25.375731366546));
#12597 = ( GEOMETRIC_REPRESENTATION_CONTEXT(2)
PARAMETRIC_REPRESENTATION_CONTEXT() REPRESENTATION_CONTEXT('2D SPACE',''
  ) );
#12598 = PCURVE('',#10244,#12599);
#12599 = DEFINITIONAL_REPRESENTATION('',(#12600),#12604);
#12600 = LINE('',#12601,#12602);
#12601 = CARTESIAN_POINT('',(-6.28318530718,-2.2));
#12602 = VECTOR('',#12603,1.);
#12603 = DIRECTION('',(1.,-0.));
#12604 = ( GEOMETRIC_REPRESENTATION_CONTEXT(2)
PARAMETRIC_REPRESENTATION_CONTEXT() REPRESENTATION_CONTEXT('2D SPACE',''
  ) );
#12605 = FACE_BOUND('',#12606,.T.);
#12606 = EDGE_LOOP('',(#12607));
#12607 = ORIENTED_EDGE('',*,*,#12608,.T.);
#12608 = EDGE_CURVE('',#12609,#12609,#12611,.T.);
#12609 = VERTEX_POINT('',#12610);
#12610 = CARTESIAN_POINT('',(26.875731366546,30.920418134509,60.3));
#12611 = SURFACE_CURVE('',#12612,(#12617,#12628),.PCURVE_S1.);
#12612 = CIRCLE('',#12613,1.5);
#12613 = AXIS2_PLACEMENT_3D('',#12614,#12615,#12616);
#12614 = CARTESIAN_POINT('',(25.375731366546,30.920418134509,60.3));
#12615 = DIRECTION('',(0.,0.,-1.));
#12616 = DIRECTION('',(1.,0.,0.));
#12617 = PCURVE('',#7621,#12618);
#12618 = DEFINITIONAL_REPRESENTATION('',(#12619),#12627);
#12619 = ( BOUNDED_CURVE() B_SPLINE_CURVE(2,(#12620,#12621,#12622,#12623
    ,#12624,#12625,#12626),.UNSPECIFIED.,.T.,.F.)
B_SPLINE_CURVE_WITH_KNOTS((1,2,2,2,2,1),(-2.094395102393,0.,
    2.094395102393,4.188790204786,6.28318530718,8.377580409573),
.UNSPECIFIED.) CURVE() GEOMETRIC_REPRESENTATION_ITEM()
RATIONAL_B_SPLINE_CURVE((1.,0.5,1.,0.5,1.,0.5,1.)) REPRESENTATION_ITEM(
  '') );
#12620 = CARTESIAN_POINT('',(26.875731366546,30.920418134509));
#12621 = CARTESIAN_POINT('',(26.875731366546,28.322341923156));
#12622 = CARTESIAN_POINT('',(24.625731366546,29.621380028833));
#12623 = CARTESIAN_POINT('',(22.375731366546,30.920418134509));
#12624 = CARTESIAN_POINT('',(24.625731366546,32.219456240186));
#12625 = CARTESIAN_POINT('',(26.875731366546,33.518494345863));
#12626 = CARTESIAN_POINT('',(26.875731366546,30.920418134509));
#12627 = ( GEOMETRIC_REPRESENTATION_CONTEXT(2)
PARAMETRIC_REPRESENTATION_CONTEXT() REPRESENTATION_CONTEXT('2D SPACE',''
  ) );
#12628 = PCURVE('',#10279,#12629);
#12629 = DEFINITIONAL_REPRESENTATION('',(#12630),#12634);
#12630 = LINE('',#12631,#12632);
#12631 = CARTESIAN_POINT('',(-6.28318530718,-2.2));
#12632 = VECTOR('',#12633,1.);
#12633 = DIRECTION('',(1.,-0.));
#12634 = ( GEOMETRIC_REPRESENTATION_CONTEXT(2)
PARAMETRIC_REPRESENTATION_CONTEXT() REPRESENTATION_CONTEXT('2D SPACE',''
  ) );
#12635 = FACE_BOUND('',#12636,.T.);
#12636 = EDGE_LOOP('',(#12637));
#12637 = ORIENTED_EDGE('',*,*,#12638,.T.);
#12638 = EDGE_CURVE('',#12639,#12639,#12641,.T.);
#12639 = VERTEX_POINT('',#12640);
#12640 = CARTESIAN_POINT('',(29.784271247462,28.284271247462,60.3));
#12641 = SURFACE_CURVE('',#12642,(#12647,#12658),.PCURVE_S1.);
#12642 = CIRCLE('',#12643,1.5);
#12643 = AXIS2_PLACEMENT_3D('',#12644,#12645,#12646);
#12644 = CARTESIAN_POINT('',(28.284271247462,28.284271247462,60.3));
#12645 = DIRECTION('',(0.,0.,-1.));
#12646 = DIRECTION('',(1.,0.,0.));
#12647 = PCURVE('',#7621,#12648);
#12648 = DEFINITIONAL_REPRESENTATION('',(#12649),#12657);
#12649 = ( BOUNDED_CURVE() B_SPLINE_CURVE(2,(#12650,#12651,#12652,#12653
    ,#12654,#12655,#12656),.UNSPECIFIED.,.T.,.F.)
B_SPLINE_CURVE_WITH_KNOTS((1,2,2,2,2,1),(-2.094395102393,0.,
    2.094395102393,4.188790204786,6.28318530718,8.377580409573),
.UNSPECIFIED.) CURVE() GEOMETRIC_REPRESENTATION_ITEM()
RATIONAL_B_SPLINE_CURVE((1.,0.5,1.,0.5,1.,0.5,1.)) REPRESENTATION_ITEM(
  '') );
#12650 = CARTESIAN_POINT('',(29.784271247462,28.284271247462));
#12651 = CARTESIAN_POINT('',(29.784271247462,25.686195036109));
#12652 = CARTESIAN_POINT('',(27.534271247462,26.985233141785));
#12653 = CARTESIAN_POINT('',(25.284271247462,28.284271247462));
#12654 = CARTESIAN_POINT('',(27.534271247462,29.583309353139));
#12655 = CARTESIAN_POINT('',(29.784271247462,30.882347458815));
#12656 = CARTESIAN_POINT('',(29.784271247462,28.284271247462));
#12657 = ( GEOMETRIC_REPRESENTATION_CONTEXT(2)
PARAMETRIC_REPRESENTATION_CONTEXT() REPRESENTATION_CONTEXT('2D SPACE',''
  ) );
#12658 = PCURVE('',#10314,#12659);
#12659 = DEFINITIONAL_REPRESENTATION('',(#12660),#12664);
#12660 = LINE('',#12661,#12662);
#12661 = CARTESIAN_POINT('',(-6.28318530718,-2.2));
#12662 = VECTOR('',#12663,1.);
#12663 = DIRECTION('',(1.,-0.));
#12664 = ( GEOMETRIC_REPRESENTATION_CONTEXT(2)
PARAMETRIC_REPRESENTATION_CONTEXT() REPRESENTATION_CONTEXT('2D SPACE',''
  ) );
#12665 = FACE_BOUND('',#12666,.T.);
#12666 = EDGE_LOOP('',(#12667));
#12667 = ORIENTED_EDGE('',*,*,#12668,.T.);
#12668 = EDGE_CURVE('',#12669,#12669,#12671,.T.);
#12669 = VERTEX_POINT('',#12670);
#12670 = CARTESIAN_POINT('',(34.758784492102,22.222809320784,60.3));
#12671 = SURFACE_CURVE('',#12672,(#12677,#12688),.PCURVE_S1.);
#12672 = CIRCLE('',#12673,1.5);
#12673 = AXIS2_PLACEMENT_3D('',#12674,#12675,#12676);
#12674 = CARTESIAN_POINT('',(33.258784492102,22.222809320784,60.3));
#12675 = DIRECTION('',(0.,0.,-1.));
#12676 = DIRECTION('',(1.,0.,0.));
#12677 = PCURVE('',#7621,#12678);
#12678 = DEFINITIONAL_REPRESENTATION('',(#12679),#12687);
#12679 = ( BOUNDED_CURVE() B_SPLINE_CURVE(2,(#12680,#12681,#12682,#12683
    ,#12684,#12685,#12686),.UNSPECIFIED.,.T.,.F.)
B_SPLINE_CURVE_WITH_KNOTS((1,2,2,2,2,1),(-2.094395102393,0.,
    2.094395102393,4.188790204786,6.28318530718,8.377580409573),
.UNSPECIFIED.) CURVE() GEOMETRIC_REPRESENTATION_ITEM()
RATIONAL_B_SPLINE_CURVE((1.,0.5,1.,0.5,1.,0.5,1.)) REPRESENTATION_ITEM(
  '') );
#12680 = CARTESIAN_POINT('',(34.758784492102,22.222809320784));
#12681 = CARTESIAN_POINT('',(34.758784492102,19.624733109431));
#12682 = CARTESIAN_POINT('',(32.508784492102,20.923771215107));
#12683 = CARTESIAN_POINT('',(30.258784492102,22.222809320784));
#12684 = CARTESIAN_POINT('',(32.508784492102,23.521847426461));
#12685 = CARTESIAN_POINT('',(34.758784492102,24.820885532137));
#12686 = CARTESIAN_POINT('',(34.758784492102,22.222809320784));
#12687 = ( GEOMETRIC_REPRESENTATION_CONTEXT(2)
PARAMETRIC_REPRESENTATION_CONTEXT() REPRESENTATION_CONTEXT('2D SPACE',''
  ) );
#12688 = PCURVE('',#10349,#12689);
#12689 = DEFINITIONAL_REPRESENTATION('',(#12690),#12694);
#12690 = LINE('',#12691,#12692);
#12691 = CARTESIAN_POINT('',(-6.28318530718,-2.2));
#12692 = VECTOR('',#12693,1.);
#12693 = DIRECTION('',(1.,-0.));
#12694 = ( GEOMETRIC_REPRESENTATION_CONTEXT(2)
PARAMETRIC_REPRESENTATION_CONTEXT() REPRESENTATION_CONTEXT('2D SPACE',''
  ) );
#12695 = FACE_BOUND('',#12696,.T.);
#12696 = EDGE_LOOP('',(#12697));
#12697 = ORIENTED_EDGE('',*,*,#12698,.T.);
#12698 = EDGE_CURVE('',#12699,#12699,#12701,.T.);
#12699 = VERTEX_POINT('',#12700);
#12700 = CARTESIAN_POINT('',(23.722809320784,33.258784492102,60.3));
#12701 = SURFACE_CURVE('',#12702,(#12707,#12718),.PCURVE_S1.);
#12702 = CIRCLE('',#12703,1.5);
#12703 = AXIS2_PLACEMENT_3D('',#12704,#12705,#12706);
#12704 = CARTESIAN_POINT('',(22.222809320784,33.258784492102,60.3));
#12705 = DIRECTION('',(0.,0.,-1.));
#12706 = DIRECTION('',(1.,0.,0.));
#12707 = PCURVE('',#7621,#12708);
#12708 = DEFINITIONAL_REPRESENTATION('',(#12709),#12717);
#12709 = ( BOUNDED_CURVE() B_SPLINE_CURVE(2,(#12710,#12711,#12712,#12713
    ,#12714,#12715,#12716),.UNSPECIFIED.,.T.,.F.)
B_SPLINE_CURVE_WITH_KNOTS((1,2,2,2,2,1),(-2.094395102393,0.,
    2.094395102393,4.188790204786,6.28318530718,8.377580409573),
.UNSPECIFIED.) CURVE() GEOMETRIC_REPRESENTATION_ITEM()
RATIONAL_B_SPLINE_CURVE((1.,0.5,1.,0.5,1.,0.5,1.)) REPRESENTATION_ITEM(
  '') );
#12710 = CARTESIAN_POINT('',(23.722809320784,33.258784492102));
#12711 = CARTESIAN_POINT('',(23.722809320784,30.660708280748));
#12712 = CARTESIAN_POINT('',(21.472809320784,31.959746386425));
#12713 = CARTESIAN_POINT('',(19.222809320784,33.258784492102));
#12714 = CARTESIAN_POINT('',(21.472809320784,34.557822597778));
#12715 = CARTESIAN_POINT('',(23.722809320784,35.856860703455));
#12716 = CARTESIAN_POINT('',(23.722809320784,33.258784492102));
#12717 = ( GEOMETRIC_REPRESENTATION_CONTEXT(2)
PARAMETRIC_REPRESENTATION_CONTEXT() REPRESENTATION_CONTEXT('2D SPACE',''
  ) );
#12718 = PCURVE('',#10384,#12719);
#12719 = DEFINITIONAL_REPRESENTATION('',(#12720),#12724);
#12720 = LINE('',#12721,#12722);
#12721 = CARTESIAN_POINT('',(-6.28318530718,-2.2));
#12722 = VECTOR('',#12723,1.);
#12723 = DIRECTION('',(1.,-0.));
#12724 = ( GEOMETRIC_REPRESENTATION_CONTEXT(2)
PARAMETRIC_REPRESENTATION_CONTEXT() REPRESENTATION_CONTEXT('2D SPACE',''
  ) );
#12725 = ADVANCED_FACE('',(#12726),#7688,.F.);
#12726 = FACE_BOUND('',#12727,.T.);
#12727 = EDGE_LOOP('',(#12728,#12729,#12750,#12751));
#12728 = ORIENTED_EDGE('',*,*,#7667,.T.);
#12729 = ORIENTED_EDGE('',*,*,#12730,.T.);
#12730 = EDGE_CURVE('',#7668,#10403,#12731,.T.);
#12731 = SEAM_CURVE('',#12732,(#12736,#12743),.PCURVE_S1.);
#12732 = LINE('',#12733,#12734);
#12733 = CARTESIAN_POINT('',(-20.72280932078,-33.2587844921,58.1));
#12734 = VECTOR('',#12735,1.);
#12735 = DIRECTION('',(0.,0.,1.));
#12736 = PCURVE('',#7688,#12737);
#12737 = DEFINITIONAL_REPRESENTATION('',(#12738),#12742);
#12738 = LINE('',#12739,#12740);
#12739 = CARTESIAN_POINT('',(-6.28318530718,0.));
#12740 = VECTOR('',#12741,1.);
#12741 = DIRECTION('',(-0.,-1.));
#12742 = ( GEOMETRIC_REPRESENTATION_CONTEXT(2)
PARAMETRIC_REPRESENTATION_CONTEXT() REPRESENTATION_CONTEXT('2D SPACE',''
  ) );
#12743 = PCURVE('',#7688,#12744);
#12744 = DEFINITIONAL_REPRESENTATION('',(#12745),#12749);
#12745 = LINE('',#12746,#12747);
#12746 = CARTESIAN_POINT('',(-0.,0.));
#12747 = VECTOR('',#12748,1.);
#12748 = DIRECTION('',(-0.,-1.));
#12749 = ( GEOMETRIC_REPRESENTATION_CONTEXT(2)
PARAMETRIC_REPRESENTATION_CONTEXT() REPRESENTATION_CONTEXT('2D SPACE',''
  ) );
#12750 = ORIENTED_EDGE('',*,*,#10402,.F.);
#12751 = ORIENTED_EDGE('',*,*,#12730,.F.);
#12752 = ADVANCED_FACE('',(#12753),#7723,.F.);
#12753 = FACE_BOUND('',#12754,.T.);
#12754 = EDGE_LOOP('',(#12755,#12756,#12777,#12778));
#12755 = ORIENTED_EDGE('',*,*,#7702,.T.);
#12756 = ORIENTED_EDGE('',*,*,#12757,.T.);
#12757 = EDGE_CURVE('',#7703,#10433,#12758,.T.);
#12758 = SEAM_CURVE('',#12759,(#12763,#12770),.PCURVE_S1.);
#12759 = LINE('',#12760,#12761);
#12760 = CARTESIAN_POINT('',(-31.7587844921,-22.22280932078,58.1));
#12761 = VECTOR('',#12762,1.);
#12762 = DIRECTION('',(0.,0.,1.));
#12763 = PCURVE('',#7723,#12764);
#12764 = DEFINITIONAL_REPRESENTATION('',(#12765),#12769);
#12765 = LINE('',#12766,#12767);
#12766 = CARTESIAN_POINT('',(-6.28318530718,0.));
#12767 = VECTOR('',#12768,1.);
#12768 = DIRECTION('',(-0.,-1.));
#12769 = ( GEOMETRIC_REPRESENTATION_CONTEXT(2)
PARAMETRIC_REPRESENTATION_CONTEXT() REPRESENTATION_CONTEXT('2D SPACE',''
  ) );
#12770 = PCURVE('',#7723,#12771);
#12771 = DEFINITIONAL_REPRESENTATION('',(#12772),#12776);
#12772 = LINE('',#12773,#12774);
#12773 = CARTESIAN_POINT('',(-0.,0.));
#12774 = VECTOR('',#12775,1.);
#12775 = DIRECTION('',(-0.,-1.));
#12776 = ( GEOMETRIC_REPRESENTATION_CONTEXT(2)
PARAMETRIC_REPRESENTATION_CONTEXT() REPRESENTATION_CONTEXT('2D SPACE',''
  ) );
#12777 = ORIENTED_EDGE('',*,*,#10432,.F.);
#12778 = ORIENTED_EDGE('',*,*,#12757,.F.);
#12779 = ADVANCED_FACE('',(#12780),#7758,.F.);
#12780 = FACE_BOUND('',#12781,.T.);
#12781 = EDGE_LOOP('',(#12782,#12783,#12804,#12805));
#12782 = ORIENTED_EDGE('',*,*,#7737,.T.);
#12783 = ORIENTED_EDGE('',*,*,#12784,.T.);
#12784 = EDGE_CURVE('',#7738,#10463,#12785,.T.);
#12785 = SEAM_CURVE('',#12786,(#12790,#12797),.PCURVE_S1.);
#12786 = LINE('',#12787,#12788);
#12787 = CARTESIAN_POINT('',(-26.78427124746,-28.28427124746,58.1));
#12788 = VECTOR('',#12789,1.);
#12789 = DIRECTION('',(0.,0.,1.));
#12790 = PCURVE('',#7758,#12791);
#12791 = DEFINITIONAL_REPRESENTATION('',(#12792),#12796);
#12792 = LINE('',#12793,#12794);
#12793 = CARTESIAN_POINT('',(-6.28318530718,0.));
#12794 = VECTOR('',#12795,1.);
#12795 = DIRECTION('',(-0.,-1.));
#12796 = ( GEOMETRIC_REPRESENTATION_CONTEXT(2)
PARAMETRIC_REPRESENTATION_CONTEXT() REPRESENTATION_CONTEXT('2D SPACE',''
  ) );
#12797 = PCURVE('',#7758,#12798);
#12798 = DEFINITIONAL_REPRESENTATION('',(#12799),#12803);
#12799 = LINE('',#12800,#12801);
#12800 = CARTESIAN_POINT('',(-0.,0.));
#12801 = VECTOR('',#12802,1.);
#12802 = DIRECTION('',(-0.,-1.));
#12803 = ( GEOMETRIC_REPRESENTATION_CONTEXT(2)
PARAMETRIC_REPRESENTATION_CONTEXT() REPRESENTATION_CONTEXT('2D SPACE',''
  ) );
#12804 = ORIENTED_EDGE('',*,*,#10462,.F.);
#12805 = ORIENTED_EDGE('',*,*,#12784,.F.);
#12806 = ADVANCED_FACE('',(#12807),#7793,.F.);
#12807 = FACE_BOUND('',#12808,.T.);
#12808 = EDGE_LOOP('',(#12809,#12810,#12831,#12832));
#12809 = ORIENTED_EDGE('',*,*,#7772,.T.);
#12810 = ORIENTED_EDGE('',*,*,#12811,.T.);
#12811 = EDGE_CURVE('',#7773,#10493,#12812,.T.);
#12812 = SEAM_CURVE('',#12813,(#12817,#12824),.PCURVE_S1.);
#12813 = LINE('',#12814,#12815);
#12814 = CARTESIAN_POINT('',(-23.87573136654,-30.9204181345,58.1));
#12815 = VECTOR('',#12816,1.);
#12816 = DIRECTION('',(0.,0.,1.));
#12817 = PCURVE('',#7793,#12818);
#12818 = DEFINITIONAL_REPRESENTATION('',(#12819),#12823);
#12819 = LINE('',#12820,#12821);
#12820 = CARTESIAN_POINT('',(-6.28318530718,0.));
#12821 = VECTOR('',#12822,1.);
#12822 = DIRECTION('',(-0.,-1.));
#12823 = ( GEOMETRIC_REPRESENTATION_CONTEXT(2)
PARAMETRIC_REPRESENTATION_CONTEXT() REPRESENTATION_CONTEXT('2D SPACE',''
  ) );
#12824 = PCURVE('',#7793,#12825);
#12825 = DEFINITIONAL_REPRESENTATION('',(#12826),#12830);
#12826 = LINE('',#12827,#12828);
#12827 = CARTESIAN_POINT('',(-0.,0.));
#12828 = VECTOR('',#12829,1.);
#12829 = DIRECTION('',(-0.,-1.));
#12830 = ( GEOMETRIC_REPRESENTATION_CONTEXT(2)
PARAMETRIC_REPRESENTATION_CONTEXT() REPRESENTATION_CONTEXT('2D SPACE',''
  ) );
#12831 = ORIENTED_EDGE('',*,*,#10492,.F.);
#12832 = ORIENTED_EDGE('',*,*,#12811,.F.);
#12833 = ADVANCED_FACE('',(#12834),#7828,.F.);
#12834 = FACE_BOUND('',#12835,.T.);
#12835 = EDGE_LOOP('',(#12836,#12837,#12858,#12859));
#12836 = ORIENTED_EDGE('',*,*,#7807,.T.);
#12837 = ORIENTED_EDGE('',*,*,#12838,.T.);
#12838 = EDGE_CURVE('',#7808,#10523,#12839,.T.);
#12839 = SEAM_CURVE('',#12840,(#12844,#12851),.PCURVE_S1.);
#12840 = LINE('',#12841,#12842);
#12841 = CARTESIAN_POINT('',(-29.4204181345,-25.37573136654,58.1));
#12842 = VECTOR('',#12843,1.);
#12843 = DIRECTION('',(0.,0.,1.));
#12844 = PCURVE('',#7828,#12845);
#12845 = DEFINITIONAL_REPRESENTATION('',(#12846),#12850);
#12846 = LINE('',#12847,#12848);
#12847 = CARTESIAN_POINT('',(-6.28318530718,0.));
#12848 = VECTOR('',#12849,1.);
#12849 = DIRECTION('',(-0.,-1.));
#12850 = ( GEOMETRIC_REPRESENTATION_CONTEXT(2)
PARAMETRIC_REPRESENTATION_CONTEXT() REPRESENTATION_CONTEXT('2D SPACE',''
  ) );
#12851 = PCURVE('',#7828,#12852);
#12852 = DEFINITIONAL_REPRESENTATION('',(#12853),#12857);
#12853 = LINE('',#12854,#12855);
#12854 = CARTESIAN_POINT('',(-0.,0.));
#12855 = VECTOR('',#12856,1.);
#12856 = DIRECTION('',(-0.,-1.));
#12857 = ( GEOMETRIC_REPRESENTATION_CONTEXT(2)
PARAMETRIC_REPRESENTATION_CONTEXT() REPRESENTATION_CONTEXT('2D SPACE',''
  ) );
#12858 = ORIENTED_EDGE('',*,*,#10522,.F.);
#12859 = ORIENTED_EDGE('',*,*,#12838,.F.);
#12860 = ADVANCED_FACE('',(#12861),#7863,.F.);
#12861 = FACE_BOUND('',#12862,.T.);
#12862 = EDGE_LOOP('',(#12863,#12864,#12885,#12886));
#12863 = ORIENTED_EDGE('',*,*,#7842,.T.);
#12864 = ORIENTED_EDGE('',*,*,#12865,.T.);
#12865 = EDGE_CURVE('',#7843,#10553,#12866,.T.);
#12866 = SEAM_CURVE('',#12867,(#12871,#12878),.PCURVE_S1.);
#12867 = LINE('',#12868,#12869);
#12868 = CARTESIAN_POINT('',(-13.8073372946,-36.95518130045,58.1));
#12869 = VECTOR('',#12870,1.);
#12870 = DIRECTION('',(0.,0.,1.));
#12871 = PCURVE('',#7863,#12872);
#12872 = DEFINITIONAL_REPRESENTATION('',(#12873),#12877);
#12873 = LINE('',#12874,#12875);
#12874 = CARTESIAN_POINT('',(-6.28318530718,0.));
#12875 = VECTOR('',#12876,1.);
#12876 = DIRECTION('',(-0.,-1.));
#12877 = ( GEOMETRIC_REPRESENTATION_CONTEXT(2)
PARAMETRIC_REPRESENTATION_CONTEXT() REPRESENTATION_CONTEXT('2D SPACE',''
  ) );
#12878 = PCURVE('',#7863,#12879);
#12879 = DEFINITIONAL_REPRESENTATION('',(#12880),#12884);
#12880 = LINE('',#12881,#12882);
#12881 = CARTESIAN_POINT('',(-0.,0.));
#12882 = VECTOR('',#12883,1.);
#12883 = DIRECTION('',(-0.,-1.));
#12884 = ( GEOMETRIC_REPRESENTATION_CONTEXT(2)
PARAMETRIC_REPRESENTATION_CONTEXT() REPRESENTATION_CONTEXT('2D SPACE',''
  ) );
#12885 = ORIENTED_EDGE('',*,*,#10552,.F.);
#12886 = ORIENTED_EDGE('',*,*,#12865,.F.);
#12887 = ADVANCED_FACE('',(#12888),#7898,.F.);
#12888 = FACE_BOUND('',#12889,.T.);
#12889 = EDGE_LOOP('',(#12890,#12891,#12912,#12913));
#12890 = ORIENTED_EDGE('',*,*,#7877,.T.);
#12891 = ORIENTED_EDGE('',*,*,#12892,.T.);
#12892 = EDGE_CURVE('',#7878,#10583,#12893,.T.);
#12893 = SEAM_CURVE('',#12894,(#12898,#12905),.PCURVE_S1.);
#12894 = LINE('',#12895,#12896);
#12895 = CARTESIAN_POINT('',(-10.11138709017,-38.27761342928,58.1));
#12896 = VECTOR('',#12897,1.);
#12897 = DIRECTION('',(0.,0.,1.));
#12898 = PCURVE('',#7898,#12899);
#12899 = DEFINITIONAL_REPRESENTATION('',(#12900),#12904);
#12900 = LINE('',#12901,#12902);
#12901 = CARTESIAN_POINT('',(-6.28318530718,0.));
#12902 = VECTOR('',#12903,1.);
#12903 = DIRECTION('',(-0.,-1.));
#12904 = ( GEOMETRIC_REPRESENTATION_CONTEXT(2)
PARAMETRIC_REPRESENTATION_CONTEXT() REPRESENTATION_CONTEXT('2D SPACE',''
  ) );
#12905 = PCURVE('',#7898,#12906);
#12906 = DEFINITIONAL_REPRESENTATION('',(#12907),#12911);
#12907 = LINE('',#12908,#12909);
#12908 = CARTESIAN_POINT('',(-0.,0.));
#12909 = VECTOR('',#12910,1.);
#12910 = DIRECTION('',(-0.,-1.));
#12911 = ( GEOMETRIC_REPRESENTATION_CONTEXT(2)
PARAMETRIC_REPRESENTATION_CONTEXT() REPRESENTATION_CONTEXT('2D SPACE',''
  ) );
#12912 = ORIENTED_EDGE('',*,*,#10582,.F.);
#12913 = ORIENTED_EDGE('',*,*,#12892,.F.);
#12914 = ADVANCED_FACE('',(#12915),#7933,.F.);
#12915 = FACE_BOUND('',#12916,.T.);
#12916 = EDGE_LOOP('',(#12917,#12918,#12939,#12940));
#12917 = ORIENTED_EDGE('',*,*,#7912,.T.);
#12918 = ORIENTED_EDGE('',*,*,#12919,.T.);
#12919 = EDGE_CURVE('',#7913,#10613,#12920,.T.);
#12920 = SEAM_CURVE('',#12921,(#12925,#12932),.PCURVE_S1.);
#12921 = LINE('',#12922,#12923);
#12922 = CARTESIAN_POINT('',(-17.35586947304,-35.27685057393,58.1));
#12923 = VECTOR('',#12924,1.);
#12924 = DIRECTION('',(0.,0.,1.));
#12925 = PCURVE('',#7933,#12926);
#12926 = DEFINITIONAL_REPRESENTATION('',(#12927),#12931);
#12927 = LINE('',#12928,#12929);
#12928 = CARTESIAN_POINT('',(-6.28318530718,0.));
#12929 = VECTOR('',#12930,1.);
#12930 = DIRECTION('',(-0.,-1.));
#12931 = ( GEOMETRIC_REPRESENTATION_CONTEXT(2)
PARAMETRIC_REPRESENTATION_CONTEXT() REPRESENTATION_CONTEXT('2D SPACE',''
  ) );
#12932 = PCURVE('',#7933,#12933);
#12933 = DEFINITIONAL_REPRESENTATION('',(#12934),#12938);
#12934 = LINE('',#12935,#12936);
#12935 = CARTESIAN_POINT('',(-0.,0.));
#12936 = VECTOR('',#12937,1.);
#12937 = DIRECTION('',(-0.,-1.));
#12938 = ( GEOMETRIC_REPRESENTATION_CONTEXT(2)
PARAMETRIC_REPRESENTATION_CONTEXT() REPRESENTATION_CONTEXT('2D SPACE',''
  ) );
#12939 = ORIENTED_EDGE('',*,*,#10612,.F.);
#12940 = ORIENTED_EDGE('',*,*,#12919,.F.);
#12941 = ADVANCED_FACE('',(#12942),#7968,.F.);
#12942 = FACE_BOUND('',#12943,.T.);
#12943 = EDGE_LOOP('',(#12944,#12945,#12966,#12967));
#12944 = ORIENTED_EDGE('',*,*,#7947,.T.);
#12945 = ORIENTED_EDGE('',*,*,#12946,.T.);
#12946 = EDGE_CURVE('',#7948,#10643,#12947,.T.);
#12947 = SEAM_CURVE('',#12948,(#12952,#12959),.PCURVE_S1.);
#12948 = LINE('',#12949,#12950);
#12949 = CARTESIAN_POINT('',(-6.303612880645,-39.23141121612,58.1));
#12950 = VECTOR('',#12951,1.);
#12951 = DIRECTION('',(0.,0.,1.));
#12952 = PCURVE('',#7968,#12953);
#12953 = DEFINITIONAL_REPRESENTATION('',(#12954),#12958);
#12954 = LINE('',#12955,#12956);
#12955 = CARTESIAN_POINT('',(-6.28318530718,0.));
#12956 = VECTOR('',#12957,1.);
#12957 = DIRECTION('',(-0.,-1.));
#12958 = ( GEOMETRIC_REPRESENTATION_CONTEXT(2)
PARAMETRIC_REPRESENTATION_CONTEXT() REPRESENTATION_CONTEXT('2D SPACE',''
  ) );
#12959 = PCURVE('',#7968,#12960);
#12960 = DEFINITIONAL_REPRESENTATION('',(#12961),#12965);
#12961 = LINE('',#12962,#12963);
#12962 = CARTESIAN_POINT('',(-0.,0.));
#12963 = VECTOR('',#12964,1.);
#12964 = DIRECTION('',(-0.,-1.));
#12965 = ( GEOMETRIC_REPRESENTATION_CONTEXT(2)
PARAMETRIC_REPRESENTATION_CONTEXT() REPRESENTATION_CONTEXT('2D SPACE',''
  ) );
#12966 = ORIENTED_EDGE('',*,*,#10642,.F.);
#12967 = ORIENTED_EDGE('',*,*,#12946,.F.);
#12968 = ADVANCED_FACE('',(#12969),#8003,.F.);
#12969 = FACE_BOUND('',#12970,.T.);
#12970 = EDGE_LOOP('',(#12971,#12972,#12993,#12994));
#12971 = ORIENTED_EDGE('',*,*,#7982,.T.);
#12972 = ORIENTED_EDGE('',*,*,#12973,.T.);
#12973 = EDGE_CURVE('',#7983,#10673,#12974,.T.);
#12974 = SEAM_CURVE('',#12975,(#12979,#12986),.PCURVE_S1.);
#12975 = LINE('',#12976,#12977);
#12976 = CARTESIAN_POINT('',(-2.420685613182,-39.80738906688,58.1));
#12977 = VECTOR('',#12978,1.);
#12978 = DIRECTION('',(0.,0.,1.));
#12979 = PCURVE('',#8003,#12980);
#12980 = DEFINITIONAL_REPRESENTATION('',(#12981),#12985);
#12981 = LINE('',#12982,#12983);
#12982 = CARTESIAN_POINT('',(-6.28318530718,0.));
#12983 = VECTOR('',#12984,1.);
#12984 = DIRECTION('',(-0.,-1.));
#12985 = ( GEOMETRIC_REPRESENTATION_CONTEXT(2)
PARAMETRIC_REPRESENTATION_CONTEXT() REPRESENTATION_CONTEXT('2D SPACE',''
  ) );
#12986 = PCURVE('',#8003,#12987);
#12987 = DEFINITIONAL_REPRESENTATION('',(#12988),#12992);
#12988 = LINE('',#12989,#12990);
#12989 = CARTESIAN_POINT('',(-0.,0.));
#12990 = VECTOR('',#12991,1.);
#12991 = DIRECTION('',(-0.,-1.));
#12992 = ( GEOMETRIC_REPRESENTATION_CONTEXT(2)
PARAMETRIC_REPRESENTATION_CONTEXT() REPRESENTATION_CONTEXT('2D SPACE',''
  ) );
#12993 = ORIENTED_EDGE('',*,*,#10672,.F.);
#12994 = ORIENTED_EDGE('',*,*,#12973,.F.);
#12995 = ADVANCED_FACE('',(#12996),#8038,.F.);
#12996 = FACE_BOUND('',#12997,.T.);
#12997 = EDGE_LOOP('',(#12998,#12999,#13020,#13021));
#12998 = ORIENTED_EDGE('',*,*,#8017,.T.);
#12999 = ORIENTED_EDGE('',*,*,#13000,.T.);
#13000 = EDGE_CURVE('',#8018,#10703,#13001,.T.);
#13001 = SEAM_CURVE('',#13002,(#13006,#13013),.PCURVE_S1.);
#13002 = LINE('',#13003,#13004);
#13003 = CARTESIAN_POINT('',(1.5,-40.,58.1));
#13004 = VECTOR('',#13005,1.);
#13005 = DIRECTION('',(0.,0.,1.));
#13006 = PCURVE('',#8038,#13007);
#13007 = DEFINITIONAL_REPRESENTATION('',(#13008),#13012);
#13008 = LINE('',#13009,#13010);
#13009 = CARTESIAN_POINT('',(-6.28318530718,0.));
#13010 = VECTOR('',#13011,1.);
#13011 = DIRECTION('',(-0.,-1.));
#13012 = ( GEOMETRIC_REPRESENTATION_CONTEXT(2)
PARAMETRIC_REPRESENTATION_CONTEXT() REPRESENTATION_CONTEXT('2D SPACE',''
  ) );
#13013 = PCURVE('',#8038,#13014);
#13014 = DEFINITIONAL_REPRESENTATION('',(#13015),#13019);
#13015 = LINE('',#13016,#13017);
#13016 = CARTESIAN_POINT('',(-0.,0.));
#13017 = VECTOR('',#13018,1.);
#13018 = DIRECTION('',(-0.,-1.));
#13019 = ( GEOMETRIC_REPRESENTATION_CONTEXT(2)
PARAMETRIC_REPRESENTATION_CONTEXT() REPRESENTATION_CONTEXT('2D SPACE',''
  ) );
#13020 = ORIENTED_EDGE('',*,*,#10702,.F.);
#13021 = ORIENTED_EDGE('',*,*,#13000,.F.);
#13022 = ADVANCED_FACE('',(#13023),#8073,.F.);
#13023 = FACE_BOUND('',#13024,.T.);
#13024 = EDGE_LOOP('',(#13025,#13026,#13047,#13048));
#13025 = ORIENTED_EDGE('',*,*,#8052,.T.);
#13026 = ORIENTED_EDGE('',*,*,#13027,.T.);
#13027 = EDGE_CURVE('',#8053,#10733,#13028,.T.);
#13028 = SEAM_CURVE('',#13029,(#13033,#13040),.PCURVE_S1.);
#13029 = LINE('',#13030,#13031);
#13030 = CARTESIAN_POINT('',(-33.77685057393,-18.85586947304,58.1));
#13031 = VECTOR('',#13032,1.);
#13032 = DIRECTION('',(0.,0.,1.));
#13033 = PCURVE('',#8073,#13034);
#13034 = DEFINITIONAL_REPRESENTATION('',(#13035),#13039);
#13035 = LINE('',#13036,#13037);
#13036 = CARTESIAN_POINT('',(-6.28318530718,0.));
#13037 = VECTOR('',#13038,1.);
#13038 = DIRECTION('',(-0.,-1.));
#13039 = ( GEOMETRIC_REPRESENTATION_CONTEXT(2)
PARAMETRIC_REPRESENTATION_CONTEXT() REPRESENTATION_CONTEXT('2D SPACE',''
  ) );
#13040 = PCURVE('',#8073,#13041);
#13041 = DEFINITIONAL_REPRESENTATION('',(#13042),#13046);
#13042 = LINE('',#13043,#13044);
#13043 = CARTESIAN_POINT('',(-0.,0.));
#13044 = VECTOR('',#13045,1.);
#13045 = DIRECTION('',(-0.,-1.));
#13046 = ( GEOMETRIC_REPRESENTATION_CONTEXT(2)
PARAMETRIC_REPRESENTATION_CONTEXT() REPRESENTATION_CONTEXT('2D SPACE',''
  ) );
#13047 = ORIENTED_EDGE('',*,*,#10732,.F.);
#13048 = ORIENTED_EDGE('',*,*,#13027,.F.);
#13049 = ADVANCED_FACE('',(#13050),#8108,.F.);
#13050 = FACE_BOUND('',#13051,.T.);
#13051 = EDGE_LOOP('',(#13052,#13053,#13074,#13075));
#13052 = ORIENTED_EDGE('',*,*,#8087,.T.);
#13053 = ORIENTED_EDGE('',*,*,#13054,.T.);
#13054 = EDGE_CURVE('',#8088,#10763,#13055,.T.);
#13055 = SEAM_CURVE('',#13056,(#13060,#13067),.PCURVE_S1.);
#13056 = LINE('',#13057,#13058);
#13057 = CARTESIAN_POINT('',(-35.45518130045,-15.3073372946,58.1));
#13058 = VECTOR('',#13059,1.);
#13059 = DIRECTION('',(0.,0.,1.));
#13060 = PCURVE('',#8108,#13061);
#13061 = DEFINITIONAL_REPRESENTATION('',(#13062),#13066);
#13062 = LINE('',#13063,#13064);
#13063 = CARTESIAN_POINT('',(-6.28318530718,0.));
#13064 = VECTOR('',#13065,1.);
#13065 = DIRECTION('',(-0.,-1.));
#13066 = ( GEOMETRIC_REPRESENTATION_CONTEXT(2)
PARAMETRIC_REPRESENTATION_CONTEXT() REPRESENTATION_CONTEXT('2D SPACE',''
  ) );
#13067 = PCURVE('',#8108,#13068);
#13068 = DEFINITIONAL_REPRESENTATION('',(#13069),#13073);
#13069 = LINE('',#13070,#13071);
#13070 = CARTESIAN_POINT('',(-0.,0.));
#13071 = VECTOR('',#13072,1.);
#13072 = DIRECTION('',(-0.,-1.));
#13073 = ( GEOMETRIC_REPRESENTATION_CONTEXT(2)
PARAMETRIC_REPRESENTATION_CONTEXT() REPRESENTATION_CONTEXT('2D SPACE',''
  ) );
#13074 = ORIENTED_EDGE('',*,*,#10762,.F.);
#13075 = ORIENTED_EDGE('',*,*,#13054,.F.);
#13076 = ADVANCED_FACE('',(#13077),#8143,.F.);
#13077 = FACE_BOUND('',#13078,.T.);
#13078 = EDGE_LOOP('',(#13079,#13080,#13101,#13102));
#13079 = ORIENTED_EDGE('',*,*,#8122,.T.);
#13080 = ORIENTED_EDGE('',*,*,#13081,.T.);
#13081 = EDGE_CURVE('',#8123,#10793,#13082,.T.);
#13082 = SEAM_CURVE('',#13083,(#13087,#13094),.PCURVE_S1.);
#13083 = LINE('',#13084,#13085);
#13084 = CARTESIAN_POINT('',(-36.77761342928,-11.61138709017,58.1));
#13085 = VECTOR('',#13086,1.);
#13086 = DIRECTION('',(0.,0.,1.));
#13087 = PCURVE('',#8143,#13088);
#13088 = DEFINITIONAL_REPRESENTATION('',(#13089),#13093);
#13089 = LINE('',#13090,#13091);
#13090 = CARTESIAN_POINT('',(-6.28318530718,0.));
#13091 = VECTOR('',#13092,1.);
#13092 = DIRECTION('',(-0.,-1.));
#13093 = ( GEOMETRIC_REPRESENTATION_CONTEXT(2)
PARAMETRIC_REPRESENTATION_CONTEXT() REPRESENTATION_CONTEXT('2D SPACE',''
  ) );
#13094 = PCURVE('',#8143,#13095);
#13095 = DEFINITIONAL_REPRESENTATION('',(#13096),#13100);
#13096 = LINE('',#13097,#13098);
#13097 = CARTESIAN_POINT('',(-0.,0.));
#13098 = VECTOR('',#13099,1.);
#13099 = DIRECTION('',(-0.,-1.));
#13100 = ( GEOMETRIC_REPRESENTATION_CONTEXT(2)
PARAMETRIC_REPRESENTATION_CONTEXT() REPRESENTATION_CONTEXT('2D SPACE',''
  ) );
#13101 = ORIENTED_EDGE('',*,*,#10792,.F.);
#13102 = ORIENTED_EDGE('',*,*,#13081,.F.);
#13103 = ADVANCED_FACE('',(#13104),#8178,.F.);
#13104 = FACE_BOUND('',#13105,.T.);
#13105 = EDGE_LOOP('',(#13106,#13107,#13128,#13129));
#13106 = ORIENTED_EDGE('',*,*,#8157,.T.);
#13107 = ORIENTED_EDGE('',*,*,#13108,.T.);
#13108 = EDGE_CURVE('',#8158,#10823,#13109,.T.);
#13109 = SEAM_CURVE('',#13110,(#13114,#13121),.PCURVE_S1.);
#13110 = LINE('',#13111,#13112);
#13111 = CARTESIAN_POINT('',(-37.73141121612,-7.803612880645,58.1));
#13112 = VECTOR('',#13113,1.);
#13113 = DIRECTION('',(0.,0.,1.));
#13114 = PCURVE('',#8178,#13115);
#13115 = DEFINITIONAL_REPRESENTATION('',(#13116),#13120);
#13116 = LINE('',#13117,#13118);
#13117 = CARTESIAN_POINT('',(-6.28318530718,0.));
#13118 = VECTOR('',#13119,1.);
#13119 = DIRECTION('',(-0.,-1.));
#13120 = ( GEOMETRIC_REPRESENTATION_CONTEXT(2)
PARAMETRIC_REPRESENTATION_CONTEXT() REPRESENTATION_CONTEXT('2D SPACE',''
  ) );
#13121 = PCURVE('',#8178,#13122);
#13122 = DEFINITIONAL_REPRESENTATION('',(#13123),#13127);
#13123 = LINE('',#13124,#13125);
#13124 = CARTESIAN_POINT('',(-0.,0.));
#13125 = VECTOR('',#13126,1.);
#13126 = DIRECTION('',(-0.,-1.));
#13127 = ( GEOMETRIC_REPRESENTATION_CONTEXT(2)
PARAMETRIC_REPRESENTATION_CONTEXT() REPRESENTATION_CONTEXT('2D SPACE',''
  ) );
#13128 = ORIENTED_EDGE('',*,*,#10822,.F.);
#13129 = ORIENTED_EDGE('',*,*,#13108,.F.);
#13130 = ADVANCED_FACE('',(#13131),#8213,.F.);
#13131 = FACE_BOUND('',#13132,.T.);
#13132 = EDGE_LOOP('',(#13133,#13134,#13155,#13156));
#13133 = ORIENTED_EDGE('',*,*,#8192,.T.);
#13134 = ORIENTED_EDGE('',*,*,#13135,.T.);
#13135 = EDGE_CURVE('',#8193,#10853,#13136,.T.);
#13136 = SEAM_CURVE('',#13137,(#13141,#13148),.PCURVE_S1.);
#13137 = LINE('',#13138,#13139);
#13138 = CARTESIAN_POINT('',(-38.30738906688,-3.920685613182,58.1));
#13139 = VECTOR('',#13140,1.);
#13140 = DIRECTION('',(0.,0.,1.));
#13141 = PCURVE('',#8213,#13142);
#13142 = DEFINITIONAL_REPRESENTATION('',(#13143),#13147);
#13143 = LINE('',#13144,#13145);
#13144 = CARTESIAN_POINT('',(-6.28318530718,0.));
#13145 = VECTOR('',#13146,1.);
#13146 = DIRECTION('',(-0.,-1.));
#13147 = ( GEOMETRIC_REPRESENTATION_CONTEXT(2)
PARAMETRIC_REPRESENTATION_CONTEXT() REPRESENTATION_CONTEXT('2D SPACE',''
  ) );
#13148 = PCURVE('',#8213,#13149);
#13149 = DEFINITIONAL_REPRESENTATION('',(#13150),#13154);
#13150 = LINE('',#13151,#13152);
#13151 = CARTESIAN_POINT('',(-0.,0.));
#13152 = VECTOR('',#13153,1.);
#13153 = DIRECTION('',(-0.,-1.));
#13154 = ( GEOMETRIC_REPRESENTATION_CONTEXT(2)
PARAMETRIC_REPRESENTATION_CONTEXT() REPRESENTATION_CONTEXT('2D SPACE',''
  ) );
#13155 = ORIENTED_EDGE('',*,*,#10852,.F.);
#13156 = ORIENTED_EDGE('',*,*,#13135,.F.);
#13157 = ADVANCED_FACE('',(#13158),#8245,.T.);
#13158 = FACE_BOUND('',#13159,.T.);
#13159 = EDGE_LOOP('',(#13160,#13181,#13182,#13203));
#13160 = ORIENTED_EDGE('',*,*,#13161,.F.);
#13161 = EDGE_CURVE('',#8228,#10883,#13162,.T.);
#13162 = SURFACE_CURVE('',#13163,(#13167,#13174),.PCURVE_S1.);
#13163 = LINE('',#13164,#13165);
#13164 = CARTESIAN_POINT('',(-11.6,-20.975,58.1));
#13165 = VECTOR('',#13166,1.);
#13166 = DIRECTION('',(0.,0.,1.));
#13167 = PCURVE('',#8245,#13168);
#13168 = DEFINITIONAL_REPRESENTATION('',(#13169),#13173);
#13169 = LINE('',#13170,#13171);
#13170 = CARTESIAN_POINT('',(0.,5.8));
#13171 = VECTOR('',#13172,1.);
#13172 = DIRECTION('',(1.,0.));
#13173 = ( GEOMETRIC_REPRESENTATION_CONTEXT(2)
PARAMETRIC_REPRESENTATION_CONTEXT() REPRESENTATION_CONTEXT('2D SPACE',''
  ) );
#13174 = PCURVE('',#8327,#13175);
#13175 = DEFINITIONAL_REPRESENTATION('',(#13176),#13180);
#13176 = LINE('',#13177,#13178);
#13177 = CARTESIAN_POINT('',(0.,0.));
#13178 = VECTOR('',#13179,1.);
#13179 = DIRECTION('',(1.,0.));
#13180 = ( GEOMETRIC_REPRESENTATION_CONTEXT(2)
PARAMETRIC_REPRESENTATION_CONTEXT() REPRESENTATION_CONTEXT('2D SPACE',''
  ) );
#13181 = ORIENTED_EDGE('',*,*,#8227,.T.);
#13182 = ORIENTED_EDGE('',*,*,#13183,.T.);
#13183 = EDGE_CURVE('',#8230,#10885,#13184,.T.);
#13184 = SURFACE_CURVE('',#13185,(#13189,#13196),.PCURVE_S1.);
#13185 = LINE('',#13186,#13187);
#13186 = CARTESIAN_POINT('',(-17.4,-20.975,58.1));
#13187 = VECTOR('',#13188,1.);
#13188 = DIRECTION('',(0.,0.,1.));
#13189 = PCURVE('',#8245,#13190);
#13190 = DEFINITIONAL_REPRESENTATION('',(#13191),#13195);
#13191 = LINE('',#13192,#13193);
#13192 = CARTESIAN_POINT('',(0.,0.));
#13193 = VECTOR('',#13194,1.);
#13194 = DIRECTION('',(1.,0.));
#13195 = ( GEOMETRIC_REPRESENTATION_CONTEXT(2)
PARAMETRIC_REPRESENTATION_CONTEXT() REPRESENTATION_CONTEXT('2D SPACE',''
  ) );
#13196 = PCURVE('',#8273,#13197);
#13197 = DEFINITIONAL_REPRESENTATION('',(#13198),#13202);
#13198 = LINE('',#13199,#13200);
#13199 = CARTESIAN_POINT('',(0.,0.));
#13200 = VECTOR('',#13201,1.);
#13201 = DIRECTION('',(1.,0.));
#13202 = ( GEOMETRIC_REPRESENTATION_CONTEXT(2)
PARAMETRIC_REPRESENTATION_CONTEXT() REPRESENTATION_CONTEXT('2D SPACE',''
  ) );
#13203 = ORIENTED_EDGE('',*,*,#10882,.F.);
#13204 = ADVANCED_FACE('',(#13205),#8327,.F.);
#13205 = FACE_BOUND('',#13206,.F.);
#13206 = EDGE_LOOP('',(#13207,#13208,#13209,#13230));
#13207 = ORIENTED_EDGE('',*,*,#13161,.F.);
#13208 = ORIENTED_EDGE('',*,*,#8313,.T.);
#13209 = ORIENTED_EDGE('',*,*,#13210,.T.);
#13210 = EDGE_CURVE('',#8286,#10931,#13211,.T.);
#13211 = SURFACE_CURVE('',#13212,(#13216,#13223),.PCURVE_S1.);
#13212 = LINE('',#13213,#13214);
#13213 = CARTESIAN_POINT('',(-11.6,-19.025,58.1));
#13214 = VECTOR('',#13215,1.);
#13215 = DIRECTION('',(0.,0.,1.));
#13216 = PCURVE('',#8327,#13217);
#13217 = DEFINITIONAL_REPRESENTATION('',(#13218),#13222);
#13218 = LINE('',#13219,#13220);
#13219 = CARTESIAN_POINT('',(0.,-1.95));
#13220 = VECTOR('',#13221,1.);
#13221 = DIRECTION('',(1.,0.));
#13222 = ( GEOMETRIC_REPRESENTATION_CONTEXT(2)
PARAMETRIC_REPRESENTATION_CONTEXT() REPRESENTATION_CONTEXT('2D SPACE',''
  ) );
#13223 = PCURVE('',#8301,#13224);
#13224 = DEFINITIONAL_REPRESENTATION('',(#13225),#13229);
#13225 = LINE('',#13226,#13227);
#13226 = CARTESIAN_POINT('',(0.,5.8));
#13227 = VECTOR('',#13228,1.);
#13228 = DIRECTION('',(1.,0.));
#13229 = ( GEOMETRIC_REPRESENTATION_CONTEXT(2)
PARAMETRIC_REPRESENTATION_CONTEXT() REPRESENTATION_CONTEXT('2D SPACE',''
  ) );
#13230 = ORIENTED_EDGE('',*,*,#10953,.F.);
#13231 = ADVANCED_FACE('',(#13232),#8273,.T.);
#13232 = FACE_BOUND('',#13233,.T.);
#13233 = EDGE_LOOP('',(#13234,#13235,#13236,#13257));
#13234 = ORIENTED_EDGE('',*,*,#13183,.F.);
#13235 = ORIENTED_EDGE('',*,*,#8257,.T.);
#13236 = ORIENTED_EDGE('',*,*,#13237,.T.);
#13237 = EDGE_CURVE('',#8258,#10908,#13238,.T.);
#13238 = SURFACE_CURVE('',#13239,(#13243,#13250),.PCURVE_S1.);
#13239 = LINE('',#13240,#13241);
#13240 = CARTESIAN_POINT('',(-17.4,-19.025,58.1));
#13241 = VECTOR('',#13242,1.);
#13242 = DIRECTION('',(0.,0.,1.));
#13243 = PCURVE('',#8273,#13244);
#13244 = DEFINITIONAL_REPRESENTATION('',(#13245),#13249);
#13245 = LINE('',#13246,#13247);
#13246 = CARTESIAN_POINT('',(0.,-1.95));
#13247 = VECTOR('',#13248,1.);
#13248 = DIRECTION('',(1.,0.));
#13249 = ( GEOMETRIC_REPRESENTATION_CONTEXT(2)
PARAMETRIC_REPRESENTATION_CONTEXT() REPRESENTATION_CONTEXT('2D SPACE',''
  ) );
#13250 = PCURVE('',#8301,#13251);
#13251 = DEFINITIONAL_REPRESENTATION('',(#13252),#13256);
#13252 = LINE('',#13253,#13254);
#13253 = CARTESIAN_POINT('',(0.,0.));
#13254 = VECTOR('',#13255,1.);
#13255 = DIRECTION('',(1.,0.));
#13256 = ( GEOMETRIC_REPRESENTATION_CONTEXT(2)
PARAMETRIC_REPRESENTATION_CONTEXT() REPRESENTATION_CONTEXT('2D SPACE',''
  ) );
#13257 = ORIENTED_EDGE('',*,*,#10907,.F.);
#13258 = ADVANCED_FACE('',(#13259),#8301,.F.);
#13259 = FACE_BOUND('',#13260,.F.);
#13260 = EDGE_LOOP('',(#13261,#13262,#13263,#13264));
#13261 = ORIENTED_EDGE('',*,*,#13210,.F.);
#13262 = ORIENTED_EDGE('',*,*,#8285,.T.);
#13263 = ORIENTED_EDGE('',*,*,#13237,.T.);
#13264 = ORIENTED_EDGE('',*,*,#10930,.F.);
#13265 = ADVANCED_FACE('',(#13266),#8362,.F.);
#13266 = FACE_BOUND('',#13267,.T.);
#13267 = EDGE_LOOP('',(#13268,#13269,#13290,#13291));
#13268 = ORIENTED_EDGE('',*,*,#8341,.T.);
#13269 = ORIENTED_EDGE('',*,*,#13270,.T.);
#13270 = EDGE_CURVE('',#8342,#10977,#13271,.T.);
#13271 = SEAM_CURVE('',#13272,(#13276,#13283),.PCURVE_S1.);
#13272 = LINE('',#13273,#13274);
#13273 = CARTESIAN_POINT('',(5.420685613182,-39.80738906688,58.1));
#13274 = VECTOR('',#13275,1.);
#13275 = DIRECTION('',(0.,0.,1.));
#13276 = PCURVE('',#8362,#13277);
#13277 = DEFINITIONAL_REPRESENTATION('',(#13278),#13282);
#13278 = LINE('',#13279,#13280);
#13279 = CARTESIAN_POINT('',(-6.28318530718,0.));
#13280 = VECTOR('',#13281,1.);
#13281 = DIRECTION('',(-0.,-1.));
#13282 = ( GEOMETRIC_REPRESENTATION_CONTEXT(2)
PARAMETRIC_REPRESENTATION_CONTEXT() REPRESENTATION_CONTEXT('2D SPACE',''
  ) );
#13283 = PCURVE('',#8362,#13284);
#13284 = DEFINITIONAL_REPRESENTATION('',(#13285),#13289);
#13285 = LINE('',#13286,#13287);
#13286 = CARTESIAN_POINT('',(-0.,0.));
#13287 = VECTOR('',#13288,1.);
#13288 = DIRECTION('',(-0.,-1.));
#13289 = ( GEOMETRIC_REPRESENTATION_CONTEXT(2)
PARAMETRIC_REPRESENTATION_CONTEXT() REPRESENTATION_CONTEXT('2D SPACE',''
  ) );
#13290 = ORIENTED_EDGE('',*,*,#10976,.F.);
#13291 = ORIENTED_EDGE('',*,*,#13270,.F.);
#13292 = ADVANCED_FACE('',(#13293),#8397,.F.);
#13293 = FACE_BOUND('',#13294,.T.);
#13294 = EDGE_LOOP('',(#13295,#13296,#13317,#13318));
#13295 = ORIENTED_EDGE('',*,*,#8376,.T.);
#13296 = ORIENTED_EDGE('',*,*,#13297,.T.);
#13297 = EDGE_CURVE('',#8377,#11007,#13298,.T.);
#13298 = SEAM_CURVE('',#13299,(#13303,#13310),.PCURVE_S1.);
#13299 = LINE('',#13300,#13301);
#13300 = CARTESIAN_POINT('',(9.303612880645,-39.23141121612,58.1));
#13301 = VECTOR('',#13302,1.);
#13302 = DIRECTION('',(0.,0.,1.));
#13303 = PCURVE('',#8397,#13304);
#13304 = DEFINITIONAL_REPRESENTATION('',(#13305),#13309);
#13305 = LINE('',#13306,#13307);
#13306 = CARTESIAN_POINT('',(-6.28318530718,0.));
#13307 = VECTOR('',#13308,1.);
#13308 = DIRECTION('',(-0.,-1.));
#13309 = ( GEOMETRIC_REPRESENTATION_CONTEXT(2)
PARAMETRIC_REPRESENTATION_CONTEXT() REPRESENTATION_CONTEXT('2D SPACE',''
  ) );
#13310 = PCURVE('',#8397,#13311);
#13311 = DEFINITIONAL_REPRESENTATION('',(#13312),#13316);
#13312 = LINE('',#13313,#13314);
#13313 = CARTESIAN_POINT('',(-0.,0.));
#13314 = VECTOR('',#13315,1.);
#13315 = DIRECTION('',(-0.,-1.));
#13316 = ( GEOMETRIC_REPRESENTATION_CONTEXT(2)
PARAMETRIC_REPRESENTATION_CONTEXT() REPRESENTATION_CONTEXT('2D SPACE',''
  ) );
#13317 = ORIENTED_EDGE('',*,*,#11006,.F.);
#13318 = ORIENTED_EDGE('',*,*,#13297,.F.);
#13319 = ADVANCED_FACE('',(#13320),#8432,.F.);
#13320 = FACE_BOUND('',#13321,.T.);
#13321 = EDGE_LOOP('',(#13322,#13323,#13344,#13345));
#13322 = ORIENTED_EDGE('',*,*,#8411,.T.);
#13323 = ORIENTED_EDGE('',*,*,#13324,.T.);
#13324 = EDGE_CURVE('',#8412,#11037,#13325,.T.);
#13325 = SEAM_CURVE('',#13326,(#13330,#13337),.PCURVE_S1.);
#13326 = LINE('',#13327,#13328);
#13327 = CARTESIAN_POINT('',(13.111387090178,-38.27761342928,58.1));
#13328 = VECTOR('',#13329,1.);
#13329 = DIRECTION('',(0.,0.,1.));
#13330 = PCURVE('',#8432,#13331);
#13331 = DEFINITIONAL_REPRESENTATION('',(#13332),#13336);
#13332 = LINE('',#13333,#13334);
#13333 = CARTESIAN_POINT('',(-6.28318530718,0.));
#13334 = VECTOR('',#13335,1.);
#13335 = DIRECTION('',(-0.,-1.));
#13336 = ( GEOMETRIC_REPRESENTATION_CONTEXT(2)
PARAMETRIC_REPRESENTATION_CONTEXT() REPRESENTATION_CONTEXT('2D SPACE',''
  ) );
#13337 = PCURVE('',#8432,#13338);
#13338 = DEFINITIONAL_REPRESENTATION('',(#13339),#13343);
#13339 = LINE('',#13340,#13341);
#13340 = CARTESIAN_POINT('',(-0.,0.));
#13341 = VECTOR('',#13342,1.);
#13342 = DIRECTION('',(-0.,-1.));
#13343 = ( GEOMETRIC_REPRESENTATION_CONTEXT(2)
PARAMETRIC_REPRESENTATION_CONTEXT() REPRESENTATION_CONTEXT('2D SPACE',''
  ) );
#13344 = ORIENTED_EDGE('',*,*,#11036,.F.);
#13345 = ORIENTED_EDGE('',*,*,#13324,.F.);
#13346 = ADVANCED_FACE('',(#13347),#8467,.F.);
#13347 = FACE_BOUND('',#13348,.T.);
#13348 = EDGE_LOOP('',(#13349,#13350,#13371,#13372));
#13349 = ORIENTED_EDGE('',*,*,#8446,.T.);
#13350 = ORIENTED_EDGE('',*,*,#13351,.T.);
#13351 = EDGE_CURVE('',#8447,#11067,#13352,.T.);
#13352 = SEAM_CURVE('',#13353,(#13357,#13364),.PCURVE_S1.);
#13353 = LINE('',#13354,#13355);
#13354 = CARTESIAN_POINT('',(16.807337294604,-36.95518130045,58.1));
#13355 = VECTOR('',#13356,1.);
#13356 = DIRECTION('',(0.,0.,1.));
#13357 = PCURVE('',#8467,#13358);
#13358 = DEFINITIONAL_REPRESENTATION('',(#13359),#13363);
#13359 = LINE('',#13360,#13361);
#13360 = CARTESIAN_POINT('',(-6.28318530718,0.));
#13361 = VECTOR('',#13362,1.);
#13362 = DIRECTION('',(-0.,-1.));
#13363 = ( GEOMETRIC_REPRESENTATION_CONTEXT(2)
PARAMETRIC_REPRESENTATION_CONTEXT() REPRESENTATION_CONTEXT('2D SPACE',''
  ) );
#13364 = PCURVE('',#8467,#13365);
#13365 = DEFINITIONAL_REPRESENTATION('',(#13366),#13370);
#13366 = LINE('',#13367,#13368);
#13367 = CARTESIAN_POINT('',(-0.,0.));
#13368 = VECTOR('',#13369,1.);
#13369 = DIRECTION('',(-0.,-1.));
#13370 = ( GEOMETRIC_REPRESENTATION_CONTEXT(2)
PARAMETRIC_REPRESENTATION_CONTEXT() REPRESENTATION_CONTEXT('2D SPACE',''
  ) );
#13371 = ORIENTED_EDGE('',*,*,#11066,.F.);
#13372 = ORIENTED_EDGE('',*,*,#13351,.F.);
#13373 = ADVANCED_FACE('',(#13374),#8502,.F.);
#13374 = FACE_BOUND('',#13375,.T.);
#13375 = EDGE_LOOP('',(#13376,#13377,#13398,#13399));
#13376 = ORIENTED_EDGE('',*,*,#8481,.T.);
#13377 = ORIENTED_EDGE('',*,*,#13378,.T.);
#13378 = EDGE_CURVE('',#8482,#11097,#13379,.T.);
#13379 = SEAM_CURVE('',#13380,(#13384,#13391),.PCURVE_S1.);
#13380 = LINE('',#13381,#13382);
#13381 = CARTESIAN_POINT('',(20.35586947304,-35.27685057393,58.1));
#13382 = VECTOR('',#13383,1.);
#13383 = DIRECTION('',(0.,0.,1.));
#13384 = PCURVE('',#8502,#13385);
#13385 = DEFINITIONAL_REPRESENTATION('',(#13386),#13390);
#13386 = LINE('',#13387,#13388);
#13387 = CARTESIAN_POINT('',(-6.28318530718,0.));
#13388 = VECTOR('',#13389,1.);
#13389 = DIRECTION('',(-0.,-1.));
#13390 = ( GEOMETRIC_REPRESENTATION_CONTEXT(2)
PARAMETRIC_REPRESENTATION_CONTEXT() REPRESENTATION_CONTEXT('2D SPACE',''
  ) );
#13391 = PCURVE('',#8502,#13392);
#13392 = DEFINITIONAL_REPRESENTATION('',(#13393),#13397);
#13393 = LINE('',#13394,#13395);
#13394 = CARTESIAN_POINT('',(-0.,0.));
#13395 = VECTOR('',#13396,1.);
#13396 = DIRECTION('',(-0.,-1.));
#13397 = ( GEOMETRIC_REPRESENTATION_CONTEXT(2)
PARAMETRIC_REPRESENTATION_CONTEXT() REPRESENTATION_CONTEXT('2D SPACE',''
  ) );
#13398 = ORIENTED_EDGE('',*,*,#11096,.F.);
#13399 = ORIENTED_EDGE('',*,*,#13378,.F.);
#13400 = ADVANCED_FACE('',(#13401),#8537,.F.);
#13401 = FACE_BOUND('',#13402,.T.);
#13402 = EDGE_LOOP('',(#13403,#13404,#13425,#13426));
#13403 = ORIENTED_EDGE('',*,*,#8516,.T.);
#13404 = ORIENTED_EDGE('',*,*,#13405,.T.);
#13405 = EDGE_CURVE('',#8517,#11127,#13406,.T.);
#13406 = SEAM_CURVE('',#13407,(#13411,#13418),.PCURVE_S1.);
#13407 = LINE('',#13408,#13409);
#13408 = CARTESIAN_POINT('',(23.722809320784,-33.2587844921,58.1));
#13409 = VECTOR('',#13410,1.);
#13410 = DIRECTION('',(0.,0.,1.));
#13411 = PCURVE('',#8537,#13412);
#13412 = DEFINITIONAL_REPRESENTATION('',(#13413),#13417);
#13413 = LINE('',#13414,#13415);
#13414 = CARTESIAN_POINT('',(-6.28318530718,0.));
#13415 = VECTOR('',#13416,1.);
#13416 = DIRECTION('',(-0.,-1.));
#13417 = ( GEOMETRIC_REPRESENTATION_CONTEXT(2)
PARAMETRIC_REPRESENTATION_CONTEXT() REPRESENTATION_CONTEXT('2D SPACE',''
  ) );
#13418 = PCURVE('',#8537,#13419);
#13419 = DEFINITIONAL_REPRESENTATION('',(#13420),#13424);
#13420 = LINE('',#13421,#13422);
#13421 = CARTESIAN_POINT('',(-0.,0.));
#13422 = VECTOR('',#13423,1.);
#13423 = DIRECTION('',(-0.,-1.));
#13424 = ( GEOMETRIC_REPRESENTATION_CONTEXT(2)
PARAMETRIC_REPRESENTATION_CONTEXT() REPRESENTATION_CONTEXT('2D SPACE',''
  ) );
#13425 = ORIENTED_EDGE('',*,*,#11126,.F.);
#13426 = ORIENTED_EDGE('',*,*,#13405,.F.);
#13427 = ADVANCED_FACE('',(#13428),#8572,.F.);
#13428 = FACE_BOUND('',#13429,.T.);
#13429 = EDGE_LOOP('',(#13430,#13431,#13452,#13453));
#13430 = ORIENTED_EDGE('',*,*,#8551,.T.);
#13431 = ORIENTED_EDGE('',*,*,#13432,.T.);
#13432 = EDGE_CURVE('',#8552,#11157,#13433,.T.);
#13433 = SEAM_CURVE('',#13434,(#13438,#13445),.PCURVE_S1.);
#13434 = LINE('',#13435,#13436);
#13435 = CARTESIAN_POINT('',(26.875731366546,-30.9204181345,58.1));
#13436 = VECTOR('',#13437,1.);
#13437 = DIRECTION('',(0.,0.,1.));
#13438 = PCURVE('',#8572,#13439);
#13439 = DEFINITIONAL_REPRESENTATION('',(#13440),#13444);
#13440 = LINE('',#13441,#13442);
#13441 = CARTESIAN_POINT('',(-6.28318530718,0.));
#13442 = VECTOR('',#13443,1.);
#13443 = DIRECTION('',(-0.,-1.));
#13444 = ( GEOMETRIC_REPRESENTATION_CONTEXT(2)
PARAMETRIC_REPRESENTATION_CONTEXT() REPRESENTATION_CONTEXT('2D SPACE',''
  ) );
#13445 = PCURVE('',#8572,#13446);
#13446 = DEFINITIONAL_REPRESENTATION('',(#13447),#13451);
#13447 = LINE('',#13448,#13449);
#13448 = CARTESIAN_POINT('',(-0.,0.));
#13449 = VECTOR('',#13450,1.);
#13450 = DIRECTION('',(-0.,-1.));
#13451 = ( GEOMETRIC_REPRESENTATION_CONTEXT(2)
PARAMETRIC_REPRESENTATION_CONTEXT() REPRESENTATION_CONTEXT('2D SPACE',''
  ) );
#13452 = ORIENTED_EDGE('',*,*,#11156,.F.);
#13453 = ORIENTED_EDGE('',*,*,#13432,.F.);
#13454 = ADVANCED_FACE('',(#13455),#8607,.F.);
#13455 = FACE_BOUND('',#13456,.T.);
#13456 = EDGE_LOOP('',(#13457,#13458,#13479,#13480));
#13457 = ORIENTED_EDGE('',*,*,#8586,.T.);
#13458 = ORIENTED_EDGE('',*,*,#13459,.T.);
#13459 = EDGE_CURVE('',#8587,#11187,#13460,.T.);
#13460 = SEAM_CURVE('',#13461,(#13465,#13472),.PCURVE_S1.);
#13461 = LINE('',#13462,#13463);
#13462 = CARTESIAN_POINT('',(29.784271247462,-28.28427124746,58.1));
#13463 = VECTOR('',#13464,1.);
#13464 = DIRECTION('',(0.,0.,1.));
#13465 = PCURVE('',#8607,#13466);
#13466 = DEFINITIONAL_REPRESENTATION('',(#13467),#13471);
#13467 = LINE('',#13468,#13469);
#13468 = CARTESIAN_POINT('',(-6.28318530718,0.));
#13469 = VECTOR('',#13470,1.);
#13470 = DIRECTION('',(-0.,-1.));
#13471 = ( GEOMETRIC_REPRESENTATION_CONTEXT(2)
PARAMETRIC_REPRESENTATION_CONTEXT() REPRESENTATION_CONTEXT('2D SPACE',''
  ) );
#13472 = PCURVE('',#8607,#13473);
#13473 = DEFINITIONAL_REPRESENTATION('',(#13474),#13478);
#13474 = LINE('',#13475,#13476);
#13475 = CARTESIAN_POINT('',(-0.,0.));
#13476 = VECTOR('',#13477,1.);
#13477 = DIRECTION('',(-0.,-1.));
#13478 = ( GEOMETRIC_REPRESENTATION_CONTEXT(2)
PARAMETRIC_REPRESENTATION_CONTEXT() REPRESENTATION_CONTEXT('2D SPACE',''
  ) );
#13479 = ORIENTED_EDGE('',*,*,#11186,.F.);
#13480 = ORIENTED_EDGE('',*,*,#13459,.F.);
#13481 = ADVANCED_FACE('',(#13482),#8642,.F.);
#13482 = FACE_BOUND('',#13483,.T.);
#13483 = EDGE_LOOP('',(#13484,#13485,#13506,#13507));
#13484 = ORIENTED_EDGE('',*,*,#8621,.T.);
#13485 = ORIENTED_EDGE('',*,*,#13486,.T.);
#13486 = EDGE_CURVE('',#8622,#11217,#13487,.T.);
#13487 = SEAM_CURVE('',#13488,(#13492,#13499),.PCURVE_S1.);
#13488 = LINE('',#13489,#13490);
#13489 = CARTESIAN_POINT('',(32.420418134509,-25.37573136654,58.1));
#13490 = VECTOR('',#13491,1.);
#13491 = DIRECTION('',(0.,0.,1.));
#13492 = PCURVE('',#8642,#13493);
#13493 = DEFINITIONAL_REPRESENTATION('',(#13494),#13498);
#13494 = LINE('',#13495,#13496);
#13495 = CARTESIAN_POINT('',(-6.28318530718,0.));
#13496 = VECTOR('',#13497,1.);
#13497 = DIRECTION('',(-0.,-1.));
#13498 = ( GEOMETRIC_REPRESENTATION_CONTEXT(2)
PARAMETRIC_REPRESENTATION_CONTEXT() REPRESENTATION_CONTEXT('2D SPACE',''
  ) );
#13499 = PCURVE('',#8642,#13500);
#13500 = DEFINITIONAL_REPRESENTATION('',(#13501),#13505);
#13501 = LINE('',#13502,#13503);
#13502 = CARTESIAN_POINT('',(-0.,0.));
#13503 = VECTOR('',#13504,1.);
#13504 = DIRECTION('',(-0.,-1.));
#13505 = ( GEOMETRIC_REPRESENTATION_CONTEXT(2)
PARAMETRIC_REPRESENTATION_CONTEXT() REPRESENTATION_CONTEXT('2D SPACE',''
  ) );
#13506 = ORIENTED_EDGE('',*,*,#11216,.F.);
#13507 = ORIENTED_EDGE('',*,*,#13486,.F.);
#13508 = ADVANCED_FACE('',(#13509),#8677,.F.);
#13509 = FACE_BOUND('',#13510,.T.);
#13510 = EDGE_LOOP('',(#13511,#13512,#13533,#13534));
#13511 = ORIENTED_EDGE('',*,*,#8656,.T.);
#13512 = ORIENTED_EDGE('',*,*,#13513,.T.);
#13513 = EDGE_CURVE('',#8657,#11247,#13514,.T.);
#13514 = SEAM_CURVE('',#13515,(#13519,#13526),.PCURVE_S1.);
#13515 = LINE('',#13516,#13517);
#13516 = CARTESIAN_POINT('',(34.758784492102,-22.22280932078,58.1));
#13517 = VECTOR('',#13518,1.);
#13518 = DIRECTION('',(0.,0.,1.));
#13519 = PCURVE('',#8677,#13520);
#13520 = DEFINITIONAL_REPRESENTATION('',(#13521),#13525);
#13521 = LINE('',#13522,#13523);
#13522 = CARTESIAN_POINT('',(-6.28318530718,0.));
#13523 = VECTOR('',#13524,1.);
#13524 = DIRECTION('',(-0.,-1.));
#13525 = ( GEOMETRIC_REPRESENTATION_CONTEXT(2)
PARAMETRIC_REPRESENTATION_CONTEXT() REPRESENTATION_CONTEXT('2D SPACE',''
  ) );
#13526 = PCURVE('',#8677,#13527);
#13527 = DEFINITIONAL_REPRESENTATION('',(#13528),#13532);
#13528 = LINE('',#13529,#13530);
#13529 = CARTESIAN_POINT('',(-0.,0.));
#13530 = VECTOR('',#13531,1.);
#13531 = DIRECTION('',(-0.,-1.));
#13532 = ( GEOMETRIC_REPRESENTATION_CONTEXT(2)
PARAMETRIC_REPRESENTATION_CONTEXT() REPRESENTATION_CONTEXT('2D SPACE',''
  ) );
#13533 = ORIENTED_EDGE('',*,*,#11246,.F.);
#13534 = ORIENTED_EDGE('',*,*,#13513,.F.);
#13535 = ADVANCED_FACE('',(#13536),#8709,.T.);
#13536 = FACE_BOUND('',#13537,.T.);
#13537 = EDGE_LOOP('',(#13538,#13559,#13560,#13581));
#13538 = ORIENTED_EDGE('',*,*,#13539,.F.);
#13539 = EDGE_CURVE('',#8692,#11277,#13540,.T.);
#13540 = SURFACE_CURVE('',#13541,(#13545,#13552),.PCURVE_S1.);
#13541 = LINE('',#13542,#13543);
#13542 = CARTESIAN_POINT('',(17.4,-20.975,58.1));
#13543 = VECTOR('',#13544,1.);
#13544 = DIRECTION('',(0.,0.,1.));
#13545 = PCURVE('',#8709,#13546);
#13546 = DEFINITIONAL_REPRESENTATION('',(#13547),#13551);
#13547 = LINE('',#13548,#13549);
#13548 = CARTESIAN_POINT('',(0.,5.8));
#13549 = VECTOR('',#13550,1.);
#13550 = DIRECTION('',(1.,0.));
#13551 = ( GEOMETRIC_REPRESENTATION_CONTEXT(2)
PARAMETRIC_REPRESENTATION_CONTEXT() REPRESENTATION_CONTEXT('2D SPACE',''
  ) );
#13552 = PCURVE('',#8791,#13553);
#13553 = DEFINITIONAL_REPRESENTATION('',(#13554),#13558);
#13554 = LINE('',#13555,#13556);
#13555 = CARTESIAN_POINT('',(0.,0.));
#13556 = VECTOR('',#13557,1.);
#13557 = DIRECTION('',(1.,0.));
#13558 = ( GEOMETRIC_REPRESENTATION_CONTEXT(2)
PARAMETRIC_REPRESENTATION_CONTEXT() REPRESENTATION_CONTEXT('2D SPACE',''
  ) );
#13559 = ORIENTED_EDGE('',*,*,#8691,.T.);
#13560 = ORIENTED_EDGE('',*,*,#13561,.T.);
#13561 = EDGE_CURVE('',#8694,#11279,#13562,.T.);
#13562 = SURFACE_CURVE('',#13563,(#13567,#13574),.PCURVE_S1.);
#13563 = LINE('',#13564,#13565);
#13564 = CARTESIAN_POINT('',(11.6,-20.975,58.1));
#13565 = VECTOR('',#13566,1.);
#13566 = DIRECTION('',(0.,0.,1.));
#13567 = PCURVE('',#8709,#13568);
#13568 = DEFINITIONAL_REPRESENTATION('',(#13569),#13573);
#13569 = LINE('',#13570,#13571);
#13570 = CARTESIAN_POINT('',(0.,0.));
#13571 = VECTOR('',#13572,1.);
#13572 = DIRECTION('',(1.,0.));
#13573 = ( GEOMETRIC_REPRESENTATION_CONTEXT(2)
PARAMETRIC_REPRESENTATION_CONTEXT() REPRESENTATION_CONTEXT('2D SPACE',''
  ) );
#13574 = PCURVE('',#8737,#13575);
#13575 = DEFINITIONAL_REPRESENTATION('',(#13576),#13580);
#13576 = LINE('',#13577,#13578);
#13577 = CARTESIAN_POINT('',(0.,0.));
#13578 = VECTOR('',#13579,1.);
#13579 = DIRECTION('',(1.,0.));
#13580 = ( GEOMETRIC_REPRESENTATION_CONTEXT(2)
PARAMETRIC_REPRESENTATION_CONTEXT() REPRESENTATION_CONTEXT('2D SPACE',''
  ) );
#13581 = ORIENTED_EDGE('',*,*,#11276,.F.);
#13582 = ADVANCED_FACE('',(#13583),#8791,.F.);
#13583 = FACE_BOUND('',#13584,.F.);
#13584 = EDGE_LOOP('',(#13585,#13586,#13587,#13608));
#13585 = ORIENTED_EDGE('',*,*,#13539,.F.);
#13586 = ORIENTED_EDGE('',*,*,#8777,.T.);
#13587 = ORIENTED_EDGE('',*,*,#13588,.T.);
#13588 = EDGE_CURVE('',#8750,#11325,#13589,.T.);
#13589 = SURFACE_CURVE('',#13590,(#13594,#13601),.PCURVE_S1.);
#13590 = LINE('',#13591,#13592);
#13591 = CARTESIAN_POINT('',(17.4,-19.025,58.1));
#13592 = VECTOR('',#13593,1.);
#13593 = DIRECTION('',(0.,0.,1.));
#13594 = PCURVE('',#8791,#13595);
#13595 = DEFINITIONAL_REPRESENTATION('',(#13596),#13600);
#13596 = LINE('',#13597,#13598);
#13597 = CARTESIAN_POINT('',(0.,-1.95));
#13598 = VECTOR('',#13599,1.);
#13599 = DIRECTION('',(1.,0.));
#13600 = ( GEOMETRIC_REPRESENTATION_CONTEXT(2)
PARAMETRIC_REPRESENTATION_CONTEXT() REPRESENTATION_CONTEXT('2D SPACE',''
  ) );
#13601 = PCURVE('',#8765,#13602);
#13602 = DEFINITIONAL_REPRESENTATION('',(#13603),#13607);
#13603 = LINE('',#13604,#13605);
#13604 = CARTESIAN_POINT('',(0.,5.8));
#13605 = VECTOR('',#13606,1.);
#13606 = DIRECTION('',(1.,0.));
#13607 = ( GEOMETRIC_REPRESENTATION_CONTEXT(2)
PARAMETRIC_REPRESENTATION_CONTEXT() REPRESENTATION_CONTEXT('2D SPACE',''
  ) );
#13608 = ORIENTED_EDGE('',*,*,#11347,.F.);
#13609 = ADVANCED_FACE('',(#13610),#8737,.T.);
#13610 = FACE_BOUND('',#13611,.T.);
#13611 = EDGE_LOOP('',(#13612,#13613,#13614,#13635));
#13612 = ORIENTED_EDGE('',*,*,#13561,.F.);
#13613 = ORIENTED_EDGE('',*,*,#8721,.T.);
#13614 = ORIENTED_EDGE('',*,*,#13615,.T.);
#13615 = EDGE_CURVE('',#8722,#11302,#13616,.T.);
#13616 = SURFACE_CURVE('',#13617,(#13621,#13628),.PCURVE_S1.);
#13617 = LINE('',#13618,#13619);
#13618 = CARTESIAN_POINT('',(11.6,-19.025,58.1));
#13619 = VECTOR('',#13620,1.);
#13620 = DIRECTION('',(0.,0.,1.));
#13621 = PCURVE('',#8737,#13622);
#13622 = DEFINITIONAL_REPRESENTATION('',(#13623),#13627);
#13623 = LINE('',#13624,#13625);
#13624 = CARTESIAN_POINT('',(0.,-1.95));
#13625 = VECTOR('',#13626,1.);
#13626 = DIRECTION('',(1.,0.));
#13627 = ( GEOMETRIC_REPRESENTATION_CONTEXT(2)
PARAMETRIC_REPRESENTATION_CONTEXT() REPRESENTATION_CONTEXT('2D SPACE',''
  ) );
#13628 = PCURVE('',#8765,#13629);
#13629 = DEFINITIONAL_REPRESENTATION('',(#13630),#13634);
#13630 = LINE('',#13631,#13632);
#13631 = CARTESIAN_POINT('',(0.,0.));
#13632 = VECTOR('',#13633,1.);
#13633 = DIRECTION('',(1.,0.));
#13634 = ( GEOMETRIC_REPRESENTATION_CONTEXT(2)
PARAMETRIC_REPRESENTATION_CONTEXT() REPRESENTATION_CONTEXT('2D SPACE',''
  ) );
#13635 = ORIENTED_EDGE('',*,*,#11301,.F.);
#13636 = ADVANCED_FACE('',(#13637),#8765,.F.);
#13637 = FACE_BOUND('',#13638,.F.);
#13638 = EDGE_LOOP('',(#13639,#13640,#13641,#13642));
#13639 = ORIENTED_EDGE('',*,*,#13588,.F.);
#13640 = ORIENTED_EDGE('',*,*,#8749,.T.);
#13641 = ORIENTED_EDGE('',*,*,#13615,.T.);
#13642 = ORIENTED_EDGE('',*,*,#11324,.F.);
#13643 = ADVANCED_FACE('',(#13644),#8826,.F.);
#13644 = FACE_BOUND('',#13645,.T.);
#13645 = EDGE_LOOP('',(#13646,#13647,#13668,#13669));
#13646 = ORIENTED_EDGE('',*,*,#8805,.T.);
#13647 = ORIENTED_EDGE('',*,*,#13648,.T.);
#13648 = EDGE_CURVE('',#8806,#11371,#13649,.T.);
#13649 = SEAM_CURVE('',#13650,(#13654,#13661),.PCURVE_S1.);
#13650 = LINE('',#13651,#13652);
#13651 = CARTESIAN_POINT('',(36.776850573934,-18.85586947304,58.1));
#13652 = VECTOR('',#13653,1.);
#13653 = DIRECTION('',(0.,0.,1.));
#13654 = PCURVE('',#8826,#13655);
#13655 = DEFINITIONAL_REPRESENTATION('',(#13656),#13660);
#13656 = LINE('',#13657,#13658);
#13657 = CARTESIAN_POINT('',(-6.28318530718,0.));
#13658 = VECTOR('',#13659,1.);
#13659 = DIRECTION('',(-0.,-1.));
#13660 = ( GEOMETRIC_REPRESENTATION_CONTEXT(2)
PARAMETRIC_REPRESENTATION_CONTEXT() REPRESENTATION_CONTEXT('2D SPACE',''
  ) );
#13661 = PCURVE('',#8826,#13662);
#13662 = DEFINITIONAL_REPRESENTATION('',(#13663),#13667);
#13663 = LINE('',#13664,#13665);
#13664 = CARTESIAN_POINT('',(-0.,0.));
#13665 = VECTOR('',#13666,1.);
#13666 = DIRECTION('',(-0.,-1.));
#13667 = ( GEOMETRIC_REPRESENTATION_CONTEXT(2)
PARAMETRIC_REPRESENTATION_CONTEXT() REPRESENTATION_CONTEXT('2D SPACE',''
  ) );
#13668 = ORIENTED_EDGE('',*,*,#11370,.F.);
#13669 = ORIENTED_EDGE('',*,*,#13648,.F.);
#13670 = ADVANCED_FACE('',(#13671),#8861,.F.);
#13671 = FACE_BOUND('',#13672,.T.);
#13672 = EDGE_LOOP('',(#13673,#13674,#13695,#13696));
#13673 = ORIENTED_EDGE('',*,*,#8840,.T.);
#13674 = ORIENTED_EDGE('',*,*,#13675,.T.);
#13675 = EDGE_CURVE('',#8841,#11401,#13676,.T.);
#13676 = SEAM_CURVE('',#13677,(#13681,#13688),.PCURVE_S1.);
#13677 = LINE('',#13678,#13679);
#13678 = CARTESIAN_POINT('',(38.455181300451,-15.3073372946,58.1));
#13679 = VECTOR('',#13680,1.);
#13680 = DIRECTION('',(0.,0.,1.));
#13681 = PCURVE('',#8861,#13682);
#13682 = DEFINITIONAL_REPRESENTATION('',(#13683),#13687);
#13683 = LINE('',#13684,#13685);
#13684 = CARTESIAN_POINT('',(-6.28318530718,0.));
#13685 = VECTOR('',#13686,1.);
#13686 = DIRECTION('',(-0.,-1.));
#13687 = ( GEOMETRIC_REPRESENTATION_CONTEXT(2)
PARAMETRIC_REPRESENTATION_CONTEXT() REPRESENTATION_CONTEXT('2D SPACE',''
  ) );
#13688 = PCURVE('',#8861,#13689);
#13689 = DEFINITIONAL_REPRESENTATION('',(#13690),#13694);
#13690 = LINE('',#13691,#13692);
#13691 = CARTESIAN_POINT('',(-0.,0.));
#13692 = VECTOR('',#13693,1.);
#13693 = DIRECTION('',(-0.,-1.));
#13694 = ( GEOMETRIC_REPRESENTATION_CONTEXT(2)
PARAMETRIC_REPRESENTATION_CONTEXT() REPRESENTATION_CONTEXT('2D SPACE',''
  ) );
#13695 = ORIENTED_EDGE('',*,*,#11400,.F.);
#13696 = ORIENTED_EDGE('',*,*,#13675,.F.);
#13697 = ADVANCED_FACE('',(#13698),#8896,.F.);
#13698 = FACE_BOUND('',#13699,.T.);
#13699 = EDGE_LOOP('',(#13700,#13701,#13722,#13723));
#13700 = ORIENTED_EDGE('',*,*,#8875,.T.);
#13701 = ORIENTED_EDGE('',*,*,#13702,.T.);
#13702 = EDGE_CURVE('',#8876,#11431,#13703,.T.);
#13703 = SEAM_CURVE('',#13704,(#13708,#13715),.PCURVE_S1.);
#13704 = LINE('',#13705,#13706);
#13705 = CARTESIAN_POINT('',(39.777613429288,-11.61138709017,58.1));
#13706 = VECTOR('',#13707,1.);
#13707 = DIRECTION('',(0.,0.,1.));
#13708 = PCURVE('',#8896,#13709);
#13709 = DEFINITIONAL_REPRESENTATION('',(#13710),#13714);
#13710 = LINE('',#13711,#13712);
#13711 = CARTESIAN_POINT('',(-6.28318530718,0.));
#13712 = VECTOR('',#13713,1.);
#13713 = DIRECTION('',(-0.,-1.));
#13714 = ( GEOMETRIC_REPRESENTATION_CONTEXT(2)
PARAMETRIC_REPRESENTATION_CONTEXT() REPRESENTATION_CONTEXT('2D SPACE',''
  ) );
#13715 = PCURVE('',#8896,#13716);
#13716 = DEFINITIONAL_REPRESENTATION('',(#13717),#13721);
#13717 = LINE('',#13718,#13719);
#13718 = CARTESIAN_POINT('',(-0.,0.));
#13719 = VECTOR('',#13720,1.);
#13720 = DIRECTION('',(-0.,-1.));
#13721 = ( GEOMETRIC_REPRESENTATION_CONTEXT(2)
PARAMETRIC_REPRESENTATION_CONTEXT() REPRESENTATION_CONTEXT('2D SPACE',''
  ) );
#13722 = ORIENTED_EDGE('',*,*,#11430,.F.);
#13723 = ORIENTED_EDGE('',*,*,#13702,.F.);
#13724 = ADVANCED_FACE('',(#13725),#8931,.F.);
#13725 = FACE_BOUND('',#13726,.T.);
#13726 = EDGE_LOOP('',(#13727,#13728,#13749,#13750));
#13727 = ORIENTED_EDGE('',*,*,#8910,.T.);
#13728 = ORIENTED_EDGE('',*,*,#13729,.T.);
#13729 = EDGE_CURVE('',#8911,#11461,#13730,.T.);
#13730 = SEAM_CURVE('',#13731,(#13735,#13742),.PCURVE_S1.);
#13731 = LINE('',#13732,#13733);
#13732 = CARTESIAN_POINT('',(40.731411216129,-7.803612880645,58.1));
#13733 = VECTOR('',#13734,1.);
#13734 = DIRECTION('',(0.,0.,1.));
#13735 = PCURVE('',#8931,#13736);
#13736 = DEFINITIONAL_REPRESENTATION('',(#13737),#13741);
#13737 = LINE('',#13738,#13739);
#13738 = CARTESIAN_POINT('',(-6.28318530718,0.));
#13739 = VECTOR('',#13740,1.);
#13740 = DIRECTION('',(-0.,-1.));
#13741 = ( GEOMETRIC_REPRESENTATION_CONTEXT(2)
PARAMETRIC_REPRESENTATION_CONTEXT() REPRESENTATION_CONTEXT('2D SPACE',''
  ) );
#13742 = PCURVE('',#8931,#13743);
#13743 = DEFINITIONAL_REPRESENTATION('',(#13744),#13748);
#13744 = LINE('',#13745,#13746);
#13745 = CARTESIAN_POINT('',(-0.,0.));
#13746 = VECTOR('',#13747,1.);
#13747 = DIRECTION('',(-0.,-1.));
#13748 = ( GEOMETRIC_REPRESENTATION_CONTEXT(2)
PARAMETRIC_REPRESENTATION_CONTEXT() REPRESENTATION_CONTEXT('2D SPACE',''
  ) );
#13749 = ORIENTED_EDGE('',*,*,#11460,.F.);
#13750 = ORIENTED_EDGE('',*,*,#13729,.F.);
#13751 = ADVANCED_FACE('',(#13752),#8966,.F.);
#13752 = FACE_BOUND('',#13753,.T.);
#13753 = EDGE_LOOP('',(#13754,#13755,#13776,#13777));
#13754 = ORIENTED_EDGE('',*,*,#8945,.T.);
#13755 = ORIENTED_EDGE('',*,*,#13756,.T.);
#13756 = EDGE_CURVE('',#8946,#11491,#13757,.T.);
#13757 = SEAM_CURVE('',#13758,(#13762,#13769),.PCURVE_S1.);
#13758 = LINE('',#13759,#13760);
#13759 = CARTESIAN_POINT('',(41.307389066888,-3.920685613182,58.1));
#13760 = VECTOR('',#13761,1.);
#13761 = DIRECTION('',(0.,0.,1.));
#13762 = PCURVE('',#8966,#13763);
#13763 = DEFINITIONAL_REPRESENTATION('',(#13764),#13768);
#13764 = LINE('',#13765,#13766);
#13765 = CARTESIAN_POINT('',(-6.28318530718,0.));
#13766 = VECTOR('',#13767,1.);
#13767 = DIRECTION('',(-0.,-1.));
#13768 = ( GEOMETRIC_REPRESENTATION_CONTEXT(2)
PARAMETRIC_REPRESENTATION_CONTEXT() REPRESENTATION_CONTEXT('2D SPACE',''
  ) );
#13769 = PCURVE('',#8966,#13770);
#13770 = DEFINITIONAL_REPRESENTATION('',(#13771),#13775);
#13771 = LINE('',#13772,#13773);
#13772 = CARTESIAN_POINT('',(-0.,0.));
#13773 = VECTOR('',#13774,1.);
#13774 = DIRECTION('',(-0.,-1.));
#13775 = ( GEOMETRIC_REPRESENTATION_CONTEXT(2)
PARAMETRIC_REPRESENTATION_CONTEXT() REPRESENTATION_CONTEXT('2D SPACE',''
  ) );
#13776 = ORIENTED_EDGE('',*,*,#11490,.F.);
#13777 = ORIENTED_EDGE('',*,*,#13756,.F.);
#13778 = ADVANCED_FACE('',(#13779),#9001,.F.);
#13779 = FACE_BOUND('',#13780,.T.);
#13780 = EDGE_LOOP('',(#13781,#13782,#13803,#13804));
#13781 = ORIENTED_EDGE('',*,*,#8980,.T.);
#13782 = ORIENTED_EDGE('',*,*,#13783,.T.);
#13783 = EDGE_CURVE('',#8981,#11521,#13784,.T.);
#13784 = SEAM_CURVE('',#13785,(#13789,#13796),.PCURVE_S1.);
#13785 = LINE('',#13786,#13787);
#13786 = CARTESIAN_POINT('',(-38.5,4.898587196589E-15,58.1));
#13787 = VECTOR('',#13788,1.);
#13788 = DIRECTION('',(0.,0.,1.));
#13789 = PCURVE('',#9001,#13790);
#13790 = DEFINITIONAL_REPRESENTATION('',(#13791),#13795);
#13791 = LINE('',#13792,#13793);
#13792 = CARTESIAN_POINT('',(-6.28318530718,0.));
#13793 = VECTOR('',#13794,1.);
#13794 = DIRECTION('',(-0.,-1.));
#13795 = ( GEOMETRIC_REPRESENTATION_CONTEXT(2)
PARAMETRIC_REPRESENTATION_CONTEXT() REPRESENTATION_CONTEXT('2D SPACE',''
  ) );
#13796 = PCURVE('',#9001,#13797);
#13797 = DEFINITIONAL_REPRESENTATION('',(#13798),#13802);
#13798 = LINE('',#13799,#13800);
#13799 = CARTESIAN_POINT('',(-0.,0.));
#13800 = VECTOR('',#13801,1.);
#13801 = DIRECTION('',(-0.,-1.));
#13802 = ( GEOMETRIC_REPRESENTATION_CONTEXT(2)
PARAMETRIC_REPRESENTATION_CONTEXT() REPRESENTATION_CONTEXT('2D SPACE',''
  ) );
#13803 = ORIENTED_EDGE('',*,*,#11520,.F.);
#13804 = ORIENTED_EDGE('',*,*,#13783,.F.);
#13805 = ADVANCED_FACE('',(#13806),#9036,.F.);
#13806 = FACE_BOUND('',#13807,.T.);
#13807 = EDGE_LOOP('',(#13808,#13809,#13830,#13831));
#13808 = ORIENTED_EDGE('',*,*,#9015,.T.);
#13809 = ORIENTED_EDGE('',*,*,#13810,.T.);
#13810 = EDGE_CURVE('',#9016,#11551,#13811,.T.);
#13811 = SEAM_CURVE('',#13812,(#13816,#13823),.PCURVE_S1.);
#13812 = LINE('',#13813,#13814);
#13813 = CARTESIAN_POINT('',(-38.30738906688,3.920685613182,58.1));
#13814 = VECTOR('',#13815,1.);
#13815 = DIRECTION('',(0.,0.,1.));
#13816 = PCURVE('',#9036,#13817);
#13817 = DEFINITIONAL_REPRESENTATION('',(#13818),#13822);
#13818 = LINE('',#13819,#13820);
#13819 = CARTESIAN_POINT('',(-6.28318530718,0.));
#13820 = VECTOR('',#13821,1.);
#13821 = DIRECTION('',(-0.,-1.));
#13822 = ( GEOMETRIC_REPRESENTATION_CONTEXT(2)
PARAMETRIC_REPRESENTATION_CONTEXT() REPRESENTATION_CONTEXT('2D SPACE',''
  ) );
#13823 = PCURVE('',#9036,#13824);
#13824 = DEFINITIONAL_REPRESENTATION('',(#13825),#13829);
#13825 = LINE('',#13826,#13827);
#13826 = CARTESIAN_POINT('',(-0.,0.));
#13827 = VECTOR('',#13828,1.);
#13828 = DIRECTION('',(-0.,-1.));
#13829 = ( GEOMETRIC_REPRESENTATION_CONTEXT(2)
PARAMETRIC_REPRESENTATION_CONTEXT() REPRESENTATION_CONTEXT('2D SPACE',''
  ) );
#13830 = ORIENTED_EDGE('',*,*,#11550,.F.);
#13831 = ORIENTED_EDGE('',*,*,#13810,.F.);
#13832 = ADVANCED_FACE('',(#13833),#9071,.F.);
#13833 = FACE_BOUND('',#13834,.T.);
#13834 = EDGE_LOOP('',(#13835,#13836,#13857,#13858));
#13835 = ORIENTED_EDGE('',*,*,#9050,.T.);
#13836 = ORIENTED_EDGE('',*,*,#13837,.T.);
#13837 = EDGE_CURVE('',#9051,#11581,#13838,.T.);
#13838 = SEAM_CURVE('',#13839,(#13843,#13850),.PCURVE_S1.);
#13839 = LINE('',#13840,#13841);
#13840 = CARTESIAN_POINT('',(-37.73141121612,7.803612880645,58.1));
#13841 = VECTOR('',#13842,1.);
#13842 = DIRECTION('',(0.,0.,1.));
#13843 = PCURVE('',#9071,#13844);
#13844 = DEFINITIONAL_REPRESENTATION('',(#13845),#13849);
#13845 = LINE('',#13846,#13847);
#13846 = CARTESIAN_POINT('',(-6.28318530718,0.));
#13847 = VECTOR('',#13848,1.);
#13848 = DIRECTION('',(-0.,-1.));
#13849 = ( GEOMETRIC_REPRESENTATION_CONTEXT(2)
PARAMETRIC_REPRESENTATION_CONTEXT() REPRESENTATION_CONTEXT('2D SPACE',''
  ) );
#13850 = PCURVE('',#9071,#13851);
#13851 = DEFINITIONAL_REPRESENTATION('',(#13852),#13856);
#13852 = LINE('',#13853,#13854);
#13853 = CARTESIAN_POINT('',(-0.,0.));
#13854 = VECTOR('',#13855,1.);
#13855 = DIRECTION('',(-0.,-1.));
#13856 = ( GEOMETRIC_REPRESENTATION_CONTEXT(2)
PARAMETRIC_REPRESENTATION_CONTEXT() REPRESENTATION_CONTEXT('2D SPACE',''
  ) );
#13857 = ORIENTED_EDGE('',*,*,#11580,.F.);
#13858 = ORIENTED_EDGE('',*,*,#13837,.F.);
#13859 = ADVANCED_FACE('',(#13860),#9106,.F.);
#13860 = FACE_BOUND('',#13861,.T.);
#13861 = EDGE_LOOP('',(#13862,#13863,#13884,#13885));
#13862 = ORIENTED_EDGE('',*,*,#9085,.T.);
#13863 = ORIENTED_EDGE('',*,*,#13864,.T.);
#13864 = EDGE_CURVE('',#9086,#11611,#13865,.T.);
#13865 = SEAM_CURVE('',#13866,(#13870,#13877),.PCURVE_S1.);
#13866 = LINE('',#13867,#13868);
#13867 = CARTESIAN_POINT('',(-36.77761342928,11.611387090178,58.1));
#13868 = VECTOR('',#13869,1.);
#13869 = DIRECTION('',(0.,0.,1.));
#13870 = PCURVE('',#9106,#13871);
#13871 = DEFINITIONAL_REPRESENTATION('',(#13872),#13876);
#13872 = LINE('',#13873,#13874);
#13873 = CARTESIAN_POINT('',(-6.28318530718,0.));
#13874 = VECTOR('',#13875,1.);
#13875 = DIRECTION('',(-0.,-1.));
#13876 = ( GEOMETRIC_REPRESENTATION_CONTEXT(2)
PARAMETRIC_REPRESENTATION_CONTEXT() REPRESENTATION_CONTEXT('2D SPACE',''
  ) );
#13877 = PCURVE('',#9106,#13878);
#13878 = DEFINITIONAL_REPRESENTATION('',(#13879),#13883);
#13879 = LINE('',#13880,#13881);
#13880 = CARTESIAN_POINT('',(-0.,0.));
#13881 = VECTOR('',#13882,1.);
#13882 = DIRECTION('',(-0.,-1.));
#13883 = ( GEOMETRIC_REPRESENTATION_CONTEXT(2)
PARAMETRIC_REPRESENTATION_CONTEXT() REPRESENTATION_CONTEXT('2D SPACE',''
  ) );
#13884 = ORIENTED_EDGE('',*,*,#11610,.F.);
#13885 = ORIENTED_EDGE('',*,*,#13864,.F.);
#13886 = ADVANCED_FACE('',(#13887),#9141,.F.);
#13887 = FACE_BOUND('',#13888,.T.);
#13888 = EDGE_LOOP('',(#13889,#13890,#13911,#13912));
#13889 = ORIENTED_EDGE('',*,*,#9120,.T.);
#13890 = ORIENTED_EDGE('',*,*,#13891,.T.);
#13891 = EDGE_CURVE('',#9121,#11641,#13892,.T.);
#13892 = SEAM_CURVE('',#13893,(#13897,#13904),.PCURVE_S1.);
#13893 = LINE('',#13894,#13895);
#13894 = CARTESIAN_POINT('',(-35.45518130045,15.307337294604,58.1));
#13895 = VECTOR('',#13896,1.);
#13896 = DIRECTION('',(0.,0.,1.));
#13897 = PCURVE('',#9141,#13898);
#13898 = DEFINITIONAL_REPRESENTATION('',(#13899),#13903);
#13899 = LINE('',#13900,#13901);
#13900 = CARTESIAN_POINT('',(-6.28318530718,0.));
#13901 = VECTOR('',#13902,1.);
#13902 = DIRECTION('',(-0.,-1.));
#13903 = ( GEOMETRIC_REPRESENTATION_CONTEXT(2)
PARAMETRIC_REPRESENTATION_CONTEXT() REPRESENTATION_CONTEXT('2D SPACE',''
  ) );
#13904 = PCURVE('',#9141,#13905);
#13905 = DEFINITIONAL_REPRESENTATION('',(#13906),#13910);
#13906 = LINE('',#13907,#13908);
#13907 = CARTESIAN_POINT('',(-0.,0.));
#13908 = VECTOR('',#13909,1.);
#13909 = DIRECTION('',(-0.,-1.));
#13910 = ( GEOMETRIC_REPRESENTATION_CONTEXT(2)
PARAMETRIC_REPRESENTATION_CONTEXT() REPRESENTATION_CONTEXT('2D SPACE',''
  ) );
#13911 = ORIENTED_EDGE('',*,*,#11640,.F.);
#13912 = ORIENTED_EDGE('',*,*,#13891,.F.);
#13913 = ADVANCED_FACE('',(#13914),#9176,.F.);
#13914 = FACE_BOUND('',#13915,.T.);
#13915 = EDGE_LOOP('',(#13916,#13917,#13938,#13939));
#13916 = ORIENTED_EDGE('',*,*,#9155,.T.);
#13917 = ORIENTED_EDGE('',*,*,#13918,.T.);
#13918 = EDGE_CURVE('',#9156,#11671,#13919,.T.);
#13919 = SEAM_CURVE('',#13920,(#13924,#13931),.PCURVE_S1.);
#13920 = LINE('',#13921,#13922);
#13921 = CARTESIAN_POINT('',(-33.77685057393,18.85586947304,58.1));
#13922 = VECTOR('',#13923,1.);
#13923 = DIRECTION('',(0.,0.,1.));
#13924 = PCURVE('',#9176,#13925);
#13925 = DEFINITIONAL_REPRESENTATION('',(#13926),#13930);
#13926 = LINE('',#13927,#13928);
#13927 = CARTESIAN_POINT('',(-6.28318530718,0.));
#13928 = VECTOR('',#13929,1.);
#13929 = DIRECTION('',(-0.,-1.));
#13930 = ( GEOMETRIC_REPRESENTATION_CONTEXT(2)
PARAMETRIC_REPRESENTATION_CONTEXT() REPRESENTATION_CONTEXT('2D SPACE',''
  ) );
#13931 = PCURVE('',#9176,#13932);
#13932 = DEFINITIONAL_REPRESENTATION('',(#13933),#13937);
#13933 = LINE('',#13934,#13935);
#13934 = CARTESIAN_POINT('',(-0.,0.));
#13935 = VECTOR('',#13936,1.);
#13936 = DIRECTION('',(-0.,-1.));
#13937 = ( GEOMETRIC_REPRESENTATION_CONTEXT(2)
PARAMETRIC_REPRESENTATION_CONTEXT() REPRESENTATION_CONTEXT('2D SPACE',''
  ) );
#13938 = ORIENTED_EDGE('',*,*,#11670,.F.);
#13939 = ORIENTED_EDGE('',*,*,#13918,.F.);
#13940 = ADVANCED_FACE('',(#13941),#9208,.T.);
#13941 = FACE_BOUND('',#13942,.T.);
#13942 = EDGE_LOOP('',(#13943,#13964,#13965,#13986));
#13943 = ORIENTED_EDGE('',*,*,#13944,.F.);
#13944 = EDGE_CURVE('',#9191,#11701,#13945,.T.);
#13945 = SURFACE_CURVE('',#13946,(#13950,#13957),.PCURVE_S1.);
#13946 = LINE('',#13947,#13948);
#13947 = CARTESIAN_POINT('',(-11.6,19.025,58.1));
#13948 = VECTOR('',#13949,1.);
#13949 = DIRECTION('',(0.,0.,1.));
#13950 = PCURVE('',#9208,#13951);
#13951 = DEFINITIONAL_REPRESENTATION('',(#13952),#13956);
#13952 = LINE('',#13953,#13954);
#13953 = CARTESIAN_POINT('',(0.,5.8));
#13954 = VECTOR('',#13955,1.);
#13955 = DIRECTION('',(1.,0.));
#13956 = ( GEOMETRIC_REPRESENTATION_CONTEXT(2)
PARAMETRIC_REPRESENTATION_CONTEXT() REPRESENTATION_CONTEXT('2D SPACE',''
  ) );
#13957 = PCURVE('',#9290,#13958);
#13958 = DEFINITIONAL_REPRESENTATION('',(#13959),#13963);
#13959 = LINE('',#13960,#13961);
#13960 = CARTESIAN_POINT('',(0.,0.));
#13961 = VECTOR('',#13962,1.);
#13962 = DIRECTION('',(1.,0.));
#13963 = ( GEOMETRIC_REPRESENTATION_CONTEXT(2)
PARAMETRIC_REPRESENTATION_CONTEXT() REPRESENTATION_CONTEXT('2D SPACE',''
  ) );
#13964 = ORIENTED_EDGE('',*,*,#9190,.T.);
#13965 = ORIENTED_EDGE('',*,*,#13966,.T.);
#13966 = EDGE_CURVE('',#9193,#11703,#13967,.T.);
#13967 = SURFACE_CURVE('',#13968,(#13972,#13979),.PCURVE_S1.);
#13968 = LINE('',#13969,#13970);
#13969 = CARTESIAN_POINT('',(-17.4,19.025,58.1));
#13970 = VECTOR('',#13971,1.);
#13971 = DIRECTION('',(0.,0.,1.));
#13972 = PCURVE('',#9208,#13973);
#13973 = DEFINITIONAL_REPRESENTATION('',(#13974),#13978);
#13974 = LINE('',#13975,#13976);
#13975 = CARTESIAN_POINT('',(0.,0.));
#13976 = VECTOR('',#13977,1.);
#13977 = DIRECTION('',(1.,0.));
#13978 = ( GEOMETRIC_REPRESENTATION_CONTEXT(2)
PARAMETRIC_REPRESENTATION_CONTEXT() REPRESENTATION_CONTEXT('2D SPACE',''
  ) );
#13979 = PCURVE('',#9236,#13980);
#13980 = DEFINITIONAL_REPRESENTATION('',(#13981),#13985);
#13981 = LINE('',#13982,#13983);
#13982 = CARTESIAN_POINT('',(0.,0.));
#13983 = VECTOR('',#13984,1.);
#13984 = DIRECTION('',(1.,0.));
#13985 = ( GEOMETRIC_REPRESENTATION_CONTEXT(2)
PARAMETRIC_REPRESENTATION_CONTEXT() REPRESENTATION_CONTEXT('2D SPACE',''
  ) );
#13986 = ORIENTED_EDGE('',*,*,#11700,.F.);
#13987 = ADVANCED_FACE('',(#13988),#9290,.F.);
#13988 = FACE_BOUND('',#13989,.F.);
#13989 = EDGE_LOOP('',(#13990,#13991,#13992,#14013));
#13990 = ORIENTED_EDGE('',*,*,#13944,.F.);
#13991 = ORIENTED_EDGE('',*,*,#9276,.T.);
#13992 = ORIENTED_EDGE('',*,*,#13993,.T.);
#13993 = EDGE_CURVE('',#9249,#11749,#13994,.T.);
#13994 = SURFACE_CURVE('',#13995,(#13999,#14006),.PCURVE_S1.);
#13995 = LINE('',#13996,#13997);
#13996 = CARTESIAN_POINT('',(-11.6,20.975,58.1));
#13997 = VECTOR('',#13998,1.);
#13998 = DIRECTION('',(0.,0.,1.));
#13999 = PCURVE('',#9290,#14000);
#14000 = DEFINITIONAL_REPRESENTATION('',(#14001),#14005);
#14001 = LINE('',#14002,#14003);
#14002 = CARTESIAN_POINT('',(0.,-1.95));
#14003 = VECTOR('',#14004,1.);
#14004 = DIRECTION('',(1.,0.));
#14005 = ( GEOMETRIC_REPRESENTATION_CONTEXT(2)
PARAMETRIC_REPRESENTATION_CONTEXT() REPRESENTATION_CONTEXT('2D SPACE',''
  ) );
#14006 = PCURVE('',#9264,#14007);
#14007 = DEFINITIONAL_REPRESENTATION('',(#14008),#14012);
#14008 = LINE('',#14009,#14010);
#14009 = CARTESIAN_POINT('',(0.,5.8));
#14010 = VECTOR('',#14011,1.);
#14011 = DIRECTION('',(1.,0.));
#14012 = ( GEOMETRIC_REPRESENTATION_CONTEXT(2)
PARAMETRIC_REPRESENTATION_CONTEXT() REPRESENTATION_CONTEXT('2D SPACE',''
  ) );
#14013 = ORIENTED_EDGE('',*,*,#11771,.F.);
#14014 = ADVANCED_FACE('',(#14015),#9236,.T.);
#14015 = FACE_BOUND('',#14016,.T.);
#14016 = EDGE_LOOP('',(#14017,#14018,#14019,#14040));
#14017 = ORIENTED_EDGE('',*,*,#13966,.F.);
#14018 = ORIENTED_EDGE('',*,*,#9220,.T.);
#14019 = ORIENTED_EDGE('',*,*,#14020,.T.);
#14020 = EDGE_CURVE('',#9221,#11726,#14021,.T.);
#14021 = SURFACE_CURVE('',#14022,(#14026,#14033),.PCURVE_S1.);
#14022 = LINE('',#14023,#14024);
#14023 = CARTESIAN_POINT('',(-17.4,20.975,58.1));
#14024 = VECTOR('',#14025,1.);
#14025 = DIRECTION('',(0.,0.,1.));
#14026 = PCURVE('',#9236,#14027);
#14027 = DEFINITIONAL_REPRESENTATION('',(#14028),#14032);
#14028 = LINE('',#14029,#14030);
#14029 = CARTESIAN_POINT('',(0.,-1.95));
#14030 = VECTOR('',#14031,1.);
#14031 = DIRECTION('',(1.,0.));
#14032 = ( GEOMETRIC_REPRESENTATION_CONTEXT(2)
PARAMETRIC_REPRESENTATION_CONTEXT() REPRESENTATION_CONTEXT('2D SPACE',''
  ) );
#14033 = PCURVE('',#9264,#14034);
#14034 = DEFINITIONAL_REPRESENTATION('',(#14035),#14039);
#14035 = LINE('',#14036,#14037);
#14036 = CARTESIAN_POINT('',(0.,0.));
#14037 = VECTOR('',#14038,1.);
#14038 = DIRECTION('',(1.,0.));
#14039 = ( GEOMETRIC_REPRESENTATION_CONTEXT(2)
PARAMETRIC_REPRESENTATION_CONTEXT() REPRESENTATION_CONTEXT('2D SPACE',''
  ) );
#14040 = ORIENTED_EDGE('',*,*,#11725,.F.);
#14041 = ADVANCED_FACE('',(#14042),#9264,.F.);
#14042 = FACE_BOUND('',#14043,.F.);
#14043 = EDGE_LOOP('',(#14044,#14045,#14046,#14047));
#14044 = ORIENTED_EDGE('',*,*,#13993,.F.);
#14045 = ORIENTED_EDGE('',*,*,#9248,.T.);
#14046 = ORIENTED_EDGE('',*,*,#14020,.T.);
#14047 = ORIENTED_EDGE('',*,*,#11748,.F.);
#14048 = ADVANCED_FACE('',(#14049),#9325,.F.);
#14049 = FACE_BOUND('',#14050,.T.);
#14050 = EDGE_LOOP('',(#14051,#14052,#14073,#14074));
#14051 = ORIENTED_EDGE('',*,*,#9304,.T.);
#14052 = ORIENTED_EDGE('',*,*,#14053,.T.);
#14053 = EDGE_CURVE('',#9305,#11795,#14054,.T.);
#14054 = SEAM_CURVE('',#14055,(#14059,#14066),.PCURVE_S1.);
#14055 = LINE('',#14056,#14057);
#14056 = CARTESIAN_POINT('',(-31.7587844921,22.222809320784,58.1));
#14057 = VECTOR('',#14058,1.);
#14058 = DIRECTION('',(0.,0.,1.));
#14059 = PCURVE('',#9325,#14060);
#14060 = DEFINITIONAL_REPRESENTATION('',(#14061),#14065);
#14061 = LINE('',#14062,#14063);
#14062 = CARTESIAN_POINT('',(-6.28318530718,0.));
#14063 = VECTOR('',#14064,1.);
#14064 = DIRECTION('',(-0.,-1.));
#14065 = ( GEOMETRIC_REPRESENTATION_CONTEXT(2)
PARAMETRIC_REPRESENTATION_CONTEXT() REPRESENTATION_CONTEXT('2D SPACE',''
  ) );
#14066 = PCURVE('',#9325,#14067);
#14067 = DEFINITIONAL_REPRESENTATION('',(#14068),#14072);
#14068 = LINE('',#14069,#14070);
#14069 = CARTESIAN_POINT('',(-0.,0.));
#14070 = VECTOR('',#14071,1.);
#14071 = DIRECTION('',(-0.,-1.));
#14072 = ( GEOMETRIC_REPRESENTATION_CONTEXT(2)
PARAMETRIC_REPRESENTATION_CONTEXT() REPRESENTATION_CONTEXT('2D SPACE',''
  ) );
#14073 = ORIENTED_EDGE('',*,*,#11794,.F.);
#14074 = ORIENTED_EDGE('',*,*,#14053,.F.);
#14075 = ADVANCED_FACE('',(#14076),#9360,.F.);
#14076 = FACE_BOUND('',#14077,.T.);
#14077 = EDGE_LOOP('',(#14078,#14079,#14100,#14101));
#14078 = ORIENTED_EDGE('',*,*,#9339,.T.);
#14079 = ORIENTED_EDGE('',*,*,#14080,.T.);
#14080 = EDGE_CURVE('',#9340,#11825,#14081,.T.);
#14081 = SEAM_CURVE('',#14082,(#14086,#14093),.PCURVE_S1.);
#14082 = LINE('',#14083,#14084);
#14083 = CARTESIAN_POINT('',(-29.4204181345,25.375731366546,58.1));
#14084 = VECTOR('',#14085,1.);
#14085 = DIRECTION('',(0.,0.,1.));
#14086 = PCURVE('',#9360,#14087);
#14087 = DEFINITIONAL_REPRESENTATION('',(#14088),#14092);
#14088 = LINE('',#14089,#14090);
#14089 = CARTESIAN_POINT('',(-6.28318530718,0.));
#14090 = VECTOR('',#14091,1.);
#14091 = DIRECTION('',(-0.,-1.));
#14092 = ( GEOMETRIC_REPRESENTATION_CONTEXT(2)
PARAMETRIC_REPRESENTATION_CONTEXT() REPRESENTATION_CONTEXT('2D SPACE',''
  ) );
#14093 = PCURVE('',#9360,#14094);
#14094 = DEFINITIONAL_REPRESENTATION('',(#14095),#14099);
#14095 = LINE('',#14096,#14097);
#14096 = CARTESIAN_POINT('',(-0.,0.));
#14097 = VECTOR('',#14098,1.);
#14098 = DIRECTION('',(-0.,-1.));
#14099 = ( GEOMETRIC_REPRESENTATION_CONTEXT(2)
PARAMETRIC_REPRESENTATION_CONTEXT() REPRESENTATION_CONTEXT('2D SPACE',''
  ) );
#14100 = ORIENTED_EDGE('',*,*,#11824,.F.);
#14101 = ORIENTED_EDGE('',*,*,#14080,.F.);
#14102 = ADVANCED_FACE('',(#14103),#9395,.F.);
#14103 = FACE_BOUND('',#14104,.T.);
#14104 = EDGE_LOOP('',(#14105,#14106,#14127,#14128));
#14105 = ORIENTED_EDGE('',*,*,#9374,.T.);
#14106 = ORIENTED_EDGE('',*,*,#14107,.T.);
#14107 = EDGE_CURVE('',#9375,#11855,#14108,.T.);
#14108 = SEAM_CURVE('',#14109,(#14113,#14120),.PCURVE_S1.);
#14109 = LINE('',#14110,#14111);
#14110 = CARTESIAN_POINT('',(-26.78427124746,28.284271247462,58.1));
#14111 = VECTOR('',#14112,1.);
#14112 = DIRECTION('',(0.,0.,1.));
#14113 = PCURVE('',#9395,#14114);
#14114 = DEFINITIONAL_REPRESENTATION('',(#14115),#14119);
#14115 = LINE('',#14116,#14117);
#14116 = CARTESIAN_POINT('',(-6.28318530718,0.));
#14117 = VECTOR('',#14118,1.);
#14118 = DIRECTION('',(-0.,-1.));
#14119 = ( GEOMETRIC_REPRESENTATION_CONTEXT(2)
PARAMETRIC_REPRESENTATION_CONTEXT() REPRESENTATION_CONTEXT('2D SPACE',''
  ) );
#14120 = PCURVE('',#9395,#14121);
#14121 = DEFINITIONAL_REPRESENTATION('',(#14122),#14126);
#14122 = LINE('',#14123,#14124);
#14123 = CARTESIAN_POINT('',(-0.,0.));
#14124 = VECTOR('',#14125,1.);
#14125 = DIRECTION('',(-0.,-1.));
#14126 = ( GEOMETRIC_REPRESENTATION_CONTEXT(2)
PARAMETRIC_REPRESENTATION_CONTEXT() REPRESENTATION_CONTEXT('2D SPACE',''
  ) );
#14127 = ORIENTED_EDGE('',*,*,#11854,.F.);
#14128 = ORIENTED_EDGE('',*,*,#14107,.F.);
#14129 = ADVANCED_FACE('',(#14130),#9430,.F.);
#14130 = FACE_BOUND('',#14131,.T.);
#14131 = EDGE_LOOP('',(#14132,#14133,#14154,#14155));
#14132 = ORIENTED_EDGE('',*,*,#9409,.T.);
#14133 = ORIENTED_EDGE('',*,*,#14134,.T.);
#14134 = EDGE_CURVE('',#9410,#11885,#14135,.T.);
#14135 = SEAM_CURVE('',#14136,(#14140,#14147),.PCURVE_S1.);
#14136 = LINE('',#14137,#14138);
#14137 = CARTESIAN_POINT('',(-23.87573136654,30.920418134509,58.1));
#14138 = VECTOR('',#14139,1.);
#14139 = DIRECTION('',(0.,0.,1.));
#14140 = PCURVE('',#9430,#14141);
#14141 = DEFINITIONAL_REPRESENTATION('',(#14142),#14146);
#14142 = LINE('',#14143,#14144);
#14143 = CARTESIAN_POINT('',(-6.28318530718,0.));
#14144 = VECTOR('',#14145,1.);
#14145 = DIRECTION('',(-0.,-1.));
#14146 = ( GEOMETRIC_REPRESENTATION_CONTEXT(2)
PARAMETRIC_REPRESENTATION_CONTEXT() REPRESENTATION_CONTEXT('2D SPACE',''
  ) );
#14147 = PCURVE('',#9430,#14148);
#14148 = DEFINITIONAL_REPRESENTATION('',(#14149),#14153);
#14149 = LINE('',#14150,#14151);
#14150 = CARTESIAN_POINT('',(-0.,0.));
#14151 = VECTOR('',#14152,1.);
#14152 = DIRECTION('',(-0.,-1.));
#14153 = ( GEOMETRIC_REPRESENTATION_CONTEXT(2)
PARAMETRIC_REPRESENTATION_CONTEXT() REPRESENTATION_CONTEXT('2D SPACE',''
  ) );
#14154 = ORIENTED_EDGE('',*,*,#11884,.F.);
#14155 = ORIENTED_EDGE('',*,*,#14134,.F.);
#14156 = ADVANCED_FACE('',(#14157),#9465,.F.);
#14157 = FACE_BOUND('',#14158,.T.);
#14158 = EDGE_LOOP('',(#14159,#14160,#14181,#14182));
#14159 = ORIENTED_EDGE('',*,*,#9444,.T.);
#14160 = ORIENTED_EDGE('',*,*,#14161,.T.);
#14161 = EDGE_CURVE('',#9445,#11915,#14162,.T.);
#14162 = SEAM_CURVE('',#14163,(#14167,#14174),.PCURVE_S1.);
#14163 = LINE('',#14164,#14165);
#14164 = CARTESIAN_POINT('',(-20.72280932078,33.258784492102,58.1));
#14165 = VECTOR('',#14166,1.);
#14166 = DIRECTION('',(0.,0.,1.));
#14167 = PCURVE('',#9465,#14168);
#14168 = DEFINITIONAL_REPRESENTATION('',(#14169),#14173);
#14169 = LINE('',#14170,#14171);
#14170 = CARTESIAN_POINT('',(-6.28318530718,0.));
#14171 = VECTOR('',#14172,1.);
#14172 = DIRECTION('',(-0.,-1.));
#14173 = ( GEOMETRIC_REPRESENTATION_CONTEXT(2)
PARAMETRIC_REPRESENTATION_CONTEXT() REPRESENTATION_CONTEXT('2D SPACE',''
  ) );
#14174 = PCURVE('',#9465,#14175);
#14175 = DEFINITIONAL_REPRESENTATION('',(#14176),#14180);
#14176 = LINE('',#14177,#14178);
#14177 = CARTESIAN_POINT('',(-0.,0.));
#14178 = VECTOR('',#14179,1.);
#14179 = DIRECTION('',(-0.,-1.));
#14180 = ( GEOMETRIC_REPRESENTATION_CONTEXT(2)
PARAMETRIC_REPRESENTATION_CONTEXT() REPRESENTATION_CONTEXT('2D SPACE',''
  ) );
#14181 = ORIENTED_EDGE('',*,*,#11914,.F.);
#14182 = ORIENTED_EDGE('',*,*,#14161,.F.);
#14183 = ADVANCED_FACE('',(#14184),#9500,.F.);
#14184 = FACE_BOUND('',#14185,.T.);
#14185 = EDGE_LOOP('',(#14186,#14187,#14208,#14209));
#14186 = ORIENTED_EDGE('',*,*,#9479,.T.);
#14187 = ORIENTED_EDGE('',*,*,#14188,.T.);
#14188 = EDGE_CURVE('',#9480,#11945,#14189,.T.);
#14189 = SEAM_CURVE('',#14190,(#14194,#14201),.PCURVE_S1.);
#14190 = LINE('',#14191,#14192);
#14191 = CARTESIAN_POINT('',(-17.35586947304,35.276850573934,58.1));
#14192 = VECTOR('',#14193,1.);
#14193 = DIRECTION('',(0.,0.,1.));
#14194 = PCURVE('',#9500,#14195);
#14195 = DEFINITIONAL_REPRESENTATION('',(#14196),#14200);
#14196 = LINE('',#14197,#14198);
#14197 = CARTESIAN_POINT('',(-6.28318530718,0.));
#14198 = VECTOR('',#14199,1.);
#14199 = DIRECTION('',(-0.,-1.));
#14200 = ( GEOMETRIC_REPRESENTATION_CONTEXT(2)
PARAMETRIC_REPRESENTATION_CONTEXT() REPRESENTATION_CONTEXT('2D SPACE',''
  ) );
#14201 = PCURVE('',#9500,#14202);
#14202 = DEFINITIONAL_REPRESENTATION('',(#14203),#14207);
#14203 = LINE('',#14204,#14205);
#14204 = CARTESIAN_POINT('',(-0.,0.));
#14205 = VECTOR('',#14206,1.);
#14206 = DIRECTION('',(-0.,-1.));
#14207 = ( GEOMETRIC_REPRESENTATION_CONTEXT(2)
PARAMETRIC_REPRESENTATION_CONTEXT() REPRESENTATION_CONTEXT('2D SPACE',''
  ) );
#14208 = ORIENTED_EDGE('',*,*,#11944,.F.);
#14209 = ORIENTED_EDGE('',*,*,#14188,.F.);
#14210 = ADVANCED_FACE('',(#14211),#9535,.F.);
#14211 = FACE_BOUND('',#14212,.T.);
#14212 = EDGE_LOOP('',(#14213,#14214,#14235,#14236));
#14213 = ORIENTED_EDGE('',*,*,#9514,.T.);
#14214 = ORIENTED_EDGE('',*,*,#14215,.T.);
#14215 = EDGE_CURVE('',#9515,#11975,#14216,.T.);
#14216 = SEAM_CURVE('',#14217,(#14221,#14228),.PCURVE_S1.);
#14217 = LINE('',#14218,#14219);
#14218 = CARTESIAN_POINT('',(-13.8073372946,36.955181300451,58.1));
#14219 = VECTOR('',#14220,1.);
#14220 = DIRECTION('',(0.,0.,1.));
#14221 = PCURVE('',#9535,#14222);
#14222 = DEFINITIONAL_REPRESENTATION('',(#14223),#14227);
#14223 = LINE('',#14224,#14225);
#14224 = CARTESIAN_POINT('',(-6.28318530718,0.));
#14225 = VECTOR('',#14226,1.);
#14226 = DIRECTION('',(-0.,-1.));
#14227 = ( GEOMETRIC_REPRESENTATION_CONTEXT(2)
PARAMETRIC_REPRESENTATION_CONTEXT() REPRESENTATION_CONTEXT('2D SPACE',''
  ) );
#14228 = PCURVE('',#9535,#14229);
#14229 = DEFINITIONAL_REPRESENTATION('',(#14230),#14234);
#14230 = LINE('',#14231,#14232);
#14231 = CARTESIAN_POINT('',(-0.,0.));
#14232 = VECTOR('',#14233,1.);
#14233 = DIRECTION('',(-0.,-1.));
#14234 = ( GEOMETRIC_REPRESENTATION_CONTEXT(2)
PARAMETRIC_REPRESENTATION_CONTEXT() REPRESENTATION_CONTEXT('2D SPACE',''
  ) );
#14235 = ORIENTED_EDGE('',*,*,#11974,.F.);
#14236 = ORIENTED_EDGE('',*,*,#14215,.F.);
#14237 = ADVANCED_FACE('',(#14238),#9570,.F.);
#14238 = FACE_BOUND('',#14239,.T.);
#14239 = EDGE_LOOP('',(#14240,#14241,#14262,#14263));
#14240 = ORIENTED_EDGE('',*,*,#9549,.T.);
#14241 = ORIENTED_EDGE('',*,*,#14242,.T.);
#14242 = EDGE_CURVE('',#9550,#12005,#14243,.T.);
#14243 = SEAM_CURVE('',#14244,(#14248,#14255),.PCURVE_S1.);
#14244 = LINE('',#14245,#14246);
#14245 = CARTESIAN_POINT('',(-10.11138709017,38.277613429288,58.1));
#14246 = VECTOR('',#14247,1.);
#14247 = DIRECTION('',(0.,0.,1.));
#14248 = PCURVE('',#9570,#14249);
#14249 = DEFINITIONAL_REPRESENTATION('',(#14250),#14254);
#14250 = LINE('',#14251,#14252);
#14251 = CARTESIAN_POINT('',(-6.28318530718,0.));
#14252 = VECTOR('',#14253,1.);
#14253 = DIRECTION('',(-0.,-1.));
#14254 = ( GEOMETRIC_REPRESENTATION_CONTEXT(2)
PARAMETRIC_REPRESENTATION_CONTEXT() REPRESENTATION_CONTEXT('2D SPACE',''
  ) );
#14255 = PCURVE('',#9570,#14256);
#14256 = DEFINITIONAL_REPRESENTATION('',(#14257),#14261);
#14257 = LINE('',#14258,#14259);
#14258 = CARTESIAN_POINT('',(-0.,0.));
#14259 = VECTOR('',#14260,1.);
#14260 = DIRECTION('',(-0.,-1.));
#14261 = ( GEOMETRIC_REPRESENTATION_CONTEXT(2)
PARAMETRIC_REPRESENTATION_CONTEXT() REPRESENTATION_CONTEXT('2D SPACE',''
  ) );
#14262 = ORIENTED_EDGE('',*,*,#12004,.F.);
#14263 = ORIENTED_EDGE('',*,*,#14242,.F.);
#14264 = ADVANCED_FACE('',(#14265),#9605,.F.);
#14265 = FACE_BOUND('',#14266,.T.);
#14266 = EDGE_LOOP('',(#14267,#14268,#14289,#14290));
#14267 = ORIENTED_EDGE('',*,*,#9584,.T.);
#14268 = ORIENTED_EDGE('',*,*,#14269,.T.);
#14269 = EDGE_CURVE('',#9585,#12035,#14270,.T.);
#14270 = SEAM_CURVE('',#14271,(#14275,#14282),.PCURVE_S1.);
#14271 = LINE('',#14272,#14273);
#14272 = CARTESIAN_POINT('',(-6.303612880645,39.231411216129,58.1));
#14273 = VECTOR('',#14274,1.);
#14274 = DIRECTION('',(0.,0.,1.));
#14275 = PCURVE('',#9605,#14276);
#14276 = DEFINITIONAL_REPRESENTATION('',(#14277),#14281);
#14277 = LINE('',#14278,#14279);
#14278 = CARTESIAN_POINT('',(-6.28318530718,0.));
#14279 = VECTOR('',#14280,1.);
#14280 = DIRECTION('',(-0.,-1.));
#14281 = ( GEOMETRIC_REPRESENTATION_CONTEXT(2)
PARAMETRIC_REPRESENTATION_CONTEXT() REPRESENTATION_CONTEXT('2D SPACE',''
  ) );
#14282 = PCURVE('',#9605,#14283);
#14283 = DEFINITIONAL_REPRESENTATION('',(#14284),#14288);
#14284 = LINE('',#14285,#14286);
#14285 = CARTESIAN_POINT('',(-0.,0.));
#14286 = VECTOR('',#14287,1.);
#14287 = DIRECTION('',(-0.,-1.));
#14288 = ( GEOMETRIC_REPRESENTATION_CONTEXT(2)
PARAMETRIC_REPRESENTATION_CONTEXT() REPRESENTATION_CONTEXT('2D SPACE',''
  ) );
#14289 = ORIENTED_EDGE('',*,*,#12034,.F.);
#14290 = ORIENTED_EDGE('',*,*,#14269,.F.);
#14291 = ADVANCED_FACE('',(#14292),#9640,.F.);
#14292 = FACE_BOUND('',#14293,.T.);
#14293 = EDGE_LOOP('',(#14294,#14295,#14316,#14317));
#14294 = ORIENTED_EDGE('',*,*,#9619,.T.);
#14295 = ORIENTED_EDGE('',*,*,#14296,.T.);
#14296 = EDGE_CURVE('',#9620,#12065,#14297,.T.);
#14297 = SEAM_CURVE('',#14298,(#14302,#14309),.PCURVE_S1.);
#14298 = LINE('',#14299,#14300);
#14299 = CARTESIAN_POINT('',(-2.420685613182,39.807389066888,58.1));
#14300 = VECTOR('',#14301,1.);
#14301 = DIRECTION('',(0.,0.,1.));
#14302 = PCURVE('',#9640,#14303);
#14303 = DEFINITIONAL_REPRESENTATION('',(#14304),#14308);
#14304 = LINE('',#14305,#14306);
#14305 = CARTESIAN_POINT('',(-6.28318530718,0.));
#14306 = VECTOR('',#14307,1.);
#14307 = DIRECTION('',(-0.,-1.));
#14308 = ( GEOMETRIC_REPRESENTATION_CONTEXT(2)
PARAMETRIC_REPRESENTATION_CONTEXT() REPRESENTATION_CONTEXT('2D SPACE',''
  ) );
#14309 = PCURVE('',#9640,#14310);
#14310 = DEFINITIONAL_REPRESENTATION('',(#14311),#14315);
#14311 = LINE('',#14312,#14313);
#14312 = CARTESIAN_POINT('',(-0.,0.));
#14313 = VECTOR('',#14314,1.);
#14314 = DIRECTION('',(-0.,-1.));
#14315 = ( GEOMETRIC_REPRESENTATION_CONTEXT(2)
PARAMETRIC_REPRESENTATION_CONTEXT() REPRESENTATION_CONTEXT('2D SPACE',''
  ) );
#14316 = ORIENTED_EDGE('',*,*,#12064,.F.);
#14317 = ORIENTED_EDGE('',*,*,#14296,.F.);
#14318 = ADVANCED_FACE('',(#14319),#9675,.F.);
#14319 = FACE_BOUND('',#14320,.T.);
#14320 = EDGE_LOOP('',(#14321,#14322,#14343,#14344));
#14321 = ORIENTED_EDGE('',*,*,#9654,.T.);
#14322 = ORIENTED_EDGE('',*,*,#14323,.T.);
#14323 = EDGE_CURVE('',#9655,#12095,#14324,.T.);
#14324 = SEAM_CURVE('',#14325,(#14329,#14336),.PCURVE_S1.);
#14325 = LINE('',#14326,#14327);
#14326 = CARTESIAN_POINT('',(1.7,0.,58.1));
#14327 = VECTOR('',#14328,1.);
#14328 = DIRECTION('',(0.,0.,1.));
#14329 = PCURVE('',#9675,#14330);
#14330 = DEFINITIONAL_REPRESENTATION('',(#14331),#14335);
#14331 = LINE('',#14332,#14333);
#14332 = CARTESIAN_POINT('',(-6.28318530718,0.));
#14333 = VECTOR('',#14334,1.);
#14334 = DIRECTION('',(-0.,-1.));
#14335 = ( GEOMETRIC_REPRESENTATION_CONTEXT(2)
PARAMETRIC_REPRESENTATION_CONTEXT() REPRESENTATION_CONTEXT('2D SPACE',''
  ) );
#14336 = PCURVE('',#9675,#14337);
#14337 = DEFINITIONAL_REPRESENTATION('',(#14338),#14342);
#14338 = LINE('',#14339,#14340);
#14339 = CARTESIAN_POINT('',(-0.,0.));
#14340 = VECTOR('',#14341,1.);
#14341 = DIRECTION('',(-0.,-1.));
#14342 = ( GEOMETRIC_REPRESENTATION_CONTEXT(2)
PARAMETRIC_REPRESENTATION_CONTEXT() REPRESENTATION_CONTEXT('2D SPACE',''
  ) );
#14343 = ORIENTED_EDGE('',*,*,#12094,.F.);
#14344 = ORIENTED_EDGE('',*,*,#14323,.F.);
#14345 = ADVANCED_FACE('',(#14346),#9707,.T.);
#14346 = FACE_BOUND('',#14347,.T.);
#14347 = EDGE_LOOP('',(#14348,#14369,#14370,#14391));
#14348 = ORIENTED_EDGE('',*,*,#14349,.F.);
#14349 = EDGE_CURVE('',#9690,#12125,#14350,.T.);
#14350 = SURFACE_CURVE('',#14351,(#14355,#14362),.PCURVE_S1.);
#14351 = LINE('',#14352,#14353);
#14352 = CARTESIAN_POINT('',(17.4,19.025,58.1));
#14353 = VECTOR('',#14354,1.);
#14354 = DIRECTION('',(0.,0.,1.));
#14355 = PCURVE('',#9707,#14356);
#14356 = DEFINITIONAL_REPRESENTATION('',(#14357),#14361);
#14357 = LINE('',#14358,#14359);
#14358 = CARTESIAN_POINT('',(0.,5.8));
#14359 = VECTOR('',#14360,1.);
#14360 = DIRECTION('',(1.,0.));
#14361 = ( GEOMETRIC_REPRESENTATION_CONTEXT(2)
PARAMETRIC_REPRESENTATION_CONTEXT() REPRESENTATION_CONTEXT('2D SPACE',''
  ) );
#14362 = PCURVE('',#9789,#14363);
#14363 = DEFINITIONAL_REPRESENTATION('',(#14364),#14368);
#14364 = LINE('',#14365,#14366);
#14365 = CARTESIAN_POINT('',(0.,0.));
#14366 = VECTOR('',#14367,1.);
#14367 = DIRECTION('',(1.,0.));
#14368 = ( GEOMETRIC_REPRESENTATION_CONTEXT(2)
PARAMETRIC_REPRESENTATION_CONTEXT() REPRESENTATION_CONTEXT('2D SPACE',''
  ) );
#14369 = ORIENTED_EDGE('',*,*,#9689,.T.);
#14370 = ORIENTED_EDGE('',*,*,#14371,.T.);
#14371 = EDGE_CURVE('',#9692,#12127,#14372,.T.);
#14372 = SURFACE_CURVE('',#14373,(#14377,#14384),.PCURVE_S1.);
#14373 = LINE('',#14374,#14375);
#14374 = CARTESIAN_POINT('',(11.6,19.025,58.1));
#14375 = VECTOR('',#14376,1.);
#14376 = DIRECTION('',(0.,0.,1.));
#14377 = PCURVE('',#9707,#14378);
#14378 = DEFINITIONAL_REPRESENTATION('',(#14379),#14383);
#14379 = LINE('',#14380,#14381);
#14380 = CARTESIAN_POINT('',(0.,0.));
#14381 = VECTOR('',#14382,1.);
#14382 = DIRECTION('',(1.,0.));
#14383 = ( GEOMETRIC_REPRESENTATION_CONTEXT(2)
PARAMETRIC_REPRESENTATION_CONTEXT() REPRESENTATION_CONTEXT('2D SPACE',''
  ) );
#14384 = PCURVE('',#9735,#14385);
#14385 = DEFINITIONAL_REPRESENTATION('',(#14386),#14390);
#14386 = LINE('',#14387,#14388);
#14387 = CARTESIAN_POINT('',(0.,0.));
#14388 = VECTOR('',#14389,1.);
#14389 = DIRECTION('',(1.,0.));
#14390 = ( GEOMETRIC_REPRESENTATION_CONTEXT(2)
PARAMETRIC_REPRESENTATION_CONTEXT() REPRESENTATION_CONTEXT('2D SPACE',''
  ) );
#14391 = ORIENTED_EDGE('',*,*,#12124,.F.);
#14392 = ADVANCED_FACE('',(#14393),#9789,.F.);
#14393 = FACE_BOUND('',#14394,.F.);
#14394 = EDGE_LOOP('',(#14395,#14396,#14397,#14418));
#14395 = ORIENTED_EDGE('',*,*,#14349,.F.);
#14396 = ORIENTED_EDGE('',*,*,#9775,.T.);
#14397 = ORIENTED_EDGE('',*,*,#14398,.T.);
#14398 = EDGE_CURVE('',#9748,#12173,#14399,.T.);
#14399 = SURFACE_CURVE('',#14400,(#14404,#14411),.PCURVE_S1.);
#14400 = LINE('',#14401,#14402);
#14401 = CARTESIAN_POINT('',(17.4,20.975,58.1));
#14402 = VECTOR('',#14403,1.);
#14403 = DIRECTION('',(0.,0.,1.));
#14404 = PCURVE('',#9789,#14405);
#14405 = DEFINITIONAL_REPRESENTATION('',(#14406),#14410);
#14406 = LINE('',#14407,#14408);
#14407 = CARTESIAN_POINT('',(0.,-1.95));
#14408 = VECTOR('',#14409,1.);
#14409 = DIRECTION('',(1.,0.));
#14410 = ( GEOMETRIC_REPRESENTATION_CONTEXT(2)
PARAMETRIC_REPRESENTATION_CONTEXT() REPRESENTATION_CONTEXT('2D SPACE',''
  ) );
#14411 = PCURVE('',#9763,#14412);
#14412 = DEFINITIONAL_REPRESENTATION('',(#14413),#14417);
#14413 = LINE('',#14414,#14415);
#14414 = CARTESIAN_POINT('',(0.,5.8));
#14415 = VECTOR('',#14416,1.);
#14416 = DIRECTION('',(1.,0.));
#14417 = ( GEOMETRIC_REPRESENTATION_CONTEXT(2)
PARAMETRIC_REPRESENTATION_CONTEXT() REPRESENTATION_CONTEXT('2D SPACE',''
  ) );
#14418 = ORIENTED_EDGE('',*,*,#12195,.F.);
#14419 = ADVANCED_FACE('',(#14420),#9763,.F.);
#14420 = FACE_BOUND('',#14421,.F.);
#14421 = EDGE_LOOP('',(#14422,#14423,#14424,#14445));
#14422 = ORIENTED_EDGE('',*,*,#14398,.F.);
#14423 = ORIENTED_EDGE('',*,*,#9747,.T.);
#14424 = ORIENTED_EDGE('',*,*,#14425,.T.);
#14425 = EDGE_CURVE('',#9720,#12150,#14426,.T.);
#14426 = SURFACE_CURVE('',#14427,(#14431,#14438),.PCURVE_S1.);
#14427 = LINE('',#14428,#14429);
#14428 = CARTESIAN_POINT('',(11.6,20.975,58.1));
#14429 = VECTOR('',#14430,1.);
#14430 = DIRECTION('',(0.,0.,1.));
#14431 = PCURVE('',#9763,#14432);
#14432 = DEFINITIONAL_REPRESENTATION('',(#14433),#14437);
#14433 = LINE('',#14434,#14435);
#14434 = CARTESIAN_POINT('',(0.,0.));
#14435 = VECTOR('',#14436,1.);
#14436 = DIRECTION('',(1.,0.));
#14437 = ( GEOMETRIC_REPRESENTATION_CONTEXT(2)
PARAMETRIC_REPRESENTATION_CONTEXT() REPRESENTATION_CONTEXT('2D SPACE',''
  ) );
#14438 = PCURVE('',#9735,#14439);
#14439 = DEFINITIONAL_REPRESENTATION('',(#14440),#14444);
#14440 = LINE('',#14441,#14442);
#14441 = CARTESIAN_POINT('',(0.,-1.95));
#14442 = VECTOR('',#14443,1.);
#14443 = DIRECTION('',(1.,0.));
#14444 = ( GEOMETRIC_REPRESENTATION_CONTEXT(2)
PARAMETRIC_REPRESENTATION_CONTEXT() REPRESENTATION_CONTEXT('2D SPACE',''
  ) );
#14445 = ORIENTED_EDGE('',*,*,#12172,.F.);
#14446 = ADVANCED_FACE('',(#14447),#9735,.T.);
#14447 = FACE_BOUND('',#14448,.T.);
#14448 = EDGE_LOOP('',(#14449,#14450,#14451,#14452));
#14449 = ORIENTED_EDGE('',*,*,#14371,.F.);
#14450 = ORIENTED_EDGE('',*,*,#9719,.T.);
#14451 = ORIENTED_EDGE('',*,*,#14425,.T.);
#14452 = ORIENTED_EDGE('',*,*,#12149,.F.);
#14453 = ADVANCED_FACE('',(#14454),#9824,.F.);
#14454 = FACE_BOUND('',#14455,.T.);
#14455 = EDGE_LOOP('',(#14456,#14457,#14478,#14479));
#14456 = ORIENTED_EDGE('',*,*,#9803,.T.);
#14457 = ORIENTED_EDGE('',*,*,#14458,.T.);
#14458 = EDGE_CURVE('',#9804,#12219,#14459,.T.);
#14459 = SEAM_CURVE('',#14460,(#14464,#14471),.PCURVE_S1.);
#14460 = LINE('',#14461,#14462);
#14461 = CARTESIAN_POINT('',(41.5,0.,58.1));
#14462 = VECTOR('',#14463,1.);
#14463 = DIRECTION('',(0.,0.,1.));
#14464 = PCURVE('',#9824,#14465);
#14465 = DEFINITIONAL_REPRESENTATION('',(#14466),#14470);
#14466 = LINE('',#14467,#14468);
#14467 = CARTESIAN_POINT('',(-6.28318530718,0.));
#14468 = VECTOR('',#14469,1.);
#14469 = DIRECTION('',(-0.,-1.));
#14470 = ( GEOMETRIC_REPRESENTATION_CONTEXT(2)
PARAMETRIC_REPRESENTATION_CONTEXT() REPRESENTATION_CONTEXT('2D SPACE',''
  ) );
#14471 = PCURVE('',#9824,#14472);
#14472 = DEFINITIONAL_REPRESENTATION('',(#14473),#14477);
#14473 = LINE('',#14474,#14475);
#14474 = CARTESIAN_POINT('',(-0.,0.));
#14475 = VECTOR('',#14476,1.);
#14476 = DIRECTION('',(-0.,-1.));
#14477 = ( GEOMETRIC_REPRESENTATION_CONTEXT(2)
PARAMETRIC_REPRESENTATION_CONTEXT() REPRESENTATION_CONTEXT('2D SPACE',''
  ) );
#14478 = ORIENTED_EDGE('',*,*,#12218,.F.);
#14479 = ORIENTED_EDGE('',*,*,#14458,.F.);
#14480 = ADVANCED_FACE('',(#14481),#9859,.F.);
#14481 = FACE_BOUND('',#14482,.T.);
#14482 = EDGE_LOOP('',(#14483,#14484,#14505,#14506));
#14483 = ORIENTED_EDGE('',*,*,#9838,.T.);
#14484 = ORIENTED_EDGE('',*,*,#14485,.T.);
#14485 = EDGE_CURVE('',#9839,#12249,#14486,.T.);
#14486 = SEAM_CURVE('',#14487,(#14491,#14498),.PCURVE_S1.);
#14487 = LINE('',#14488,#14489);
#14488 = CARTESIAN_POINT('',(41.307389066888,3.920685613182,58.1));
#14489 = VECTOR('',#14490,1.);
#14490 = DIRECTION('',(0.,0.,1.));
#14491 = PCURVE('',#9859,#14492);
#14492 = DEFINITIONAL_REPRESENTATION('',(#14493),#14497);
#14493 = LINE('',#14494,#14495);
#14494 = CARTESIAN_POINT('',(-6.28318530718,0.));
#14495 = VECTOR('',#14496,1.);
#14496 = DIRECTION('',(-0.,-1.));
#14497 = ( GEOMETRIC_REPRESENTATION_CONTEXT(2)
PARAMETRIC_REPRESENTATION_CONTEXT() REPRESENTATION_CONTEXT('2D SPACE',''
  ) );
#14498 = PCURVE('',#9859,#14499);
#14499 = DEFINITIONAL_REPRESENTATION('',(#14500),#14504);
#14500 = LINE('',#14501,#14502);
#14501 = CARTESIAN_POINT('',(-0.,0.));
#14502 = VECTOR('',#14503,1.);
#14503 = DIRECTION('',(-0.,-1.));
#14504 = ( GEOMETRIC_REPRESENTATION_CONTEXT(2)
PARAMETRIC_REPRESENTATION_CONTEXT() REPRESENTATION_CONTEXT('2D SPACE',''
  ) );
#14505 = ORIENTED_EDGE('',*,*,#12248,.F.);
#14506 = ORIENTED_EDGE('',*,*,#14485,.F.);
#14507 = ADVANCED_FACE('',(#14508),#9894,.F.);
#14508 = FACE_BOUND('',#14509,.T.);
#14509 = EDGE_LOOP('',(#14510,#14511,#14532,#14533));
#14510 = ORIENTED_EDGE('',*,*,#9873,.T.);
#14511 = ORIENTED_EDGE('',*,*,#14512,.T.);
#14512 = EDGE_CURVE('',#9874,#12279,#14513,.T.);
#14513 = SEAM_CURVE('',#14514,(#14518,#14525),.PCURVE_S1.);
#14514 = LINE('',#14515,#14516);
#14515 = CARTESIAN_POINT('',(40.731411216129,7.803612880645,58.1));
#14516 = VECTOR('',#14517,1.);
#14517 = DIRECTION('',(0.,0.,1.));
#14518 = PCURVE('',#9894,#14519);
#14519 = DEFINITIONAL_REPRESENTATION('',(#14520),#14524);
#14520 = LINE('',#14521,#14522);
#14521 = CARTESIAN_POINT('',(-6.28318530718,0.));
#14522 = VECTOR('',#14523,1.);
#14523 = DIRECTION('',(-0.,-1.));
#14524 = ( GEOMETRIC_REPRESENTATION_CONTEXT(2)
PARAMETRIC_REPRESENTATION_CONTEXT() REPRESENTATION_CONTEXT('2D SPACE',''
  ) );
#14525 = PCURVE('',#9894,#14526);
#14526 = DEFINITIONAL_REPRESENTATION('',(#14527),#14531);
#14527 = LINE('',#14528,#14529);
#14528 = CARTESIAN_POINT('',(-0.,0.));
#14529 = VECTOR('',#14530,1.);
#14530 = DIRECTION('',(-0.,-1.));
#14531 = ( GEOMETRIC_REPRESENTATION_CONTEXT(2)
PARAMETRIC_REPRESENTATION_CONTEXT() REPRESENTATION_CONTEXT('2D SPACE',''
  ) );
#14532 = ORIENTED_EDGE('',*,*,#12278,.F.);
#14533 = ORIENTED_EDGE('',*,*,#14512,.F.);
#14534 = ADVANCED_FACE('',(#14535),#9929,.F.);
#14535 = FACE_BOUND('',#14536,.T.);
#14536 = EDGE_LOOP('',(#14537,#14538,#14559,#14560));
#14537 = ORIENTED_EDGE('',*,*,#9908,.T.);
#14538 = ORIENTED_EDGE('',*,*,#14539,.T.);
#14539 = EDGE_CURVE('',#9909,#12309,#14540,.T.);
#14540 = SEAM_CURVE('',#14541,(#14545,#14552),.PCURVE_S1.);
#14541 = LINE('',#14542,#14543);
#14542 = CARTESIAN_POINT('',(39.777613429288,11.611387090178,58.1));
#14543 = VECTOR('',#14544,1.);
#14544 = DIRECTION('',(0.,0.,1.));
#14545 = PCURVE('',#9929,#14546);
#14546 = DEFINITIONAL_REPRESENTATION('',(#14547),#14551);
#14547 = LINE('',#14548,#14549);
#14548 = CARTESIAN_POINT('',(-6.28318530718,0.));
#14549 = VECTOR('',#14550,1.);
#14550 = DIRECTION('',(-0.,-1.));
#14551 = ( GEOMETRIC_REPRESENTATION_CONTEXT(2)
PARAMETRIC_REPRESENTATION_CONTEXT() REPRESENTATION_CONTEXT('2D SPACE',''
  ) );
#14552 = PCURVE('',#9929,#14553);
#14553 = DEFINITIONAL_REPRESENTATION('',(#14554),#14558);
#14554 = LINE('',#14555,#14556);
#14555 = CARTESIAN_POINT('',(-0.,0.));
#14556 = VECTOR('',#14557,1.);
#14557 = DIRECTION('',(-0.,-1.));
#14558 = ( GEOMETRIC_REPRESENTATION_CONTEXT(2)
PARAMETRIC_REPRESENTATION_CONTEXT() REPRESENTATION_CONTEXT('2D SPACE',''
  ) );
#14559 = ORIENTED_EDGE('',*,*,#12308,.F.);
#14560 = ORIENTED_EDGE('',*,*,#14539,.F.);
#14561 = ADVANCED_FACE('',(#14562),#9964,.F.);
#14562 = FACE_BOUND('',#14563,.T.);
#14563 = EDGE_LOOP('',(#14564,#14565,#14586,#14587));
#14564 = ORIENTED_EDGE('',*,*,#9943,.T.);
#14565 = ORIENTED_EDGE('',*,*,#14566,.T.);
#14566 = EDGE_CURVE('',#9944,#12339,#14567,.T.);
#14567 = SEAM_CURVE('',#14568,(#14572,#14579),.PCURVE_S1.);
#14568 = LINE('',#14569,#14570);
#14569 = CARTESIAN_POINT('',(38.455181300451,15.307337294604,58.1));
#14570 = VECTOR('',#14571,1.);
#14571 = DIRECTION('',(0.,0.,1.));
#14572 = PCURVE('',#9964,#14573);
#14573 = DEFINITIONAL_REPRESENTATION('',(#14574),#14578);
#14574 = LINE('',#14575,#14576);
#14575 = CARTESIAN_POINT('',(-6.28318530718,0.));
#14576 = VECTOR('',#14577,1.);
#14577 = DIRECTION('',(-0.,-1.));
#14578 = ( GEOMETRIC_REPRESENTATION_CONTEXT(2)
PARAMETRIC_REPRESENTATION_CONTEXT() REPRESENTATION_CONTEXT('2D SPACE',''
  ) );
#14579 = PCURVE('',#9964,#14580);
#14580 = DEFINITIONAL_REPRESENTATION('',(#14581),#14585);
#14581 = LINE('',#14582,#14583);
#14582 = CARTESIAN_POINT('',(-0.,0.));
#14583 = VECTOR('',#14584,1.);
#14584 = DIRECTION('',(-0.,-1.));
#14585 = ( GEOMETRIC_REPRESENTATION_CONTEXT(2)
PARAMETRIC_REPRESENTATION_CONTEXT() REPRESENTATION_CONTEXT('2D SPACE',''
  ) );
#14586 = ORIENTED_EDGE('',*,*,#12338,.F.);
#14587 = ORIENTED_EDGE('',*,*,#14566,.F.);
#14588 = ADVANCED_FACE('',(#14589),#9999,.F.);
#14589 = FACE_BOUND('',#14590,.T.);
#14590 = EDGE_LOOP('',(#14591,#14592,#14613,#14614));
#14591 = ORIENTED_EDGE('',*,*,#9978,.T.);
#14592 = ORIENTED_EDGE('',*,*,#14593,.T.);
#14593 = EDGE_CURVE('',#9979,#12369,#14594,.T.);
#14594 = SEAM_CURVE('',#14595,(#14599,#14606),.PCURVE_S1.);
#14595 = LINE('',#14596,#14597);
#14596 = CARTESIAN_POINT('',(36.776850573934,18.85586947304,58.1));
#14597 = VECTOR('',#14598,1.);
#14598 = DIRECTION('',(0.,0.,1.));
#14599 = PCURVE('',#9999,#14600);
#14600 = DEFINITIONAL_REPRESENTATION('',(#14601),#14605);
#14601 = LINE('',#14602,#14603);
#14602 = CARTESIAN_POINT('',(-6.28318530718,0.));
#14603 = VECTOR('',#14604,1.);
#14604 = DIRECTION('',(-0.,-1.));
#14605 = ( GEOMETRIC_REPRESENTATION_CONTEXT(2)
PARAMETRIC_REPRESENTATION_CONTEXT() REPRESENTATION_CONTEXT('2D SPACE',''
  ) );
#14606 = PCURVE('',#9999,#14607);
#14607 = DEFINITIONAL_REPRESENTATION('',(#14608),#14612);
#14608 = LINE('',#14609,#14610);
#14609 = CARTESIAN_POINT('',(-0.,0.));
#14610 = VECTOR('',#14611,1.);
#14611 = DIRECTION('',(-0.,-1.));
#14612 = ( GEOMETRIC_REPRESENTATION_CONTEXT(2)
PARAMETRIC_REPRESENTATION_CONTEXT() REPRESENTATION_CONTEXT('2D SPACE',''
  ) );
#14613 = ORIENTED_EDGE('',*,*,#12368,.F.);
#14614 = ORIENTED_EDGE('',*,*,#14593,.F.);
#14615 = ADVANCED_FACE('',(#14616),#10034,.F.);
#14616 = FACE_BOUND('',#14617,.T.);
#14617 = EDGE_LOOP('',(#14618,#14619,#14640,#14641));
#14618 = ORIENTED_EDGE('',*,*,#10013,.T.);
#14619 = ORIENTED_EDGE('',*,*,#14620,.T.);
#14620 = EDGE_CURVE('',#10014,#12399,#14621,.T.);
#14621 = SEAM_CURVE('',#14622,(#14626,#14633),.PCURVE_S1.);
#14622 = LINE('',#14623,#14624);
#14623 = CARTESIAN_POINT('',(1.5,40.,58.1));
#14624 = VECTOR('',#14625,1.);
#14625 = DIRECTION('',(0.,0.,1.));
#14626 = PCURVE('',#10034,#14627);
#14627 = DEFINITIONAL_REPRESENTATION('',(#14628),#14632);
#14628 = LINE('',#14629,#14630);
#14629 = CARTESIAN_POINT('',(-6.28318530718,0.));
#14630 = VECTOR('',#14631,1.);
#14631 = DIRECTION('',(-0.,-1.));
#14632 = ( GEOMETRIC_REPRESENTATION_CONTEXT(2)
PARAMETRIC_REPRESENTATION_CONTEXT() REPRESENTATION_CONTEXT('2D SPACE',''
  ) );
#14633 = PCURVE('',#10034,#14634);
#14634 = DEFINITIONAL_REPRESENTATION('',(#14635),#14639);
#14635 = LINE('',#14636,#14637);
#14636 = CARTESIAN_POINT('',(-0.,0.));
#14637 = VECTOR('',#14638,1.);
#14638 = DIRECTION('',(-0.,-1.));
#14639 = ( GEOMETRIC_REPRESENTATION_CONTEXT(2)
PARAMETRIC_REPRESENTATION_CONTEXT() REPRESENTATION_CONTEXT('2D SPACE',''
  ) );
#14640 = ORIENTED_EDGE('',*,*,#12398,.F.);
#14641 = ORIENTED_EDGE('',*,*,#14620,.F.);
#14642 = ADVANCED_FACE('',(#14643),#10069,.F.);
#14643 = FACE_BOUND('',#14644,.T.);
#14644 = EDGE_LOOP('',(#14645,#14646,#14667,#14668));
#14645 = ORIENTED_EDGE('',*,*,#10048,.T.);
#14646 = ORIENTED_EDGE('',*,*,#14647,.T.);
#14647 = EDGE_CURVE('',#10049,#12429,#14648,.T.);
#14648 = SEAM_CURVE('',#14649,(#14653,#14660),.PCURVE_S1.);
#14649 = LINE('',#14650,#14651);
#14650 = CARTESIAN_POINT('',(5.420685613182,39.807389066888,58.1));
#14651 = VECTOR('',#14652,1.);
#14652 = DIRECTION('',(0.,0.,1.));
#14653 = PCURVE('',#10069,#14654);
#14654 = DEFINITIONAL_REPRESENTATION('',(#14655),#14659);
#14655 = LINE('',#14656,#14657);
#14656 = CARTESIAN_POINT('',(-6.28318530718,0.));
#14657 = VECTOR('',#14658,1.);
#14658 = DIRECTION('',(-0.,-1.));
#14659 = ( GEOMETRIC_REPRESENTATION_CONTEXT(2)
PARAMETRIC_REPRESENTATION_CONTEXT() REPRESENTATION_CONTEXT('2D SPACE',''
  ) );
#14660 = PCURVE('',#10069,#14661);
#14661 = DEFINITIONAL_REPRESENTATION('',(#14662),#14666);
#14662 = LINE('',#14663,#14664);
#14663 = CARTESIAN_POINT('',(-0.,0.));
#14664 = VECTOR('',#14665,1.);
#14665 = DIRECTION('',(-0.,-1.));
#14666 = ( GEOMETRIC_REPRESENTATION_CONTEXT(2)
PARAMETRIC_REPRESENTATION_CONTEXT() REPRESENTATION_CONTEXT('2D SPACE',''
  ) );
#14667 = ORIENTED_EDGE('',*,*,#12428,.F.);
#14668 = ORIENTED_EDGE('',*,*,#14647,.F.);
#14669 = ADVANCED_FACE('',(#14670),#10104,.F.);
#14670 = FACE_BOUND('',#14671,.T.);
#14671 = EDGE_LOOP('',(#14672,#14673,#14694,#14695));
#14672 = ORIENTED_EDGE('',*,*,#10083,.T.);
#14673 = ORIENTED_EDGE('',*,*,#14674,.T.);
#14674 = EDGE_CURVE('',#10084,#12459,#14675,.T.);
#14675 = SEAM_CURVE('',#14676,(#14680,#14687),.PCURVE_S1.);
#14676 = LINE('',#14677,#14678);
#14677 = CARTESIAN_POINT('',(9.303612880645,39.231411216129,58.1));
#14678 = VECTOR('',#14679,1.);
#14679 = DIRECTION('',(0.,0.,1.));
#14680 = PCURVE('',#10104,#14681);
#14681 = DEFINITIONAL_REPRESENTATION('',(#14682),#14686);
#14682 = LINE('',#14683,#14684);
#14683 = CARTESIAN_POINT('',(-6.28318530718,0.));
#14684 = VECTOR('',#14685,1.);
#14685 = DIRECTION('',(-0.,-1.));
#14686 = ( GEOMETRIC_REPRESENTATION_CONTEXT(2)
PARAMETRIC_REPRESENTATION_CONTEXT() REPRESENTATION_CONTEXT('2D SPACE',''
  ) );
#14687 = PCURVE('',#10104,#14688);
#14688 = DEFINITIONAL_REPRESENTATION('',(#14689),#14693);
#14689 = LINE('',#14690,#14691);
#14690 = CARTESIAN_POINT('',(-0.,0.));
#14691 = VECTOR('',#14692,1.);
#14692 = DIRECTION('',(-0.,-1.));
#14693 = ( GEOMETRIC_REPRESENTATION_CONTEXT(2)
PARAMETRIC_REPRESENTATION_CONTEXT() REPRESENTATION_CONTEXT('2D SPACE',''
  ) );
#14694 = ORIENTED_EDGE('',*,*,#12458,.F.);
#14695 = ORIENTED_EDGE('',*,*,#14674,.F.);
#14696 = ADVANCED_FACE('',(#14697),#10139,.F.);
#14697 = FACE_BOUND('',#14698,.T.);
#14698 = EDGE_LOOP('',(#14699,#14700,#14721,#14722));
#14699 = ORIENTED_EDGE('',*,*,#10118,.T.);
#14700 = ORIENTED_EDGE('',*,*,#14701,.T.);
#14701 = EDGE_CURVE('',#10119,#12489,#14702,.T.);
#14702 = SEAM_CURVE('',#14703,(#14707,#14714),.PCURVE_S1.);
#14703 = LINE('',#14704,#14705);
#14704 = CARTESIAN_POINT('',(20.35586947304,35.276850573934,58.1));
#14705 = VECTOR('',#14706,1.);
#14706 = DIRECTION('',(0.,0.,1.));
#14707 = PCURVE('',#10139,#14708);
#14708 = DEFINITIONAL_REPRESENTATION('',(#14709),#14713);
#14709 = LINE('',#14710,#14711);
#14710 = CARTESIAN_POINT('',(-6.28318530718,0.));
#14711 = VECTOR('',#14712,1.);
#14712 = DIRECTION('',(-0.,-1.));
#14713 = ( GEOMETRIC_REPRESENTATION_CONTEXT(2)
PARAMETRIC_REPRESENTATION_CONTEXT() REPRESENTATION_CONTEXT('2D SPACE',''
  ) );
#14714 = PCURVE('',#10139,#14715);
#14715 = DEFINITIONAL_REPRESENTATION('',(#14716),#14720);
#14716 = LINE('',#14717,#14718);
#14717 = CARTESIAN_POINT('',(-0.,0.));
#14718 = VECTOR('',#14719,1.);
#14719 = DIRECTION('',(-0.,-1.));
#14720 = ( GEOMETRIC_REPRESENTATION_CONTEXT(2)
PARAMETRIC_REPRESENTATION_CONTEXT() REPRESENTATION_CONTEXT('2D SPACE',''
  ) );
#14721 = ORIENTED_EDGE('',*,*,#12488,.F.);
#14722 = ORIENTED_EDGE('',*,*,#14701,.F.);
#14723 = ADVANCED_FACE('',(#14724),#10174,.F.);
#14724 = FACE_BOUND('',#14725,.T.);
#14725 = EDGE_LOOP('',(#14726,#14727,#14748,#14749));
#14726 = ORIENTED_EDGE('',*,*,#10153,.T.);
#14727 = ORIENTED_EDGE('',*,*,#14728,.T.);
#14728 = EDGE_CURVE('',#10154,#12519,#14729,.T.);
#14729 = SEAM_CURVE('',#14730,(#14734,#14741),.PCURVE_S1.);
#14730 = LINE('',#14731,#14732);
#14731 = CARTESIAN_POINT('',(13.111387090178,38.277613429288,58.1));
#14732 = VECTOR('',#14733,1.);
#14733 = DIRECTION('',(0.,0.,1.));
#14734 = PCURVE('',#10174,#14735);
#14735 = DEFINITIONAL_REPRESENTATION('',(#14736),#14740);
#14736 = LINE('',#14737,#14738);
#14737 = CARTESIAN_POINT('',(-6.28318530718,0.));
#14738 = VECTOR('',#14739,1.);
#14739 = DIRECTION('',(-0.,-1.));
#14740 = ( GEOMETRIC_REPRESENTATION_CONTEXT(2)
PARAMETRIC_REPRESENTATION_CONTEXT() REPRESENTATION_CONTEXT('2D SPACE',''
  ) );
#14741 = PCURVE('',#10174,#14742);
#14742 = DEFINITIONAL_REPRESENTATION('',(#14743),#14747);
#14743 = LINE('',#14744,#14745);
#14744 = CARTESIAN_POINT('',(-0.,0.));
#14745 = VECTOR('',#14746,1.);
#14746 = DIRECTION('',(-0.,-1.));
#14747 = ( GEOMETRIC_REPRESENTATION_CONTEXT(2)
PARAMETRIC_REPRESENTATION_CONTEXT() REPRESENTATION_CONTEXT('2D SPACE',''
  ) );
#14748 = ORIENTED_EDGE('',*,*,#12518,.F.);
#14749 = ORIENTED_EDGE('',*,*,#14728,.F.);
#14750 = ADVANCED_FACE('',(#14751),#10209,.F.);
#14751 = FACE_BOUND('',#14752,.T.);
#14752 = EDGE_LOOP('',(#14753,#14754,#14775,#14776));
#14753 = ORIENTED_EDGE('',*,*,#10188,.T.);
#14754 = ORIENTED_EDGE('',*,*,#14755,.T.);
#14755 = EDGE_CURVE('',#10189,#12549,#14756,.T.);
#14756 = SEAM_CURVE('',#14757,(#14761,#14768),.PCURVE_S1.);
#14757 = LINE('',#14758,#14759);
#14758 = CARTESIAN_POINT('',(16.807337294604,36.955181300451,58.1));
#14759 = VECTOR('',#14760,1.);
#14760 = DIRECTION('',(0.,0.,1.));
#14761 = PCURVE('',#10209,#14762);
#14762 = DEFINITIONAL_REPRESENTATION('',(#14763),#14767);
#14763 = LINE('',#14764,#14765);
#14764 = CARTESIAN_POINT('',(-6.28318530718,0.));
#14765 = VECTOR('',#14766,1.);
#14766 = DIRECTION('',(-0.,-1.));
#14767 = ( GEOMETRIC_REPRESENTATION_CONTEXT(2)
PARAMETRIC_REPRESENTATION_CONTEXT() REPRESENTATION_CONTEXT('2D SPACE',''
  ) );
#14768 = PCURVE('',#10209,#14769);
#14769 = DEFINITIONAL_REPRESENTATION('',(#14770),#14774);
#14770 = LINE('',#14771,#14772);
#14771 = CARTESIAN_POINT('',(-0.,0.));
#14772 = VECTOR('',#14773,1.);
#14773 = DIRECTION('',(-0.,-1.));
#14774 = ( GEOMETRIC_REPRESENTATION_CONTEXT(2)
PARAMETRIC_REPRESENTATION_CONTEXT() REPRESENTATION_CONTEXT('2D SPACE',''
  ) );
#14775 = ORIENTED_EDGE('',*,*,#12548,.F.);
#14776 = ORIENTED_EDGE('',*,*,#14755,.F.);
#14777 = ADVANCED_FACE('',(#14778),#10244,.F.);
#14778 = FACE_BOUND('',#14779,.T.);
#14779 = EDGE_LOOP('',(#14780,#14781,#14802,#14803));
#14780 = ORIENTED_EDGE('',*,*,#10223,.T.);
#14781 = ORIENTED_EDGE('',*,*,#14782,.T.);
#14782 = EDGE_CURVE('',#10224,#12579,#14783,.T.);
#14783 = SEAM_CURVE('',#14784,(#14788,#14795),.PCURVE_S1.);
#14784 = LINE('',#14785,#14786);
#14785 = CARTESIAN_POINT('',(32.420418134509,25.375731366546,58.1));
#14786 = VECTOR('',#14787,1.);
#14787 = DIRECTION('',(0.,0.,1.));
#14788 = PCURVE('',#10244,#14789);
#14789 = DEFINITIONAL_REPRESENTATION('',(#14790),#14794);
#14790 = LINE('',#14791,#14792);
#14791 = CARTESIAN_POINT('',(-6.28318530718,0.));
#14792 = VECTOR('',#14793,1.);
#14793 = DIRECTION('',(-0.,-1.));
#14794 = ( GEOMETRIC_REPRESENTATION_CONTEXT(2)
PARAMETRIC_REPRESENTATION_CONTEXT() REPRESENTATION_CONTEXT('2D SPACE',''
  ) );
#14795 = PCURVE('',#10244,#14796);
#14796 = DEFINITIONAL_REPRESENTATION('',(#14797),#14801);
#14797 = LINE('',#14798,#14799);
#14798 = CARTESIAN_POINT('',(-0.,0.));
#14799 = VECTOR('',#14800,1.);
#14800 = DIRECTION('',(-0.,-1.));
#14801 = ( GEOMETRIC_REPRESENTATION_CONTEXT(2)
PARAMETRIC_REPRESENTATION_CONTEXT() REPRESENTATION_CONTEXT('2D SPACE',''
  ) );
#14802 = ORIENTED_EDGE('',*,*,#12578,.F.);
#14803 = ORIENTED_EDGE('',*,*,#14782,.F.);
#14804 = ADVANCED_FACE('',(#14805),#10279,.F.);
#14805 = FACE_BOUND('',#14806,.T.);
#14806 = EDGE_LOOP('',(#14807,#14808,#14829,#14830));
#14807 = ORIENTED_EDGE('',*,*,#10258,.T.);
#14808 = ORIENTED_EDGE('',*,*,#14809,.T.);
#14809 = EDGE_CURVE('',#10259,#12609,#14810,.T.);
#14810 = SEAM_CURVE('',#14811,(#14815,#14822),.PCURVE_S1.);
#14811 = LINE('',#14812,#14813);
#14812 = CARTESIAN_POINT('',(26.875731366546,30.920418134509,58.1));
#14813 = VECTOR('',#14814,1.);
#14814 = DIRECTION('',(0.,0.,1.));
#14815 = PCURVE('',#10279,#14816);
#14816 = DEFINITIONAL_REPRESENTATION('',(#14817),#14821);
#14817 = LINE('',#14818,#14819);
#14818 = CARTESIAN_POINT('',(-6.28318530718,0.));
#14819 = VECTOR('',#14820,1.);
#14820 = DIRECTION('',(-0.,-1.));
#14821 = ( GEOMETRIC_REPRESENTATION_CONTEXT(2)
PARAMETRIC_REPRESENTATION_CONTEXT() REPRESENTATION_CONTEXT('2D SPACE',''
  ) );
#14822 = PCURVE('',#10279,#14823);
#14823 = DEFINITIONAL_REPRESENTATION('',(#14824),#14828);
#14824 = LINE('',#14825,#14826);
#14825 = CARTESIAN_POINT('',(-0.,0.));
#14826 = VECTOR('',#14827,1.);
#14827 = DIRECTION('',(-0.,-1.));
#14828 = ( GEOMETRIC_REPRESENTATION_CONTEXT(2)
PARAMETRIC_REPRESENTATION_CONTEXT() REPRESENTATION_CONTEXT('2D SPACE',''
  ) );
#14829 = ORIENTED_EDGE('',*,*,#12608,.F.);
#14830 = ORIENTED_EDGE('',*,*,#14809,.F.);
#14831 = ADVANCED_FACE('',(#14832),#10314,.F.);
#14832 = FACE_BOUND('',#14833,.T.);
#14833 = EDGE_LOOP('',(#14834,#14835,#14856,#14857));
#14834 = ORIENTED_EDGE('',*,*,#10293,.T.);
#14835 = ORIENTED_EDGE('',*,*,#14836,.T.);
#14836 = EDGE_CURVE('',#10294,#12639,#14837,.T.);
#14837 = SEAM_CURVE('',#14838,(#14842,#14849),.PCURVE_S1.);
#14838 = LINE('',#14839,#14840);
#14839 = CARTESIAN_POINT('',(29.784271247462,28.284271247462,58.1));
#14840 = VECTOR('',#14841,1.);
#14841 = DIRECTION('',(0.,0.,1.));
#14842 = PCURVE('',#10314,#14843);
#14843 = DEFINITIONAL_REPRESENTATION('',(#14844),#14848);
#14844 = LINE('',#14845,#14846);
#14845 = CARTESIAN_POINT('',(-6.28318530718,0.));
#14846 = VECTOR('',#14847,1.);
#14847 = DIRECTION('',(-0.,-1.));
#14848 = ( GEOMETRIC_REPRESENTATION_CONTEXT(2)
PARAMETRIC_REPRESENTATION_CONTEXT() REPRESENTATION_CONTEXT('2D SPACE',''
  ) );
#14849 = PCURVE('',#10314,#14850);
#14850 = DEFINITIONAL_REPRESENTATION('',(#14851),#14855);
#14851 = LINE('',#14852,#14853);
#14852 = CARTESIAN_POINT('',(-0.,0.));
#14853 = VECTOR('',#14854,1.);
#14854 = DIRECTION('',(-0.,-1.));
#14855 = ( GEOMETRIC_REPRESENTATION_CONTEXT(2)
PARAMETRIC_REPRESENTATION_CONTEXT() REPRESENTATION_CONTEXT('2D SPACE',''
  ) );
#14856 = ORIENTED_EDGE('',*,*,#12638,.F.);
#14857 = ORIENTED_EDGE('',*,*,#14836,.F.);
#14858 = ADVANCED_FACE('',(#14859),#10349,.F.);
#14859 = FACE_BOUND('',#14860,.T.);
#14860 = EDGE_LOOP('',(#14861,#14862,#14883,#14884));
#14861 = ORIENTED_EDGE('',*,*,#10328,.T.);
#14862 = ORIENTED_EDGE('',*,*,#14863,.T.);
#14863 = EDGE_CURVE('',#10329,#12669,#14864,.T.);
#14864 = SEAM_CURVE('',#14865,(#14869,#14876),.PCURVE_S1.);
#14865 = LINE('',#14866,#14867);
#14866 = CARTESIAN_POINT('',(34.758784492102,22.222809320784,58.1));
#14867 = VECTOR('',#14868,1.);
#14868 = DIRECTION('',(0.,0.,1.));
#14869 = PCURVE('',#10349,#14870);
#14870 = DEFINITIONAL_REPRESENTATION('',(#14871),#14875);
#14871 = LINE('',#14872,#14873);
#14872 = CARTESIAN_POINT('',(-6.28318530718,0.));
#14873 = VECTOR('',#14874,1.);
#14874 = DIRECTION('',(-0.,-1.));
#14875 = ( GEOMETRIC_REPRESENTATION_CONTEXT(2)
PARAMETRIC_REPRESENTATION_CONTEXT() REPRESENTATION_CONTEXT('2D SPACE',''
  ) );
#14876 = PCURVE('',#10349,#14877);
#14877 = DEFINITIONAL_REPRESENTATION('',(#14878),#14882);
#14878 = LINE('',#14879,#14880);
#14879 = CARTESIAN_POINT('',(-0.,0.));
#14880 = VECTOR('',#14881,1.);
#14881 = DIRECTION('',(-0.,-1.));
#14882 = ( GEOMETRIC_REPRESENTATION_CONTEXT(2)
PARAMETRIC_REPRESENTATION_CONTEXT() REPRESENTATION_CONTEXT('2D SPACE',''
  ) );
#14883 = ORIENTED_EDGE('',*,*,#12668,.F.);
#14884 = ORIENTED_EDGE('',*,*,#14863,.F.);
#14885 = ADVANCED_FACE('',(#14886),#10384,.F.);
#14886 = FACE_BOUND('',#14887,.T.);
#14887 = EDGE_LOOP('',(#14888,#14889,#14910,#14911));
#14888 = ORIENTED_EDGE('',*,*,#10363,.T.);
#14889 = ORIENTED_EDGE('',*,*,#14890,.T.);
#14890 = EDGE_CURVE('',#10364,#12699,#14891,.T.);
#14891 = SEAM_CURVE('',#14892,(#14896,#14903),.PCURVE_S1.);
#14892 = LINE('',#14893,#14894);
#14893 = CARTESIAN_POINT('',(23.722809320784,33.258784492102,58.1));
#14894 = VECTOR('',#14895,1.);
#14895 = DIRECTION('',(0.,0.,1.));
#14896 = PCURVE('',#10384,#14897);
#14897 = DEFINITIONAL_REPRESENTATION('',(#14898),#14902);
#14898 = LINE('',#14899,#14900);
#14899 = CARTESIAN_POINT('',(-6.28318530718,0.));
#14900 = VECTOR('',#14901,1.);
#14901 = DIRECTION('',(-0.,-1.));
#14902 = ( GEOMETRIC_REPRESENTATION_CONTEXT(2)
PARAMETRIC_REPRESENTATION_CONTEXT() REPRESENTATION_CONTEXT('2D SPACE',''
  ) );
#14903 = PCURVE('',#10384,#14904);
#14904 = DEFINITIONAL_REPRESENTATION('',(#14905),#14909);
#14905 = LINE('',#14906,#14907);
#14906 = CARTESIAN_POINT('',(-0.,0.));
#14907 = VECTOR('',#14908,1.);
#14908 = DIRECTION('',(-0.,-1.));
#14909 = ( GEOMETRIC_REPRESENTATION_CONTEXT(2)
PARAMETRIC_REPRESENTATION_CONTEXT() REPRESENTATION_CONTEXT('2D SPACE',''
  ) );
#14910 = ORIENTED_EDGE('',*,*,#12698,.F.);
#14911 = ORIENTED_EDGE('',*,*,#14890,.F.);
#14912 = ( GEOMETRIC_REPRESENTATION_CONTEXT(3)
GLOBAL_UNCERTAINTY_ASSIGNED_CONTEXT((#14916))
GLOBAL_UNIT_ASSIGNED_CONTEXT((#14913,#14914,#14915))
REPRESENTATION_CONTEXT('Context #1',
  '3D Context with UNIT and UNCERTAINTY') );
#14913 = ( LENGTH_UNIT() NAMED_UNIT(*) SI_UNIT(.MILLI.,.METRE.) );
#14914 = ( NAMED_UNIT(*) PLANE_ANGLE_UNIT() SI_UNIT($,.RADIAN.) );
#14915 = ( NAMED_UNIT(*) SI_UNIT($,.STERADIAN.) SOLID_ANGLE_UNIT() );
#14916 = UNCERTAINTY_MEASURE_WITH_UNIT(LENGTH_MEASURE(1.E-07),#14913,
  'distance_accuracy_value','confusion accuracy');
#14917 = CONTEXT_DEPENDENT_SHAPE_REPRESENTATION(#14918,#14920);
#14918 = ( REPRESENTATION_RELATIONSHIP('','',#7569,#10)
REPRESENTATION_RELATIONSHIP_WITH_TRANSFORMATION(#14919)
SHAPE_REPRESENTATION_RELATIONSHIP() );
#14919 = ITEM_DEFINED_TRANSFORMATION('','',#11,#19);
#14920 = PRODUCT_DEFINITION_SHAPE('Placement','Placement of an item',
  #14921);
#14921 = NEXT_ASSEMBLY_USAGE_OCCURRENCE('6','','',#5,#7564,$);
#14922 = PRODUCT_RELATED_PRODUCT_CATEGORY('part',$,(#7566));
#14923 = SHAPE_DEFINITION_REPRESENTATION(#14924,#14930);
#14924 = PRODUCT_DEFINITION_SHAPE('','',#14925);
#14925 = PRODUCT_DEFINITION('design','',#14926,#14929);
#14926 = PRODUCT_DEFINITION_FORMATION('','',#14927);
#14927 = PRODUCT('Open CASCADE STEP translator 7.9 3.3',
  'Open CASCADE STEP translator 7.9 3.3','',(#14928));
#14928 = PRODUCT_CONTEXT('',#2,'mechanical');
#14929 = PRODUCT_DEFINITION_CONTEXT('part definition',#2,'design');
#14930 = ADVANCED_BREP_SHAPE_REPRESENTATION('',(#11,#14931),#15885);
#14931 = MANIFOLD_SOLID_BREP('',#14932);
#14932 = CLOSED_SHELL('',(#14933,#15053,#15129,#15205,#15281,#15357,
    #15433,#15509,#15585,#15661,#15737,#15808,#15843,#15870));
#14933 = ADVANCED_FACE('',(#14934),#14948,.F.);
#14934 = FACE_BOUND('',#14935,.F.);
#14935 = EDGE_LOOP('',(#14936,#14971,#14999,#15027));
#14936 = ORIENTED_EDGE('',*,*,#14937,.F.);
#14937 = EDGE_CURVE('',#14938,#14940,#14942,.T.);
#14938 = VERTEX_POINT('',#14939);
#14939 = CARTESIAN_POINT('',(-17.5,-21.075,0.));
#14940 = VERTEX_POINT('',#14941);
#14941 = CARTESIAN_POINT('',(-17.5,-21.075,60.3));
#14942 = SURFACE_CURVE('',#14943,(#14947,#14959),.PCURVE_S1.);
#14943 = LINE('',#14944,#14945);
#14944 = CARTESIAN_POINT('',(-17.5,-21.075,0.));
#14945 = VECTOR('',#14946,1.);
#14946 = DIRECTION('',(0.,1.110223024625E-16,1.));
#14947 = PCURVE('',#14948,#14953);
#14948 = PLANE('',#14949);
#14949 = AXIS2_PLACEMENT_3D('',#14950,#14951,#14952);
#14950 = CARTESIAN_POINT('',(-17.5,-18.925,2.15));
#14951 = DIRECTION('',(1.,0.,0.));
#14952 = DIRECTION('',(0.,-1.,1.110223024625E-16));
#14953 = DEFINITIONAL_REPRESENTATION('',(#14954),#14958);
#14954 = LINE('',#14955,#14956);
#14955 = CARTESIAN_POINT('',(2.15,2.15));
#14956 = VECTOR('',#14957,1.);
#14957 = DIRECTION('',(0.,-1.));
#14958 = ( GEOMETRIC_REPRESENTATION_CONTEXT(2)
PARAMETRIC_REPRESENTATION_CONTEXT() REPRESENTATION_CONTEXT('2D SPACE',''
  ) );
#14959 = PCURVE('',#14960,#14965);
#14960 = PLANE('',#14961);
#14961 = AXIS2_PLACEMENT_3D('',#14962,#14963,#14964);
#14962 = CARTESIAN_POINT('',(-17.5,-21.075,2.15));
#14963 = DIRECTION('',(0.,-1.,1.110223024625E-16));
#14964 = DIRECTION('',(1.,0.,0.));
#14965 = DEFINITIONAL_REPRESENTATION('',(#14966),#14970);
#14966 = LINE('',#14967,#14968);
#14967 = CARTESIAN_POINT('',(0.,-2.15));
#14968 = VECTOR('',#14969,1.);
#14969 = DIRECTION('',(0.,1.));
#14970 = ( GEOMETRIC_REPRESENTATION_CONTEXT(2)
PARAMETRIC_REPRESENTATION_CONTEXT() REPRESENTATION_CONTEXT('2D SPACE',''
  ) );
#14971 = ORIENTED_EDGE('',*,*,#14972,.F.);
#14972 = EDGE_CURVE('',#14973,#14938,#14975,.T.);
#14973 = VERTEX_POINT('',#14974);
#14974 = CARTESIAN_POINT('',(-17.5,-18.925,0.));
#14975 = SURFACE_CURVE('',#14976,(#14980,#14987),.PCURVE_S1.);
#14976 = LINE('',#14977,#14978);
#14977 = CARTESIAN_POINT('',(-17.5,-18.925,0.));
#14978 = VECTOR('',#14979,1.);
#14979 = DIRECTION('',(0.,-1.,1.110223024625E-16));
#14980 = PCURVE('',#14948,#14981);
#14981 = DEFINITIONAL_REPRESENTATION('',(#14982),#14986);
#14982 = LINE('',#14983,#14984);
#14983 = CARTESIAN_POINT('',(-2.386979502944E-16,2.15));
#14984 = VECTOR('',#14985,1.);
#14985 = DIRECTION('',(1.,0.));
#14986 = ( GEOMETRIC_REPRESENTATION_CONTEXT(2)
PARAMETRIC_REPRESENTATION_CONTEXT() REPRESENTATION_CONTEXT('2D SPACE',''
  ) );
#14987 = PCURVE('',#14988,#14993);
#14988 = PLANE('',#14989);
#14989 = AXIS2_PLACEMENT_3D('',#14990,#14991,#14992);
#14990 = CARTESIAN_POINT('',(-17.5,-18.925,0.));
#14991 = DIRECTION('',(0.,1.110223024625E-16,1.));
#14992 = DIRECTION('',(0.,-1.,1.110223024625E-16));
#14993 = DEFINITIONAL_REPRESENTATION('',(#14994),#14998);
#14994 = LINE('',#14995,#14996);
#14995 = CARTESIAN_POINT('',(0.,0.));
#14996 = VECTOR('',#14997,1.);
#14997 = DIRECTION('',(1.,0.));
#14998 = ( GEOMETRIC_REPRESENTATION_CONTEXT(2)
PARAMETRIC_REPRESENTATION_CONTEXT() REPRESENTATION_CONTEXT('2D SPACE',''
  ) );
#14999 = ORIENTED_EDGE('',*,*,#15000,.F.);
#15000 = EDGE_CURVE('',#15001,#14973,#15003,.T.);
#15001 = VERTEX_POINT('',#15002);
#15002 = CARTESIAN_POINT('',(-17.5,-18.925,60.3));
#15003 = SURFACE_CURVE('',#15004,(#15008,#15015),.PCURVE_S1.);
#15004 = LINE('',#15005,#15006);
#15005 = CARTESIAN_POINT('',(-17.5,-18.925,60.3));
#15006 = VECTOR('',#15007,1.);
#15007 = DIRECTION('',(0.,-1.110223024625E-16,-1.));
#15008 = PCURVE('',#14948,#15009);
#15009 = DEFINITIONAL_REPRESENTATION('',(#15010),#15014);
#15010 = LINE('',#15011,#15012);
#15011 = CARTESIAN_POINT('',(-6.494804694057E-16,-58.15));
#15012 = VECTOR('',#15013,1.);
#15013 = DIRECTION('',(0.,1.));
#15014 = ( GEOMETRIC_REPRESENTATION_CONTEXT(2)
PARAMETRIC_REPRESENTATION_CONTEXT() REPRESENTATION_CONTEXT('2D SPACE',''
  ) );
#15015 = PCURVE('',#15016,#15021);
#15016 = PLANE('',#15017);
#15017 = AXIS2_PLACEMENT_3D('',#15018,#15019,#15020);
#15018 = CARTESIAN_POINT('',(-17.5,-18.925,2.15));
#15019 = DIRECTION('',(0.,-1.,1.110223024625E-16));
#15020 = DIRECTION('',(1.,0.,0.));
#15021 = DEFINITIONAL_REPRESENTATION('',(#15022),#15026);
#15022 = LINE('',#15023,#15024);
#15023 = CARTESIAN_POINT('',(0.,58.15));
#15024 = VECTOR('',#15025,1.);
#15025 = DIRECTION('',(0.,-1.));
#15026 = ( GEOMETRIC_REPRESENTATION_CONTEXT(2)
PARAMETRIC_REPRESENTATION_CONTEXT() REPRESENTATION_CONTEXT('2D SPACE',''
  ) );
#15027 = ORIENTED_EDGE('',*,*,#15028,.T.);
#15028 = EDGE_CURVE('',#15001,#14940,#15029,.T.);
#15029 = SURFACE_CURVE('',#15030,(#15034,#15041),.PCURVE_S1.);
#15030 = LINE('',#15031,#15032);
#15031 = CARTESIAN_POINT('',(-17.5,-18.925,60.3));
#15032 = VECTOR('',#15033,1.);
#15033 = DIRECTION('',(0.,-1.,1.110223024625E-16));
#15034 = PCURVE('',#14948,#15035);
#15035 = DEFINITIONAL_REPRESENTATION('',(#15036),#15040);
#15036 = LINE('',#15037,#15038);
#15037 = CARTESIAN_POINT('',(-6.494804694057E-16,-58.15));
#15038 = VECTOR('',#15039,1.);
#15039 = DIRECTION('',(1.,0.));
#15040 = ( GEOMETRIC_REPRESENTATION_CONTEXT(2)
PARAMETRIC_REPRESENTATION_CONTEXT() REPRESENTATION_CONTEXT('2D SPACE',''
  ) );
#15041 = PCURVE('',#15042,#15047);
#15042 = PLANE('',#15043);
#15043 = AXIS2_PLACEMENT_3D('',#15044,#15045,#15046);
#15044 = CARTESIAN_POINT('',(-17.5,-18.925,60.3));
#15045 = DIRECTION('',(0.,1.110223024625E-16,1.));
#15046 = DIRECTION('',(0.,-1.,1.110223024625E-16));
#15047 = DEFINITIONAL_REPRESENTATION('',(#15048),#15052);
#15048 = LINE('',#15049,#15050);
#15049 = CARTESIAN_POINT('',(0.,0.));
#15050 = VECTOR('',#15051,1.);
#15051 = DIRECTION('',(1.,0.));
#15052 = ( GEOMETRIC_REPRESENTATION_CONTEXT(2)
PARAMETRIC_REPRESENTATION_CONTEXT() REPRESENTATION_CONTEXT('2D SPACE',''
  ) );
#15053 = ADVANCED_FACE('',(#15054),#15042,.T.);
#15054 = FACE_BOUND('',#15055,.T.);
#15055 = EDGE_LOOP('',(#15056,#15079,#15080,#15103));
#15056 = ORIENTED_EDGE('',*,*,#15057,.F.);
#15057 = EDGE_CURVE('',#15001,#15058,#15060,.T.);
#15058 = VERTEX_POINT('',#15059);
#15059 = CARTESIAN_POINT('',(-11.5,-18.925,60.3));
#15060 = SURFACE_CURVE('',#15061,(#15065,#15072),.PCURVE_S1.);
#15061 = LINE('',#15062,#15063);
#15062 = CARTESIAN_POINT('',(-17.5,-18.925,60.3));
#15063 = VECTOR('',#15064,1.);
#15064 = DIRECTION('',(1.,0.,0.));
#15065 = PCURVE('',#15042,#15066);
#15066 = DEFINITIONAL_REPRESENTATION('',(#15067),#15071);
#15067 = LINE('',#15068,#15069);
#15068 = CARTESIAN_POINT('',(0.,0.));
#15069 = VECTOR('',#15070,1.);
#15070 = DIRECTION('',(0.,1.));
#15071 = ( GEOMETRIC_REPRESENTATION_CONTEXT(2)
PARAMETRIC_REPRESENTATION_CONTEXT() REPRESENTATION_CONTEXT('2D SPACE',''
  ) );
#15072 = PCURVE('',#15016,#15073);
#15073 = DEFINITIONAL_REPRESENTATION('',(#15074),#15078);
#15074 = LINE('',#15075,#15076);
#15075 = CARTESIAN_POINT('',(0.,58.15));
#15076 = VECTOR('',#15077,1.);
#15077 = DIRECTION('',(1.,0.));
#15078 = ( GEOMETRIC_REPRESENTATION_CONTEXT(2)
PARAMETRIC_REPRESENTATION_CONTEXT() REPRESENTATION_CONTEXT('2D SPACE',''
  ) );
#15079 = ORIENTED_EDGE('',*,*,#15028,.T.);
#15080 = ORIENTED_EDGE('',*,*,#15081,.T.);
#15081 = EDGE_CURVE('',#14940,#15082,#15084,.T.);
#15082 = VERTEX_POINT('',#15083);
#15083 = CARTESIAN_POINT('',(-11.5,-21.075,60.3));
#15084 = SURFACE_CURVE('',#15085,(#15089,#15096),.PCURVE_S1.);
#15085 = LINE('',#15086,#15087);
#15086 = CARTESIAN_POINT('',(-17.5,-21.075,60.3));
#15087 = VECTOR('',#15088,1.);
#15088 = DIRECTION('',(1.,0.,0.));
#15089 = PCURVE('',#15042,#15090);
#15090 = DEFINITIONAL_REPRESENTATION('',(#15091),#15095);
#15091 = LINE('',#15092,#15093);
#15092 = CARTESIAN_POINT('',(2.15,0.));
#15093 = VECTOR('',#15094,1.);
#15094 = DIRECTION('',(0.,1.));
#15095 = ( GEOMETRIC_REPRESENTATION_CONTEXT(2)
PARAMETRIC_REPRESENTATION_CONTEXT() REPRESENTATION_CONTEXT('2D SPACE',''
  ) );
#15096 = PCURVE('',#14960,#15097);
#15097 = DEFINITIONAL_REPRESENTATION('',(#15098),#15102);
#15098 = LINE('',#15099,#15100);
#15099 = CARTESIAN_POINT('',(0.,58.15));
#15100 = VECTOR('',#15101,1.);
#15101 = DIRECTION('',(1.,0.));
#15102 = ( GEOMETRIC_REPRESENTATION_CONTEXT(2)
PARAMETRIC_REPRESENTATION_CONTEXT() REPRESENTATION_CONTEXT('2D SPACE',''
  ) );
#15103 = ORIENTED_EDGE('',*,*,#15104,.F.);
#15104 = EDGE_CURVE('',#15058,#15082,#15105,.T.);
#15105 = SURFACE_CURVE('',#15106,(#15110,#15117),.PCURVE_S1.);
#15106 = LINE('',#15107,#15108);
#15107 = CARTESIAN_POINT('',(-11.5,-18.925,60.3));
#15108 = VECTOR('',#15109,1.);
#15109 = DIRECTION('',(0.,-1.,1.110223024625E-16));
#15110 = PCURVE('',#15042,#15111);
#15111 = DEFINITIONAL_REPRESENTATION('',(#15112),#15116);
#15112 = LINE('',#15113,#15114);
#15113 = CARTESIAN_POINT('',(0.,6.));
#15114 = VECTOR('',#15115,1.);
#15115 = DIRECTION('',(1.,0.));
#15116 = ( GEOMETRIC_REPRESENTATION_CONTEXT(2)
PARAMETRIC_REPRESENTATION_CONTEXT() REPRESENTATION_CONTEXT('2D SPACE',''
  ) );
#15117 = PCURVE('',#15118,#15123);
#15118 = PLANE('',#15119);
#15119 = AXIS2_PLACEMENT_3D('',#15120,#15121,#15122);
#15120 = CARTESIAN_POINT('',(-11.5,-18.925,58.15));
#15121 = DIRECTION('',(1.,0.,0.));
#15122 = DIRECTION('',(0.,-1.,1.110223024625E-16));
#15123 = DEFINITIONAL_REPRESENTATION('',(#15124),#15128);
#15124 = LINE('',#15125,#15126);
#15125 = CARTESIAN_POINT('',(2.386979502944E-16,-2.15));
#15126 = VECTOR('',#15127,1.);
#15127 = DIRECTION('',(1.,0.));
#15128 = ( GEOMETRIC_REPRESENTATION_CONTEXT(2)
PARAMETRIC_REPRESENTATION_CONTEXT() REPRESENTATION_CONTEXT('2D SPACE',''
  ) );
#15129 = ADVANCED_FACE('',(#15130),#15118,.T.);
#15130 = FACE_BOUND('',#15131,.T.);
#15131 = EDGE_LOOP('',(#15132,#15162,#15183,#15184));
#15132 = ORIENTED_EDGE('',*,*,#15133,.F.);
#15133 = EDGE_CURVE('',#15134,#15136,#15138,.T.);
#15134 = VERTEX_POINT('',#15135);
#15135 = CARTESIAN_POINT('',(-11.5,-18.925,58.15));
#15136 = VERTEX_POINT('',#15137);
#15137 = CARTESIAN_POINT('',(-11.5,-21.075,58.15));
#15138 = SURFACE_CURVE('',#15139,(#15143,#15150),.PCURVE_S1.);
#15139 = LINE('',#15140,#15141);
#15140 = CARTESIAN_POINT('',(-11.5,-18.925,58.15));
#15141 = VECTOR('',#15142,1.);
#15142 = DIRECTION('',(0.,-1.,1.110223024625E-16));
#15143 = PCURVE('',#15118,#15144);
#15144 = DEFINITIONAL_REPRESENTATION('',(#15145),#15149);
#15145 = LINE('',#15146,#15147);
#15146 = CARTESIAN_POINT('',(0.,0.));
#15147 = VECTOR('',#15148,1.);
#15148 = DIRECTION('',(1.,0.));
#15149 = ( GEOMETRIC_REPRESENTATION_CONTEXT(2)
PARAMETRIC_REPRESENTATION_CONTEXT() REPRESENTATION_CONTEXT('2D SPACE',''
  ) );
#15150 = PCURVE('',#15151,#15156);
#15151 = PLANE('',#15152);
#15152 = AXIS2_PLACEMENT_3D('',#15153,#15154,#15155);
#15153 = CARTESIAN_POINT('',(-17.5,-18.925,58.15));
#15154 = DIRECTION('',(0.,1.110223024625E-16,1.));
#15155 = DIRECTION('',(0.,-1.,1.110223024625E-16));
#15156 = DEFINITIONAL_REPRESENTATION('',(#15157),#15161);
#15157 = LINE('',#15158,#15159);
#15158 = CARTESIAN_POINT('',(0.,6.));
#15159 = VECTOR('',#15160,1.);
#15160 = DIRECTION('',(1.,0.));
#15161 = ( GEOMETRIC_REPRESENTATION_CONTEXT(2)
PARAMETRIC_REPRESENTATION_CONTEXT() REPRESENTATION_CONTEXT('2D SPACE',''
  ) );
#15162 = ORIENTED_EDGE('',*,*,#15163,.T.);
#15163 = EDGE_CURVE('',#15134,#15058,#15164,.T.);
#15164 = SURFACE_CURVE('',#15165,(#15169,#15176),.PCURVE_S1.);
#15165 = LINE('',#15166,#15167);
#15166 = CARTESIAN_POINT('',(-11.5,-18.925,58.15));
#15167 = VECTOR('',#15168,1.);
#15168 = DIRECTION('',(0.,1.110223024625E-16,1.));
#15169 = PCURVE('',#15118,#15170);
#15170 = DEFINITIONAL_REPRESENTATION('',(#15171),#15175);
#15171 = LINE('',#15172,#15173);
#15172 = CARTESIAN_POINT('',(0.,0.));
#15173 = VECTOR('',#15174,1.);
#15174 = DIRECTION('',(0.,-1.));
#15175 = ( GEOMETRIC_REPRESENTATION_CONTEXT(2)
PARAMETRIC_REPRESENTATION_CONTEXT() REPRESENTATION_CONTEXT('2D SPACE',''
  ) );
#15176 = PCURVE('',#15016,#15177);
#15177 = DEFINITIONAL_REPRESENTATION('',(#15178),#15182);
#15178 = LINE('',#15179,#15180);
#15179 = CARTESIAN_POINT('',(6.,56.));
#15180 = VECTOR('',#15181,1.);
#15181 = DIRECTION('',(0.,1.));
#15182 = ( GEOMETRIC_REPRESENTATION_CONTEXT(2)
PARAMETRIC_REPRESENTATION_CONTEXT() REPRESENTATION_CONTEXT('2D SPACE',''
  ) );
#15183 = ORIENTED_EDGE('',*,*,#15104,.T.);
#15184 = ORIENTED_EDGE('',*,*,#15185,.F.);
#15185 = EDGE_CURVE('',#15136,#15082,#15186,.T.);
#15186 = SURFACE_CURVE('',#15187,(#15191,#15198),.PCURVE_S1.);
#15187 = LINE('',#15188,#15189);
#15188 = CARTESIAN_POINT('',(-11.5,-21.075,58.15));
#15189 = VECTOR('',#15190,1.);
#15190 = DIRECTION('',(0.,1.110223024625E-16,1.));
#15191 = PCURVE('',#15118,#15192);
#15192 = DEFINITIONAL_REPRESENTATION('',(#15193),#15197);
#15193 = LINE('',#15194,#15195);
#15194 = CARTESIAN_POINT('',(2.15,2.386979502944E-16));
#15195 = VECTOR('',#15196,1.);
#15196 = DIRECTION('',(0.,-1.));
#15197 = ( GEOMETRIC_REPRESENTATION_CONTEXT(2)
PARAMETRIC_REPRESENTATION_CONTEXT() REPRESENTATION_CONTEXT('2D SPACE',''
  ) );
#15198 = PCURVE('',#14960,#15199);
#15199 = DEFINITIONAL_REPRESENTATION('',(#15200),#15204);
#15200 = LINE('',#15201,#15202);
#15201 = CARTESIAN_POINT('',(6.,56.));
#15202 = VECTOR('',#15203,1.);
#15203 = DIRECTION('',(0.,1.));
#15204 = ( GEOMETRIC_REPRESENTATION_CONTEXT(2)
PARAMETRIC_REPRESENTATION_CONTEXT() REPRESENTATION_CONTEXT('2D SPACE',''
  ) );
#15205 = ADVANCED_FACE('',(#15206),#15151,.T.);
#15206 = FACE_BOUND('',#15207,.T.);
#15207 = EDGE_LOOP('',(#15208,#15231,#15232,#15255));
#15208 = ORIENTED_EDGE('',*,*,#15209,.F.);
#15209 = EDGE_CURVE('',#15134,#15210,#15212,.T.);
#15210 = VERTEX_POINT('',#15211);
#15211 = CARTESIAN_POINT('',(11.5,-18.925,58.15));
#15212 = SURFACE_CURVE('',#15213,(#15217,#15224),.PCURVE_S1.);
#15213 = LINE('',#15214,#15215);
#15214 = CARTESIAN_POINT('',(-17.5,-18.925,58.15));
#15215 = VECTOR('',#15216,1.);
#15216 = DIRECTION('',(1.,0.,0.));
#15217 = PCURVE('',#15151,#15218);
#15218 = DEFINITIONAL_REPRESENTATION('',(#15219),#15223);
#15219 = LINE('',#15220,#15221);
#15220 = CARTESIAN_POINT('',(0.,0.));
#15221 = VECTOR('',#15222,1.);
#15222 = DIRECTION('',(0.,1.));
#15223 = ( GEOMETRIC_REPRESENTATION_CONTEXT(2)
PARAMETRIC_REPRESENTATION_CONTEXT() REPRESENTATION_CONTEXT('2D SPACE',''
  ) );
#15224 = PCURVE('',#15016,#15225);
#15225 = DEFINITIONAL_REPRESENTATION('',(#15226),#15230);
#15226 = LINE('',#15227,#15228);
#15227 = CARTESIAN_POINT('',(0.,56.));
#15228 = VECTOR('',#15229,1.);
#15229 = DIRECTION('',(1.,0.));
#15230 = ( GEOMETRIC_REPRESENTATION_CONTEXT(2)
PARAMETRIC_REPRESENTATION_CONTEXT() REPRESENTATION_CONTEXT('2D SPACE',''
  ) );
#15231 = ORIENTED_EDGE('',*,*,#15133,.T.);
#15232 = ORIENTED_EDGE('',*,*,#15233,.T.);
#15233 = EDGE_CURVE('',#15136,#15234,#15236,.T.);
#15234 = VERTEX_POINT('',#15235);
#15235 = CARTESIAN_POINT('',(11.5,-21.075,58.15));
#15236 = SURFACE_CURVE('',#15237,(#15241,#15248),.PCURVE_S1.);
#15237 = LINE('',#15238,#15239);
#15238 = CARTESIAN_POINT('',(-17.5,-21.075,58.15));
#15239 = VECTOR('',#15240,1.);
#15240 = DIRECTION('',(1.,0.,0.));
#15241 = PCURVE('',#15151,#15242);
#15242 = DEFINITIONAL_REPRESENTATION('',(#15243),#15247);
#15243 = LINE('',#15244,#15245);
#15244 = CARTESIAN_POINT('',(2.15,0.));
#15245 = VECTOR('',#15246,1.);
#15246 = DIRECTION('',(0.,1.));
#15247 = ( GEOMETRIC_REPRESENTATION_CONTEXT(2)
PARAMETRIC_REPRESENTATION_CONTEXT() REPRESENTATION_CONTEXT('2D SPACE',''
  ) );
#15248 = PCURVE('',#14960,#15249);
#15249 = DEFINITIONAL_REPRESENTATION('',(#15250),#15254);
#15250 = LINE('',#15251,#15252);
#15251 = CARTESIAN_POINT('',(0.,56.));
#15252 = VECTOR('',#15253,1.);
#15253 = DIRECTION('',(1.,0.));
#15254 = ( GEOMETRIC_REPRESENTATION_CONTEXT(2)
PARAMETRIC_REPRESENTATION_CONTEXT() REPRESENTATION_CONTEXT('2D SPACE',''
  ) );
#15255 = ORIENTED_EDGE('',*,*,#15256,.F.);
#15256 = EDGE_CURVE('',#15210,#15234,#15257,.T.);
#15257 = SURFACE_CURVE('',#15258,(#15262,#15269),.PCURVE_S1.);
#15258 = LINE('',#15259,#15260);
#15259 = CARTESIAN_POINT('',(11.5,-18.925,58.15));
#15260 = VECTOR('',#15261,1.);
#15261 = DIRECTION('',(0.,-1.,1.110223024625E-16));
#15262 = PCURVE('',#15151,#15263);
#15263 = DEFINITIONAL_REPRESENTATION('',(#15264),#15268);
#15264 = LINE('',#15265,#15266);
#15265 = CARTESIAN_POINT('',(0.,29.));
#15266 = VECTOR('',#15267,1.);
#15267 = DIRECTION('',(1.,0.));
#15268 = ( GEOMETRIC_REPRESENTATION_CONTEXT(2)
PARAMETRIC_REPRESENTATION_CONTEXT() REPRESENTATION_CONTEXT('2D SPACE',''
  ) );
#15269 = PCURVE('',#15270,#15275);
#15270 = PLANE('',#15271);
#15271 = AXIS2_PLACEMENT_3D('',#15272,#15273,#15274);
#15272 = CARTESIAN_POINT('',(11.5,-18.925,58.15));
#15273 = DIRECTION('',(1.,0.,0.));
#15274 = DIRECTION('',(0.,-1.,1.110223024625E-16));
#15275 = DEFINITIONAL_REPRESENTATION('',(#15276),#15280);
#15276 = LINE('',#15277,#15278);
#15277 = CARTESIAN_POINT('',(0.,0.));
#15278 = VECTOR('',#15279,1.);
#15279 = DIRECTION('',(1.,0.));
#15280 = ( GEOMETRIC_REPRESENTATION_CONTEXT(2)
PARAMETRIC_REPRESENTATION_CONTEXT() REPRESENTATION_CONTEXT('2D SPACE',''
  ) );
#15281 = ADVANCED_FACE('',(#15282),#15270,.F.);
#15282 = FACE_BOUND('',#15283,.F.);
#15283 = EDGE_LOOP('',(#15284,#15285,#15308,#15336));
#15284 = ORIENTED_EDGE('',*,*,#15256,.F.);
#15285 = ORIENTED_EDGE('',*,*,#15286,.T.);
#15286 = EDGE_CURVE('',#15210,#15287,#15289,.T.);
#15287 = VERTEX_POINT('',#15288);
#15288 = CARTESIAN_POINT('',(11.5,-18.925,60.3));
#15289 = SURFACE_CURVE('',#15290,(#15294,#15301),.PCURVE_S1.);
#15290 = LINE('',#15291,#15292);
#15291 = CARTESIAN_POINT('',(11.5,-18.925,58.15));
#15292 = VECTOR('',#15293,1.);
#15293 = DIRECTION('',(0.,1.110223024625E-16,1.));
#15294 = PCURVE('',#15270,#15295);
#15295 = DEFINITIONAL_REPRESENTATION('',(#15296),#15300);
#15296 = LINE('',#15297,#15298);
#15297 = CARTESIAN_POINT('',(0.,0.));
#15298 = VECTOR('',#15299,1.);
#15299 = DIRECTION('',(0.,-1.));
#15300 = ( GEOMETRIC_REPRESENTATION_CONTEXT(2)
PARAMETRIC_REPRESENTATION_CONTEXT() REPRESENTATION_CONTEXT('2D SPACE',''
  ) );
#15301 = PCURVE('',#15016,#15302);
#15302 = DEFINITIONAL_REPRESENTATION('',(#15303),#15307);
#15303 = LINE('',#15304,#15305);
#15304 = CARTESIAN_POINT('',(29.,56.));
#15305 = VECTOR('',#15306,1.);
#15306 = DIRECTION('',(0.,1.));
#15307 = ( GEOMETRIC_REPRESENTATION_CONTEXT(2)
PARAMETRIC_REPRESENTATION_CONTEXT() REPRESENTATION_CONTEXT('2D SPACE',''
  ) );
#15308 = ORIENTED_EDGE('',*,*,#15309,.T.);
#15309 = EDGE_CURVE('',#15287,#15310,#15312,.T.);
#15310 = VERTEX_POINT('',#15311);
#15311 = CARTESIAN_POINT('',(11.5,-21.075,60.3));
#15312 = SURFACE_CURVE('',#15313,(#15317,#15324),.PCURVE_S1.);
#15313 = LINE('',#15314,#15315);
#15314 = CARTESIAN_POINT('',(11.5,-18.925,60.3));
#15315 = VECTOR('',#15316,1.);
#15316 = DIRECTION('',(0.,-1.,1.110223024625E-16));
#15317 = PCURVE('',#15270,#15318);
#15318 = DEFINITIONAL_REPRESENTATION('',(#15319),#15323);
#15319 = LINE('',#15320,#15321);
#15320 = CARTESIAN_POINT('',(2.386979502944E-16,-2.15));
#15321 = VECTOR('',#15322,1.);
#15322 = DIRECTION('',(1.,0.));
#15323 = ( GEOMETRIC_REPRESENTATION_CONTEXT(2)
PARAMETRIC_REPRESENTATION_CONTEXT() REPRESENTATION_CONTEXT('2D SPACE',''
  ) );
#15324 = PCURVE('',#15325,#15330);
#15325 = PLANE('',#15326);
#15326 = AXIS2_PLACEMENT_3D('',#15327,#15328,#15329);
#15327 = CARTESIAN_POINT('',(11.5,-18.925,60.3));
#15328 = DIRECTION('',(0.,1.110223024625E-16,1.));
#15329 = DIRECTION('',(0.,-1.,1.110223024625E-16));
#15330 = DEFINITIONAL_REPRESENTATION('',(#15331),#15335);
#15331 = LINE('',#15332,#15333);
#15332 = CARTESIAN_POINT('',(0.,0.));
#15333 = VECTOR('',#15334,1.);
#15334 = DIRECTION('',(1.,0.));
#15335 = ( GEOMETRIC_REPRESENTATION_CONTEXT(2)
PARAMETRIC_REPRESENTATION_CONTEXT() REPRESENTATION_CONTEXT('2D SPACE',''
  ) );
#15336 = ORIENTED_EDGE('',*,*,#15337,.F.);
#15337 = EDGE_CURVE('',#15234,#15310,#15338,.T.);
#15338 = SURFACE_CURVE('',#15339,(#15343,#15350),.PCURVE_S1.);
#15339 = LINE('',#15340,#15341);
#15340 = CARTESIAN_POINT('',(11.5,-21.075,58.15));
#15341 = VECTOR('',#15342,1.);
#15342 = DIRECTION('',(0.,1.110223024625E-16,1.));
#15343 = PCURVE('',#15270,#15344);
#15344 = DEFINITIONAL_REPRESENTATION('',(#15345),#15349);
#15345 = LINE('',#15346,#15347);
#15346 = CARTESIAN_POINT('',(2.15,2.386979502944E-16));
#15347 = VECTOR('',#15348,1.);
#15348 = DIRECTION('',(0.,-1.));
#15349 = ( GEOMETRIC_REPRESENTATION_CONTEXT(2)
PARAMETRIC_REPRESENTATION_CONTEXT() REPRESENTATION_CONTEXT('2D SPACE',''
  ) );
#15350 = PCURVE('',#14960,#15351);
#15351 = DEFINITIONAL_REPRESENTATION('',(#15352),#15356);
#15352 = LINE('',#15353,#15354);
#15353 = CARTESIAN_POINT('',(29.,56.));
#15354 = VECTOR('',#15355,1.);
#15355 = DIRECTION('',(0.,1.));
#15356 = ( GEOMETRIC_REPRESENTATION_CONTEXT(2)
PARAMETRIC_REPRESENTATION_CONTEXT() REPRESENTATION_CONTEXT('2D SPACE',''
  ) );
#15357 = ADVANCED_FACE('',(#15358),#15325,.T.);
#15358 = FACE_BOUND('',#15359,.T.);
#15359 = EDGE_LOOP('',(#15360,#15383,#15384,#15407));
#15360 = ORIENTED_EDGE('',*,*,#15361,.F.);
#15361 = EDGE_CURVE('',#15287,#15362,#15364,.T.);
#15362 = VERTEX_POINT('',#15363);
#15363 = CARTESIAN_POINT('',(17.5,-18.925,60.3));
#15364 = SURFACE_CURVE('',#15365,(#15369,#15376),.PCURVE_S1.);
#15365 = LINE('',#15366,#15367);
#15366 = CARTESIAN_POINT('',(11.5,-18.925,60.3));
#15367 = VECTOR('',#15368,1.);
#15368 = DIRECTION('',(1.,0.,0.));
#15369 = PCURVE('',#15325,#15370);
#15370 = DEFINITIONAL_REPRESENTATION('',(#15371),#15375);
#15371 = LINE('',#15372,#15373);
#15372 = CARTESIAN_POINT('',(0.,0.));
#15373 = VECTOR('',#15374,1.);
#15374 = DIRECTION('',(0.,1.));
#15375 = ( GEOMETRIC_REPRESENTATION_CONTEXT(2)
PARAMETRIC_REPRESENTATION_CONTEXT() REPRESENTATION_CONTEXT('2D SPACE',''
  ) );
#15376 = PCURVE('',#15016,#15377);
#15377 = DEFINITIONAL_REPRESENTATION('',(#15378),#15382);
#15378 = LINE('',#15379,#15380);
#15379 = CARTESIAN_POINT('',(29.,58.15));
#15380 = VECTOR('',#15381,1.);
#15381 = DIRECTION('',(1.,0.));
#15382 = ( GEOMETRIC_REPRESENTATION_CONTEXT(2)
PARAMETRIC_REPRESENTATION_CONTEXT() REPRESENTATION_CONTEXT('2D SPACE',''
  ) );
#15383 = ORIENTED_EDGE('',*,*,#15309,.T.);
#15384 = ORIENTED_EDGE('',*,*,#15385,.T.);
#15385 = EDGE_CURVE('',#15310,#15386,#15388,.T.);
#15386 = VERTEX_POINT('',#15387);
#15387 = CARTESIAN_POINT('',(17.5,-21.075,60.3));
#15388 = SURFACE_CURVE('',#15389,(#15393,#15400),.PCURVE_S1.);
#15389 = LINE('',#15390,#15391);
#15390 = CARTESIAN_POINT('',(11.5,-21.075,60.3));
#15391 = VECTOR('',#15392,1.);
#15392 = DIRECTION('',(1.,0.,0.));
#15393 = PCURVE('',#15325,#15394);
#15394 = DEFINITIONAL_REPRESENTATION('',(#15395),#15399);
#15395 = LINE('',#15396,#15397);
#15396 = CARTESIAN_POINT('',(2.15,0.));
#15397 = VECTOR('',#15398,1.);
#15398 = DIRECTION('',(0.,1.));
#15399 = ( GEOMETRIC_REPRESENTATION_CONTEXT(2)
PARAMETRIC_REPRESENTATION_CONTEXT() REPRESENTATION_CONTEXT('2D SPACE',''
  ) );
#15400 = PCURVE('',#14960,#15401);
#15401 = DEFINITIONAL_REPRESENTATION('',(#15402),#15406);
#15402 = LINE('',#15403,#15404);
#15403 = CARTESIAN_POINT('',(29.,58.15));
#15404 = VECTOR('',#15405,1.);
#15405 = DIRECTION('',(1.,0.));
#15406 = ( GEOMETRIC_REPRESENTATION_CONTEXT(2)
PARAMETRIC_REPRESENTATION_CONTEXT() REPRESENTATION_CONTEXT('2D SPACE',''
  ) );
#15407 = ORIENTED_EDGE('',*,*,#15408,.F.);
#15408 = EDGE_CURVE('',#15362,#15386,#15409,.T.);
#15409 = SURFACE_CURVE('',#15410,(#15414,#15421),.PCURVE_S1.);
#15410 = LINE('',#15411,#15412);
#15411 = CARTESIAN_POINT('',(17.5,-18.925,60.3));
#15412 = VECTOR('',#15413,1.);
#15413 = DIRECTION('',(0.,-1.,1.110223024625E-16));
#15414 = PCURVE('',#15325,#15415);
#15415 = DEFINITIONAL_REPRESENTATION('',(#15416),#15420);
#15416 = LINE('',#15417,#15418);
#15417 = CARTESIAN_POINT('',(0.,6.));
#15418 = VECTOR('',#15419,1.);
#15419 = DIRECTION('',(1.,0.));
#15420 = ( GEOMETRIC_REPRESENTATION_CONTEXT(2)
PARAMETRIC_REPRESENTATION_CONTEXT() REPRESENTATION_CONTEXT('2D SPACE',''
  ) );
#15421 = PCURVE('',#15422,#15427);
#15422 = PLANE('',#15423);
#15423 = AXIS2_PLACEMENT_3D('',#15424,#15425,#15426);
#15424 = CARTESIAN_POINT('',(17.5,-18.925,2.15));
#15425 = DIRECTION('',(1.,0.,0.));
#15426 = DIRECTION('',(0.,-1.,1.110223024625E-16));
#15427 = DEFINITIONAL_REPRESENTATION('',(#15428),#15432);
#15428 = LINE('',#15429,#15430);
#15429 = CARTESIAN_POINT('',(-6.494804694057E-16,-58.15));
#15430 = VECTOR('',#15431,1.);
#15431 = DIRECTION('',(1.,0.));
#15432 = ( GEOMETRIC_REPRESENTATION_CONTEXT(2)
PARAMETRIC_REPRESENTATION_CONTEXT() REPRESENTATION_CONTEXT('2D SPACE',''
  ) );
#15433 = ADVANCED_FACE('',(#15434),#15422,.T.);
#15434 = FACE_BOUND('',#15435,.T.);
#15435 = EDGE_LOOP('',(#15436,#15459,#15487,#15508));
#15436 = ORIENTED_EDGE('',*,*,#15437,.F.);
#15437 = EDGE_CURVE('',#15438,#15386,#15440,.T.);
#15438 = VERTEX_POINT('',#15439);
#15439 = CARTESIAN_POINT('',(17.5,-21.075,0.));
#15440 = SURFACE_CURVE('',#15441,(#15445,#15452),.PCURVE_S1.);
#15441 = LINE('',#15442,#15443);
#15442 = CARTESIAN_POINT('',(17.5,-21.075,0.));
#15443 = VECTOR('',#15444,1.);
#15444 = DIRECTION('',(0.,1.110223024625E-16,1.));
#15445 = PCURVE('',#15422,#15446);
#15446 = DEFINITIONAL_REPRESENTATION('',(#15447),#15451);
#15447 = LINE('',#15448,#15449);
#15448 = CARTESIAN_POINT('',(2.15,2.15));
#15449 = VECTOR('',#15450,1.);
#15450 = DIRECTION('',(0.,-1.));
#15451 = ( GEOMETRIC_REPRESENTATION_CONTEXT(2)
PARAMETRIC_REPRESENTATION_CONTEXT() REPRESENTATION_CONTEXT('2D SPACE',''
  ) );
#15452 = PCURVE('',#14960,#15453);
#15453 = DEFINITIONAL_REPRESENTATION('',(#15454),#15458);
#15454 = LINE('',#15455,#15456);
#15455 = CARTESIAN_POINT('',(35.,-2.15));
#15456 = VECTOR('',#15457,1.);
#15457 = DIRECTION('',(0.,1.));
#15458 = ( GEOMETRIC_REPRESENTATION_CONTEXT(2)
PARAMETRIC_REPRESENTATION_CONTEXT() REPRESENTATION_CONTEXT('2D SPACE',''
  ) );
#15459 = ORIENTED_EDGE('',*,*,#15460,.F.);
#15460 = EDGE_CURVE('',#15461,#15438,#15463,.T.);
#15461 = VERTEX_POINT('',#15462);
#15462 = CARTESIAN_POINT('',(17.5,-18.925,0.));
#15463 = SURFACE_CURVE('',#15464,(#15468,#15475),.PCURVE_S1.);
#15464 = LINE('',#15465,#15466);
#15465 = CARTESIAN_POINT('',(17.5,-18.925,0.));
#15466 = VECTOR('',#15467,1.);
#15467 = DIRECTION('',(0.,-1.,1.110223024625E-16));
#15468 = PCURVE('',#15422,#15469);
#15469 = DEFINITIONAL_REPRESENTATION('',(#15470),#15474);
#15470 = LINE('',#15471,#15472);
#15471 = CARTESIAN_POINT('',(-2.386979502944E-16,2.15));
#15472 = VECTOR('',#15473,1.);
#15473 = DIRECTION('',(1.,0.));
#15474 = ( GEOMETRIC_REPRESENTATION_CONTEXT(2)
PARAMETRIC_REPRESENTATION_CONTEXT() REPRESENTATION_CONTEXT('2D SPACE',''
  ) );
#15475 = PCURVE('',#15476,#15481);
#15476 = PLANE('',#15477);
#15477 = AXIS2_PLACEMENT_3D('',#15478,#15479,#15480);
#15478 = CARTESIAN_POINT('',(11.5,-18.925,0.));
#15479 = DIRECTION('',(0.,1.110223024625E-16,1.));
#15480 = DIRECTION('',(0.,-1.,1.110223024625E-16));
#15481 = DEFINITIONAL_REPRESENTATION('',(#15482),#15486);
#15482 = LINE('',#15483,#15484);
#15483 = CARTESIAN_POINT('',(0.,6.));
#15484 = VECTOR('',#15485,1.);
#15485 = DIRECTION('',(1.,0.));
#15486 = ( GEOMETRIC_REPRESENTATION_CONTEXT(2)
PARAMETRIC_REPRESENTATION_CONTEXT() REPRESENTATION_CONTEXT('2D SPACE',''
  ) );
#15487 = ORIENTED_EDGE('',*,*,#15488,.F.);
#15488 = EDGE_CURVE('',#15362,#15461,#15489,.T.);
#15489 = SURFACE_CURVE('',#15490,(#15494,#15501),.PCURVE_S1.);
#15490 = LINE('',#15491,#15492);
#15491 = CARTESIAN_POINT('',(17.5,-18.925,60.3));
#15492 = VECTOR('',#15493,1.);
#15493 = DIRECTION('',(0.,-1.110223024625E-16,-1.));
#15494 = PCURVE('',#15422,#15495);
#15495 = DEFINITIONAL_REPRESENTATION('',(#15496),#15500);
#15496 = LINE('',#15497,#15498);
#15497 = CARTESIAN_POINT('',(-6.494804694057E-16,-58.15));
#15498 = VECTOR('',#15499,1.);
#15499 = DIRECTION('',(0.,1.));
#15500 = ( GEOMETRIC_REPRESENTATION_CONTEXT(2)
PARAMETRIC_REPRESENTATION_CONTEXT() REPRESENTATION_CONTEXT('2D SPACE',''
  ) );
#15501 = PCURVE('',#15016,#15502);
#15502 = DEFINITIONAL_REPRESENTATION('',(#15503),#15507);
#15503 = LINE('',#15504,#15505);
#15504 = CARTESIAN_POINT('',(35.,58.15));
#15505 = VECTOR('',#15506,1.);
#15506 = DIRECTION('',(0.,-1.));
#15507 = ( GEOMETRIC_REPRESENTATION_CONTEXT(2)
PARAMETRIC_REPRESENTATION_CONTEXT() REPRESENTATION_CONTEXT('2D SPACE',''
  ) );
#15508 = ORIENTED_EDGE('',*,*,#15408,.T.);
#15509 = ADVANCED_FACE('',(#15510),#15476,.F.);
#15510 = FACE_BOUND('',#15511,.F.);
#15511 = EDGE_LOOP('',(#15512,#15535,#15563,#15584));
#15512 = ORIENTED_EDGE('',*,*,#15513,.F.);
#15513 = EDGE_CURVE('',#15514,#15461,#15516,.T.);
#15514 = VERTEX_POINT('',#15515);
#15515 = CARTESIAN_POINT('',(11.5,-18.925,0.));
#15516 = SURFACE_CURVE('',#15517,(#15521,#15528),.PCURVE_S1.);
#15517 = LINE('',#15518,#15519);
#15518 = CARTESIAN_POINT('',(11.5,-18.925,0.));
#15519 = VECTOR('',#15520,1.);
#15520 = DIRECTION('',(1.,0.,0.));
#15521 = PCURVE('',#15476,#15522);
#15522 = DEFINITIONAL_REPRESENTATION('',(#15523),#15527);
#15523 = LINE('',#15524,#15525);
#15524 = CARTESIAN_POINT('',(0.,0.));
#15525 = VECTOR('',#15526,1.);
#15526 = DIRECTION('',(0.,1.));
#15527 = ( GEOMETRIC_REPRESENTATION_CONTEXT(2)
PARAMETRIC_REPRESENTATION_CONTEXT() REPRESENTATION_CONTEXT('2D SPACE',''
  ) );
#15528 = PCURVE('',#15016,#15529);
#15529 = DEFINITIONAL_REPRESENTATION('',(#15530),#15534);
#15530 = LINE('',#15531,#15532);
#15531 = CARTESIAN_POINT('',(29.,-2.15));
#15532 = VECTOR('',#15533,1.);
#15533 = DIRECTION('',(1.,0.));
#15534 = ( GEOMETRIC_REPRESENTATION_CONTEXT(2)
PARAMETRIC_REPRESENTATION_CONTEXT() REPRESENTATION_CONTEXT('2D SPACE',''
  ) );
#15535 = ORIENTED_EDGE('',*,*,#15536,.T.);
#15536 = EDGE_CURVE('',#15514,#15537,#15539,.T.);
#15537 = VERTEX_POINT('',#15538);
#15538 = CARTESIAN_POINT('',(11.5,-21.075,0.));
#15539 = SURFACE_CURVE('',#15540,(#15544,#15551),.PCURVE_S1.);
#15540 = LINE('',#15541,#15542);
#15541 = CARTESIAN_POINT('',(11.5,-18.925,0.));
#15542 = VECTOR('',#15543,1.);
#15543 = DIRECTION('',(0.,-1.,1.110223024625E-16));
#15544 = PCURVE('',#15476,#15545);
#15545 = DEFINITIONAL_REPRESENTATION('',(#15546),#15550);
#15546 = LINE('',#15547,#15548);
#15547 = CARTESIAN_POINT('',(0.,0.));
#15548 = VECTOR('',#15549,1.);
#15549 = DIRECTION('',(1.,0.));
#15550 = ( GEOMETRIC_REPRESENTATION_CONTEXT(2)
PARAMETRIC_REPRESENTATION_CONTEXT() REPRESENTATION_CONTEXT('2D SPACE',''
  ) );
#15551 = PCURVE('',#15552,#15557);
#15552 = PLANE('',#15553);
#15553 = AXIS2_PLACEMENT_3D('',#15554,#15555,#15556);
#15554 = CARTESIAN_POINT('',(11.5,-18.925,0.));
#15555 = DIRECTION('',(1.,0.,0.));
#15556 = DIRECTION('',(0.,-1.,1.110223024625E-16));
#15557 = DEFINITIONAL_REPRESENTATION('',(#15558),#15562);
#15558 = LINE('',#15559,#15560);
#15559 = CARTESIAN_POINT('',(0.,0.));
#15560 = VECTOR('',#15561,1.);
#15561 = DIRECTION('',(1.,0.));
#15562 = ( GEOMETRIC_REPRESENTATION_CONTEXT(2)
PARAMETRIC_REPRESENTATION_CONTEXT() REPRESENTATION_CONTEXT('2D SPACE',''
  ) );
#15563 = ORIENTED_EDGE('',*,*,#15564,.T.);
#15564 = EDGE_CURVE('',#15537,#15438,#15565,.T.);
#15565 = SURFACE_CURVE('',#15566,(#15570,#15577),.PCURVE_S1.);
#15566 = LINE('',#15567,#15568);
#15567 = CARTESIAN_POINT('',(11.5,-21.075,0.));
#15568 = VECTOR('',#15569,1.);
#15569 = DIRECTION('',(1.,0.,0.));
#15570 = PCURVE('',#15476,#15571);
#15571 = DEFINITIONAL_REPRESENTATION('',(#15572),#15576);
#15572 = LINE('',#15573,#15574);
#15573 = CARTESIAN_POINT('',(2.15,0.));
#15574 = VECTOR('',#15575,1.);
#15575 = DIRECTION('',(0.,1.));
#15576 = ( GEOMETRIC_REPRESENTATION_CONTEXT(2)
PARAMETRIC_REPRESENTATION_CONTEXT() REPRESENTATION_CONTEXT('2D SPACE',''
  ) );
#15577 = PCURVE('',#14960,#15578);
#15578 = DEFINITIONAL_REPRESENTATION('',(#15579),#15583);
#15579 = LINE('',#15580,#15581);
#15580 = CARTESIAN_POINT('',(29.,-2.15));
#15581 = VECTOR('',#15582,1.);
#15582 = DIRECTION('',(1.,0.));
#15583 = ( GEOMETRIC_REPRESENTATION_CONTEXT(2)
PARAMETRIC_REPRESENTATION_CONTEXT() REPRESENTATION_CONTEXT('2D SPACE',''
  ) );
#15584 = ORIENTED_EDGE('',*,*,#15460,.F.);
#15585 = ADVANCED_FACE('',(#15586),#15552,.F.);
#15586 = FACE_BOUND('',#15587,.F.);
#15587 = EDGE_LOOP('',(#15588,#15589,#15612,#15640));
#15588 = ORIENTED_EDGE('',*,*,#15536,.F.);
#15589 = ORIENTED_EDGE('',*,*,#15590,.T.);
#15590 = EDGE_CURVE('',#15514,#15591,#15593,.T.);
#15591 = VERTEX_POINT('',#15592);
#15592 = CARTESIAN_POINT('',(11.5,-18.925,2.15));
#15593 = SURFACE_CURVE('',#15594,(#15598,#15605),.PCURVE_S1.);
#15594 = LINE('',#15595,#15596);
#15595 = CARTESIAN_POINT('',(11.5,-18.925,0.));
#15596 = VECTOR('',#15597,1.);
#15597 = DIRECTION('',(0.,1.110223024625E-16,1.));
#15598 = PCURVE('',#15552,#15599);
#15599 = DEFINITIONAL_REPRESENTATION('',(#15600),#15604);
#15600 = LINE('',#15601,#15602);
#15601 = CARTESIAN_POINT('',(0.,0.));
#15602 = VECTOR('',#15603,1.);
#15603 = DIRECTION('',(0.,-1.));
#15604 = ( GEOMETRIC_REPRESENTATION_CONTEXT(2)
PARAMETRIC_REPRESENTATION_CONTEXT() REPRESENTATION_CONTEXT('2D SPACE',''
  ) );
#15605 = PCURVE('',#15016,#15606);
#15606 = DEFINITIONAL_REPRESENTATION('',(#15607),#15611);
#15607 = LINE('',#15608,#15609);
#15608 = CARTESIAN_POINT('',(29.,-2.15));
#15609 = VECTOR('',#15610,1.);
#15610 = DIRECTION('',(0.,1.));
#15611 = ( GEOMETRIC_REPRESENTATION_CONTEXT(2)
PARAMETRIC_REPRESENTATION_CONTEXT() REPRESENTATION_CONTEXT('2D SPACE',''
  ) );
#15612 = ORIENTED_EDGE('',*,*,#15613,.T.);
#15613 = EDGE_CURVE('',#15591,#15614,#15616,.T.);
#15614 = VERTEX_POINT('',#15615);
#15615 = CARTESIAN_POINT('',(11.5,-21.075,2.15));
#15616 = SURFACE_CURVE('',#15617,(#15621,#15628),.PCURVE_S1.);
#15617 = LINE('',#15618,#15619);
#15618 = CARTESIAN_POINT('',(11.5,-18.925,2.15));
#15619 = VECTOR('',#15620,1.);
#15620 = DIRECTION('',(0.,-1.,1.110223024625E-16));
#15621 = PCURVE('',#15552,#15622);
#15622 = DEFINITIONAL_REPRESENTATION('',(#15623),#15627);
#15623 = LINE('',#15624,#15625);
#15624 = CARTESIAN_POINT('',(2.386979502944E-16,-2.15));
#15625 = VECTOR('',#15626,1.);
#15626 = DIRECTION('',(1.,0.));
#15627 = ( GEOMETRIC_REPRESENTATION_CONTEXT(2)
PARAMETRIC_REPRESENTATION_CONTEXT() REPRESENTATION_CONTEXT('2D SPACE',''
  ) );
#15628 = PCURVE('',#15629,#15634);
#15629 = PLANE('',#15630);
#15630 = AXIS2_PLACEMENT_3D('',#15631,#15632,#15633);
#15631 = CARTESIAN_POINT('',(-17.5,-18.925,2.15));
#15632 = DIRECTION('',(0.,1.110223024625E-16,1.));
#15633 = DIRECTION('',(0.,-1.,1.110223024625E-16));
#15634 = DEFINITIONAL_REPRESENTATION('',(#15635),#15639);
#15635 = LINE('',#15636,#15637);
#15636 = CARTESIAN_POINT('',(0.,29.));
#15637 = VECTOR('',#15638,1.);
#15638 = DIRECTION('',(1.,0.));
#15639 = ( GEOMETRIC_REPRESENTATION_CONTEXT(2)
PARAMETRIC_REPRESENTATION_CONTEXT() REPRESENTATION_CONTEXT('2D SPACE',''
  ) );
#15640 = ORIENTED_EDGE('',*,*,#15641,.F.);
#15641 = EDGE_CURVE('',#15537,#15614,#15642,.T.);
#15642 = SURFACE_CURVE('',#15643,(#15647,#15654),.PCURVE_S1.);
#15643 = LINE('',#15644,#15645);
#15644 = CARTESIAN_POINT('',(11.5,-21.075,0.));
#15645 = VECTOR('',#15646,1.);
#15646 = DIRECTION('',(0.,1.110223024625E-16,1.));
#15647 = PCURVE('',#15552,#15648);
#15648 = DEFINITIONAL_REPRESENTATION('',(#15649),#15653);
#15649 = LINE('',#15650,#15651);
#15650 = CARTESIAN_POINT('',(2.15,2.386979502944E-16));
#15651 = VECTOR('',#15652,1.);
#15652 = DIRECTION('',(0.,-1.));
#15653 = ( GEOMETRIC_REPRESENTATION_CONTEXT(2)
PARAMETRIC_REPRESENTATION_CONTEXT() REPRESENTATION_CONTEXT('2D SPACE',''
  ) );
#15654 = PCURVE('',#14960,#15655);
#15655 = DEFINITIONAL_REPRESENTATION('',(#15656),#15660);
#15656 = LINE('',#15657,#15658);
#15657 = CARTESIAN_POINT('',(29.,-2.15));
#15658 = VECTOR('',#15659,1.);
#15659 = DIRECTION('',(0.,1.));
#15660 = ( GEOMETRIC_REPRESENTATION_CONTEXT(2)
PARAMETRIC_REPRESENTATION_CONTEXT() REPRESENTATION_CONTEXT('2D SPACE',''
  ) );
#15661 = ADVANCED_FACE('',(#15662),#15629,.F.);
#15662 = FACE_BOUND('',#15663,.F.);
#15663 = EDGE_LOOP('',(#15664,#15687,#15715,#15736));
#15664 = ORIENTED_EDGE('',*,*,#15665,.F.);
#15665 = EDGE_CURVE('',#15666,#15591,#15668,.T.);
#15666 = VERTEX_POINT('',#15667);
#15667 = CARTESIAN_POINT('',(-11.5,-18.925,2.15));
#15668 = SURFACE_CURVE('',#15669,(#15673,#15680),.PCURVE_S1.);
#15669 = LINE('',#15670,#15671);
#15670 = CARTESIAN_POINT('',(-17.5,-18.925,2.15));
#15671 = VECTOR('',#15672,1.);
#15672 = DIRECTION('',(1.,0.,0.));
#15673 = PCURVE('',#15629,#15674);
#15674 = DEFINITIONAL_REPRESENTATION('',(#15675),#15679);
#15675 = LINE('',#15676,#15677);
#15676 = CARTESIAN_POINT('',(0.,0.));
#15677 = VECTOR('',#15678,1.);
#15678 = DIRECTION('',(0.,1.));
#15679 = ( GEOMETRIC_REPRESENTATION_CONTEXT(2)
PARAMETRIC_REPRESENTATION_CONTEXT() REPRESENTATION_CONTEXT('2D SPACE',''
  ) );
#15680 = PCURVE('',#15016,#15681);
#15681 = DEFINITIONAL_REPRESENTATION('',(#15682),#15686);
#15682 = LINE('',#15683,#15684);
#15683 = CARTESIAN_POINT('',(0.,0.));
#15684 = VECTOR('',#15685,1.);
#15685 = DIRECTION('',(1.,0.));
#15686 = ( GEOMETRIC_REPRESENTATION_CONTEXT(2)
PARAMETRIC_REPRESENTATION_CONTEXT() REPRESENTATION_CONTEXT('2D SPACE',''
  ) );
#15687 = ORIENTED_EDGE('',*,*,#15688,.T.);
#15688 = EDGE_CURVE('',#15666,#15689,#15691,.T.);
#15689 = VERTEX_POINT('',#15690);
#15690 = CARTESIAN_POINT('',(-11.5,-21.075,2.15));
#15691 = SURFACE_CURVE('',#15692,(#15696,#15703),.PCURVE_S1.);
#15692 = LINE('',#15693,#15694);
#15693 = CARTESIAN_POINT('',(-11.5,-18.925,2.15));
#15694 = VECTOR('',#15695,1.);
#15695 = DIRECTION('',(0.,-1.,1.110223024625E-16));
#15696 = PCURVE('',#15629,#15697);
#15697 = DEFINITIONAL_REPRESENTATION('',(#15698),#15702);
#15698 = LINE('',#15699,#15700);
#15699 = CARTESIAN_POINT('',(0.,6.));
#15700 = VECTOR('',#15701,1.);
#15701 = DIRECTION('',(1.,0.));
#15702 = ( GEOMETRIC_REPRESENTATION_CONTEXT(2)
PARAMETRIC_REPRESENTATION_CONTEXT() REPRESENTATION_CONTEXT('2D SPACE',''
  ) );
#15703 = PCURVE('',#15704,#15709);
#15704 = PLANE('',#15705);
#15705 = AXIS2_PLACEMENT_3D('',#15706,#15707,#15708);
#15706 = CARTESIAN_POINT('',(-11.5,-18.925,0.));
#15707 = DIRECTION('',(1.,0.,0.));
#15708 = DIRECTION('',(0.,-1.,1.110223024625E-16));
#15709 = DEFINITIONAL_REPRESENTATION('',(#15710),#15714);
#15710 = LINE('',#15711,#15712);
#15711 = CARTESIAN_POINT('',(2.386979502944E-16,-2.15));
#15712 = VECTOR('',#15713,1.);
#15713 = DIRECTION('',(1.,0.));
#15714 = ( GEOMETRIC_REPRESENTATION_CONTEXT(2)
PARAMETRIC_REPRESENTATION_CONTEXT() REPRESENTATION_CONTEXT('2D SPACE',''
  ) );
#15715 = ORIENTED_EDGE('',*,*,#15716,.T.);
#15716 = EDGE_CURVE('',#15689,#15614,#15717,.T.);
#15717 = SURFACE_CURVE('',#15718,(#15722,#15729),.PCURVE_S1.);
#15718 = LINE('',#15719,#15720);
#15719 = CARTESIAN_POINT('',(-17.5,-21.075,2.15));
#15720 = VECTOR('',#15721,1.);
#15721 = DIRECTION('',(1.,0.,0.));
#15722 = PCURVE('',#15629,#15723);
#15723 = DEFINITIONAL_REPRESENTATION('',(#15724),#15728);
#15724 = LINE('',#15725,#15726);
#15725 = CARTESIAN_POINT('',(2.15,0.));
#15726 = VECTOR('',#15727,1.);
#15727 = DIRECTION('',(0.,1.));
#15728 = ( GEOMETRIC_REPRESENTATION_CONTEXT(2)
PARAMETRIC_REPRESENTATION_CONTEXT() REPRESENTATION_CONTEXT('2D SPACE',''
  ) );
#15729 = PCURVE('',#14960,#15730);
#15730 = DEFINITIONAL_REPRESENTATION('',(#15731),#15735);
#15731 = LINE('',#15732,#15733);
#15732 = CARTESIAN_POINT('',(0.,0.));
#15733 = VECTOR('',#15734,1.);
#15734 = DIRECTION('',(1.,0.));
#15735 = ( GEOMETRIC_REPRESENTATION_CONTEXT(2)
PARAMETRIC_REPRESENTATION_CONTEXT() REPRESENTATION_CONTEXT('2D SPACE',''
  ) );
#15736 = ORIENTED_EDGE('',*,*,#15613,.F.);
#15737 = ADVANCED_FACE('',(#15738),#15704,.T.);
#15738 = FACE_BOUND('',#15739,.T.);
#15739 = EDGE_LOOP('',(#15740,#15765,#15786,#15787));
#15740 = ORIENTED_EDGE('',*,*,#15741,.F.);
#15741 = EDGE_CURVE('',#15742,#15744,#15746,.T.);
#15742 = VERTEX_POINT('',#15743);
#15743 = CARTESIAN_POINT('',(-11.5,-18.925,0.));
#15744 = VERTEX_POINT('',#15745);
#15745 = CARTESIAN_POINT('',(-11.5,-21.075,0.));
#15746 = SURFACE_CURVE('',#15747,(#15751,#15758),.PCURVE_S1.);
#15747 = LINE('',#15748,#15749);
#15748 = CARTESIAN_POINT('',(-11.5,-18.925,0.));
#15749 = VECTOR('',#15750,1.);
#15750 = DIRECTION('',(0.,-1.,1.110223024625E-16));
#15751 = PCURVE('',#15704,#15752);
#15752 = DEFINITIONAL_REPRESENTATION('',(#15753),#15757);
#15753 = LINE('',#15754,#15755);
#15754 = CARTESIAN_POINT('',(0.,0.));
#15755 = VECTOR('',#15756,1.);
#15756 = DIRECTION('',(1.,0.));
#15757 = ( GEOMETRIC_REPRESENTATION_CONTEXT(2)
PARAMETRIC_REPRESENTATION_CONTEXT() REPRESENTATION_CONTEXT('2D SPACE',''
  ) );
#15758 = PCURVE('',#14988,#15759);
#15759 = DEFINITIONAL_REPRESENTATION('',(#15760),#15764);
#15760 = LINE('',#15761,#15762);
#15761 = CARTESIAN_POINT('',(0.,6.));
#15762 = VECTOR('',#15763,1.);
#15763 = DIRECTION('',(1.,0.));
#15764 = ( GEOMETRIC_REPRESENTATION_CONTEXT(2)
PARAMETRIC_REPRESENTATION_CONTEXT() REPRESENTATION_CONTEXT('2D SPACE',''
  ) );
#15765 = ORIENTED_EDGE('',*,*,#15766,.T.);
#15766 = EDGE_CURVE('',#15742,#15666,#15767,.T.);
#15767 = SURFACE_CURVE('',#15768,(#15772,#15779),.PCURVE_S1.);
#15768 = LINE('',#15769,#15770);
#15769 = CARTESIAN_POINT('',(-11.5,-18.925,0.));
#15770 = VECTOR('',#15771,1.);
#15771 = DIRECTION('',(0.,1.110223024625E-16,1.));
#15772 = PCURVE('',#15704,#15773);
#15773 = DEFINITIONAL_REPRESENTATION('',(#15774),#15778);
#15774 = LINE('',#15775,#15776);
#15775 = CARTESIAN_POINT('',(0.,0.));
#15776 = VECTOR('',#15777,1.);
#15777 = DIRECTION('',(0.,-1.));
#15778 = ( GEOMETRIC_REPRESENTATION_CONTEXT(2)
PARAMETRIC_REPRESENTATION_CONTEXT() REPRESENTATION_CONTEXT('2D SPACE',''
  ) );
#15779 = PCURVE('',#15016,#15780);
#15780 = DEFINITIONAL_REPRESENTATION('',(#15781),#15785);
#15781 = LINE('',#15782,#15783);
#15782 = CARTESIAN_POINT('',(6.,-2.15));
#15783 = VECTOR('',#15784,1.);
#15784 = DIRECTION('',(0.,1.));
#15785 = ( GEOMETRIC_REPRESENTATION_CONTEXT(2)
PARAMETRIC_REPRESENTATION_CONTEXT() REPRESENTATION_CONTEXT('2D SPACE',''
  ) );
#15786 = ORIENTED_EDGE('',*,*,#15688,.T.);
#15787 = ORIENTED_EDGE('',*,*,#15788,.F.);
#15788 = EDGE_CURVE('',#15744,#15689,#15789,.T.);
#15789 = SURFACE_CURVE('',#15790,(#15794,#15801),.PCURVE_S1.);
#15790 = LINE('',#15791,#15792);
#15791 = CARTESIAN_POINT('',(-11.5,-21.075,0.));
#15792 = VECTOR('',#15793,1.);
#15793 = DIRECTION('',(0.,1.110223024625E-16,1.));
#15794 = PCURVE('',#15704,#15795);
#15795 = DEFINITIONAL_REPRESENTATION('',(#15796),#15800);
#15796 = LINE('',#15797,#15798);
#15797 = CARTESIAN_POINT('',(2.15,2.386979502944E-16));
#15798 = VECTOR('',#15799,1.);
#15799 = DIRECTION('',(0.,-1.));
#15800 = ( GEOMETRIC_REPRESENTATION_CONTEXT(2)
PARAMETRIC_REPRESENTATION_CONTEXT() REPRESENTATION_CONTEXT('2D SPACE',''
  ) );
#15801 = PCURVE('',#14960,#15802);
#15802 = DEFINITIONAL_REPRESENTATION('',(#15803),#15807);
#15803 = LINE('',#15804,#15805);
#15804 = CARTESIAN_POINT('',(6.,-2.15));
#15805 = VECTOR('',#15806,1.);
#15806 = DIRECTION('',(0.,1.));
#15807 = ( GEOMETRIC_REPRESENTATION_CONTEXT(2)
PARAMETRIC_REPRESENTATION_CONTEXT() REPRESENTATION_CONTEXT('2D SPACE',''
  ) );
#15808 = ADVANCED_FACE('',(#15809),#15016,.F.);
#15809 = FACE_BOUND('',#15810,.F.);
#15810 = EDGE_LOOP('',(#15811,#15832,#15833,#15834,#15835,#15836,#15837,
    #15838,#15839,#15840,#15841,#15842));
#15811 = ORIENTED_EDGE('',*,*,#15812,.T.);
#15812 = EDGE_CURVE('',#14973,#15742,#15813,.T.);
#15813 = SURFACE_CURVE('',#15814,(#15818,#15825),.PCURVE_S1.);
#15814 = LINE('',#15815,#15816);
#15815 = CARTESIAN_POINT('',(-17.5,-18.925,0.));
#15816 = VECTOR('',#15817,1.);
#15817 = DIRECTION('',(1.,0.,0.));
#15818 = PCURVE('',#15016,#15819);
#15819 = DEFINITIONAL_REPRESENTATION('',(#15820),#15824);
#15820 = LINE('',#15821,#15822);
#15821 = CARTESIAN_POINT('',(0.,-2.15));
#15822 = VECTOR('',#15823,1.);
#15823 = DIRECTION('',(1.,0.));
#15824 = ( GEOMETRIC_REPRESENTATION_CONTEXT(2)
PARAMETRIC_REPRESENTATION_CONTEXT() REPRESENTATION_CONTEXT('2D SPACE',''
  ) );
#15825 = PCURVE('',#14988,#15826);
#15826 = DEFINITIONAL_REPRESENTATION('',(#15827),#15831);
#15827 = LINE('',#15828,#15829);
#15828 = CARTESIAN_POINT('',(0.,0.));
#15829 = VECTOR('',#15830,1.);
#15830 = DIRECTION('',(0.,1.));
#15831 = ( GEOMETRIC_REPRESENTATION_CONTEXT(2)
PARAMETRIC_REPRESENTATION_CONTEXT() REPRESENTATION_CONTEXT('2D SPACE',''
  ) );
#15832 = ORIENTED_EDGE('',*,*,#15766,.T.);
#15833 = ORIENTED_EDGE('',*,*,#15665,.T.);
#15834 = ORIENTED_EDGE('',*,*,#15590,.F.);
#15835 = ORIENTED_EDGE('',*,*,#15513,.T.);
#15836 = ORIENTED_EDGE('',*,*,#15488,.F.);
#15837 = ORIENTED_EDGE('',*,*,#15361,.F.);
#15838 = ORIENTED_EDGE('',*,*,#15286,.F.);
#15839 = ORIENTED_EDGE('',*,*,#15209,.F.);
#15840 = ORIENTED_EDGE('',*,*,#15163,.T.);
#15841 = ORIENTED_EDGE('',*,*,#15057,.F.);
#15842 = ORIENTED_EDGE('',*,*,#15000,.T.);
#15843 = ADVANCED_FACE('',(#15844),#14988,.F.);
#15844 = FACE_BOUND('',#15845,.F.);
#15845 = EDGE_LOOP('',(#15846,#15847,#15848,#15869));
#15846 = ORIENTED_EDGE('',*,*,#15812,.F.);
#15847 = ORIENTED_EDGE('',*,*,#14972,.T.);
#15848 = ORIENTED_EDGE('',*,*,#15849,.T.);
#15849 = EDGE_CURVE('',#14938,#15744,#15850,.T.);
#15850 = SURFACE_CURVE('',#15851,(#15855,#15862),.PCURVE_S1.);
#15851 = LINE('',#15852,#15853);
#15852 = CARTESIAN_POINT('',(-17.5,-21.075,0.));
#15853 = VECTOR('',#15854,1.);
#15854 = DIRECTION('',(1.,0.,0.));
#15855 = PCURVE('',#14988,#15856);
#15856 = DEFINITIONAL_REPRESENTATION('',(#15857),#15861);
#15857 = LINE('',#15858,#15859);
#15858 = CARTESIAN_POINT('',(2.15,0.));
#15859 = VECTOR('',#15860,1.);
#15860 = DIRECTION('',(0.,1.));
#15861 = ( GEOMETRIC_REPRESENTATION_CONTEXT(2)
PARAMETRIC_REPRESENTATION_CONTEXT() REPRESENTATION_CONTEXT('2D SPACE',''
  ) );
#15862 = PCURVE('',#14960,#15863);
#15863 = DEFINITIONAL_REPRESENTATION('',(#15864),#15868);
#15864 = LINE('',#15865,#15866);
#15865 = CARTESIAN_POINT('',(0.,-2.15));
#15866 = VECTOR('',#15867,1.);
#15867 = DIRECTION('',(1.,0.));
#15868 = ( GEOMETRIC_REPRESENTATION_CONTEXT(2)
PARAMETRIC_REPRESENTATION_CONTEXT() REPRESENTATION_CONTEXT('2D SPACE',''
  ) );
#15869 = ORIENTED_EDGE('',*,*,#15741,.F.);
#15870 = ADVANCED_FACE('',(#15871),#14960,.T.);
#15871 = FACE_BOUND('',#15872,.T.);
#15872 = EDGE_LOOP('',(#15873,#15874,#15875,#15876,#15877,#15878,#15879,
    #15880,#15881,#15882,#15883,#15884));
#15873 = ORIENTED_EDGE('',*,*,#14937,.F.);
#15874 = ORIENTED_EDGE('',*,*,#15849,.T.);
#15875 = ORIENTED_EDGE('',*,*,#15788,.T.);
#15876 = ORIENTED_EDGE('',*,*,#15716,.T.);
#15877 = ORIENTED_EDGE('',*,*,#15641,.F.);
#15878 = ORIENTED_EDGE('',*,*,#15564,.T.);
#15879 = ORIENTED_EDGE('',*,*,#15437,.T.);
#15880 = ORIENTED_EDGE('',*,*,#15385,.F.);
#15881 = ORIENTED_EDGE('',*,*,#15337,.F.);
#15882 = ORIENTED_EDGE('',*,*,#15233,.F.);
#15883 = ORIENTED_EDGE('',*,*,#15185,.T.);
#15884 = ORIENTED_EDGE('',*,*,#15081,.F.);
#15885 = ( GEOMETRIC_REPRESENTATION_CONTEXT(3)
GLOBAL_UNCERTAINTY_ASSIGNED_CONTEXT((#15889))
GLOBAL_UNIT_ASSIGNED_CONTEXT((#15886,#15887,#15888))
REPRESENTATION_CONTEXT('Context #1',
  '3D Context with UNIT and UNCERTAINTY') );
#15886 = ( LENGTH_UNIT() NAMED_UNIT(*) SI_UNIT(.MILLI.,.METRE.) );
#15887 = ( NAMED_UNIT(*) PLANE_ANGLE_UNIT() SI_UNIT($,.RADIAN.) );
#15888 = ( NAMED_UNIT(*) SI_UNIT($,.STERADIAN.) SOLID_ANGLE_UNIT() );
#15889 = UNCERTAINTY_MEASURE_WITH_UNIT(LENGTH_MEASURE(1.E-07),#15886,
  'distance_accuracy_value','confusion accuracy');
#15890 = CONTEXT_DEPENDENT_SHAPE_REPRESENTATION(#15891,#15893);
#15891 = ( REPRESENTATION_RELATIONSHIP('','',#14930,#10)
REPRESENTATION_RELATIONSHIP_WITH_TRANSFORMATION(#15892)
SHAPE_REPRESENTATION_RELATIONSHIP() );
#15892 = ITEM_DEFINED_TRANSFORMATION('','',#11,#23);
#15893 = PRODUCT_DEFINITION_SHAPE('Placement','Placement of an item',
  #15894);
#15894 = NEXT_ASSEMBLY_USAGE_OCCURRENCE('7','','',#5,#14925,$);
#15895 = PRODUCT_RELATED_PRODUCT_CATEGORY('part',$,(#14927));
#15896 = SHAPE_DEFINITION_REPRESENTATION(#15897,#15903);
#15897 = PRODUCT_DEFINITION_SHAPE('','',#15898);
#15898 = PRODUCT_DEFINITION('design','',#15899,#15902);
#15899 = PRODUCT_DEFINITION_FORMATION('','',#15900);
#15900 = PRODUCT('Open CASCADE STEP translator 7.9 3.4',
  'Open CASCADE STEP translator 7.9 3.4','',(#15901));
#15901 = PRODUCT_CONTEXT('',#2,'mechanical');
#15902 = PRODUCT_DEFINITION_CONTEXT('part definition',#2,'design');
#15903 = ADVANCED_BREP_SHAPE_REPRESENTATION('',(#11,#15904),#16858);
#15904 = MANIFOLD_SOLID_BREP('',#15905);
#15905 = CLOSED_SHELL('',(#15906,#16026,#16102,#16178,#16254,#16330,
    #16406,#16482,#16558,#16634,#16710,#16781,#16816,#16843));
#15906 = ADVANCED_FACE('',(#15907),#15921,.F.);
#15907 = FACE_BOUND('',#15908,.F.);
#15908 = EDGE_LOOP('',(#15909,#15944,#15972,#16000));
#15909 = ORIENTED_EDGE('',*,*,#15910,.F.);
#15910 = EDGE_CURVE('',#15911,#15913,#15915,.T.);
#15911 = VERTEX_POINT('',#15912);
#15912 = CARTESIAN_POINT('',(-17.5,18.925,0.));
#15913 = VERTEX_POINT('',#15914);
#15914 = CARTESIAN_POINT('',(-17.5,18.925,60.3));
#15915 = SURFACE_CURVE('',#15916,(#15920,#15932),.PCURVE_S1.);
#15916 = LINE('',#15917,#15918);
#15917 = CARTESIAN_POINT('',(-17.5,18.925,0.));
#15918 = VECTOR('',#15919,1.);
#15919 = DIRECTION('',(0.,1.110223024625E-16,1.));
#15920 = PCURVE('',#15921,#15926);
#15921 = PLANE('',#15922);
#15922 = AXIS2_PLACEMENT_3D('',#15923,#15924,#15925);
#15923 = CARTESIAN_POINT('',(-17.5,21.075,2.15));
#15924 = DIRECTION('',(1.,0.,0.));
#15925 = DIRECTION('',(0.,-1.,1.110223024625E-16));
#15926 = DEFINITIONAL_REPRESENTATION('',(#15927),#15931);
#15927 = LINE('',#15928,#15929);
#15928 = CARTESIAN_POINT('',(2.15,2.15));
#15929 = VECTOR('',#15930,1.);
#15930 = DIRECTION('',(0.,-1.));
#15931 = ( GEOMETRIC_REPRESENTATION_CONTEXT(2)
PARAMETRIC_REPRESENTATION_CONTEXT() REPRESENTATION_CONTEXT('2D SPACE',''
  ) );
#15932 = PCURVE('',#15933,#15938);
#15933 = PLANE('',#15934);
#15934 = AXIS2_PLACEMENT_3D('',#15935,#15936,#15937);
#15935 = CARTESIAN_POINT('',(-17.5,18.925,2.15));
#15936 = DIRECTION('',(0.,-1.,1.110223024625E-16));
#15937 = DIRECTION('',(1.,0.,0.));
#15938 = DEFINITIONAL_REPRESENTATION('',(#15939),#15943);
#15939 = LINE('',#15940,#15941);
#15940 = CARTESIAN_POINT('',(0.,-2.15));
#15941 = VECTOR('',#15942,1.);
#15942 = DIRECTION('',(0.,1.));
#15943 = ( GEOMETRIC_REPRESENTATION_CONTEXT(2)
PARAMETRIC_REPRESENTATION_CONTEXT() REPRESENTATION_CONTEXT('2D SPACE',''
  ) );
#15944 = ORIENTED_EDGE('',*,*,#15945,.F.);
#15945 = EDGE_CURVE('',#15946,#15911,#15948,.T.);
#15946 = VERTEX_POINT('',#15947);
#15947 = CARTESIAN_POINT('',(-17.5,21.075,0.));
#15948 = SURFACE_CURVE('',#15949,(#15953,#15960),.PCURVE_S1.);
#15949 = LINE('',#15950,#15951);
#15950 = CARTESIAN_POINT('',(-17.5,21.075,0.));
#15951 = VECTOR('',#15952,1.);
#15952 = DIRECTION('',(0.,-1.,1.110223024625E-16));
#15953 = PCURVE('',#15921,#15954);
#15954 = DEFINITIONAL_REPRESENTATION('',(#15955),#15959);
#15955 = LINE('',#15956,#15957);
#15956 = CARTESIAN_POINT('',(-2.386979502944E-16,2.15));
#15957 = VECTOR('',#15958,1.);
#15958 = DIRECTION('',(1.,0.));
#15959 = ( GEOMETRIC_REPRESENTATION_CONTEXT(2)
PARAMETRIC_REPRESENTATION_CONTEXT() REPRESENTATION_CONTEXT('2D SPACE',''
  ) );
#15960 = PCURVE('',#15961,#15966);
#15961 = PLANE('',#15962);
#15962 = AXIS2_PLACEMENT_3D('',#15963,#15964,#15965);
#15963 = CARTESIAN_POINT('',(-17.5,21.075,0.));
#15964 = DIRECTION('',(0.,1.110223024625E-16,1.));
#15965 = DIRECTION('',(0.,-1.,1.110223024625E-16));
#15966 = DEFINITIONAL_REPRESENTATION('',(#15967),#15971);
#15967 = LINE('',#15968,#15969);
#15968 = CARTESIAN_POINT('',(0.,0.));
#15969 = VECTOR('',#15970,1.);
#15970 = DIRECTION('',(1.,0.));
#15971 = ( GEOMETRIC_REPRESENTATION_CONTEXT(2)
PARAMETRIC_REPRESENTATION_CONTEXT() REPRESENTATION_CONTEXT('2D SPACE',''
  ) );
#15972 = ORIENTED_EDGE('',*,*,#15973,.F.);
#15973 = EDGE_CURVE('',#15974,#15946,#15976,.T.);
#15974 = VERTEX_POINT('',#15975);
#15975 = CARTESIAN_POINT('',(-17.5,21.075,60.3));
#15976 = SURFACE_CURVE('',#15977,(#15981,#15988),.PCURVE_S1.);
#15977 = LINE('',#15978,#15979);
#15978 = CARTESIAN_POINT('',(-17.5,21.075,60.3));
#15979 = VECTOR('',#15980,1.);
#15980 = DIRECTION('',(0.,-1.110223024625E-16,-1.));
#15981 = PCURVE('',#15921,#15982);
#15982 = DEFINITIONAL_REPRESENTATION('',(#15983),#15987);
#15983 = LINE('',#15984,#15985);
#15984 = CARTESIAN_POINT('',(-6.494804694057E-16,-58.15));
#15985 = VECTOR('',#15986,1.);
#15986 = DIRECTION('',(0.,1.));
#15987 = ( GEOMETRIC_REPRESENTATION_CONTEXT(2)
PARAMETRIC_REPRESENTATION_CONTEXT() REPRESENTATION_CONTEXT('2D SPACE',''
  ) );
#15988 = PCURVE('',#15989,#15994);
#15989 = PLANE('',#15990);
#15990 = AXIS2_PLACEMENT_3D('',#15991,#15992,#15993);
#15991 = CARTESIAN_POINT('',(-17.5,21.075,2.15));
#15992 = DIRECTION('',(0.,-1.,1.110223024625E-16));
#15993 = DIRECTION('',(1.,0.,0.));
#15994 = DEFINITIONAL_REPRESENTATION('',(#15995),#15999);
#15995 = LINE('',#15996,#15997);
#15996 = CARTESIAN_POINT('',(0.,58.15));
#15997 = VECTOR('',#15998,1.);
#15998 = DIRECTION('',(0.,-1.));
#15999 = ( GEOMETRIC_REPRESENTATION_CONTEXT(2)
PARAMETRIC_REPRESENTATION_CONTEXT() REPRESENTATION_CONTEXT('2D SPACE',''
  ) );
#16000 = ORIENTED_EDGE('',*,*,#16001,.T.);
#16001 = EDGE_CURVE('',#15974,#15913,#16002,.T.);
#16002 = SURFACE_CURVE('',#16003,(#16007,#16014),.PCURVE_S1.);
#16003 = LINE('',#16004,#16005);
#16004 = CARTESIAN_POINT('',(-17.5,21.075,60.3));
#16005 = VECTOR('',#16006,1.);
#16006 = DIRECTION('',(0.,-1.,1.110223024625E-16));
#16007 = PCURVE('',#15921,#16008);
#16008 = DEFINITIONAL_REPRESENTATION('',(#16009),#16013);
#16009 = LINE('',#16010,#16011);
#16010 = CARTESIAN_POINT('',(-6.494804694057E-16,-58.15));
#16011 = VECTOR('',#16012,1.);
#16012 = DIRECTION('',(1.,0.));
#16013 = ( GEOMETRIC_REPRESENTATION_CONTEXT(2)
PARAMETRIC_REPRESENTATION_CONTEXT() REPRESENTATION_CONTEXT('2D SPACE',''
  ) );
#16014 = PCURVE('',#16015,#16020);
#16015 = PLANE('',#16016);
#16016 = AXIS2_PLACEMENT_3D('',#16017,#16018,#16019);
#16017 = CARTESIAN_POINT('',(-17.5,21.075,60.3));
#16018 = DIRECTION('',(0.,1.110223024625E-16,1.));
#16019 = DIRECTION('',(0.,-1.,1.110223024625E-16));
#16020 = DEFINITIONAL_REPRESENTATION('',(#16021),#16025);
#16021 = LINE('',#16022,#16023);
#16022 = CARTESIAN_POINT('',(0.,0.));
#16023 = VECTOR('',#16024,1.);
#16024 = DIRECTION('',(1.,0.));
#16025 = ( GEOMETRIC_REPRESENTATION_CONTEXT(2)
PARAMETRIC_REPRESENTATION_CONTEXT() REPRESENTATION_CONTEXT('2D SPACE',''
  ) );
#16026 = ADVANCED_FACE('',(#16027),#16015,.T.);
#16027 = FACE_BOUND('',#16028,.T.);
#16028 = EDGE_LOOP('',(#16029,#16052,#16053,#16076));
#16029 = ORIENTED_EDGE('',*,*,#16030,.F.);
#16030 = EDGE_CURVE('',#15974,#16031,#16033,.T.);
#16031 = VERTEX_POINT('',#16032);
#16032 = CARTESIAN_POINT('',(-11.5,21.075,60.3));
#16033 = SURFACE_CURVE('',#16034,(#16038,#16045),.PCURVE_S1.);
#16034 = LINE('',#16035,#16036);
#16035 = CARTESIAN_POINT('',(-17.5,21.075,60.3));
#16036 = VECTOR('',#16037,1.);
#16037 = DIRECTION('',(1.,0.,0.));
#16038 = PCURVE('',#16015,#16039);
#16039 = DEFINITIONAL_REPRESENTATION('',(#16040),#16044);
#16040 = LINE('',#16041,#16042);
#16041 = CARTESIAN_POINT('',(0.,0.));
#16042 = VECTOR('',#16043,1.);
#16043 = DIRECTION('',(0.,1.));
#16044 = ( GEOMETRIC_REPRESENTATION_CONTEXT(2)
PARAMETRIC_REPRESENTATION_CONTEXT() REPRESENTATION_CONTEXT('2D SPACE',''
  ) );
#16045 = PCURVE('',#15989,#16046);
#16046 = DEFINITIONAL_REPRESENTATION('',(#16047),#16051);
#16047 = LINE('',#16048,#16049);
#16048 = CARTESIAN_POINT('',(0.,58.15));
#16049 = VECTOR('',#16050,1.);
#16050 = DIRECTION('',(1.,0.));
#16051 = ( GEOMETRIC_REPRESENTATION_CONTEXT(2)
PARAMETRIC_REPRESENTATION_CONTEXT() REPRESENTATION_CONTEXT('2D SPACE',''
  ) );
#16052 = ORIENTED_EDGE('',*,*,#16001,.T.);
#16053 = ORIENTED_EDGE('',*,*,#16054,.T.);
#16054 = EDGE_CURVE('',#15913,#16055,#16057,.T.);
#16055 = VERTEX_POINT('',#16056);
#16056 = CARTESIAN_POINT('',(-11.5,18.925,60.3));
#16057 = SURFACE_CURVE('',#16058,(#16062,#16069),.PCURVE_S1.);
#16058 = LINE('',#16059,#16060);
#16059 = CARTESIAN_POINT('',(-17.5,18.925,60.3));
#16060 = VECTOR('',#16061,1.);
#16061 = DIRECTION('',(1.,0.,0.));
#16062 = PCURVE('',#16015,#16063);
#16063 = DEFINITIONAL_REPRESENTATION('',(#16064),#16068);
#16064 = LINE('',#16065,#16066);
#16065 = CARTESIAN_POINT('',(2.15,0.));
#16066 = VECTOR('',#16067,1.);
#16067 = DIRECTION('',(0.,1.));
#16068 = ( GEOMETRIC_REPRESENTATION_CONTEXT(2)
PARAMETRIC_REPRESENTATION_CONTEXT() REPRESENTATION_CONTEXT('2D SPACE',''
  ) );
#16069 = PCURVE('',#15933,#16070);
#16070 = DEFINITIONAL_REPRESENTATION('',(#16071),#16075);
#16071 = LINE('',#16072,#16073);
#16072 = CARTESIAN_POINT('',(0.,58.15));
#16073 = VECTOR('',#16074,1.);
#16074 = DIRECTION('',(1.,0.));
#16075 = ( GEOMETRIC_REPRESENTATION_CONTEXT(2)
PARAMETRIC_REPRESENTATION_CONTEXT() REPRESENTATION_CONTEXT('2D SPACE',''
  ) );
#16076 = ORIENTED_EDGE('',*,*,#16077,.F.);
#16077 = EDGE_CURVE('',#16031,#16055,#16078,.T.);
#16078 = SURFACE_CURVE('',#16079,(#16083,#16090),.PCURVE_S1.);
#16079 = LINE('',#16080,#16081);
#16080 = CARTESIAN_POINT('',(-11.5,21.075,60.3));
#16081 = VECTOR('',#16082,1.);
#16082 = DIRECTION('',(0.,-1.,1.110223024625E-16));
#16083 = PCURVE('',#16015,#16084);
#16084 = DEFINITIONAL_REPRESENTATION('',(#16085),#16089);
#16085 = LINE('',#16086,#16087);
#16086 = CARTESIAN_POINT('',(0.,6.));
#16087 = VECTOR('',#16088,1.);
#16088 = DIRECTION('',(1.,0.));
#16089 = ( GEOMETRIC_REPRESENTATION_CONTEXT(2)
PARAMETRIC_REPRESENTATION_CONTEXT() REPRESENTATION_CONTEXT('2D SPACE',''
  ) );
#16090 = PCURVE('',#16091,#16096);
#16091 = PLANE('',#16092);
#16092 = AXIS2_PLACEMENT_3D('',#16093,#16094,#16095);
#16093 = CARTESIAN_POINT('',(-11.5,21.075,58.15));
#16094 = DIRECTION('',(1.,0.,0.));
#16095 = DIRECTION('',(0.,-1.,1.110223024625E-16));
#16096 = DEFINITIONAL_REPRESENTATION('',(#16097),#16101);
#16097 = LINE('',#16098,#16099);
#16098 = CARTESIAN_POINT('',(2.386979502944E-16,-2.15));
#16099 = VECTOR('',#16100,1.);
#16100 = DIRECTION('',(1.,0.));
#16101 = ( GEOMETRIC_REPRESENTATION_CONTEXT(2)
PARAMETRIC_REPRESENTATION_CONTEXT() REPRESENTATION_CONTEXT('2D SPACE',''
  ) );
#16102 = ADVANCED_FACE('',(#16103),#16091,.T.);
#16103 = FACE_BOUND('',#16104,.T.);
#16104 = EDGE_LOOP('',(#16105,#16135,#16156,#16157));
#16105 = ORIENTED_EDGE('',*,*,#16106,.F.);
#16106 = EDGE_CURVE('',#16107,#16109,#16111,.T.);
#16107 = VERTEX_POINT('',#16108);
#16108 = CARTESIAN_POINT('',(-11.5,21.075,58.15));
#16109 = VERTEX_POINT('',#16110);
#16110 = CARTESIAN_POINT('',(-11.5,18.925,58.15));
#16111 = SURFACE_CURVE('',#16112,(#16116,#16123),.PCURVE_S1.);
#16112 = LINE('',#16113,#16114);
#16113 = CARTESIAN_POINT('',(-11.5,21.075,58.15));
#16114 = VECTOR('',#16115,1.);
#16115 = DIRECTION('',(0.,-1.,1.110223024625E-16));
#16116 = PCURVE('',#16091,#16117);
#16117 = DEFINITIONAL_REPRESENTATION('',(#16118),#16122);
#16118 = LINE('',#16119,#16120);
#16119 = CARTESIAN_POINT('',(0.,0.));
#16120 = VECTOR('',#16121,1.);
#16121 = DIRECTION('',(1.,0.));
#16122 = ( GEOMETRIC_REPRESENTATION_CONTEXT(2)
PARAMETRIC_REPRESENTATION_CONTEXT() REPRESENTATION_CONTEXT('2D SPACE',''
  ) );
#16123 = PCURVE('',#16124,#16129);
#16124 = PLANE('',#16125);
#16125 = AXIS2_PLACEMENT_3D('',#16126,#16127,#16128);
#16126 = CARTESIAN_POINT('',(-17.5,21.075,58.15));
#16127 = DIRECTION('',(0.,1.110223024625E-16,1.));
#16128 = DIRECTION('',(0.,-1.,1.110223024625E-16));
#16129 = DEFINITIONAL_REPRESENTATION('',(#16130),#16134);
#16130 = LINE('',#16131,#16132);
#16131 = CARTESIAN_POINT('',(0.,6.));
#16132 = VECTOR('',#16133,1.);
#16133 = DIRECTION('',(1.,0.));
#16134 = ( GEOMETRIC_REPRESENTATION_CONTEXT(2)
PARAMETRIC_REPRESENTATION_CONTEXT() REPRESENTATION_CONTEXT('2D SPACE',''
  ) );
#16135 = ORIENTED_EDGE('',*,*,#16136,.T.);
#16136 = EDGE_CURVE('',#16107,#16031,#16137,.T.);
#16137 = SURFACE_CURVE('',#16138,(#16142,#16149),.PCURVE_S1.);
#16138 = LINE('',#16139,#16140);
#16139 = CARTESIAN_POINT('',(-11.5,21.075,58.15));
#16140 = VECTOR('',#16141,1.);
#16141 = DIRECTION('',(0.,1.110223024625E-16,1.));
#16142 = PCURVE('',#16091,#16143);
#16143 = DEFINITIONAL_REPRESENTATION('',(#16144),#16148);
#16144 = LINE('',#16145,#16146);
#16145 = CARTESIAN_POINT('',(0.,0.));
#16146 = VECTOR('',#16147,1.);
#16147 = DIRECTION('',(0.,-1.));
#16148 = ( GEOMETRIC_REPRESENTATION_CONTEXT(2)
PARAMETRIC_REPRESENTATION_CONTEXT() REPRESENTATION_CONTEXT('2D SPACE',''
  ) );
#16149 = PCURVE('',#15989,#16150);
#16150 = DEFINITIONAL_REPRESENTATION('',(#16151),#16155);
#16151 = LINE('',#16152,#16153);
#16152 = CARTESIAN_POINT('',(6.,56.));
#16153 = VECTOR('',#16154,1.);
#16154 = DIRECTION('',(0.,1.));
#16155 = ( GEOMETRIC_REPRESENTATION_CONTEXT(2)
PARAMETRIC_REPRESENTATION_CONTEXT() REPRESENTATION_CONTEXT('2D SPACE',''
  ) );
#16156 = ORIENTED_EDGE('',*,*,#16077,.T.);
#16157 = ORIENTED_EDGE('',*,*,#16158,.F.);
#16158 = EDGE_CURVE('',#16109,#16055,#16159,.T.);
#16159 = SURFACE_CURVE('',#16160,(#16164,#16171),.PCURVE_S1.);
#16160 = LINE('',#16161,#16162);
#16161 = CARTESIAN_POINT('',(-11.5,18.925,58.15));
#16162 = VECTOR('',#16163,1.);
#16163 = DIRECTION('',(0.,1.110223024625E-16,1.));
#16164 = PCURVE('',#16091,#16165);
#16165 = DEFINITIONAL_REPRESENTATION('',(#16166),#16170);
#16166 = LINE('',#16167,#16168);
#16167 = CARTESIAN_POINT('',(2.15,2.386979502944E-16));
#16168 = VECTOR('',#16169,1.);
#16169 = DIRECTION('',(0.,-1.));
#16170 = ( GEOMETRIC_REPRESENTATION_CONTEXT(2)
PARAMETRIC_REPRESENTATION_CONTEXT() REPRESENTATION_CONTEXT('2D SPACE',''
  ) );
#16171 = PCURVE('',#15933,#16172);
#16172 = DEFINITIONAL_REPRESENTATION('',(#16173),#16177);
#16173 = LINE('',#16174,#16175);
#16174 = CARTESIAN_POINT('',(6.,56.));
#16175 = VECTOR('',#16176,1.);
#16176 = DIRECTION('',(0.,1.));
#16177 = ( GEOMETRIC_REPRESENTATION_CONTEXT(2)
PARAMETRIC_REPRESENTATION_CONTEXT() REPRESENTATION_CONTEXT('2D SPACE',''
  ) );
#16178 = ADVANCED_FACE('',(#16179),#16124,.T.);
#16179 = FACE_BOUND('',#16180,.T.);
#16180 = EDGE_LOOP('',(#16181,#16204,#16205,#16228));
#16181 = ORIENTED_EDGE('',*,*,#16182,.F.);
#16182 = EDGE_CURVE('',#16107,#16183,#16185,.T.);
#16183 = VERTEX_POINT('',#16184);
#16184 = CARTESIAN_POINT('',(11.5,21.075,58.15));
#16185 = SURFACE_CURVE('',#16186,(#16190,#16197),.PCURVE_S1.);
#16186 = LINE('',#16187,#16188);
#16187 = CARTESIAN_POINT('',(-17.5,21.075,58.15));
#16188 = VECTOR('',#16189,1.);
#16189 = DIRECTION('',(1.,0.,0.));
#16190 = PCURVE('',#16124,#16191);
#16191 = DEFINITIONAL_REPRESENTATION('',(#16192),#16196);
#16192 = LINE('',#16193,#16194);
#16193 = CARTESIAN_POINT('',(0.,0.));
#16194 = VECTOR('',#16195,1.);
#16195 = DIRECTION('',(0.,1.));
#16196 = ( GEOMETRIC_REPRESENTATION_CONTEXT(2)
PARAMETRIC_REPRESENTATION_CONTEXT() REPRESENTATION_CONTEXT('2D SPACE',''
  ) );
#16197 = PCURVE('',#15989,#16198);
#16198 = DEFINITIONAL_REPRESENTATION('',(#16199),#16203);
#16199 = LINE('',#16200,#16201);
#16200 = CARTESIAN_POINT('',(0.,56.));
#16201 = VECTOR('',#16202,1.);
#16202 = DIRECTION('',(1.,0.));
#16203 = ( GEOMETRIC_REPRESENTATION_CONTEXT(2)
PARAMETRIC_REPRESENTATION_CONTEXT() REPRESENTATION_CONTEXT('2D SPACE',''
  ) );
#16204 = ORIENTED_EDGE('',*,*,#16106,.T.);
#16205 = ORIENTED_EDGE('',*,*,#16206,.T.);
#16206 = EDGE_CURVE('',#16109,#16207,#16209,.T.);
#16207 = VERTEX_POINT('',#16208);
#16208 = CARTESIAN_POINT('',(11.5,18.925,58.15));
#16209 = SURFACE_CURVE('',#16210,(#16214,#16221),.PCURVE_S1.);
#16210 = LINE('',#16211,#16212);
#16211 = CARTESIAN_POINT('',(-17.5,18.925,58.15));
#16212 = VECTOR('',#16213,1.);
#16213 = DIRECTION('',(1.,0.,0.));
#16214 = PCURVE('',#16124,#16215);
#16215 = DEFINITIONAL_REPRESENTATION('',(#16216),#16220);
#16216 = LINE('',#16217,#16218);
#16217 = CARTESIAN_POINT('',(2.15,0.));
#16218 = VECTOR('',#16219,1.);
#16219 = DIRECTION('',(0.,1.));
#16220 = ( GEOMETRIC_REPRESENTATION_CONTEXT(2)
PARAMETRIC_REPRESENTATION_CONTEXT() REPRESENTATION_CONTEXT('2D SPACE',''
  ) );
#16221 = PCURVE('',#15933,#16222);
#16222 = DEFINITIONAL_REPRESENTATION('',(#16223),#16227);
#16223 = LINE('',#16224,#16225);
#16224 = CARTESIAN_POINT('',(0.,56.));
#16225 = VECTOR('',#16226,1.);
#16226 = DIRECTION('',(1.,0.));
#16227 = ( GEOMETRIC_REPRESENTATION_CONTEXT(2)
PARAMETRIC_REPRESENTATION_CONTEXT() REPRESENTATION_CONTEXT('2D SPACE',''
  ) );
#16228 = ORIENTED_EDGE('',*,*,#16229,.F.);
#16229 = EDGE_CURVE('',#16183,#16207,#16230,.T.);
#16230 = SURFACE_CURVE('',#16231,(#16235,#16242),.PCURVE_S1.);
#16231 = LINE('',#16232,#16233);
#16232 = CARTESIAN_POINT('',(11.5,21.075,58.15));
#16233 = VECTOR('',#16234,1.);
#16234 = DIRECTION('',(0.,-1.,1.110223024625E-16));
#16235 = PCURVE('',#16124,#16236);
#16236 = DEFINITIONAL_REPRESENTATION('',(#16237),#16241);
#16237 = LINE('',#16238,#16239);
#16238 = CARTESIAN_POINT('',(0.,29.));
#16239 = VECTOR('',#16240,1.);
#16240 = DIRECTION('',(1.,0.));
#16241 = ( GEOMETRIC_REPRESENTATION_CONTEXT(2)
PARAMETRIC_REPRESENTATION_CONTEXT() REPRESENTATION_CONTEXT('2D SPACE',''
  ) );
#16242 = PCURVE('',#16243,#16248);
#16243 = PLANE('',#16244);
#16244 = AXIS2_PLACEMENT_3D('',#16245,#16246,#16247);
#16245 = CARTESIAN_POINT('',(11.5,21.075,58.15));
#16246 = DIRECTION('',(1.,0.,0.));
#16247 = DIRECTION('',(0.,-1.,1.110223024625E-16));
#16248 = DEFINITIONAL_REPRESENTATION('',(#16249),#16253);
#16249 = LINE('',#16250,#16251);
#16250 = CARTESIAN_POINT('',(0.,0.));
#16251 = VECTOR('',#16252,1.);
#16252 = DIRECTION('',(1.,0.));
#16253 = ( GEOMETRIC_REPRESENTATION_CONTEXT(2)
PARAMETRIC_REPRESENTATION_CONTEXT() REPRESENTATION_CONTEXT('2D SPACE',''
  ) );
#16254 = ADVANCED_FACE('',(#16255),#16243,.F.);
#16255 = FACE_BOUND('',#16256,.F.);
#16256 = EDGE_LOOP('',(#16257,#16258,#16281,#16309));
#16257 = ORIENTED_EDGE('',*,*,#16229,.F.);
#16258 = ORIENTED_EDGE('',*,*,#16259,.T.);
#16259 = EDGE_CURVE('',#16183,#16260,#16262,.T.);
#16260 = VERTEX_POINT('',#16261);
#16261 = CARTESIAN_POINT('',(11.5,21.075,60.3));
#16262 = SURFACE_CURVE('',#16263,(#16267,#16274),.PCURVE_S1.);
#16263 = LINE('',#16264,#16265);
#16264 = CARTESIAN_POINT('',(11.5,21.075,58.15));
#16265 = VECTOR('',#16266,1.);
#16266 = DIRECTION('',(0.,1.110223024625E-16,1.));
#16267 = PCURVE('',#16243,#16268);
#16268 = DEFINITIONAL_REPRESENTATION('',(#16269),#16273);
#16269 = LINE('',#16270,#16271);
#16270 = CARTESIAN_POINT('',(0.,0.));
#16271 = VECTOR('',#16272,1.);
#16272 = DIRECTION('',(0.,-1.));
#16273 = ( GEOMETRIC_REPRESENTATION_CONTEXT(2)
PARAMETRIC_REPRESENTATION_CONTEXT() REPRESENTATION_CONTEXT('2D SPACE',''
  ) );
#16274 = PCURVE('',#15989,#16275);
#16275 = DEFINITIONAL_REPRESENTATION('',(#16276),#16280);
#16276 = LINE('',#16277,#16278);
#16277 = CARTESIAN_POINT('',(29.,56.));
#16278 = VECTOR('',#16279,1.);
#16279 = DIRECTION('',(0.,1.));
#16280 = ( GEOMETRIC_REPRESENTATION_CONTEXT(2)
PARAMETRIC_REPRESENTATION_CONTEXT() REPRESENTATION_CONTEXT('2D SPACE',''
  ) );
#16281 = ORIENTED_EDGE('',*,*,#16282,.T.);
#16282 = EDGE_CURVE('',#16260,#16283,#16285,.T.);
#16283 = VERTEX_POINT('',#16284);
#16284 = CARTESIAN_POINT('',(11.5,18.925,60.3));
#16285 = SURFACE_CURVE('',#16286,(#16290,#16297),.PCURVE_S1.);
#16286 = LINE('',#16287,#16288);
#16287 = CARTESIAN_POINT('',(11.5,21.075,60.3));
#16288 = VECTOR('',#16289,1.);
#16289 = DIRECTION('',(0.,-1.,1.110223024625E-16));
#16290 = PCURVE('',#16243,#16291);
#16291 = DEFINITIONAL_REPRESENTATION('',(#16292),#16296);
#16292 = LINE('',#16293,#16294);
#16293 = CARTESIAN_POINT('',(2.386979502944E-16,-2.15));
#16294 = VECTOR('',#16295,1.);
#16295 = DIRECTION('',(1.,0.));
#16296 = ( GEOMETRIC_REPRESENTATION_CONTEXT(2)
PARAMETRIC_REPRESENTATION_CONTEXT() REPRESENTATION_CONTEXT('2D SPACE',''
  ) );
#16297 = PCURVE('',#16298,#16303);
#16298 = PLANE('',#16299);
#16299 = AXIS2_PLACEMENT_3D('',#16300,#16301,#16302);
#16300 = CARTESIAN_POINT('',(11.5,21.075,60.3));
#16301 = DIRECTION('',(0.,1.110223024625E-16,1.));
#16302 = DIRECTION('',(0.,-1.,1.110223024625E-16));
#16303 = DEFINITIONAL_REPRESENTATION('',(#16304),#16308);
#16304 = LINE('',#16305,#16306);
#16305 = CARTESIAN_POINT('',(0.,0.));
#16306 = VECTOR('',#16307,1.);
#16307 = DIRECTION('',(1.,0.));
#16308 = ( GEOMETRIC_REPRESENTATION_CONTEXT(2)
PARAMETRIC_REPRESENTATION_CONTEXT() REPRESENTATION_CONTEXT('2D SPACE',''
  ) );
#16309 = ORIENTED_EDGE('',*,*,#16310,.F.);
#16310 = EDGE_CURVE('',#16207,#16283,#16311,.T.);
#16311 = SURFACE_CURVE('',#16312,(#16316,#16323),.PCURVE_S1.);
#16312 = LINE('',#16313,#16314);
#16313 = CARTESIAN_POINT('',(11.5,18.925,58.15));
#16314 = VECTOR('',#16315,1.);
#16315 = DIRECTION('',(0.,1.110223024625E-16,1.));
#16316 = PCURVE('',#16243,#16317);
#16317 = DEFINITIONAL_REPRESENTATION('',(#16318),#16322);
#16318 = LINE('',#16319,#16320);
#16319 = CARTESIAN_POINT('',(2.15,2.386979502944E-16));
#16320 = VECTOR('',#16321,1.);
#16321 = DIRECTION('',(0.,-1.));
#16322 = ( GEOMETRIC_REPRESENTATION_CONTEXT(2)
PARAMETRIC_REPRESENTATION_CONTEXT() REPRESENTATION_CONTEXT('2D SPACE',''
  ) );
#16323 = PCURVE('',#15933,#16324);
#16324 = DEFINITIONAL_REPRESENTATION('',(#16325),#16329);
#16325 = LINE('',#16326,#16327);
#16326 = CARTESIAN_POINT('',(29.,56.));
#16327 = VECTOR('',#16328,1.);
#16328 = DIRECTION('',(0.,1.));
#16329 = ( GEOMETRIC_REPRESENTATION_CONTEXT(2)
PARAMETRIC_REPRESENTATION_CONTEXT() REPRESENTATION_CONTEXT('2D SPACE',''
  ) );
#16330 = ADVANCED_FACE('',(#16331),#16298,.T.);
#16331 = FACE_BOUND('',#16332,.T.);
#16332 = EDGE_LOOP('',(#16333,#16356,#16357,#16380));
#16333 = ORIENTED_EDGE('',*,*,#16334,.F.);
#16334 = EDGE_CURVE('',#16260,#16335,#16337,.T.);
#16335 = VERTEX_POINT('',#16336);
#16336 = CARTESIAN_POINT('',(17.5,21.075,60.3));
#16337 = SURFACE_CURVE('',#16338,(#16342,#16349),.PCURVE_S1.);
#16338 = LINE('',#16339,#16340);
#16339 = CARTESIAN_POINT('',(11.5,21.075,60.3));
#16340 = VECTOR('',#16341,1.);
#16341 = DIRECTION('',(1.,0.,0.));
#16342 = PCURVE('',#16298,#16343);
#16343 = DEFINITIONAL_REPRESENTATION('',(#16344),#16348);
#16344 = LINE('',#16345,#16346);
#16345 = CARTESIAN_POINT('',(0.,0.));
#16346 = VECTOR('',#16347,1.);
#16347 = DIRECTION('',(0.,1.));
#16348 = ( GEOMETRIC_REPRESENTATION_CONTEXT(2)
PARAMETRIC_REPRESENTATION_CONTEXT() REPRESENTATION_CONTEXT('2D SPACE',''
  ) );
#16349 = PCURVE('',#15989,#16350);
#16350 = DEFINITIONAL_REPRESENTATION('',(#16351),#16355);
#16351 = LINE('',#16352,#16353);
#16352 = CARTESIAN_POINT('',(29.,58.15));
#16353 = VECTOR('',#16354,1.);
#16354 = DIRECTION('',(1.,0.));
#16355 = ( GEOMETRIC_REPRESENTATION_CONTEXT(2)
PARAMETRIC_REPRESENTATION_CONTEXT() REPRESENTATION_CONTEXT('2D SPACE',''
  ) );
#16356 = ORIENTED_EDGE('',*,*,#16282,.T.);
#16357 = ORIENTED_EDGE('',*,*,#16358,.T.);
#16358 = EDGE_CURVE('',#16283,#16359,#16361,.T.);
#16359 = VERTEX_POINT('',#16360);
#16360 = CARTESIAN_POINT('',(17.5,18.925,60.3));
#16361 = SURFACE_CURVE('',#16362,(#16366,#16373),.PCURVE_S1.);
#16362 = LINE('',#16363,#16364);
#16363 = CARTESIAN_POINT('',(11.5,18.925,60.3));
#16364 = VECTOR('',#16365,1.);
#16365 = DIRECTION('',(1.,0.,0.));
#16366 = PCURVE('',#16298,#16367);
#16367 = DEFINITIONAL_REPRESENTATION('',(#16368),#16372);
#16368 = LINE('',#16369,#16370);
#16369 = CARTESIAN_POINT('',(2.15,0.));
#16370 = VECTOR('',#16371,1.);
#16371 = DIRECTION('',(0.,1.));
#16372 = ( GEOMETRIC_REPRESENTATION_CONTEXT(2)
PARAMETRIC_REPRESENTATION_CONTEXT() REPRESENTATION_CONTEXT('2D SPACE',''
  ) );
#16373 = PCURVE('',#15933,#16374);
#16374 = DEFINITIONAL_REPRESENTATION('',(#16375),#16379);
#16375 = LINE('',#16376,#16377);
#16376 = CARTESIAN_POINT('',(29.,58.15));
#16377 = VECTOR('',#16378,1.);
#16378 = DIRECTION('',(1.,0.));
#16379 = ( GEOMETRIC_REPRESENTATION_CONTEXT(2)
PARAMETRIC_REPRESENTATION_CONTEXT() REPRESENTATION_CONTEXT('2D SPACE',''
  ) );
#16380 = ORIENTED_EDGE('',*,*,#16381,.F.);
#16381 = EDGE_CURVE('',#16335,#16359,#16382,.T.);
#16382 = SURFACE_CURVE('',#16383,(#16387,#16394),.PCURVE_S1.);
#16383 = LINE('',#16384,#16385);
#16384 = CARTESIAN_POINT('',(17.5,21.075,60.3));
#16385 = VECTOR('',#16386,1.);
#16386 = DIRECTION('',(0.,-1.,1.110223024625E-16));
#16387 = PCURVE('',#16298,#16388);
#16388 = DEFINITIONAL_REPRESENTATION('',(#16389),#16393);
#16389 = LINE('',#16390,#16391);
#16390 = CARTESIAN_POINT('',(0.,6.));
#16391 = VECTOR('',#16392,1.);
#16392 = DIRECTION('',(1.,0.));
#16393 = ( GEOMETRIC_REPRESENTATION_CONTEXT(2)
PARAMETRIC_REPRESENTATION_CONTEXT() REPRESENTATION_CONTEXT('2D SPACE',''
  ) );
#16394 = PCURVE('',#16395,#16400);
#16395 = PLANE('',#16396);
#16396 = AXIS2_PLACEMENT_3D('',#16397,#16398,#16399);
#16397 = CARTESIAN_POINT('',(17.5,21.075,2.15));
#16398 = DIRECTION('',(1.,0.,0.));
#16399 = DIRECTION('',(0.,-1.,1.110223024625E-16));
#16400 = DEFINITIONAL_REPRESENTATION('',(#16401),#16405);
#16401 = LINE('',#16402,#16403);
#16402 = CARTESIAN_POINT('',(-6.494804694057E-16,-58.15));
#16403 = VECTOR('',#16404,1.);
#16404 = DIRECTION('',(1.,0.));
#16405 = ( GEOMETRIC_REPRESENTATION_CONTEXT(2)
PARAMETRIC_REPRESENTATION_CONTEXT() REPRESENTATION_CONTEXT('2D SPACE',''
  ) );
#16406 = ADVANCED_FACE('',(#16407),#16395,.T.);
#16407 = FACE_BOUND('',#16408,.T.);
#16408 = EDGE_LOOP('',(#16409,#16432,#16460,#16481));
#16409 = ORIENTED_EDGE('',*,*,#16410,.F.);
#16410 = EDGE_CURVE('',#16411,#16359,#16413,.T.);
#16411 = VERTEX_POINT('',#16412);
#16412 = CARTESIAN_POINT('',(17.5,18.925,0.));
#16413 = SURFACE_CURVE('',#16414,(#16418,#16425),.PCURVE_S1.);
#16414 = LINE('',#16415,#16416);
#16415 = CARTESIAN_POINT('',(17.5,18.925,0.));
#16416 = VECTOR('',#16417,1.);
#16417 = DIRECTION('',(0.,1.110223024625E-16,1.));
#16418 = PCURVE('',#16395,#16419);
#16419 = DEFINITIONAL_REPRESENTATION('',(#16420),#16424);
#16420 = LINE('',#16421,#16422);
#16421 = CARTESIAN_POINT('',(2.15,2.15));
#16422 = VECTOR('',#16423,1.);
#16423 = DIRECTION('',(0.,-1.));
#16424 = ( GEOMETRIC_REPRESENTATION_CONTEXT(2)
PARAMETRIC_REPRESENTATION_CONTEXT() REPRESENTATION_CONTEXT('2D SPACE',''
  ) );
#16425 = PCURVE('',#15933,#16426);
#16426 = DEFINITIONAL_REPRESENTATION('',(#16427),#16431);
#16427 = LINE('',#16428,#16429);
#16428 = CARTESIAN_POINT('',(35.,-2.15));
#16429 = VECTOR('',#16430,1.);
#16430 = DIRECTION('',(0.,1.));
#16431 = ( GEOMETRIC_REPRESENTATION_CONTEXT(2)
PARAMETRIC_REPRESENTATION_CONTEXT() REPRESENTATION_CONTEXT('2D SPACE',''
  ) );
#16432 = ORIENTED_EDGE('',*,*,#16433,.F.);
#16433 = EDGE_CURVE('',#16434,#16411,#16436,.T.);
#16434 = VERTEX_POINT('',#16435);
#16435 = CARTESIAN_POINT('',(17.5,21.075,0.));
#16436 = SURFACE_CURVE('',#16437,(#16441,#16448),.PCURVE_S1.);
#16437 = LINE('',#16438,#16439);
#16438 = CARTESIAN_POINT('',(17.5,21.075,0.));
#16439 = VECTOR('',#16440,1.);
#16440 = DIRECTION('',(0.,-1.,1.110223024625E-16));
#16441 = PCURVE('',#16395,#16442);
#16442 = DEFINITIONAL_REPRESENTATION('',(#16443),#16447);
#16443 = LINE('',#16444,#16445);
#16444 = CARTESIAN_POINT('',(-2.386979502944E-16,2.15));
#16445 = VECTOR('',#16446,1.);
#16446 = DIRECTION('',(1.,0.));
#16447 = ( GEOMETRIC_REPRESENTATION_CONTEXT(2)
PARAMETRIC_REPRESENTATION_CONTEXT() REPRESENTATION_CONTEXT('2D SPACE',''
  ) );
#16448 = PCURVE('',#16449,#16454);
#16449 = PLANE('',#16450);
#16450 = AXIS2_PLACEMENT_3D('',#16451,#16452,#16453);
#16451 = CARTESIAN_POINT('',(11.5,21.075,0.));
#16452 = DIRECTION('',(0.,1.110223024625E-16,1.));
#16453 = DIRECTION('',(0.,-1.,1.110223024625E-16));
#16454 = DEFINITIONAL_REPRESENTATION('',(#16455),#16459);
#16455 = LINE('',#16456,#16457);
#16456 = CARTESIAN_POINT('',(0.,6.));
#16457 = VECTOR('',#16458,1.);
#16458 = DIRECTION('',(1.,0.));
#16459 = ( GEOMETRIC_REPRESENTATION_CONTEXT(2)
PARAMETRIC_REPRESENTATION_CONTEXT() REPRESENTATION_CONTEXT('2D SPACE',''
  ) );
#16460 = ORIENTED_EDGE('',*,*,#16461,.F.);
#16461 = EDGE_CURVE('',#16335,#16434,#16462,.T.);
#16462 = SURFACE_CURVE('',#16463,(#16467,#16474),.PCURVE_S1.);
#16463 = LINE('',#16464,#16465);
#16464 = CARTESIAN_POINT('',(17.5,21.075,60.3));
#16465 = VECTOR('',#16466,1.);
#16466 = DIRECTION('',(0.,-1.110223024625E-16,-1.));
#16467 = PCURVE('',#16395,#16468);
#16468 = DEFINITIONAL_REPRESENTATION('',(#16469),#16473);
#16469 = LINE('',#16470,#16471);
#16470 = CARTESIAN_POINT('',(-6.494804694057E-16,-58.15));
#16471 = VECTOR('',#16472,1.);
#16472 = DIRECTION('',(0.,1.));
#16473 = ( GEOMETRIC_REPRESENTATION_CONTEXT(2)
PARAMETRIC_REPRESENTATION_CONTEXT() REPRESENTATION_CONTEXT('2D SPACE',''
  ) );
#16474 = PCURVE('',#15989,#16475);
#16475 = DEFINITIONAL_REPRESENTATION('',(#16476),#16480);
#16476 = LINE('',#16477,#16478);
#16477 = CARTESIAN_POINT('',(35.,58.15));
#16478 = VECTOR('',#16479,1.);
#16479 = DIRECTION('',(0.,-1.));
#16480 = ( GEOMETRIC_REPRESENTATION_CONTEXT(2)
PARAMETRIC_REPRESENTATION_CONTEXT() REPRESENTATION_CONTEXT('2D SPACE',''
  ) );
#16481 = ORIENTED_EDGE('',*,*,#16381,.T.);
#16482 = ADVANCED_FACE('',(#16483),#16449,.F.);
#16483 = FACE_BOUND('',#16484,.F.);
#16484 = EDGE_LOOP('',(#16485,#16508,#16536,#16557));
#16485 = ORIENTED_EDGE('',*,*,#16486,.F.);
#16486 = EDGE_CURVE('',#16487,#16434,#16489,.T.);
#16487 = VERTEX_POINT('',#16488);
#16488 = CARTESIAN_POINT('',(11.5,21.075,0.));
#16489 = SURFACE_CURVE('',#16490,(#16494,#16501),.PCURVE_S1.);
#16490 = LINE('',#16491,#16492);
#16491 = CARTESIAN_POINT('',(11.5,21.075,0.));
#16492 = VECTOR('',#16493,1.);
#16493 = DIRECTION('',(1.,0.,0.));
#16494 = PCURVE('',#16449,#16495);
#16495 = DEFINITIONAL_REPRESENTATION('',(#16496),#16500);
#16496 = LINE('',#16497,#16498);
#16497 = CARTESIAN_POINT('',(0.,0.));
#16498 = VECTOR('',#16499,1.);
#16499 = DIRECTION('',(0.,1.));
#16500 = ( GEOMETRIC_REPRESENTATION_CONTEXT(2)
PARAMETRIC_REPRESENTATION_CONTEXT() REPRESENTATION_CONTEXT('2D SPACE',''
  ) );
#16501 = PCURVE('',#15989,#16502);
#16502 = DEFINITIONAL_REPRESENTATION('',(#16503),#16507);
#16503 = LINE('',#16504,#16505);
#16504 = CARTESIAN_POINT('',(29.,-2.15));
#16505 = VECTOR('',#16506,1.);
#16506 = DIRECTION('',(1.,0.));
#16507 = ( GEOMETRIC_REPRESENTATION_CONTEXT(2)
PARAMETRIC_REPRESENTATION_CONTEXT() REPRESENTATION_CONTEXT('2D SPACE',''
  ) );
#16508 = ORIENTED_EDGE('',*,*,#16509,.T.);
#16509 = EDGE_CURVE('',#16487,#16510,#16512,.T.);
#16510 = VERTEX_POINT('',#16511);
#16511 = CARTESIAN_POINT('',(11.5,18.925,0.));
#16512 = SURFACE_CURVE('',#16513,(#16517,#16524),.PCURVE_S1.);
#16513 = LINE('',#16514,#16515);
#16514 = CARTESIAN_POINT('',(11.5,21.075,0.));
#16515 = VECTOR('',#16516,1.);
#16516 = DIRECTION('',(0.,-1.,1.110223024625E-16));
#16517 = PCURVE('',#16449,#16518);
#16518 = DEFINITIONAL_REPRESENTATION('',(#16519),#16523);
#16519 = LINE('',#16520,#16521);
#16520 = CARTESIAN_POINT('',(0.,0.));
#16521 = VECTOR('',#16522,1.);
#16522 = DIRECTION('',(1.,0.));
#16523 = ( GEOMETRIC_REPRESENTATION_CONTEXT(2)
PARAMETRIC_REPRESENTATION_CONTEXT() REPRESENTATION_CONTEXT('2D SPACE',''
  ) );
#16524 = PCURVE('',#16525,#16530);
#16525 = PLANE('',#16526);
#16526 = AXIS2_PLACEMENT_3D('',#16527,#16528,#16529);
#16527 = CARTESIAN_POINT('',(11.5,21.075,0.));
#16528 = DIRECTION('',(1.,0.,0.));
#16529 = DIRECTION('',(0.,-1.,1.110223024625E-16));
#16530 = DEFINITIONAL_REPRESENTATION('',(#16531),#16535);
#16531 = LINE('',#16532,#16533);
#16532 = CARTESIAN_POINT('',(0.,0.));
#16533 = VECTOR('',#16534,1.);
#16534 = DIRECTION('',(1.,0.));
#16535 = ( GEOMETRIC_REPRESENTATION_CONTEXT(2)
PARAMETRIC_REPRESENTATION_CONTEXT() REPRESENTATION_CONTEXT('2D SPACE',''
  ) );
#16536 = ORIENTED_EDGE('',*,*,#16537,.T.);
#16537 = EDGE_CURVE('',#16510,#16411,#16538,.T.);
#16538 = SURFACE_CURVE('',#16539,(#16543,#16550),.PCURVE_S1.);
#16539 = LINE('',#16540,#16541);
#16540 = CARTESIAN_POINT('',(11.5,18.925,0.));
#16541 = VECTOR('',#16542,1.);
#16542 = DIRECTION('',(1.,0.,0.));
#16543 = PCURVE('',#16449,#16544);
#16544 = DEFINITIONAL_REPRESENTATION('',(#16545),#16549);
#16545 = LINE('',#16546,#16547);
#16546 = CARTESIAN_POINT('',(2.15,0.));
#16547 = VECTOR('',#16548,1.);
#16548 = DIRECTION('',(0.,1.));
#16549 = ( GEOMETRIC_REPRESENTATION_CONTEXT(2)
PARAMETRIC_REPRESENTATION_CONTEXT() REPRESENTATION_CONTEXT('2D SPACE',''
  ) );
#16550 = PCURVE('',#15933,#16551);
#16551 = DEFINITIONAL_REPRESENTATION('',(#16552),#16556);
#16552 = LINE('',#16553,#16554);
#16553 = CARTESIAN_POINT('',(29.,-2.15));
#16554 = VECTOR('',#16555,1.);
#16555 = DIRECTION('',(1.,0.));
#16556 = ( GEOMETRIC_REPRESENTATION_CONTEXT(2)
PARAMETRIC_REPRESENTATION_CONTEXT() REPRESENTATION_CONTEXT('2D SPACE',''
  ) );
#16557 = ORIENTED_EDGE('',*,*,#16433,.F.);
#16558 = ADVANCED_FACE('',(#16559),#16525,.F.);
#16559 = FACE_BOUND('',#16560,.F.);
#16560 = EDGE_LOOP('',(#16561,#16562,#16585,#16613));
#16561 = ORIENTED_EDGE('',*,*,#16509,.F.);
#16562 = ORIENTED_EDGE('',*,*,#16563,.T.);
#16563 = EDGE_CURVE('',#16487,#16564,#16566,.T.);
#16564 = VERTEX_POINT('',#16565);
#16565 = CARTESIAN_POINT('',(11.5,21.075,2.15));
#16566 = SURFACE_CURVE('',#16567,(#16571,#16578),.PCURVE_S1.);
#16567 = LINE('',#16568,#16569);
#16568 = CARTESIAN_POINT('',(11.5,21.075,0.));
#16569 = VECTOR('',#16570,1.);
#16570 = DIRECTION('',(0.,1.110223024625E-16,1.));
#16571 = PCURVE('',#16525,#16572);
#16572 = DEFINITIONAL_REPRESENTATION('',(#16573),#16577);
#16573 = LINE('',#16574,#16575);
#16574 = CARTESIAN_POINT('',(0.,0.));
#16575 = VECTOR('',#16576,1.);
#16576 = DIRECTION('',(0.,-1.));
#16577 = ( GEOMETRIC_REPRESENTATION_CONTEXT(2)
PARAMETRIC_REPRESENTATION_CONTEXT() REPRESENTATION_CONTEXT('2D SPACE',''
  ) );
#16578 = PCURVE('',#15989,#16579);
#16579 = DEFINITIONAL_REPRESENTATION('',(#16580),#16584);
#16580 = LINE('',#16581,#16582);
#16581 = CARTESIAN_POINT('',(29.,-2.15));
#16582 = VECTOR('',#16583,1.);
#16583 = DIRECTION('',(0.,1.));
#16584 = ( GEOMETRIC_REPRESENTATION_CONTEXT(2)
PARAMETRIC_REPRESENTATION_CONTEXT() REPRESENTATION_CONTEXT('2D SPACE',''
  ) );
#16585 = ORIENTED_EDGE('',*,*,#16586,.T.);
#16586 = EDGE_CURVE('',#16564,#16587,#16589,.T.);
#16587 = VERTEX_POINT('',#16588);
#16588 = CARTESIAN_POINT('',(11.5,18.925,2.15));
#16589 = SURFACE_CURVE('',#16590,(#16594,#16601),.PCURVE_S1.);
#16590 = LINE('',#16591,#16592);
#16591 = CARTESIAN_POINT('',(11.5,21.075,2.15));
#16592 = VECTOR('',#16593,1.);
#16593 = DIRECTION('',(0.,-1.,1.110223024625E-16));
#16594 = PCURVE('',#16525,#16595);
#16595 = DEFINITIONAL_REPRESENTATION('',(#16596),#16600);
#16596 = LINE('',#16597,#16598);
#16597 = CARTESIAN_POINT('',(2.386979502944E-16,-2.15));
#16598 = VECTOR('',#16599,1.);
#16599 = DIRECTION('',(1.,0.));
#16600 = ( GEOMETRIC_REPRESENTATION_CONTEXT(2)
PARAMETRIC_REPRESENTATION_CONTEXT() REPRESENTATION_CONTEXT('2D SPACE',''
  ) );
#16601 = PCURVE('',#16602,#16607);
#16602 = PLANE('',#16603);
#16603 = AXIS2_PLACEMENT_3D('',#16604,#16605,#16606);
#16604 = CARTESIAN_POINT('',(-17.5,21.075,2.15));
#16605 = DIRECTION('',(0.,1.110223024625E-16,1.));
#16606 = DIRECTION('',(0.,-1.,1.110223024625E-16));
#16607 = DEFINITIONAL_REPRESENTATION('',(#16608),#16612);
#16608 = LINE('',#16609,#16610);
#16609 = CARTESIAN_POINT('',(0.,29.));
#16610 = VECTOR('',#16611,1.);
#16611 = DIRECTION('',(1.,0.));
#16612 = ( GEOMETRIC_REPRESENTATION_CONTEXT(2)
PARAMETRIC_REPRESENTATION_CONTEXT() REPRESENTATION_CONTEXT('2D SPACE',''
  ) );
#16613 = ORIENTED_EDGE('',*,*,#16614,.F.);
#16614 = EDGE_CURVE('',#16510,#16587,#16615,.T.);
#16615 = SURFACE_CURVE('',#16616,(#16620,#16627),.PCURVE_S1.);
#16616 = LINE('',#16617,#16618);
#16617 = CARTESIAN_POINT('',(11.5,18.925,0.));
#16618 = VECTOR('',#16619,1.);
#16619 = DIRECTION('',(0.,1.110223024625E-16,1.));
#16620 = PCURVE('',#16525,#16621);
#16621 = DEFINITIONAL_REPRESENTATION('',(#16622),#16626);
#16622 = LINE('',#16623,#16624);
#16623 = CARTESIAN_POINT('',(2.15,2.386979502944E-16));
#16624 = VECTOR('',#16625,1.);
#16625 = DIRECTION('',(0.,-1.));
#16626 = ( GEOMETRIC_REPRESENTATION_CONTEXT(2)
PARAMETRIC_REPRESENTATION_CONTEXT() REPRESENTATION_CONTEXT('2D SPACE',''
  ) );
#16627 = PCURVE('',#15933,#16628);
#16628 = DEFINITIONAL_REPRESENTATION('',(#16629),#16633);
#16629 = LINE('',#16630,#16631);
#16630 = CARTESIAN_POINT('',(29.,-2.15));
#16631 = VECTOR('',#16632,1.);
#16632 = DIRECTION('',(0.,1.));
#16633 = ( GEOMETRIC_REPRESENTATION_CONTEXT(2)
PARAMETRIC_REPRESENTATION_CONTEXT() REPRESENTATION_CONTEXT('2D SPACE',''
  ) );
#16634 = ADVANCED_FACE('',(#16635),#16602,.F.);
#16635 = FACE_BOUND('',#16636,.F.);
#16636 = EDGE_LOOP('',(#16637,#16660,#16688,#16709));
#16637 = ORIENTED_EDGE('',*,*,#16638,.F.);
#16638 = EDGE_CURVE('',#16639,#16564,#16641,.T.);
#16639 = VERTEX_POINT('',#16640);
#16640 = CARTESIAN_POINT('',(-11.5,21.075,2.15));
#16641 = SURFACE_CURVE('',#16642,(#16646,#16653),.PCURVE_S1.);
#16642 = LINE('',#16643,#16644);
#16643 = CARTESIAN_POINT('',(-17.5,21.075,2.15));
#16644 = VECTOR('',#16645,1.);
#16645 = DIRECTION('',(1.,0.,0.));
#16646 = PCURVE('',#16602,#16647);
#16647 = DEFINITIONAL_REPRESENTATION('',(#16648),#16652);
#16648 = LINE('',#16649,#16650);
#16649 = CARTESIAN_POINT('',(0.,0.));
#16650 = VECTOR('',#16651,1.);
#16651 = DIRECTION('',(0.,1.));
#16652 = ( GEOMETRIC_REPRESENTATION_CONTEXT(2)
PARAMETRIC_REPRESENTATION_CONTEXT() REPRESENTATION_CONTEXT('2D SPACE',''
  ) );
#16653 = PCURVE('',#15989,#16654);
#16654 = DEFINITIONAL_REPRESENTATION('',(#16655),#16659);
#16655 = LINE('',#16656,#16657);
#16656 = CARTESIAN_POINT('',(0.,0.));
#16657 = VECTOR('',#16658,1.);
#16658 = DIRECTION('',(1.,0.));
#16659 = ( GEOMETRIC_REPRESENTATION_CONTEXT(2)
PARAMETRIC_REPRESENTATION_CONTEXT() REPRESENTATION_CONTEXT('2D SPACE',''
  ) );
#16660 = ORIENTED_EDGE('',*,*,#16661,.T.);
#16661 = EDGE_CURVE('',#16639,#16662,#16664,.T.);
#16662 = VERTEX_POINT('',#16663);
#16663 = CARTESIAN_POINT('',(-11.5,18.925,2.15));
#16664 = SURFACE_CURVE('',#16665,(#16669,#16676),.PCURVE_S1.);
#16665 = LINE('',#16666,#16667);
#16666 = CARTESIAN_POINT('',(-11.5,21.075,2.15));
#16667 = VECTOR('',#16668,1.);
#16668 = DIRECTION('',(0.,-1.,1.110223024625E-16));
#16669 = PCURVE('',#16602,#16670);
#16670 = DEFINITIONAL_REPRESENTATION('',(#16671),#16675);
#16671 = LINE('',#16672,#16673);
#16672 = CARTESIAN_POINT('',(0.,6.));
#16673 = VECTOR('',#16674,1.);
#16674 = DIRECTION('',(1.,0.));
#16675 = ( GEOMETRIC_REPRESENTATION_CONTEXT(2)
PARAMETRIC_REPRESENTATION_CONTEXT() REPRESENTATION_CONTEXT('2D SPACE',''
  ) );
#16676 = PCURVE('',#16677,#16682);
#16677 = PLANE('',#16678);
#16678 = AXIS2_PLACEMENT_3D('',#16679,#16680,#16681);
#16679 = CARTESIAN_POINT('',(-11.5,21.075,0.));
#16680 = DIRECTION('',(1.,0.,0.));
#16681 = DIRECTION('',(0.,-1.,1.110223024625E-16));
#16682 = DEFINITIONAL_REPRESENTATION('',(#16683),#16687);
#16683 = LINE('',#16684,#16685);
#16684 = CARTESIAN_POINT('',(2.386979502944E-16,-2.15));
#16685 = VECTOR('',#16686,1.);
#16686 = DIRECTION('',(1.,0.));
#16687 = ( GEOMETRIC_REPRESENTATION_CONTEXT(2)
PARAMETRIC_REPRESENTATION_CONTEXT() REPRESENTATION_CONTEXT('2D SPACE',''
  ) );
#16688 = ORIENTED_EDGE('',*,*,#16689,.T.);
#16689 = EDGE_CURVE('',#16662,#16587,#16690,.T.);
#16690 = SURFACE_CURVE('',#16691,(#16695,#16702),.PCURVE_S1.);
#16691 = LINE('',#16692,#16693);
#16692 = CARTESIAN_POINT('',(-17.5,18.925,2.15));
#16693 = VECTOR('',#16694,1.);
#16694 = DIRECTION('',(1.,0.,0.));
#16695 = PCURVE('',#16602,#16696);
#16696 = DEFINITIONAL_REPRESENTATION('',(#16697),#16701);
#16697 = LINE('',#16698,#16699);
#16698 = CARTESIAN_POINT('',(2.15,0.));
#16699 = VECTOR('',#16700,1.);
#16700 = DIRECTION('',(0.,1.));
#16701 = ( GEOMETRIC_REPRESENTATION_CONTEXT(2)
PARAMETRIC_REPRESENTATION_CONTEXT() REPRESENTATION_CONTEXT('2D SPACE',''
  ) );
#16702 = PCURVE('',#15933,#16703);
#16703 = DEFINITIONAL_REPRESENTATION('',(#16704),#16708);
#16704 = LINE('',#16705,#16706);
#16705 = CARTESIAN_POINT('',(0.,0.));
#16706 = VECTOR('',#16707,1.);
#16707 = DIRECTION('',(1.,0.));
#16708 = ( GEOMETRIC_REPRESENTATION_CONTEXT(2)
PARAMETRIC_REPRESENTATION_CONTEXT() REPRESENTATION_CONTEXT('2D SPACE',''
  ) );
#16709 = ORIENTED_EDGE('',*,*,#16586,.F.);
#16710 = ADVANCED_FACE('',(#16711),#16677,.T.);
#16711 = FACE_BOUND('',#16712,.T.);
#16712 = EDGE_LOOP('',(#16713,#16738,#16759,#16760));
#16713 = ORIENTED_EDGE('',*,*,#16714,.F.);
#16714 = EDGE_CURVE('',#16715,#16717,#16719,.T.);
#16715 = VERTEX_POINT('',#16716);
#16716 = CARTESIAN_POINT('',(-11.5,21.075,0.));
#16717 = VERTEX_POINT('',#16718);
#16718 = CARTESIAN_POINT('',(-11.5,18.925,0.));
#16719 = SURFACE_CURVE('',#16720,(#16724,#16731),.PCURVE_S1.);
#16720 = LINE('',#16721,#16722);
#16721 = CARTESIAN_POINT('',(-11.5,21.075,0.));
#16722 = VECTOR('',#16723,1.);
#16723 = DIRECTION('',(0.,-1.,1.110223024625E-16));
#16724 = PCURVE('',#16677,#16725);
#16725 = DEFINITIONAL_REPRESENTATION('',(#16726),#16730);
#16726 = LINE('',#16727,#16728);
#16727 = CARTESIAN_POINT('',(0.,0.));
#16728 = VECTOR('',#16729,1.);
#16729 = DIRECTION('',(1.,0.));
#16730 = ( GEOMETRIC_REPRESENTATION_CONTEXT(2)
PARAMETRIC_REPRESENTATION_CONTEXT() REPRESENTATION_CONTEXT('2D SPACE',''
  ) );
#16731 = PCURVE('',#15961,#16732);
#16732 = DEFINITIONAL_REPRESENTATION('',(#16733),#16737);
#16733 = LINE('',#16734,#16735);
#16734 = CARTESIAN_POINT('',(0.,6.));
#16735 = VECTOR('',#16736,1.);
#16736 = DIRECTION('',(1.,0.));
#16737 = ( GEOMETRIC_REPRESENTATION_CONTEXT(2)
PARAMETRIC_REPRESENTATION_CONTEXT() REPRESENTATION_CONTEXT('2D SPACE',''
  ) );
#16738 = ORIENTED_EDGE('',*,*,#16739,.T.);
#16739 = EDGE_CURVE('',#16715,#16639,#16740,.T.);
#16740 = SURFACE_CURVE('',#16741,(#16745,#16752),.PCURVE_S1.);
#16741 = LINE('',#16742,#16743);
#16742 = CARTESIAN_POINT('',(-11.5,21.075,0.));
#16743 = VECTOR('',#16744,1.);
#16744 = DIRECTION('',(0.,1.110223024625E-16,1.));
#16745 = PCURVE('',#16677,#16746);
#16746 = DEFINITIONAL_REPRESENTATION('',(#16747),#16751);
#16747 = LINE('',#16748,#16749);
#16748 = CARTESIAN_POINT('',(0.,0.));
#16749 = VECTOR('',#16750,1.);
#16750 = DIRECTION('',(0.,-1.));
#16751 = ( GEOMETRIC_REPRESENTATION_CONTEXT(2)
PARAMETRIC_REPRESENTATION_CONTEXT() REPRESENTATION_CONTEXT('2D SPACE',''
  ) );
#16752 = PCURVE('',#15989,#16753);
#16753 = DEFINITIONAL_REPRESENTATION('',(#16754),#16758);
#16754 = LINE('',#16755,#16756);
#16755 = CARTESIAN_POINT('',(6.,-2.15));
#16756 = VECTOR('',#16757,1.);
#16757 = DIRECTION('',(0.,1.));
#16758 = ( GEOMETRIC_REPRESENTATION_CONTEXT(2)
PARAMETRIC_REPRESENTATION_CONTEXT() REPRESENTATION_CONTEXT('2D SPACE',''
  ) );
#16759 = ORIENTED_EDGE('',*,*,#16661,.T.);
#16760 = ORIENTED_EDGE('',*,*,#16761,.F.);
#16761 = EDGE_CURVE('',#16717,#16662,#16762,.T.);
#16762 = SURFACE_CURVE('',#16763,(#16767,#16774),.PCURVE_S1.);
#16763 = LINE('',#16764,#16765);
#16764 = CARTESIAN_POINT('',(-11.5,18.925,0.));
#16765 = VECTOR('',#16766,1.);
#16766 = DIRECTION('',(0.,1.110223024625E-16,1.));
#16767 = PCURVE('',#16677,#16768);
#16768 = DEFINITIONAL_REPRESENTATION('',(#16769),#16773);
#16769 = LINE('',#16770,#16771);
#16770 = CARTESIAN_POINT('',(2.15,2.386979502944E-16));
#16771 = VECTOR('',#16772,1.);
#16772 = DIRECTION('',(0.,-1.));
#16773 = ( GEOMETRIC_REPRESENTATION_CONTEXT(2)
PARAMETRIC_REPRESENTATION_CONTEXT() REPRESENTATION_CONTEXT('2D SPACE',''
  ) );
#16774 = PCURVE('',#15933,#16775);
#16775 = DEFINITIONAL_REPRESENTATION('',(#16776),#16780);
#16776 = LINE('',#16777,#16778);
#16777 = CARTESIAN_POINT('',(6.,-2.15));
#16778 = VECTOR('',#16779,1.);
#16779 = DIRECTION('',(0.,1.));
#16780 = ( GEOMETRIC_REPRESENTATION_CONTEXT(2)
PARAMETRIC_REPRESENTATION_CONTEXT() REPRESENTATION_CONTEXT('2D SPACE',''
  ) );
#16781 = ADVANCED_FACE('',(#16782),#15989,.F.);
#16782 = FACE_BOUND('',#16783,.F.);
#16783 = EDGE_LOOP('',(#16784,#16805,#16806,#16807,#16808,#16809,#16810,
    #16811,#16812,#16813,#16814,#16815));
#16784 = ORIENTED_EDGE('',*,*,#16785,.T.);
#16785 = EDGE_CURVE('',#15946,#16715,#16786,.T.);
#16786 = SURFACE_CURVE('',#16787,(#16791,#16798),.PCURVE_S1.);
#16787 = LINE('',#16788,#16789);
#16788 = CARTESIAN_POINT('',(-17.5,21.075,0.));
#16789 = VECTOR('',#16790,1.);
#16790 = DIRECTION('',(1.,0.,0.));
#16791 = PCURVE('',#15989,#16792);
#16792 = DEFINITIONAL_REPRESENTATION('',(#16793),#16797);
#16793 = LINE('',#16794,#16795);
#16794 = CARTESIAN_POINT('',(0.,-2.15));
#16795 = VECTOR('',#16796,1.);
#16796 = DIRECTION('',(1.,0.));
#16797 = ( GEOMETRIC_REPRESENTATION_CONTEXT(2)
PARAMETRIC_REPRESENTATION_CONTEXT() REPRESENTATION_CONTEXT('2D SPACE',''
  ) );
#16798 = PCURVE('',#15961,#16799);
#16799 = DEFINITIONAL_REPRESENTATION('',(#16800),#16804);
#16800 = LINE('',#16801,#16802);
#16801 = CARTESIAN_POINT('',(0.,0.));
#16802 = VECTOR('',#16803,1.);
#16803 = DIRECTION('',(0.,1.));
#16804 = ( GEOMETRIC_REPRESENTATION_CONTEXT(2)
PARAMETRIC_REPRESENTATION_CONTEXT() REPRESENTATION_CONTEXT('2D SPACE',''
  ) );
#16805 = ORIENTED_EDGE('',*,*,#16739,.T.);
#16806 = ORIENTED_EDGE('',*,*,#16638,.T.);
#16807 = ORIENTED_EDGE('',*,*,#16563,.F.);
#16808 = ORIENTED_EDGE('',*,*,#16486,.T.);
#16809 = ORIENTED_EDGE('',*,*,#16461,.F.);
#16810 = ORIENTED_EDGE('',*,*,#16334,.F.);
#16811 = ORIENTED_EDGE('',*,*,#16259,.F.);
#16812 = ORIENTED_EDGE('',*,*,#16182,.F.);
#16813 = ORIENTED_EDGE('',*,*,#16136,.T.);
#16814 = ORIENTED_EDGE('',*,*,#16030,.F.);
#16815 = ORIENTED_EDGE('',*,*,#15973,.T.);
#16816 = ADVANCED_FACE('',(#16817),#15961,.F.);
#16817 = FACE_BOUND('',#16818,.F.);
#16818 = EDGE_LOOP('',(#16819,#16820,#16821,#16842));
#16819 = ORIENTED_EDGE('',*,*,#16785,.F.);
#16820 = ORIENTED_EDGE('',*,*,#15945,.T.);
#16821 = ORIENTED_EDGE('',*,*,#16822,.T.);
#16822 = EDGE_CURVE('',#15911,#16717,#16823,.T.);
#16823 = SURFACE_CURVE('',#16824,(#16828,#16835),.PCURVE_S1.);
#16824 = LINE('',#16825,#16826);
#16825 = CARTESIAN_POINT('',(-17.5,18.925,0.));
#16826 = VECTOR('',#16827,1.);
#16827 = DIRECTION('',(1.,0.,0.));
#16828 = PCURVE('',#15961,#16829);
#16829 = DEFINITIONAL_REPRESENTATION('',(#16830),#16834);
#16830 = LINE('',#16831,#16832);
#16831 = CARTESIAN_POINT('',(2.15,0.));
#16832 = VECTOR('',#16833,1.);
#16833 = DIRECTION('',(0.,1.));
#16834 = ( GEOMETRIC_REPRESENTATION_CONTEXT(2)
PARAMETRIC_REPRESENTATION_CONTEXT() REPRESENTATION_CONTEXT('2D SPACE',''
  ) );
#16835 = PCURVE('',#15933,#16836);
#16836 = DEFINITIONAL_REPRESENTATION('',(#16837),#16841);
#16837 = LINE('',#16838,#16839);
#16838 = CARTESIAN_POINT('',(0.,-2.15));
#16839 = VECTOR('',#16840,1.);
#16840 = DIRECTION('',(1.,0.));
#16841 = ( GEOMETRIC_REPRESENTATION_CONTEXT(2)
PARAMETRIC_REPRESENTATION_CONTEXT() REPRESENTATION_CONTEXT('2D SPACE',''
  ) );
#16842 = ORIENTED_EDGE('',*,*,#16714,.F.);
#16843 = ADVANCED_FACE('',(#16844),#15933,.T.);
#16844 = FACE_BOUND('',#16845,.T.);
#16845 = EDGE_LOOP('',(#16846,#16847,#16848,#16849,#16850,#16851,#16852,
    #16853,#16854,#16855,#16856,#16857));
#16846 = ORIENTED_EDGE('',*,*,#15910,.F.);
#16847 = ORIENTED_EDGE('',*,*,#16822,.T.);
#16848 = ORIENTED_EDGE('',*,*,#16761,.T.);
#16849 = ORIENTED_EDGE('',*,*,#16689,.T.);
#16850 = ORIENTED_EDGE('',*,*,#16614,.F.);
#16851 = ORIENTED_EDGE('',*,*,#16537,.T.);
#16852 = ORIENTED_EDGE('',*,*,#16410,.T.);
#16853 = ORIENTED_EDGE('',*,*,#16358,.F.);
#16854 = ORIENTED_EDGE('',*,*,#16310,.F.);
#16855 = ORIENTED_EDGE('',*,*,#16206,.F.);
#16856 = ORIENTED_EDGE('',*,*,#16158,.T.);
#16857 = ORIENTED_EDGE('',*,*,#16054,.F.);
#16858 = ( GEOMETRIC_REPRESENTATION_CONTEXT(3)
GLOBAL_UNCERTAINTY_ASSIGNED_CONTEXT((#16862))
GLOBAL_UNIT_ASSIGNED_CONTEXT((#16859,#16860,#16861))
REPRESENTATION_CONTEXT('Context #1',
  '3D Context with UNIT and UNCERTAINTY') );
#16859 = ( LENGTH_UNIT() NAMED_UNIT(*) SI_UNIT(.MILLI.,.METRE.) );
#16860 = ( NAMED_UNIT(*) PLANE_ANGLE_UNIT() SI_UNIT($,.RADIAN.) );
#16861 = ( NAMED_UNIT(*) SI_UNIT($,.STERADIAN.) SOLID_ANGLE_UNIT() );
#16862 = UNCERTAINTY_MEASURE_WITH_UNIT(LENGTH_MEASURE(1.E-07),#16859,
  'distance_accuracy_value','confusion accuracy');
#16863 = CONTEXT_DEPENDENT_SHAPE_REPRESENTATION(#16864,#16866);
#16864 = ( REPRESENTATION_RELATIONSHIP('','',#15903,#10)
REPRESENTATION_RELATIONSHIP_WITH_TRANSFORMATION(#16865)
SHAPE_REPRESENTATION_RELATIONSHIP() );
#16865 = ITEM_DEFINED_TRANSFORMATION('','',#11,#27);
#16866 = PRODUCT_DEFINITION_SHAPE('Placement','Placement of an item',
  #16867);
#16867 = NEXT_ASSEMBLY_USAGE_OCCURRENCE('8','','',#5,#15898,$);
#16868 = PRODUCT_RELATED_PRODUCT_CATEGORY('part',$,(#15900));
ENDSEC;
END-ISO-10303-21;
