ISO-10303-21;
/* ALPHABETS_LICENSE_BEGIN */
/* SPDX-FileCopyrightText: 2014-2026 The Beach Lab <https://beachlab.org> */
/* SPDX-License-Identifier: MIT */
/* ALPHABETS_LICENSE_END */
HEADER;
FILE_DESCRIPTION(('Open CASCADE Model'),'2;1');
FILE_NAME('Open CASCADE Shape Model','1970-01-01T00:00:00',('Author'),(
    'Open CASCADE'),'Open CASCADE STEP processor 7.9','Open CASCADE 7.9'
  ,'Unknown');
FILE_SCHEMA(('AUTOMOTIVE_DESIGN { 1 0 10303 214 1 1 1 1 }'));
ENDSEC;
DATA;
#1 = APPLICATION_PROTOCOL_DEFINITION('international standard',
  'automotive_design',2000,#2);
#2 = APPLICATION_CONTEXT(
  'core data for automotive mechanical design processes');
#3 = SHAPE_DEFINITION_REPRESENTATION(#4,#10);
#4 = PRODUCT_DEFINITION_SHAPE('','',#5);
#5 = PRODUCT_DEFINITION('design','',#6,#9);
#6 = PRODUCT_DEFINITION_FORMATION('','',#7);
#7 = PRODUCT('Open CASCADE STEP translator 7.9 2',
  'Open CASCADE STEP translator 7.9 2','',(#8));
#8 = PRODUCT_CONTEXT('',#2,'mechanical');
#9 = PRODUCT_DEFINITION_CONTEXT('part definition',#2,'design');
#10 = ADVANCED_BREP_SHAPE_REPRESENTATION('',(#11,#15),#6998);
#11 = AXIS2_PLACEMENT_3D('',#12,#13,#14);
#12 = CARTESIAN_POINT('',(0.,0.,0.));
#13 = DIRECTION('',(0.,0.,1.));
#14 = DIRECTION('',(1.,0.,-0.));
#15 = MANIFOLD_SOLID_BREP('',#16);
#16 = CLOSED_SHELL('',(#17,#365,#524,#862,#1350,#1400,#1529,#1866,#1913,
    #1966,#2018,#2071,#2123,#2512,#2583,#2636,#2687,#2770,#2868,#2939,
    #2971,#3090,#3163,#3210,#3257,#3283,#3356,#3403,#3450,#3476,#3549,
    #3596,#3643,#3669,#3724,#3797,#3844,#3891,#3917,#3993,#4054,#4127,
    #4174,#4221,#4247,#4302,#4375,#4422,#4469,#4495,#4522,#4549,#4576,
    #4674,#4771,#4818,#4865,#4936,#5012,#5120,#5193,#5240,#5287,#5313,
    #5368,#5445,#5494,#5544,#5551,#5583,#5659,#5686,#5693,#5700,#5707,
    #5711,#5718,#5774,#5829,#5836,#5840,#5847,#5902,#5957,#6034,#6041,
    #6113,#6166,#6192,#6245,#6252,#6256,#6396,#6403,#6438,#6473,#6508,
    #6543,#6572,#6627,#6682,#6737,#6792,#6842,#6892,#6899,#6906,#6941,
    #6971));
#17 = ADVANCED_FACE('',(#18),#32,.T.);
#18 = FACE_BOUND('',#19,.T.);
#19 = EDGE_LOOP('',(#20,#55,#81,#109,#138,#166,#195,#223,#249,#277,#306,
    #334));
#20 = ORIENTED_EDGE('',*,*,#21,.T.);
#21 = EDGE_CURVE('',#22,#24,#26,.T.);
#22 = VERTEX_POINT('',#23);
#23 = CARTESIAN_POINT('',(-41.500451267,40.301814675,-72.99999553));
#24 = VERTEX_POINT('',#25);
#25 = CARTESIAN_POINT('',(-41.500451267,40.301814675,11.9));
#26 = SURFACE_CURVE('',#27,(#31,#43),.PCURVE_S1.);
#27 = LINE('',#28,#29);
#28 = CARTESIAN_POINT('',(-41.500451267,40.301814675,-82.99999553));
#29 = VECTOR('',#30,1.);
#30 = DIRECTION('',(0.,0.,1.));
#31 = PCURVE('',#32,#37);
#32 = PLANE('',#33);
#33 = AXIS2_PLACEMENT_3D('',#34,#35,#36);
#34 = CARTESIAN_POINT('',(-41.500451267,40.301814675,-82.99999553));
#35 = DIRECTION('',(0.,1.,0.));
#36 = DIRECTION('',(0.,0.,1.));
#37 = DEFINITIONAL_REPRESENTATION('',(#38),#42);
#38 = LINE('',#39,#40);
#39 = CARTESIAN_POINT('',(0.,0.));
#40 = VECTOR('',#41,1.);
#41 = DIRECTION('',(1.,0.));
#42 = ( GEOMETRIC_REPRESENTATION_CONTEXT(2)
PARAMETRIC_REPRESENTATION_CONTEXT() REPRESENTATION_CONTEXT('2D SPACE',''
  ) );
#43 = PCURVE('',#44,#49);
#44 = PLANE('',#45);
#45 = AXIS2_PLACEMENT_3D('',#46,#47,#48);
#46 = CARTESIAN_POINT('',(-41.500451267,-81.744234681,-82.99999553));
#47 = DIRECTION('',(1.,0.,0.));
#48 = DIRECTION('',(0.,0.,1.));
#49 = DEFINITIONAL_REPRESENTATION('',(#50),#54);
#50 = LINE('',#51,#52);
#51 = CARTESIAN_POINT('',(0.,-122.046049356));
#52 = VECTOR('',#53,1.);
#53 = DIRECTION('',(1.,0.));
#54 = ( GEOMETRIC_REPRESENTATION_CONTEXT(2)
PARAMETRIC_REPRESENTATION_CONTEXT() REPRESENTATION_CONTEXT('2D SPACE',''
  ) );
#55 = ORIENTED_EDGE('',*,*,#56,.T.);
#56 = EDGE_CURVE('',#24,#57,#59,.T.);
#57 = VERTEX_POINT('',#58);
#58 = CARTESIAN_POINT('',(-37.500451267,40.301814675,11.9));
#59 = SURFACE_CURVE('',#60,(#64,#70),.PCURVE_S1.);
#60 = LINE('',#61,#62);
#61 = CARTESIAN_POINT('',(-46.500451267,40.301814675,11.9));
#62 = VECTOR('',#63,1.);
#63 = DIRECTION('',(1.,0.,0.));
#64 = PCURVE('',#32,#65);
#65 = DEFINITIONAL_REPRESENTATION('',(#66),#69);
#66 = B_SPLINE_CURVE_WITH_KNOTS('',1,(#67,#68),.UNSPECIFIED.,.F.,.F.,(2,
    2),(5.,88.000824303),.PIECEWISE_BEZIER_KNOTS.);
#67 = CARTESIAN_POINT('',(94.89999553,0.));
#68 = CARTESIAN_POINT('',(94.89999553,83.000824303));
#69 = ( GEOMETRIC_REPRESENTATION_CONTEXT(2)
PARAMETRIC_REPRESENTATION_CONTEXT() REPRESENTATION_CONTEXT('2D SPACE',''
  ) );
#70 = PCURVE('',#71,#76);
#71 = PLANE('',#72);
#72 = AXIS2_PLACEMENT_3D('',#73,#74,#75);
#73 = CARTESIAN_POINT('',(-51.500451267,-142.767259359,11.9));
#74 = DIRECTION('',(0.,0.,1.));
#75 = DIRECTION('',(1.,0.,0.));
#76 = DEFINITIONAL_REPRESENTATION('',(#77),#80);
#77 = B_SPLINE_CURVE_WITH_KNOTS('',1,(#78,#79),.UNSPECIFIED.,.F.,.F.,(2,
    2),(5.,88.000824303),.PIECEWISE_BEZIER_KNOTS.);
#78 = CARTESIAN_POINT('',(10.,183.069074034));
#79 = CARTESIAN_POINT('',(93.000824303,183.069074034));
#80 = ( GEOMETRIC_REPRESENTATION_CONTEXT(2)
PARAMETRIC_REPRESENTATION_CONTEXT() REPRESENTATION_CONTEXT('2D SPACE',''
  ) );
#81 = ORIENTED_EDGE('',*,*,#82,.F.);
#82 = EDGE_CURVE('',#83,#57,#85,.T.);
#83 = VERTEX_POINT('',#84);
#84 = CARTESIAN_POINT('',(-37.500451267,40.301814675,-72.99999553));
#85 = SURFACE_CURVE('',#86,(#90,#97),.PCURVE_S1.);
#86 = LINE('',#87,#88);
#87 = CARTESIAN_POINT('',(-37.500451267,40.301814675,-72.99999553));
#88 = VECTOR('',#89,1.);
#89 = DIRECTION('',(-0.,-0.,1.));
#90 = PCURVE('',#32,#91);
#91 = DEFINITIONAL_REPRESENTATION('',(#92),#96);
#92 = LINE('',#93,#94);
#93 = CARTESIAN_POINT('',(10.,4.));
#94 = VECTOR('',#95,1.);
#95 = DIRECTION('',(1.,0.));
#96 = ( GEOMETRIC_REPRESENTATION_CONTEXT(2)
PARAMETRIC_REPRESENTATION_CONTEXT() REPRESENTATION_CONTEXT('2D SPACE',''
  ) );
#97 = PCURVE('',#98,#103);
#98 = PLANE('',#99);
#99 = AXIS2_PLACEMENT_3D('',#100,#101,#102);
#100 = CARTESIAN_POINT('',(-35.500451267,38.301814675,-72.99999553));
#101 = DIRECTION('',(0.707106781187,0.707106781187,1.415442289654E-17));
#102 = DIRECTION('',(-1.000868841393E-17,-1.000868841393E-17,1.));
#103 = DEFINITIONAL_REPRESENTATION('',(#104),#108);
#104 = LINE('',#105,#106);
#105 = CARTESIAN_POINT('',(0.,-2.828427124746));
#106 = VECTOR('',#107,1.);
#107 = DIRECTION('',(1.,0.));
#108 = ( GEOMETRIC_REPRESENTATION_CONTEXT(2)
PARAMETRIC_REPRESENTATION_CONTEXT() REPRESENTATION_CONTEXT('2D SPACE',''
  ) );
#109 = ORIENTED_EDGE('',*,*,#110,.F.);
#110 = EDGE_CURVE('',#111,#83,#113,.T.);
#111 = VERTEX_POINT('',#112);
#112 = CARTESIAN_POINT('',(-31.500451267,40.301814675,-78.99999553));
#113 = SURFACE_CURVE('',#114,(#119,#126),.PCURVE_S1.);
#114 = CIRCLE('',#115,6.);
#115 = AXIS2_PLACEMENT_3D('',#116,#117,#118);
#116 = CARTESIAN_POINT('',(-31.500451267,40.301814675,-72.99999553));
#117 = DIRECTION('',(0.,1.,0.));
#118 = DIRECTION('',(0.,0.,-1.));
#119 = PCURVE('',#32,#120);
#120 = DEFINITIONAL_REPRESENTATION('',(#121),#125);
#121 = CIRCLE('',#122,6.);
#122 = AXIS2_PLACEMENT_2D('',#123,#124);
#123 = CARTESIAN_POINT('',(10.,10.));
#124 = DIRECTION('',(-1.,0.));
#125 = ( GEOMETRIC_REPRESENTATION_CONTEXT(2)
PARAMETRIC_REPRESENTATION_CONTEXT() REPRESENTATION_CONTEXT('2D SPACE',''
  ) );
#126 = PCURVE('',#127,#132);
#127 = CONICAL_SURFACE('',#128,2.,0.785398163397);
#128 = AXIS2_PLACEMENT_3D('',#129,#130,#131);
#129 = CARTESIAN_POINT('',(-31.500451267,36.301814675,-72.99999553));
#130 = DIRECTION('',(0.,1.,0.));
#131 = DIRECTION('',(0.,0.,-1.));
#132 = DEFINITIONAL_REPRESENTATION('',(#133),#137);
#133 = LINE('',#134,#135);
#134 = CARTESIAN_POINT('',(-0.,4.));
#135 = VECTOR('',#136,1.);
#136 = DIRECTION('',(1.,-0.));
#137 = ( GEOMETRIC_REPRESENTATION_CONTEXT(2)
PARAMETRIC_REPRESENTATION_CONTEXT() REPRESENTATION_CONTEXT('2D SPACE',''
  ) );
#138 = ORIENTED_EDGE('',*,*,#139,.F.);
#139 = EDGE_CURVE('',#140,#111,#142,.T.);
#140 = VERTEX_POINT('',#141);
#141 = CARTESIAN_POINT('',(31.500373036,40.301814675,-78.99999553));
#142 = SURFACE_CURVE('',#143,(#147,#154),.PCURVE_S1.);
#143 = LINE('',#144,#145);
#144 = CARTESIAN_POINT('',(31.500373036,40.301814675,-78.99999553));
#145 = VECTOR('',#146,1.);
#146 = DIRECTION('',(-1.,-0.,-0.));
#147 = PCURVE('',#32,#148);
#148 = DEFINITIONAL_REPRESENTATION('',(#149),#153);
#149 = LINE('',#150,#151);
#150 = CARTESIAN_POINT('',(4.,73.000824303));
#151 = VECTOR('',#152,1.);
#152 = DIRECTION('',(0.,-1.));
#153 = ( GEOMETRIC_REPRESENTATION_CONTEXT(2)
PARAMETRIC_REPRESENTATION_CONTEXT() REPRESENTATION_CONTEXT('2D SPACE',''
  ) );
#154 = PCURVE('',#155,#160);
#155 = PLANE('',#156);
#156 = AXIS2_PLACEMENT_3D('',#157,#158,#159);
#157 = CARTESIAN_POINT('',(31.500373036,38.301814675,-76.99999553));
#158 = DIRECTION('',(1.415442289654E-17,0.707106781187,0.707106781187));
#159 = DIRECTION('',(-1.,1.000868841393E-17,1.000868841393E-17));
#160 = DEFINITIONAL_REPRESENTATION('',(#161),#165);
#161 = LINE('',#162,#163);
#162 = CARTESIAN_POINT('',(0.,-2.828427124746));
#163 = VECTOR('',#164,1.);
#164 = DIRECTION('',(1.,0.));
#165 = ( GEOMETRIC_REPRESENTATION_CONTEXT(2)
PARAMETRIC_REPRESENTATION_CONTEXT() REPRESENTATION_CONTEXT('2D SPACE',''
  ) );
#166 = ORIENTED_EDGE('',*,*,#167,.F.);
#167 = EDGE_CURVE('',#168,#140,#170,.T.);
#168 = VERTEX_POINT('',#169);
#169 = CARTESIAN_POINT('',(37.500373036,40.301814675,-72.99999553));
#170 = SURFACE_CURVE('',#171,(#176,#183),.PCURVE_S1.);
#171 = CIRCLE('',#172,6.);
#172 = AXIS2_PLACEMENT_3D('',#173,#174,#175);
#173 = CARTESIAN_POINT('',(31.500373036,40.301814675,-72.99999553));
#174 = DIRECTION('',(-0.,1.,0.));
#175 = DIRECTION('',(1.,0.,0.));
#176 = PCURVE('',#32,#177);
#177 = DEFINITIONAL_REPRESENTATION('',(#178),#182);
#178 = CIRCLE('',#179,6.);
#179 = AXIS2_PLACEMENT_2D('',#180,#181);
#180 = CARTESIAN_POINT('',(10.,73.000824303));
#181 = DIRECTION('',(0.,1.));
#182 = ( GEOMETRIC_REPRESENTATION_CONTEXT(2)
PARAMETRIC_REPRESENTATION_CONTEXT() REPRESENTATION_CONTEXT('2D SPACE',''
  ) );
#183 = PCURVE('',#184,#189);
#184 = CONICAL_SURFACE('',#185,2.,0.785398163397);
#185 = AXIS2_PLACEMENT_3D('',#186,#187,#188);
#186 = CARTESIAN_POINT('',(31.500373036,36.301814675,-72.99999553));
#187 = DIRECTION('',(0.,1.,0.));
#188 = DIRECTION('',(1.,0.,0.));
#189 = DEFINITIONAL_REPRESENTATION('',(#190),#194);
#190 = LINE('',#191,#192);
#191 = CARTESIAN_POINT('',(-0.,4.));
#192 = VECTOR('',#193,1.);
#193 = DIRECTION('',(1.,-0.));
#194 = ( GEOMETRIC_REPRESENTATION_CONTEXT(2)
PARAMETRIC_REPRESENTATION_CONTEXT() REPRESENTATION_CONTEXT('2D SPACE',''
  ) );
#195 = ORIENTED_EDGE('',*,*,#196,.F.);
#196 = EDGE_CURVE('',#197,#168,#199,.T.);
#197 = VERTEX_POINT('',#198);
#198 = CARTESIAN_POINT('',(37.500373036,40.301814675,11.9));
#199 = SURFACE_CURVE('',#200,(#204,#211),.PCURVE_S1.);
#200 = LINE('',#201,#202);
#201 = CARTESIAN_POINT('',(37.500373036,40.301814675,73.769405484));
#202 = VECTOR('',#203,1.);
#203 = DIRECTION('',(0.,0.,-1.));
#204 = PCURVE('',#32,#205);
#205 = DEFINITIONAL_REPRESENTATION('',(#206),#210);
#206 = LINE('',#207,#208);
#207 = CARTESIAN_POINT('',(156.769401014,79.000824303));
#208 = VECTOR('',#209,1.);
#209 = DIRECTION('',(-1.,0.));
#210 = ( GEOMETRIC_REPRESENTATION_CONTEXT(2)
PARAMETRIC_REPRESENTATION_CONTEXT() REPRESENTATION_CONTEXT('2D SPACE',''
  ) );
#211 = PCURVE('',#212,#217);
#212 = PLANE('',#213);
#213 = AXIS2_PLACEMENT_3D('',#214,#215,#216);
#214 = CARTESIAN_POINT('',(35.500373036,38.301814675,73.769405484));
#215 = DIRECTION('',(0.707106781187,-0.707106781187,-1.415442289654E-17)
  );
#216 = DIRECTION('',(1.000868841393E-17,-1.000868841393E-17,1.));
#217 = DEFINITIONAL_REPRESENTATION('',(#218),#222);
#218 = LINE('',#219,#220);
#219 = CARTESIAN_POINT('',(-0.,-2.828427124746));
#220 = VECTOR('',#221,1.);
#221 = DIRECTION('',(-1.,0.));
#222 = ( GEOMETRIC_REPRESENTATION_CONTEXT(2)
PARAMETRIC_REPRESENTATION_CONTEXT() REPRESENTATION_CONTEXT('2D SPACE',''
  ) );
#223 = ORIENTED_EDGE('',*,*,#224,.T.);
#224 = EDGE_CURVE('',#197,#225,#227,.T.);
#225 = VERTEX_POINT('',#226);
#226 = CARTESIAN_POINT('',(41.500373036,40.301814675,11.9));
#227 = SURFACE_CURVE('',#228,(#232,#238),.PCURVE_S1.);
#228 = LINE('',#229,#230);
#229 = CARTESIAN_POINT('',(-46.500451267,40.301814675,11.9));
#230 = VECTOR('',#231,1.);
#231 = DIRECTION('',(1.,0.,0.));
#232 = PCURVE('',#32,#233);
#233 = DEFINITIONAL_REPRESENTATION('',(#234),#237);
#234 = B_SPLINE_CURVE_WITH_KNOTS('',1,(#235,#236),.UNSPECIFIED.,.F.,.F.,
  (2,2),(5.,88.000824303),.PIECEWISE_BEZIER_KNOTS.);
#235 = CARTESIAN_POINT('',(94.89999553,0.));
#236 = CARTESIAN_POINT('',(94.89999553,83.000824303));
#237 = ( GEOMETRIC_REPRESENTATION_CONTEXT(2)
PARAMETRIC_REPRESENTATION_CONTEXT() REPRESENTATION_CONTEXT('2D SPACE',''
  ) );
#238 = PCURVE('',#239,#244);
#239 = PLANE('',#240);
#240 = AXIS2_PLACEMENT_3D('',#241,#242,#243);
#241 = CARTESIAN_POINT('',(-51.500451267,-142.767259359,11.9));
#242 = DIRECTION('',(0.,0.,1.));
#243 = DIRECTION('',(1.,0.,0.));
#244 = DEFINITIONAL_REPRESENTATION('',(#245),#248);
#245 = B_SPLINE_CURVE_WITH_KNOTS('',1,(#246,#247),.UNSPECIFIED.,.F.,.F.,
  (2,2),(5.,88.000824303),.PIECEWISE_BEZIER_KNOTS.);
#246 = CARTESIAN_POINT('',(10.,183.069074034));
#247 = CARTESIAN_POINT('',(93.000824303,183.069074034));
#248 = ( GEOMETRIC_REPRESENTATION_CONTEXT(2)
PARAMETRIC_REPRESENTATION_CONTEXT() REPRESENTATION_CONTEXT('2D SPACE',''
  ) );
#249 = ORIENTED_EDGE('',*,*,#250,.F.);
#250 = EDGE_CURVE('',#251,#225,#253,.T.);
#251 = VERTEX_POINT('',#252);
#252 = CARTESIAN_POINT('',(41.500373036,40.301814675,-72.99999553));
#253 = SURFACE_CURVE('',#254,(#258,#265),.PCURVE_S1.);
#254 = LINE('',#255,#256);
#255 = CARTESIAN_POINT('',(41.500373036,40.301814675,-82.99999553));
#256 = VECTOR('',#257,1.);
#257 = DIRECTION('',(0.,0.,1.));
#258 = PCURVE('',#32,#259);
#259 = DEFINITIONAL_REPRESENTATION('',(#260),#264);
#260 = LINE('',#261,#262);
#261 = CARTESIAN_POINT('',(0.,83.000824303));
#262 = VECTOR('',#263,1.);
#263 = DIRECTION('',(1.,0.));
#264 = ( GEOMETRIC_REPRESENTATION_CONTEXT(2)
PARAMETRIC_REPRESENTATION_CONTEXT() REPRESENTATION_CONTEXT('2D SPACE',''
  ) );
#265 = PCURVE('',#266,#271);
#266 = PLANE('',#267);
#267 = AXIS2_PLACEMENT_3D('',#268,#269,#270);
#268 = CARTESIAN_POINT('',(41.500373036,-81.744234681,-82.99999553));
#269 = DIRECTION('',(1.,0.,0.));
#270 = DIRECTION('',(0.,0.,1.));
#271 = DEFINITIONAL_REPRESENTATION('',(#272),#276);
#272 = LINE('',#273,#274);
#273 = CARTESIAN_POINT('',(0.,-122.046049356));
#274 = VECTOR('',#275,1.);
#275 = DIRECTION('',(1.,0.));
#276 = ( GEOMETRIC_REPRESENTATION_CONTEXT(2)
PARAMETRIC_REPRESENTATION_CONTEXT() REPRESENTATION_CONTEXT('2D SPACE',''
  ) );
#277 = ORIENTED_EDGE('',*,*,#278,.T.);
#278 = EDGE_CURVE('',#251,#279,#281,.T.);
#279 = VERTEX_POINT('',#280);
#280 = CARTESIAN_POINT('',(31.500373036,40.301814675,-82.99999553));
#281 = SURFACE_CURVE('',#282,(#287,#294),.PCURVE_S1.);
#282 = CIRCLE('',#283,10.);
#283 = AXIS2_PLACEMENT_3D('',#284,#285,#286);
#284 = CARTESIAN_POINT('',(31.500373036,40.301814675,-72.99999553));
#285 = DIRECTION('',(0.,1.,0.));
#286 = DIRECTION('',(0.,-0.,1.));
#287 = PCURVE('',#32,#288);
#288 = DEFINITIONAL_REPRESENTATION('',(#289),#293);
#289 = CIRCLE('',#290,10.);
#290 = AXIS2_PLACEMENT_2D('',#291,#292);
#291 = CARTESIAN_POINT('',(10.,73.000824303));
#292 = DIRECTION('',(1.,0.));
#293 = ( GEOMETRIC_REPRESENTATION_CONTEXT(2)
PARAMETRIC_REPRESENTATION_CONTEXT() REPRESENTATION_CONTEXT('2D SPACE',''
  ) );
#294 = PCURVE('',#295,#300);
#295 = CYLINDRICAL_SURFACE('',#296,10.);
#296 = AXIS2_PLACEMENT_3D('',#297,#298,#299);
#297 = CARTESIAN_POINT('',(31.500373036,-81.744234681,-72.99999553));
#298 = DIRECTION('',(0.,1.,0.));
#299 = DIRECTION('',(1.,0.,-0.));
#300 = DEFINITIONAL_REPRESENTATION('',(#301),#305);
#301 = LINE('',#302,#303);
#302 = CARTESIAN_POINT('',(-1.570796326795,122.046049356));
#303 = VECTOR('',#304,1.);
#304 = DIRECTION('',(1.,0.));
#305 = ( GEOMETRIC_REPRESENTATION_CONTEXT(2)
PARAMETRIC_REPRESENTATION_CONTEXT() REPRESENTATION_CONTEXT('2D SPACE',''
  ) );
#306 = ORIENTED_EDGE('',*,*,#307,.F.);
#307 = EDGE_CURVE('',#308,#279,#310,.T.);
#308 = VERTEX_POINT('',#309);
#309 = CARTESIAN_POINT('',(-31.500451267,40.301814675,-82.99999553));
#310 = SURFACE_CURVE('',#311,(#315,#322),.PCURVE_S1.);
#311 = LINE('',#312,#313);
#312 = CARTESIAN_POINT('',(-41.500451267,40.301814675,-82.99999553));
#313 = VECTOR('',#314,1.);
#314 = DIRECTION('',(1.,0.,0.));
#315 = PCURVE('',#32,#316);
#316 = DEFINITIONAL_REPRESENTATION('',(#317),#321);
#317 = LINE('',#318,#319);
#318 = CARTESIAN_POINT('',(0.,0.));
#319 = VECTOR('',#320,1.);
#320 = DIRECTION('',(0.,1.));
#321 = ( GEOMETRIC_REPRESENTATION_CONTEXT(2)
PARAMETRIC_REPRESENTATION_CONTEXT() REPRESENTATION_CONTEXT('2D SPACE',''
  ) );
#322 = PCURVE('',#323,#328);
#323 = PLANE('',#324);
#324 = AXIS2_PLACEMENT_3D('',#325,#326,#327);
#325 = CARTESIAN_POINT('',(-41.500451267,-81.744234681,-82.99999553));
#326 = DIRECTION('',(0.,0.,1.));
#327 = DIRECTION('',(1.,0.,0.));
#328 = DEFINITIONAL_REPRESENTATION('',(#329),#333);
#329 = LINE('',#330,#331);
#330 = CARTESIAN_POINT('',(0.,122.046049356));
#331 = VECTOR('',#332,1.);
#332 = DIRECTION('',(1.,0.));
#333 = ( GEOMETRIC_REPRESENTATION_CONTEXT(2)
PARAMETRIC_REPRESENTATION_CONTEXT() REPRESENTATION_CONTEXT('2D SPACE',''
  ) );
#334 = ORIENTED_EDGE('',*,*,#335,.F.);
#335 = EDGE_CURVE('',#22,#308,#336,.T.);
#336 = SURFACE_CURVE('',#337,(#342,#353),.PCURVE_S1.);
#337 = CIRCLE('',#338,10.);
#338 = AXIS2_PLACEMENT_3D('',#339,#340,#341);
#339 = CARTESIAN_POINT('',(-31.500451267,40.301814675,-72.99999553));
#340 = DIRECTION('',(-0.,-1.,0.));
#341 = DIRECTION('',(0.,-0.,1.));
#342 = PCURVE('',#32,#343);
#343 = DEFINITIONAL_REPRESENTATION('',(#344),#352);
#344 = ( BOUNDED_CURVE() B_SPLINE_CURVE(2,(#345,#346,#347,#348,#349,#350
,#351),.UNSPECIFIED.,.T.,.F.) B_SPLINE_CURVE_WITH_KNOTS((1,2,2,2,2,1),(
    -2.094395102393,0.,2.094395102393,4.188790204786,6.28318530718,
8.377580409573),.UNSPECIFIED.) CURVE() GEOMETRIC_REPRESENTATION_ITEM()
RATIONAL_B_SPLINE_CURVE((1.,0.5,1.,0.5,1.,0.5,1.)) REPRESENTATION_ITEM(
  '') );
#345 = CARTESIAN_POINT('',(20.,10.));
#346 = CARTESIAN_POINT('',(20.,-7.320508075689));
#347 = CARTESIAN_POINT('',(5.,1.339745962156));
#348 = CARTESIAN_POINT('',(-10.,10.));
#349 = CARTESIAN_POINT('',(5.,18.660254037844));
#350 = CARTESIAN_POINT('',(20.,27.320508075689));
#351 = CARTESIAN_POINT('',(20.,10.));
#352 = ( GEOMETRIC_REPRESENTATION_CONTEXT(2)
PARAMETRIC_REPRESENTATION_CONTEXT() REPRESENTATION_CONTEXT('2D SPACE',''
  ) );
#353 = PCURVE('',#354,#359);
#354 = CYLINDRICAL_SURFACE('',#355,10.);
#355 = AXIS2_PLACEMENT_3D('',#356,#357,#358);
#356 = CARTESIAN_POINT('',(-31.500451267,-81.744234681,-72.99999553));
#357 = DIRECTION('',(0.,1.,0.));
#358 = DIRECTION('',(-1.,0.,0.));
#359 = DEFINITIONAL_REPRESENTATION('',(#360),#364);
#360 = LINE('',#361,#362);
#361 = CARTESIAN_POINT('',(1.570796326795,122.046049356));
#362 = VECTOR('',#363,1.);
#363 = DIRECTION('',(-1.,0.));
#364 = ( GEOMETRIC_REPRESENTATION_CONTEXT(2)
PARAMETRIC_REPRESENTATION_CONTEXT() REPRESENTATION_CONTEXT('2D SPACE',''
  ) );
#365 = ADVANCED_FACE('',(#366),#44,.F.);
#366 = FACE_BOUND('',#367,.F.);
#367 = EDGE_LOOP('',(#368,#369,#390,#419,#448,#474,#503));
#368 = ORIENTED_EDGE('',*,*,#21,.T.);
#369 = ORIENTED_EDGE('',*,*,#370,.T.);
#370 = EDGE_CURVE('',#24,#371,#373,.T.);
#371 = VERTEX_POINT('',#372);
#372 = CARTESIAN_POINT('',(-41.500451267,22.948383261552,11.9));
#373 = SURFACE_CURVE('',#374,(#378,#384),.PCURVE_S1.);
#374 = LINE('',#375,#376);
#375 = CARTESIAN_POINT('',(-41.500451267,-112.25574702,11.9));
#376 = VECTOR('',#377,1.);
#377 = DIRECTION('',(0.,-1.,0.));
#378 = PCURVE('',#44,#379);
#379 = DEFINITIONAL_REPRESENTATION('',(#380),#383);
#380 = B_SPLINE_CURVE_WITH_KNOTS('',1,(#381,#382),.UNSPECIFIED.,.F.,.F.,
  (2,2),(-152.557561695,-30.511512339),.PIECEWISE_BEZIER_KNOTS.);
#381 = CARTESIAN_POINT('',(94.89999553,-122.046049356));
#382 = CARTESIAN_POINT('',(94.89999553,0.));
#383 = ( GEOMETRIC_REPRESENTATION_CONTEXT(2)
PARAMETRIC_REPRESENTATION_CONTEXT() REPRESENTATION_CONTEXT('2D SPACE',''
  ) );
#384 = PCURVE('',#71,#385);
#385 = DEFINITIONAL_REPRESENTATION('',(#386),#389);
#386 = B_SPLINE_CURVE_WITH_KNOTS('',1,(#387,#388),.UNSPECIFIED.,.F.,.F.,
  (2,2),(-152.557561695,-30.511512339),.PIECEWISE_BEZIER_KNOTS.);
#387 = CARTESIAN_POINT('',(10.,183.069074034));
#388 = CARTESIAN_POINT('',(10.,61.023024678));
#389 = ( GEOMETRIC_REPRESENTATION_CONTEXT(2)
PARAMETRIC_REPRESENTATION_CONTEXT() REPRESENTATION_CONTEXT('2D SPACE',''
  ) );
#390 = ORIENTED_EDGE('',*,*,#391,.F.);
#391 = EDGE_CURVE('',#392,#371,#394,.T.);
#392 = VERTEX_POINT('',#393);
#393 = CARTESIAN_POINT('',(-41.500451267,23.159770540863,11.85));
#394 = SURFACE_CURVE('',#395,(#400,#407),.PCURVE_S1.);
#395 = CIRCLE('',#396,13.95);
#396 = AXIS2_PLACEMENT_3D('',#397,#398,#399);
#397 = CARTESIAN_POINT('',(-41.500451267,19.843145750508,-1.7));
#398 = DIRECTION('',(1.,-0.,0.));
#399 = DIRECTION('',(0.,0.,-1.));
#400 = PCURVE('',#44,#401);
#401 = DEFINITIONAL_REPRESENTATION('',(#402),#406);
#402 = CIRCLE('',#403,13.95);
#403 = AXIS2_PLACEMENT_2D('',#404,#405);
#404 = CARTESIAN_POINT('',(81.29999553,-101.5873804315));
#405 = DIRECTION('',(-1.,0.));
#406 = ( GEOMETRIC_REPRESENTATION_CONTEXT(2)
PARAMETRIC_REPRESENTATION_CONTEXT() REPRESENTATION_CONTEXT('2D SPACE',''
  ) );
#407 = PCURVE('',#408,#413);
#408 = CONICAL_SURFACE('',#409,14.,0.785398163397);
#409 = AXIS2_PLACEMENT_3D('',#410,#411,#412);
#410 = CARTESIAN_POINT('',(-41.550451267,19.843145750508,-1.7));
#411 = DIRECTION('',(-1.,0.,-0.));
#412 = DIRECTION('',(0.,0.,-1.));
#413 = DEFINITIONAL_REPRESENTATION('',(#414),#418);
#414 = LINE('',#415,#416);
#415 = CARTESIAN_POINT('',(-0.,-5.E-02));
#416 = VECTOR('',#417,1.);
#417 = DIRECTION('',(-1.,-0.));
#418 = ( GEOMETRIC_REPRESENTATION_CONTEXT(2)
PARAMETRIC_REPRESENTATION_CONTEXT() REPRESENTATION_CONTEXT('2D SPACE',''
  ) );
#419 = ORIENTED_EDGE('',*,*,#420,.F.);
#420 = EDGE_CURVE('',#421,#392,#423,.T.);
#421 = VERTEX_POINT('',#422);
#422 = CARTESIAN_POINT('',(-41.500451267,33.793145750508,-1.7));
#423 = SURFACE_CURVE('',#424,(#429,#436),.PCURVE_S1.);
#424 = CIRCLE('',#425,13.95);
#425 = AXIS2_PLACEMENT_3D('',#426,#427,#428);
#426 = CARTESIAN_POINT('',(-41.500451267,19.843145750508,-1.7));
#427 = DIRECTION('',(1.,-0.,0.));
#428 = DIRECTION('',(0.,0.,-1.));
#429 = PCURVE('',#44,#430);
#430 = DEFINITIONAL_REPRESENTATION('',(#431),#435);
#431 = CIRCLE('',#432,13.95);
#432 = AXIS2_PLACEMENT_2D('',#433,#434);
#433 = CARTESIAN_POINT('',(81.29999553,-101.5873804315));
#434 = DIRECTION('',(-1.,0.));
#435 = ( GEOMETRIC_REPRESENTATION_CONTEXT(2)
PARAMETRIC_REPRESENTATION_CONTEXT() REPRESENTATION_CONTEXT('2D SPACE',''
  ) );
#436 = PCURVE('',#437,#442);
#437 = CONICAL_SURFACE('',#438,14.,0.785398163397);
#438 = AXIS2_PLACEMENT_3D('',#439,#440,#441);
#439 = CARTESIAN_POINT('',(-41.550451267,19.843145750508,-1.7));
#440 = DIRECTION('',(-1.,0.,-0.));
#441 = DIRECTION('',(0.,0.,-1.));
#442 = DEFINITIONAL_REPRESENTATION('',(#443),#447);
#443 = LINE('',#444,#445);
#444 = CARTESIAN_POINT('',(-0.,-5.E-02));
#445 = VECTOR('',#446,1.);
#446 = DIRECTION('',(-1.,-0.));
#447 = ( GEOMETRIC_REPRESENTATION_CONTEXT(2)
PARAMETRIC_REPRESENTATION_CONTEXT() REPRESENTATION_CONTEXT('2D SPACE',''
  ) );
#448 = ORIENTED_EDGE('',*,*,#449,.F.);
#449 = EDGE_CURVE('',#450,#421,#452,.T.);
#450 = VERTEX_POINT('',#451);
#451 = CARTESIAN_POINT('',(-41.500451267,33.793145750508,-62.3431457505)
  );
#452 = SURFACE_CURVE('',#453,(#457,#463),.PCURVE_S1.);
#453 = LINE('',#454,#455);
#454 = CARTESIAN_POINT('',(-41.500451267,33.793145750508,-76.67157064025
    ));
#455 = VECTOR('',#456,1.);
#456 = DIRECTION('',(-0.,0.,1.));
#457 = PCURVE('',#44,#458);
#458 = DEFINITIONAL_REPRESENTATION('',(#459),#462);
#459 = B_SPLINE_CURVE_WITH_KNOTS('',1,(#460,#461),.UNSPECIFIED.,.F.,.F.,
  (2,2),(14.328424889746,74.971570640254),.PIECEWISE_BEZIER_KNOTS.);
#460 = CARTESIAN_POINT('',(20.656849779492,-115.5373804315));
#461 = CARTESIAN_POINT('',(81.29999553,-115.5373804315));
#462 = ( GEOMETRIC_REPRESENTATION_CONTEXT(2)
PARAMETRIC_REPRESENTATION_CONTEXT() REPRESENTATION_CONTEXT('2D SPACE',''
  ) );
#463 = PCURVE('',#464,#469);
#464 = PLANE('',#465);
#465 = AXIS2_PLACEMENT_3D('',#466,#467,#468);
#466 = CARTESIAN_POINT('',(-35.550451267,27.843145750508,-70.3431457505)
  );
#467 = DIRECTION('',(0.707106781187,0.707106781187,-0.));
#468 = DIRECTION('',(0.,0.,1.));
#469 = DEFINITIONAL_REPRESENTATION('',(#470),#473);
#470 = B_SPLINE_CURVE_WITH_KNOTS('',1,(#471,#472),.UNSPECIFIED.,.F.,.F.,
  (2,2),(14.328424889746,74.971570640254),.PIECEWISE_BEZIER_KNOTS.);
#471 = CARTESIAN_POINT('',(8.,-8.41457069612));
#472 = CARTESIAN_POINT('',(68.643145750508,-8.41457069612));
#473 = ( GEOMETRIC_REPRESENTATION_CONTEXT(2)
PARAMETRIC_REPRESENTATION_CONTEXT() REPRESENTATION_CONTEXT('2D SPACE',''
  ) );
#474 = ORIENTED_EDGE('',*,*,#475,.F.);
#475 = EDGE_CURVE('',#476,#450,#478,.T.);
#476 = VERTEX_POINT('',#477);
#477 = CARTESIAN_POINT('',(-41.500451267,28.84503737268,-72.99999553));
#478 = SURFACE_CURVE('',#479,(#484,#491),.PCURVE_S1.);
#479 = CIRCLE('',#480,13.95);
#480 = AXIS2_PLACEMENT_3D('',#481,#482,#483);
#481 = CARTESIAN_POINT('',(-41.500451267,19.843145750508,-62.3431457505)
  );
#482 = DIRECTION('',(1.,-0.,0.));
#483 = DIRECTION('',(0.,0.,-1.));
#484 = PCURVE('',#44,#485);
#485 = DEFINITIONAL_REPRESENTATION('',(#486),#490);
#486 = CIRCLE('',#487,13.95);
#487 = AXIS2_PLACEMENT_2D('',#488,#489);
#488 = CARTESIAN_POINT('',(20.656849779492,-101.5873804315));
#489 = DIRECTION('',(-1.,0.));
#490 = ( GEOMETRIC_REPRESENTATION_CONTEXT(2)
PARAMETRIC_REPRESENTATION_CONTEXT() REPRESENTATION_CONTEXT('2D SPACE',''
  ) );
#491 = PCURVE('',#492,#497);
#492 = CONICAL_SURFACE('',#493,14.,0.785398163397);
#493 = AXIS2_PLACEMENT_3D('',#494,#495,#496);
#494 = CARTESIAN_POINT('',(-41.550451267,19.843145750508,-62.3431457505)
  );
#495 = DIRECTION('',(-1.,0.,-0.));
#496 = DIRECTION('',(0.,0.,-1.));
#497 = DEFINITIONAL_REPRESENTATION('',(#498),#502);
#498 = LINE('',#499,#500);
#499 = CARTESIAN_POINT('',(-0.,-5.E-02));
#500 = VECTOR('',#501,1.);
#501 = DIRECTION('',(-1.,-0.));
#502 = ( GEOMETRIC_REPRESENTATION_CONTEXT(2)
PARAMETRIC_REPRESENTATION_CONTEXT() REPRESENTATION_CONTEXT('2D SPACE',''
  ) );
#503 = ORIENTED_EDGE('',*,*,#504,.T.);
#504 = EDGE_CURVE('',#476,#22,#505,.T.);
#505 = SURFACE_CURVE('',#506,(#510,#517),.PCURVE_S1.);
#506 = LINE('',#507,#508);
#507 = CARTESIAN_POINT('',(-41.500451267,-81.744234681,-72.99999553));
#508 = VECTOR('',#509,1.);
#509 = DIRECTION('',(0.,1.,0.));
#510 = PCURVE('',#44,#511);
#511 = DEFINITIONAL_REPRESENTATION('',(#512),#516);
#512 = LINE('',#513,#514);
#513 = CARTESIAN_POINT('',(10.,0.));
#514 = VECTOR('',#515,1.);
#515 = DIRECTION('',(0.,-1.));
#516 = ( GEOMETRIC_REPRESENTATION_CONTEXT(2)
PARAMETRIC_REPRESENTATION_CONTEXT() REPRESENTATION_CONTEXT('2D SPACE',''
  ) );
#517 = PCURVE('',#354,#518);
#518 = DEFINITIONAL_REPRESENTATION('',(#519),#523);
#519 = LINE('',#520,#521);
#520 = CARTESIAN_POINT('',(-0.,0.));
#521 = VECTOR('',#522,1.);
#522 = DIRECTION('',(-0.,1.));
#523 = ( GEOMETRIC_REPRESENTATION_CONTEXT(2)
PARAMETRIC_REPRESENTATION_CONTEXT() REPRESENTATION_CONTEXT('2D SPACE',''
  ) );
#524 = ADVANCED_FACE('',(#525),#354,.T.);
#525 = FACE_BOUND('',#526,.F.);
#526 = EDGE_LOOP('',(#527,#557,#590,#611,#612,#613,#723,#749));
#527 = ORIENTED_EDGE('',*,*,#528,.F.);
#528 = EDGE_CURVE('',#529,#531,#533,.T.);
#529 = VERTEX_POINT('',#530);
#530 = CARTESIAN_POINT('',(-41.500451267,-81.744234681,-72.99999553));
#531 = VERTEX_POINT('',#532);
#532 = CARTESIAN_POINT('',(-41.500451267,-28.84503737268,-72.99999553));
#533 = SURFACE_CURVE('',#534,(#538,#545),.PCURVE_S1.);
#534 = LINE('',#535,#536);
#535 = CARTESIAN_POINT('',(-41.500451267,-81.744234681,-72.99999553));
#536 = VECTOR('',#537,1.);
#537 = DIRECTION('',(0.,1.,0.));
#538 = PCURVE('',#354,#539);
#539 = DEFINITIONAL_REPRESENTATION('',(#540),#544);
#540 = LINE('',#541,#542);
#541 = CARTESIAN_POINT('',(-0.,0.));
#542 = VECTOR('',#543,1.);
#543 = DIRECTION('',(-0.,1.));
#544 = ( GEOMETRIC_REPRESENTATION_CONTEXT(2)
PARAMETRIC_REPRESENTATION_CONTEXT() REPRESENTATION_CONTEXT('2D SPACE',''
  ) );
#545 = PCURVE('',#546,#551);
#546 = PLANE('',#547);
#547 = AXIS2_PLACEMENT_3D('',#548,#549,#550);
#548 = CARTESIAN_POINT('',(-41.500451267,-81.744234681,-82.99999553));
#549 = DIRECTION('',(1.,0.,0.));
#550 = DIRECTION('',(0.,0.,1.));
#551 = DEFINITIONAL_REPRESENTATION('',(#552),#556);
#552 = LINE('',#553,#554);
#553 = CARTESIAN_POINT('',(10.,0.));
#554 = VECTOR('',#555,1.);
#555 = DIRECTION('',(0.,-1.));
#556 = ( GEOMETRIC_REPRESENTATION_CONTEXT(2)
PARAMETRIC_REPRESENTATION_CONTEXT() REPRESENTATION_CONTEXT('2D SPACE',''
  ) );
#557 = ORIENTED_EDGE('',*,*,#558,.T.);
#558 = EDGE_CURVE('',#529,#559,#561,.T.);
#559 = VERTEX_POINT('',#560);
#560 = CARTESIAN_POINT('',(-31.500451267,-81.744234681,-82.99999553));
#561 = SURFACE_CURVE('',#562,(#567,#574),.PCURVE_S1.);
#562 = CIRCLE('',#563,10.);
#563 = AXIS2_PLACEMENT_3D('',#564,#565,#566);
#564 = CARTESIAN_POINT('',(-31.500451267,-81.744234681,-72.99999553));
#565 = DIRECTION('',(-0.,-1.,0.));
#566 = DIRECTION('',(0.,-0.,1.));
#567 = PCURVE('',#354,#568);
#568 = DEFINITIONAL_REPRESENTATION('',(#569),#573);
#569 = LINE('',#570,#571);
#570 = CARTESIAN_POINT('',(1.570796326795,-0.));
#571 = VECTOR('',#572,1.);
#572 = DIRECTION('',(-1.,0.));
#573 = ( GEOMETRIC_REPRESENTATION_CONTEXT(2)
PARAMETRIC_REPRESENTATION_CONTEXT() REPRESENTATION_CONTEXT('2D SPACE',''
  ) );
#574 = PCURVE('',#575,#580);
#575 = PLANE('',#576);
#576 = AXIS2_PLACEMENT_3D('',#577,#578,#579);
#577 = CARTESIAN_POINT('',(-41.500451267,-81.744234681,-82.99999553));
#578 = DIRECTION('',(0.,1.,0.));
#579 = DIRECTION('',(0.,0.,1.));
#580 = DEFINITIONAL_REPRESENTATION('',(#581),#589);
#581 = ( BOUNDED_CURVE() B_SPLINE_CURVE(2,(#582,#583,#584,#585,#586,#587
,#588),.UNSPECIFIED.,.T.,.F.) B_SPLINE_CURVE_WITH_KNOTS((1,2,2,2,2,1),(
    -2.094395102393,0.,2.094395102393,4.188790204786,6.28318530718,
8.377580409573),.UNSPECIFIED.) CURVE() GEOMETRIC_REPRESENTATION_ITEM()
RATIONAL_B_SPLINE_CURVE((1.,0.5,1.,0.5,1.,0.5,1.)) REPRESENTATION_ITEM(
  '') );
#582 = CARTESIAN_POINT('',(20.,10.));
#583 = CARTESIAN_POINT('',(20.,-7.320508075689));
#584 = CARTESIAN_POINT('',(5.,1.339745962156));
#585 = CARTESIAN_POINT('',(-10.,10.));
#586 = CARTESIAN_POINT('',(5.,18.660254037844));
#587 = CARTESIAN_POINT('',(20.,27.320508075689));
#588 = CARTESIAN_POINT('',(20.,10.));
#589 = ( GEOMETRIC_REPRESENTATION_CONTEXT(2)
PARAMETRIC_REPRESENTATION_CONTEXT() REPRESENTATION_CONTEXT('2D SPACE',''
  ) );
#590 = ORIENTED_EDGE('',*,*,#591,.T.);
#591 = EDGE_CURVE('',#559,#308,#592,.T.);
#592 = SURFACE_CURVE('',#593,(#597,#604),.PCURVE_S1.);
#593 = LINE('',#594,#595);
#594 = CARTESIAN_POINT('',(-31.500451267,-81.744234681,-82.99999553));
#595 = VECTOR('',#596,1.);
#596 = DIRECTION('',(0.,1.,0.));
#597 = PCURVE('',#354,#598);
#598 = DEFINITIONAL_REPRESENTATION('',(#599),#603);
#599 = LINE('',#600,#601);
#600 = CARTESIAN_POINT('',(-1.570796326795,0.));
#601 = VECTOR('',#602,1.);
#602 = DIRECTION('',(-0.,1.));
#603 = ( GEOMETRIC_REPRESENTATION_CONTEXT(2)
PARAMETRIC_REPRESENTATION_CONTEXT() REPRESENTATION_CONTEXT('2D SPACE',''
  ) );
#604 = PCURVE('',#323,#605);
#605 = DEFINITIONAL_REPRESENTATION('',(#606),#610);
#606 = LINE('',#607,#608);
#607 = CARTESIAN_POINT('',(10.,0.));
#608 = VECTOR('',#609,1.);
#609 = DIRECTION('',(0.,1.));
#610 = ( GEOMETRIC_REPRESENTATION_CONTEXT(2)
PARAMETRIC_REPRESENTATION_CONTEXT() REPRESENTATION_CONTEXT('2D SPACE',''
  ) );
#611 = ORIENTED_EDGE('',*,*,#335,.F.);
#612 = ORIENTED_EDGE('',*,*,#504,.F.);
#613 = ORIENTED_EDGE('',*,*,#614,.T.);
#614 = EDGE_CURVE('',#476,#615,#617,.T.);
#615 = VERTEX_POINT('',#616);
#616 = CARTESIAN_POINT('',(-41.07919072782,19.843145750508,
    -75.87188521132));
#617 = SURFACE_CURVE('',#618,(#651,#687),.PCURVE_S1.);
#618 = B_SPLINE_CURVE_WITH_KNOTS('',7,(#619,#620,#621,#622,#623,#624,
    #625,#626,#627,#628,#629,#630,#631,#632,#633,#634,#635,#636,#637,
    #638,#639,#640,#641,#642,#643,#644,#645,#646,#647,#648,#649,#650),
  .UNSPECIFIED.,.F.,.F.,(8,6,6,6,6,8),(0.,0.135759402861,0.24654051904,
    0.378796441512,0.557329845481,1.),.UNSPECIFIED.);
#619 = CARTESIAN_POINT('',(-41.500451267,28.84503737268,-72.99999553));
#620 = CARTESIAN_POINT('',(-41.500451267,28.689594351955,-73.13129898786
    ));
#621 = CARTESIAN_POINT('',(-41.49843989051,28.531909057303,
    -73.25733095326));
#622 = CARTESIAN_POINT('',(-41.49470769582,28.372269246457,
    -73.37836404957));
#623 = CARTESIAN_POINT('',(-41.48950065521,28.210915893991,
    -73.49464118194));
#624 = CARTESIAN_POINT('',(-41.48303032777,28.048046874133,
    -73.60638623399));
#625 = CARTESIAN_POINT('',(-41.47548068249,27.883818846917,
    -73.71380977513));
#626 = CARTESIAN_POINT('',(-41.46010068703,27.583320844943,
    -73.90140367952));
#627 = CARTESIAN_POINT('',(-41.45257798865,27.447473776414,
    -73.98294729198));
#628 = CARTESIAN_POINT('',(-41.44453065622,27.310874732138,
    -74.06184501176));
#629 = CARTESIAN_POINT('',(-41.43603631846,27.173583999134,
    -74.13819121417));
#630 = CARTESIAN_POINT('',(-41.42716436795,27.035653910534,
    -74.21207184367));
#631 = CARTESIAN_POINT('',(-41.41797727605,26.897129194735,
    -74.28356600348));
#632 = CARTESIAN_POINT('',(-41.3972555646,26.592004575766,
    -74.43533985834));
#633 = CARTESIAN_POINT('',(-41.38561130852,26.425170700655,
    -74.51463458044));
#634 = CARTESIAN_POINT('',(-41.37369557511,26.257610444442,
    -74.59075629576));
#635 = CARTESIAN_POINT('',(-41.36159381287,26.089381002951,
    -74.66381533075));
#636 = CARTESIAN_POINT('',(-41.34938205553,25.920532375179,-74.73391));
#637 = CARTESIAN_POINT('',(-41.33712849426,25.75110771588,
    -74.80112885203));
#638 = CARTESIAN_POINT('',(-41.30838101839,25.351707789525,
    -74.95251951028));
#639 = CARTESIAN_POINT('',(-41.29190398595,25.121293344085,
    -75.03439172935));
#640 = CARTESIAN_POINT('',(-41.27561548439,24.889991479123,
    -75.11136712413));
#641 = CARTESIAN_POINT('',(-41.25964698107,24.657883812182,
    -75.18361374933));
#642 = CARTESIAN_POINT('',(-41.24411276064,24.425042988579,
    -75.25127505987));
#643 = CARTESIAN_POINT('',(-41.22911280683,24.191533218917,
    -75.31447480842));
#644 = CARTESIAN_POINT('',(-41.17908788415,23.376908805752,
    -75.51923228478));
#645 = CARTESIAN_POINT('',(-41.14727098224,22.792678954849,
    -75.63837269728));
#646 = CARTESIAN_POINT('',(-41.12062679014,22.205565651467,
    -75.7324003885));
#647 = CARTESIAN_POINT('',(-41.10005442604,21.616346391347,
    -75.80229500389));
#648 = CARTESIAN_POINT('',(-41.08614618684,21.025752177806,
    -75.84868708404));
#649 = CARTESIAN_POINT('',(-41.07919072782,20.4344700632,-75.87188521132
    ));
#650 = CARTESIAN_POINT('',(-41.07919072782,19.843145750508,
    -75.87188521132));
#651 = PCURVE('',#354,#652);
#652 = DEFINITIONAL_REPRESENTATION('',(#653),#686);
#653 = B_SPLINE_CURVE_WITH_KNOTS('',7,(#654,#655,#656,#657,#658,#659,
    #660,#661,#662,#663,#664,#665,#666,#667,#668,#669,#670,#671,#672,
    #673,#674,#675,#676,#677,#678,#679,#680,#681,#682,#683,#684,#685),
  .UNSPECIFIED.,.F.,.F.,(8,6,6,6,6,8),(0.,0.135759402861,0.24654051904,
    0.378796441512,0.557329845481,1.),.UNSPECIFIED.);
#654 = CARTESIAN_POINT('',(0.,110.58927205368));
#655 = CARTESIAN_POINT('',(-1.31303457864E-02,110.43382903295));
#656 = CARTESIAN_POINT('',(-2.573354317328E-02,110.2761437383));
#657 = CARTESIAN_POINT('',(-3.784054709282E-02,110.11650392745));
#658 = CARTESIAN_POINT('',(-4.947802198225E-02,109.95515057499));
#659 = CARTESIAN_POINT('',(-6.066984539623E-02,109.79228155513));
#660 = CARTESIAN_POINT('',(-7.143796758264E-02,109.62805352791));
#661 = CARTESIAN_POINT('',(-9.026029932561E-02,109.32755552594));
#662 = CARTESIAN_POINT('',(-9.844886326416E-02,109.19170845741));
#663 = CARTESIAN_POINT('',(-0.106378993032,109.05510941313));
#664 = CARTESIAN_POINT('',(-0.114060173836,108.91781868013));
#665 = CARTESIAN_POINT('',(-0.121500900568,108.77988859153));
#666 = CARTESIAN_POINT('',(-0.128708876476,108.64136387573));
#667 = CARTESIAN_POINT('',(-0.144027065777,108.33623925676));
#668 = CARTESIAN_POINT('',(-0.152041170784,108.16940538165));
#669 = CARTESIAN_POINT('',(-0.159745503986,108.00184512544));
#670 = CARTESIAN_POINT('',(-0.16715046929,107.83361568395));
#671 = CARTESIAN_POINT('',(-0.174265162381,107.66476705617));
#672 = CARTESIAN_POINT('',(-0.18109763571,107.49534239688));
#673 = CARTESIAN_POINT('',(-0.196507226482,107.09594247052));
#674 = CARTESIAN_POINT('',(-0.204858110138,106.86552802508));
#675 = CARTESIAN_POINT('',(-0.212725508706,106.63422616012));
#676 = CARTESIAN_POINT('',(-0.220124063205,106.40211849318));
#677 = CARTESIAN_POINT('',(-0.227065925287,106.16927766957));
#678 = CARTESIAN_POINT('',(-0.233561321101,105.93576789991));
#679 = CARTESIAN_POINT('',(-0.254639299423,105.12114348675));
#680 = CARTESIAN_POINT('',(-0.266968060644,104.53691363584));
#681 = CARTESIAN_POINT('',(-0.276740042818,103.94980033246));
#682 = CARTESIAN_POINT('',(-0.284025814745,103.36058107234));
#683 = CARTESIAN_POINT('',(-0.288869048853,102.7699868588));
#684 = CARTESIAN_POINT('',(-0.291290883934,102.1787047442));
#685 = CARTESIAN_POINT('',(-0.291290883934,101.5873804315));
#686 = ( GEOMETRIC_REPRESENTATION_CONTEXT(2)
PARAMETRIC_REPRESENTATION_CONTEXT() REPRESENTATION_CONTEXT('2D SPACE',''
  ) );
#687 = PCURVE('',#492,#688);
#688 = DEFINITIONAL_REPRESENTATION('',(#689),#722);
#689 = B_SPLINE_CURVE_WITH_KNOTS('',7,(#690,#691,#692,#693,#694,#695,
    #696,#697,#698,#699,#700,#701,#702,#703,#704,#705,#706,#707,#708,
    #709,#710,#711,#712,#713,#714,#715,#716,#717,#718,#719,#720,#721),
  .UNSPECIFIED.,.F.,.F.,(8,6,6,6,6,8),(0.,0.135759402861,0.24654051904,
    0.378796441512,0.557329845481,1.),.UNSPECIFIED.);
#690 = CARTESIAN_POINT('',(-0.701411854219,-4.999999999999E-02));
#691 = CARTESIAN_POINT('',(-0.686825646856,-4.999999999999E-02));
#692 = CARTESIAN_POINT('',(-0.672360494287,-5.201137648184E-02));
#693 = CARTESIAN_POINT('',(-0.658005649581,-5.574357117239E-02));
#694 = CARTESIAN_POINT('',(-0.643751877238,-6.095061178863E-02));
#695 = CARTESIAN_POINT('',(-0.629590467444,-6.742093922924E-02));
#696 = CARTESIAN_POINT('',(-0.615512559311,-7.497058450594E-02));
#697 = CARTESIAN_POINT('',(-0.590081534721,-9.035057996265E-02));
#698 = CARTESIAN_POINT('',(-0.578704273413,-9.787327834471E-02));
#699 = CARTESIAN_POINT('',(-0.567372373877,-0.105920610778));
#700 = CARTESIAN_POINT('',(-0.556081732714,-0.11441494854));
#701 = CARTESIAN_POINT('',(-0.544828619637,-0.123286899048));
#702 = CARTESIAN_POINT('',(-0.533609538641,-0.132473990944));
#703 = CARTESIAN_POINT('',(-0.509063770207,-0.153195702391));
#704 = CARTESIAN_POINT('',(-0.495750348703,-0.164839958475));
#705 = CARTESIAN_POINT('',(-0.482475168523,-0.17675569189));
#706 = CARTESIAN_POINT('',(-0.469233355947,-0.188857454124));
#707 = CARTESIAN_POINT('',(-0.456020639122,-0.201069211461));
#708 = CARTESIAN_POINT('',(-0.442833167505,-0.213322772738));
#709 = CARTESIAN_POINT('',(-0.411894656132,-0.242070248603));
#710 = CARTESIAN_POINT('',(-0.394161736866,-0.258547281049));
#711 = CARTESIAN_POINT('',(-0.376459876428,-0.274835782607));
#712 = CARTESIAN_POINT('',(-0.358782125053,-0.290804285923));
#713 = CARTESIAN_POINT('',(-0.341122891129,-0.306338506351));
#714 = CARTESIAN_POINT('',(-0.323477552022,-0.321338460167));
#715 = CARTESIAN_POINT('',(-0.262115212499,-0.371363382846));
#716 = CARTESIAN_POINT('',(-0.218451902498,-0.403180284755));
#717 = CARTESIAN_POINT('',(-0.174790230482,-0.429824476858));
#718 = CARTESIAN_POINT('',(-0.131111232282,-0.450396840956));
#719 = CARTESIAN_POINT('',(-8.741436886339E-02,-0.464305080157));
#720 = CARTESIAN_POINT('',(-4.37087516102E-02,-0.471260539179));
#721 = CARTESIAN_POINT('',(0.,-0.471260539179));
#722 = ( GEOMETRIC_REPRESENTATION_CONTEXT(2)
PARAMETRIC_REPRESENTATION_CONTEXT() REPRESENTATION_CONTEXT('2D SPACE',''
  ) );
#723 = ORIENTED_EDGE('',*,*,#724,.F.);
#724 = EDGE_CURVE('',#725,#615,#727,.T.);
#725 = VERTEX_POINT('',#726);
#726 = CARTESIAN_POINT('',(-41.07919072782,-19.8431457505,
    -75.87188521132));
#727 = SURFACE_CURVE('',#728,(#732,#738),.PCURVE_S1.);
#728 = LINE('',#729,#730);
#729 = CARTESIAN_POINT('',(-41.07919072782,-81.744234681,-75.87188521132
    ));
#730 = VECTOR('',#731,1.);
#731 = DIRECTION('',(0.,1.,0.));
#732 = PCURVE('',#354,#733);
#733 = DEFINITIONAL_REPRESENTATION('',(#734),#737);
#734 = B_SPLINE_CURVE_WITH_KNOTS('',1,(#735,#736),.UNSPECIFIED.,.F.,.F.,
  (2,2),(57.932459780391,105.5560095816),.PIECEWISE_BEZIER_KNOTS.);
#735 = CARTESIAN_POINT('',(-0.291290883934,57.932459780391));
#736 = CARTESIAN_POINT('',(-0.291290883934,105.5560095816));
#737 = ( GEOMETRIC_REPRESENTATION_CONTEXT(2)
PARAMETRIC_REPRESENTATION_CONTEXT() REPRESENTATION_CONTEXT('2D SPACE',''
  ) );
#738 = PCURVE('',#739,#744);
#739 = PLANE('',#740);
#740 = AXIS2_PLACEMENT_3D('',#741,#742,#743);
#741 = CARTESIAN_POINT('',(-35.550451267,-27.8431457505,-70.3431457505)
  );
#742 = DIRECTION('',(0.707106781187,0.,-0.707106781187));
#743 = DIRECTION('',(0.,1.,0.));
#744 = DEFINITIONAL_REPRESENTATION('',(#745),#748);
#745 = B_SPLINE_CURVE_WITH_KNOTS('',1,(#746,#747),.UNSPECIFIED.,.F.,.F.,
  (2,2),(57.932459780391,105.5560095816),.PIECEWISE_BEZIER_KNOTS.);
#746 = CARTESIAN_POINT('',(4.031370849898,-7.81881832832));
#747 = CARTESIAN_POINT('',(51.654920651117,-7.81881832832));
#748 = ( GEOMETRIC_REPRESENTATION_CONTEXT(2)
PARAMETRIC_REPRESENTATION_CONTEXT() REPRESENTATION_CONTEXT('2D SPACE',''
  ) );
#749 = ORIENTED_EDGE('',*,*,#750,.F.);
#750 = EDGE_CURVE('',#531,#725,#751,.T.);
#751 = SURFACE_CURVE('',#752,(#785,#821),.PCURVE_S1.);
#752 = B_SPLINE_CURVE_WITH_KNOTS('',7,(#753,#754,#755,#756,#757,#758,
    #759,#760,#761,#762,#763,#764,#765,#766,#767,#768,#769,#770,#771,
    #772,#773,#774,#775,#776,#777,#778,#779,#780,#781,#782,#783,#784),
  .UNSPECIFIED.,.F.,.F.,(8,6,6,6,6,8),(0.,0.135759402862,0.246540519041,
    0.378796441513,0.557329845482,1.),.UNSPECIFIED.);
#753 = CARTESIAN_POINT('',(-41.500451267,-28.84503737268,-72.99999553));
#754 = CARTESIAN_POINT('',(-41.500451267,-28.68959435195,-73.13129898786
    ));
#755 = CARTESIAN_POINT('',(-41.49843989051,-28.5319090573,
    -73.25733095326));
#756 = CARTESIAN_POINT('',(-41.49470769582,-28.37226924645,
    -73.37836404957));
#757 = CARTESIAN_POINT('',(-41.48950065521,-28.21091589399,
    -73.49464118194));
#758 = CARTESIAN_POINT('',(-41.48303032777,-28.04804687413,
    -73.60638623399));
#759 = CARTESIAN_POINT('',(-41.47548068249,-27.88381884691,
    -73.71380977513));
#760 = CARTESIAN_POINT('',(-41.46010068703,-27.58332084494,
    -73.90140367952));
#761 = CARTESIAN_POINT('',(-41.45257798865,-27.44747377641,
    -73.98294729198));
#762 = CARTESIAN_POINT('',(-41.44453065622,-27.31087473213,
    -74.06184501176));
#763 = CARTESIAN_POINT('',(-41.43603631846,-27.17358399913,
    -74.13819121417));
#764 = CARTESIAN_POINT('',(-41.42716436795,-27.03565391053,
    -74.21207184367));
#765 = CARTESIAN_POINT('',(-41.41797727605,-26.89712919473,
    -74.28356600348));
#766 = CARTESIAN_POINT('',(-41.3972555646,-26.59200457576,
    -74.43533985834));
#767 = CARTESIAN_POINT('',(-41.38561130852,-26.42517070065,
    -74.51463458045));
#768 = CARTESIAN_POINT('',(-41.37369557511,-26.25761044444,
    -74.59075629576));
#769 = CARTESIAN_POINT('',(-41.36159381287,-26.08938100295,
    -74.66381533075));
#770 = CARTESIAN_POINT('',(-41.34938205553,-25.92053237517,-74.73391));
#771 = CARTESIAN_POINT('',(-41.33712849426,-25.75110771588,
    -74.80112885203));
#772 = CARTESIAN_POINT('',(-41.30838101839,-25.35170778952,
    -74.95251951028));
#773 = CARTESIAN_POINT('',(-41.29190398595,-25.12129334408,
    -75.03439172935));
#774 = CARTESIAN_POINT('',(-41.27561548439,-24.88999147912,
    -75.11136712413));
#775 = CARTESIAN_POINT('',(-41.25964698107,-24.65788381218,
    -75.18361374933));
#776 = CARTESIAN_POINT('',(-41.24411276064,-24.42504298857,
    -75.25127505987));
#777 = CARTESIAN_POINT('',(-41.22911280683,-24.19153321891,
    -75.31447480842));
#778 = CARTESIAN_POINT('',(-41.17908788415,-23.37690880575,
    -75.51923228478));
#779 = CARTESIAN_POINT('',(-41.14727098224,-22.79267895484,
    -75.63837269728));
#780 = CARTESIAN_POINT('',(-41.12062679014,-22.20556565147,
    -75.7324003885));
#781 = CARTESIAN_POINT('',(-41.10005442604,-21.61634639134,
    -75.80229500389));
#782 = CARTESIAN_POINT('',(-41.08614618684,-21.0257521778,
    -75.84868708404));
#783 = CARTESIAN_POINT('',(-41.07919072782,-20.4344700632,
    -75.87188521132));
#784 = CARTESIAN_POINT('',(-41.07919072782,-19.8431457505,
    -75.87188521132));
#785 = PCURVE('',#354,#786);
#786 = DEFINITIONAL_REPRESENTATION('',(#787),#820);
#787 = B_SPLINE_CURVE_WITH_KNOTS('',7,(#788,#789,#790,#791,#792,#793,
    #794,#795,#796,#797,#798,#799,#800,#801,#802,#803,#804,#805,#806,
    #807,#808,#809,#810,#811,#812,#813,#814,#815,#816,#817,#818,#819),
  .UNSPECIFIED.,.F.,.F.,(8,6,6,6,6,8),(0.,0.135759402862,0.246540519041,
    0.378796441513,0.557329845482,1.),.UNSPECIFIED.);
#788 = CARTESIAN_POINT('',(0.,52.89919730832));
#789 = CARTESIAN_POINT('',(-1.313034578634E-02,53.054640329044));
#790 = CARTESIAN_POINT('',(-2.57335431734E-02,53.212325623699));
#791 = CARTESIAN_POINT('',(-3.784054709272E-02,53.371965434542));
#792 = CARTESIAN_POINT('',(-4.947802198218E-02,53.533318787008));
#793 = CARTESIAN_POINT('',(-6.066984539638E-02,53.69618780687));
#794 = CARTESIAN_POINT('',(-7.143796758256E-02,53.860415834082));
#795 = CARTESIAN_POINT('',(-9.02602993256E-02,54.160913836057));
#796 = CARTESIAN_POINT('',(-9.844886326417E-02,54.296760904586));
#797 = CARTESIAN_POINT('',(-0.106378993032,54.433359948862));
#798 = CARTESIAN_POINT('',(-0.114060173836,54.570650681866));
#799 = CARTESIAN_POINT('',(-0.121500900568,54.708580770466));
#800 = CARTESIAN_POINT('',(-0.128708876476,54.847105486266));
#801 = CARTESIAN_POINT('',(-0.144027065777,55.152230105234));
#802 = CARTESIAN_POINT('',(-0.152041170784,55.319063980345));
#803 = CARTESIAN_POINT('',(-0.159745503986,55.486624236558));
#804 = CARTESIAN_POINT('',(-0.16715046929,55.654853678049));
#805 = CARTESIAN_POINT('',(-0.174265162381,55.823702305821));
#806 = CARTESIAN_POINT('',(-0.18109763571,55.99312696512));
#807 = CARTESIAN_POINT('',(-0.196507226482,56.392526891475));
#808 = CARTESIAN_POINT('',(-0.204858110138,56.622941336915));
#809 = CARTESIAN_POINT('',(-0.212725508706,56.854243201877));
#810 = CARTESIAN_POINT('',(-0.220124063205,57.086350868818));
#811 = CARTESIAN_POINT('',(-0.227065925287,57.319191692421));
#812 = CARTESIAN_POINT('',(-0.233561321101,57.552701462083));
#813 = CARTESIAN_POINT('',(-0.254639299423,58.367325875248));
#814 = CARTESIAN_POINT('',(-0.266968060644,58.951555726153));
#815 = CARTESIAN_POINT('',(-0.276740042818,59.538669029528));
#816 = CARTESIAN_POINT('',(-0.284025814745,60.127888289658));
#817 = CARTESIAN_POINT('',(-0.288869048853,60.718482503193));
#818 = CARTESIAN_POINT('',(-0.291290883934,61.3097646178));
#819 = CARTESIAN_POINT('',(-0.291290883934,61.901088930492));
#820 = ( GEOMETRIC_REPRESENTATION_CONTEXT(2)
PARAMETRIC_REPRESENTATION_CONTEXT() REPRESENTATION_CONTEXT('2D SPACE',''
  ) );
#821 = PCURVE('',#822,#827);
#822 = CONICAL_SURFACE('',#823,14.,0.785398163397);
#823 = AXIS2_PLACEMENT_3D('',#824,#825,#826);
#824 = CARTESIAN_POINT('',(-41.550451267,-19.8431457505,-62.3431457505)
  );
#825 = DIRECTION('',(-1.,-0.,-0.));
#826 = DIRECTION('',(0.,0.,-1.));
#827 = DEFINITIONAL_REPRESENTATION('',(#828),#861);
#828 = B_SPLINE_CURVE_WITH_KNOTS('',7,(#829,#830,#831,#832,#833,#834,
    #835,#836,#837,#838,#839,#840,#841,#842,#843,#844,#845,#846,#847,
    #848,#849,#850,#851,#852,#853,#854,#855,#856,#857,#858,#859,#860),
  .UNSPECIFIED.,.F.,.F.,(8,6,6,6,6,8),(0.,0.135759402862,0.246540519041,
    0.378796441513,0.557329845482,1.),.UNSPECIFIED.);
#829 = CARTESIAN_POINT('',(-5.58177345296,-4.999999999998E-02));
#830 = CARTESIAN_POINT('',(-5.596359660324,-4.999999999998E-02));
#831 = CARTESIAN_POINT('',(-5.610824812893,-5.201137648199E-02));
#832 = CARTESIAN_POINT('',(-5.625179657599,-5.574357117231E-02));
#833 = CARTESIAN_POINT('',(-5.639433429941,-6.095061178857E-02));
#834 = CARTESIAN_POINT('',(-5.653594839736,-6.742093922942E-02));
#835 = CARTESIAN_POINT('',(-5.667672747869,-7.497058450588E-02));
#836 = CARTESIAN_POINT('',(-5.693103772459,-9.035057996266E-02));
#837 = CARTESIAN_POINT('',(-5.704481033767,-9.787327834475E-02));
#838 = CARTESIAN_POINT('',(-5.715812933303,-0.105920610778));
#839 = CARTESIAN_POINT('',(-5.727103574466,-0.11441494854));
#840 = CARTESIAN_POINT('',(-5.738356687543,-0.123286899048));
#841 = CARTESIAN_POINT('',(-5.749575768539,-0.132473990944));
#842 = CARTESIAN_POINT('',(-5.774121536972,-0.153195702391));
#843 = CARTESIAN_POINT('',(-5.787434958477,-0.164839958475));
#844 = CARTESIAN_POINT('',(-5.800710138656,-0.17675569189));
#845 = CARTESIAN_POINT('',(-5.813951951232,-0.188857454124));
#846 = CARTESIAN_POINT('',(-5.827164668058,-0.201069211461));
#847 = CARTESIAN_POINT('',(-5.840352139674,-0.213322772738));
#848 = CARTESIAN_POINT('',(-5.871290651047,-0.242070248603));
#849 = CARTESIAN_POINT('',(-5.889023570314,-0.258547281049));
#850 = CARTESIAN_POINT('',(-5.906725430752,-0.274835782607));
#851 = CARTESIAN_POINT('',(-5.924403182126,-0.290804285923));
#852 = CARTESIAN_POINT('',(-5.94206241605,-0.306338506351));
#853 = CARTESIAN_POINT('',(-5.959707755157,-0.321338460167));
#854 = CARTESIAN_POINT('',(-6.02107009468,-0.371363382846));
#855 = CARTESIAN_POINT('',(-6.064733404681,-0.403180284755));
#856 = CARTESIAN_POINT('',(-6.108395076697,-0.429824476858));
#857 = CARTESIAN_POINT('',(-6.152074074898,-0.450396840956));
#858 = CARTESIAN_POINT('',(-6.195770938316,-0.464305080157));
#859 = CARTESIAN_POINT('',(-6.239476555569,-0.471260539179));
#860 = CARTESIAN_POINT('',(-6.28318530718,-0.471260539179));
#861 = ( GEOMETRIC_REPRESENTATION_CONTEXT(2)
PARAMETRIC_REPRESENTATION_CONTEXT() REPRESENTATION_CONTEXT('2D SPACE',''
  ) );
#862 = ADVANCED_FACE('',(#863,#911,#1013,#1115,#1217,#1248),#323,.F.);
#863 = FACE_BOUND('',#864,.F.);
#864 = EDGE_LOOP('',(#865,#866,#867,#890));
#865 = ORIENTED_EDGE('',*,*,#307,.F.);
#866 = ORIENTED_EDGE('',*,*,#591,.F.);
#867 = ORIENTED_EDGE('',*,*,#868,.T.);
#868 = EDGE_CURVE('',#559,#869,#871,.T.);
#869 = VERTEX_POINT('',#870);
#870 = CARTESIAN_POINT('',(31.500373036,-81.744234681,-82.99999553));
#871 = SURFACE_CURVE('',#872,(#876,#883),.PCURVE_S1.);
#872 = LINE('',#873,#874);
#873 = CARTESIAN_POINT('',(-41.500451267,-81.744234681,-82.99999553));
#874 = VECTOR('',#875,1.);
#875 = DIRECTION('',(1.,0.,0.));
#876 = PCURVE('',#323,#877);
#877 = DEFINITIONAL_REPRESENTATION('',(#878),#882);
#878 = LINE('',#879,#880);
#879 = CARTESIAN_POINT('',(0.,0.));
#880 = VECTOR('',#881,1.);
#881 = DIRECTION('',(1.,0.));
#882 = ( GEOMETRIC_REPRESENTATION_CONTEXT(2)
PARAMETRIC_REPRESENTATION_CONTEXT() REPRESENTATION_CONTEXT('2D SPACE',''
  ) );
#883 = PCURVE('',#575,#884);
#884 = DEFINITIONAL_REPRESENTATION('',(#885),#889);
#885 = LINE('',#886,#887);
#886 = CARTESIAN_POINT('',(0.,0.));
#887 = VECTOR('',#888,1.);
#888 = DIRECTION('',(0.,1.));
#889 = ( GEOMETRIC_REPRESENTATION_CONTEXT(2)
PARAMETRIC_REPRESENTATION_CONTEXT() REPRESENTATION_CONTEXT('2D SPACE',''
  ) );
#890 = ORIENTED_EDGE('',*,*,#891,.T.);
#891 = EDGE_CURVE('',#869,#279,#892,.T.);
#892 = SURFACE_CURVE('',#893,(#897,#904),.PCURVE_S1.);
#893 = LINE('',#894,#895);
#894 = CARTESIAN_POINT('',(31.500373036,-81.744234681,-82.99999553));
#895 = VECTOR('',#896,1.);
#896 = DIRECTION('',(0.,1.,0.));
#897 = PCURVE('',#323,#898);
#898 = DEFINITIONAL_REPRESENTATION('',(#899),#903);
#899 = LINE('',#900,#901);
#900 = CARTESIAN_POINT('',(73.000824303,0.));
#901 = VECTOR('',#902,1.);
#902 = DIRECTION('',(0.,1.));
#903 = ( GEOMETRIC_REPRESENTATION_CONTEXT(2)
PARAMETRIC_REPRESENTATION_CONTEXT() REPRESENTATION_CONTEXT('2D SPACE',''
  ) );
#904 = PCURVE('',#295,#905);
#905 = DEFINITIONAL_REPRESENTATION('',(#906),#910);
#906 = LINE('',#907,#908);
#907 = CARTESIAN_POINT('',(1.570796326795,0.));
#908 = VECTOR('',#909,1.);
#909 = DIRECTION('',(0.,1.));
#910 = ( GEOMETRIC_REPRESENTATION_CONTEXT(2)
PARAMETRIC_REPRESENTATION_CONTEXT() REPRESENTATION_CONTEXT('2D SPACE',''
  ) );
#911 = FACE_BOUND('',#912,.F.);
#912 = EDGE_LOOP('',(#913,#940,#965,#990));
#913 = ORIENTED_EDGE('',*,*,#914,.T.);
#914 = EDGE_CURVE('',#915,#917,#919,.T.);
#915 = VERTEX_POINT('',#916);
#916 = CARTESIAN_POINT('',(-23.54963159486,-57.79341500886,-82.99999553)
  );
#917 = VERTEX_POINT('',#918);
#918 = CARTESIAN_POINT('',(-23.54963159486,-65.69505435313,-82.99999553)
  );
#919 = SURFACE_CURVE('',#920,(#923,#929),.PCURVE_S1.);
#920 = B_SPLINE_CURVE_WITH_KNOTS('',1,(#921,#922),.UNSPECIFIED.,.F.,.F.,
  (2,2),(0.,1.),.PIECEWISE_BEZIER_KNOTS.);
#921 = CARTESIAN_POINT('',(-23.54963159486,-57.79341500886,-82.99999553)
  );
#922 = CARTESIAN_POINT('',(-23.54963159486,-65.69505435313,-82.99999553)
  );
#923 = PCURVE('',#323,#924);
#924 = DEFINITIONAL_REPRESENTATION('',(#925),#928);
#925 = B_SPLINE_CURVE_WITH_KNOTS('',1,(#926,#927),.UNSPECIFIED.,.F.,.F.,
  (2,2),(0.,1.),.PIECEWISE_BEZIER_KNOTS.);
#926 = CARTESIAN_POINT('',(17.950819672131,23.950819672131));
#927 = CARTESIAN_POINT('',(17.950819672131,16.049180327869));
#928 = ( GEOMETRIC_REPRESENTATION_CONTEXT(2)
PARAMETRIC_REPRESENTATION_CONTEXT() REPRESENTATION_CONTEXT('2D SPACE',''
  ) );
#929 = PCURVE('',#930,#935);
#930 = B_SPLINE_SURFACE_WITH_KNOTS('',1,1,(
    (#931,#932)
    ,(#933,#934)),.UNSPECIFIED.,.F.,.F.,.F.,(2,2),(2,2),(0.,8.),(0.,1.),
  .PIECEWISE_BEZIER_KNOTS.);
#931 = CARTESIAN_POINT('',(-26.500451267,-62.744234681,-85.99999553));
#932 = CARTESIAN_POINT('',(-23.500451267,-65.744234681,-82.94999553));
#933 = CARTESIAN_POINT('',(-26.500451267,-60.744234681,-85.99999553));
#934 = CARTESIAN_POINT('',(-23.500451267,-57.744234681,-82.94999553));
#935 = DEFINITIONAL_REPRESENTATION('',(#936),#939);
#936 = B_SPLINE_CURVE_WITH_KNOTS('',1,(#937,#938),.UNSPECIFIED.,.F.,.F.,
  (2,2),(0.,1.),.PIECEWISE_BEZIER_KNOTS.);
#937 = CARTESIAN_POINT('',(8.,0.983606557377));
#938 = CARTESIAN_POINT('',(0.,0.983606557377));
#939 = ( GEOMETRIC_REPRESENTATION_CONTEXT(2)
PARAMETRIC_REPRESENTATION_CONTEXT() REPRESENTATION_CONTEXT('2D SPACE',''
  ) );
#940 = ORIENTED_EDGE('',*,*,#941,.T.);
#941 = EDGE_CURVE('',#917,#942,#944,.T.);
#942 = VERTEX_POINT('',#943);
#943 = CARTESIAN_POINT('',(-31.45127093913,-65.69505435313,-82.99999553)
  );
#944 = SURFACE_CURVE('',#945,(#948,#954),.PCURVE_S1.);
#945 = B_SPLINE_CURVE_WITH_KNOTS('',1,(#946,#947),.UNSPECIFIED.,.F.,.F.,
  (2,2),(0.,1.),.PIECEWISE_BEZIER_KNOTS.);
#946 = CARTESIAN_POINT('',(-23.54963159486,-65.69505435313,-82.99999553)
  );
#947 = CARTESIAN_POINT('',(-31.45127093913,-65.69505435313,-82.99999553)
  );
#948 = PCURVE('',#323,#949);
#949 = DEFINITIONAL_REPRESENTATION('',(#950),#953);
#950 = B_SPLINE_CURVE_WITH_KNOTS('',1,(#951,#952),.UNSPECIFIED.,.F.,.F.,
  (2,2),(0.,1.),.PIECEWISE_BEZIER_KNOTS.);
#951 = CARTESIAN_POINT('',(17.950819672131,16.049180327869));
#952 = CARTESIAN_POINT('',(10.049180327869,16.049180327869));
#953 = ( GEOMETRIC_REPRESENTATION_CONTEXT(2)
PARAMETRIC_REPRESENTATION_CONTEXT() REPRESENTATION_CONTEXT('2D SPACE',''
  ) );
#954 = PCURVE('',#955,#960);
#955 = B_SPLINE_SURFACE_WITH_KNOTS('',1,1,(
    (#956,#957)
    ,(#958,#959)),.UNSPECIFIED.,.F.,.F.,.F.,(2,2),(2,2),(0.,8.),(0.,1.),
  .PIECEWISE_BEZIER_KNOTS.);
#956 = CARTESIAN_POINT('',(-28.500451267,-62.744234681,-85.99999553));
#957 = CARTESIAN_POINT('',(-31.500451267,-65.744234681,-82.94999553));
#958 = CARTESIAN_POINT('',(-26.500451267,-62.744234681,-85.99999553));
#959 = CARTESIAN_POINT('',(-23.500451267,-65.744234681,-82.94999553));
#960 = DEFINITIONAL_REPRESENTATION('',(#961),#964);
#961 = B_SPLINE_CURVE_WITH_KNOTS('',1,(#962,#963),.UNSPECIFIED.,.F.,.F.,
  (2,2),(0.,1.),.PIECEWISE_BEZIER_KNOTS.);
#962 = CARTESIAN_POINT('',(8.,0.983606557377));
#963 = CARTESIAN_POINT('',(0.,0.983606557377));
#964 = ( GEOMETRIC_REPRESENTATION_CONTEXT(2)
PARAMETRIC_REPRESENTATION_CONTEXT() REPRESENTATION_CONTEXT('2D SPACE',''
  ) );
#965 = ORIENTED_EDGE('',*,*,#966,.T.);
#966 = EDGE_CURVE('',#942,#967,#969,.T.);
#967 = VERTEX_POINT('',#968);
#968 = CARTESIAN_POINT('',(-31.45127093913,-57.79341500886,-82.99999553)
  );
#969 = SURFACE_CURVE('',#970,(#973,#979),.PCURVE_S1.);
#970 = B_SPLINE_CURVE_WITH_KNOTS('',1,(#971,#972),.UNSPECIFIED.,.F.,.F.,
  (2,2),(0.,1.),.PIECEWISE_BEZIER_KNOTS.);
#971 = CARTESIAN_POINT('',(-31.45127093913,-65.69505435313,-82.99999553)
  );
#972 = CARTESIAN_POINT('',(-31.45127093913,-57.79341500886,-82.99999553)
  );
#973 = PCURVE('',#323,#974);
#974 = DEFINITIONAL_REPRESENTATION('',(#975),#978);
#975 = B_SPLINE_CURVE_WITH_KNOTS('',1,(#976,#977),.UNSPECIFIED.,.F.,.F.,
  (2,2),(0.,1.),.PIECEWISE_BEZIER_KNOTS.);
#976 = CARTESIAN_POINT('',(10.049180327869,16.049180327869));
#977 = CARTESIAN_POINT('',(10.049180327869,23.950819672131));
#978 = ( GEOMETRIC_REPRESENTATION_CONTEXT(2)
PARAMETRIC_REPRESENTATION_CONTEXT() REPRESENTATION_CONTEXT('2D SPACE',''
  ) );
#979 = PCURVE('',#980,#985);
#980 = B_SPLINE_SURFACE_WITH_KNOTS('',1,1,(
    (#981,#982)
    ,(#983,#984)),.UNSPECIFIED.,.F.,.F.,.F.,(2,2),(2,2),(0.,8.),(0.,1.),
  .PIECEWISE_BEZIER_KNOTS.);
#981 = CARTESIAN_POINT('',(-28.500451267,-60.744234681,-85.99999553));
#982 = CARTESIAN_POINT('',(-31.500451267,-57.744234681,-82.94999553));
#983 = CARTESIAN_POINT('',(-28.500451267,-62.744234681,-85.99999553));
#984 = CARTESIAN_POINT('',(-31.500451267,-65.744234681,-82.94999553));
#985 = DEFINITIONAL_REPRESENTATION('',(#986),#989);
#986 = B_SPLINE_CURVE_WITH_KNOTS('',1,(#987,#988),.UNSPECIFIED.,.F.,.F.,
  (2,2),(0.,1.),.PIECEWISE_BEZIER_KNOTS.);
#987 = CARTESIAN_POINT('',(8.,0.983606557377));
#988 = CARTESIAN_POINT('',(0.,0.983606557377));
#989 = ( GEOMETRIC_REPRESENTATION_CONTEXT(2)
PARAMETRIC_REPRESENTATION_CONTEXT() REPRESENTATION_CONTEXT('2D SPACE',''
  ) );
#990 = ORIENTED_EDGE('',*,*,#991,.T.);
#991 = EDGE_CURVE('',#967,#915,#992,.T.);
#992 = SURFACE_CURVE('',#993,(#996,#1002),.PCURVE_S1.);
#993 = B_SPLINE_CURVE_WITH_KNOTS('',1,(#994,#995),.UNSPECIFIED.,.F.,.F.,
  (2,2),(0.,1.),.PIECEWISE_BEZIER_KNOTS.);
#994 = CARTESIAN_POINT('',(-31.45127093913,-57.79341500886,-82.99999553)
  );
#995 = CARTESIAN_POINT('',(-23.54963159486,-57.79341500886,-82.99999553)
  );
#996 = PCURVE('',#323,#997);
#997 = DEFINITIONAL_REPRESENTATION('',(#998),#1001);
#998 = B_SPLINE_CURVE_WITH_KNOTS('',1,(#999,#1000),.UNSPECIFIED.,.F.,.F.
  ,(2,2),(0.,1.),.PIECEWISE_BEZIER_KNOTS.);
#999 = CARTESIAN_POINT('',(10.049180327869,23.950819672131));
#1000 = CARTESIAN_POINT('',(17.950819672131,23.950819672131));
#1001 = ( GEOMETRIC_REPRESENTATION_CONTEXT(2)
PARAMETRIC_REPRESENTATION_CONTEXT() REPRESENTATION_CONTEXT('2D SPACE',''
  ) );
#1002 = PCURVE('',#1003,#1008);
#1003 = B_SPLINE_SURFACE_WITH_KNOTS('',1,1,(
    (#1004,#1005)
    ,(#1006,#1007
    )),.UNSPECIFIED.,.F.,.F.,.F.,(2,2),(2,2),(0.,8.),(0.,1.),
  .PIECEWISE_BEZIER_KNOTS.);
#1004 = CARTESIAN_POINT('',(-26.500451267,-60.744234681,-85.99999553));
#1005 = CARTESIAN_POINT('',(-23.500451267,-57.744234681,-82.94999553));
#1006 = CARTESIAN_POINT('',(-28.500451267,-60.744234681,-85.99999553));
#1007 = CARTESIAN_POINT('',(-31.500451267,-57.744234681,-82.94999553));
#1008 = DEFINITIONAL_REPRESENTATION('',(#1009),#1012);
#1009 = B_SPLINE_CURVE_WITH_KNOTS('',1,(#1010,#1011),.UNSPECIFIED.,.F.,
  .F.,(2,2),(0.,1.),.PIECEWISE_BEZIER_KNOTS.);
#1010 = CARTESIAN_POINT('',(8.,0.983606557377));
#1011 = CARTESIAN_POINT('',(0.,0.983606557377));
#1012 = ( GEOMETRIC_REPRESENTATION_CONTEXT(2)
PARAMETRIC_REPRESENTATION_CONTEXT() REPRESENTATION_CONTEXT('2D SPACE',''
  ) );
#1013 = FACE_BOUND('',#1014,.F.);
#1014 = EDGE_LOOP('',(#1015,#1042,#1067,#1092));
#1015 = ORIENTED_EDGE('',*,*,#1016,.T.);
#1016 = EDGE_CURVE('',#1017,#1019,#1021,.T.);
#1017 = VERTEX_POINT('',#1018);
#1018 = CARTESIAN_POINT('',(31.451192708131,-57.79341500886,-82.99999553
    ));
#1019 = VERTEX_POINT('',#1020);
#1020 = CARTESIAN_POINT('',(31.451192708131,-65.69505435313,-82.99999553
    ));
#1021 = SURFACE_CURVE('',#1022,(#1025,#1031),.PCURVE_S1.);
#1022 = B_SPLINE_CURVE_WITH_KNOTS('',1,(#1023,#1024),.UNSPECIFIED.,.F.,
  .F.,(2,2),(0.,1.),.PIECEWISE_BEZIER_KNOTS.);
#1023 = CARTESIAN_POINT('',(31.451192708131,-57.79341500886,-82.99999553
    ));
#1024 = CARTESIAN_POINT('',(31.451192708131,-65.69505435313,-82.99999553
    ));
#1025 = PCURVE('',#323,#1026);
#1026 = DEFINITIONAL_REPRESENTATION('',(#1027),#1030);
#1027 = B_SPLINE_CURVE_WITH_KNOTS('',1,(#1028,#1029),.UNSPECIFIED.,.F.,
  .F.,(2,2),(0.,1.),.PIECEWISE_BEZIER_KNOTS.);
#1028 = CARTESIAN_POINT('',(72.951643975131,23.950819672131));
#1029 = CARTESIAN_POINT('',(72.951643975131,16.049180327869));
#1030 = ( GEOMETRIC_REPRESENTATION_CONTEXT(2)
PARAMETRIC_REPRESENTATION_CONTEXT() REPRESENTATION_CONTEXT('2D SPACE',''
  ) );
#1031 = PCURVE('',#1032,#1037);
#1032 = B_SPLINE_SURFACE_WITH_KNOTS('',1,1,(
    (#1033,#1034)
    ,(#1035,#1036
    )),.UNSPECIFIED.,.F.,.F.,.F.,(2,2),(2,2),(0.,8.),(0.,1.),
  .PIECEWISE_BEZIER_KNOTS.);
#1033 = CARTESIAN_POINT('',(28.500373036,-62.744234681,-85.99999553));
#1034 = CARTESIAN_POINT('',(31.500373036,-65.744234681,-82.94999553));
#1035 = CARTESIAN_POINT('',(28.500373036,-60.744234681,-85.99999553));
#1036 = CARTESIAN_POINT('',(31.500373036,-57.744234681,-82.94999553));
#1037 = DEFINITIONAL_REPRESENTATION('',(#1038),#1041);
#1038 = B_SPLINE_CURVE_WITH_KNOTS('',1,(#1039,#1040),.UNSPECIFIED.,.F.,
  .F.,(2,2),(0.,1.),.PIECEWISE_BEZIER_KNOTS.);
#1039 = CARTESIAN_POINT('',(8.,0.983606557377));
#1040 = CARTESIAN_POINT('',(0.,0.983606557377));
#1041 = ( GEOMETRIC_REPRESENTATION_CONTEXT(2)
PARAMETRIC_REPRESENTATION_CONTEXT() REPRESENTATION_CONTEXT('2D SPACE',''
  ) );
#1042 = ORIENTED_EDGE('',*,*,#1043,.T.);
#1043 = EDGE_CURVE('',#1019,#1044,#1046,.T.);
#1044 = VERTEX_POINT('',#1045);
#1045 = CARTESIAN_POINT('',(23.549553363869,-65.69505435313,-82.99999553
    ));
#1046 = SURFACE_CURVE('',#1047,(#1050,#1056),.PCURVE_S1.);
#1047 = B_SPLINE_CURVE_WITH_KNOTS('',1,(#1048,#1049),.UNSPECIFIED.,.F.,
  .F.,(2,2),(0.,1.),.PIECEWISE_BEZIER_KNOTS.);
#1048 = CARTESIAN_POINT('',(31.451192708131,-65.69505435313,-82.99999553
    ));
#1049 = CARTESIAN_POINT('',(23.549553363869,-65.69505435313,-82.99999553
    ));
#1050 = PCURVE('',#323,#1051);
#1051 = DEFINITIONAL_REPRESENTATION('',(#1052),#1055);
#1052 = B_SPLINE_CURVE_WITH_KNOTS('',1,(#1053,#1054),.UNSPECIFIED.,.F.,
  .F.,(2,2),(0.,1.),.PIECEWISE_BEZIER_KNOTS.);
#1053 = CARTESIAN_POINT('',(72.951643975131,16.049180327869));
#1054 = CARTESIAN_POINT('',(65.050004630869,16.049180327869));
#1055 = ( GEOMETRIC_REPRESENTATION_CONTEXT(2)
PARAMETRIC_REPRESENTATION_CONTEXT() REPRESENTATION_CONTEXT('2D SPACE',''
  ) );
#1056 = PCURVE('',#1057,#1062);
#1057 = B_SPLINE_SURFACE_WITH_KNOTS('',1,1,(
    (#1058,#1059)
    ,(#1060,#1061
    )),.UNSPECIFIED.,.F.,.F.,.F.,(2,2),(2,2),(0.,8.),(0.,1.),
  .PIECEWISE_BEZIER_KNOTS.);
#1058 = CARTESIAN_POINT('',(26.500373036,-62.744234681,-85.99999553));
#1059 = CARTESIAN_POINT('',(23.500373036,-65.744234681,-82.94999553));
#1060 = CARTESIAN_POINT('',(28.500373036,-62.744234681,-85.99999553));
#1061 = CARTESIAN_POINT('',(31.500373036,-65.744234681,-82.94999553));
#1062 = DEFINITIONAL_REPRESENTATION('',(#1063),#1066);
#1063 = B_SPLINE_CURVE_WITH_KNOTS('',1,(#1064,#1065),.UNSPECIFIED.,.F.,
  .F.,(2,2),(0.,1.),.PIECEWISE_BEZIER_KNOTS.);
#1064 = CARTESIAN_POINT('',(8.,0.983606557377));
#1065 = CARTESIAN_POINT('',(0.,0.983606557377));
#1066 = ( GEOMETRIC_REPRESENTATION_CONTEXT(2)
PARAMETRIC_REPRESENTATION_CONTEXT() REPRESENTATION_CONTEXT('2D SPACE',''
  ) );
#1067 = ORIENTED_EDGE('',*,*,#1068,.T.);
#1068 = EDGE_CURVE('',#1044,#1069,#1071,.T.);
#1069 = VERTEX_POINT('',#1070);
#1070 = CARTESIAN_POINT('',(23.549553363869,-57.79341500886,-82.99999553
    ));
#1071 = SURFACE_CURVE('',#1072,(#1075,#1081),.PCURVE_S1.);
#1072 = B_SPLINE_CURVE_WITH_KNOTS('',1,(#1073,#1074),.UNSPECIFIED.,.F.,
  .F.,(2,2),(0.,1.),.PIECEWISE_BEZIER_KNOTS.);
#1073 = CARTESIAN_POINT('',(23.549553363869,-65.69505435313,-82.99999553
    ));
#1074 = CARTESIAN_POINT('',(23.549553363869,-57.79341500886,-82.99999553
    ));
#1075 = PCURVE('',#323,#1076);
#1076 = DEFINITIONAL_REPRESENTATION('',(#1077),#1080);
#1077 = B_SPLINE_CURVE_WITH_KNOTS('',1,(#1078,#1079),.UNSPECIFIED.,.F.,
  .F.,(2,2),(0.,1.),.PIECEWISE_BEZIER_KNOTS.);
#1078 = CARTESIAN_POINT('',(65.050004630869,16.049180327869));
#1079 = CARTESIAN_POINT('',(65.050004630869,23.950819672131));
#1080 = ( GEOMETRIC_REPRESENTATION_CONTEXT(2)
PARAMETRIC_REPRESENTATION_CONTEXT() REPRESENTATION_CONTEXT('2D SPACE',''
  ) );
#1081 = PCURVE('',#1082,#1087);
#1082 = B_SPLINE_SURFACE_WITH_KNOTS('',1,1,(
    (#1083,#1084)
    ,(#1085,#1086
    )),.UNSPECIFIED.,.F.,.F.,.F.,(2,2),(2,2),(0.,8.),(0.,1.),
  .PIECEWISE_BEZIER_KNOTS.);
#1083 = CARTESIAN_POINT('',(26.500373036,-60.744234681,-85.99999553));
#1084 = CARTESIAN_POINT('',(23.500373036,-57.744234681,-82.94999553));
#1085 = CARTESIAN_POINT('',(26.500373036,-62.744234681,-85.99999553));
#1086 = CARTESIAN_POINT('',(23.500373036,-65.744234681,-82.94999553));
#1087 = DEFINITIONAL_REPRESENTATION('',(#1088),#1091);
#1088 = B_SPLINE_CURVE_WITH_KNOTS('',1,(#1089,#1090),.UNSPECIFIED.,.F.,
  .F.,(2,2),(0.,1.),.PIECEWISE_BEZIER_KNOTS.);
#1089 = CARTESIAN_POINT('',(8.,0.983606557377));
#1090 = CARTESIAN_POINT('',(0.,0.983606557377));
#1091 = ( GEOMETRIC_REPRESENTATION_CONTEXT(2)
PARAMETRIC_REPRESENTATION_CONTEXT() REPRESENTATION_CONTEXT('2D SPACE',''
  ) );
#1092 = ORIENTED_EDGE('',*,*,#1093,.T.);
#1093 = EDGE_CURVE('',#1069,#1017,#1094,.T.);
#1094 = SURFACE_CURVE('',#1095,(#1098,#1104),.PCURVE_S1.);
#1095 = B_SPLINE_CURVE_WITH_KNOTS('',1,(#1096,#1097),.UNSPECIFIED.,.F.,
  .F.,(2,2),(0.,1.),.PIECEWISE_BEZIER_KNOTS.);
#1096 = CARTESIAN_POINT('',(23.549553363869,-57.79341500886,-82.99999553
    ));
#1097 = CARTESIAN_POINT('',(31.451192708131,-57.79341500886,-82.99999553
    ));
#1098 = PCURVE('',#323,#1099);
#1099 = DEFINITIONAL_REPRESENTATION('',(#1100),#1103);
#1100 = B_SPLINE_CURVE_WITH_KNOTS('',1,(#1101,#1102),.UNSPECIFIED.,.F.,
  .F.,(2,2),(0.,1.),.PIECEWISE_BEZIER_KNOTS.);
#1101 = CARTESIAN_POINT('',(65.050004630869,23.950819672131));
#1102 = CARTESIAN_POINT('',(72.951643975131,23.950819672131));
#1103 = ( GEOMETRIC_REPRESENTATION_CONTEXT(2)
PARAMETRIC_REPRESENTATION_CONTEXT() REPRESENTATION_CONTEXT('2D SPACE',''
  ) );
#1104 = PCURVE('',#1105,#1110);
#1105 = B_SPLINE_SURFACE_WITH_KNOTS('',1,1,(
    (#1106,#1107)
    ,(#1108,#1109
    )),.UNSPECIFIED.,.F.,.F.,.F.,(2,2),(2,2),(0.,8.),(0.,1.),
  .PIECEWISE_BEZIER_KNOTS.);
#1106 = CARTESIAN_POINT('',(28.500373036,-60.744234681,-85.99999553));
#1107 = CARTESIAN_POINT('',(31.500373036,-57.744234681,-82.94999553));
#1108 = CARTESIAN_POINT('',(26.500373036,-60.744234681,-85.99999553));
#1109 = CARTESIAN_POINT('',(23.500373036,-57.744234681,-82.94999553));
#1110 = DEFINITIONAL_REPRESENTATION('',(#1111),#1114);
#1111 = B_SPLINE_CURVE_WITH_KNOTS('',1,(#1112,#1113),.UNSPECIFIED.,.F.,
  .F.,(2,2),(0.,1.),.PIECEWISE_BEZIER_KNOTS.);
#1112 = CARTESIAN_POINT('',(8.,0.983606557377));
#1113 = CARTESIAN_POINT('',(0.,0.983606557377));
#1114 = ( GEOMETRIC_REPRESENTATION_CONTEXT(2)
PARAMETRIC_REPRESENTATION_CONTEXT() REPRESENTATION_CONTEXT('2D SPACE',''
  ) );
#1115 = FACE_BOUND('',#1116,.F.);
#1116 = EDGE_LOOP('',(#1117,#1144,#1169,#1194));
#1117 = ORIENTED_EDGE('',*,*,#1118,.T.);
#1118 = EDGE_CURVE('',#1119,#1121,#1123,.T.);
#1119 = VERTEX_POINT('',#1120);
#1120 = CARTESIAN_POINT('',(-23.54963159486,24.252634347131,-82.99999553
    ));
#1121 = VERTEX_POINT('',#1122);
#1122 = CARTESIAN_POINT('',(-23.54963159486,16.350995002869,-82.99999553
    ));
#1123 = SURFACE_CURVE('',#1124,(#1127,#1133),.PCURVE_S1.);
#1124 = B_SPLINE_CURVE_WITH_KNOTS('',1,(#1125,#1126),.UNSPECIFIED.,.F.,
  .F.,(2,2),(0.,1.),.PIECEWISE_BEZIER_KNOTS.);
#1125 = CARTESIAN_POINT('',(-23.54963159486,24.252634347131,-82.99999553
    ));
#1126 = CARTESIAN_POINT('',(-23.54963159486,16.350995002869,-82.99999553
    ));
#1127 = PCURVE('',#323,#1128);
#1128 = DEFINITIONAL_REPRESENTATION('',(#1129),#1132);
#1129 = B_SPLINE_CURVE_WITH_KNOTS('',1,(#1130,#1131),.UNSPECIFIED.,.F.,
  .F.,(2,2),(0.,1.),.PIECEWISE_BEZIER_KNOTS.);
#1130 = CARTESIAN_POINT('',(17.950819672131,105.99686902813));
#1131 = CARTESIAN_POINT('',(17.950819672131,98.095229683869));
#1132 = ( GEOMETRIC_REPRESENTATION_CONTEXT(2)
PARAMETRIC_REPRESENTATION_CONTEXT() REPRESENTATION_CONTEXT('2D SPACE',''
  ) );
#1133 = PCURVE('',#1134,#1139);
#1134 = B_SPLINE_SURFACE_WITH_KNOTS('',1,1,(
    (#1135,#1136)
    ,(#1137,#1138
    )),.UNSPECIFIED.,.F.,.F.,.F.,(2,2),(2,2),(0.,8.),(0.,1.),
  .PIECEWISE_BEZIER_KNOTS.);
#1135 = CARTESIAN_POINT('',(-26.500451267,19.301814675,-85.99999553));
#1136 = CARTESIAN_POINT('',(-23.500451267,16.301814675,-82.94999553));
#1137 = CARTESIAN_POINT('',(-26.500451267,21.301814675,-85.99999553));
#1138 = CARTESIAN_POINT('',(-23.500451267,24.301814675,-82.94999553));
#1139 = DEFINITIONAL_REPRESENTATION('',(#1140),#1143);
#1140 = B_SPLINE_CURVE_WITH_KNOTS('',1,(#1141,#1142),.UNSPECIFIED.,.F.,
  .F.,(2,2),(0.,1.),.PIECEWISE_BEZIER_KNOTS.);
#1141 = CARTESIAN_POINT('',(8.,0.983606557377));
#1142 = CARTESIAN_POINT('',(0.,0.983606557377));
#1143 = ( GEOMETRIC_REPRESENTATION_CONTEXT(2)
PARAMETRIC_REPRESENTATION_CONTEXT() REPRESENTATION_CONTEXT('2D SPACE',''
  ) );
#1144 = ORIENTED_EDGE('',*,*,#1145,.T.);
#1145 = EDGE_CURVE('',#1121,#1146,#1148,.T.);
#1146 = VERTEX_POINT('',#1147);
#1147 = CARTESIAN_POINT('',(-31.45127093913,16.350995002869,-82.99999553
    ));
#1148 = SURFACE_CURVE('',#1149,(#1152,#1158),.PCURVE_S1.);
#1149 = B_SPLINE_CURVE_WITH_KNOTS('',1,(#1150,#1151),.UNSPECIFIED.,.F.,
  .F.,(2,2),(0.,1.),.PIECEWISE_BEZIER_KNOTS.);
#1150 = CARTESIAN_POINT('',(-23.54963159486,16.350995002869,-82.99999553
    ));
#1151 = CARTESIAN_POINT('',(-31.45127093913,16.350995002869,-82.99999553
    ));
#1152 = PCURVE('',#323,#1153);
#1153 = DEFINITIONAL_REPRESENTATION('',(#1154),#1157);
#1154 = B_SPLINE_CURVE_WITH_KNOTS('',1,(#1155,#1156),.UNSPECIFIED.,.F.,
  .F.,(2,2),(0.,1.),.PIECEWISE_BEZIER_KNOTS.);
#1155 = CARTESIAN_POINT('',(17.950819672131,98.095229683869));
#1156 = CARTESIAN_POINT('',(10.049180327869,98.095229683869));
#1157 = ( GEOMETRIC_REPRESENTATION_CONTEXT(2)
PARAMETRIC_REPRESENTATION_CONTEXT() REPRESENTATION_CONTEXT('2D SPACE',''
  ) );
#1158 = PCURVE('',#1159,#1164);
#1159 = B_SPLINE_SURFACE_WITH_KNOTS('',1,1,(
    (#1160,#1161)
    ,(#1162,#1163
    )),.UNSPECIFIED.,.F.,.F.,.F.,(2,2),(2,2),(0.,8.),(0.,1.),
  .PIECEWISE_BEZIER_KNOTS.);
#1160 = CARTESIAN_POINT('',(-28.500451267,19.301814675,-85.99999553));
#1161 = CARTESIAN_POINT('',(-31.500451267,16.301814675,-82.94999553));
#1162 = CARTESIAN_POINT('',(-26.500451267,19.301814675,-85.99999553));
#1163 = CARTESIAN_POINT('',(-23.500451267,16.301814675,-82.94999553));
#1164 = DEFINITIONAL_REPRESENTATION('',(#1165),#1168);
#1165 = B_SPLINE_CURVE_WITH_KNOTS('',1,(#1166,#1167),.UNSPECIFIED.,.F.,
  .F.,(2,2),(0.,1.),.PIECEWISE_BEZIER_KNOTS.);
#1166 = CARTESIAN_POINT('',(8.,0.983606557377));
#1167 = CARTESIAN_POINT('',(0.,0.983606557377));
#1168 = ( GEOMETRIC_REPRESENTATION_CONTEXT(2)
PARAMETRIC_REPRESENTATION_CONTEXT() REPRESENTATION_CONTEXT('2D SPACE',''
  ) );
#1169 = ORIENTED_EDGE('',*,*,#1170,.T.);
#1170 = EDGE_CURVE('',#1146,#1171,#1173,.T.);
#1171 = VERTEX_POINT('',#1172);
#1172 = CARTESIAN_POINT('',(-31.45127093913,24.252634347131,-82.99999553
    ));
#1173 = SURFACE_CURVE('',#1174,(#1177,#1183),.PCURVE_S1.);
#1174 = B_SPLINE_CURVE_WITH_KNOTS('',1,(#1175,#1176),.UNSPECIFIED.,.F.,
  .F.,(2,2),(0.,1.),.PIECEWISE_BEZIER_KNOTS.);
#1175 = CARTESIAN_POINT('',(-31.45127093913,16.350995002869,-82.99999553
    ));
#1176 = CARTESIAN_POINT('',(-31.45127093913,24.252634347131,-82.99999553
    ));
#1177 = PCURVE('',#323,#1178);
#1178 = DEFINITIONAL_REPRESENTATION('',(#1179),#1182);
#1179 = B_SPLINE_CURVE_WITH_KNOTS('',1,(#1180,#1181),.UNSPECIFIED.,.F.,
  .F.,(2,2),(0.,1.),.PIECEWISE_BEZIER_KNOTS.);
#1180 = CARTESIAN_POINT('',(10.049180327869,98.095229683869));
#1181 = CARTESIAN_POINT('',(10.049180327869,105.99686902813));
#1182 = ( GEOMETRIC_REPRESENTATION_CONTEXT(2)
PARAMETRIC_REPRESENTATION_CONTEXT() REPRESENTATION_CONTEXT('2D SPACE',''
  ) );
#1183 = PCURVE('',#1184,#1189);
#1184 = B_SPLINE_SURFACE_WITH_KNOTS('',1,1,(
    (#1185,#1186)
    ,(#1187,#1188
    )),.UNSPECIFIED.,.F.,.F.,.F.,(2,2),(2,2),(0.,8.),(0.,1.),
  .PIECEWISE_BEZIER_KNOTS.);
#1185 = CARTESIAN_POINT('',(-28.500451267,21.301814675,-85.99999553));
#1186 = CARTESIAN_POINT('',(-31.500451267,24.301814675,-82.94999553));
#1187 = CARTESIAN_POINT('',(-28.500451267,19.301814675,-85.99999553));
#1188 = CARTESIAN_POINT('',(-31.500451267,16.301814675,-82.94999553));
#1189 = DEFINITIONAL_REPRESENTATION('',(#1190),#1193);
#1190 = B_SPLINE_CURVE_WITH_KNOTS('',1,(#1191,#1192),.UNSPECIFIED.,.F.,
  .F.,(2,2),(0.,1.),.PIECEWISE_BEZIER_KNOTS.);
#1191 = CARTESIAN_POINT('',(8.,0.983606557377));
#1192 = CARTESIAN_POINT('',(0.,0.983606557377));
#1193 = ( GEOMETRIC_REPRESENTATION_CONTEXT(2)
PARAMETRIC_REPRESENTATION_CONTEXT() REPRESENTATION_CONTEXT('2D SPACE',''
  ) );
#1194 = ORIENTED_EDGE('',*,*,#1195,.T.);
#1195 = EDGE_CURVE('',#1171,#1119,#1196,.T.);
#1196 = SURFACE_CURVE('',#1197,(#1200,#1206),.PCURVE_S1.);
#1197 = B_SPLINE_CURVE_WITH_KNOTS('',1,(#1198,#1199),.UNSPECIFIED.,.F.,
  .F.,(2,2),(0.,1.),.PIECEWISE_BEZIER_KNOTS.);
#1198 = CARTESIAN_POINT('',(-31.45127093913,24.252634347131,-82.99999553
    ));
#1199 = CARTESIAN_POINT('',(-23.54963159486,24.252634347131,-82.99999553
    ));
#1200 = PCURVE('',#323,#1201);
#1201 = DEFINITIONAL_REPRESENTATION('',(#1202),#1205);
#1202 = B_SPLINE_CURVE_WITH_KNOTS('',1,(#1203,#1204),.UNSPECIFIED.,.F.,
  .F.,(2,2),(0.,1.),.PIECEWISE_BEZIER_KNOTS.);
#1203 = CARTESIAN_POINT('',(10.049180327869,105.99686902813));
#1204 = CARTESIAN_POINT('',(17.950819672131,105.99686902813));
#1205 = ( GEOMETRIC_REPRESENTATION_CONTEXT(2)
PARAMETRIC_REPRESENTATION_CONTEXT() REPRESENTATION_CONTEXT('2D SPACE',''
  ) );
#1206 = PCURVE('',#1207,#1212);
#1207 = B_SPLINE_SURFACE_WITH_KNOTS('',1,1,(
    (#1208,#1209)
    ,(#1210,#1211
    )),.UNSPECIFIED.,.F.,.F.,.F.,(2,2),(2,2),(0.,8.),(0.,1.),
  .PIECEWISE_BEZIER_KNOTS.);
#1208 = CARTESIAN_POINT('',(-26.500451267,21.301814675,-85.99999553));
#1209 = CARTESIAN_POINT('',(-23.500451267,24.301814675,-82.94999553));
#1210 = CARTESIAN_POINT('',(-28.500451267,21.301814675,-85.99999553));
#1211 = CARTESIAN_POINT('',(-31.500451267,24.301814675,-82.94999553));
#1212 = DEFINITIONAL_REPRESENTATION('',(#1213),#1216);
#1213 = B_SPLINE_CURVE_WITH_KNOTS('',1,(#1214,#1215),.UNSPECIFIED.,.F.,
  .F.,(2,2),(0.,1.),.PIECEWISE_BEZIER_KNOTS.);
#1214 = CARTESIAN_POINT('',(8.,0.983606557377));
#1215 = CARTESIAN_POINT('',(0.,0.983606557377));
#1216 = ( GEOMETRIC_REPRESENTATION_CONTEXT(2)
PARAMETRIC_REPRESENTATION_CONTEXT() REPRESENTATION_CONTEXT('2D SPACE',''
  ) );
#1217 = FACE_BOUND('',#1218,.F.);
#1218 = EDGE_LOOP('',(#1219));
#1219 = ORIENTED_EDGE('',*,*,#1220,.F.);
#1220 = EDGE_CURVE('',#1221,#1221,#1223,.T.);
#1221 = VERTEX_POINT('',#1222);
#1222 = CARTESIAN_POINT('',(1.7,-20.721210003,-82.99999553));
#1223 = SURFACE_CURVE('',#1224,(#1229,#1236),.PCURVE_S1.);
#1224 = CIRCLE('',#1225,1.7);
#1225 = AXIS2_PLACEMENT_3D('',#1226,#1227,#1228);
#1226 = CARTESIAN_POINT('',(0.,-20.721210003,-82.99999553));
#1227 = DIRECTION('',(0.,0.,1.));
#1228 = DIRECTION('',(1.,0.,-0.));
#1229 = PCURVE('',#323,#1230);
#1230 = DEFINITIONAL_REPRESENTATION('',(#1231),#1235);
#1231 = CIRCLE('',#1232,1.7);
#1232 = AXIS2_PLACEMENT_2D('',#1233,#1234);
#1233 = CARTESIAN_POINT('',(41.500451267,61.023024678));
#1234 = DIRECTION('',(1.,0.));
#1235 = ( GEOMETRIC_REPRESENTATION_CONTEXT(2)
PARAMETRIC_REPRESENTATION_CONTEXT() REPRESENTATION_CONTEXT('2D SPACE',''
  ) );
#1236 = PCURVE('',#1237,#1242);
#1237 = CYLINDRICAL_SURFACE('',#1238,1.7);
#1238 = AXIS2_PLACEMENT_3D('',#1239,#1240,#1241);
#1239 = CARTESIAN_POINT('',(0.,-20.721210003,-83.04999553));
#1240 = DIRECTION('',(0.,0.,1.));
#1241 = DIRECTION('',(1.,0.,-0.));
#1242 = DEFINITIONAL_REPRESENTATION('',(#1243),#1247);
#1243 = LINE('',#1244,#1245);
#1244 = CARTESIAN_POINT('',(0.,5.E-02));
#1245 = VECTOR('',#1246,1.);
#1246 = DIRECTION('',(1.,0.));
#1247 = ( GEOMETRIC_REPRESENTATION_CONTEXT(2)
PARAMETRIC_REPRESENTATION_CONTEXT() REPRESENTATION_CONTEXT('2D SPACE',''
  ) );
#1248 = FACE_BOUND('',#1249,.F.);
#1249 = EDGE_LOOP('',(#1250,#1277,#1302,#1327));
#1250 = ORIENTED_EDGE('',*,*,#1251,.T.);
#1251 = EDGE_CURVE('',#1252,#1254,#1256,.T.);
#1252 = VERTEX_POINT('',#1253);
#1253 = CARTESIAN_POINT('',(31.451192708131,24.252634347131,-82.99999553
    ));
#1254 = VERTEX_POINT('',#1255);
#1255 = CARTESIAN_POINT('',(31.451192708131,16.350995002869,-82.99999553
    ));
#1256 = SURFACE_CURVE('',#1257,(#1260,#1266),.PCURVE_S1.);
#1257 = B_SPLINE_CURVE_WITH_KNOTS('',1,(#1258,#1259),.UNSPECIFIED.,.F.,
  .F.,(2,2),(0.,1.),.PIECEWISE_BEZIER_KNOTS.);
#1258 = CARTESIAN_POINT('',(31.451192708131,24.252634347131,-82.99999553
    ));
#1259 = CARTESIAN_POINT('',(31.451192708131,16.350995002869,-82.99999553
    ));
#1260 = PCURVE('',#323,#1261);
#1261 = DEFINITIONAL_REPRESENTATION('',(#1262),#1265);
#1262 = B_SPLINE_CURVE_WITH_KNOTS('',1,(#1263,#1264),.UNSPECIFIED.,.F.,
  .F.,(2,2),(0.,1.),.PIECEWISE_BEZIER_KNOTS.);
#1263 = CARTESIAN_POINT('',(72.951643975131,105.99686902813));
#1264 = CARTESIAN_POINT('',(72.951643975131,98.095229683869));
#1265 = ( GEOMETRIC_REPRESENTATION_CONTEXT(2)
PARAMETRIC_REPRESENTATION_CONTEXT() REPRESENTATION_CONTEXT('2D SPACE',''
  ) );
#1266 = PCURVE('',#1267,#1272);
#1267 = B_SPLINE_SURFACE_WITH_KNOTS('',1,1,(
    (#1268,#1269)
    ,(#1270,#1271
    )),.UNSPECIFIED.,.F.,.F.,.F.,(2,2),(2,2),(0.,8.),(0.,1.),
  .PIECEWISE_BEZIER_KNOTS.);
#1268 = CARTESIAN_POINT('',(28.500373036,19.301814675,-85.99999553));
#1269 = CARTESIAN_POINT('',(31.500373036,16.301814675,-82.94999553));
#1270 = CARTESIAN_POINT('',(28.500373036,21.301814675,-85.99999553));
#1271 = CARTESIAN_POINT('',(31.500373036,24.301814675,-82.94999553));
#1272 = DEFINITIONAL_REPRESENTATION('',(#1273),#1276);
#1273 = B_SPLINE_CURVE_WITH_KNOTS('',1,(#1274,#1275),.UNSPECIFIED.,.F.,
  .F.,(2,2),(0.,1.),.PIECEWISE_BEZIER_KNOTS.);
#1274 = CARTESIAN_POINT('',(8.,0.983606557377));
#1275 = CARTESIAN_POINT('',(0.,0.983606557377));
#1276 = ( GEOMETRIC_REPRESENTATION_CONTEXT(2)
PARAMETRIC_REPRESENTATION_CONTEXT() REPRESENTATION_CONTEXT('2D SPACE',''
  ) );
#1277 = ORIENTED_EDGE('',*,*,#1278,.T.);
#1278 = EDGE_CURVE('',#1254,#1279,#1281,.T.);
#1279 = VERTEX_POINT('',#1280);
#1280 = CARTESIAN_POINT('',(23.549553363869,16.350995002869,-82.99999553
    ));
#1281 = SURFACE_CURVE('',#1282,(#1285,#1291),.PCURVE_S1.);
#1282 = B_SPLINE_CURVE_WITH_KNOTS('',1,(#1283,#1284),.UNSPECIFIED.,.F.,
  .F.,(2,2),(0.,1.),.PIECEWISE_BEZIER_KNOTS.);
#1283 = CARTESIAN_POINT('',(31.451192708131,16.350995002869,-82.99999553
    ));
#1284 = CARTESIAN_POINT('',(23.549553363869,16.350995002869,-82.99999553
    ));
#1285 = PCURVE('',#323,#1286);
#1286 = DEFINITIONAL_REPRESENTATION('',(#1287),#1290);
#1287 = B_SPLINE_CURVE_WITH_KNOTS('',1,(#1288,#1289),.UNSPECIFIED.,.F.,
  .F.,(2,2),(0.,1.),.PIECEWISE_BEZIER_KNOTS.);
#1288 = CARTESIAN_POINT('',(72.951643975131,98.095229683869));
#1289 = CARTESIAN_POINT('',(65.050004630869,98.095229683869));
#1290 = ( GEOMETRIC_REPRESENTATION_CONTEXT(2)
PARAMETRIC_REPRESENTATION_CONTEXT() REPRESENTATION_CONTEXT('2D SPACE',''
  ) );
#1291 = PCURVE('',#1292,#1297);
#1292 = B_SPLINE_SURFACE_WITH_KNOTS('',1,1,(
    (#1293,#1294)
    ,(#1295,#1296
    )),.UNSPECIFIED.,.F.,.F.,.F.,(2,2),(2,2),(0.,8.),(0.,1.),
  .PIECEWISE_BEZIER_KNOTS.);
#1293 = CARTESIAN_POINT('',(26.500373036,19.301814675,-85.99999553));
#1294 = CARTESIAN_POINT('',(23.500373036,16.301814675,-82.94999553));
#1295 = CARTESIAN_POINT('',(28.500373036,19.301814675,-85.99999553));
#1296 = CARTESIAN_POINT('',(31.500373036,16.301814675,-82.94999553));
#1297 = DEFINITIONAL_REPRESENTATION('',(#1298),#1301);
#1298 = B_SPLINE_CURVE_WITH_KNOTS('',1,(#1299,#1300),.UNSPECIFIED.,.F.,
  .F.,(2,2),(0.,1.),.PIECEWISE_BEZIER_KNOTS.);
#1299 = CARTESIAN_POINT('',(8.,0.983606557377));
#1300 = CARTESIAN_POINT('',(0.,0.983606557377));
#1301 = ( GEOMETRIC_REPRESENTATION_CONTEXT(2)
PARAMETRIC_REPRESENTATION_CONTEXT() REPRESENTATION_CONTEXT('2D SPACE',''
  ) );
#1302 = ORIENTED_EDGE('',*,*,#1303,.T.);
#1303 = EDGE_CURVE('',#1279,#1304,#1306,.T.);
#1304 = VERTEX_POINT('',#1305);
#1305 = CARTESIAN_POINT('',(23.549553363869,24.252634347131,-82.99999553
    ));
#1306 = SURFACE_CURVE('',#1307,(#1310,#1316),.PCURVE_S1.);
#1307 = B_SPLINE_CURVE_WITH_KNOTS('',1,(#1308,#1309),.UNSPECIFIED.,.F.,
  .F.,(2,2),(0.,1.),.PIECEWISE_BEZIER_KNOTS.);
#1308 = CARTESIAN_POINT('',(23.549553363869,16.350995002869,-82.99999553
    ));
#1309 = CARTESIAN_POINT('',(23.549553363869,24.252634347131,-82.99999553
    ));
#1310 = PCURVE('',#323,#1311);
#1311 = DEFINITIONAL_REPRESENTATION('',(#1312),#1315);
#1312 = B_SPLINE_CURVE_WITH_KNOTS('',1,(#1313,#1314),.UNSPECIFIED.,.F.,
  .F.,(2,2),(0.,1.),.PIECEWISE_BEZIER_KNOTS.);
#1313 = CARTESIAN_POINT('',(65.050004630869,98.095229683869));
#1314 = CARTESIAN_POINT('',(65.050004630869,105.99686902813));
#1315 = ( GEOMETRIC_REPRESENTATION_CONTEXT(2)
PARAMETRIC_REPRESENTATION_CONTEXT() REPRESENTATION_CONTEXT('2D SPACE',''
  ) );
#1316 = PCURVE('',#1317,#1322);
#1317 = B_SPLINE_SURFACE_WITH_KNOTS('',1,1,(
    (#1318,#1319)
    ,(#1320,#1321
    )),.UNSPECIFIED.,.F.,.F.,.F.,(2,2),(2,2),(0.,8.),(0.,1.),
  .PIECEWISE_BEZIER_KNOTS.);
#1318 = CARTESIAN_POINT('',(26.500373036,21.301814675,-85.99999553));
#1319 = CARTESIAN_POINT('',(23.500373036,24.301814675,-82.94999553));
#1320 = CARTESIAN_POINT('',(26.500373036,19.301814675,-85.99999553));
#1321 = CARTESIAN_POINT('',(23.500373036,16.301814675,-82.94999553));
#1322 = DEFINITIONAL_REPRESENTATION('',(#1323),#1326);
#1323 = B_SPLINE_CURVE_WITH_KNOTS('',1,(#1324,#1325),.UNSPECIFIED.,.F.,
  .F.,(2,2),(0.,1.),.PIECEWISE_BEZIER_KNOTS.);
#1324 = CARTESIAN_POINT('',(8.,0.983606557377));
#1325 = CARTESIAN_POINT('',(0.,0.983606557377));
#1326 = ( GEOMETRIC_REPRESENTATION_CONTEXT(2)
PARAMETRIC_REPRESENTATION_CONTEXT() REPRESENTATION_CONTEXT('2D SPACE',''
  ) );
#1327 = ORIENTED_EDGE('',*,*,#1328,.T.);
#1328 = EDGE_CURVE('',#1304,#1252,#1329,.T.);
#1329 = SURFACE_CURVE('',#1330,(#1333,#1339),.PCURVE_S1.);
#1330 = B_SPLINE_CURVE_WITH_KNOTS('',1,(#1331,#1332),.UNSPECIFIED.,.F.,
  .F.,(2,2),(0.,1.),.PIECEWISE_BEZIER_KNOTS.);
#1331 = CARTESIAN_POINT('',(23.549553363869,24.252634347131,-82.99999553
    ));
#1332 = CARTESIAN_POINT('',(31.451192708131,24.252634347131,-82.99999553
    ));
#1333 = PCURVE('',#323,#1334);
#1334 = DEFINITIONAL_REPRESENTATION('',(#1335),#1338);
#1335 = B_SPLINE_CURVE_WITH_KNOTS('',1,(#1336,#1337),.UNSPECIFIED.,.F.,
  .F.,(2,2),(0.,1.),.PIECEWISE_BEZIER_KNOTS.);
#1336 = CARTESIAN_POINT('',(65.050004630869,105.99686902813));
#1337 = CARTESIAN_POINT('',(72.951643975131,105.99686902813));
#1338 = ( GEOMETRIC_REPRESENTATION_CONTEXT(2)
PARAMETRIC_REPRESENTATION_CONTEXT() REPRESENTATION_CONTEXT('2D SPACE',''
  ) );
#1339 = PCURVE('',#1340,#1345);
#1340 = B_SPLINE_SURFACE_WITH_KNOTS('',1,1,(
    (#1341,#1342)
    ,(#1343,#1344
    )),.UNSPECIFIED.,.F.,.F.,.F.,(2,2),(2,2),(0.,8.),(0.,1.),
  .PIECEWISE_BEZIER_KNOTS.);
#1341 = CARTESIAN_POINT('',(28.500373036,21.301814675,-85.99999553));
#1342 = CARTESIAN_POINT('',(31.500373036,24.301814675,-82.94999553));
#1343 = CARTESIAN_POINT('',(26.500373036,21.301814675,-85.99999553));
#1344 = CARTESIAN_POINT('',(23.500373036,24.301814675,-82.94999553));
#1345 = DEFINITIONAL_REPRESENTATION('',(#1346),#1349);
#1346 = B_SPLINE_CURVE_WITH_KNOTS('',1,(#1347,#1348),.UNSPECIFIED.,.F.,
  .F.,(2,2),(0.,1.),.PIECEWISE_BEZIER_KNOTS.);
#1347 = CARTESIAN_POINT('',(8.,0.983606557377));
#1348 = CARTESIAN_POINT('',(0.,0.983606557377));
#1349 = ( GEOMETRIC_REPRESENTATION_CONTEXT(2)
PARAMETRIC_REPRESENTATION_CONTEXT() REPRESENTATION_CONTEXT('2D SPACE',''
  ) );
#1350 = ADVANCED_FACE('',(#1351),#295,.T.);
#1351 = FACE_BOUND('',#1352,.T.);
#1352 = EDGE_LOOP('',(#1353,#1377,#1378,#1379));
#1353 = ORIENTED_EDGE('',*,*,#1354,.T.);
#1354 = EDGE_CURVE('',#1355,#869,#1357,.T.);
#1355 = VERTEX_POINT('',#1356);
#1356 = CARTESIAN_POINT('',(41.500373036,-81.744234681,-72.99999553));
#1357 = SURFACE_CURVE('',#1358,(#1363,#1370),.PCURVE_S1.);
#1358 = CIRCLE('',#1359,10.);
#1359 = AXIS2_PLACEMENT_3D('',#1360,#1361,#1362);
#1360 = CARTESIAN_POINT('',(31.500373036,-81.744234681,-72.99999553));
#1361 = DIRECTION('',(0.,1.,0.));
#1362 = DIRECTION('',(0.,-0.,1.));
#1363 = PCURVE('',#295,#1364);
#1364 = DEFINITIONAL_REPRESENTATION('',(#1365),#1369);
#1365 = LINE('',#1366,#1367);
#1366 = CARTESIAN_POINT('',(-1.570796326795,0.));
#1367 = VECTOR('',#1368,1.);
#1368 = DIRECTION('',(1.,0.));
#1369 = ( GEOMETRIC_REPRESENTATION_CONTEXT(2)
PARAMETRIC_REPRESENTATION_CONTEXT() REPRESENTATION_CONTEXT('2D SPACE',''
  ) );
#1370 = PCURVE('',#575,#1371);
#1371 = DEFINITIONAL_REPRESENTATION('',(#1372),#1376);
#1372 = CIRCLE('',#1373,10.);
#1373 = AXIS2_PLACEMENT_2D('',#1374,#1375);
#1374 = CARTESIAN_POINT('',(10.,73.000824303));
#1375 = DIRECTION('',(1.,0.));
#1376 = ( GEOMETRIC_REPRESENTATION_CONTEXT(2)
PARAMETRIC_REPRESENTATION_CONTEXT() REPRESENTATION_CONTEXT('2D SPACE',''
  ) );
#1377 = ORIENTED_EDGE('',*,*,#891,.T.);
#1378 = ORIENTED_EDGE('',*,*,#278,.F.);
#1379 = ORIENTED_EDGE('',*,*,#1380,.F.);
#1380 = EDGE_CURVE('',#1355,#251,#1381,.T.);
#1381 = SURFACE_CURVE('',#1382,(#1386,#1393),.PCURVE_S1.);
#1382 = LINE('',#1383,#1384);
#1383 = CARTESIAN_POINT('',(41.500373036,-81.744234681,-72.99999553));
#1384 = VECTOR('',#1385,1.);
#1385 = DIRECTION('',(0.,1.,0.));
#1386 = PCURVE('',#295,#1387);
#1387 = DEFINITIONAL_REPRESENTATION('',(#1388),#1392);
#1388 = LINE('',#1389,#1390);
#1389 = CARTESIAN_POINT('',(0.,0.));
#1390 = VECTOR('',#1391,1.);
#1391 = DIRECTION('',(0.,1.));
#1392 = ( GEOMETRIC_REPRESENTATION_CONTEXT(2)
PARAMETRIC_REPRESENTATION_CONTEXT() REPRESENTATION_CONTEXT('2D SPACE',''
  ) );
#1393 = PCURVE('',#266,#1394);
#1394 = DEFINITIONAL_REPRESENTATION('',(#1395),#1399);
#1395 = LINE('',#1396,#1397);
#1396 = CARTESIAN_POINT('',(10.,0.));
#1397 = VECTOR('',#1398,1.);
#1398 = DIRECTION('',(0.,-1.));
#1399 = ( GEOMETRIC_REPRESENTATION_CONTEXT(2)
PARAMETRIC_REPRESENTATION_CONTEXT() REPRESENTATION_CONTEXT('2D SPACE',''
  ) );
#1400 = ADVANCED_FACE('',(#1401),#266,.T.);
#1401 = FACE_BOUND('',#1402,.T.);
#1402 = EDGE_LOOP('',(#1403,#1426,#1427,#1428,#1449,#1482,#1510));
#1403 = ORIENTED_EDGE('',*,*,#1404,.F.);
#1404 = EDGE_CURVE('',#1355,#1405,#1407,.T.);
#1405 = VERTEX_POINT('',#1406);
#1406 = CARTESIAN_POINT('',(41.500373036,-81.744234681,11.9));
#1407 = SURFACE_CURVE('',#1408,(#1412,#1419),.PCURVE_S1.);
#1408 = LINE('',#1409,#1410);
#1409 = CARTESIAN_POINT('',(41.500373036,-81.744234681,-82.99999553));
#1410 = VECTOR('',#1411,1.);
#1411 = DIRECTION('',(0.,0.,1.));
#1412 = PCURVE('',#266,#1413);
#1413 = DEFINITIONAL_REPRESENTATION('',(#1414),#1418);
#1414 = LINE('',#1415,#1416);
#1415 = CARTESIAN_POINT('',(0.,0.));
#1416 = VECTOR('',#1417,1.);
#1417 = DIRECTION('',(1.,0.));
#1418 = ( GEOMETRIC_REPRESENTATION_CONTEXT(2)
PARAMETRIC_REPRESENTATION_CONTEXT() REPRESENTATION_CONTEXT('2D SPACE',''
  ) );
#1419 = PCURVE('',#575,#1420);
#1420 = DEFINITIONAL_REPRESENTATION('',(#1421),#1425);
#1421 = LINE('',#1422,#1423);
#1422 = CARTESIAN_POINT('',(0.,83.000824303));
#1423 = VECTOR('',#1424,1.);
#1424 = DIRECTION('',(1.,0.));
#1425 = ( GEOMETRIC_REPRESENTATION_CONTEXT(2)
PARAMETRIC_REPRESENTATION_CONTEXT() REPRESENTATION_CONTEXT('2D SPACE',''
  ) );
#1426 = ORIENTED_EDGE('',*,*,#1380,.T.);
#1427 = ORIENTED_EDGE('',*,*,#250,.T.);
#1428 = ORIENTED_EDGE('',*,*,#1429,.T.);
#1429 = EDGE_CURVE('',#225,#1430,#1432,.T.);
#1430 = VERTEX_POINT('',#1431);
#1431 = CARTESIAN_POINT('',(41.500373036,3.748666429545,11.9));
#1432 = SURFACE_CURVE('',#1433,(#1437,#1443),.PCURVE_S1.);
#1433 = LINE('',#1434,#1435);
#1434 = CARTESIAN_POINT('',(41.500373036,-112.25574702,11.9));
#1435 = VECTOR('',#1436,1.);
#1436 = DIRECTION('',(0.,-1.,0.));
#1437 = PCURVE('',#266,#1438);
#1438 = DEFINITIONAL_REPRESENTATION('',(#1439),#1442);
#1439 = B_SPLINE_CURVE_WITH_KNOTS('',1,(#1440,#1441),.UNSPECIFIED.,.F.,
  .F.,(2,2),(-152.557561695,-30.511512339),.PIECEWISE_BEZIER_KNOTS.);
#1440 = CARTESIAN_POINT('',(94.89999553,-122.046049356));
#1441 = CARTESIAN_POINT('',(94.89999553,0.));
#1442 = ( GEOMETRIC_REPRESENTATION_CONTEXT(2)
PARAMETRIC_REPRESENTATION_CONTEXT() REPRESENTATION_CONTEXT('2D SPACE',''
  ) );
#1443 = PCURVE('',#239,#1444);
#1444 = DEFINITIONAL_REPRESENTATION('',(#1445),#1448);
#1445 = B_SPLINE_CURVE_WITH_KNOTS('',1,(#1446,#1447),.UNSPECIFIED.,.F.,
  .F.,(2,2),(-152.557561695,-30.511512339),.PIECEWISE_BEZIER_KNOTS.);
#1446 = CARTESIAN_POINT('',(93.000824303,183.069074034));
#1447 = CARTESIAN_POINT('',(93.000824303,61.023024678));
#1448 = ( GEOMETRIC_REPRESENTATION_CONTEXT(2)
PARAMETRIC_REPRESENTATION_CONTEXT() REPRESENTATION_CONTEXT('2D SPACE',''
  ) );
#1449 = ORIENTED_EDGE('',*,*,#1450,.T.);
#1450 = EDGE_CURVE('',#1430,#1451,#1453,.T.);
#1451 = VERTEX_POINT('',#1452);
#1452 = CARTESIAN_POINT('',(41.500373036,20.25,-8.));
#1453 = SURFACE_CURVE('',#1454,(#1459,#1470),.PCURVE_S1.);
#1454 = CIRCLE('',#1455,20.25);
#1455 = AXIS2_PLACEMENT_3D('',#1456,#1457,#1458);
#1456 = CARTESIAN_POINT('',(41.500373036,0.,-8.));
#1457 = DIRECTION('',(-1.,0.,0.));
#1458 = DIRECTION('',(0.,1.,0.));
#1459 = PCURVE('',#266,#1460);
#1460 = DEFINITIONAL_REPRESENTATION('',(#1461),#1469);
#1461 = ( BOUNDED_CURVE() B_SPLINE_CURVE(2,(#1462,#1463,#1464,#1465,
#1466,#1467,#1468),.UNSPECIFIED.,.T.,.F.) B_SPLINE_CURVE_WITH_KNOTS((1,2
    ,2,2,2,1),(-2.094395102393,0.,2.094395102393,4.188790204786,
6.28318530718,8.377580409573),.UNSPECIFIED.) CURVE()
GEOMETRIC_REPRESENTATION_ITEM() RATIONAL_B_SPLINE_CURVE((1.,0.5,1.,0.5,
1.,0.5,1.)) REPRESENTATION_ITEM('') );
#1462 = CARTESIAN_POINT('',(74.99999553,-101.994234681));
#1463 = CARTESIAN_POINT('',(39.92596667673,-101.994234681));
#1464 = CARTESIAN_POINT('',(57.462981103365,-71.619234681));
#1465 = CARTESIAN_POINT('',(74.99999553,-41.244234681));
#1466 = CARTESIAN_POINT('',(92.537009956635,-71.619234681));
#1467 = CARTESIAN_POINT('',(110.07402438327,-101.994234681));
#1468 = CARTESIAN_POINT('',(74.99999553,-101.994234681));
#1469 = ( GEOMETRIC_REPRESENTATION_CONTEXT(2)
PARAMETRIC_REPRESENTATION_CONTEXT() REPRESENTATION_CONTEXT('2D SPACE',''
  ) );
#1470 = PCURVE('',#1471,#1476);
#1471 = CONICAL_SURFACE('',#1472,20.3,0.785398163397);
#1472 = AXIS2_PLACEMENT_3D('',#1473,#1474,#1475);
#1473 = CARTESIAN_POINT('',(41.550373036,0.,-8.));
#1474 = DIRECTION('',(1.,-0.,-0.));
#1475 = DIRECTION('',(0.,1.,0.));
#1476 = DEFINITIONAL_REPRESENTATION('',(#1477),#1481);
#1477 = LINE('',#1478,#1479);
#1478 = CARTESIAN_POINT('',(-0.,-5.E-02));
#1479 = VECTOR('',#1480,1.);
#1480 = DIRECTION('',(-1.,-0.));
#1481 = ( GEOMETRIC_REPRESENTATION_CONTEXT(2)
PARAMETRIC_REPRESENTATION_CONTEXT() REPRESENTATION_CONTEXT('2D SPACE',''
  ) );
#1482 = ORIENTED_EDGE('',*,*,#1483,.T.);
#1483 = EDGE_CURVE('',#1451,#1484,#1486,.T.);
#1484 = VERTEX_POINT('',#1485);
#1485 = CARTESIAN_POINT('',(41.500373036,-3.748666429545,11.9));
#1486 = SURFACE_CURVE('',#1487,(#1492,#1503),.PCURVE_S1.);
#1487 = CIRCLE('',#1488,20.25);
#1488 = AXIS2_PLACEMENT_3D('',#1489,#1490,#1491);
#1489 = CARTESIAN_POINT('',(41.500373036,0.,-8.));
#1490 = DIRECTION('',(-1.,0.,0.));
#1491 = DIRECTION('',(0.,1.,0.));
#1492 = PCURVE('',#266,#1493);
#1493 = DEFINITIONAL_REPRESENTATION('',(#1494),#1502);
#1494 = ( BOUNDED_CURVE() B_SPLINE_CURVE(2,(#1495,#1496,#1497,#1498,
#1499,#1500,#1501),.UNSPECIFIED.,.T.,.F.) B_SPLINE_CURVE_WITH_KNOTS((1,2
    ,2,2,2,1),(-2.094395102393,0.,2.094395102393,4.188790204786,
6.28318530718,8.377580409573),.UNSPECIFIED.) CURVE()
GEOMETRIC_REPRESENTATION_ITEM() RATIONAL_B_SPLINE_CURVE((1.,0.5,1.,0.5,
1.,0.5,1.)) REPRESENTATION_ITEM('') );
#1495 = CARTESIAN_POINT('',(74.99999553,-101.994234681));
#1496 = CARTESIAN_POINT('',(39.92596667673,-101.994234681));
#1497 = CARTESIAN_POINT('',(57.462981103365,-71.619234681));
#1498 = CARTESIAN_POINT('',(74.99999553,-41.244234681));
#1499 = CARTESIAN_POINT('',(92.537009956635,-71.619234681));
#1500 = CARTESIAN_POINT('',(110.07402438327,-101.994234681));
#1501 = CARTESIAN_POINT('',(74.99999553,-101.994234681));
#1502 = ( GEOMETRIC_REPRESENTATION_CONTEXT(2)
PARAMETRIC_REPRESENTATION_CONTEXT() REPRESENTATION_CONTEXT('2D SPACE',''
  ) );
#1503 = PCURVE('',#1471,#1504);
#1504 = DEFINITIONAL_REPRESENTATION('',(#1505),#1509);
#1505 = LINE('',#1506,#1507);
#1506 = CARTESIAN_POINT('',(-0.,-5.E-02));
#1507 = VECTOR('',#1508,1.);
#1508 = DIRECTION('',(-1.,-0.));
#1509 = ( GEOMETRIC_REPRESENTATION_CONTEXT(2)
PARAMETRIC_REPRESENTATION_CONTEXT() REPRESENTATION_CONTEXT('2D SPACE',''
  ) );
#1510 = ORIENTED_EDGE('',*,*,#1511,.T.);
#1511 = EDGE_CURVE('',#1484,#1405,#1512,.T.);
#1512 = SURFACE_CURVE('',#1513,(#1517,#1523),.PCURVE_S1.);
#1513 = LINE('',#1514,#1515);
#1514 = CARTESIAN_POINT('',(41.500373036,-112.25574702,11.9));
#1515 = VECTOR('',#1516,1.);
#1516 = DIRECTION('',(0.,-1.,0.));
#1517 = PCURVE('',#266,#1518);
#1518 = DEFINITIONAL_REPRESENTATION('',(#1519),#1522);
#1519 = B_SPLINE_CURVE_WITH_KNOTS('',1,(#1520,#1521),.UNSPECIFIED.,.F.,
  .F.,(2,2),(-152.557561695,-30.511512339),.PIECEWISE_BEZIER_KNOTS.);
#1520 = CARTESIAN_POINT('',(94.89999553,-122.046049356));
#1521 = CARTESIAN_POINT('',(94.89999553,0.));
#1522 = ( GEOMETRIC_REPRESENTATION_CONTEXT(2)
PARAMETRIC_REPRESENTATION_CONTEXT() REPRESENTATION_CONTEXT('2D SPACE',''
  ) );
#1523 = PCURVE('',#239,#1524);
#1524 = DEFINITIONAL_REPRESENTATION('',(#1525),#1528);
#1525 = B_SPLINE_CURVE_WITH_KNOTS('',1,(#1526,#1527),.UNSPECIFIED.,.F.,
  .F.,(2,2),(-152.557561695,-30.511512339),.PIECEWISE_BEZIER_KNOTS.);
#1526 = CARTESIAN_POINT('',(93.000824303,183.069074034));
#1527 = CARTESIAN_POINT('',(93.000824303,61.023024678));
#1528 = ( GEOMETRIC_REPRESENTATION_CONTEXT(2)
PARAMETRIC_REPRESENTATION_CONTEXT() REPRESENTATION_CONTEXT('2D SPACE',''
  ) );
#1529 = ADVANCED_FACE('',(#1530,#1627,#1729,#1764),#239,.T.);
#1530 = FACE_BOUND('',#1531,.T.);
#1531 = EDGE_LOOP('',(#1532,#1533,#1554,#1580,#1599,#1600,#1626));
#1532 = ORIENTED_EDGE('',*,*,#224,.F.);
#1533 = ORIENTED_EDGE('',*,*,#1534,.F.);
#1534 = EDGE_CURVE('',#1535,#197,#1537,.T.);
#1535 = VERTEX_POINT('',#1536);
#1536 = CARTESIAN_POINT('',(33.500373036,36.301814675,11.9));
#1537 = SURFACE_CURVE('',#1538,(#1542,#1548),.PCURVE_S1.);
#1538 = LINE('',#1539,#1540);
#1539 = CARTESIAN_POINT('',(-31.51710154825,-28.71565990925,11.9));
#1540 = VECTOR('',#1541,1.);
#1541 = DIRECTION('',(0.707106781187,0.707106781187,-0.));
#1542 = PCURVE('',#239,#1543);
#1543 = DEFINITIONAL_REPRESENTATION('',(#1544),#1547);
#1544 = B_SPLINE_CURVE_WITH_KNOTS('',1,(#1545,#1546),.UNSPECIFIED.,.F.,
  .F.,(2,2),(91.948594348294,97.605448597787),.PIECEWISE_BEZIER_KNOTS.);
#1545 = CARTESIAN_POINT('',(85.000824303,179.069074034));
#1546 = CARTESIAN_POINT('',(89.000824303,183.069074034));
#1547 = ( GEOMETRIC_REPRESENTATION_CONTEXT(2)
PARAMETRIC_REPRESENTATION_CONTEXT() REPRESENTATION_CONTEXT('2D SPACE',''
  ) );
#1548 = PCURVE('',#212,#1549);
#1549 = DEFINITIONAL_REPRESENTATION('',(#1550),#1553);
#1550 = B_SPLINE_CURVE_WITH_KNOTS('',1,(#1551,#1552),.UNSPECIFIED.,.F.,
  .F.,(2,2),(91.948594348294,97.605448597787),.PIECEWISE_BEZIER_KNOTS.);
#1551 = CARTESIAN_POINT('',(-61.869405484,2.828427124746));
#1552 = CARTESIAN_POINT('',(-61.869405484,-2.828427124746));
#1553 = ( GEOMETRIC_REPRESENTATION_CONTEXT(2)
PARAMETRIC_REPRESENTATION_CONTEXT() REPRESENTATION_CONTEXT('2D SPACE',''
  ) );
#1554 = ORIENTED_EDGE('',*,*,#1555,.T.);
#1555 = EDGE_CURVE('',#1535,#1556,#1558,.T.);
#1556 = VERTEX_POINT('',#1557);
#1557 = CARTESIAN_POINT('',(33.500373036,-81.744234681,11.9));
#1558 = SURFACE_CURVE('',#1559,(#1563,#1569),.PCURVE_S1.);
#1559 = LINE('',#1560,#1561);
#1560 = CARTESIAN_POINT('',(33.500373036,-112.28074702,11.9));
#1561 = VECTOR('',#1562,1.);
#1562 = DIRECTION('',(0.,-1.,0.));
#1563 = PCURVE('',#239,#1564);
#1564 = DEFINITIONAL_REPRESENTATION('',(#1565),#1568);
#1565 = B_SPLINE_CURVE_WITH_KNOTS('',1,(#1566,#1567),.UNSPECIFIED.,.F.,
  .F.,(2,2),(-148.582561695,-30.536512339),.PIECEWISE_BEZIER_KNOTS.);
#1566 = CARTESIAN_POINT('',(85.000824303,179.069074034));
#1567 = CARTESIAN_POINT('',(85.000824303,61.023024678));
#1568 = ( GEOMETRIC_REPRESENTATION_CONTEXT(2)
PARAMETRIC_REPRESENTATION_CONTEXT() REPRESENTATION_CONTEXT('2D SPACE',''
  ) );
#1569 = PCURVE('',#1570,#1575);
#1570 = PLANE('',#1571);
#1571 = AXIS2_PLACEMENT_3D('',#1572,#1573,#1574);
#1572 = CARTESIAN_POINT('',(33.500373036,-81.794234681,-74.99999553));
#1573 = DIRECTION('',(1.,0.,0.));
#1574 = DIRECTION('',(0.,0.,1.));
#1575 = DEFINITIONAL_REPRESENTATION('',(#1576),#1579);
#1576 = B_SPLINE_CURVE_WITH_KNOTS('',1,(#1577,#1578),.UNSPECIFIED.,.F.,
  .F.,(2,2),(-148.582561695,-30.536512339),.PIECEWISE_BEZIER_KNOTS.);
#1577 = CARTESIAN_POINT('',(86.89999553,-118.096049356));
#1578 = CARTESIAN_POINT('',(86.89999553,-5.E-02));
#1579 = ( GEOMETRIC_REPRESENTATION_CONTEXT(2)
PARAMETRIC_REPRESENTATION_CONTEXT() REPRESENTATION_CONTEXT('2D SPACE',''
  ) );
#1580 = ORIENTED_EDGE('',*,*,#1581,.T.);
#1581 = EDGE_CURVE('',#1556,#1405,#1582,.T.);
#1582 = SURFACE_CURVE('',#1583,(#1587,#1593),.PCURVE_S1.);
#1583 = LINE('',#1584,#1585);
#1584 = CARTESIAN_POINT('',(-46.500451267,-81.744234681,11.9));
#1585 = VECTOR('',#1586,1.);
#1586 = DIRECTION('',(1.,0.,0.));
#1587 = PCURVE('',#239,#1588);
#1588 = DEFINITIONAL_REPRESENTATION('',(#1589),#1592);
#1589 = B_SPLINE_CURVE_WITH_KNOTS('',1,(#1590,#1591),.UNSPECIFIED.,.F.,
  .F.,(2,2),(5.,88.000824303),.PIECEWISE_BEZIER_KNOTS.);
#1590 = CARTESIAN_POINT('',(10.,61.023024678));
#1591 = CARTESIAN_POINT('',(93.000824303,61.023024678));
#1592 = ( GEOMETRIC_REPRESENTATION_CONTEXT(2)
PARAMETRIC_REPRESENTATION_CONTEXT() REPRESENTATION_CONTEXT('2D SPACE',''
  ) );
#1593 = PCURVE('',#575,#1594);
#1594 = DEFINITIONAL_REPRESENTATION('',(#1595),#1598);
#1595 = B_SPLINE_CURVE_WITH_KNOTS('',1,(#1596,#1597),.UNSPECIFIED.,.F.,
  .F.,(2,2),(5.,88.000824303),.PIECEWISE_BEZIER_KNOTS.);
#1596 = CARTESIAN_POINT('',(94.89999553,0.));
#1597 = CARTESIAN_POINT('',(94.89999553,83.000824303));
#1598 = ( GEOMETRIC_REPRESENTATION_CONTEXT(2)
PARAMETRIC_REPRESENTATION_CONTEXT() REPRESENTATION_CONTEXT('2D SPACE',''
  ) );
#1599 = ORIENTED_EDGE('',*,*,#1511,.F.);
#1600 = ORIENTED_EDGE('',*,*,#1601,.T.);
#1601 = EDGE_CURVE('',#1484,#1430,#1602,.T.);
#1602 = SURFACE_CURVE('',#1603,(#1608,#1615),.PCURVE_S1.);
#1603 = HYPERBOLA('',#1604,19.9,19.9);
#1604 = AXIS2_PLACEMENT_3D('',#1605,#1606,#1607);
#1605 = CARTESIAN_POINT('',(21.250373036,0.,11.9));
#1606 = DIRECTION('',(0.,0.,1.));
#1607 = DIRECTION('',(1.,0.,-0.));
#1608 = PCURVE('',#239,#1609);
#1609 = DEFINITIONAL_REPRESENTATION('',(#1610),#1614);
#1610 = ( BOUNDED_CURVE() B_SPLINE_CURVE(2,(#1611,#1612,#1613),
.UNSPECIFIED.,.F.,.F.) B_SPLINE_CURVE_WITH_KNOTS((3,3),(-0.187278531638,
0.187278531638),.PIECEWISE_BEZIER_KNOTS.) CURVE()
GEOMETRIC_REPRESENTATION_ITEM() RATIONAL_B_SPLINE_CURVE((1.,
1.017587939698,1.)) REPRESENTATION_ITEM('') );
#1611 = CARTESIAN_POINT('',(93.000824303,139.01859292945));
#1612 = CARTESIAN_POINT('',(92.306873685716,142.767259359));
#1613 = CARTESIAN_POINT('',(93.000824303,146.51592578854));
#1614 = ( GEOMETRIC_REPRESENTATION_CONTEXT(2)
PARAMETRIC_REPRESENTATION_CONTEXT() REPRESENTATION_CONTEXT('2D SPACE',''
  ) );
#1615 = PCURVE('',#1471,#1616);
#1616 = DEFINITIONAL_REPRESENTATION('',(#1617),#1625);
#1617 = B_SPLINE_CURVE_WITH_KNOTS('',6,(#1618,#1619,#1620,#1621,#1622,
    #1623,#1624),.UNSPECIFIED.,.F.,.F.,(7,7),(-0.187278531638,
    0.187278531638),.PIECEWISE_BEZIER_KNOTS.);
#1618 = CARTESIAN_POINT('',(-4.526195690822,-5.E-02));
#1619 = CARTESIAN_POINT('',(-4.58754289707,-0.284014914842));
#1620 = CARTESIAN_POINT('',(-4.649740768794,-0.423332059374));
#1621 = CARTESIAN_POINT('',(-4.712388980385,-0.469592962099));
#1622 = CARTESIAN_POINT('',(-4.775037191975,-0.423332059374));
#1623 = CARTESIAN_POINT('',(-4.837235063699,-0.284014914842));
#1624 = CARTESIAN_POINT('',(-4.898582269948,-5.E-02));
#1625 = ( GEOMETRIC_REPRESENTATION_CONTEXT(2)
PARAMETRIC_REPRESENTATION_CONTEXT() REPRESENTATION_CONTEXT('2D SPACE',''
  ) );
#1626 = ORIENTED_EDGE('',*,*,#1429,.F.);
#1627 = FACE_BOUND('',#1628,.T.);
#1628 = EDGE_LOOP('',(#1629,#1656,#1681,#1706));
#1629 = ORIENTED_EDGE('',*,*,#1630,.T.);
#1630 = EDGE_CURVE('',#1631,#1633,#1635,.T.);
#1631 = VERTEX_POINT('',#1632);
#1632 = CARTESIAN_POINT('',(41.451985939226,-57.79262177777,11.9));
#1633 = VERTEX_POINT('',#1634);
#1634 = CARTESIAN_POINT('',(41.451985939226,-65.69584758422,11.9));
#1635 = SURFACE_CURVE('',#1636,(#1639,#1645),.PCURVE_S1.);
#1636 = B_SPLINE_CURVE_WITH_KNOTS('',1,(#1637,#1638),.UNSPECIFIED.,.F.,
  .F.,(2,2),(0.,1.),.PIECEWISE_BEZIER_KNOTS.);
#1637 = CARTESIAN_POINT('',(41.451985939226,-57.79262177777,11.9));
#1638 = CARTESIAN_POINT('',(41.451985939226,-65.69584758422,11.9));
#1639 = PCURVE('',#239,#1640);
#1640 = DEFINITIONAL_REPRESENTATION('',(#1641),#1644);
#1641 = B_SPLINE_CURVE_WITH_KNOTS('',1,(#1642,#1643),.UNSPECIFIED.,.F.,
  .F.,(2,2),(0.,1.),.PIECEWISE_BEZIER_KNOTS.);
#1642 = CARTESIAN_POINT('',(92.952437206226,84.974637581226));
#1643 = CARTESIAN_POINT('',(92.952437206226,77.071411774774));
#1644 = ( GEOMETRIC_REPRESENTATION_CONTEXT(2)
PARAMETRIC_REPRESENTATION_CONTEXT() REPRESENTATION_CONTEXT('2D SPACE',''
  ) );
#1645 = PCURVE('',#1646,#1651);
#1646 = B_SPLINE_SURFACE_WITH_KNOTS('',1,1,(
    (#1647,#1648)
    ,(#1649,#1650
    )),.UNSPECIFIED.,.F.,.F.,.F.,(2,2),(2,2),(0.,8.),(0.,1.),
  .PIECEWISE_BEZIER_KNOTS.);
#1647 = CARTESIAN_POINT('',(41.500373036,-65.744234681,11.85));
#1648 = CARTESIAN_POINT('',(38.500373036,-62.744234681,14.95));
#1649 = CARTESIAN_POINT('',(41.500373036,-57.744234681,11.85));
#1650 = CARTESIAN_POINT('',(38.500373036,-60.744234681,14.95));
#1651 = DEFINITIONAL_REPRESENTATION('',(#1652),#1655);
#1652 = B_SPLINE_CURVE_WITH_KNOTS('',1,(#1653,#1654),.UNSPECIFIED.,.F.,
  .F.,(2,2),(0.,1.),.PIECEWISE_BEZIER_KNOTS.);
#1653 = CARTESIAN_POINT('',(8.,1.612903225807E-02));
#1654 = CARTESIAN_POINT('',(0.,1.612903225807E-02));
#1655 = ( GEOMETRIC_REPRESENTATION_CONTEXT(2)
PARAMETRIC_REPRESENTATION_CONTEXT() REPRESENTATION_CONTEXT('2D SPACE',''
  ) );
#1656 = ORIENTED_EDGE('',*,*,#1657,.T.);
#1657 = EDGE_CURVE('',#1633,#1658,#1660,.T.);
#1658 = VERTEX_POINT('',#1659);
#1659 = CARTESIAN_POINT('',(33.548760132774,-65.69584758422,11.9));
#1660 = SURFACE_CURVE('',#1661,(#1664,#1670),.PCURVE_S1.);
#1661 = B_SPLINE_CURVE_WITH_KNOTS('',1,(#1662,#1663),.UNSPECIFIED.,.F.,
  .F.,(2,2),(0.,1.),.PIECEWISE_BEZIER_KNOTS.);
#1662 = CARTESIAN_POINT('',(41.451985939226,-65.69584758422,11.9));
#1663 = CARTESIAN_POINT('',(33.548760132774,-65.69584758422,11.9));
#1664 = PCURVE('',#239,#1665);
#1665 = DEFINITIONAL_REPRESENTATION('',(#1666),#1669);
#1666 = B_SPLINE_CURVE_WITH_KNOTS('',1,(#1667,#1668),.UNSPECIFIED.,.F.,
  .F.,(2,2),(0.,1.),.PIECEWISE_BEZIER_KNOTS.);
#1667 = CARTESIAN_POINT('',(92.952437206226,77.071411774774));
#1668 = CARTESIAN_POINT('',(85.049211399774,77.071411774774));
#1669 = ( GEOMETRIC_REPRESENTATION_CONTEXT(2)
PARAMETRIC_REPRESENTATION_CONTEXT() REPRESENTATION_CONTEXT('2D SPACE',''
  ) );
#1670 = PCURVE('',#1671,#1676);
#1671 = B_SPLINE_SURFACE_WITH_KNOTS('',1,1,(
    (#1672,#1673)
    ,(#1674,#1675
    )),.UNSPECIFIED.,.F.,.F.,.F.,(2,2),(2,2),(0.,8.),(0.,1.),
  .PIECEWISE_BEZIER_KNOTS.);
#1672 = CARTESIAN_POINT('',(33.500373036,-65.744234681,11.85));
#1673 = CARTESIAN_POINT('',(36.500373036,-62.744234681,14.95));
#1674 = CARTESIAN_POINT('',(41.500373036,-65.744234681,11.85));
#1675 = CARTESIAN_POINT('',(38.500373036,-62.744234681,14.95));
#1676 = DEFINITIONAL_REPRESENTATION('',(#1677),#1680);
#1677 = B_SPLINE_CURVE_WITH_KNOTS('',1,(#1678,#1679),.UNSPECIFIED.,.F.,
  .F.,(2,2),(0.,1.),.PIECEWISE_BEZIER_KNOTS.);
#1678 = CARTESIAN_POINT('',(8.,1.612903225807E-02));
#1679 = CARTESIAN_POINT('',(0.,1.612903225807E-02));
#1680 = ( GEOMETRIC_REPRESENTATION_CONTEXT(2)
PARAMETRIC_REPRESENTATION_CONTEXT() REPRESENTATION_CONTEXT('2D SPACE',''
  ) );
#1681 = ORIENTED_EDGE('',*,*,#1682,.T.);
#1682 = EDGE_CURVE('',#1658,#1683,#1685,.T.);
#1683 = VERTEX_POINT('',#1684);
#1684 = CARTESIAN_POINT('',(33.548760132774,-57.79262177777,11.9));
#1685 = SURFACE_CURVE('',#1686,(#1689,#1695),.PCURVE_S1.);
#1686 = B_SPLINE_CURVE_WITH_KNOTS('',1,(#1687,#1688),.UNSPECIFIED.,.F.,
  .F.,(2,2),(0.,1.),.PIECEWISE_BEZIER_KNOTS.);
#1687 = CARTESIAN_POINT('',(33.548760132774,-65.69584758422,11.9));
#1688 = CARTESIAN_POINT('',(33.548760132774,-57.79262177777,11.9));
#1689 = PCURVE('',#239,#1690);
#1690 = DEFINITIONAL_REPRESENTATION('',(#1691),#1694);
#1691 = B_SPLINE_CURVE_WITH_KNOTS('',1,(#1692,#1693),.UNSPECIFIED.,.F.,
  .F.,(2,2),(0.,1.),.PIECEWISE_BEZIER_KNOTS.);
#1692 = CARTESIAN_POINT('',(85.049211399774,77.071411774774));
#1693 = CARTESIAN_POINT('',(85.049211399774,84.974637581226));
#1694 = ( GEOMETRIC_REPRESENTATION_CONTEXT(2)
PARAMETRIC_REPRESENTATION_CONTEXT() REPRESENTATION_CONTEXT('2D SPACE',''
  ) );
#1695 = PCURVE('',#1696,#1701);
#1696 = B_SPLINE_SURFACE_WITH_KNOTS('',1,1,(
    (#1697,#1698)
    ,(#1699,#1700
    )),.UNSPECIFIED.,.F.,.F.,.F.,(2,2),(2,2),(0.,8.),(0.,1.),
  .PIECEWISE_BEZIER_KNOTS.);
#1697 = CARTESIAN_POINT('',(33.500373036,-57.744234681,11.85));
#1698 = CARTESIAN_POINT('',(36.500373036,-60.744234681,14.95));
#1699 = CARTESIAN_POINT('',(33.500373036,-65.744234681,11.85));
#1700 = CARTESIAN_POINT('',(36.500373036,-62.744234681,14.95));
#1701 = DEFINITIONAL_REPRESENTATION('',(#1702),#1705);
#1702 = B_SPLINE_CURVE_WITH_KNOTS('',1,(#1703,#1704),.UNSPECIFIED.,.F.,
  .F.,(2,2),(0.,1.),.PIECEWISE_BEZIER_KNOTS.);
#1703 = CARTESIAN_POINT('',(8.,1.612903225807E-02));
#1704 = CARTESIAN_POINT('',(0.,1.612903225807E-02));
#1705 = ( GEOMETRIC_REPRESENTATION_CONTEXT(2)
PARAMETRIC_REPRESENTATION_CONTEXT() REPRESENTATION_CONTEXT('2D SPACE',''
  ) );
#1706 = ORIENTED_EDGE('',*,*,#1707,.T.);
#1707 = EDGE_CURVE('',#1683,#1631,#1708,.T.);
#1708 = SURFACE_CURVE('',#1709,(#1712,#1718),.PCURVE_S1.);
#1709 = B_SPLINE_CURVE_WITH_KNOTS('',1,(#1710,#1711),.UNSPECIFIED.,.F.,
  .F.,(2,2),(0.,1.),.PIECEWISE_BEZIER_KNOTS.);
#1710 = CARTESIAN_POINT('',(33.548760132774,-57.79262177777,11.9));
#1711 = CARTESIAN_POINT('',(41.451985939226,-57.79262177777,11.9));
#1712 = PCURVE('',#239,#1713);
#1713 = DEFINITIONAL_REPRESENTATION('',(#1714),#1717);
#1714 = B_SPLINE_CURVE_WITH_KNOTS('',1,(#1715,#1716),.UNSPECIFIED.,.F.,
  .F.,(2,2),(0.,1.),.PIECEWISE_BEZIER_KNOTS.);
#1715 = CARTESIAN_POINT('',(85.049211399774,84.974637581226));
#1716 = CARTESIAN_POINT('',(92.952437206226,84.974637581226));
#1717 = ( GEOMETRIC_REPRESENTATION_CONTEXT(2)
PARAMETRIC_REPRESENTATION_CONTEXT() REPRESENTATION_CONTEXT('2D SPACE',''
  ) );
#1718 = PCURVE('',#1719,#1724);
#1719 = B_SPLINE_SURFACE_WITH_KNOTS('',1,1,(
    (#1720,#1721)
    ,(#1722,#1723
    )),.UNSPECIFIED.,.F.,.F.,.F.,(2,2),(2,2),(0.,8.),(0.,1.),
  .PIECEWISE_BEZIER_KNOTS.);
#1720 = CARTESIAN_POINT('',(41.500373036,-57.744234681,11.85));
#1721 = CARTESIAN_POINT('',(38.500373036,-60.744234681,14.95));
#1722 = CARTESIAN_POINT('',(33.500373036,-57.744234681,11.85));
#1723 = CARTESIAN_POINT('',(36.500373036,-60.744234681,14.95));
#1724 = DEFINITIONAL_REPRESENTATION('',(#1725),#1728);
#1725 = B_SPLINE_CURVE_WITH_KNOTS('',1,(#1726,#1727),.UNSPECIFIED.,.F.,
  .F.,(2,2),(0.,1.),.PIECEWISE_BEZIER_KNOTS.);
#1726 = CARTESIAN_POINT('',(8.,1.612903225807E-02));
#1727 = CARTESIAN_POINT('',(0.,1.612903225807E-02));
#1728 = ( GEOMETRIC_REPRESENTATION_CONTEXT(2)
PARAMETRIC_REPRESENTATION_CONTEXT() REPRESENTATION_CONTEXT('2D SPACE',''
  ) );
#1729 = FACE_BOUND('',#1730,.T.);
#1730 = EDGE_LOOP('',(#1731));
#1731 = ORIENTED_EDGE('',*,*,#1732,.T.);
#1732 = EDGE_CURVE('',#1733,#1733,#1735,.T.);
#1733 = VERTEX_POINT('',#1734);
#1734 = CARTESIAN_POINT('',(35.800373036,-20.721210003,11.9));
#1735 = SURFACE_CURVE('',#1736,(#1741,#1752),.PCURVE_S1.);
#1736 = CIRCLE('',#1737,1.7);
#1737 = AXIS2_PLACEMENT_3D('',#1738,#1739,#1740);
#1738 = CARTESIAN_POINT('',(37.500373036,-20.721210003,11.9));
#1739 = DIRECTION('',(0.,0.,-1.));
#1740 = DIRECTION('',(-1.,0.,-0.));
#1741 = PCURVE('',#239,#1742);
#1742 = DEFINITIONAL_REPRESENTATION('',(#1743),#1751);
#1743 = ( BOUNDED_CURVE() B_SPLINE_CURVE(2,(#1744,#1745,#1746,#1747,
#1748,#1749,#1750),.UNSPECIFIED.,.T.,.F.) B_SPLINE_CURVE_WITH_KNOTS((1,2
    ,2,2,2,1),(-2.094395102393,0.,2.094395102393,4.188790204786,
6.28318530718,8.377580409573),.UNSPECIFIED.) CURVE()
GEOMETRIC_REPRESENTATION_ITEM() RATIONAL_B_SPLINE_CURVE((1.,0.5,1.,0.5,
1.,0.5,1.)) REPRESENTATION_ITEM('') );
#1744 = CARTESIAN_POINT('',(87.300824303,122.046049356));
#1745 = CARTESIAN_POINT('',(87.300824303,124.99053572886));
#1746 = CARTESIAN_POINT('',(89.850824303,123.51829254243));
#1747 = CARTESIAN_POINT('',(92.400824303,122.046049356));
#1748 = CARTESIAN_POINT('',(89.850824303,120.57380616956));
#1749 = CARTESIAN_POINT('',(87.300824303,119.10156298313));
#1750 = CARTESIAN_POINT('',(87.300824303,122.046049356));
#1751 = ( GEOMETRIC_REPRESENTATION_CONTEXT(2)
PARAMETRIC_REPRESENTATION_CONTEXT() REPRESENTATION_CONTEXT('2D SPACE',''
  ) );
#1752 = PCURVE('',#1753,#1758);
#1753 = CYLINDRICAL_SURFACE('',#1754,1.7);
#1754 = AXIS2_PLACEMENT_3D('',#1755,#1756,#1757);
#1755 = CARTESIAN_POINT('',(37.500373036,-20.721210003,11.95));
#1756 = DIRECTION('',(0.,0.,-1.));
#1757 = DIRECTION('',(-1.,0.,-0.));
#1758 = DEFINITIONAL_REPRESENTATION('',(#1759),#1763);
#1759 = LINE('',#1760,#1761);
#1760 = CARTESIAN_POINT('',(0.,5.E-02));
#1761 = VECTOR('',#1762,1.);
#1762 = DIRECTION('',(1.,0.));
#1763 = ( GEOMETRIC_REPRESENTATION_CONTEXT(2)
PARAMETRIC_REPRESENTATION_CONTEXT() REPRESENTATION_CONTEXT('2D SPACE',''
  ) );
#1764 = FACE_BOUND('',#1765,.T.);
#1765 = EDGE_LOOP('',(#1766,#1793,#1818,#1843));
#1766 = ORIENTED_EDGE('',*,*,#1767,.T.);
#1767 = EDGE_CURVE('',#1768,#1770,#1772,.T.);
#1768 = VERTEX_POINT('',#1769);
#1769 = CARTESIAN_POINT('',(41.451985939226,24.253427578226,11.9));
#1770 = VERTEX_POINT('',#1771);
#1771 = CARTESIAN_POINT('',(41.451985939226,16.350201771774,11.9));
#1772 = SURFACE_CURVE('',#1773,(#1776,#1782),.PCURVE_S1.);
#1773 = B_SPLINE_CURVE_WITH_KNOTS('',1,(#1774,#1775),.UNSPECIFIED.,.F.,
  .F.,(2,2),(0.,1.),.PIECEWISE_BEZIER_KNOTS.);
#1774 = CARTESIAN_POINT('',(41.451985939226,24.253427578226,11.9));
#1775 = CARTESIAN_POINT('',(41.451985939226,16.350201771774,11.9));
#1776 = PCURVE('',#239,#1777);
#1777 = DEFINITIONAL_REPRESENTATION('',(#1778),#1781);
#1778 = B_SPLINE_CURVE_WITH_KNOTS('',1,(#1779,#1780),.UNSPECIFIED.,.F.,
  .F.,(2,2),(0.,1.),.PIECEWISE_BEZIER_KNOTS.);
#1779 = CARTESIAN_POINT('',(92.952437206226,167.02068693722));
#1780 = CARTESIAN_POINT('',(92.952437206226,159.11746113077));
#1781 = ( GEOMETRIC_REPRESENTATION_CONTEXT(2)
PARAMETRIC_REPRESENTATION_CONTEXT() REPRESENTATION_CONTEXT('2D SPACE',''
  ) );
#1782 = PCURVE('',#1783,#1788);
#1783 = B_SPLINE_SURFACE_WITH_KNOTS('',1,1,(
    (#1784,#1785)
    ,(#1786,#1787
    )),.UNSPECIFIED.,.F.,.F.,.F.,(2,2),(2,2),(0.,8.),(0.,1.),
  .PIECEWISE_BEZIER_KNOTS.);
#1784 = CARTESIAN_POINT('',(41.500373036,16.301814675,11.85));
#1785 = CARTESIAN_POINT('',(38.500373036,19.301814675,14.95));
#1786 = CARTESIAN_POINT('',(41.500373036,24.301814675,11.85));
#1787 = CARTESIAN_POINT('',(38.500373036,21.301814675,14.95));
#1788 = DEFINITIONAL_REPRESENTATION('',(#1789),#1792);
#1789 = B_SPLINE_CURVE_WITH_KNOTS('',1,(#1790,#1791),.UNSPECIFIED.,.F.,
  .F.,(2,2),(0.,1.),.PIECEWISE_BEZIER_KNOTS.);
#1790 = CARTESIAN_POINT('',(8.,1.612903225807E-02));
#1791 = CARTESIAN_POINT('',(0.,1.612903225807E-02));
#1792 = ( GEOMETRIC_REPRESENTATION_CONTEXT(2)
PARAMETRIC_REPRESENTATION_CONTEXT() REPRESENTATION_CONTEXT('2D SPACE',''
  ) );
#1793 = ORIENTED_EDGE('',*,*,#1794,.T.);
#1794 = EDGE_CURVE('',#1770,#1795,#1797,.T.);
#1795 = VERTEX_POINT('',#1796);
#1796 = CARTESIAN_POINT('',(33.548760132774,16.350201771774,11.9));
#1797 = SURFACE_CURVE('',#1798,(#1801,#1807),.PCURVE_S1.);
#1798 = B_SPLINE_CURVE_WITH_KNOTS('',1,(#1799,#1800),.UNSPECIFIED.,.F.,
  .F.,(2,2),(0.,1.),.PIECEWISE_BEZIER_KNOTS.);
#1799 = CARTESIAN_POINT('',(41.451985939226,16.350201771774,11.9));
#1800 = CARTESIAN_POINT('',(33.548760132774,16.350201771774,11.9));
#1801 = PCURVE('',#239,#1802);
#1802 = DEFINITIONAL_REPRESENTATION('',(#1803),#1806);
#1803 = B_SPLINE_CURVE_WITH_KNOTS('',1,(#1804,#1805),.UNSPECIFIED.,.F.,
  .F.,(2,2),(0.,1.),.PIECEWISE_BEZIER_KNOTS.);
#1804 = CARTESIAN_POINT('',(92.952437206226,159.11746113077));
#1805 = CARTESIAN_POINT('',(85.049211399774,159.11746113077));
#1806 = ( GEOMETRIC_REPRESENTATION_CONTEXT(2)
PARAMETRIC_REPRESENTATION_CONTEXT() REPRESENTATION_CONTEXT('2D SPACE',''
  ) );
#1807 = PCURVE('',#1808,#1813);
#1808 = B_SPLINE_SURFACE_WITH_KNOTS('',1,1,(
    (#1809,#1810)
    ,(#1811,#1812
    )),.UNSPECIFIED.,.F.,.F.,.F.,(2,2),(2,2),(0.,8.),(0.,1.),
  .PIECEWISE_BEZIER_KNOTS.);
#1809 = CARTESIAN_POINT('',(33.500373036,16.301814675,11.85));
#1810 = CARTESIAN_POINT('',(36.500373036,19.301814675,14.95));
#1811 = CARTESIAN_POINT('',(41.500373036,16.301814675,11.85));
#1812 = CARTESIAN_POINT('',(38.500373036,19.301814675,14.95));
#1813 = DEFINITIONAL_REPRESENTATION('',(#1814),#1817);
#1814 = B_SPLINE_CURVE_WITH_KNOTS('',1,(#1815,#1816),.UNSPECIFIED.,.F.,
  .F.,(2,2),(0.,1.),.PIECEWISE_BEZIER_KNOTS.);
#1815 = CARTESIAN_POINT('',(8.,1.612903225807E-02));
#1816 = CARTESIAN_POINT('',(0.,1.612903225807E-02));
#1817 = ( GEOMETRIC_REPRESENTATION_CONTEXT(2)
PARAMETRIC_REPRESENTATION_CONTEXT() REPRESENTATION_CONTEXT('2D SPACE',''
  ) );
#1818 = ORIENTED_EDGE('',*,*,#1819,.T.);
#1819 = EDGE_CURVE('',#1795,#1820,#1822,.T.);
#1820 = VERTEX_POINT('',#1821);
#1821 = CARTESIAN_POINT('',(33.548760132774,24.253427578226,11.9));
#1822 = SURFACE_CURVE('',#1823,(#1826,#1832),.PCURVE_S1.);
#1823 = B_SPLINE_CURVE_WITH_KNOTS('',1,(#1824,#1825),.UNSPECIFIED.,.F.,
  .F.,(2,2),(0.,1.),.PIECEWISE_BEZIER_KNOTS.);
#1824 = CARTESIAN_POINT('',(33.548760132774,16.350201771774,11.9));
#1825 = CARTESIAN_POINT('',(33.548760132774,24.253427578226,11.9));
#1826 = PCURVE('',#239,#1827);
#1827 = DEFINITIONAL_REPRESENTATION('',(#1828),#1831);
#1828 = B_SPLINE_CURVE_WITH_KNOTS('',1,(#1829,#1830),.UNSPECIFIED.,.F.,
  .F.,(2,2),(0.,1.),.PIECEWISE_BEZIER_KNOTS.);
#1829 = CARTESIAN_POINT('',(85.049211399774,159.11746113077));
#1830 = CARTESIAN_POINT('',(85.049211399774,167.02068693722));
#1831 = ( GEOMETRIC_REPRESENTATION_CONTEXT(2)
PARAMETRIC_REPRESENTATION_CONTEXT() REPRESENTATION_CONTEXT('2D SPACE',''
  ) );
#1832 = PCURVE('',#1833,#1838);
#1833 = B_SPLINE_SURFACE_WITH_KNOTS('',1,1,(
    (#1834,#1835)
    ,(#1836,#1837
    )),.UNSPECIFIED.,.F.,.F.,.F.,(2,2),(2,2),(0.,8.),(0.,1.),
  .PIECEWISE_BEZIER_KNOTS.);
#1834 = CARTESIAN_POINT('',(33.500373036,24.301814675,11.85));
#1835 = CARTESIAN_POINT('',(36.500373036,21.301814675,14.95));
#1836 = CARTESIAN_POINT('',(33.500373036,16.301814675,11.85));
#1837 = CARTESIAN_POINT('',(36.500373036,19.301814675,14.95));
#1838 = DEFINITIONAL_REPRESENTATION('',(#1839),#1842);
#1839 = B_SPLINE_CURVE_WITH_KNOTS('',1,(#1840,#1841),.UNSPECIFIED.,.F.,
  .F.,(2,2),(0.,1.),.PIECEWISE_BEZIER_KNOTS.);
#1840 = CARTESIAN_POINT('',(8.,1.612903225807E-02));
#1841 = CARTESIAN_POINT('',(0.,1.612903225807E-02));
#1842 = ( GEOMETRIC_REPRESENTATION_CONTEXT(2)
PARAMETRIC_REPRESENTATION_CONTEXT() REPRESENTATION_CONTEXT('2D SPACE',''
  ) );
#1843 = ORIENTED_EDGE('',*,*,#1844,.T.);
#1844 = EDGE_CURVE('',#1820,#1768,#1845,.T.);
#1845 = SURFACE_CURVE('',#1846,(#1849,#1855),.PCURVE_S1.);
#1846 = B_SPLINE_CURVE_WITH_KNOTS('',1,(#1847,#1848),.UNSPECIFIED.,.F.,
  .F.,(2,2),(0.,1.),.PIECEWISE_BEZIER_KNOTS.);
#1847 = CARTESIAN_POINT('',(33.548760132774,24.253427578226,11.9));
#1848 = CARTESIAN_POINT('',(41.451985939226,24.253427578226,11.9));
#1849 = PCURVE('',#239,#1850);
#1850 = DEFINITIONAL_REPRESENTATION('',(#1851),#1854);
#1851 = B_SPLINE_CURVE_WITH_KNOTS('',1,(#1852,#1853),.UNSPECIFIED.,.F.,
  .F.,(2,2),(0.,1.),.PIECEWISE_BEZIER_KNOTS.);
#1852 = CARTESIAN_POINT('',(85.049211399774,167.02068693722));
#1853 = CARTESIAN_POINT('',(92.952437206226,167.02068693722));
#1854 = ( GEOMETRIC_REPRESENTATION_CONTEXT(2)
PARAMETRIC_REPRESENTATION_CONTEXT() REPRESENTATION_CONTEXT('2D SPACE',''
  ) );
#1855 = PCURVE('',#1856,#1861);
#1856 = B_SPLINE_SURFACE_WITH_KNOTS('',1,1,(
    (#1857,#1858)
    ,(#1859,#1860
    )),.UNSPECIFIED.,.F.,.F.,.F.,(2,2),(2,2),(0.,8.),(0.,1.),
  .PIECEWISE_BEZIER_KNOTS.);
#1857 = CARTESIAN_POINT('',(41.500373036,24.301814675,11.85));
#1858 = CARTESIAN_POINT('',(38.500373036,21.301814675,14.95));
#1859 = CARTESIAN_POINT('',(33.500373036,24.301814675,11.85));
#1860 = CARTESIAN_POINT('',(36.500373036,21.301814675,14.95));
#1861 = DEFINITIONAL_REPRESENTATION('',(#1862),#1865);
#1862 = B_SPLINE_CURVE_WITH_KNOTS('',1,(#1863,#1864),.UNSPECIFIED.,.F.,
  .F.,(2,2),(0.,1.),.PIECEWISE_BEZIER_KNOTS.);
#1863 = CARTESIAN_POINT('',(8.,1.612903225807E-02));
#1864 = CARTESIAN_POINT('',(0.,1.612903225807E-02));
#1865 = ( GEOMETRIC_REPRESENTATION_CONTEXT(2)
PARAMETRIC_REPRESENTATION_CONTEXT() REPRESENTATION_CONTEXT('2D SPACE',''
  ) );
#1866 = ADVANCED_FACE('',(#1867),#212,.F.);
#1867 = FACE_BOUND('',#1868,.T.);
#1868 = EDGE_LOOP('',(#1869,#1870,#1871,#1892));
#1869 = ORIENTED_EDGE('',*,*,#1534,.T.);
#1870 = ORIENTED_EDGE('',*,*,#196,.T.);
#1871 = ORIENTED_EDGE('',*,*,#1872,.T.);
#1872 = EDGE_CURVE('',#168,#1873,#1875,.T.);
#1873 = VERTEX_POINT('',#1874);
#1874 = CARTESIAN_POINT('',(33.500373036,36.301814675,-72.99999553));
#1875 = SURFACE_CURVE('',#1876,(#1880,#1886),.PCURVE_S1.);
#1876 = LINE('',#1877,#1878);
#1877 = CARTESIAN_POINT('',(35.500373036,38.301814675,-72.99999553));
#1878 = VECTOR('',#1879,1.);
#1879 = DIRECTION('',(-0.707106781187,-0.707106781187,5.612704753749E-34
    ));
#1880 = PCURVE('',#212,#1881);
#1881 = DEFINITIONAL_REPRESENTATION('',(#1882),#1885);
#1882 = B_SPLINE_CURVE_WITH_KNOTS('',1,(#1883,#1884),.UNSPECIFIED.,.F.,
  .F.,(2,2),(-2.828427124746,2.828427124746),.PIECEWISE_BEZIER_KNOTS.);
#1883 = CARTESIAN_POINT('',(-146.769401014,-2.828427124746));
#1884 = CARTESIAN_POINT('',(-146.769401014,2.828427124746));
#1885 = ( GEOMETRIC_REPRESENTATION_CONTEXT(2)
PARAMETRIC_REPRESENTATION_CONTEXT() REPRESENTATION_CONTEXT('2D SPACE',''
  ) );
#1886 = PCURVE('',#184,#1887);
#1887 = DEFINITIONAL_REPRESENTATION('',(#1888),#1891);
#1888 = B_SPLINE_CURVE_WITH_KNOTS('',1,(#1889,#1890),.UNSPECIFIED.,.F.,
  .F.,(2,2),(-2.828427124746,2.828427124746),.PIECEWISE_BEZIER_KNOTS.);
#1889 = CARTESIAN_POINT('',(0.,4.));
#1890 = CARTESIAN_POINT('',(0.,-1.884110950421E-15));
#1891 = ( GEOMETRIC_REPRESENTATION_CONTEXT(2)
PARAMETRIC_REPRESENTATION_CONTEXT() REPRESENTATION_CONTEXT('2D SPACE',''
  ) );
#1892 = ORIENTED_EDGE('',*,*,#1893,.F.);
#1893 = EDGE_CURVE('',#1535,#1873,#1894,.T.);
#1894 = SURFACE_CURVE('',#1895,(#1899,#1906),.PCURVE_S1.);
#1895 = LINE('',#1896,#1897);
#1896 = CARTESIAN_POINT('',(33.500373036,36.301814675,73.769405484));
#1897 = VECTOR('',#1898,1.);
#1898 = DIRECTION('',(0.,0.,-1.));
#1899 = PCURVE('',#212,#1900);
#1900 = DEFINITIONAL_REPRESENTATION('',(#1901),#1905);
#1901 = LINE('',#1902,#1903);
#1902 = CARTESIAN_POINT('',(-0.,2.828427124746));
#1903 = VECTOR('',#1904,1.);
#1904 = DIRECTION('',(-1.,0.));
#1905 = ( GEOMETRIC_REPRESENTATION_CONTEXT(2)
PARAMETRIC_REPRESENTATION_CONTEXT() REPRESENTATION_CONTEXT('2D SPACE',''
  ) );
#1906 = PCURVE('',#1570,#1907);
#1907 = DEFINITIONAL_REPRESENTATION('',(#1908),#1912);
#1908 = LINE('',#1909,#1910);
#1909 = CARTESIAN_POINT('',(148.769401014,-118.096049356));
#1910 = VECTOR('',#1911,1.);
#1911 = DIRECTION('',(-1.,0.));
#1912 = ( GEOMETRIC_REPRESENTATION_CONTEXT(2)
PARAMETRIC_REPRESENTATION_CONTEXT() REPRESENTATION_CONTEXT('2D SPACE',''
  ) );
#1913 = ADVANCED_FACE('',(#1914),#184,.F.);
#1914 = FACE_BOUND('',#1915,.T.);
#1915 = EDGE_LOOP('',(#1916,#1917,#1918,#1939));
#1916 = ORIENTED_EDGE('',*,*,#1872,.F.);
#1917 = ORIENTED_EDGE('',*,*,#167,.T.);
#1918 = ORIENTED_EDGE('',*,*,#1919,.T.);
#1919 = EDGE_CURVE('',#140,#1920,#1922,.T.);
#1920 = VERTEX_POINT('',#1921);
#1921 = CARTESIAN_POINT('',(31.500373036,36.301814675,-74.99999553));
#1922 = SURFACE_CURVE('',#1923,(#1927,#1933),.PCURVE_S1.);
#1923 = LINE('',#1924,#1925);
#1924 = CARTESIAN_POINT('',(31.500373036,36.301814675,-74.99999553));
#1925 = VECTOR('',#1926,1.);
#1926 = DIRECTION('',(-4.329780281177E-17,-0.707106781187,0.707106781187
    ));
#1927 = PCURVE('',#184,#1928);
#1928 = DEFINITIONAL_REPRESENTATION('',(#1929),#1932);
#1929 = B_SPLINE_CURVE_WITH_KNOTS('',1,(#1930,#1931),.UNSPECIFIED.,.F.,
  .F.,(2,2),(-5.656854249492,0.),.PIECEWISE_BEZIER_KNOTS.);
#1930 = CARTESIAN_POINT('',(1.570796326795,4.));
#1931 = CARTESIAN_POINT('',(1.570796326795,0.));
#1932 = ( GEOMETRIC_REPRESENTATION_CONTEXT(2)
PARAMETRIC_REPRESENTATION_CONTEXT() REPRESENTATION_CONTEXT('2D SPACE',''
  ) );
#1933 = PCURVE('',#155,#1934);
#1934 = DEFINITIONAL_REPRESENTATION('',(#1935),#1938);
#1935 = B_SPLINE_CURVE_WITH_KNOTS('',1,(#1936,#1937),.UNSPECIFIED.,.F.,
  .F.,(2,2),(-5.656854249492,0.),.PIECEWISE_BEZIER_KNOTS.);
#1936 = CARTESIAN_POINT('',(0.,-2.828427124746));
#1937 = CARTESIAN_POINT('',(0.,2.828427124746));
#1938 = ( GEOMETRIC_REPRESENTATION_CONTEXT(2)
PARAMETRIC_REPRESENTATION_CONTEXT() REPRESENTATION_CONTEXT('2D SPACE',''
  ) );
#1939 = ORIENTED_EDGE('',*,*,#1940,.F.);
#1940 = EDGE_CURVE('',#1873,#1920,#1941,.T.);
#1941 = SURFACE_CURVE('',#1942,(#1947,#1954),.PCURVE_S1.);
#1942 = CIRCLE('',#1943,2.);
#1943 = AXIS2_PLACEMENT_3D('',#1944,#1945,#1946);
#1944 = CARTESIAN_POINT('',(31.500373036,36.301814675,-72.99999553));
#1945 = DIRECTION('',(-0.,1.,0.));
#1946 = DIRECTION('',(1.,0.,0.));
#1947 = PCURVE('',#184,#1948);
#1948 = DEFINITIONAL_REPRESENTATION('',(#1949),#1953);
#1949 = LINE('',#1950,#1951);
#1950 = CARTESIAN_POINT('',(0.,-0.));
#1951 = VECTOR('',#1952,1.);
#1952 = DIRECTION('',(1.,-0.));
#1953 = ( GEOMETRIC_REPRESENTATION_CONTEXT(2)
PARAMETRIC_REPRESENTATION_CONTEXT() REPRESENTATION_CONTEXT('2D SPACE',''
  ) );
#1954 = PCURVE('',#1955,#1960);
#1955 = CYLINDRICAL_SURFACE('',#1956,2.);
#1956 = AXIS2_PLACEMENT_3D('',#1957,#1958,#1959);
#1957 = CARTESIAN_POINT('',(31.500373036,-81.794234681,-72.99999553));
#1958 = DIRECTION('',(0.,1.,0.));
#1959 = DIRECTION('',(1.,0.,-0.));
#1960 = DEFINITIONAL_REPRESENTATION('',(#1961),#1965);
#1961 = LINE('',#1962,#1963);
#1962 = CARTESIAN_POINT('',(0.,118.096049356));
#1963 = VECTOR('',#1964,1.);
#1964 = DIRECTION('',(1.,0.));
#1965 = ( GEOMETRIC_REPRESENTATION_CONTEXT(2)
PARAMETRIC_REPRESENTATION_CONTEXT() REPRESENTATION_CONTEXT('2D SPACE',''
  ) );
#1966 = ADVANCED_FACE('',(#1967),#155,.T.);
#1967 = FACE_BOUND('',#1968,.T.);
#1968 = EDGE_LOOP('',(#1969,#1970,#1971,#1992));
#1969 = ORIENTED_EDGE('',*,*,#1919,.F.);
#1970 = ORIENTED_EDGE('',*,*,#139,.T.);
#1971 = ORIENTED_EDGE('',*,*,#1972,.T.);
#1972 = EDGE_CURVE('',#111,#1973,#1975,.T.);
#1973 = VERTEX_POINT('',#1974);
#1974 = CARTESIAN_POINT('',(-31.500451267,36.301814675,-74.99999553));
#1975 = SURFACE_CURVE('',#1976,(#1980,#1986),.PCURVE_S1.);
#1976 = LINE('',#1977,#1978);
#1977 = CARTESIAN_POINT('',(-31.500451267,38.301814675,-76.99999553));
#1978 = VECTOR('',#1979,1.);
#1979 = DIRECTION('',(-5.612704753749E-34,-0.707106781187,0.707106781187
    ));
#1980 = PCURVE('',#155,#1981);
#1981 = DEFINITIONAL_REPRESENTATION('',(#1982),#1985);
#1982 = B_SPLINE_CURVE_WITH_KNOTS('',1,(#1983,#1984),.UNSPECIFIED.,.F.,
  .F.,(2,2),(-2.828427124746,2.828427124746),.PIECEWISE_BEZIER_KNOTS.);
#1983 = CARTESIAN_POINT('',(63.000824303,-2.828427124746));
#1984 = CARTESIAN_POINT('',(63.000824303,2.828427124746));
#1985 = ( GEOMETRIC_REPRESENTATION_CONTEXT(2)
PARAMETRIC_REPRESENTATION_CONTEXT() REPRESENTATION_CONTEXT('2D SPACE',''
  ) );
#1986 = PCURVE('',#127,#1987);
#1987 = DEFINITIONAL_REPRESENTATION('',(#1988),#1991);
#1988 = B_SPLINE_CURVE_WITH_KNOTS('',1,(#1989,#1990),.UNSPECIFIED.,.F.,
  .F.,(2,2),(-2.828427124746,2.828427124746),.PIECEWISE_BEZIER_KNOTS.);
#1989 = CARTESIAN_POINT('',(0.,4.));
#1990 = CARTESIAN_POINT('',(0.,8.164480785156E-15));
#1991 = ( GEOMETRIC_REPRESENTATION_CONTEXT(2)
PARAMETRIC_REPRESENTATION_CONTEXT() REPRESENTATION_CONTEXT('2D SPACE',''
  ) );
#1992 = ORIENTED_EDGE('',*,*,#1993,.F.);
#1993 = EDGE_CURVE('',#1920,#1973,#1994,.T.);
#1994 = SURFACE_CURVE('',#1995,(#1999,#2006),.PCURVE_S1.);
#1995 = LINE('',#1996,#1997);
#1996 = CARTESIAN_POINT('',(31.500373036,36.301814675,-74.99999553));
#1997 = VECTOR('',#1998,1.);
#1998 = DIRECTION('',(-1.,-0.,-0.));
#1999 = PCURVE('',#155,#2000);
#2000 = DEFINITIONAL_REPRESENTATION('',(#2001),#2005);
#2001 = LINE('',#2002,#2003);
#2002 = CARTESIAN_POINT('',(0.,2.828427124746));
#2003 = VECTOR('',#2004,1.);
#2004 = DIRECTION('',(1.,0.));
#2005 = ( GEOMETRIC_REPRESENTATION_CONTEXT(2)
PARAMETRIC_REPRESENTATION_CONTEXT() REPRESENTATION_CONTEXT('2D SPACE',''
  ) );
#2006 = PCURVE('',#2007,#2012);
#2007 = PLANE('',#2008);
#2008 = AXIS2_PLACEMENT_3D('',#2009,#2010,#2011);
#2009 = CARTESIAN_POINT('',(-33.500451267,-81.794234681,-74.99999553));
#2010 = DIRECTION('',(0.,0.,1.));
#2011 = DIRECTION('',(1.,0.,0.));
#2012 = DEFINITIONAL_REPRESENTATION('',(#2013),#2017);
#2013 = LINE('',#2014,#2015);
#2014 = CARTESIAN_POINT('',(65.000824303,118.096049356));
#2015 = VECTOR('',#2016,1.);
#2016 = DIRECTION('',(-1.,-0.));
#2017 = ( GEOMETRIC_REPRESENTATION_CONTEXT(2)
PARAMETRIC_REPRESENTATION_CONTEXT() REPRESENTATION_CONTEXT('2D SPACE',''
  ) );
#2018 = ADVANCED_FACE('',(#2019),#127,.F.);
#2019 = FACE_BOUND('',#2020,.T.);
#2020 = EDGE_LOOP('',(#2021,#2022,#2023,#2044));
#2021 = ORIENTED_EDGE('',*,*,#1972,.F.);
#2022 = ORIENTED_EDGE('',*,*,#110,.T.);
#2023 = ORIENTED_EDGE('',*,*,#2024,.T.);
#2024 = EDGE_CURVE('',#83,#2025,#2027,.T.);
#2025 = VERTEX_POINT('',#2026);
#2026 = CARTESIAN_POINT('',(-33.500451267,36.301814675,-72.99999553));
#2027 = SURFACE_CURVE('',#2028,(#2032,#2038),.PCURVE_S1.);
#2028 = LINE('',#2029,#2030);
#2029 = CARTESIAN_POINT('',(-33.500451267,36.301814675,-72.99999553));
#2030 = VECTOR('',#2031,1.);
#2031 = DIRECTION('',(0.707106781187,-0.707106781187,4.329780281177E-17)
  );
#2032 = PCURVE('',#127,#2033);
#2033 = DEFINITIONAL_REPRESENTATION('',(#2034),#2037);
#2034 = B_SPLINE_CURVE_WITH_KNOTS('',1,(#2035,#2036),.UNSPECIFIED.,.F.,
  .F.,(2,2),(-5.656854249492,0.),.PIECEWISE_BEZIER_KNOTS.);
#2035 = CARTESIAN_POINT('',(1.570796326795,4.));
#2036 = CARTESIAN_POINT('',(1.570796326795,0.));
#2037 = ( GEOMETRIC_REPRESENTATION_CONTEXT(2)
PARAMETRIC_REPRESENTATION_CONTEXT() REPRESENTATION_CONTEXT('2D SPACE',''
  ) );
#2038 = PCURVE('',#98,#2039);
#2039 = DEFINITIONAL_REPRESENTATION('',(#2040),#2043);
#2040 = B_SPLINE_CURVE_WITH_KNOTS('',1,(#2041,#2042),.UNSPECIFIED.,.F.,
  .F.,(2,2),(-5.656854249492,0.),.PIECEWISE_BEZIER_KNOTS.);
#2041 = CARTESIAN_POINT('',(0.,-2.828427124746));
#2042 = CARTESIAN_POINT('',(0.,2.828427124746));
#2043 = ( GEOMETRIC_REPRESENTATION_CONTEXT(2)
PARAMETRIC_REPRESENTATION_CONTEXT() REPRESENTATION_CONTEXT('2D SPACE',''
  ) );
#2044 = ORIENTED_EDGE('',*,*,#2045,.F.);
#2045 = EDGE_CURVE('',#1973,#2025,#2046,.T.);
#2046 = SURFACE_CURVE('',#2047,(#2052,#2059),.PCURVE_S1.);
#2047 = CIRCLE('',#2048,2.);
#2048 = AXIS2_PLACEMENT_3D('',#2049,#2050,#2051);
#2049 = CARTESIAN_POINT('',(-31.500451267,36.301814675,-72.99999553));
#2050 = DIRECTION('',(0.,1.,0.));
#2051 = DIRECTION('',(0.,0.,-1.));
#2052 = PCURVE('',#127,#2053);
#2053 = DEFINITIONAL_REPRESENTATION('',(#2054),#2058);
#2054 = LINE('',#2055,#2056);
#2055 = CARTESIAN_POINT('',(0.,-0.));
#2056 = VECTOR('',#2057,1.);
#2057 = DIRECTION('',(1.,-0.));
#2058 = ( GEOMETRIC_REPRESENTATION_CONTEXT(2)
PARAMETRIC_REPRESENTATION_CONTEXT() REPRESENTATION_CONTEXT('2D SPACE',''
  ) );
#2059 = PCURVE('',#2060,#2065);
#2060 = CYLINDRICAL_SURFACE('',#2061,2.);
#2061 = AXIS2_PLACEMENT_3D('',#2062,#2063,#2064);
#2062 = CARTESIAN_POINT('',(-31.500451267,-81.794234681,-72.99999553));
#2063 = DIRECTION('',(0.,1.,0.));
#2064 = DIRECTION('',(-1.,0.,0.));
#2065 = DEFINITIONAL_REPRESENTATION('',(#2066),#2070);
#2066 = LINE('',#2067,#2068);
#2067 = CARTESIAN_POINT('',(-1.570796326795,118.096049356));
#2068 = VECTOR('',#2069,1.);
#2069 = DIRECTION('',(1.,-0.));
#2070 = ( GEOMETRIC_REPRESENTATION_CONTEXT(2)
PARAMETRIC_REPRESENTATION_CONTEXT() REPRESENTATION_CONTEXT('2D SPACE',''
  ) );
#2071 = ADVANCED_FACE('',(#2072),#98,.T.);
#2072 = FACE_BOUND('',#2073,.T.);
#2073 = EDGE_LOOP('',(#2074,#2075,#2076,#2097));
#2074 = ORIENTED_EDGE('',*,*,#2024,.F.);
#2075 = ORIENTED_EDGE('',*,*,#82,.T.);
#2076 = ORIENTED_EDGE('',*,*,#2077,.T.);
#2077 = EDGE_CURVE('',#57,#2078,#2080,.T.);
#2078 = VERTEX_POINT('',#2079);
#2079 = CARTESIAN_POINT('',(-33.500451267,36.301814675,11.9));
#2080 = SURFACE_CURVE('',#2081,(#2085,#2091),.PCURVE_S1.);
#2081 = LINE('',#2082,#2083);
#2082 = CARTESIAN_POINT('',(5.7668172415,-2.9654538335,11.9));
#2083 = VECTOR('',#2084,1.);
#2084 = DIRECTION('',(0.707106781187,-0.707106781187,0.));
#2085 = PCURVE('',#98,#2086);
#2086 = DEFINITIONAL_REPRESENTATION('',(#2087),#2090);
#2087 = B_SPLINE_CURVE_WITH_KNOTS('',1,(#2088,#2089),.UNSPECIFIED.,.F.,
  .F.,(2,2),(-61.18915793155,-55.53230368206),.PIECEWISE_BEZIER_KNOTS.);
#2088 = CARTESIAN_POINT('',(84.89999553,-2.828427124746));
#2089 = CARTESIAN_POINT('',(84.89999553,2.828427124746));
#2090 = ( GEOMETRIC_REPRESENTATION_CONTEXT(2)
PARAMETRIC_REPRESENTATION_CONTEXT() REPRESENTATION_CONTEXT('2D SPACE',''
  ) );
#2091 = PCURVE('',#71,#2092);
#2092 = DEFINITIONAL_REPRESENTATION('',(#2093),#2096);
#2093 = B_SPLINE_CURVE_WITH_KNOTS('',1,(#2094,#2095),.UNSPECIFIED.,.F.,
  .F.,(2,2),(-61.18915793155,-55.53230368206),.PIECEWISE_BEZIER_KNOTS.);
#2094 = CARTESIAN_POINT('',(14.,183.069074034));
#2095 = CARTESIAN_POINT('',(18.,179.069074034));
#2096 = ( GEOMETRIC_REPRESENTATION_CONTEXT(2)
PARAMETRIC_REPRESENTATION_CONTEXT() REPRESENTATION_CONTEXT('2D SPACE',''
  ) );
#2097 = ORIENTED_EDGE('',*,*,#2098,.F.);
#2098 = EDGE_CURVE('',#2025,#2078,#2099,.T.);
#2099 = SURFACE_CURVE('',#2100,(#2104,#2111),.PCURVE_S1.);
#2100 = LINE('',#2101,#2102);
#2101 = CARTESIAN_POINT('',(-33.500451267,36.301814675,-72.99999553));
#2102 = VECTOR('',#2103,1.);
#2103 = DIRECTION('',(-0.,-0.,1.));
#2104 = PCURVE('',#98,#2105);
#2105 = DEFINITIONAL_REPRESENTATION('',(#2106),#2110);
#2106 = LINE('',#2107,#2108);
#2107 = CARTESIAN_POINT('',(0.,2.828427124746));
#2108 = VECTOR('',#2109,1.);
#2109 = DIRECTION('',(1.,0.));
#2110 = ( GEOMETRIC_REPRESENTATION_CONTEXT(2)
PARAMETRIC_REPRESENTATION_CONTEXT() REPRESENTATION_CONTEXT('2D SPACE',''
  ) );
#2111 = PCURVE('',#2112,#2117);
#2112 = PLANE('',#2113);
#2113 = AXIS2_PLACEMENT_3D('',#2114,#2115,#2116);
#2114 = CARTESIAN_POINT('',(-33.500451267,-81.794234681,-74.99999553));
#2115 = DIRECTION('',(1.,0.,0.));
#2116 = DIRECTION('',(0.,0.,1.));
#2117 = DEFINITIONAL_REPRESENTATION('',(#2118),#2122);
#2118 = LINE('',#2119,#2120);
#2119 = CARTESIAN_POINT('',(2.,-118.096049356));
#2120 = VECTOR('',#2121,1.);
#2121 = DIRECTION('',(1.,0.));
#2122 = ( GEOMETRIC_REPRESENTATION_CONTEXT(2)
PARAMETRIC_REPRESENTATION_CONTEXT() REPRESENTATION_CONTEXT('2D SPACE',''
  ) );
#2123 = ADVANCED_FACE('',(#2124,#2375,#2477),#71,.T.);
#2124 = FACE_BOUND('',#2125,.T.);
#2125 = EDGE_LOOP('',(#2126,#2127,#2128,#2155,#2180,#2205,#2230,#2255,
    #2281,#2313,#2334,#2355,#2374));
#2126 = ORIENTED_EDGE('',*,*,#56,.F.);
#2127 = ORIENTED_EDGE('',*,*,#370,.T.);
#2128 = ORIENTED_EDGE('',*,*,#2129,.T.);
#2129 = EDGE_CURVE('',#371,#2130,#2132,.T.);
#2130 = VERTEX_POINT('',#2131);
#2131 = CARTESIAN_POINT('',(-41.45206417022,22.723222366005,11.9));
#2132 = SURFACE_CURVE('',#2133,(#2138,#2145),.PCURVE_S1.);
#2133 = HYPERBOLA('',#2134,13.6,13.6);
#2134 = AXIS2_PLACEMENT_3D('',#2135,#2136,#2137);
#2135 = CARTESIAN_POINT('',(-27.550451267,19.843145750508,11.9));
#2136 = DIRECTION('',(0.,0.,1.));
#2137 = DIRECTION('',(-1.,0.,0.));
#2138 = PCURVE('',#71,#2139);
#2139 = DEFINITIONAL_REPRESENTATION('',(#2140),#2144);
#2140 = ( BOUNDED_CURVE() B_SPLINE_CURVE(2,(#2141,#2142,#2143),
.UNSPECIFIED.,.F.,.F.) B_SPLINE_CURVE_WITH_KNOTS((3,3),(-0.226387549214,
0.),.PIECEWISE_BEZIER_KNOTS.) CURVE() GEOMETRIC_REPRESENTATION_ITEM()
RATIONAL_B_SPLINE_CURVE((1.,1.006413258587,1.)) REPRESENTATION_ITEM('')
  );
#2141 = CARTESIAN_POINT('',(10.,165.71564262055));
#2142 = CARTESIAN_POINT('',(10.35,164.14329912584));
#2143 = CARTESIAN_POINT('',(10.35,162.6104051095));
#2144 = ( GEOMETRIC_REPRESENTATION_CONTEXT(2)
PARAMETRIC_REPRESENTATION_CONTEXT() REPRESENTATION_CONTEXT('2D SPACE',''
  ) );
#2145 = PCURVE('',#408,#2146);
#2146 = DEFINITIONAL_REPRESENTATION('',(#2147),#2154);
#2147 = B_SPLINE_CURVE_WITH_KNOTS('',5,(#2148,#2149,#2150,#2151,#2152,
    #2153),.UNSPECIFIED.,.F.,.F.,(6,6),(-0.226387549214,0.),
  .PIECEWISE_BEZIER_KNOTS.);
#2148 = CARTESIAN_POINT('',(-2.917114467103,-5.E-02));
#2149 = CARTESIAN_POINT('',(-2.961255982075,-0.190597421971));
#2150 = CARTESIAN_POINT('',(-3.005953577446,-0.295447102683));
#2151 = CARTESIAN_POINT('',(-3.051037610098,-0.365149156723));
#2152 = CARTESIAN_POINT('',(-3.096315143747,-0.4));
#2153 = CARTESIAN_POINT('',(-3.14159265359,-0.4));
#2154 = ( GEOMETRIC_REPRESENTATION_CONTEXT(2)
PARAMETRIC_REPRESENTATION_CONTEXT() REPRESENTATION_CONTEXT('2D SPACE',''
  ) );
#2155 = ORIENTED_EDGE('',*,*,#2156,.T.);
#2156 = EDGE_CURVE('',#2130,#2157,#2159,.T.);
#2157 = VERTEX_POINT('',#2158);
#2158 = CARTESIAN_POINT('',(-41.45206417022,24.253427578226,11.9));
#2159 = SURFACE_CURVE('',#2160,(#2163,#2169),.PCURVE_S1.);
#2160 = B_SPLINE_CURVE_WITH_KNOTS('',1,(#2161,#2162),.UNSPECIFIED.,.F.,
  .F.,(2,2),(0.,1.),.PIECEWISE_BEZIER_KNOTS.);
#2161 = CARTESIAN_POINT('',(-41.45206417022,16.350201771774,11.9));
#2162 = CARTESIAN_POINT('',(-41.45206417022,24.253427578226,11.9));
#2163 = PCURVE('',#71,#2164);
#2164 = DEFINITIONAL_REPRESENTATION('',(#2165),#2168);
#2165 = B_SPLINE_CURVE_WITH_KNOTS('',1,(#2166,#2167),.UNSPECIFIED.,.F.,
  .F.,(2,2),(0.,1.),.PIECEWISE_BEZIER_KNOTS.);
#2166 = CARTESIAN_POINT('',(10.048387096774,159.11746113077));
#2167 = CARTESIAN_POINT('',(10.048387096774,167.02068693722));
#2168 = ( GEOMETRIC_REPRESENTATION_CONTEXT(2)
PARAMETRIC_REPRESENTATION_CONTEXT() REPRESENTATION_CONTEXT('2D SPACE',''
  ) );
#2169 = PCURVE('',#2170,#2175);
#2170 = B_SPLINE_SURFACE_WITH_KNOTS('',1,1,(
    (#2171,#2172)
    ,(#2173,#2174
    )),.UNSPECIFIED.,.F.,.F.,.F.,(2,2),(2,2),(0.,8.),(0.,1.),
  .PIECEWISE_BEZIER_KNOTS.);
#2171 = CARTESIAN_POINT('',(-41.500451267,24.301814675,11.85));
#2172 = CARTESIAN_POINT('',(-38.500451267,21.301814675,14.95));
#2173 = CARTESIAN_POINT('',(-41.500451267,16.301814675,11.85));
#2174 = CARTESIAN_POINT('',(-38.500451267,19.301814675,14.95));
#2175 = DEFINITIONAL_REPRESENTATION('',(#2176),#2179);
#2176 = B_SPLINE_CURVE_WITH_KNOTS('',1,(#2177,#2178),.UNSPECIFIED.,.F.,
  .F.,(2,2),(0.,1.),.PIECEWISE_BEZIER_KNOTS.);
#2177 = CARTESIAN_POINT('',(8.,1.612903225807E-02));
#2178 = CARTESIAN_POINT('',(0.,1.612903225807E-02));
#2179 = ( GEOMETRIC_REPRESENTATION_CONTEXT(2)
PARAMETRIC_REPRESENTATION_CONTEXT() REPRESENTATION_CONTEXT('2D SPACE',''
  ) );
#2180 = ORIENTED_EDGE('',*,*,#2181,.T.);
#2181 = EDGE_CURVE('',#2157,#2182,#2184,.T.);
#2182 = VERTEX_POINT('',#2183);
#2183 = CARTESIAN_POINT('',(-33.54883836377,24.253427578226,11.9));
#2184 = SURFACE_CURVE('',#2185,(#2188,#2194),.PCURVE_S1.);
#2185 = B_SPLINE_CURVE_WITH_KNOTS('',1,(#2186,#2187),.UNSPECIFIED.,.F.,
  .F.,(2,2),(0.,1.),.PIECEWISE_BEZIER_KNOTS.);
#2186 = CARTESIAN_POINT('',(-41.45206417022,24.253427578226,11.9));
#2187 = CARTESIAN_POINT('',(-33.54883836377,24.253427578226,11.9));
#2188 = PCURVE('',#71,#2189);
#2189 = DEFINITIONAL_REPRESENTATION('',(#2190),#2193);
#2190 = B_SPLINE_CURVE_WITH_KNOTS('',1,(#2191,#2192),.UNSPECIFIED.,.F.,
  .F.,(2,2),(0.,1.),.PIECEWISE_BEZIER_KNOTS.);
#2191 = CARTESIAN_POINT('',(10.048387096774,167.02068693722));
#2192 = CARTESIAN_POINT('',(17.951612903226,167.02068693722));
#2193 = ( GEOMETRIC_REPRESENTATION_CONTEXT(2)
PARAMETRIC_REPRESENTATION_CONTEXT() REPRESENTATION_CONTEXT('2D SPACE',''
  ) );
#2194 = PCURVE('',#2195,#2200);
#2195 = B_SPLINE_SURFACE_WITH_KNOTS('',1,1,(
    (#2196,#2197)
    ,(#2198,#2199
    )),.UNSPECIFIED.,.F.,.F.,.F.,(2,2),(2,2),(0.,8.),(0.,1.),
  .PIECEWISE_BEZIER_KNOTS.);
#2196 = CARTESIAN_POINT('',(-33.500451267,24.301814675,11.85));
#2197 = CARTESIAN_POINT('',(-36.500451267,21.301814675,14.95));
#2198 = CARTESIAN_POINT('',(-41.500451267,24.301814675,11.85));
#2199 = CARTESIAN_POINT('',(-38.500451267,21.301814675,14.95));
#2200 = DEFINITIONAL_REPRESENTATION('',(#2201),#2204);
#2201 = B_SPLINE_CURVE_WITH_KNOTS('',1,(#2202,#2203),.UNSPECIFIED.,.F.,
  .F.,(2,2),(0.,1.),.PIECEWISE_BEZIER_KNOTS.);
#2202 = CARTESIAN_POINT('',(8.,1.612903225807E-02));
#2203 = CARTESIAN_POINT('',(0.,1.612903225807E-02));
#2204 = ( GEOMETRIC_REPRESENTATION_CONTEXT(2)
PARAMETRIC_REPRESENTATION_CONTEXT() REPRESENTATION_CONTEXT('2D SPACE',''
  ) );
#2205 = ORIENTED_EDGE('',*,*,#2206,.T.);
#2206 = EDGE_CURVE('',#2182,#2207,#2209,.T.);
#2207 = VERTEX_POINT('',#2208);
#2208 = CARTESIAN_POINT('',(-33.54883836377,16.350201771774,11.9));
#2209 = SURFACE_CURVE('',#2210,(#2213,#2219),.PCURVE_S1.);
#2210 = B_SPLINE_CURVE_WITH_KNOTS('',1,(#2211,#2212),.UNSPECIFIED.,.F.,
  .F.,(2,2),(0.,1.),.PIECEWISE_BEZIER_KNOTS.);
#2211 = CARTESIAN_POINT('',(-33.54883836377,24.253427578226,11.9));
#2212 = CARTESIAN_POINT('',(-33.54883836377,16.350201771774,11.9));
#2213 = PCURVE('',#71,#2214);
#2214 = DEFINITIONAL_REPRESENTATION('',(#2215),#2218);
#2215 = B_SPLINE_CURVE_WITH_KNOTS('',1,(#2216,#2217),.UNSPECIFIED.,.F.,
  .F.,(2,2),(0.,1.),.PIECEWISE_BEZIER_KNOTS.);
#2216 = CARTESIAN_POINT('',(17.951612903226,167.02068693722));
#2217 = CARTESIAN_POINT('',(17.951612903226,159.11746113077));
#2218 = ( GEOMETRIC_REPRESENTATION_CONTEXT(2)
PARAMETRIC_REPRESENTATION_CONTEXT() REPRESENTATION_CONTEXT('2D SPACE',''
  ) );
#2219 = PCURVE('',#2220,#2225);
#2220 = B_SPLINE_SURFACE_WITH_KNOTS('',1,1,(
    (#2221,#2222)
    ,(#2223,#2224
    )),.UNSPECIFIED.,.F.,.F.,.F.,(2,2),(2,2),(0.,8.),(0.,1.),
  .PIECEWISE_BEZIER_KNOTS.);
#2221 = CARTESIAN_POINT('',(-33.500451267,16.301814675,11.85));
#2222 = CARTESIAN_POINT('',(-36.500451267,19.301814675,14.95));
#2223 = CARTESIAN_POINT('',(-33.500451267,24.301814675,11.85));
#2224 = CARTESIAN_POINT('',(-36.500451267,21.301814675,14.95));
#2225 = DEFINITIONAL_REPRESENTATION('',(#2226),#2229);
#2226 = B_SPLINE_CURVE_WITH_KNOTS('',1,(#2227,#2228),.UNSPECIFIED.,.F.,
  .F.,(2,2),(0.,1.),.PIECEWISE_BEZIER_KNOTS.);
#2227 = CARTESIAN_POINT('',(8.,1.612903225807E-02));
#2228 = CARTESIAN_POINT('',(0.,1.612903225807E-02));
#2229 = ( GEOMETRIC_REPRESENTATION_CONTEXT(2)
PARAMETRIC_REPRESENTATION_CONTEXT() REPRESENTATION_CONTEXT('2D SPACE',''
  ) );
#2230 = ORIENTED_EDGE('',*,*,#2231,.T.);
#2231 = EDGE_CURVE('',#2207,#2232,#2234,.T.);
#2232 = VERTEX_POINT('',#2233);
#2233 = CARTESIAN_POINT('',(-41.150451267,16.350201771774,11.9));
#2234 = SURFACE_CURVE('',#2235,(#2238,#2244),.PCURVE_S1.);
#2235 = B_SPLINE_CURVE_WITH_KNOTS('',1,(#2236,#2237),.UNSPECIFIED.,.F.,
  .F.,(2,2),(0.,1.),.PIECEWISE_BEZIER_KNOTS.);
#2236 = CARTESIAN_POINT('',(-33.54883836377,16.350201771774,11.9));
#2237 = CARTESIAN_POINT('',(-41.45206417022,16.350201771774,11.9));
#2238 = PCURVE('',#71,#2239);
#2239 = DEFINITIONAL_REPRESENTATION('',(#2240),#2243);
#2240 = B_SPLINE_CURVE_WITH_KNOTS('',1,(#2241,#2242),.UNSPECIFIED.,.F.,
  .F.,(2,2),(0.,1.),.PIECEWISE_BEZIER_KNOTS.);
#2241 = CARTESIAN_POINT('',(17.951612903226,159.11746113077));
#2242 = CARTESIAN_POINT('',(10.048387096774,159.11746113077));
#2243 = ( GEOMETRIC_REPRESENTATION_CONTEXT(2)
PARAMETRIC_REPRESENTATION_CONTEXT() REPRESENTATION_CONTEXT('2D SPACE',''
  ) );
#2244 = PCURVE('',#2245,#2250);
#2245 = B_SPLINE_SURFACE_WITH_KNOTS('',1,1,(
    (#2246,#2247)
    ,(#2248,#2249
    )),.UNSPECIFIED.,.F.,.F.,.F.,(2,2),(2,2),(0.,8.),(0.,1.),
  .PIECEWISE_BEZIER_KNOTS.);
#2246 = CARTESIAN_POINT('',(-41.500451267,16.301814675,11.85));
#2247 = CARTESIAN_POINT('',(-38.500451267,19.301814675,14.95));
#2248 = CARTESIAN_POINT('',(-33.500451267,16.301814675,11.85));
#2249 = CARTESIAN_POINT('',(-36.500451267,19.301814675,14.95));
#2250 = DEFINITIONAL_REPRESENTATION('',(#2251),#2254);
#2251 = B_SPLINE_CURVE_WITH_KNOTS('',1,(#2252,#2253),.UNSPECIFIED.,.F.,
  .F.,(2,2),(0.,1.),.PIECEWISE_BEZIER_KNOTS.);
#2252 = CARTESIAN_POINT('',(8.,1.612903225807E-02));
#2253 = CARTESIAN_POINT('',(0.,1.612903225807E-02));
#2254 = ( GEOMETRIC_REPRESENTATION_CONTEXT(2)
PARAMETRIC_REPRESENTATION_CONTEXT() REPRESENTATION_CONTEXT('2D SPACE',''
  ) );
#2255 = ORIENTED_EDGE('',*,*,#2256,.T.);
#2256 = EDGE_CURVE('',#2232,#2257,#2259,.T.);
#2257 = VERTEX_POINT('',#2258);
#2258 = CARTESIAN_POINT('',(-41.150451267,-19.8431457505,11.9));
#2259 = SURFACE_CURVE('',#2260,(#2264,#2270),.PCURVE_S1.);
#2260 = LINE('',#2261,#2262);
#2261 = CARTESIAN_POINT('',(-41.150451267,-57.46205680424,11.9));
#2262 = VECTOR('',#2263,1.);
#2263 = DIRECTION('',(0.,-1.,0.));
#2264 = PCURVE('',#71,#2265);
#2265 = DEFINITIONAL_REPRESENTATION('',(#2266),#2269);
#2266 = B_SPLINE_CURVE_WITH_KNOTS('',1,(#2267,#2268),.UNSPECIFIED.,.F.,
  .F.,(2,2),(-77.30520255475,-37.61891105373),.PIECEWISE_BEZIER_KNOTS.);
#2267 = CARTESIAN_POINT('',(10.35,162.6104051095));
#2268 = CARTESIAN_POINT('',(10.35,122.92411360849));
#2269 = ( GEOMETRIC_REPRESENTATION_CONTEXT(2)
PARAMETRIC_REPRESENTATION_CONTEXT() REPRESENTATION_CONTEXT('2D SPACE',''
  ) );
#2270 = PCURVE('',#2271,#2276);
#2271 = PLANE('',#2272);
#2272 = AXIS2_PLACEMENT_3D('',#2273,#2274,#2275);
#2273 = CARTESIAN_POINT('',(-35.550451267,27.843145750508,6.3));
#2274 = DIRECTION('',(0.707106781187,0.,0.707106781187));
#2275 = DIRECTION('',(0.,-1.,0.));
#2276 = DEFINITIONAL_REPRESENTATION('',(#2277),#2280);
#2277 = B_SPLINE_CURVE_WITH_KNOTS('',1,(#2278,#2279),.UNSPECIFIED.,.F.,
  .F.,(2,2),(-77.30520255475,-37.61891105373),.PIECEWISE_BEZIER_KNOTS.);
#2278 = CARTESIAN_POINT('',(8.,-7.919595949289));
#2279 = CARTESIAN_POINT('',(47.686291501015,-7.919595949289));
#2280 = ( GEOMETRIC_REPRESENTATION_CONTEXT(2)
PARAMETRIC_REPRESENTATION_CONTEXT() REPRESENTATION_CONTEXT('2D SPACE',''
  ) );
#2281 = ORIENTED_EDGE('',*,*,#2282,.T.);
#2282 = EDGE_CURVE('',#2257,#2283,#2285,.T.);
#2283 = VERTEX_POINT('',#2284);
#2284 = CARTESIAN_POINT('',(-41.500451267,-22.94838326155,11.9));
#2285 = SURFACE_CURVE('',#2286,(#2291,#2298),.PCURVE_S1.);
#2286 = HYPERBOLA('',#2287,13.6,13.6);
#2287 = AXIS2_PLACEMENT_3D('',#2288,#2289,#2290);
#2288 = CARTESIAN_POINT('',(-27.550451267,-19.8431457505,11.9));
#2289 = DIRECTION('',(0.,0.,1.));
#2290 = DIRECTION('',(-1.,0.,0.));
#2291 = PCURVE('',#71,#2292);
#2292 = DEFINITIONAL_REPRESENTATION('',(#2293),#2297);
#2293 = ( BOUNDED_CURVE() B_SPLINE_CURVE(2,(#2294,#2295,#2296),
.UNSPECIFIED.,.F.,.F.) B_SPLINE_CURVE_WITH_KNOTS((3,3),(0.,
0.226387549214),.PIECEWISE_BEZIER_KNOTS.) CURVE()
GEOMETRIC_REPRESENTATION_ITEM() RATIONAL_B_SPLINE_CURVE((1.,
1.006413258587,1.)) REPRESENTATION_ITEM('') );
#2294 = CARTESIAN_POINT('',(10.35,122.92411360849));
#2295 = CARTESIAN_POINT('',(10.35,121.39121959215));
#2296 = CARTESIAN_POINT('',(10.,119.81887609744));
#2297 = ( GEOMETRIC_REPRESENTATION_CONTEXT(2)
PARAMETRIC_REPRESENTATION_CONTEXT() REPRESENTATION_CONTEXT('2D SPACE',''
  ) );
#2298 = PCURVE('',#2299,#2304);
#2299 = CONICAL_SURFACE('',#2300,14.,0.785398163397);
#2300 = AXIS2_PLACEMENT_3D('',#2301,#2302,#2303);
#2301 = CARTESIAN_POINT('',(-41.550451267,-19.8431457505,-1.7));
#2302 = DIRECTION('',(-1.,0.,-0.));
#2303 = DIRECTION('',(0.,0.,-1.));
#2304 = DEFINITIONAL_REPRESENTATION('',(#2305),#2312);
#2305 = B_SPLINE_CURVE_WITH_KNOTS('',5,(#2306,#2307,#2308,#2309,#2310,
    #2311),.UNSPECIFIED.,.F.,.F.,(6,6),(0.,0.226387549214),
  .PIECEWISE_BEZIER_KNOTS.);
#2306 = CARTESIAN_POINT('',(-3.14159265359,-0.4));
#2307 = CARTESIAN_POINT('',(-3.186870163433,-0.4));
#2308 = CARTESIAN_POINT('',(-3.232147697082,-0.365149156723));
#2309 = CARTESIAN_POINT('',(-3.277231729733,-0.295447102683));
#2310 = CARTESIAN_POINT('',(-3.321929325105,-0.190597421971));
#2311 = CARTESIAN_POINT('',(-3.366070840077,-5.E-02));
#2312 = ( GEOMETRIC_REPRESENTATION_CONTEXT(2)
PARAMETRIC_REPRESENTATION_CONTEXT() REPRESENTATION_CONTEXT('2D SPACE',''
  ) );
#2313 = ORIENTED_EDGE('',*,*,#2314,.T.);
#2314 = EDGE_CURVE('',#2283,#2315,#2317,.T.);
#2315 = VERTEX_POINT('',#2316);
#2316 = CARTESIAN_POINT('',(-41.500451267,-81.744234681,11.9));
#2317 = SURFACE_CURVE('',#2318,(#2322,#2328),.PCURVE_S1.);
#2318 = LINE('',#2319,#2320);
#2319 = CARTESIAN_POINT('',(-41.500451267,-112.25574702,11.9));
#2320 = VECTOR('',#2321,1.);
#2321 = DIRECTION('',(0.,-1.,0.));
#2322 = PCURVE('',#71,#2323);
#2323 = DEFINITIONAL_REPRESENTATION('',(#2324),#2327);
#2324 = B_SPLINE_CURVE_WITH_KNOTS('',1,(#2325,#2326),.UNSPECIFIED.,.F.,
  .F.,(2,2),(-152.557561695,-30.511512339),.PIECEWISE_BEZIER_KNOTS.);
#2325 = CARTESIAN_POINT('',(10.,183.069074034));
#2326 = CARTESIAN_POINT('',(10.,61.023024678));
#2327 = ( GEOMETRIC_REPRESENTATION_CONTEXT(2)
PARAMETRIC_REPRESENTATION_CONTEXT() REPRESENTATION_CONTEXT('2D SPACE',''
  ) );
#2328 = PCURVE('',#546,#2329);
#2329 = DEFINITIONAL_REPRESENTATION('',(#2330),#2333);
#2330 = B_SPLINE_CURVE_WITH_KNOTS('',1,(#2331,#2332),.UNSPECIFIED.,.F.,
  .F.,(2,2),(-152.557561695,-30.511512339),.PIECEWISE_BEZIER_KNOTS.);
#2331 = CARTESIAN_POINT('',(94.89999553,-122.046049356));
#2332 = CARTESIAN_POINT('',(94.89999553,0.));
#2333 = ( GEOMETRIC_REPRESENTATION_CONTEXT(2)
PARAMETRIC_REPRESENTATION_CONTEXT() REPRESENTATION_CONTEXT('2D SPACE',''
  ) );
#2334 = ORIENTED_EDGE('',*,*,#2335,.T.);
#2335 = EDGE_CURVE('',#2315,#2336,#2338,.T.);
#2336 = VERTEX_POINT('',#2337);
#2337 = CARTESIAN_POINT('',(-33.500451267,-81.744234681,11.9));
#2338 = SURFACE_CURVE('',#2339,(#2343,#2349),.PCURVE_S1.);
#2339 = LINE('',#2340,#2341);
#2340 = CARTESIAN_POINT('',(-46.500451267,-81.744234681,11.9));
#2341 = VECTOR('',#2342,1.);
#2342 = DIRECTION('',(1.,0.,0.));
#2343 = PCURVE('',#71,#2344);
#2344 = DEFINITIONAL_REPRESENTATION('',(#2345),#2348);
#2345 = B_SPLINE_CURVE_WITH_KNOTS('',1,(#2346,#2347),.UNSPECIFIED.,.F.,
  .F.,(2,2),(5.,88.000824303),.PIECEWISE_BEZIER_KNOTS.);
#2346 = CARTESIAN_POINT('',(10.,61.023024678));
#2347 = CARTESIAN_POINT('',(93.000824303,61.023024678));
#2348 = ( GEOMETRIC_REPRESENTATION_CONTEXT(2)
PARAMETRIC_REPRESENTATION_CONTEXT() REPRESENTATION_CONTEXT('2D SPACE',''
  ) );
#2349 = PCURVE('',#575,#2350);
#2350 = DEFINITIONAL_REPRESENTATION('',(#2351),#2354);
#2351 = B_SPLINE_CURVE_WITH_KNOTS('',1,(#2352,#2353),.UNSPECIFIED.,.F.,
  .F.,(2,2),(5.,88.000824303),.PIECEWISE_BEZIER_KNOTS.);
#2352 = CARTESIAN_POINT('',(94.89999553,0.));
#2353 = CARTESIAN_POINT('',(94.89999553,83.000824303));
#2354 = ( GEOMETRIC_REPRESENTATION_CONTEXT(2)
PARAMETRIC_REPRESENTATION_CONTEXT() REPRESENTATION_CONTEXT('2D SPACE',''
  ) );
#2355 = ORIENTED_EDGE('',*,*,#2356,.F.);
#2356 = EDGE_CURVE('',#2078,#2336,#2357,.T.);
#2357 = SURFACE_CURVE('',#2358,(#2362,#2368),.PCURVE_S1.);
#2358 = LINE('',#2359,#2360);
#2359 = CARTESIAN_POINT('',(-33.500451267,-112.28074702,11.9));
#2360 = VECTOR('',#2361,1.);
#2361 = DIRECTION('',(0.,-1.,0.));
#2362 = PCURVE('',#71,#2363);
#2363 = DEFINITIONAL_REPRESENTATION('',(#2364),#2367);
#2364 = B_SPLINE_CURVE_WITH_KNOTS('',1,(#2365,#2366),.UNSPECIFIED.,.F.,
  .F.,(2,2),(-148.582561695,-30.536512339),.PIECEWISE_BEZIER_KNOTS.);
#2365 = CARTESIAN_POINT('',(18.,179.069074034));
#2366 = CARTESIAN_POINT('',(18.,61.023024678));
#2367 = ( GEOMETRIC_REPRESENTATION_CONTEXT(2)
PARAMETRIC_REPRESENTATION_CONTEXT() REPRESENTATION_CONTEXT('2D SPACE',''
  ) );
#2368 = PCURVE('',#2112,#2369);
#2369 = DEFINITIONAL_REPRESENTATION('',(#2370),#2373);
#2370 = B_SPLINE_CURVE_WITH_KNOTS('',1,(#2371,#2372),.UNSPECIFIED.,.F.,
  .F.,(2,2),(-148.582561695,-30.536512339),.PIECEWISE_BEZIER_KNOTS.);
#2371 = CARTESIAN_POINT('',(86.89999553,-118.096049356));
#2372 = CARTESIAN_POINT('',(86.89999553,-5.E-02));
#2373 = ( GEOMETRIC_REPRESENTATION_CONTEXT(2)
PARAMETRIC_REPRESENTATION_CONTEXT() REPRESENTATION_CONTEXT('2D SPACE',''
  ) );
#2374 = ORIENTED_EDGE('',*,*,#2077,.F.);
#2375 = FACE_BOUND('',#2376,.T.);
#2376 = EDGE_LOOP('',(#2377,#2404,#2429,#2454));
#2377 = ORIENTED_EDGE('',*,*,#2378,.T.);
#2378 = EDGE_CURVE('',#2379,#2381,#2383,.T.);
#2379 = VERTEX_POINT('',#2380);
#2380 = CARTESIAN_POINT('',(-33.54883836377,-57.79262177777,11.9));
#2381 = VERTEX_POINT('',#2382);
#2382 = CARTESIAN_POINT('',(-33.54883836377,-65.69584758422,11.9));
#2383 = SURFACE_CURVE('',#2384,(#2387,#2393),.PCURVE_S1.);
#2384 = B_SPLINE_CURVE_WITH_KNOTS('',1,(#2385,#2386),.UNSPECIFIED.,.F.,
  .F.,(2,2),(0.,1.),.PIECEWISE_BEZIER_KNOTS.);
#2385 = CARTESIAN_POINT('',(-33.54883836377,-57.79262177777,11.9));
#2386 = CARTESIAN_POINT('',(-33.54883836377,-65.69584758422,11.9));
#2387 = PCURVE('',#71,#2388);
#2388 = DEFINITIONAL_REPRESENTATION('',(#2389),#2392);
#2389 = B_SPLINE_CURVE_WITH_KNOTS('',1,(#2390,#2391),.UNSPECIFIED.,.F.,
  .F.,(2,2),(0.,1.),.PIECEWISE_BEZIER_KNOTS.);
#2390 = CARTESIAN_POINT('',(17.951612903226,84.974637581226));
#2391 = CARTESIAN_POINT('',(17.951612903226,77.071411774774));
#2392 = ( GEOMETRIC_REPRESENTATION_CONTEXT(2)
PARAMETRIC_REPRESENTATION_CONTEXT() REPRESENTATION_CONTEXT('2D SPACE',''
  ) );
#2393 = PCURVE('',#2394,#2399);
#2394 = B_SPLINE_SURFACE_WITH_KNOTS('',1,1,(
    (#2395,#2396)
    ,(#2397,#2398
    )),.UNSPECIFIED.,.F.,.F.,.F.,(2,2),(2,2),(0.,8.),(0.,1.),
  .PIECEWISE_BEZIER_KNOTS.);
#2395 = CARTESIAN_POINT('',(-33.500451267,-65.744234681,11.85));
#2396 = CARTESIAN_POINT('',(-36.500451267,-62.744234681,14.95));
#2397 = CARTESIAN_POINT('',(-33.500451267,-57.744234681,11.85));
#2398 = CARTESIAN_POINT('',(-36.500451267,-60.744234681,14.95));
#2399 = DEFINITIONAL_REPRESENTATION('',(#2400),#2403);
#2400 = B_SPLINE_CURVE_WITH_KNOTS('',1,(#2401,#2402),.UNSPECIFIED.,.F.,
  .F.,(2,2),(0.,1.),.PIECEWISE_BEZIER_KNOTS.);
#2401 = CARTESIAN_POINT('',(8.,1.612903225807E-02));
#2402 = CARTESIAN_POINT('',(0.,1.612903225807E-02));
#2403 = ( GEOMETRIC_REPRESENTATION_CONTEXT(2)
PARAMETRIC_REPRESENTATION_CONTEXT() REPRESENTATION_CONTEXT('2D SPACE',''
  ) );
#2404 = ORIENTED_EDGE('',*,*,#2405,.T.);
#2405 = EDGE_CURVE('',#2381,#2406,#2408,.T.);
#2406 = VERTEX_POINT('',#2407);
#2407 = CARTESIAN_POINT('',(-41.45206417022,-65.69584758422,11.9));
#2408 = SURFACE_CURVE('',#2409,(#2412,#2418),.PCURVE_S1.);
#2409 = B_SPLINE_CURVE_WITH_KNOTS('',1,(#2410,#2411),.UNSPECIFIED.,.F.,
  .F.,(2,2),(0.,1.),.PIECEWISE_BEZIER_KNOTS.);
#2410 = CARTESIAN_POINT('',(-33.54883836377,-65.69584758422,11.9));
#2411 = CARTESIAN_POINT('',(-41.45206417022,-65.69584758422,11.9));
#2412 = PCURVE('',#71,#2413);
#2413 = DEFINITIONAL_REPRESENTATION('',(#2414),#2417);
#2414 = B_SPLINE_CURVE_WITH_KNOTS('',1,(#2415,#2416),.UNSPECIFIED.,.F.,
  .F.,(2,2),(0.,1.),.PIECEWISE_BEZIER_KNOTS.);
#2415 = CARTESIAN_POINT('',(17.951612903226,77.071411774774));
#2416 = CARTESIAN_POINT('',(10.048387096774,77.071411774774));
#2417 = ( GEOMETRIC_REPRESENTATION_CONTEXT(2)
PARAMETRIC_REPRESENTATION_CONTEXT() REPRESENTATION_CONTEXT('2D SPACE',''
  ) );
#2418 = PCURVE('',#2419,#2424);
#2419 = B_SPLINE_SURFACE_WITH_KNOTS('',1,1,(
    (#2420,#2421)
    ,(#2422,#2423
    )),.UNSPECIFIED.,.F.,.F.,.F.,(2,2),(2,2),(0.,8.),(0.,1.),
  .PIECEWISE_BEZIER_KNOTS.);
#2420 = CARTESIAN_POINT('',(-41.500451267,-65.744234681,11.85));
#2421 = CARTESIAN_POINT('',(-38.500451267,-62.744234681,14.95));
#2422 = CARTESIAN_POINT('',(-33.500451267,-65.744234681,11.85));
#2423 = CARTESIAN_POINT('',(-36.500451267,-62.744234681,14.95));
#2424 = DEFINITIONAL_REPRESENTATION('',(#2425),#2428);
#2425 = B_SPLINE_CURVE_WITH_KNOTS('',1,(#2426,#2427),.UNSPECIFIED.,.F.,
  .F.,(2,2),(0.,1.),.PIECEWISE_BEZIER_KNOTS.);
#2426 = CARTESIAN_POINT('',(8.,1.612903225807E-02));
#2427 = CARTESIAN_POINT('',(0.,1.612903225807E-02));
#2428 = ( GEOMETRIC_REPRESENTATION_CONTEXT(2)
PARAMETRIC_REPRESENTATION_CONTEXT() REPRESENTATION_CONTEXT('2D SPACE',''
  ) );
#2429 = ORIENTED_EDGE('',*,*,#2430,.T.);
#2430 = EDGE_CURVE('',#2406,#2431,#2433,.T.);
#2431 = VERTEX_POINT('',#2432);
#2432 = CARTESIAN_POINT('',(-41.45206417022,-57.79262177777,11.9));
#2433 = SURFACE_CURVE('',#2434,(#2437,#2443),.PCURVE_S1.);
#2434 = B_SPLINE_CURVE_WITH_KNOTS('',1,(#2435,#2436),.UNSPECIFIED.,.F.,
  .F.,(2,2),(0.,1.),.PIECEWISE_BEZIER_KNOTS.);
#2435 = CARTESIAN_POINT('',(-41.45206417022,-65.69584758422,11.9));
#2436 = CARTESIAN_POINT('',(-41.45206417022,-57.79262177777,11.9));
#2437 = PCURVE('',#71,#2438);
#2438 = DEFINITIONAL_REPRESENTATION('',(#2439),#2442);
#2439 = B_SPLINE_CURVE_WITH_KNOTS('',1,(#2440,#2441),.UNSPECIFIED.,.F.,
  .F.,(2,2),(0.,1.),.PIECEWISE_BEZIER_KNOTS.);
#2440 = CARTESIAN_POINT('',(10.048387096774,77.071411774774));
#2441 = CARTESIAN_POINT('',(10.048387096774,84.974637581226));
#2442 = ( GEOMETRIC_REPRESENTATION_CONTEXT(2)
PARAMETRIC_REPRESENTATION_CONTEXT() REPRESENTATION_CONTEXT('2D SPACE',''
  ) );
#2443 = PCURVE('',#2444,#2449);
#2444 = B_SPLINE_SURFACE_WITH_KNOTS('',1,1,(
    (#2445,#2446)
    ,(#2447,#2448
    )),.UNSPECIFIED.,.F.,.F.,.F.,(2,2),(2,2),(0.,8.),(0.,1.),
  .PIECEWISE_BEZIER_KNOTS.);
#2445 = CARTESIAN_POINT('',(-41.500451267,-57.744234681,11.85));
#2446 = CARTESIAN_POINT('',(-38.500451267,-60.744234681,14.95));
#2447 = CARTESIAN_POINT('',(-41.500451267,-65.744234681,11.85));
#2448 = CARTESIAN_POINT('',(-38.500451267,-62.744234681,14.95));
#2449 = DEFINITIONAL_REPRESENTATION('',(#2450),#2453);
#2450 = B_SPLINE_CURVE_WITH_KNOTS('',1,(#2451,#2452),.UNSPECIFIED.,.F.,
  .F.,(2,2),(0.,1.),.PIECEWISE_BEZIER_KNOTS.);
#2451 = CARTESIAN_POINT('',(8.,1.612903225807E-02));
#2452 = CARTESIAN_POINT('',(0.,1.612903225807E-02));
#2453 = ( GEOMETRIC_REPRESENTATION_CONTEXT(2)
PARAMETRIC_REPRESENTATION_CONTEXT() REPRESENTATION_CONTEXT('2D SPACE',''
  ) );
#2454 = ORIENTED_EDGE('',*,*,#2455,.T.);
#2455 = EDGE_CURVE('',#2431,#2379,#2456,.T.);
#2456 = SURFACE_CURVE('',#2457,(#2460,#2466),.PCURVE_S1.);
#2457 = B_SPLINE_CURVE_WITH_KNOTS('',1,(#2458,#2459),.UNSPECIFIED.,.F.,
  .F.,(2,2),(0.,1.),.PIECEWISE_BEZIER_KNOTS.);
#2458 = CARTESIAN_POINT('',(-41.45206417022,-57.79262177777,11.9));
#2459 = CARTESIAN_POINT('',(-33.54883836377,-57.79262177777,11.9));
#2460 = PCURVE('',#71,#2461);
#2461 = DEFINITIONAL_REPRESENTATION('',(#2462),#2465);
#2462 = B_SPLINE_CURVE_WITH_KNOTS('',1,(#2463,#2464),.UNSPECIFIED.,.F.,
  .F.,(2,2),(0.,1.),.PIECEWISE_BEZIER_KNOTS.);
#2463 = CARTESIAN_POINT('',(10.048387096774,84.974637581226));
#2464 = CARTESIAN_POINT('',(17.951612903226,84.974637581226));
#2465 = ( GEOMETRIC_REPRESENTATION_CONTEXT(2)
PARAMETRIC_REPRESENTATION_CONTEXT() REPRESENTATION_CONTEXT('2D SPACE',''
  ) );
#2466 = PCURVE('',#2467,#2472);
#2467 = B_SPLINE_SURFACE_WITH_KNOTS('',1,1,(
    (#2468,#2469)
    ,(#2470,#2471
    )),.UNSPECIFIED.,.F.,.F.,.F.,(2,2),(2,2),(0.,8.),(0.,1.),
  .PIECEWISE_BEZIER_KNOTS.);
#2468 = CARTESIAN_POINT('',(-33.500451267,-57.744234681,11.85));
#2469 = CARTESIAN_POINT('',(-36.500451267,-60.744234681,14.95));
#2470 = CARTESIAN_POINT('',(-41.500451267,-57.744234681,11.85));
#2471 = CARTESIAN_POINT('',(-38.500451267,-60.744234681,14.95));
#2472 = DEFINITIONAL_REPRESENTATION('',(#2473),#2476);
#2473 = B_SPLINE_CURVE_WITH_KNOTS('',1,(#2474,#2475),.UNSPECIFIED.,.F.,
  .F.,(2,2),(0.,1.),.PIECEWISE_BEZIER_KNOTS.);
#2474 = CARTESIAN_POINT('',(8.,1.612903225807E-02));
#2475 = CARTESIAN_POINT('',(0.,1.612903225807E-02));
#2476 = ( GEOMETRIC_REPRESENTATION_CONTEXT(2)
PARAMETRIC_REPRESENTATION_CONTEXT() REPRESENTATION_CONTEXT('2D SPACE',''
  ) );
#2477 = FACE_BOUND('',#2478,.T.);
#2478 = EDGE_LOOP('',(#2479));
#2479 = ORIENTED_EDGE('',*,*,#2480,.T.);
#2480 = EDGE_CURVE('',#2481,#2481,#2483,.T.);
#2481 = VERTEX_POINT('',#2482);
#2482 = CARTESIAN_POINT('',(-39.200451267,-20.721210003,11.9));
#2483 = SURFACE_CURVE('',#2484,(#2489,#2500),.PCURVE_S1.);
#2484 = CIRCLE('',#2485,1.7);
#2485 = AXIS2_PLACEMENT_3D('',#2486,#2487,#2488);
#2486 = CARTESIAN_POINT('',(-37.500451267,-20.721210003,11.9));
#2487 = DIRECTION('',(0.,0.,-1.));
#2488 = DIRECTION('',(-1.,0.,-0.));
#2489 = PCURVE('',#71,#2490);
#2490 = DEFINITIONAL_REPRESENTATION('',(#2491),#2499);
#2491 = ( BOUNDED_CURVE() B_SPLINE_CURVE(2,(#2492,#2493,#2494,#2495,
#2496,#2497,#2498),.UNSPECIFIED.,.T.,.F.) B_SPLINE_CURVE_WITH_KNOTS((1,2
    ,2,2,2,1),(-2.094395102393,0.,2.094395102393,4.188790204786,
6.28318530718,8.377580409573),.UNSPECIFIED.) CURVE()
GEOMETRIC_REPRESENTATION_ITEM() RATIONAL_B_SPLINE_CURVE((1.,0.5,1.,0.5,
1.,0.5,1.)) REPRESENTATION_ITEM('') );
#2492 = CARTESIAN_POINT('',(12.3,122.046049356));
#2493 = CARTESIAN_POINT('',(12.3,124.99053572886));
#2494 = CARTESIAN_POINT('',(14.85,123.51829254243));
#2495 = CARTESIAN_POINT('',(17.4,122.046049356));
#2496 = CARTESIAN_POINT('',(14.85,120.57380616956));
#2497 = CARTESIAN_POINT('',(12.3,119.10156298313));
#2498 = CARTESIAN_POINT('',(12.3,122.046049356));
#2499 = ( GEOMETRIC_REPRESENTATION_CONTEXT(2)
PARAMETRIC_REPRESENTATION_CONTEXT() REPRESENTATION_CONTEXT('2D SPACE',''
  ) );
#2500 = PCURVE('',#2501,#2506);
#2501 = CYLINDRICAL_SURFACE('',#2502,1.7);
#2502 = AXIS2_PLACEMENT_3D('',#2503,#2504,#2505);
#2503 = CARTESIAN_POINT('',(-37.500451267,-20.721210003,11.95));
#2504 = DIRECTION('',(0.,0.,-1.));
#2505 = DIRECTION('',(-1.,0.,-0.));
#2506 = DEFINITIONAL_REPRESENTATION('',(#2507),#2511);
#2507 = LINE('',#2508,#2509);
#2508 = CARTESIAN_POINT('',(0.,5.E-02));
#2509 = VECTOR('',#2510,1.);
#2510 = DIRECTION('',(1.,0.));
#2511 = ( GEOMETRIC_REPRESENTATION_CONTEXT(2)
PARAMETRIC_REPRESENTATION_CONTEXT() REPRESENTATION_CONTEXT('2D SPACE',''
  ) );
#2512 = ADVANCED_FACE('',(#2513),#492,.F.);
#2513 = FACE_BOUND('',#2514,.F.);
#2514 = EDGE_LOOP('',(#2515,#2535,#2536,#2537,#2557));
#2515 = ORIENTED_EDGE('',*,*,#2516,.F.);
#2516 = EDGE_CURVE('',#615,#2517,#2519,.T.);
#2517 = VERTEX_POINT('',#2518);
#2518 = CARTESIAN_POINT('',(-35.550451267,19.843145750508,-70.3431457505
    ));
#2519 = SURFACE_CURVE('',#2520,(#2523,#2529),.PCURVE_S1.);
#2520 = B_SPLINE_CURVE_WITH_KNOTS('',1,(#2521,#2522),.UNSPECIFIED.,.F.,
  .F.,(2,2),(0.,1.),.PIECEWISE_BEZIER_KNOTS.);
#2521 = CARTESIAN_POINT('',(-41.550451267,19.843145750508,-76.3431457505
    ));
#2522 = CARTESIAN_POINT('',(-35.550451267,19.843145750508,-70.3431457505
    ));
#2523 = PCURVE('',#492,#2524);
#2524 = DEFINITIONAL_REPRESENTATION('',(#2525),#2528);
#2525 = B_SPLINE_CURVE_WITH_KNOTS('',1,(#2526,#2527),.UNSPECIFIED.,.F.,
  .F.,(2,2),(0.,1.),.PIECEWISE_BEZIER_KNOTS.);
#2526 = CARTESIAN_POINT('',(0.,0.));
#2527 = CARTESIAN_POINT('',(0.,-6.));
#2528 = ( GEOMETRIC_REPRESENTATION_CONTEXT(2)
PARAMETRIC_REPRESENTATION_CONTEXT() REPRESENTATION_CONTEXT('2D SPACE',''
  ) );
#2529 = PCURVE('',#739,#2530);
#2530 = DEFINITIONAL_REPRESENTATION('',(#2531),#2534);
#2531 = B_SPLINE_CURVE_WITH_KNOTS('',1,(#2532,#2533),.UNSPECIFIED.,.F.,
  .F.,(2,2),(0.,1.),.PIECEWISE_BEZIER_KNOTS.);
#2532 = CARTESIAN_POINT('',(47.686291501015,-8.485281374239));
#2533 = CARTESIAN_POINT('',(47.686291501015,0.));
#2534 = ( GEOMETRIC_REPRESENTATION_CONTEXT(2)
PARAMETRIC_REPRESENTATION_CONTEXT() REPRESENTATION_CONTEXT('2D SPACE',''
  ) );
#2535 = ORIENTED_EDGE('',*,*,#614,.F.);
#2536 = ORIENTED_EDGE('',*,*,#475,.T.);
#2537 = ORIENTED_EDGE('',*,*,#2538,.T.);
#2538 = EDGE_CURVE('',#450,#2539,#2541,.T.);
#2539 = VERTEX_POINT('',#2540);
#2540 = CARTESIAN_POINT('',(-35.550451267,27.843145750508,-62.3431457505
    ));
#2541 = SURFACE_CURVE('',#2542,(#2545,#2551),.PCURVE_S1.);
#2542 = B_SPLINE_CURVE_WITH_KNOTS('',1,(#2543,#2544),.UNSPECIFIED.,.F.,
  .F.,(2,2),(0.,1.),.PIECEWISE_BEZIER_KNOTS.);
#2543 = CARTESIAN_POINT('',(-41.550451267,33.843145750508,-62.3431457505
    ));
#2544 = CARTESIAN_POINT('',(-35.550451267,27.843145750508,-62.3431457505
    ));
#2545 = PCURVE('',#492,#2546);
#2546 = DEFINITIONAL_REPRESENTATION('',(#2547),#2550);
#2547 = B_SPLINE_CURVE_WITH_KNOTS('',1,(#2548,#2549),.UNSPECIFIED.,.F.,
  .F.,(2,2),(0.,1.),.PIECEWISE_BEZIER_KNOTS.);
#2548 = CARTESIAN_POINT('',(-1.570796326795,0.));
#2549 = CARTESIAN_POINT('',(-1.570796326795,-6.));
#2550 = ( GEOMETRIC_REPRESENTATION_CONTEXT(2)
PARAMETRIC_REPRESENTATION_CONTEXT() REPRESENTATION_CONTEXT('2D SPACE',''
  ) );
#2551 = PCURVE('',#464,#2552);
#2552 = DEFINITIONAL_REPRESENTATION('',(#2553),#2556);
#2553 = B_SPLINE_CURVE_WITH_KNOTS('',1,(#2554,#2555),.UNSPECIFIED.,.F.,
  .F.,(2,2),(0.,1.),.PIECEWISE_BEZIER_KNOTS.);
#2554 = CARTESIAN_POINT('',(8.,-8.485281374239));
#2555 = CARTESIAN_POINT('',(8.,0.));
#2556 = ( GEOMETRIC_REPRESENTATION_CONTEXT(2)
PARAMETRIC_REPRESENTATION_CONTEXT() REPRESENTATION_CONTEXT('2D SPACE',''
  ) );
#2557 = ORIENTED_EDGE('',*,*,#2558,.F.);
#2558 = EDGE_CURVE('',#2517,#2539,#2559,.T.);
#2559 = SURFACE_CURVE('',#2560,(#2565,#2572),.PCURVE_S1.);
#2560 = CIRCLE('',#2561,8.);
#2561 = AXIS2_PLACEMENT_3D('',#2562,#2563,#2564);
#2562 = CARTESIAN_POINT('',(-35.550451267,19.843145750508,-62.3431457505
    ));
#2563 = DIRECTION('',(1.,-0.,0.));
#2564 = DIRECTION('',(0.,0.,-1.));
#2565 = PCURVE('',#492,#2566);
#2566 = DEFINITIONAL_REPRESENTATION('',(#2567),#2571);
#2567 = LINE('',#2568,#2569);
#2568 = CARTESIAN_POINT('',(-0.,-6.));
#2569 = VECTOR('',#2570,1.);
#2570 = DIRECTION('',(-1.,-0.));
#2571 = ( GEOMETRIC_REPRESENTATION_CONTEXT(2)
PARAMETRIC_REPRESENTATION_CONTEXT() REPRESENTATION_CONTEXT('2D SPACE',''
  ) );
#2572 = PCURVE('',#2573,#2578);
#2573 = CYLINDRICAL_SURFACE('',#2574,8.);
#2574 = AXIS2_PLACEMENT_3D('',#2575,#2576,#2577);
#2575 = CARTESIAN_POINT('',(-35.550451267,19.843145750508,-62.3431457505
    ));
#2576 = DIRECTION('',(-1.,0.,-0.));
#2577 = DIRECTION('',(0.,0.,-1.));
#2578 = DEFINITIONAL_REPRESENTATION('',(#2579),#2582);
#2579 = B_SPLINE_CURVE_WITH_KNOTS('',1,(#2580,#2581),.UNSPECIFIED.,.F.,
  .F.,(2,2),(0.,1.570796326795),.PIECEWISE_BEZIER_KNOTS.);
#2580 = CARTESIAN_POINT('',(0.,0.));
#2581 = CARTESIAN_POINT('',(-1.570796326795,0.));
#2582 = ( GEOMETRIC_REPRESENTATION_CONTEXT(2)
PARAMETRIC_REPRESENTATION_CONTEXT() REPRESENTATION_CONTEXT('2D SPACE',''
  ) );
#2583 = ADVANCED_FACE('',(#2584),#408,.F.);
#2584 = FACE_BOUND('',#2585,.F.);
#2585 = EDGE_LOOP('',(#2586,#2634,#2635));
#2586 = ORIENTED_EDGE('',*,*,#2587,.F.);
#2587 = EDGE_CURVE('',#392,#2130,#2588,.T.);
#2588 = SURFACE_CURVE('',#2589,(#2602,#2618),.PCURVE_S1.);
#2589 = B_SPLINE_CURVE_WITH_KNOTS('',6,(#2590,#2591,#2592,#2593,#2594,
    #2595,#2596,#2597,#2598,#2599,#2600,#2601),.UNSPECIFIED.,.F.,.F.,(7,
    5,7),(0.,0.956745151407,1.),.UNSPECIFIED.);
#2590 = CARTESIAN_POINT('',(-41.500451267,23.159770540863,11.85));
#2591 = CARTESIAN_POINT('',(-41.43544365196,22.611902964191,
    11.917174535541));
#2592 = CARTESIAN_POINT('',(-41.38460044733,22.074699444848,
    11.969712513659));
#2593 = CARTESIAN_POINT('',(-41.34672435873,21.54611432307,
    12.008851138537));
#2594 = CARTESIAN_POINT('',(-41.3209213539,21.023504257651,
    12.035514243537));
#2595 = CARTESIAN_POINT('',(-41.30670685672,20.503990420278,
    12.050202557281));
#2596 = CARTESIAN_POINT('',(-41.30396700671,19.960664218594,
    12.053033735628));
#2597 = CARTESIAN_POINT('',(-41.30387219369,19.937162374347,
    12.053131709082));
#2598 = CARTESIAN_POINT('',(-41.3038010793,19.913659891983,
    12.05320519395));
#2599 = CARTESIAN_POINT('',(-41.30375366534,19.890156484972,
    12.053254188382));
#2600 = CARTESIAN_POINT('',(-41.30372995552,19.866651866707,
    12.053278688525));
#2601 = CARTESIAN_POINT('',(-41.30372995552,19.843145750508,
    12.053278688525));
#2602 = PCURVE('',#408,#2603);
#2603 = DEFINITIONAL_REPRESENTATION('',(#2604),#2617);
#2604 = B_SPLINE_CURVE_WITH_KNOTS('',6,(#2605,#2606,#2607,#2608,#2609,
    #2610,#2611,#2612,#2613,#2614,#2615,#2616),.UNSPECIFIED.,.F.,.F.,(7,
    5,7),(0.,0.956745151407,1.),.UNSPECIFIED.);
#2605 = CARTESIAN_POINT('',(-2.9015429748,-5.E-02));
#2606 = CARTESIAN_POINT('',(-2.940835370292,-0.115007615048));
#2607 = CARTESIAN_POINT('',(-2.979575252886,-0.165850819652));
#2608 = CARTESIAN_POINT('',(-3.017844100358,-0.203726908278));
#2609 = CARTESIAN_POINT('',(-3.055779189604,-0.229529913094));
#2610 = CARTESIAN_POINT('',(-3.093543710549,-0.243744410272));
#2611 = CARTESIAN_POINT('',(-3.133047936121,-0.246484260286));
#2612 = CARTESIAN_POINT('',(-3.134756728064,-0.246579073306));
#2613 = CARTESIAN_POINT('',(-3.136465579216,-0.246650187694));
#2614 = CARTESIAN_POINT('',(-3.138174506141,-0.24669760166));
#2615 = CARTESIAN_POINT('',(-3.139883525408,-0.246721311475));
#2616 = CARTESIAN_POINT('',(-3.14159265359,-0.246721311475));
#2617 = ( GEOMETRIC_REPRESENTATION_CONTEXT(2)
PARAMETRIC_REPRESENTATION_CONTEXT() REPRESENTATION_CONTEXT('2D SPACE',''
  ) );
#2618 = PCURVE('',#2170,#2619);
#2619 = DEFINITIONAL_REPRESENTATION('',(#2620),#2633);
#2620 = B_SPLINE_CURVE_WITH_KNOTS('',6,(#2621,#2622,#2623,#2624,#2625,
    #2626,#2627,#2628,#2629,#2630,#2631,#2632),.UNSPECIFIED.,.F.,.F.,(7,
    5,7),(0.,0.956745151407,1.),.UNSPECIFIED.);
#2621 = CARTESIAN_POINT('',(1.142044134937,3.451388676181E-11));
#2622 = CARTESIAN_POINT('',(1.643464487953,2.166920504772E-02));
#2623 = CARTESIAN_POINT('',(2.163899412758,3.861693975468E-02));
#2624 = CARTESIAN_POINT('',(2.697935414559,5.124230289384E-02));
#2625 = CARTESIAN_POINT('',(3.240477641821,5.98433043116E-02));
#2626 = CARTESIAN_POINT('',(3.787156550819,6.458147009075E-02));
#2627 = CARTESIAN_POINT('',(4.358773037574,6.549475342855E-02));
#2628 = CARTESIAN_POINT('',(4.383498359555,6.552635776852E-02));
#2629 = CARTESIAN_POINT('',(4.408223427016,6.555006256465E-02));
#2630 = CARTESIAN_POINT('',(4.432947847781,6.556586721997E-02));
#2631 = CARTESIAN_POINT('',(4.457671229412,6.55737704918E-02));
#2632 = CARTESIAN_POINT('',(4.482393179208,6.55737704918E-02));
#2633 = ( GEOMETRIC_REPRESENTATION_CONTEXT(2)
PARAMETRIC_REPRESENTATION_CONTEXT() REPRESENTATION_CONTEXT('2D SPACE',''
  ) );
#2634 = ORIENTED_EDGE('',*,*,#391,.T.);
#2635 = ORIENTED_EDGE('',*,*,#2129,.T.);
#2636 = ADVANCED_FACE('',(#2637),#464,.F.);
#2637 = FACE_BOUND('',#2638,.F.);
#2638 = EDGE_LOOP('',(#2639,#2640,#2641,#2661));
#2639 = ORIENTED_EDGE('',*,*,#2538,.F.);
#2640 = ORIENTED_EDGE('',*,*,#449,.T.);
#2641 = ORIENTED_EDGE('',*,*,#2642,.T.);
#2642 = EDGE_CURVE('',#421,#2643,#2645,.T.);
#2643 = VERTEX_POINT('',#2644);
#2644 = CARTESIAN_POINT('',(-35.550451267,27.843145750508,-1.7));
#2645 = SURFACE_CURVE('',#2646,(#2649,#2655),.PCURVE_S1.);
#2646 = B_SPLINE_CURVE_WITH_KNOTS('',1,(#2647,#2648),.UNSPECIFIED.,.F.,
  .F.,(2,2),(0.,1.),.PIECEWISE_BEZIER_KNOTS.);
#2647 = CARTESIAN_POINT('',(-41.550451267,33.843145750508,-1.7));
#2648 = CARTESIAN_POINT('',(-35.550451267,27.843145750508,-1.7));
#2649 = PCURVE('',#464,#2650);
#2650 = DEFINITIONAL_REPRESENTATION('',(#2651),#2654);
#2651 = B_SPLINE_CURVE_WITH_KNOTS('',1,(#2652,#2653),.UNSPECIFIED.,.F.,
  .F.,(2,2),(0.,1.),.PIECEWISE_BEZIER_KNOTS.);
#2652 = CARTESIAN_POINT('',(68.643145750508,-8.485281374239));
#2653 = CARTESIAN_POINT('',(68.643145750508,0.));
#2654 = ( GEOMETRIC_REPRESENTATION_CONTEXT(2)
PARAMETRIC_REPRESENTATION_CONTEXT() REPRESENTATION_CONTEXT('2D SPACE',''
  ) );
#2655 = PCURVE('',#437,#2656);
#2656 = DEFINITIONAL_REPRESENTATION('',(#2657),#2660);
#2657 = B_SPLINE_CURVE_WITH_KNOTS('',1,(#2658,#2659),.UNSPECIFIED.,.F.,
  .F.,(2,2),(0.,1.),.PIECEWISE_BEZIER_KNOTS.);
#2658 = CARTESIAN_POINT('',(-1.570796326795,0.));
#2659 = CARTESIAN_POINT('',(-1.570796326795,-6.));
#2660 = ( GEOMETRIC_REPRESENTATION_CONTEXT(2)
PARAMETRIC_REPRESENTATION_CONTEXT() REPRESENTATION_CONTEXT('2D SPACE',''
  ) );
#2661 = ORIENTED_EDGE('',*,*,#2662,.F.);
#2662 = EDGE_CURVE('',#2539,#2643,#2663,.T.);
#2663 = SURFACE_CURVE('',#2664,(#2668,#2675),.PCURVE_S1.);
#2664 = LINE('',#2665,#2666);
#2665 = CARTESIAN_POINT('',(-35.550451267,27.843145750508,-70.3431457505
    ));
#2666 = VECTOR('',#2667,1.);
#2667 = DIRECTION('',(0.,0.,1.));
#2668 = PCURVE('',#464,#2669);
#2669 = DEFINITIONAL_REPRESENTATION('',(#2670),#2674);
#2670 = LINE('',#2671,#2672);
#2671 = CARTESIAN_POINT('',(0.,0.));
#2672 = VECTOR('',#2673,1.);
#2673 = DIRECTION('',(1.,0.));
#2674 = ( GEOMETRIC_REPRESENTATION_CONTEXT(2)
PARAMETRIC_REPRESENTATION_CONTEXT() REPRESENTATION_CONTEXT('2D SPACE',''
  ) );
#2675 = PCURVE('',#2676,#2681);
#2676 = PLANE('',#2677);
#2677 = AXIS2_PLACEMENT_3D('',#2678,#2679,#2680);
#2678 = CARTESIAN_POINT('',(-35.550451267,27.843145750508,-62.3431457505
    ));
#2679 = DIRECTION('',(0.,-1.,0.));
#2680 = DIRECTION('',(0.,0.,1.));
#2681 = DEFINITIONAL_REPRESENTATION('',(#2682),#2686);
#2682 = LINE('',#2683,#2684);
#2683 = CARTESIAN_POINT('',(-8.,0.));
#2684 = VECTOR('',#2685,1.);
#2685 = DIRECTION('',(1.,0.));
#2686 = ( GEOMETRIC_REPRESENTATION_CONTEXT(2)
PARAMETRIC_REPRESENTATION_CONTEXT() REPRESENTATION_CONTEXT('2D SPACE',''
  ) );
#2687 = ADVANCED_FACE('',(#2688),#437,.F.);
#2688 = FACE_BOUND('',#2689,.F.);
#2689 = EDGE_LOOP('',(#2690,#2691,#2692,#2724,#2744));
#2690 = ORIENTED_EDGE('',*,*,#2642,.F.);
#2691 = ORIENTED_EDGE('',*,*,#420,.T.);
#2692 = ORIENTED_EDGE('',*,*,#2693,.F.);
#2693 = EDGE_CURVE('',#2694,#392,#2696,.T.);
#2694 = VERTEX_POINT('',#2695);
#2695 = CARTESIAN_POINT('',(-41.100451267,19.843145750508,11.85));
#2696 = SURFACE_CURVE('',#2697,(#2702,#2712),.PCURVE_S1.);
#2697 = HYPERBOLA('',#2698,13.55,13.55);
#2698 = AXIS2_PLACEMENT_3D('',#2699,#2700,#2701);
#2699 = CARTESIAN_POINT('',(-27.550451267,19.843145750508,11.85));
#2700 = DIRECTION('',(0.,0.,-1.));
#2701 = DIRECTION('',(-1.,-0.,-0.));
#2702 = PCURVE('',#437,#2703);
#2703 = DEFINITIONAL_REPRESENTATION('',(#2704),#2711);
#2704 = B_SPLINE_CURVE_WITH_KNOTS('',5,(#2705,#2706,#2707,#2708,#2709,
    #2710),.UNSPECIFIED.,.F.,.F.,(6,6),(0.,0.242388888),
  .PIECEWISE_BEZIER_KNOTS.);
#2705 = CARTESIAN_POINT('',(-3.14159265359,-0.45));
#2706 = CARTESIAN_POINT('',(-3.09311487599,-0.45));
#2707 = CARTESIAN_POINT('',(-3.044637060283,-0.41019535137));
#2708 = CARTESIAN_POINT('',(-2.996396790789,-0.330585502125));
#2709 = CARTESIAN_POINT('',(-2.948630708598,-0.210782598969));
#2710 = CARTESIAN_POINT('',(-2.9015429748,-5.E-02));
#2711 = ( GEOMETRIC_REPRESENTATION_CONTEXT(2)
PARAMETRIC_REPRESENTATION_CONTEXT() REPRESENTATION_CONTEXT('2D SPACE',''
  ) );
#2712 = PCURVE('',#2713,#2718);
#2713 = PLANE('',#2714);
#2714 = AXIS2_PLACEMENT_3D('',#2715,#2716,#2717);
#2715 = CARTESIAN_POINT('',(-41.500451267,16.301814675,11.85));
#2716 = DIRECTION('',(0.,0.,-1.));
#2717 = DIRECTION('',(0.707106781187,0.707106781187,0.));
#2718 = DEFINITIONAL_REPRESENTATION('',(#2719),#2723);
#2719 = ( BOUNDED_CURVE() B_SPLINE_CURVE(2,(#2720,#2721,#2722),
.UNSPECIFIED.,.F.,.F.) B_SPLINE_CURVE_WITH_KNOTS((3,3),(0.,0.242388888),
.PIECEWISE_BEZIER_KNOTS.) CURVE() GEOMETRIC_REPRESENTATION_ITEM()
RATIONAL_B_SPLINE_CURVE((1.,1.007353040201,1.)) REPRESENTATION_ITEM('')
  );
#2720 = CARTESIAN_POINT('',(2.786941930393,-2.221256505443));
#2721 = CARTESIAN_POINT('',(3.94248981304,-3.376804388091));
#2722 = CARTESIAN_POINT('',(4.84930709783,-4.84930709783));
#2723 = ( GEOMETRIC_REPRESENTATION_CONTEXT(2)
PARAMETRIC_REPRESENTATION_CONTEXT() REPRESENTATION_CONTEXT('2D SPACE',''
  ) );
#2724 = ORIENTED_EDGE('',*,*,#2725,.T.);
#2725 = EDGE_CURVE('',#2694,#2726,#2728,.T.);
#2726 = VERTEX_POINT('',#2727);
#2727 = CARTESIAN_POINT('',(-35.550451267,19.843145750508,6.3));
#2728 = SURFACE_CURVE('',#2729,(#2732,#2738),.PCURVE_S1.);
#2729 = B_SPLINE_CURVE_WITH_KNOTS('',1,(#2730,#2731),.UNSPECIFIED.,.F.,
  .F.,(2,2),(0.,1.),.PIECEWISE_BEZIER_KNOTS.);
#2730 = CARTESIAN_POINT('',(-41.550451267,19.843145750508,12.3));
#2731 = CARTESIAN_POINT('',(-35.550451267,19.843145750508,6.3));
#2732 = PCURVE('',#437,#2733);
#2733 = DEFINITIONAL_REPRESENTATION('',(#2734),#2737);
#2734 = B_SPLINE_CURVE_WITH_KNOTS('',1,(#2735,#2736),.UNSPECIFIED.,.F.,
  .F.,(2,2),(0.,1.),.PIECEWISE_BEZIER_KNOTS.);
#2735 = CARTESIAN_POINT('',(-3.14159265359,0.));
#2736 = CARTESIAN_POINT('',(-3.14159265359,-6.));
#2737 = ( GEOMETRIC_REPRESENTATION_CONTEXT(2)
PARAMETRIC_REPRESENTATION_CONTEXT() REPRESENTATION_CONTEXT('2D SPACE',''
  ) );
#2738 = PCURVE('',#2271,#2739);
#2739 = DEFINITIONAL_REPRESENTATION('',(#2740),#2743);
#2740 = B_SPLINE_CURVE_WITH_KNOTS('',1,(#2741,#2742),.UNSPECIFIED.,.F.,
  .F.,(2,2),(0.,1.),.PIECEWISE_BEZIER_KNOTS.);
#2741 = CARTESIAN_POINT('',(8.,-8.485281374239));
#2742 = CARTESIAN_POINT('',(8.,0.));
#2743 = ( GEOMETRIC_REPRESENTATION_CONTEXT(2)
PARAMETRIC_REPRESENTATION_CONTEXT() REPRESENTATION_CONTEXT('2D SPACE',''
  ) );
#2744 = ORIENTED_EDGE('',*,*,#2745,.F.);
#2745 = EDGE_CURVE('',#2643,#2726,#2746,.T.);
#2746 = SURFACE_CURVE('',#2747,(#2752,#2759),.PCURVE_S1.);
#2747 = CIRCLE('',#2748,8.);
#2748 = AXIS2_PLACEMENT_3D('',#2749,#2750,#2751);
#2749 = CARTESIAN_POINT('',(-35.550451267,19.843145750508,-1.7));
#2750 = DIRECTION('',(1.,-0.,0.));
#2751 = DIRECTION('',(0.,0.,-1.));
#2752 = PCURVE('',#437,#2753);
#2753 = DEFINITIONAL_REPRESENTATION('',(#2754),#2758);
#2754 = LINE('',#2755,#2756);
#2755 = CARTESIAN_POINT('',(-0.,-6.));
#2756 = VECTOR('',#2757,1.);
#2757 = DIRECTION('',(-1.,-0.));
#2758 = ( GEOMETRIC_REPRESENTATION_CONTEXT(2)
PARAMETRIC_REPRESENTATION_CONTEXT() REPRESENTATION_CONTEXT('2D SPACE',''
  ) );
#2759 = PCURVE('',#2760,#2765);
#2760 = CYLINDRICAL_SURFACE('',#2761,8.);
#2761 = AXIS2_PLACEMENT_3D('',#2762,#2763,#2764);
#2762 = CARTESIAN_POINT('',(-35.550451267,19.843145750508,-1.7));
#2763 = DIRECTION('',(-1.,0.,-0.));
#2764 = DIRECTION('',(0.,0.,-1.));
#2765 = DEFINITIONAL_REPRESENTATION('',(#2766),#2769);
#2766 = B_SPLINE_CURVE_WITH_KNOTS('',1,(#2767,#2768),.UNSPECIFIED.,.F.,
  .F.,(2,2),(1.570796326795,3.14159265359),.PIECEWISE_BEZIER_KNOTS.);
#2767 = CARTESIAN_POINT('',(-1.570796326795,0.));
#2768 = CARTESIAN_POINT('',(-3.14159265359,0.));
#2769 = ( GEOMETRIC_REPRESENTATION_CONTEXT(2)
PARAMETRIC_REPRESENTATION_CONTEXT() REPRESENTATION_CONTEXT('2D SPACE',''
  ) );
#2770 = ADVANCED_FACE('',(#2771),#546,.F.);
#2771 = FACE_BOUND('',#2772,.F.);
#2772 = EDGE_LOOP('',(#2773,#2794,#2795,#2819,#2845,#2867));
#2773 = ORIENTED_EDGE('',*,*,#2774,.F.);
#2774 = EDGE_CURVE('',#529,#2315,#2775,.T.);
#2775 = SURFACE_CURVE('',#2776,(#2780,#2787),.PCURVE_S1.);
#2776 = LINE('',#2777,#2778);
#2777 = CARTESIAN_POINT('',(-41.500451267,-81.744234681,-82.99999553));
#2778 = VECTOR('',#2779,1.);
#2779 = DIRECTION('',(0.,0.,1.));
#2780 = PCURVE('',#546,#2781);
#2781 = DEFINITIONAL_REPRESENTATION('',(#2782),#2786);
#2782 = LINE('',#2783,#2784);
#2783 = CARTESIAN_POINT('',(0.,0.));
#2784 = VECTOR('',#2785,1.);
#2785 = DIRECTION('',(1.,0.));
#2786 = ( GEOMETRIC_REPRESENTATION_CONTEXT(2)
PARAMETRIC_REPRESENTATION_CONTEXT() REPRESENTATION_CONTEXT('2D SPACE',''
  ) );
#2787 = PCURVE('',#575,#2788);
#2788 = DEFINITIONAL_REPRESENTATION('',(#2789),#2793);
#2789 = LINE('',#2790,#2791);
#2790 = CARTESIAN_POINT('',(0.,0.));
#2791 = VECTOR('',#2792,1.);
#2792 = DIRECTION('',(1.,0.));
#2793 = ( GEOMETRIC_REPRESENTATION_CONTEXT(2)
PARAMETRIC_REPRESENTATION_CONTEXT() REPRESENTATION_CONTEXT('2D SPACE',''
  ) );
#2794 = ORIENTED_EDGE('',*,*,#528,.T.);
#2795 = ORIENTED_EDGE('',*,*,#2796,.F.);
#2796 = EDGE_CURVE('',#2797,#531,#2799,.T.);
#2797 = VERTEX_POINT('',#2798);
#2798 = CARTESIAN_POINT('',(-41.500451267,-33.7931457505,-62.3431457505)
  );
#2799 = SURFACE_CURVE('',#2800,(#2805,#2812),.PCURVE_S1.);
#2800 = CIRCLE('',#2801,13.95);
#2801 = AXIS2_PLACEMENT_3D('',#2802,#2803,#2804);
#2802 = CARTESIAN_POINT('',(-41.500451267,-19.8431457505,-62.3431457505)
  );
#2803 = DIRECTION('',(1.,0.,0.));
#2804 = DIRECTION('',(0.,0.,-1.));
#2805 = PCURVE('',#546,#2806);
#2806 = DEFINITIONAL_REPRESENTATION('',(#2807),#2811);
#2807 = CIRCLE('',#2808,13.95);
#2808 = AXIS2_PLACEMENT_2D('',#2809,#2810);
#2809 = CARTESIAN_POINT('',(20.656849779492,-61.90108893049));
#2810 = DIRECTION('',(-1.,0.));
#2811 = ( GEOMETRIC_REPRESENTATION_CONTEXT(2)
PARAMETRIC_REPRESENTATION_CONTEXT() REPRESENTATION_CONTEXT('2D SPACE',''
  ) );
#2812 = PCURVE('',#822,#2813);
#2813 = DEFINITIONAL_REPRESENTATION('',(#2814),#2818);
#2814 = LINE('',#2815,#2816);
#2815 = CARTESIAN_POINT('',(-0.,-5.E-02));
#2816 = VECTOR('',#2817,1.);
#2817 = DIRECTION('',(-1.,-0.));
#2818 = ( GEOMETRIC_REPRESENTATION_CONTEXT(2)
PARAMETRIC_REPRESENTATION_CONTEXT() REPRESENTATION_CONTEXT('2D SPACE',''
  ) );
#2819 = ORIENTED_EDGE('',*,*,#2820,.F.);
#2820 = EDGE_CURVE('',#2821,#2797,#2823,.T.);
#2821 = VERTEX_POINT('',#2822);
#2822 = CARTESIAN_POINT('',(-41.500451267,-33.7931457505,-1.7));
#2823 = SURFACE_CURVE('',#2824,(#2828,#2834),.PCURVE_S1.);
#2824 = LINE('',#2825,#2826);
#2825 = CARTESIAN_POINT('',(-41.500451267,-33.7931457505,-38.349997765)
  );
#2826 = VECTOR('',#2827,1.);
#2827 = DIRECTION('',(0.,0.,-1.));
#2828 = PCURVE('',#546,#2829);
#2829 = DEFINITIONAL_REPRESENTATION('',(#2830),#2833);
#2830 = B_SPLINE_CURVE_WITH_KNOTS('',1,(#2831,#2832),.UNSPECIFIED.,.F.,
  .F.,(2,2),(-36.649997765,23.993147985508),.PIECEWISE_BEZIER_KNOTS.);
#2831 = CARTESIAN_POINT('',(81.29999553,-47.95108893049));
#2832 = CARTESIAN_POINT('',(20.656849779492,-47.95108893049));
#2833 = ( GEOMETRIC_REPRESENTATION_CONTEXT(2)
PARAMETRIC_REPRESENTATION_CONTEXT() REPRESENTATION_CONTEXT('2D SPACE',''
  ) );
#2834 = PCURVE('',#2835,#2840);
#2835 = PLANE('',#2836);
#2836 = AXIS2_PLACEMENT_3D('',#2837,#2838,#2839);
#2837 = CARTESIAN_POINT('',(-35.550451267,-27.8431457505,6.3));
#2838 = DIRECTION('',(0.707106781187,-0.707106781187,0.));
#2839 = DIRECTION('',(0.,0.,-1.));
#2840 = DEFINITIONAL_REPRESENTATION('',(#2841),#2844);
#2841 = B_SPLINE_CURVE_WITH_KNOTS('',1,(#2842,#2843),.UNSPECIFIED.,.F.,
  .F.,(2,2),(-36.649997765,23.993147985508),.PIECEWISE_BEZIER_KNOTS.);
#2842 = CARTESIAN_POINT('',(8.,-8.41457069612));
#2843 = CARTESIAN_POINT('',(68.643145750508,-8.41457069612));
#2844 = ( GEOMETRIC_REPRESENTATION_CONTEXT(2)
PARAMETRIC_REPRESENTATION_CONTEXT() REPRESENTATION_CONTEXT('2D SPACE',''
  ) );
#2845 = ORIENTED_EDGE('',*,*,#2846,.F.);
#2846 = EDGE_CURVE('',#2283,#2821,#2847,.T.);
#2847 = SURFACE_CURVE('',#2848,(#2853,#2860),.PCURVE_S1.);
#2848 = CIRCLE('',#2849,13.95);
#2849 = AXIS2_PLACEMENT_3D('',#2850,#2851,#2852);
#2850 = CARTESIAN_POINT('',(-41.500451267,-19.8431457505,-1.7));
#2851 = DIRECTION('',(1.,-0.,0.));
#2852 = DIRECTION('',(0.,0.,-1.));
#2853 = PCURVE('',#546,#2854);
#2854 = DEFINITIONAL_REPRESENTATION('',(#2855),#2859);
#2855 = CIRCLE('',#2856,13.95);
#2856 = AXIS2_PLACEMENT_2D('',#2857,#2858);
#2857 = CARTESIAN_POINT('',(81.29999553,-61.90108893049));
#2858 = DIRECTION('',(-1.,0.));
#2859 = ( GEOMETRIC_REPRESENTATION_CONTEXT(2)
PARAMETRIC_REPRESENTATION_CONTEXT() REPRESENTATION_CONTEXT('2D SPACE',''
  ) );
#2860 = PCURVE('',#2299,#2861);
#2861 = DEFINITIONAL_REPRESENTATION('',(#2862),#2866);
#2862 = LINE('',#2863,#2864);
#2863 = CARTESIAN_POINT('',(-0.,-5.E-02));
#2864 = VECTOR('',#2865,1.);
#2865 = DIRECTION('',(-1.,-0.));
#2866 = ( GEOMETRIC_REPRESENTATION_CONTEXT(2)
PARAMETRIC_REPRESENTATION_CONTEXT() REPRESENTATION_CONTEXT('2D SPACE',''
  ) );
#2867 = ORIENTED_EDGE('',*,*,#2314,.T.);
#2868 = ADVANCED_FACE('',(#2869),#822,.F.);
#2869 = FACE_BOUND('',#2870,.F.);
#2870 = EDGE_LOOP('',(#2871,#2872,#2892,#2920,#2938));
#2871 = ORIENTED_EDGE('',*,*,#750,.T.);
#2872 = ORIENTED_EDGE('',*,*,#2873,.T.);
#2873 = EDGE_CURVE('',#725,#2874,#2876,.T.);
#2874 = VERTEX_POINT('',#2875);
#2875 = CARTESIAN_POINT('',(-35.550451267,-19.8431457505,-70.3431457505)
  );
#2876 = SURFACE_CURVE('',#2877,(#2880,#2886),.PCURVE_S1.);
#2877 = B_SPLINE_CURVE_WITH_KNOTS('',1,(#2878,#2879),.UNSPECIFIED.,.F.,
  .F.,(2,2),(0.,1.),.PIECEWISE_BEZIER_KNOTS.);
#2878 = CARTESIAN_POINT('',(-41.550451267,-19.8431457505,-76.3431457505)
  );
#2879 = CARTESIAN_POINT('',(-35.550451267,-19.8431457505,-70.3431457505)
  );
#2880 = PCURVE('',#822,#2881);
#2881 = DEFINITIONAL_REPRESENTATION('',(#2882),#2885);
#2882 = B_SPLINE_CURVE_WITH_KNOTS('',1,(#2883,#2884),.UNSPECIFIED.,.F.,
  .F.,(2,2),(0.,1.),.PIECEWISE_BEZIER_KNOTS.);
#2883 = CARTESIAN_POINT('',(-6.28318530718,0.));
#2884 = CARTESIAN_POINT('',(-6.28318530718,-6.));
#2885 = ( GEOMETRIC_REPRESENTATION_CONTEXT(2)
PARAMETRIC_REPRESENTATION_CONTEXT() REPRESENTATION_CONTEXT('2D SPACE',''
  ) );
#2886 = PCURVE('',#739,#2887);
#2887 = DEFINITIONAL_REPRESENTATION('',(#2888),#2891);
#2888 = B_SPLINE_CURVE_WITH_KNOTS('',1,(#2889,#2890),.UNSPECIFIED.,.F.,
  .F.,(2,2),(0.,1.),.PIECEWISE_BEZIER_KNOTS.);
#2889 = CARTESIAN_POINT('',(8.,-8.485281374239));
#2890 = CARTESIAN_POINT('',(8.,0.));
#2891 = ( GEOMETRIC_REPRESENTATION_CONTEXT(2)
PARAMETRIC_REPRESENTATION_CONTEXT() REPRESENTATION_CONTEXT('2D SPACE',''
  ) );
#2892 = ORIENTED_EDGE('',*,*,#2893,.T.);
#2893 = EDGE_CURVE('',#2874,#2894,#2896,.T.);
#2894 = VERTEX_POINT('',#2895);
#2895 = CARTESIAN_POINT('',(-35.550451267,-27.8431457505,-62.3431457505)
  );
#2896 = SURFACE_CURVE('',#2897,(#2902,#2909),.PCURVE_S1.);
#2897 = CIRCLE('',#2898,8.);
#2898 = AXIS2_PLACEMENT_3D('',#2899,#2900,#2901);
#2899 = CARTESIAN_POINT('',(-35.550451267,-19.8431457505,-62.3431457505)
  );
#2900 = DIRECTION('',(-1.,-0.,-0.));
#2901 = DIRECTION('',(0.,0.,-1.));
#2902 = PCURVE('',#822,#2903);
#2903 = DEFINITIONAL_REPRESENTATION('',(#2904),#2908);
#2904 = LINE('',#2905,#2906);
#2905 = CARTESIAN_POINT('',(-6.28318530718,-6.));
#2906 = VECTOR('',#2907,1.);
#2907 = DIRECTION('',(1.,-0.));
#2908 = ( GEOMETRIC_REPRESENTATION_CONTEXT(2)
PARAMETRIC_REPRESENTATION_CONTEXT() REPRESENTATION_CONTEXT('2D SPACE',''
  ) );
#2909 = PCURVE('',#2910,#2915);
#2910 = CYLINDRICAL_SURFACE('',#2911,8.);
#2911 = AXIS2_PLACEMENT_3D('',#2912,#2913,#2914);
#2912 = CARTESIAN_POINT('',(-35.550451267,-19.8431457505,-62.3431457505)
  );
#2913 = DIRECTION('',(-1.,-0.,-0.));
#2914 = DIRECTION('',(0.,0.,-1.));
#2915 = DEFINITIONAL_REPRESENTATION('',(#2916),#2919);
#2916 = B_SPLINE_CURVE_WITH_KNOTS('',1,(#2917,#2918),.UNSPECIFIED.,.F.,
  .F.,(2,2),(0.,1.570796326795),.PIECEWISE_BEZIER_KNOTS.);
#2917 = CARTESIAN_POINT('',(0.,0.));
#2918 = CARTESIAN_POINT('',(1.570796326795,0.));
#2919 = ( GEOMETRIC_REPRESENTATION_CONTEXT(2)
PARAMETRIC_REPRESENTATION_CONTEXT() REPRESENTATION_CONTEXT('2D SPACE',''
  ) );
#2920 = ORIENTED_EDGE('',*,*,#2921,.F.);
#2921 = EDGE_CURVE('',#2797,#2894,#2922,.T.);
#2922 = SURFACE_CURVE('',#2923,(#2926,#2932),.PCURVE_S1.);
#2923 = B_SPLINE_CURVE_WITH_KNOTS('',1,(#2924,#2925),.UNSPECIFIED.,.F.,
  .F.,(2,2),(0.,1.),.PIECEWISE_BEZIER_KNOTS.);
#2924 = CARTESIAN_POINT('',(-41.550451267,-33.8431457505,-62.3431457505)
  );
#2925 = CARTESIAN_POINT('',(-35.550451267,-27.8431457505,-62.3431457505)
  );
#2926 = PCURVE('',#822,#2927);
#2927 = DEFINITIONAL_REPRESENTATION('',(#2928),#2931);
#2928 = B_SPLINE_CURVE_WITH_KNOTS('',1,(#2929,#2930),.UNSPECIFIED.,.F.,
  .F.,(2,2),(0.,1.),.PIECEWISE_BEZIER_KNOTS.);
#2929 = CARTESIAN_POINT('',(-4.712388980385,0.));
#2930 = CARTESIAN_POINT('',(-4.712388980385,-6.));
#2931 = ( GEOMETRIC_REPRESENTATION_CONTEXT(2)
PARAMETRIC_REPRESENTATION_CONTEXT() REPRESENTATION_CONTEXT('2D SPACE',''
  ) );
#2932 = PCURVE('',#2835,#2933);
#2933 = DEFINITIONAL_REPRESENTATION('',(#2934),#2937);
#2934 = B_SPLINE_CURVE_WITH_KNOTS('',1,(#2935,#2936),.UNSPECIFIED.,.F.,
  .F.,(2,2),(0.,1.),.PIECEWISE_BEZIER_KNOTS.);
#2935 = CARTESIAN_POINT('',(68.643145750508,-8.485281374239));
#2936 = CARTESIAN_POINT('',(68.643145750508,0.));
#2937 = ( GEOMETRIC_REPRESENTATION_CONTEXT(2)
PARAMETRIC_REPRESENTATION_CONTEXT() REPRESENTATION_CONTEXT('2D SPACE',''
  ) );
#2938 = ORIENTED_EDGE('',*,*,#2796,.T.);
#2939 = ADVANCED_FACE('',(#2940),#739,.F.);
#2940 = FACE_BOUND('',#2941,.F.);
#2941 = EDGE_LOOP('',(#2942,#2943,#2944,#2945));
#2942 = ORIENTED_EDGE('',*,*,#2873,.F.);
#2943 = ORIENTED_EDGE('',*,*,#724,.T.);
#2944 = ORIENTED_EDGE('',*,*,#2516,.T.);
#2945 = ORIENTED_EDGE('',*,*,#2946,.F.);
#2946 = EDGE_CURVE('',#2874,#2517,#2947,.T.);
#2947 = SURFACE_CURVE('',#2948,(#2952,#2959),.PCURVE_S1.);
#2948 = LINE('',#2949,#2950);
#2949 = CARTESIAN_POINT('',(-35.550451267,-27.8431457505,-70.3431457505)
  );
#2950 = VECTOR('',#2951,1.);
#2951 = DIRECTION('',(0.,1.,0.));
#2952 = PCURVE('',#739,#2953);
#2953 = DEFINITIONAL_REPRESENTATION('',(#2954),#2958);
#2954 = LINE('',#2955,#2956);
#2955 = CARTESIAN_POINT('',(0.,0.));
#2956 = VECTOR('',#2957,1.);
#2957 = DIRECTION('',(1.,0.));
#2958 = ( GEOMETRIC_REPRESENTATION_CONTEXT(2)
PARAMETRIC_REPRESENTATION_CONTEXT() REPRESENTATION_CONTEXT('2D SPACE',''
  ) );
#2959 = PCURVE('',#2960,#2965);
#2960 = PLANE('',#2961);
#2961 = AXIS2_PLACEMENT_3D('',#2962,#2963,#2964);
#2962 = CARTESIAN_POINT('',(-35.550451267,-19.8431457505,-70.3431457505)
  );
#2963 = DIRECTION('',(0.,0.,1.));
#2964 = DIRECTION('',(0.,1.,0.));
#2965 = DEFINITIONAL_REPRESENTATION('',(#2966),#2970);
#2966 = LINE('',#2967,#2968);
#2967 = CARTESIAN_POINT('',(-8.,0.));
#2968 = VECTOR('',#2969,1.);
#2969 = DIRECTION('',(1.,0.));
#2970 = ( GEOMETRIC_REPRESENTATION_CONTEXT(2)
PARAMETRIC_REPRESENTATION_CONTEXT() REPRESENTATION_CONTEXT('2D SPACE',''
  ) );
#2971 = ADVANCED_FACE('',(#2972),#575,.F.);
#2972 = FACE_BOUND('',#2973,.F.);
#2973 = EDGE_LOOP('',(#2974,#2975,#2976,#2977,#2978,#2999,#3023,#3044,
    #3068,#3087,#3088,#3089));
#2974 = ORIENTED_EDGE('',*,*,#868,.F.);
#2975 = ORIENTED_EDGE('',*,*,#558,.F.);
#2976 = ORIENTED_EDGE('',*,*,#2774,.T.);
#2977 = ORIENTED_EDGE('',*,*,#2335,.T.);
#2978 = ORIENTED_EDGE('',*,*,#2979,.T.);
#2979 = EDGE_CURVE('',#2336,#2980,#2982,.T.);
#2980 = VERTEX_POINT('',#2981);
#2981 = CARTESIAN_POINT('',(-33.500451267,-81.744234681,-72.99999553));
#2982 = SURFACE_CURVE('',#2983,(#2987,#2993),.PCURVE_S1.);
#2983 = LINE('',#2984,#2985);
#2984 = CARTESIAN_POINT('',(-33.500451267,-81.744234681,-78.99999553));
#2985 = VECTOR('',#2986,1.);
#2986 = DIRECTION('',(0.,0.,-1.));
#2987 = PCURVE('',#575,#2988);
#2988 = DEFINITIONAL_REPRESENTATION('',(#2989),#2992);
#2989 = B_SPLINE_CURVE_WITH_KNOTS('',1,(#2990,#2991),.UNSPECIFIED.,.F.,
  .F.,(2,2),(-152.769401014,-6.),.PIECEWISE_BEZIER_KNOTS.);
#2990 = CARTESIAN_POINT('',(156.769401014,8.));
#2991 = CARTESIAN_POINT('',(10.,8.));
#2992 = ( GEOMETRIC_REPRESENTATION_CONTEXT(2)
PARAMETRIC_REPRESENTATION_CONTEXT() REPRESENTATION_CONTEXT('2D SPACE',''
  ) );
#2993 = PCURVE('',#2112,#2994);
#2994 = DEFINITIONAL_REPRESENTATION('',(#2995),#2998);
#2995 = B_SPLINE_CURVE_WITH_KNOTS('',1,(#2996,#2997),.UNSPECIFIED.,.F.,
  .F.,(2,2),(-152.769401014,-6.),.PIECEWISE_BEZIER_KNOTS.);
#2996 = CARTESIAN_POINT('',(148.769401014,-5.E-02));
#2997 = CARTESIAN_POINT('',(2.,-5.E-02));
#2998 = ( GEOMETRIC_REPRESENTATION_CONTEXT(2)
PARAMETRIC_REPRESENTATION_CONTEXT() REPRESENTATION_CONTEXT('2D SPACE',''
  ) );
#2999 = ORIENTED_EDGE('',*,*,#3000,.F.);
#3000 = EDGE_CURVE('',#3001,#2980,#3003,.T.);
#3001 = VERTEX_POINT('',#3002);
#3002 = CARTESIAN_POINT('',(-31.500451267,-81.744234681,-74.99999553));
#3003 = SURFACE_CURVE('',#3004,(#3009,#3016),.PCURVE_S1.);
#3004 = CIRCLE('',#3005,2.);
#3005 = AXIS2_PLACEMENT_3D('',#3006,#3007,#3008);
#3006 = CARTESIAN_POINT('',(-31.500451267,-81.744234681,-72.99999553));
#3007 = DIRECTION('',(0.,1.,0.));
#3008 = DIRECTION('',(-1.,0.,0.));
#3009 = PCURVE('',#575,#3010);
#3010 = DEFINITIONAL_REPRESENTATION('',(#3011),#3015);
#3011 = CIRCLE('',#3012,2.);
#3012 = AXIS2_PLACEMENT_2D('',#3013,#3014);
#3013 = CARTESIAN_POINT('',(10.,10.));
#3014 = DIRECTION('',(0.,-1.));
#3015 = ( GEOMETRIC_REPRESENTATION_CONTEXT(2)
PARAMETRIC_REPRESENTATION_CONTEXT() REPRESENTATION_CONTEXT('2D SPACE',''
  ) );
#3016 = PCURVE('',#2060,#3017);
#3017 = DEFINITIONAL_REPRESENTATION('',(#3018),#3022);
#3018 = LINE('',#3019,#3020);
#3019 = CARTESIAN_POINT('',(-6.28318530718,5.E-02));
#3020 = VECTOR('',#3021,1.);
#3021 = DIRECTION('',(1.,-0.));
#3022 = ( GEOMETRIC_REPRESENTATION_CONTEXT(2)
PARAMETRIC_REPRESENTATION_CONTEXT() REPRESENTATION_CONTEXT('2D SPACE',''
  ) );
#3023 = ORIENTED_EDGE('',*,*,#3024,.T.);
#3024 = EDGE_CURVE('',#3001,#3025,#3027,.T.);
#3025 = VERTEX_POINT('',#3026);
#3026 = CARTESIAN_POINT('',(31.500373036,-81.744234681,-74.99999553));
#3027 = SURFACE_CURVE('',#3028,(#3032,#3038),.PCURVE_S1.);
#3028 = LINE('',#3029,#3030);
#3029 = CARTESIAN_POINT('',(-37.500451267,-81.744234681,-74.99999553));
#3030 = VECTOR('',#3031,1.);
#3031 = DIRECTION('',(1.,0.,0.));
#3032 = PCURVE('',#575,#3033);
#3033 = DEFINITIONAL_REPRESENTATION('',(#3034),#3037);
#3034 = B_SPLINE_CURVE_WITH_KNOTS('',1,(#3035,#3036),.UNSPECIFIED.,.F.,
  .F.,(2,2),(6.,69.000824303),.PIECEWISE_BEZIER_KNOTS.);
#3035 = CARTESIAN_POINT('',(8.,10.));
#3036 = CARTESIAN_POINT('',(8.,73.000824303));
#3037 = ( GEOMETRIC_REPRESENTATION_CONTEXT(2)
PARAMETRIC_REPRESENTATION_CONTEXT() REPRESENTATION_CONTEXT('2D SPACE',''
  ) );
#3038 = PCURVE('',#2007,#3039);
#3039 = DEFINITIONAL_REPRESENTATION('',(#3040),#3043);
#3040 = B_SPLINE_CURVE_WITH_KNOTS('',1,(#3041,#3042),.UNSPECIFIED.,.F.,
  .F.,(2,2),(6.,69.000824303),.PIECEWISE_BEZIER_KNOTS.);
#3041 = CARTESIAN_POINT('',(2.,5.E-02));
#3042 = CARTESIAN_POINT('',(65.000824303,5.E-02));
#3043 = ( GEOMETRIC_REPRESENTATION_CONTEXT(2)
PARAMETRIC_REPRESENTATION_CONTEXT() REPRESENTATION_CONTEXT('2D SPACE',''
  ) );
#3044 = ORIENTED_EDGE('',*,*,#3045,.F.);
#3045 = EDGE_CURVE('',#3046,#3025,#3048,.T.);
#3046 = VERTEX_POINT('',#3047);
#3047 = CARTESIAN_POINT('',(33.500373036,-81.744234681,-72.99999553));
#3048 = SURFACE_CURVE('',#3049,(#3054,#3061),.PCURVE_S1.);
#3049 = CIRCLE('',#3050,2.);
#3050 = AXIS2_PLACEMENT_3D('',#3051,#3052,#3053);
#3051 = CARTESIAN_POINT('',(31.500373036,-81.744234681,-72.99999553));
#3052 = DIRECTION('',(0.,1.,0.));
#3053 = DIRECTION('',(1.,0.,-0.));
#3054 = PCURVE('',#575,#3055);
#3055 = DEFINITIONAL_REPRESENTATION('',(#3056),#3060);
#3056 = CIRCLE('',#3057,2.);
#3057 = AXIS2_PLACEMENT_2D('',#3058,#3059);
#3058 = CARTESIAN_POINT('',(10.,73.000824303));
#3059 = DIRECTION('',(0.,1.));
#3060 = ( GEOMETRIC_REPRESENTATION_CONTEXT(2)
PARAMETRIC_REPRESENTATION_CONTEXT() REPRESENTATION_CONTEXT('2D SPACE',''
  ) );
#3061 = PCURVE('',#1955,#3062);
#3062 = DEFINITIONAL_REPRESENTATION('',(#3063),#3067);
#3063 = LINE('',#3064,#3065);
#3064 = CARTESIAN_POINT('',(0.,5.E-02));
#3065 = VECTOR('',#3066,1.);
#3066 = DIRECTION('',(1.,0.));
#3067 = ( GEOMETRIC_REPRESENTATION_CONTEXT(2)
PARAMETRIC_REPRESENTATION_CONTEXT() REPRESENTATION_CONTEXT('2D SPACE',''
  ) );
#3068 = ORIENTED_EDGE('',*,*,#3069,.F.);
#3069 = EDGE_CURVE('',#1556,#3046,#3070,.T.);
#3070 = SURFACE_CURVE('',#3071,(#3075,#3081),.PCURVE_S1.);
#3071 = LINE('',#3072,#3073);
#3072 = CARTESIAN_POINT('',(33.500373036,-81.744234681,-78.99999553));
#3073 = VECTOR('',#3074,1.);
#3074 = DIRECTION('',(0.,0.,-1.));
#3075 = PCURVE('',#575,#3076);
#3076 = DEFINITIONAL_REPRESENTATION('',(#3077),#3080);
#3077 = B_SPLINE_CURVE_WITH_KNOTS('',1,(#3078,#3079),.UNSPECIFIED.,.F.,
  .F.,(2,2),(-152.769401014,-6.),.PIECEWISE_BEZIER_KNOTS.);
#3078 = CARTESIAN_POINT('',(156.769401014,75.000824303));
#3079 = CARTESIAN_POINT('',(10.,75.000824303));
#3080 = ( GEOMETRIC_REPRESENTATION_CONTEXT(2)
PARAMETRIC_REPRESENTATION_CONTEXT() REPRESENTATION_CONTEXT('2D SPACE',''
  ) );
#3081 = PCURVE('',#1570,#3082);
#3082 = DEFINITIONAL_REPRESENTATION('',(#3083),#3086);
#3083 = B_SPLINE_CURVE_WITH_KNOTS('',1,(#3084,#3085),.UNSPECIFIED.,.F.,
  .F.,(2,2),(-152.769401014,-6.),.PIECEWISE_BEZIER_KNOTS.);
#3084 = CARTESIAN_POINT('',(148.769401014,-5.E-02));
#3085 = CARTESIAN_POINT('',(2.,-5.E-02));
#3086 = ( GEOMETRIC_REPRESENTATION_CONTEXT(2)
PARAMETRIC_REPRESENTATION_CONTEXT() REPRESENTATION_CONTEXT('2D SPACE',''
  ) );
#3087 = ORIENTED_EDGE('',*,*,#1581,.T.);
#3088 = ORIENTED_EDGE('',*,*,#1404,.F.);
#3089 = ORIENTED_EDGE('',*,*,#1354,.T.);
#3090 = ADVANCED_FACE('',(#3091),#930,.T.);
#3091 = FACE_BOUND('',#3092,.T.);
#3092 = EDGE_LOOP('',(#3093,#3115,#3142,#3162));
#3093 = ORIENTED_EDGE('',*,*,#3094,.F.);
#3094 = EDGE_CURVE('',#3095,#917,#3097,.T.);
#3095 = VERTEX_POINT('',#3096);
#3096 = CARTESIAN_POINT('',(-26.500451267,-62.744234681,-85.99999553));
#3097 = SURFACE_CURVE('',#3098,(#3101,#3108),.PCURVE_S1.);
#3098 = B_SPLINE_CURVE_WITH_KNOTS('',1,(#3099,#3100),.UNSPECIFIED.,.F.,
  .F.,(2,2),(0.,1.),.PIECEWISE_BEZIER_KNOTS.);
#3099 = CARTESIAN_POINT('',(-26.500451267,-62.744234681,-85.99999553));
#3100 = CARTESIAN_POINT('',(-23.500451267,-65.744234681,-82.94999553));
#3101 = PCURVE('',#930,#3102);
#3102 = DEFINITIONAL_REPRESENTATION('',(#3103),#3107);
#3103 = LINE('',#3104,#3105);
#3104 = CARTESIAN_POINT('',(0.,0.));
#3105 = VECTOR('',#3106,1.);
#3106 = DIRECTION('',(0.,1.));
#3107 = ( GEOMETRIC_REPRESENTATION_CONTEXT(2)
PARAMETRIC_REPRESENTATION_CONTEXT() REPRESENTATION_CONTEXT('2D SPACE',''
  ) );
#3108 = PCURVE('',#955,#3109);
#3109 = DEFINITIONAL_REPRESENTATION('',(#3110),#3114);
#3110 = LINE('',#3111,#3112);
#3111 = CARTESIAN_POINT('',(8.,0.));
#3112 = VECTOR('',#3113,1.);
#3113 = DIRECTION('',(0.,1.));
#3114 = ( GEOMETRIC_REPRESENTATION_CONTEXT(2)
PARAMETRIC_REPRESENTATION_CONTEXT() REPRESENTATION_CONTEXT('2D SPACE',''
  ) );
#3115 = ORIENTED_EDGE('',*,*,#3116,.T.);
#3116 = EDGE_CURVE('',#3095,#3117,#3119,.T.);
#3117 = VERTEX_POINT('',#3118);
#3118 = CARTESIAN_POINT('',(-26.500451267,-60.744234681,-85.99999553));
#3119 = SURFACE_CURVE('',#3120,(#3124,#3130),.PCURVE_S1.);
#3120 = LINE('',#3121,#3122);
#3121 = CARTESIAN_POINT('',(-26.500451267,-62.744234681,-85.99999553));
#3122 = VECTOR('',#3123,1.);
#3123 = DIRECTION('',(0.,1.,0.));
#3124 = PCURVE('',#930,#3125);
#3125 = DEFINITIONAL_REPRESENTATION('',(#3126),#3129);
#3126 = B_SPLINE_CURVE_WITH_KNOTS('',1,(#3127,#3128),.UNSPECIFIED.,.F.,
  .F.,(2,2),(0.,2.),.PIECEWISE_BEZIER_KNOTS.);
#3127 = CARTESIAN_POINT('',(0.,0.));
#3128 = CARTESIAN_POINT('',(8.,0.));
#3129 = ( GEOMETRIC_REPRESENTATION_CONTEXT(2)
PARAMETRIC_REPRESENTATION_CONTEXT() REPRESENTATION_CONTEXT('2D SPACE',''
  ) );
#3130 = PCURVE('',#3131,#3136);
#3131 = PLANE('',#3132);
#3132 = AXIS2_PLACEMENT_3D('',#3133,#3134,#3135);
#3133 = CARTESIAN_POINT('',(-28.500451267,-62.744234681,-85.99999553));
#3134 = DIRECTION('',(0.,0.,-1.));
#3135 = DIRECTION('',(0.707106781187,0.707106781187,0.));
#3136 = DEFINITIONAL_REPRESENTATION('',(#3137),#3141);
#3137 = LINE('',#3138,#3139);
#3138 = CARTESIAN_POINT('',(1.414213562373,1.414213562373));
#3139 = VECTOR('',#3140,1.);
#3140 = DIRECTION('',(0.707106781187,-0.707106781187));
#3141 = ( GEOMETRIC_REPRESENTATION_CONTEXT(2)
PARAMETRIC_REPRESENTATION_CONTEXT() REPRESENTATION_CONTEXT('2D SPACE',''
  ) );
#3142 = ORIENTED_EDGE('',*,*,#3143,.T.);
#3143 = EDGE_CURVE('',#3117,#915,#3144,.T.);
#3144 = SURFACE_CURVE('',#3145,(#3148,#3155),.PCURVE_S1.);
#3145 = B_SPLINE_CURVE_WITH_KNOTS('',1,(#3146,#3147),.UNSPECIFIED.,.F.,
  .F.,(2,2),(0.,1.),.PIECEWISE_BEZIER_KNOTS.);
#3146 = CARTESIAN_POINT('',(-26.500451267,-60.744234681,-85.99999553));
#3147 = CARTESIAN_POINT('',(-23.500451267,-57.744234681,-82.94999553));
#3148 = PCURVE('',#930,#3149);
#3149 = DEFINITIONAL_REPRESENTATION('',(#3150),#3154);
#3150 = LINE('',#3151,#3152);
#3151 = CARTESIAN_POINT('',(8.,0.));
#3152 = VECTOR('',#3153,1.);
#3153 = DIRECTION('',(0.,1.));
#3154 = ( GEOMETRIC_REPRESENTATION_CONTEXT(2)
PARAMETRIC_REPRESENTATION_CONTEXT() REPRESENTATION_CONTEXT('2D SPACE',''
  ) );
#3155 = PCURVE('',#1003,#3156);
#3156 = DEFINITIONAL_REPRESENTATION('',(#3157),#3161);
#3157 = LINE('',#3158,#3159);
#3158 = CARTESIAN_POINT('',(0.,0.));
#3159 = VECTOR('',#3160,1.);
#3160 = DIRECTION('',(0.,1.));
#3161 = ( GEOMETRIC_REPRESENTATION_CONTEXT(2)
PARAMETRIC_REPRESENTATION_CONTEXT() REPRESENTATION_CONTEXT('2D SPACE',''
  ) );
#3162 = ORIENTED_EDGE('',*,*,#914,.T.);
#3163 = ADVANCED_FACE('',(#3164),#1003,.T.);
#3164 = FACE_BOUND('',#3165,.T.);
#3165 = EDGE_LOOP('',(#3166,#3167,#3189,#3209));
#3166 = ORIENTED_EDGE('',*,*,#3143,.F.);
#3167 = ORIENTED_EDGE('',*,*,#3168,.T.);
#3168 = EDGE_CURVE('',#3117,#3169,#3171,.T.);
#3169 = VERTEX_POINT('',#3170);
#3170 = CARTESIAN_POINT('',(-28.500451267,-60.744234681,-85.99999553));
#3171 = SURFACE_CURVE('',#3172,(#3176,#3182),.PCURVE_S1.);
#3172 = LINE('',#3173,#3174);
#3173 = CARTESIAN_POINT('',(-26.500451267,-60.744234681,-85.99999553));
#3174 = VECTOR('',#3175,1.);
#3175 = DIRECTION('',(-1.,0.,0.));
#3176 = PCURVE('',#1003,#3177);
#3177 = DEFINITIONAL_REPRESENTATION('',(#3178),#3181);
#3178 = B_SPLINE_CURVE_WITH_KNOTS('',1,(#3179,#3180),.UNSPECIFIED.,.F.,
  .F.,(2,2),(0.,2.),.PIECEWISE_BEZIER_KNOTS.);
#3179 = CARTESIAN_POINT('',(0.,0.));
#3180 = CARTESIAN_POINT('',(8.,0.));
#3181 = ( GEOMETRIC_REPRESENTATION_CONTEXT(2)
PARAMETRIC_REPRESENTATION_CONTEXT() REPRESENTATION_CONTEXT('2D SPACE',''
  ) );
#3182 = PCURVE('',#3131,#3183);
#3183 = DEFINITIONAL_REPRESENTATION('',(#3184),#3188);
#3184 = LINE('',#3185,#3186);
#3185 = CARTESIAN_POINT('',(2.828427124746,0.));
#3186 = VECTOR('',#3187,1.);
#3187 = DIRECTION('',(-0.707106781187,-0.707106781187));
#3188 = ( GEOMETRIC_REPRESENTATION_CONTEXT(2)
PARAMETRIC_REPRESENTATION_CONTEXT() REPRESENTATION_CONTEXT('2D SPACE',''
  ) );
#3189 = ORIENTED_EDGE('',*,*,#3190,.T.);
#3190 = EDGE_CURVE('',#3169,#967,#3191,.T.);
#3191 = SURFACE_CURVE('',#3192,(#3195,#3202),.PCURVE_S1.);
#3192 = B_SPLINE_CURVE_WITH_KNOTS('',1,(#3193,#3194),.UNSPECIFIED.,.F.,
  .F.,(2,2),(0.,1.),.PIECEWISE_BEZIER_KNOTS.);
#3193 = CARTESIAN_POINT('',(-28.500451267,-60.744234681,-85.99999553));
#3194 = CARTESIAN_POINT('',(-31.500451267,-57.744234681,-82.94999553));
#3195 = PCURVE('',#1003,#3196);
#3196 = DEFINITIONAL_REPRESENTATION('',(#3197),#3201);
#3197 = LINE('',#3198,#3199);
#3198 = CARTESIAN_POINT('',(8.,0.));
#3199 = VECTOR('',#3200,1.);
#3200 = DIRECTION('',(0.,1.));
#3201 = ( GEOMETRIC_REPRESENTATION_CONTEXT(2)
PARAMETRIC_REPRESENTATION_CONTEXT() REPRESENTATION_CONTEXT('2D SPACE',''
  ) );
#3202 = PCURVE('',#980,#3203);
#3203 = DEFINITIONAL_REPRESENTATION('',(#3204),#3208);
#3204 = LINE('',#3205,#3206);
#3205 = CARTESIAN_POINT('',(0.,0.));
#3206 = VECTOR('',#3207,1.);
#3207 = DIRECTION('',(0.,1.));
#3208 = ( GEOMETRIC_REPRESENTATION_CONTEXT(2)
PARAMETRIC_REPRESENTATION_CONTEXT() REPRESENTATION_CONTEXT('2D SPACE',''
  ) );
#3209 = ORIENTED_EDGE('',*,*,#991,.T.);
#3210 = ADVANCED_FACE('',(#3211),#955,.T.);
#3211 = FACE_BOUND('',#3212,.T.);
#3212 = EDGE_LOOP('',(#3213,#3235,#3255,#3256));
#3213 = ORIENTED_EDGE('',*,*,#3214,.F.);
#3214 = EDGE_CURVE('',#3215,#942,#3217,.T.);
#3215 = VERTEX_POINT('',#3216);
#3216 = CARTESIAN_POINT('',(-28.500451267,-62.744234681,-85.99999553));
#3217 = SURFACE_CURVE('',#3218,(#3221,#3228),.PCURVE_S1.);
#3218 = B_SPLINE_CURVE_WITH_KNOTS('',1,(#3219,#3220),.UNSPECIFIED.,.F.,
  .F.,(2,2),(0.,1.),.PIECEWISE_BEZIER_KNOTS.);
#3219 = CARTESIAN_POINT('',(-28.500451267,-62.744234681,-85.99999553));
#3220 = CARTESIAN_POINT('',(-31.500451267,-65.744234681,-82.94999553));
#3221 = PCURVE('',#955,#3222);
#3222 = DEFINITIONAL_REPRESENTATION('',(#3223),#3227);
#3223 = LINE('',#3224,#3225);
#3224 = CARTESIAN_POINT('',(0.,0.));
#3225 = VECTOR('',#3226,1.);
#3226 = DIRECTION('',(0.,1.));
#3227 = ( GEOMETRIC_REPRESENTATION_CONTEXT(2)
PARAMETRIC_REPRESENTATION_CONTEXT() REPRESENTATION_CONTEXT('2D SPACE',''
  ) );
#3228 = PCURVE('',#980,#3229);
#3229 = DEFINITIONAL_REPRESENTATION('',(#3230),#3234);
#3230 = LINE('',#3231,#3232);
#3231 = CARTESIAN_POINT('',(8.,0.));
#3232 = VECTOR('',#3233,1.);
#3233 = DIRECTION('',(0.,1.));
#3234 = ( GEOMETRIC_REPRESENTATION_CONTEXT(2)
PARAMETRIC_REPRESENTATION_CONTEXT() REPRESENTATION_CONTEXT('2D SPACE',''
  ) );
#3235 = ORIENTED_EDGE('',*,*,#3236,.T.);
#3236 = EDGE_CURVE('',#3215,#3095,#3237,.T.);
#3237 = SURFACE_CURVE('',#3238,(#3242,#3248),.PCURVE_S1.);
#3238 = LINE('',#3239,#3240);
#3239 = CARTESIAN_POINT('',(-28.500451267,-62.744234681,-85.99999553));
#3240 = VECTOR('',#3241,1.);
#3241 = DIRECTION('',(1.,0.,0.));
#3242 = PCURVE('',#955,#3243);
#3243 = DEFINITIONAL_REPRESENTATION('',(#3244),#3247);
#3244 = B_SPLINE_CURVE_WITH_KNOTS('',1,(#3245,#3246),.UNSPECIFIED.,.F.,
  .F.,(2,2),(0.,2.),.PIECEWISE_BEZIER_KNOTS.);
#3245 = CARTESIAN_POINT('',(0.,0.));
#3246 = CARTESIAN_POINT('',(8.,0.));
#3247 = ( GEOMETRIC_REPRESENTATION_CONTEXT(2)
PARAMETRIC_REPRESENTATION_CONTEXT() REPRESENTATION_CONTEXT('2D SPACE',''
  ) );
#3248 = PCURVE('',#3131,#3249);
#3249 = DEFINITIONAL_REPRESENTATION('',(#3250),#3254);
#3250 = LINE('',#3251,#3252);
#3251 = CARTESIAN_POINT('',(0.,0.));
#3252 = VECTOR('',#3253,1.);
#3253 = DIRECTION('',(0.707106781187,0.707106781187));
#3254 = ( GEOMETRIC_REPRESENTATION_CONTEXT(2)
PARAMETRIC_REPRESENTATION_CONTEXT() REPRESENTATION_CONTEXT('2D SPACE',''
  ) );
#3255 = ORIENTED_EDGE('',*,*,#3094,.T.);
#3256 = ORIENTED_EDGE('',*,*,#941,.T.);
#3257 = ADVANCED_FACE('',(#3258),#980,.T.);
#3258 = FACE_BOUND('',#3259,.T.);
#3259 = EDGE_LOOP('',(#3260,#3261,#3281,#3282));
#3260 = ORIENTED_EDGE('',*,*,#3190,.F.);
#3261 = ORIENTED_EDGE('',*,*,#3262,.T.);
#3262 = EDGE_CURVE('',#3169,#3215,#3263,.T.);
#3263 = SURFACE_CURVE('',#3264,(#3268,#3274),.PCURVE_S1.);
#3264 = LINE('',#3265,#3266);
#3265 = CARTESIAN_POINT('',(-28.500451267,-60.744234681,-85.99999553));
#3266 = VECTOR('',#3267,1.);
#3267 = DIRECTION('',(0.,-1.,0.));
#3268 = PCURVE('',#980,#3269);
#3269 = DEFINITIONAL_REPRESENTATION('',(#3270),#3273);
#3270 = B_SPLINE_CURVE_WITH_KNOTS('',1,(#3271,#3272),.UNSPECIFIED.,.F.,
  .F.,(2,2),(0.,2.),.PIECEWISE_BEZIER_KNOTS.);
#3271 = CARTESIAN_POINT('',(0.,0.));
#3272 = CARTESIAN_POINT('',(8.,0.));
#3273 = ( GEOMETRIC_REPRESENTATION_CONTEXT(2)
PARAMETRIC_REPRESENTATION_CONTEXT() REPRESENTATION_CONTEXT('2D SPACE',''
  ) );
#3274 = PCURVE('',#3131,#3275);
#3275 = DEFINITIONAL_REPRESENTATION('',(#3276),#3280);
#3276 = LINE('',#3277,#3278);
#3277 = CARTESIAN_POINT('',(1.414213562373,-1.414213562373));
#3278 = VECTOR('',#3279,1.);
#3279 = DIRECTION('',(-0.707106781187,0.707106781187));
#3280 = ( GEOMETRIC_REPRESENTATION_CONTEXT(2)
PARAMETRIC_REPRESENTATION_CONTEXT() REPRESENTATION_CONTEXT('2D SPACE',''
  ) );
#3281 = ORIENTED_EDGE('',*,*,#3214,.T.);
#3282 = ORIENTED_EDGE('',*,*,#966,.T.);
#3283 = ADVANCED_FACE('',(#3284),#1032,.T.);
#3284 = FACE_BOUND('',#3285,.T.);
#3285 = EDGE_LOOP('',(#3286,#3308,#3335,#3355));
#3286 = ORIENTED_EDGE('',*,*,#3287,.F.);
#3287 = EDGE_CURVE('',#3288,#1019,#3290,.T.);
#3288 = VERTEX_POINT('',#3289);
#3289 = CARTESIAN_POINT('',(28.500373036,-62.744234681,-85.99999553));
#3290 = SURFACE_CURVE('',#3291,(#3294,#3301),.PCURVE_S1.);
#3291 = B_SPLINE_CURVE_WITH_KNOTS('',1,(#3292,#3293),.UNSPECIFIED.,.F.,
  .F.,(2,2),(0.,1.),.PIECEWISE_BEZIER_KNOTS.);
#3292 = CARTESIAN_POINT('',(28.500373036,-62.744234681,-85.99999553));
#3293 = CARTESIAN_POINT('',(31.500373036,-65.744234681,-82.94999553));
#3294 = PCURVE('',#1032,#3295);
#3295 = DEFINITIONAL_REPRESENTATION('',(#3296),#3300);
#3296 = LINE('',#3297,#3298);
#3297 = CARTESIAN_POINT('',(0.,0.));
#3298 = VECTOR('',#3299,1.);
#3299 = DIRECTION('',(0.,1.));
#3300 = ( GEOMETRIC_REPRESENTATION_CONTEXT(2)
PARAMETRIC_REPRESENTATION_CONTEXT() REPRESENTATION_CONTEXT('2D SPACE',''
  ) );
#3301 = PCURVE('',#1057,#3302);
#3302 = DEFINITIONAL_REPRESENTATION('',(#3303),#3307);
#3303 = LINE('',#3304,#3305);
#3304 = CARTESIAN_POINT('',(8.,0.));
#3305 = VECTOR('',#3306,1.);
#3306 = DIRECTION('',(0.,1.));
#3307 = ( GEOMETRIC_REPRESENTATION_CONTEXT(2)
PARAMETRIC_REPRESENTATION_CONTEXT() REPRESENTATION_CONTEXT('2D SPACE',''
  ) );
#3308 = ORIENTED_EDGE('',*,*,#3309,.T.);
#3309 = EDGE_CURVE('',#3288,#3310,#3312,.T.);
#3310 = VERTEX_POINT('',#3311);
#3311 = CARTESIAN_POINT('',(28.500373036,-60.744234681,-85.99999553));
#3312 = SURFACE_CURVE('',#3313,(#3317,#3323),.PCURVE_S1.);
#3313 = LINE('',#3314,#3315);
#3314 = CARTESIAN_POINT('',(28.500373036,-62.744234681,-85.99999553));
#3315 = VECTOR('',#3316,1.);
#3316 = DIRECTION('',(0.,1.,0.));
#3317 = PCURVE('',#1032,#3318);
#3318 = DEFINITIONAL_REPRESENTATION('',(#3319),#3322);
#3319 = B_SPLINE_CURVE_WITH_KNOTS('',1,(#3320,#3321),.UNSPECIFIED.,.F.,
  .F.,(2,2),(0.,2.),.PIECEWISE_BEZIER_KNOTS.);
#3320 = CARTESIAN_POINT('',(0.,0.));
#3321 = CARTESIAN_POINT('',(8.,0.));
#3322 = ( GEOMETRIC_REPRESENTATION_CONTEXT(2)
PARAMETRIC_REPRESENTATION_CONTEXT() REPRESENTATION_CONTEXT('2D SPACE',''
  ) );
#3323 = PCURVE('',#3324,#3329);
#3324 = PLANE('',#3325);
#3325 = AXIS2_PLACEMENT_3D('',#3326,#3327,#3328);
#3326 = CARTESIAN_POINT('',(26.500373036,-62.744234681,-85.99999553));
#3327 = DIRECTION('',(0.,0.,-1.));
#3328 = DIRECTION('',(0.707106781187,0.707106781187,0.));
#3329 = DEFINITIONAL_REPRESENTATION('',(#3330),#3334);
#3330 = LINE('',#3331,#3332);
#3331 = CARTESIAN_POINT('',(1.414213562373,1.414213562373));
#3332 = VECTOR('',#3333,1.);
#3333 = DIRECTION('',(0.707106781187,-0.707106781187));
#3334 = ( GEOMETRIC_REPRESENTATION_CONTEXT(2)
PARAMETRIC_REPRESENTATION_CONTEXT() REPRESENTATION_CONTEXT('2D SPACE',''
  ) );
#3335 = ORIENTED_EDGE('',*,*,#3336,.T.);
#3336 = EDGE_CURVE('',#3310,#1017,#3337,.T.);
#3337 = SURFACE_CURVE('',#3338,(#3341,#3348),.PCURVE_S1.);
#3338 = B_SPLINE_CURVE_WITH_KNOTS('',1,(#3339,#3340),.UNSPECIFIED.,.F.,
  .F.,(2,2),(0.,1.),.PIECEWISE_BEZIER_KNOTS.);
#3339 = CARTESIAN_POINT('',(28.500373036,-60.744234681,-85.99999553));
#3340 = CARTESIAN_POINT('',(31.500373036,-57.744234681,-82.94999553));
#3341 = PCURVE('',#1032,#3342);
#3342 = DEFINITIONAL_REPRESENTATION('',(#3343),#3347);
#3343 = LINE('',#3344,#3345);
#3344 = CARTESIAN_POINT('',(8.,0.));
#3345 = VECTOR('',#3346,1.);
#3346 = DIRECTION('',(0.,1.));
#3347 = ( GEOMETRIC_REPRESENTATION_CONTEXT(2)
PARAMETRIC_REPRESENTATION_CONTEXT() REPRESENTATION_CONTEXT('2D SPACE',''
  ) );
#3348 = PCURVE('',#1105,#3349);
#3349 = DEFINITIONAL_REPRESENTATION('',(#3350),#3354);
#3350 = LINE('',#3351,#3352);
#3351 = CARTESIAN_POINT('',(0.,0.));
#3352 = VECTOR('',#3353,1.);
#3353 = DIRECTION('',(0.,1.));
#3354 = ( GEOMETRIC_REPRESENTATION_CONTEXT(2)
PARAMETRIC_REPRESENTATION_CONTEXT() REPRESENTATION_CONTEXT('2D SPACE',''
  ) );
#3355 = ORIENTED_EDGE('',*,*,#1016,.T.);
#3356 = ADVANCED_FACE('',(#3357),#1105,.T.);
#3357 = FACE_BOUND('',#3358,.T.);
#3358 = EDGE_LOOP('',(#3359,#3360,#3382,#3402));
#3359 = ORIENTED_EDGE('',*,*,#3336,.F.);
#3360 = ORIENTED_EDGE('',*,*,#3361,.T.);
#3361 = EDGE_CURVE('',#3310,#3362,#3364,.T.);
#3362 = VERTEX_POINT('',#3363);
#3363 = CARTESIAN_POINT('',(26.500373036,-60.744234681,-85.99999553));
#3364 = SURFACE_CURVE('',#3365,(#3369,#3375),.PCURVE_S1.);
#3365 = LINE('',#3366,#3367);
#3366 = CARTESIAN_POINT('',(28.500373036,-60.744234681,-85.99999553));
#3367 = VECTOR('',#3368,1.);
#3368 = DIRECTION('',(-1.,0.,0.));
#3369 = PCURVE('',#1105,#3370);
#3370 = DEFINITIONAL_REPRESENTATION('',(#3371),#3374);
#3371 = B_SPLINE_CURVE_WITH_KNOTS('',1,(#3372,#3373),.UNSPECIFIED.,.F.,
  .F.,(2,2),(0.,2.),.PIECEWISE_BEZIER_KNOTS.);
#3372 = CARTESIAN_POINT('',(0.,0.));
#3373 = CARTESIAN_POINT('',(8.,0.));
#3374 = ( GEOMETRIC_REPRESENTATION_CONTEXT(2)
PARAMETRIC_REPRESENTATION_CONTEXT() REPRESENTATION_CONTEXT('2D SPACE',''
  ) );
#3375 = PCURVE('',#3324,#3376);
#3376 = DEFINITIONAL_REPRESENTATION('',(#3377),#3381);
#3377 = LINE('',#3378,#3379);
#3378 = CARTESIAN_POINT('',(2.828427124746,0.));
#3379 = VECTOR('',#3380,1.);
#3380 = DIRECTION('',(-0.707106781187,-0.707106781187));
#3381 = ( GEOMETRIC_REPRESENTATION_CONTEXT(2)
PARAMETRIC_REPRESENTATION_CONTEXT() REPRESENTATION_CONTEXT('2D SPACE',''
  ) );
#3382 = ORIENTED_EDGE('',*,*,#3383,.T.);
#3383 = EDGE_CURVE('',#3362,#1069,#3384,.T.);
#3384 = SURFACE_CURVE('',#3385,(#3388,#3395),.PCURVE_S1.);
#3385 = B_SPLINE_CURVE_WITH_KNOTS('',1,(#3386,#3387),.UNSPECIFIED.,.F.,
  .F.,(2,2),(0.,1.),.PIECEWISE_BEZIER_KNOTS.);
#3386 = CARTESIAN_POINT('',(26.500373036,-60.744234681,-85.99999553));
#3387 = CARTESIAN_POINT('',(23.500373036,-57.744234681,-82.94999553));
#3388 = PCURVE('',#1105,#3389);
#3389 = DEFINITIONAL_REPRESENTATION('',(#3390),#3394);
#3390 = LINE('',#3391,#3392);
#3391 = CARTESIAN_POINT('',(8.,0.));
#3392 = VECTOR('',#3393,1.);
#3393 = DIRECTION('',(0.,1.));
#3394 = ( GEOMETRIC_REPRESENTATION_CONTEXT(2)
PARAMETRIC_REPRESENTATION_CONTEXT() REPRESENTATION_CONTEXT('2D SPACE',''
  ) );
#3395 = PCURVE('',#1082,#3396);
#3396 = DEFINITIONAL_REPRESENTATION('',(#3397),#3401);
#3397 = LINE('',#3398,#3399);
#3398 = CARTESIAN_POINT('',(0.,0.));
#3399 = VECTOR('',#3400,1.);
#3400 = DIRECTION('',(0.,1.));
#3401 = ( GEOMETRIC_REPRESENTATION_CONTEXT(2)
PARAMETRIC_REPRESENTATION_CONTEXT() REPRESENTATION_CONTEXT('2D SPACE',''
  ) );
#3402 = ORIENTED_EDGE('',*,*,#1093,.T.);
#3403 = ADVANCED_FACE('',(#3404),#1057,.T.);
#3404 = FACE_BOUND('',#3405,.T.);
#3405 = EDGE_LOOP('',(#3406,#3428,#3448,#3449));
#3406 = ORIENTED_EDGE('',*,*,#3407,.F.);
#3407 = EDGE_CURVE('',#3408,#1044,#3410,.T.);
#3408 = VERTEX_POINT('',#3409);
#3409 = CARTESIAN_POINT('',(26.500373036,-62.744234681,-85.99999553));
#3410 = SURFACE_CURVE('',#3411,(#3414,#3421),.PCURVE_S1.);
#3411 = B_SPLINE_CURVE_WITH_KNOTS('',1,(#3412,#3413),.UNSPECIFIED.,.F.,
  .F.,(2,2),(0.,1.),.PIECEWISE_BEZIER_KNOTS.);
#3412 = CARTESIAN_POINT('',(26.500373036,-62.744234681,-85.99999553));
#3413 = CARTESIAN_POINT('',(23.500373036,-65.744234681,-82.94999553));
#3414 = PCURVE('',#1057,#3415);
#3415 = DEFINITIONAL_REPRESENTATION('',(#3416),#3420);
#3416 = LINE('',#3417,#3418);
#3417 = CARTESIAN_POINT('',(0.,0.));
#3418 = VECTOR('',#3419,1.);
#3419 = DIRECTION('',(0.,1.));
#3420 = ( GEOMETRIC_REPRESENTATION_CONTEXT(2)
PARAMETRIC_REPRESENTATION_CONTEXT() REPRESENTATION_CONTEXT('2D SPACE',''
  ) );
#3421 = PCURVE('',#1082,#3422);
#3422 = DEFINITIONAL_REPRESENTATION('',(#3423),#3427);
#3423 = LINE('',#3424,#3425);
#3424 = CARTESIAN_POINT('',(8.,0.));
#3425 = VECTOR('',#3426,1.);
#3426 = DIRECTION('',(0.,1.));
#3427 = ( GEOMETRIC_REPRESENTATION_CONTEXT(2)
PARAMETRIC_REPRESENTATION_CONTEXT() REPRESENTATION_CONTEXT('2D SPACE',''
  ) );
#3428 = ORIENTED_EDGE('',*,*,#3429,.T.);
#3429 = EDGE_CURVE('',#3408,#3288,#3430,.T.);
#3430 = SURFACE_CURVE('',#3431,(#3435,#3441),.PCURVE_S1.);
#3431 = LINE('',#3432,#3433);
#3432 = CARTESIAN_POINT('',(26.500373036,-62.744234681,-85.99999553));
#3433 = VECTOR('',#3434,1.);
#3434 = DIRECTION('',(1.,0.,0.));
#3435 = PCURVE('',#1057,#3436);
#3436 = DEFINITIONAL_REPRESENTATION('',(#3437),#3440);
#3437 = B_SPLINE_CURVE_WITH_KNOTS('',1,(#3438,#3439),.UNSPECIFIED.,.F.,
  .F.,(2,2),(0.,2.),.PIECEWISE_BEZIER_KNOTS.);
#3438 = CARTESIAN_POINT('',(0.,0.));
#3439 = CARTESIAN_POINT('',(8.,0.));
#3440 = ( GEOMETRIC_REPRESENTATION_CONTEXT(2)
PARAMETRIC_REPRESENTATION_CONTEXT() REPRESENTATION_CONTEXT('2D SPACE',''
  ) );
#3441 = PCURVE('',#3324,#3442);
#3442 = DEFINITIONAL_REPRESENTATION('',(#3443),#3447);
#3443 = LINE('',#3444,#3445);
#3444 = CARTESIAN_POINT('',(0.,0.));
#3445 = VECTOR('',#3446,1.);
#3446 = DIRECTION('',(0.707106781187,0.707106781187));
#3447 = ( GEOMETRIC_REPRESENTATION_CONTEXT(2)
PARAMETRIC_REPRESENTATION_CONTEXT() REPRESENTATION_CONTEXT('2D SPACE',''
  ) );
#3448 = ORIENTED_EDGE('',*,*,#3287,.T.);
#3449 = ORIENTED_EDGE('',*,*,#1043,.T.);
#3450 = ADVANCED_FACE('',(#3451),#1082,.T.);
#3451 = FACE_BOUND('',#3452,.T.);
#3452 = EDGE_LOOP('',(#3453,#3454,#3474,#3475));
#3453 = ORIENTED_EDGE('',*,*,#3383,.F.);
#3454 = ORIENTED_EDGE('',*,*,#3455,.T.);
#3455 = EDGE_CURVE('',#3362,#3408,#3456,.T.);
#3456 = SURFACE_CURVE('',#3457,(#3461,#3467),.PCURVE_S1.);
#3457 = LINE('',#3458,#3459);
#3458 = CARTESIAN_POINT('',(26.500373036,-60.744234681,-85.99999553));
#3459 = VECTOR('',#3460,1.);
#3460 = DIRECTION('',(0.,-1.,0.));
#3461 = PCURVE('',#1082,#3462);
#3462 = DEFINITIONAL_REPRESENTATION('',(#3463),#3466);
#3463 = B_SPLINE_CURVE_WITH_KNOTS('',1,(#3464,#3465),.UNSPECIFIED.,.F.,
  .F.,(2,2),(0.,2.),.PIECEWISE_BEZIER_KNOTS.);
#3464 = CARTESIAN_POINT('',(0.,0.));
#3465 = CARTESIAN_POINT('',(8.,0.));
#3466 = ( GEOMETRIC_REPRESENTATION_CONTEXT(2)
PARAMETRIC_REPRESENTATION_CONTEXT() REPRESENTATION_CONTEXT('2D SPACE',''
  ) );
#3467 = PCURVE('',#3324,#3468);
#3468 = DEFINITIONAL_REPRESENTATION('',(#3469),#3473);
#3469 = LINE('',#3470,#3471);
#3470 = CARTESIAN_POINT('',(1.414213562373,-1.414213562373));
#3471 = VECTOR('',#3472,1.);
#3472 = DIRECTION('',(-0.707106781187,0.707106781187));
#3473 = ( GEOMETRIC_REPRESENTATION_CONTEXT(2)
PARAMETRIC_REPRESENTATION_CONTEXT() REPRESENTATION_CONTEXT('2D SPACE',''
  ) );
#3474 = ORIENTED_EDGE('',*,*,#3407,.T.);
#3475 = ORIENTED_EDGE('',*,*,#1068,.T.);
#3476 = ADVANCED_FACE('',(#3477),#1134,.T.);
#3477 = FACE_BOUND('',#3478,.T.);
#3478 = EDGE_LOOP('',(#3479,#3501,#3528,#3548));
#3479 = ORIENTED_EDGE('',*,*,#3480,.F.);
#3480 = EDGE_CURVE('',#3481,#1121,#3483,.T.);
#3481 = VERTEX_POINT('',#3482);
#3482 = CARTESIAN_POINT('',(-26.500451267,19.301814675,-85.99999553));
#3483 = SURFACE_CURVE('',#3484,(#3487,#3494),.PCURVE_S1.);
#3484 = B_SPLINE_CURVE_WITH_KNOTS('',1,(#3485,#3486),.UNSPECIFIED.,.F.,
  .F.,(2,2),(0.,1.),.PIECEWISE_BEZIER_KNOTS.);
#3485 = CARTESIAN_POINT('',(-26.500451267,19.301814675,-85.99999553));
#3486 = CARTESIAN_POINT('',(-23.500451267,16.301814675,-82.94999553));
#3487 = PCURVE('',#1134,#3488);
#3488 = DEFINITIONAL_REPRESENTATION('',(#3489),#3493);
#3489 = LINE('',#3490,#3491);
#3490 = CARTESIAN_POINT('',(0.,0.));
#3491 = VECTOR('',#3492,1.);
#3492 = DIRECTION('',(0.,1.));
#3493 = ( GEOMETRIC_REPRESENTATION_CONTEXT(2)
PARAMETRIC_REPRESENTATION_CONTEXT() REPRESENTATION_CONTEXT('2D SPACE',''
  ) );
#3494 = PCURVE('',#1159,#3495);
#3495 = DEFINITIONAL_REPRESENTATION('',(#3496),#3500);
#3496 = LINE('',#3497,#3498);
#3497 = CARTESIAN_POINT('',(8.,0.));
#3498 = VECTOR('',#3499,1.);
#3499 = DIRECTION('',(0.,1.));
#3500 = ( GEOMETRIC_REPRESENTATION_CONTEXT(2)
PARAMETRIC_REPRESENTATION_CONTEXT() REPRESENTATION_CONTEXT('2D SPACE',''
  ) );
#3501 = ORIENTED_EDGE('',*,*,#3502,.T.);
#3502 = EDGE_CURVE('',#3481,#3503,#3505,.T.);
#3503 = VERTEX_POINT('',#3504);
#3504 = CARTESIAN_POINT('',(-26.500451267,21.301814675,-85.99999553));
#3505 = SURFACE_CURVE('',#3506,(#3510,#3516),.PCURVE_S1.);
#3506 = LINE('',#3507,#3508);
#3507 = CARTESIAN_POINT('',(-26.500451267,19.301814675,-85.99999553));
#3508 = VECTOR('',#3509,1.);
#3509 = DIRECTION('',(0.,1.,0.));
#3510 = PCURVE('',#1134,#3511);
#3511 = DEFINITIONAL_REPRESENTATION('',(#3512),#3515);
#3512 = B_SPLINE_CURVE_WITH_KNOTS('',1,(#3513,#3514),.UNSPECIFIED.,.F.,
  .F.,(2,2),(0.,2.),.PIECEWISE_BEZIER_KNOTS.);
#3513 = CARTESIAN_POINT('',(0.,0.));
#3514 = CARTESIAN_POINT('',(8.,0.));
#3515 = ( GEOMETRIC_REPRESENTATION_CONTEXT(2)
PARAMETRIC_REPRESENTATION_CONTEXT() REPRESENTATION_CONTEXT('2D SPACE',''
  ) );
#3516 = PCURVE('',#3517,#3522);
#3517 = PLANE('',#3518);
#3518 = AXIS2_PLACEMENT_3D('',#3519,#3520,#3521);
#3519 = CARTESIAN_POINT('',(-28.500451267,19.301814675,-85.99999553));
#3520 = DIRECTION('',(0.,0.,-1.));
#3521 = DIRECTION('',(0.707106781187,0.707106781187,0.));
#3522 = DEFINITIONAL_REPRESENTATION('',(#3523),#3527);
#3523 = LINE('',#3524,#3525);
#3524 = CARTESIAN_POINT('',(1.414213562373,1.414213562373));
#3525 = VECTOR('',#3526,1.);
#3526 = DIRECTION('',(0.707106781187,-0.707106781187));
#3527 = ( GEOMETRIC_REPRESENTATION_CONTEXT(2)
PARAMETRIC_REPRESENTATION_CONTEXT() REPRESENTATION_CONTEXT('2D SPACE',''
  ) );
#3528 = ORIENTED_EDGE('',*,*,#3529,.T.);
#3529 = EDGE_CURVE('',#3503,#1119,#3530,.T.);
#3530 = SURFACE_CURVE('',#3531,(#3534,#3541),.PCURVE_S1.);
#3531 = B_SPLINE_CURVE_WITH_KNOTS('',1,(#3532,#3533),.UNSPECIFIED.,.F.,
  .F.,(2,2),(0.,1.),.PIECEWISE_BEZIER_KNOTS.);
#3532 = CARTESIAN_POINT('',(-26.500451267,21.301814675,-85.99999553));
#3533 = CARTESIAN_POINT('',(-23.500451267,24.301814675,-82.94999553));
#3534 = PCURVE('',#1134,#3535);
#3535 = DEFINITIONAL_REPRESENTATION('',(#3536),#3540);
#3536 = LINE('',#3537,#3538);
#3537 = CARTESIAN_POINT('',(8.,0.));
#3538 = VECTOR('',#3539,1.);
#3539 = DIRECTION('',(0.,1.));
#3540 = ( GEOMETRIC_REPRESENTATION_CONTEXT(2)
PARAMETRIC_REPRESENTATION_CONTEXT() REPRESENTATION_CONTEXT('2D SPACE',''
  ) );
#3541 = PCURVE('',#1207,#3542);
#3542 = DEFINITIONAL_REPRESENTATION('',(#3543),#3547);
#3543 = LINE('',#3544,#3545);
#3544 = CARTESIAN_POINT('',(0.,0.));
#3545 = VECTOR('',#3546,1.);
#3546 = DIRECTION('',(0.,1.));
#3547 = ( GEOMETRIC_REPRESENTATION_CONTEXT(2)
PARAMETRIC_REPRESENTATION_CONTEXT() REPRESENTATION_CONTEXT('2D SPACE',''
  ) );
#3548 = ORIENTED_EDGE('',*,*,#1118,.T.);
#3549 = ADVANCED_FACE('',(#3550),#1207,.T.);
#3550 = FACE_BOUND('',#3551,.T.);
#3551 = EDGE_LOOP('',(#3552,#3553,#3575,#3595));
#3552 = ORIENTED_EDGE('',*,*,#3529,.F.);
#3553 = ORIENTED_EDGE('',*,*,#3554,.T.);
#3554 = EDGE_CURVE('',#3503,#3555,#3557,.T.);
#3555 = VERTEX_POINT('',#3556);
#3556 = CARTESIAN_POINT('',(-28.500451267,21.301814675,-85.99999553));
#3557 = SURFACE_CURVE('',#3558,(#3562,#3568),.PCURVE_S1.);
#3558 = LINE('',#3559,#3560);
#3559 = CARTESIAN_POINT('',(-26.500451267,21.301814675,-85.99999553));
#3560 = VECTOR('',#3561,1.);
#3561 = DIRECTION('',(-1.,0.,0.));
#3562 = PCURVE('',#1207,#3563);
#3563 = DEFINITIONAL_REPRESENTATION('',(#3564),#3567);
#3564 = B_SPLINE_CURVE_WITH_KNOTS('',1,(#3565,#3566),.UNSPECIFIED.,.F.,
  .F.,(2,2),(0.,2.),.PIECEWISE_BEZIER_KNOTS.);
#3565 = CARTESIAN_POINT('',(0.,0.));
#3566 = CARTESIAN_POINT('',(8.,0.));
#3567 = ( GEOMETRIC_REPRESENTATION_CONTEXT(2)
PARAMETRIC_REPRESENTATION_CONTEXT() REPRESENTATION_CONTEXT('2D SPACE',''
  ) );
#3568 = PCURVE('',#3517,#3569);
#3569 = DEFINITIONAL_REPRESENTATION('',(#3570),#3574);
#3570 = LINE('',#3571,#3572);
#3571 = CARTESIAN_POINT('',(2.828427124746,0.));
#3572 = VECTOR('',#3573,1.);
#3573 = DIRECTION('',(-0.707106781187,-0.707106781187));
#3574 = ( GEOMETRIC_REPRESENTATION_CONTEXT(2)
PARAMETRIC_REPRESENTATION_CONTEXT() REPRESENTATION_CONTEXT('2D SPACE',''
  ) );
#3575 = ORIENTED_EDGE('',*,*,#3576,.T.);
#3576 = EDGE_CURVE('',#3555,#1171,#3577,.T.);
#3577 = SURFACE_CURVE('',#3578,(#3581,#3588),.PCURVE_S1.);
#3578 = B_SPLINE_CURVE_WITH_KNOTS('',1,(#3579,#3580),.UNSPECIFIED.,.F.,
  .F.,(2,2),(0.,1.),.PIECEWISE_BEZIER_KNOTS.);
#3579 = CARTESIAN_POINT('',(-28.500451267,21.301814675,-85.99999553));
#3580 = CARTESIAN_POINT('',(-31.500451267,24.301814675,-82.94999553));
#3581 = PCURVE('',#1207,#3582);
#3582 = DEFINITIONAL_REPRESENTATION('',(#3583),#3587);
#3583 = LINE('',#3584,#3585);
#3584 = CARTESIAN_POINT('',(8.,0.));
#3585 = VECTOR('',#3586,1.);
#3586 = DIRECTION('',(0.,1.));
#3587 = ( GEOMETRIC_REPRESENTATION_CONTEXT(2)
PARAMETRIC_REPRESENTATION_CONTEXT() REPRESENTATION_CONTEXT('2D SPACE',''
  ) );
#3588 = PCURVE('',#1184,#3589);
#3589 = DEFINITIONAL_REPRESENTATION('',(#3590),#3594);
#3590 = LINE('',#3591,#3592);
#3591 = CARTESIAN_POINT('',(0.,0.));
#3592 = VECTOR('',#3593,1.);
#3593 = DIRECTION('',(0.,1.));
#3594 = ( GEOMETRIC_REPRESENTATION_CONTEXT(2)
PARAMETRIC_REPRESENTATION_CONTEXT() REPRESENTATION_CONTEXT('2D SPACE',''
  ) );
#3595 = ORIENTED_EDGE('',*,*,#1195,.T.);
#3596 = ADVANCED_FACE('',(#3597),#1159,.T.);
#3597 = FACE_BOUND('',#3598,.T.);
#3598 = EDGE_LOOP('',(#3599,#3621,#3641,#3642));
#3599 = ORIENTED_EDGE('',*,*,#3600,.F.);
#3600 = EDGE_CURVE('',#3601,#1146,#3603,.T.);
#3601 = VERTEX_POINT('',#3602);
#3602 = CARTESIAN_POINT('',(-28.500451267,19.301814675,-85.99999553));
#3603 = SURFACE_CURVE('',#3604,(#3607,#3614),.PCURVE_S1.);
#3604 = B_SPLINE_CURVE_WITH_KNOTS('',1,(#3605,#3606),.UNSPECIFIED.,.F.,
  .F.,(2,2),(0.,1.),.PIECEWISE_BEZIER_KNOTS.);
#3605 = CARTESIAN_POINT('',(-28.500451267,19.301814675,-85.99999553));
#3606 = CARTESIAN_POINT('',(-31.500451267,16.301814675,-82.94999553));
#3607 = PCURVE('',#1159,#3608);
#3608 = DEFINITIONAL_REPRESENTATION('',(#3609),#3613);
#3609 = LINE('',#3610,#3611);
#3610 = CARTESIAN_POINT('',(0.,0.));
#3611 = VECTOR('',#3612,1.);
#3612 = DIRECTION('',(0.,1.));
#3613 = ( GEOMETRIC_REPRESENTATION_CONTEXT(2)
PARAMETRIC_REPRESENTATION_CONTEXT() REPRESENTATION_CONTEXT('2D SPACE',''
  ) );
#3614 = PCURVE('',#1184,#3615);
#3615 = DEFINITIONAL_REPRESENTATION('',(#3616),#3620);
#3616 = LINE('',#3617,#3618);
#3617 = CARTESIAN_POINT('',(8.,0.));
#3618 = VECTOR('',#3619,1.);
#3619 = DIRECTION('',(0.,1.));
#3620 = ( GEOMETRIC_REPRESENTATION_CONTEXT(2)
PARAMETRIC_REPRESENTATION_CONTEXT() REPRESENTATION_CONTEXT('2D SPACE',''
  ) );
#3621 = ORIENTED_EDGE('',*,*,#3622,.T.);
#3622 = EDGE_CURVE('',#3601,#3481,#3623,.T.);
#3623 = SURFACE_CURVE('',#3624,(#3628,#3634),.PCURVE_S1.);
#3624 = LINE('',#3625,#3626);
#3625 = CARTESIAN_POINT('',(-28.500451267,19.301814675,-85.99999553));
#3626 = VECTOR('',#3627,1.);
#3627 = DIRECTION('',(1.,0.,0.));
#3628 = PCURVE('',#1159,#3629);
#3629 = DEFINITIONAL_REPRESENTATION('',(#3630),#3633);
#3630 = B_SPLINE_CURVE_WITH_KNOTS('',1,(#3631,#3632),.UNSPECIFIED.,.F.,
  .F.,(2,2),(0.,2.),.PIECEWISE_BEZIER_KNOTS.);
#3631 = CARTESIAN_POINT('',(0.,0.));
#3632 = CARTESIAN_POINT('',(8.,0.));
#3633 = ( GEOMETRIC_REPRESENTATION_CONTEXT(2)
PARAMETRIC_REPRESENTATION_CONTEXT() REPRESENTATION_CONTEXT('2D SPACE',''
  ) );
#3634 = PCURVE('',#3517,#3635);
#3635 = DEFINITIONAL_REPRESENTATION('',(#3636),#3640);
#3636 = LINE('',#3637,#3638);
#3637 = CARTESIAN_POINT('',(0.,0.));
#3638 = VECTOR('',#3639,1.);
#3639 = DIRECTION('',(0.707106781187,0.707106781187));
#3640 = ( GEOMETRIC_REPRESENTATION_CONTEXT(2)
PARAMETRIC_REPRESENTATION_CONTEXT() REPRESENTATION_CONTEXT('2D SPACE',''
  ) );
#3641 = ORIENTED_EDGE('',*,*,#3480,.T.);
#3642 = ORIENTED_EDGE('',*,*,#1145,.T.);
#3643 = ADVANCED_FACE('',(#3644),#1184,.T.);
#3644 = FACE_BOUND('',#3645,.T.);
#3645 = EDGE_LOOP('',(#3646,#3647,#3667,#3668));
#3646 = ORIENTED_EDGE('',*,*,#3576,.F.);
#3647 = ORIENTED_EDGE('',*,*,#3648,.T.);
#3648 = EDGE_CURVE('',#3555,#3601,#3649,.T.);
#3649 = SURFACE_CURVE('',#3650,(#3654,#3660),.PCURVE_S1.);
#3650 = LINE('',#3651,#3652);
#3651 = CARTESIAN_POINT('',(-28.500451267,21.301814675,-85.99999553));
#3652 = VECTOR('',#3653,1.);
#3653 = DIRECTION('',(0.,-1.,0.));
#3654 = PCURVE('',#1184,#3655);
#3655 = DEFINITIONAL_REPRESENTATION('',(#3656),#3659);
#3656 = B_SPLINE_CURVE_WITH_KNOTS('',1,(#3657,#3658),.UNSPECIFIED.,.F.,
  .F.,(2,2),(0.,2.),.PIECEWISE_BEZIER_KNOTS.);
#3657 = CARTESIAN_POINT('',(0.,0.));
#3658 = CARTESIAN_POINT('',(8.,0.));
#3659 = ( GEOMETRIC_REPRESENTATION_CONTEXT(2)
PARAMETRIC_REPRESENTATION_CONTEXT() REPRESENTATION_CONTEXT('2D SPACE',''
  ) );
#3660 = PCURVE('',#3517,#3661);
#3661 = DEFINITIONAL_REPRESENTATION('',(#3662),#3666);
#3662 = LINE('',#3663,#3664);
#3663 = CARTESIAN_POINT('',(1.414213562373,-1.414213562373));
#3664 = VECTOR('',#3665,1.);
#3665 = DIRECTION('',(-0.707106781187,0.707106781187));
#3666 = ( GEOMETRIC_REPRESENTATION_CONTEXT(2)
PARAMETRIC_REPRESENTATION_CONTEXT() REPRESENTATION_CONTEXT('2D SPACE',''
  ) );
#3667 = ORIENTED_EDGE('',*,*,#3600,.T.);
#3668 = ORIENTED_EDGE('',*,*,#1170,.T.);
#3669 = ADVANCED_FACE('',(#3670),#1237,.F.);
#3670 = FACE_BOUND('',#3671,.F.);
#3671 = EDGE_LOOP('',(#3672,#3695,#3722,#3723));
#3672 = ORIENTED_EDGE('',*,*,#3673,.T.);
#3673 = EDGE_CURVE('',#1221,#3674,#3676,.T.);
#3674 = VERTEX_POINT('',#3675);
#3675 = CARTESIAN_POINT('',(1.7,-20.721210003,-81.79999553));
#3676 = SEAM_CURVE('',#3677,(#3681,#3688),.PCURVE_S1.);
#3677 = LINE('',#3678,#3679);
#3678 = CARTESIAN_POINT('',(1.7,-20.721210003,-83.04999553));
#3679 = VECTOR('',#3680,1.);
#3680 = DIRECTION('',(0.,0.,1.));
#3681 = PCURVE('',#1237,#3682);
#3682 = DEFINITIONAL_REPRESENTATION('',(#3683),#3687);
#3683 = LINE('',#3684,#3685);
#3684 = CARTESIAN_POINT('',(6.28318530718,-0.));
#3685 = VECTOR('',#3686,1.);
#3686 = DIRECTION('',(0.,1.));
#3687 = ( GEOMETRIC_REPRESENTATION_CONTEXT(2)
PARAMETRIC_REPRESENTATION_CONTEXT() REPRESENTATION_CONTEXT('2D SPACE',''
  ) );
#3688 = PCURVE('',#1237,#3689);
#3689 = DEFINITIONAL_REPRESENTATION('',(#3690),#3694);
#3690 = LINE('',#3691,#3692);
#3691 = CARTESIAN_POINT('',(0.,-0.));
#3692 = VECTOR('',#3693,1.);
#3693 = DIRECTION('',(0.,1.));
#3694 = ( GEOMETRIC_REPRESENTATION_CONTEXT(2)
PARAMETRIC_REPRESENTATION_CONTEXT() REPRESENTATION_CONTEXT('2D SPACE',''
  ) );
#3695 = ORIENTED_EDGE('',*,*,#3696,.F.);
#3696 = EDGE_CURVE('',#3674,#3674,#3697,.T.);
#3697 = SURFACE_CURVE('',#3698,(#3703,#3710),.PCURVE_S1.);
#3698 = CIRCLE('',#3699,1.7);
#3699 = AXIS2_PLACEMENT_3D('',#3700,#3701,#3702);
#3700 = CARTESIAN_POINT('',(0.,-20.721210003,-81.79999553));
#3701 = DIRECTION('',(0.,0.,1.));
#3702 = DIRECTION('',(1.,0.,-0.));
#3703 = PCURVE('',#1237,#3704);
#3704 = DEFINITIONAL_REPRESENTATION('',(#3705),#3709);
#3705 = LINE('',#3706,#3707);
#3706 = CARTESIAN_POINT('',(0.,1.25));
#3707 = VECTOR('',#3708,1.);
#3708 = DIRECTION('',(1.,0.));
#3709 = ( GEOMETRIC_REPRESENTATION_CONTEXT(2)
PARAMETRIC_REPRESENTATION_CONTEXT() REPRESENTATION_CONTEXT('2D SPACE',''
  ) );
#3710 = PCURVE('',#3711,#3716);
#3711 = PLANE('',#3712);
#3712 = AXIS2_PLACEMENT_3D('',#3713,#3714,#3715);
#3713 = CARTESIAN_POINT('',(0.,-20.721210003,-81.79999553));
#3714 = DIRECTION('',(0.,0.,1.));
#3715 = DIRECTION('',(1.,0.,-0.));
#3716 = DEFINITIONAL_REPRESENTATION('',(#3717),#3721);
#3717 = CIRCLE('',#3718,1.7);
#3718 = AXIS2_PLACEMENT_2D('',#3719,#3720);
#3719 = CARTESIAN_POINT('',(0.,0.));
#3720 = DIRECTION('',(1.,0.));
#3721 = ( GEOMETRIC_REPRESENTATION_CONTEXT(2)
PARAMETRIC_REPRESENTATION_CONTEXT() REPRESENTATION_CONTEXT('2D SPACE',''
  ) );
#3722 = ORIENTED_EDGE('',*,*,#3673,.F.);
#3723 = ORIENTED_EDGE('',*,*,#1220,.T.);
#3724 = ADVANCED_FACE('',(#3725),#1267,.T.);
#3725 = FACE_BOUND('',#3726,.T.);
#3726 = EDGE_LOOP('',(#3727,#3749,#3776,#3796));
#3727 = ORIENTED_EDGE('',*,*,#3728,.F.);
#3728 = EDGE_CURVE('',#3729,#1254,#3731,.T.);
#3729 = VERTEX_POINT('',#3730);
#3730 = CARTESIAN_POINT('',(28.500373036,19.301814675,-85.99999553));
#3731 = SURFACE_CURVE('',#3732,(#3735,#3742),.PCURVE_S1.);
#3732 = B_SPLINE_CURVE_WITH_KNOTS('',1,(#3733,#3734),.UNSPECIFIED.,.F.,
  .F.,(2,2),(0.,1.),.PIECEWISE_BEZIER_KNOTS.);
#3733 = CARTESIAN_POINT('',(28.500373036,19.301814675,-85.99999553));
#3734 = CARTESIAN_POINT('',(31.500373036,16.301814675,-82.94999553));
#3735 = PCURVE('',#1267,#3736);
#3736 = DEFINITIONAL_REPRESENTATION('',(#3737),#3741);
#3737 = LINE('',#3738,#3739);
#3738 = CARTESIAN_POINT('',(0.,0.));
#3739 = VECTOR('',#3740,1.);
#3740 = DIRECTION('',(0.,1.));
#3741 = ( GEOMETRIC_REPRESENTATION_CONTEXT(2)
PARAMETRIC_REPRESENTATION_CONTEXT() REPRESENTATION_CONTEXT('2D SPACE',''
  ) );
#3742 = PCURVE('',#1292,#3743);
#3743 = DEFINITIONAL_REPRESENTATION('',(#3744),#3748);
#3744 = LINE('',#3745,#3746);
#3745 = CARTESIAN_POINT('',(8.,0.));
#3746 = VECTOR('',#3747,1.);
#3747 = DIRECTION('',(0.,1.));
#3748 = ( GEOMETRIC_REPRESENTATION_CONTEXT(2)
PARAMETRIC_REPRESENTATION_CONTEXT() REPRESENTATION_CONTEXT('2D SPACE',''
  ) );
#3749 = ORIENTED_EDGE('',*,*,#3750,.T.);
#3750 = EDGE_CURVE('',#3729,#3751,#3753,.T.);
#3751 = VERTEX_POINT('',#3752);
#3752 = CARTESIAN_POINT('',(28.500373036,21.301814675,-85.99999553));
#3753 = SURFACE_CURVE('',#3754,(#3758,#3764),.PCURVE_S1.);
#3754 = LINE('',#3755,#3756);
#3755 = CARTESIAN_POINT('',(28.500373036,19.301814675,-85.99999553));
#3756 = VECTOR('',#3757,1.);
#3757 = DIRECTION('',(0.,1.,0.));
#3758 = PCURVE('',#1267,#3759);
#3759 = DEFINITIONAL_REPRESENTATION('',(#3760),#3763);
#3760 = B_SPLINE_CURVE_WITH_KNOTS('',1,(#3761,#3762),.UNSPECIFIED.,.F.,
  .F.,(2,2),(0.,2.),.PIECEWISE_BEZIER_KNOTS.);
#3761 = CARTESIAN_POINT('',(0.,0.));
#3762 = CARTESIAN_POINT('',(8.,0.));
#3763 = ( GEOMETRIC_REPRESENTATION_CONTEXT(2)
PARAMETRIC_REPRESENTATION_CONTEXT() REPRESENTATION_CONTEXT('2D SPACE',''
  ) );
#3764 = PCURVE('',#3765,#3770);
#3765 = PLANE('',#3766);
#3766 = AXIS2_PLACEMENT_3D('',#3767,#3768,#3769);
#3767 = CARTESIAN_POINT('',(26.500373036,19.301814675,-85.99999553));
#3768 = DIRECTION('',(0.,0.,-1.));
#3769 = DIRECTION('',(0.707106781187,0.707106781187,0.));
#3770 = DEFINITIONAL_REPRESENTATION('',(#3771),#3775);
#3771 = LINE('',#3772,#3773);
#3772 = CARTESIAN_POINT('',(1.414213562373,1.414213562373));
#3773 = VECTOR('',#3774,1.);
#3774 = DIRECTION('',(0.707106781187,-0.707106781187));
#3775 = ( GEOMETRIC_REPRESENTATION_CONTEXT(2)
PARAMETRIC_REPRESENTATION_CONTEXT() REPRESENTATION_CONTEXT('2D SPACE',''
  ) );
#3776 = ORIENTED_EDGE('',*,*,#3777,.T.);
#3777 = EDGE_CURVE('',#3751,#1252,#3778,.T.);
#3778 = SURFACE_CURVE('',#3779,(#3782,#3789),.PCURVE_S1.);
#3779 = B_SPLINE_CURVE_WITH_KNOTS('',1,(#3780,#3781),.UNSPECIFIED.,.F.,
  .F.,(2,2),(0.,1.),.PIECEWISE_BEZIER_KNOTS.);
#3780 = CARTESIAN_POINT('',(28.500373036,21.301814675,-85.99999553));
#3781 = CARTESIAN_POINT('',(31.500373036,24.301814675,-82.94999553));
#3782 = PCURVE('',#1267,#3783);
#3783 = DEFINITIONAL_REPRESENTATION('',(#3784),#3788);
#3784 = LINE('',#3785,#3786);
#3785 = CARTESIAN_POINT('',(8.,0.));
#3786 = VECTOR('',#3787,1.);
#3787 = DIRECTION('',(0.,1.));
#3788 = ( GEOMETRIC_REPRESENTATION_CONTEXT(2)
PARAMETRIC_REPRESENTATION_CONTEXT() REPRESENTATION_CONTEXT('2D SPACE',''
  ) );
#3789 = PCURVE('',#1340,#3790);
#3790 = DEFINITIONAL_REPRESENTATION('',(#3791),#3795);
#3791 = LINE('',#3792,#3793);
#3792 = CARTESIAN_POINT('',(0.,0.));
#3793 = VECTOR('',#3794,1.);
#3794 = DIRECTION('',(0.,1.));
#3795 = ( GEOMETRIC_REPRESENTATION_CONTEXT(2)
PARAMETRIC_REPRESENTATION_CONTEXT() REPRESENTATION_CONTEXT('2D SPACE',''
  ) );
#3796 = ORIENTED_EDGE('',*,*,#1251,.T.);
#3797 = ADVANCED_FACE('',(#3798),#1340,.T.);
#3798 = FACE_BOUND('',#3799,.T.);
#3799 = EDGE_LOOP('',(#3800,#3801,#3823,#3843));
#3800 = ORIENTED_EDGE('',*,*,#3777,.F.);
#3801 = ORIENTED_EDGE('',*,*,#3802,.T.);
#3802 = EDGE_CURVE('',#3751,#3803,#3805,.T.);
#3803 = VERTEX_POINT('',#3804);
#3804 = CARTESIAN_POINT('',(26.500373036,21.301814675,-85.99999553));
#3805 = SURFACE_CURVE('',#3806,(#3810,#3816),.PCURVE_S1.);
#3806 = LINE('',#3807,#3808);
#3807 = CARTESIAN_POINT('',(28.500373036,21.301814675,-85.99999553));
#3808 = VECTOR('',#3809,1.);
#3809 = DIRECTION('',(-1.,0.,0.));
#3810 = PCURVE('',#1340,#3811);
#3811 = DEFINITIONAL_REPRESENTATION('',(#3812),#3815);
#3812 = B_SPLINE_CURVE_WITH_KNOTS('',1,(#3813,#3814),.UNSPECIFIED.,.F.,
  .F.,(2,2),(0.,2.),.PIECEWISE_BEZIER_KNOTS.);
#3813 = CARTESIAN_POINT('',(0.,0.));
#3814 = CARTESIAN_POINT('',(8.,0.));
#3815 = ( GEOMETRIC_REPRESENTATION_CONTEXT(2)
PARAMETRIC_REPRESENTATION_CONTEXT() REPRESENTATION_CONTEXT('2D SPACE',''
  ) );
#3816 = PCURVE('',#3765,#3817);
#3817 = DEFINITIONAL_REPRESENTATION('',(#3818),#3822);
#3818 = LINE('',#3819,#3820);
#3819 = CARTESIAN_POINT('',(2.828427124746,0.));
#3820 = VECTOR('',#3821,1.);
#3821 = DIRECTION('',(-0.707106781187,-0.707106781187));
#3822 = ( GEOMETRIC_REPRESENTATION_CONTEXT(2)
PARAMETRIC_REPRESENTATION_CONTEXT() REPRESENTATION_CONTEXT('2D SPACE',''
  ) );
#3823 = ORIENTED_EDGE('',*,*,#3824,.T.);
#3824 = EDGE_CURVE('',#3803,#1304,#3825,.T.);
#3825 = SURFACE_CURVE('',#3826,(#3829,#3836),.PCURVE_S1.);
#3826 = B_SPLINE_CURVE_WITH_KNOTS('',1,(#3827,#3828),.UNSPECIFIED.,.F.,
  .F.,(2,2),(0.,1.),.PIECEWISE_BEZIER_KNOTS.);
#3827 = CARTESIAN_POINT('',(26.500373036,21.301814675,-85.99999553));
#3828 = CARTESIAN_POINT('',(23.500373036,24.301814675,-82.94999553));
#3829 = PCURVE('',#1340,#3830);
#3830 = DEFINITIONAL_REPRESENTATION('',(#3831),#3835);
#3831 = LINE('',#3832,#3833);
#3832 = CARTESIAN_POINT('',(8.,0.));
#3833 = VECTOR('',#3834,1.);
#3834 = DIRECTION('',(0.,1.));
#3835 = ( GEOMETRIC_REPRESENTATION_CONTEXT(2)
PARAMETRIC_REPRESENTATION_CONTEXT() REPRESENTATION_CONTEXT('2D SPACE',''
  ) );
#3836 = PCURVE('',#1317,#3837);
#3837 = DEFINITIONAL_REPRESENTATION('',(#3838),#3842);
#3838 = LINE('',#3839,#3840);
#3839 = CARTESIAN_POINT('',(0.,0.));
#3840 = VECTOR('',#3841,1.);
#3841 = DIRECTION('',(0.,1.));
#3842 = ( GEOMETRIC_REPRESENTATION_CONTEXT(2)
PARAMETRIC_REPRESENTATION_CONTEXT() REPRESENTATION_CONTEXT('2D SPACE',''
  ) );
#3843 = ORIENTED_EDGE('',*,*,#1328,.T.);
#3844 = ADVANCED_FACE('',(#3845),#1292,.T.);
#3845 = FACE_BOUND('',#3846,.T.);
#3846 = EDGE_LOOP('',(#3847,#3869,#3889,#3890));
#3847 = ORIENTED_EDGE('',*,*,#3848,.F.);
#3848 = EDGE_CURVE('',#3849,#1279,#3851,.T.);
#3849 = VERTEX_POINT('',#3850);
#3850 = CARTESIAN_POINT('',(26.500373036,19.301814675,-85.99999553));
#3851 = SURFACE_CURVE('',#3852,(#3855,#3862),.PCURVE_S1.);
#3852 = B_SPLINE_CURVE_WITH_KNOTS('',1,(#3853,#3854),.UNSPECIFIED.,.F.,
  .F.,(2,2),(0.,1.),.PIECEWISE_BEZIER_KNOTS.);
#3853 = CARTESIAN_POINT('',(26.500373036,19.301814675,-85.99999553));
#3854 = CARTESIAN_POINT('',(23.500373036,16.301814675,-82.94999553));
#3855 = PCURVE('',#1292,#3856);
#3856 = DEFINITIONAL_REPRESENTATION('',(#3857),#3861);
#3857 = LINE('',#3858,#3859);
#3858 = CARTESIAN_POINT('',(0.,0.));
#3859 = VECTOR('',#3860,1.);
#3860 = DIRECTION('',(0.,1.));
#3861 = ( GEOMETRIC_REPRESENTATION_CONTEXT(2)
PARAMETRIC_REPRESENTATION_CONTEXT() REPRESENTATION_CONTEXT('2D SPACE',''
  ) );
#3862 = PCURVE('',#1317,#3863);
#3863 = DEFINITIONAL_REPRESENTATION('',(#3864),#3868);
#3864 = LINE('',#3865,#3866);
#3865 = CARTESIAN_POINT('',(8.,0.));
#3866 = VECTOR('',#3867,1.);
#3867 = DIRECTION('',(0.,1.));
#3868 = ( GEOMETRIC_REPRESENTATION_CONTEXT(2)
PARAMETRIC_REPRESENTATION_CONTEXT() REPRESENTATION_CONTEXT('2D SPACE',''
  ) );
#3869 = ORIENTED_EDGE('',*,*,#3870,.T.);
#3870 = EDGE_CURVE('',#3849,#3729,#3871,.T.);
#3871 = SURFACE_CURVE('',#3872,(#3876,#3882),.PCURVE_S1.);
#3872 = LINE('',#3873,#3874);
#3873 = CARTESIAN_POINT('',(26.500373036,19.301814675,-85.99999553));
#3874 = VECTOR('',#3875,1.);
#3875 = DIRECTION('',(1.,0.,0.));
#3876 = PCURVE('',#1292,#3877);
#3877 = DEFINITIONAL_REPRESENTATION('',(#3878),#3881);
#3878 = B_SPLINE_CURVE_WITH_KNOTS('',1,(#3879,#3880),.UNSPECIFIED.,.F.,
  .F.,(2,2),(0.,2.),.PIECEWISE_BEZIER_KNOTS.);
#3879 = CARTESIAN_POINT('',(0.,0.));
#3880 = CARTESIAN_POINT('',(8.,0.));
#3881 = ( GEOMETRIC_REPRESENTATION_CONTEXT(2)
PARAMETRIC_REPRESENTATION_CONTEXT() REPRESENTATION_CONTEXT('2D SPACE',''
  ) );
#3882 = PCURVE('',#3765,#3883);
#3883 = DEFINITIONAL_REPRESENTATION('',(#3884),#3888);
#3884 = LINE('',#3885,#3886);
#3885 = CARTESIAN_POINT('',(0.,0.));
#3886 = VECTOR('',#3887,1.);
#3887 = DIRECTION('',(0.707106781187,0.707106781187));
#3888 = ( GEOMETRIC_REPRESENTATION_CONTEXT(2)
PARAMETRIC_REPRESENTATION_CONTEXT() REPRESENTATION_CONTEXT('2D SPACE',''
  ) );
#3889 = ORIENTED_EDGE('',*,*,#3728,.T.);
#3890 = ORIENTED_EDGE('',*,*,#1278,.T.);
#3891 = ADVANCED_FACE('',(#3892),#1317,.T.);
#3892 = FACE_BOUND('',#3893,.T.);
#3893 = EDGE_LOOP('',(#3894,#3895,#3915,#3916));
#3894 = ORIENTED_EDGE('',*,*,#3824,.F.);
#3895 = ORIENTED_EDGE('',*,*,#3896,.T.);
#3896 = EDGE_CURVE('',#3803,#3849,#3897,.T.);
#3897 = SURFACE_CURVE('',#3898,(#3902,#3908),.PCURVE_S1.);
#3898 = LINE('',#3899,#3900);
#3899 = CARTESIAN_POINT('',(26.500373036,21.301814675,-85.99999553));
#3900 = VECTOR('',#3901,1.);
#3901 = DIRECTION('',(0.,-1.,0.));
#3902 = PCURVE('',#1317,#3903);
#3903 = DEFINITIONAL_REPRESENTATION('',(#3904),#3907);
#3904 = B_SPLINE_CURVE_WITH_KNOTS('',1,(#3905,#3906),.UNSPECIFIED.,.F.,
  .F.,(2,2),(0.,2.),.PIECEWISE_BEZIER_KNOTS.);
#3905 = CARTESIAN_POINT('',(0.,0.));
#3906 = CARTESIAN_POINT('',(8.,0.));
#3907 = ( GEOMETRIC_REPRESENTATION_CONTEXT(2)
PARAMETRIC_REPRESENTATION_CONTEXT() REPRESENTATION_CONTEXT('2D SPACE',''
  ) );
#3908 = PCURVE('',#3765,#3909);
#3909 = DEFINITIONAL_REPRESENTATION('',(#3910),#3914);
#3910 = LINE('',#3911,#3912);
#3911 = CARTESIAN_POINT('',(1.414213562373,-1.414213562373));
#3912 = VECTOR('',#3913,1.);
#3913 = DIRECTION('',(-0.707106781187,0.707106781187));
#3914 = ( GEOMETRIC_REPRESENTATION_CONTEXT(2)
PARAMETRIC_REPRESENTATION_CONTEXT() REPRESENTATION_CONTEXT('2D SPACE',''
  ) );
#3915 = ORIENTED_EDGE('',*,*,#3848,.T.);
#3916 = ORIENTED_EDGE('',*,*,#1303,.T.);
#3917 = ADVANCED_FACE('',(#3918),#1471,.F.);
#3918 = FACE_BOUND('',#3919,.F.);
#3919 = EDGE_LOOP('',(#3920,#3940,#3941,#3942,#3943,#3944,#3972));
#3920 = ORIENTED_EDGE('',*,*,#3921,.F.);
#3921 = EDGE_CURVE('',#1451,#3922,#3924,.T.);
#3922 = VERTEX_POINT('',#3923);
#3923 = CARTESIAN_POINT('',(35.550373036,14.3,-8.));
#3924 = SEAM_CURVE('',#3925,(#3928,#3934),.PCURVE_S1.);
#3925 = B_SPLINE_CURVE_WITH_KNOTS('',1,(#3926,#3927),.UNSPECIFIED.,.F.,
  .F.,(2,2),(0.,1.),.PIECEWISE_BEZIER_KNOTS.);
#3926 = CARTESIAN_POINT('',(41.550373036,20.3,-8.));
#3927 = CARTESIAN_POINT('',(35.550373036,14.3,-8.));
#3928 = PCURVE('',#1471,#3929);
#3929 = DEFINITIONAL_REPRESENTATION('',(#3930),#3933);
#3930 = B_SPLINE_CURVE_WITH_KNOTS('',1,(#3931,#3932),.UNSPECIFIED.,.F.,
  .F.,(2,2),(0.,1.),.PIECEWISE_BEZIER_KNOTS.);
#3931 = CARTESIAN_POINT('',(0.,0.));
#3932 = CARTESIAN_POINT('',(0.,-6.));
#3933 = ( GEOMETRIC_REPRESENTATION_CONTEXT(2)
PARAMETRIC_REPRESENTATION_CONTEXT() REPRESENTATION_CONTEXT('2D SPACE',''
  ) );
#3934 = PCURVE('',#1471,#3935);
#3935 = DEFINITIONAL_REPRESENTATION('',(#3936),#3939);
#3936 = B_SPLINE_CURVE_WITH_KNOTS('',1,(#3937,#3938),.UNSPECIFIED.,.F.,
  .F.,(2,2),(0.,1.),.PIECEWISE_BEZIER_KNOTS.);
#3937 = CARTESIAN_POINT('',(-6.28318530718,0.));
#3938 = CARTESIAN_POINT('',(-6.28318530718,-6.));
#3939 = ( GEOMETRIC_REPRESENTATION_CONTEXT(2)
PARAMETRIC_REPRESENTATION_CONTEXT() REPRESENTATION_CONTEXT('2D SPACE',''
  ) );
#3940 = ORIENTED_EDGE('',*,*,#1483,.T.);
#3941 = ORIENTED_EDGE('',*,*,#1601,.T.);
#3942 = ORIENTED_EDGE('',*,*,#1450,.T.);
#3943 = ORIENTED_EDGE('',*,*,#3921,.T.);
#3944 = ORIENTED_EDGE('',*,*,#3945,.F.);
#3945 = EDGE_CURVE('',#3946,#3922,#3948,.T.);
#3946 = VERTEX_POINT('',#3947);
#3947 = CARTESIAN_POINT('',(35.550373036,3.502489845561E-15,-22.3));
#3948 = SURFACE_CURVE('',#3949,(#3954,#3961),.PCURVE_S1.);
#3949 = CIRCLE('',#3950,14.3);
#3950 = AXIS2_PLACEMENT_3D('',#3951,#3952,#3953);
#3951 = CARTESIAN_POINT('',(35.550373036,0.,-8.));
#3952 = DIRECTION('',(-1.,0.,0.));
#3953 = DIRECTION('',(0.,1.,0.));
#3954 = PCURVE('',#1471,#3955);
#3955 = DEFINITIONAL_REPRESENTATION('',(#3956),#3960);
#3956 = LINE('',#3957,#3958);
#3957 = CARTESIAN_POINT('',(-0.,-6.));
#3958 = VECTOR('',#3959,1.);
#3959 = DIRECTION('',(-1.,-0.));
#3960 = ( GEOMETRIC_REPRESENTATION_CONTEXT(2)
PARAMETRIC_REPRESENTATION_CONTEXT() REPRESENTATION_CONTEXT('2D SPACE',''
  ) );
#3961 = PCURVE('',#3962,#3967);
#3962 = CYLINDRICAL_SURFACE('',#3963,14.3);
#3963 = AXIS2_PLACEMENT_3D('',#3964,#3965,#3966);
#3964 = CARTESIAN_POINT('',(35.550373036,0.,-8.));
#3965 = DIRECTION('',(-1.,0.,0.));
#3966 = DIRECTION('',(0.,0.,-1.));
#3967 = DEFINITIONAL_REPRESENTATION('',(#3968),#3971);
#3968 = B_SPLINE_CURVE_WITH_KNOTS('',1,(#3969,#3970),.UNSPECIFIED.,.F.,
  .F.,(2,2),(1.570796326795,6.28318530718),.PIECEWISE_BEZIER_KNOTS.);
#3969 = CARTESIAN_POINT('',(0.,0.));
#3970 = CARTESIAN_POINT('',(4.712388980385,0.));
#3971 = ( GEOMETRIC_REPRESENTATION_CONTEXT(2)
PARAMETRIC_REPRESENTATION_CONTEXT() REPRESENTATION_CONTEXT('2D SPACE',''
  ) );
#3972 = ORIENTED_EDGE('',*,*,#3973,.F.);
#3973 = EDGE_CURVE('',#3922,#3946,#3974,.T.);
#3974 = SURFACE_CURVE('',#3975,(#3980,#3987),.PCURVE_S1.);
#3975 = CIRCLE('',#3976,14.3);
#3976 = AXIS2_PLACEMENT_3D('',#3977,#3978,#3979);
#3977 = CARTESIAN_POINT('',(35.550373036,0.,-8.));
#3978 = DIRECTION('',(-1.,0.,0.));
#3979 = DIRECTION('',(0.,1.,0.));
#3980 = PCURVE('',#1471,#3981);
#3981 = DEFINITIONAL_REPRESENTATION('',(#3982),#3986);
#3982 = LINE('',#3983,#3984);
#3983 = CARTESIAN_POINT('',(-0.,-6.));
#3984 = VECTOR('',#3985,1.);
#3985 = DIRECTION('',(-1.,-0.));
#3986 = ( GEOMETRIC_REPRESENTATION_CONTEXT(2)
PARAMETRIC_REPRESENTATION_CONTEXT() REPRESENTATION_CONTEXT('2D SPACE',''
  ) );
#3987 = PCURVE('',#3962,#3988);
#3988 = DEFINITIONAL_REPRESENTATION('',(#3989),#3992);
#3989 = B_SPLINE_CURVE_WITH_KNOTS('',1,(#3990,#3991),.UNSPECIFIED.,.F.,
  .F.,(2,2),(0.,1.570796326795),.PIECEWISE_BEZIER_KNOTS.);
#3990 = CARTESIAN_POINT('',(4.712388980385,0.));
#3991 = CARTESIAN_POINT('',(6.28318530718,0.));
#3992 = ( GEOMETRIC_REPRESENTATION_CONTEXT(2)
PARAMETRIC_REPRESENTATION_CONTEXT() REPRESENTATION_CONTEXT('2D SPACE',''
  ) );
#3993 = ADVANCED_FACE('',(#3994,#4020),#1570,.F.);
#3994 = FACE_BOUND('',#3995,.F.);
#3995 = EDGE_LOOP('',(#3996,#3997,#3998,#3999));
#3996 = ORIENTED_EDGE('',*,*,#1893,.F.);
#3997 = ORIENTED_EDGE('',*,*,#1555,.T.);
#3998 = ORIENTED_EDGE('',*,*,#3069,.T.);
#3999 = ORIENTED_EDGE('',*,*,#4000,.T.);
#4000 = EDGE_CURVE('',#3046,#1873,#4001,.T.);
#4001 = SURFACE_CURVE('',#4002,(#4006,#4013),.PCURVE_S1.);
#4002 = LINE('',#4003,#4004);
#4003 = CARTESIAN_POINT('',(33.500373036,-81.794234681,-72.99999553));
#4004 = VECTOR('',#4005,1.);
#4005 = DIRECTION('',(0.,1.,0.));
#4006 = PCURVE('',#1570,#4007);
#4007 = DEFINITIONAL_REPRESENTATION('',(#4008),#4012);
#4008 = LINE('',#4009,#4010);
#4009 = CARTESIAN_POINT('',(2.,0.));
#4010 = VECTOR('',#4011,1.);
#4011 = DIRECTION('',(0.,-1.));
#4012 = ( GEOMETRIC_REPRESENTATION_CONTEXT(2)
PARAMETRIC_REPRESENTATION_CONTEXT() REPRESENTATION_CONTEXT('2D SPACE',''
  ) );
#4013 = PCURVE('',#1955,#4014);
#4014 = DEFINITIONAL_REPRESENTATION('',(#4015),#4019);
#4015 = LINE('',#4016,#4017);
#4016 = CARTESIAN_POINT('',(0.,0.));
#4017 = VECTOR('',#4018,1.);
#4018 = DIRECTION('',(0.,1.));
#4019 = ( GEOMETRIC_REPRESENTATION_CONTEXT(2)
PARAMETRIC_REPRESENTATION_CONTEXT() REPRESENTATION_CONTEXT('2D SPACE',''
  ) );
#4020 = FACE_BOUND('',#4021,.F.);
#4021 = EDGE_LOOP('',(#4022));
#4022 = ORIENTED_EDGE('',*,*,#4023,.T.);
#4023 = EDGE_CURVE('',#4024,#4024,#4026,.T.);
#4024 = VERTEX_POINT('',#4025);
#4025 = CARTESIAN_POINT('',(33.500373036,1.102182119233E-15,-4.5));
#4026 = SURFACE_CURVE('',#4027,(#4032,#4043),.PCURVE_S1.);
#4027 = CIRCLE('',#4028,4.5);
#4028 = AXIS2_PLACEMENT_3D('',#4029,#4030,#4031);
#4029 = CARTESIAN_POINT('',(33.500373036,0.,0.));
#4030 = DIRECTION('',(-1.,0.,0.));
#4031 = DIRECTION('',(0.,0.,-1.));
#4032 = PCURVE('',#1570,#4033);
#4033 = DEFINITIONAL_REPRESENTATION('',(#4034),#4042);
#4034 = ( BOUNDED_CURVE() B_SPLINE_CURVE(2,(#4035,#4036,#4037,#4038,
#4039,#4040,#4041),.UNSPECIFIED.,.T.,.F.) B_SPLINE_CURVE_WITH_KNOTS((1,2
    ,2,2,2,1),(-2.094395102393,0.,2.094395102393,4.188790204786,
6.28318530718,8.377580409573),.UNSPECIFIED.) CURVE()
GEOMETRIC_REPRESENTATION_ITEM() RATIONAL_B_SPLINE_CURVE((1.,0.5,1.,0.5,
1.,0.5,1.)) REPRESENTATION_ITEM('') );
#4035 = CARTESIAN_POINT('',(70.49999553,-81.794234681));
#4036 = CARTESIAN_POINT('',(70.49999553,-74.00000604694));
#4037 = CARTESIAN_POINT('',(77.24999553,-77.89712036397));
#4038 = CARTESIAN_POINT('',(83.99999553,-81.794234681));
#4039 = CARTESIAN_POINT('',(77.24999553,-85.69134899803));
#4040 = CARTESIAN_POINT('',(70.49999553,-89.58846331506));
#4041 = CARTESIAN_POINT('',(70.49999553,-81.794234681));
#4042 = ( GEOMETRIC_REPRESENTATION_CONTEXT(2)
PARAMETRIC_REPRESENTATION_CONTEXT() REPRESENTATION_CONTEXT('2D SPACE',''
  ) );
#4043 = PCURVE('',#4044,#4049);
#4044 = CONICAL_SURFACE('',#4045,4.5,0.484423988651);
#4045 = AXIS2_PLACEMENT_3D('',#4046,#4047,#4048);
#4046 = CARTESIAN_POINT('',(33.500373036,0.,0.));
#4047 = DIRECTION('',(1.,-0.,-0.));
#4048 = DIRECTION('',(0.,0.,-1.));
#4049 = DEFINITIONAL_REPRESENTATION('',(#4050),#4053);
#4050 = B_SPLINE_CURVE_WITH_KNOTS('',1,(#4051,#4052),.UNSPECIFIED.,.F.,
  .F.,(2,2),(0.,6.28318530718),.PIECEWISE_BEZIER_KNOTS.);
#4051 = CARTESIAN_POINT('',(0.,0.));
#4052 = CARTESIAN_POINT('',(-6.28318530718,0.));
#4053 = ( GEOMETRIC_REPRESENTATION_CONTEXT(2)
PARAMETRIC_REPRESENTATION_CONTEXT() REPRESENTATION_CONTEXT('2D SPACE',''
  ) );
#4054 = ADVANCED_FACE('',(#4055),#1646,.T.);
#4055 = FACE_BOUND('',#4056,.T.);
#4056 = EDGE_LOOP('',(#4057,#4079,#4080,#4102));
#4057 = ORIENTED_EDGE('',*,*,#4058,.F.);
#4058 = EDGE_CURVE('',#1633,#4059,#4061,.T.);
#4059 = VERTEX_POINT('',#4060);
#4060 = CARTESIAN_POINT('',(38.500373036,-62.744234681,14.95));
#4061 = SURFACE_CURVE('',#4062,(#4065,#4072),.PCURVE_S1.);
#4062 = B_SPLINE_CURVE_WITH_KNOTS('',1,(#4063,#4064),.UNSPECIFIED.,.F.,
  .F.,(2,2),(0.,1.),.PIECEWISE_BEZIER_KNOTS.);
#4063 = CARTESIAN_POINT('',(41.500373036,-65.744234681,11.85));
#4064 = CARTESIAN_POINT('',(38.500373036,-62.744234681,14.95));
#4065 = PCURVE('',#1646,#4066);
#4066 = DEFINITIONAL_REPRESENTATION('',(#4067),#4071);
#4067 = LINE('',#4068,#4069);
#4068 = CARTESIAN_POINT('',(0.,0.));
#4069 = VECTOR('',#4070,1.);
#4070 = DIRECTION('',(0.,1.));
#4071 = ( GEOMETRIC_REPRESENTATION_CONTEXT(2)
PARAMETRIC_REPRESENTATION_CONTEXT() REPRESENTATION_CONTEXT('2D SPACE',''
  ) );
#4072 = PCURVE('',#1671,#4073);
#4073 = DEFINITIONAL_REPRESENTATION('',(#4074),#4078);
#4074 = LINE('',#4075,#4076);
#4075 = CARTESIAN_POINT('',(8.,0.));
#4076 = VECTOR('',#4077,1.);
#4077 = DIRECTION('',(0.,1.));
#4078 = ( GEOMETRIC_REPRESENTATION_CONTEXT(2)
PARAMETRIC_REPRESENTATION_CONTEXT() REPRESENTATION_CONTEXT('2D SPACE',''
  ) );
#4079 = ORIENTED_EDGE('',*,*,#1630,.F.);
#4080 = ORIENTED_EDGE('',*,*,#4081,.T.);
#4081 = EDGE_CURVE('',#1631,#4082,#4084,.T.);
#4082 = VERTEX_POINT('',#4083);
#4083 = CARTESIAN_POINT('',(38.500373036,-60.744234681,14.95));
#4084 = SURFACE_CURVE('',#4085,(#4088,#4095),.PCURVE_S1.);
#4085 = B_SPLINE_CURVE_WITH_KNOTS('',1,(#4086,#4087),.UNSPECIFIED.,.F.,
  .F.,(2,2),(0.,1.),.PIECEWISE_BEZIER_KNOTS.);
#4086 = CARTESIAN_POINT('',(41.500373036,-57.744234681,11.85));
#4087 = CARTESIAN_POINT('',(38.500373036,-60.744234681,14.95));
#4088 = PCURVE('',#1646,#4089);
#4089 = DEFINITIONAL_REPRESENTATION('',(#4090),#4094);
#4090 = LINE('',#4091,#4092);
#4091 = CARTESIAN_POINT('',(8.,0.));
#4092 = VECTOR('',#4093,1.);
#4093 = DIRECTION('',(0.,1.));
#4094 = ( GEOMETRIC_REPRESENTATION_CONTEXT(2)
PARAMETRIC_REPRESENTATION_CONTEXT() REPRESENTATION_CONTEXT('2D SPACE',''
  ) );
#4095 = PCURVE('',#1719,#4096);
#4096 = DEFINITIONAL_REPRESENTATION('',(#4097),#4101);
#4097 = LINE('',#4098,#4099);
#4098 = CARTESIAN_POINT('',(0.,0.));
#4099 = VECTOR('',#4100,1.);
#4100 = DIRECTION('',(0.,1.));
#4101 = ( GEOMETRIC_REPRESENTATION_CONTEXT(2)
PARAMETRIC_REPRESENTATION_CONTEXT() REPRESENTATION_CONTEXT('2D SPACE',''
  ) );
#4102 = ORIENTED_EDGE('',*,*,#4103,.F.);
#4103 = EDGE_CURVE('',#4059,#4082,#4104,.T.);
#4104 = SURFACE_CURVE('',#4105,(#4109,#4115),.PCURVE_S1.);
#4105 = LINE('',#4106,#4107);
#4106 = CARTESIAN_POINT('',(38.500373036,-62.744234681,14.95));
#4107 = VECTOR('',#4108,1.);
#4108 = DIRECTION('',(0.,1.,0.));
#4109 = PCURVE('',#1646,#4110);
#4110 = DEFINITIONAL_REPRESENTATION('',(#4111),#4114);
#4111 = B_SPLINE_CURVE_WITH_KNOTS('',1,(#4112,#4113),.UNSPECIFIED.,.F.,
  .F.,(2,2),(0.,2.),.PIECEWISE_BEZIER_KNOTS.);
#4112 = CARTESIAN_POINT('',(0.,1.));
#4113 = CARTESIAN_POINT('',(8.,1.));
#4114 = ( GEOMETRIC_REPRESENTATION_CONTEXT(2)
PARAMETRIC_REPRESENTATION_CONTEXT() REPRESENTATION_CONTEXT('2D SPACE',''
  ) );
#4115 = PCURVE('',#4116,#4121);
#4116 = PLANE('',#4117);
#4117 = AXIS2_PLACEMENT_3D('',#4118,#4119,#4120);
#4118 = CARTESIAN_POINT('',(36.500373036,-62.744234681,14.95));
#4119 = DIRECTION('',(0.,0.,-1.));
#4120 = DIRECTION('',(0.707106781187,0.707106781187,0.));
#4121 = DEFINITIONAL_REPRESENTATION('',(#4122),#4126);
#4122 = LINE('',#4123,#4124);
#4123 = CARTESIAN_POINT('',(1.414213562373,1.414213562373));
#4124 = VECTOR('',#4125,1.);
#4125 = DIRECTION('',(0.707106781187,-0.707106781187));
#4126 = ( GEOMETRIC_REPRESENTATION_CONTEXT(2)
PARAMETRIC_REPRESENTATION_CONTEXT() REPRESENTATION_CONTEXT('2D SPACE',''
  ) );
#4127 = ADVANCED_FACE('',(#4128),#1719,.T.);
#4128 = FACE_BOUND('',#4129,.T.);
#4129 = EDGE_LOOP('',(#4130,#4131,#4132,#4154));
#4130 = ORIENTED_EDGE('',*,*,#4081,.F.);
#4131 = ORIENTED_EDGE('',*,*,#1707,.F.);
#4132 = ORIENTED_EDGE('',*,*,#4133,.T.);
#4133 = EDGE_CURVE('',#1683,#4134,#4136,.T.);
#4134 = VERTEX_POINT('',#4135);
#4135 = CARTESIAN_POINT('',(36.500373036,-60.744234681,14.95));
#4136 = SURFACE_CURVE('',#4137,(#4140,#4147),.PCURVE_S1.);
#4137 = B_SPLINE_CURVE_WITH_KNOTS('',1,(#4138,#4139),.UNSPECIFIED.,.F.,
  .F.,(2,2),(0.,1.),.PIECEWISE_BEZIER_KNOTS.);
#4138 = CARTESIAN_POINT('',(33.500373036,-57.744234681,11.85));
#4139 = CARTESIAN_POINT('',(36.500373036,-60.744234681,14.95));
#4140 = PCURVE('',#1719,#4141);
#4141 = DEFINITIONAL_REPRESENTATION('',(#4142),#4146);
#4142 = LINE('',#4143,#4144);
#4143 = CARTESIAN_POINT('',(8.,0.));
#4144 = VECTOR('',#4145,1.);
#4145 = DIRECTION('',(0.,1.));
#4146 = ( GEOMETRIC_REPRESENTATION_CONTEXT(2)
PARAMETRIC_REPRESENTATION_CONTEXT() REPRESENTATION_CONTEXT('2D SPACE',''
  ) );
#4147 = PCURVE('',#1696,#4148);
#4148 = DEFINITIONAL_REPRESENTATION('',(#4149),#4153);
#4149 = LINE('',#4150,#4151);
#4150 = CARTESIAN_POINT('',(0.,0.));
#4151 = VECTOR('',#4152,1.);
#4152 = DIRECTION('',(0.,1.));
#4153 = ( GEOMETRIC_REPRESENTATION_CONTEXT(2)
PARAMETRIC_REPRESENTATION_CONTEXT() REPRESENTATION_CONTEXT('2D SPACE',''
  ) );
#4154 = ORIENTED_EDGE('',*,*,#4155,.F.);
#4155 = EDGE_CURVE('',#4082,#4134,#4156,.T.);
#4156 = SURFACE_CURVE('',#4157,(#4161,#4167),.PCURVE_S1.);
#4157 = LINE('',#4158,#4159);
#4158 = CARTESIAN_POINT('',(38.500373036,-60.744234681,14.95));
#4159 = VECTOR('',#4160,1.);
#4160 = DIRECTION('',(-1.,0.,0.));
#4161 = PCURVE('',#1719,#4162);
#4162 = DEFINITIONAL_REPRESENTATION('',(#4163),#4166);
#4163 = B_SPLINE_CURVE_WITH_KNOTS('',1,(#4164,#4165),.UNSPECIFIED.,.F.,
  .F.,(2,2),(0.,2.),.PIECEWISE_BEZIER_KNOTS.);
#4164 = CARTESIAN_POINT('',(0.,1.));
#4165 = CARTESIAN_POINT('',(8.,1.));
#4166 = ( GEOMETRIC_REPRESENTATION_CONTEXT(2)
PARAMETRIC_REPRESENTATION_CONTEXT() REPRESENTATION_CONTEXT('2D SPACE',''
  ) );
#4167 = PCURVE('',#4116,#4168);
#4168 = DEFINITIONAL_REPRESENTATION('',(#4169),#4173);
#4169 = LINE('',#4170,#4171);
#4170 = CARTESIAN_POINT('',(2.828427124746,0.));
#4171 = VECTOR('',#4172,1.);
#4172 = DIRECTION('',(-0.707106781187,-0.707106781187));
#4173 = ( GEOMETRIC_REPRESENTATION_CONTEXT(2)
PARAMETRIC_REPRESENTATION_CONTEXT() REPRESENTATION_CONTEXT('2D SPACE',''
  ) );
#4174 = ADVANCED_FACE('',(#4175),#1671,.T.);
#4175 = FACE_BOUND('',#4176,.T.);
#4176 = EDGE_LOOP('',(#4177,#4199,#4200,#4201));
#4177 = ORIENTED_EDGE('',*,*,#4178,.F.);
#4178 = EDGE_CURVE('',#1658,#4179,#4181,.T.);
#4179 = VERTEX_POINT('',#4180);
#4180 = CARTESIAN_POINT('',(36.500373036,-62.744234681,14.95));
#4181 = SURFACE_CURVE('',#4182,(#4185,#4192),.PCURVE_S1.);
#4182 = B_SPLINE_CURVE_WITH_KNOTS('',1,(#4183,#4184),.UNSPECIFIED.,.F.,
  .F.,(2,2),(0.,1.),.PIECEWISE_BEZIER_KNOTS.);
#4183 = CARTESIAN_POINT('',(33.500373036,-65.744234681,11.85));
#4184 = CARTESIAN_POINT('',(36.500373036,-62.744234681,14.95));
#4185 = PCURVE('',#1671,#4186);
#4186 = DEFINITIONAL_REPRESENTATION('',(#4187),#4191);
#4187 = LINE('',#4188,#4189);
#4188 = CARTESIAN_POINT('',(0.,0.));
#4189 = VECTOR('',#4190,1.);
#4190 = DIRECTION('',(0.,1.));
#4191 = ( GEOMETRIC_REPRESENTATION_CONTEXT(2)
PARAMETRIC_REPRESENTATION_CONTEXT() REPRESENTATION_CONTEXT('2D SPACE',''
  ) );
#4192 = PCURVE('',#1696,#4193);
#4193 = DEFINITIONAL_REPRESENTATION('',(#4194),#4198);
#4194 = LINE('',#4195,#4196);
#4195 = CARTESIAN_POINT('',(8.,0.));
#4196 = VECTOR('',#4197,1.);
#4197 = DIRECTION('',(0.,1.));
#4198 = ( GEOMETRIC_REPRESENTATION_CONTEXT(2)
PARAMETRIC_REPRESENTATION_CONTEXT() REPRESENTATION_CONTEXT('2D SPACE',''
  ) );
#4199 = ORIENTED_EDGE('',*,*,#1657,.F.);
#4200 = ORIENTED_EDGE('',*,*,#4058,.T.);
#4201 = ORIENTED_EDGE('',*,*,#4202,.F.);
#4202 = EDGE_CURVE('',#4179,#4059,#4203,.T.);
#4203 = SURFACE_CURVE('',#4204,(#4208,#4214),.PCURVE_S1.);
#4204 = LINE('',#4205,#4206);
#4205 = CARTESIAN_POINT('',(36.500373036,-62.744234681,14.95));
#4206 = VECTOR('',#4207,1.);
#4207 = DIRECTION('',(1.,0.,0.));
#4208 = PCURVE('',#1671,#4209);
#4209 = DEFINITIONAL_REPRESENTATION('',(#4210),#4213);
#4210 = B_SPLINE_CURVE_WITH_KNOTS('',1,(#4211,#4212),.UNSPECIFIED.,.F.,
  .F.,(2,2),(0.,2.),.PIECEWISE_BEZIER_KNOTS.);
#4211 = CARTESIAN_POINT('',(0.,1.));
#4212 = CARTESIAN_POINT('',(8.,1.));
#4213 = ( GEOMETRIC_REPRESENTATION_CONTEXT(2)
PARAMETRIC_REPRESENTATION_CONTEXT() REPRESENTATION_CONTEXT('2D SPACE',''
  ) );
#4214 = PCURVE('',#4116,#4215);
#4215 = DEFINITIONAL_REPRESENTATION('',(#4216),#4220);
#4216 = LINE('',#4217,#4218);
#4217 = CARTESIAN_POINT('',(0.,0.));
#4218 = VECTOR('',#4219,1.);
#4219 = DIRECTION('',(0.707106781187,0.707106781187));
#4220 = ( GEOMETRIC_REPRESENTATION_CONTEXT(2)
PARAMETRIC_REPRESENTATION_CONTEXT() REPRESENTATION_CONTEXT('2D SPACE',''
  ) );
#4221 = ADVANCED_FACE('',(#4222),#1696,.T.);
#4222 = FACE_BOUND('',#4223,.T.);
#4223 = EDGE_LOOP('',(#4224,#4225,#4226,#4227));
#4224 = ORIENTED_EDGE('',*,*,#4133,.F.);
#4225 = ORIENTED_EDGE('',*,*,#1682,.F.);
#4226 = ORIENTED_EDGE('',*,*,#4178,.T.);
#4227 = ORIENTED_EDGE('',*,*,#4228,.F.);
#4228 = EDGE_CURVE('',#4134,#4179,#4229,.T.);
#4229 = SURFACE_CURVE('',#4230,(#4234,#4240),.PCURVE_S1.);
#4230 = LINE('',#4231,#4232);
#4231 = CARTESIAN_POINT('',(36.500373036,-60.744234681,14.95));
#4232 = VECTOR('',#4233,1.);
#4233 = DIRECTION('',(0.,-1.,0.));
#4234 = PCURVE('',#1696,#4235);
#4235 = DEFINITIONAL_REPRESENTATION('',(#4236),#4239);
#4236 = B_SPLINE_CURVE_WITH_KNOTS('',1,(#4237,#4238),.UNSPECIFIED.,.F.,
  .F.,(2,2),(0.,2.),.PIECEWISE_BEZIER_KNOTS.);
#4237 = CARTESIAN_POINT('',(0.,1.));
#4238 = CARTESIAN_POINT('',(8.,1.));
#4239 = ( GEOMETRIC_REPRESENTATION_CONTEXT(2)
PARAMETRIC_REPRESENTATION_CONTEXT() REPRESENTATION_CONTEXT('2D SPACE',''
  ) );
#4240 = PCURVE('',#4116,#4241);
#4241 = DEFINITIONAL_REPRESENTATION('',(#4242),#4246);
#4242 = LINE('',#4243,#4244);
#4243 = CARTESIAN_POINT('',(1.414213562373,-1.414213562373));
#4244 = VECTOR('',#4245,1.);
#4245 = DIRECTION('',(-0.707106781187,0.707106781187));
#4246 = ( GEOMETRIC_REPRESENTATION_CONTEXT(2)
PARAMETRIC_REPRESENTATION_CONTEXT() REPRESENTATION_CONTEXT('2D SPACE',''
  ) );
#4247 = ADVANCED_FACE('',(#4248),#1753,.F.);
#4248 = FACE_BOUND('',#4249,.F.);
#4249 = EDGE_LOOP('',(#4250,#4273,#4300,#4301));
#4250 = ORIENTED_EDGE('',*,*,#4251,.T.);
#4251 = EDGE_CURVE('',#1733,#4252,#4254,.T.);
#4252 = VERTEX_POINT('',#4253);
#4253 = CARTESIAN_POINT('',(35.800373036,-20.721210003,10.7));
#4254 = SEAM_CURVE('',#4255,(#4259,#4266),.PCURVE_S1.);
#4255 = LINE('',#4256,#4257);
#4256 = CARTESIAN_POINT('',(35.800373036,-20.721210003,11.95));
#4257 = VECTOR('',#4258,1.);
#4258 = DIRECTION('',(0.,0.,-1.));
#4259 = PCURVE('',#1753,#4260);
#4260 = DEFINITIONAL_REPRESENTATION('',(#4261),#4265);
#4261 = LINE('',#4262,#4263);
#4262 = CARTESIAN_POINT('',(6.28318530718,-0.));
#4263 = VECTOR('',#4264,1.);
#4264 = DIRECTION('',(0.,1.));
#4265 = ( GEOMETRIC_REPRESENTATION_CONTEXT(2)
PARAMETRIC_REPRESENTATION_CONTEXT() REPRESENTATION_CONTEXT('2D SPACE',''
  ) );
#4266 = PCURVE('',#1753,#4267);
#4267 = DEFINITIONAL_REPRESENTATION('',(#4268),#4272);
#4268 = LINE('',#4269,#4270);
#4269 = CARTESIAN_POINT('',(0.,-0.));
#4270 = VECTOR('',#4271,1.);
#4271 = DIRECTION('',(0.,1.));
#4272 = ( GEOMETRIC_REPRESENTATION_CONTEXT(2)
PARAMETRIC_REPRESENTATION_CONTEXT() REPRESENTATION_CONTEXT('2D SPACE',''
  ) );
#4273 = ORIENTED_EDGE('',*,*,#4274,.F.);
#4274 = EDGE_CURVE('',#4252,#4252,#4275,.T.);
#4275 = SURFACE_CURVE('',#4276,(#4281,#4288),.PCURVE_S1.);
#4276 = CIRCLE('',#4277,1.7);
#4277 = AXIS2_PLACEMENT_3D('',#4278,#4279,#4280);
#4278 = CARTESIAN_POINT('',(37.500373036,-20.721210003,10.7));
#4279 = DIRECTION('',(0.,0.,-1.));
#4280 = DIRECTION('',(-1.,0.,-0.));
#4281 = PCURVE('',#1753,#4282);
#4282 = DEFINITIONAL_REPRESENTATION('',(#4283),#4287);
#4283 = LINE('',#4284,#4285);
#4284 = CARTESIAN_POINT('',(0.,1.25));
#4285 = VECTOR('',#4286,1.);
#4286 = DIRECTION('',(1.,0.));
#4287 = ( GEOMETRIC_REPRESENTATION_CONTEXT(2)
PARAMETRIC_REPRESENTATION_CONTEXT() REPRESENTATION_CONTEXT('2D SPACE',''
  ) );
#4288 = PCURVE('',#4289,#4294);
#4289 = PLANE('',#4290);
#4290 = AXIS2_PLACEMENT_3D('',#4291,#4292,#4293);
#4291 = CARTESIAN_POINT('',(37.500373036,-20.721210003,10.7));
#4292 = DIRECTION('',(0.,0.,-1.));
#4293 = DIRECTION('',(-1.,0.,-0.));
#4294 = DEFINITIONAL_REPRESENTATION('',(#4295),#4299);
#4295 = CIRCLE('',#4296,1.7);
#4296 = AXIS2_PLACEMENT_2D('',#4297,#4298);
#4297 = CARTESIAN_POINT('',(0.,0.));
#4298 = DIRECTION('',(1.,0.));
#4299 = ( GEOMETRIC_REPRESENTATION_CONTEXT(2)
PARAMETRIC_REPRESENTATION_CONTEXT() REPRESENTATION_CONTEXT('2D SPACE',''
  ) );
#4300 = ORIENTED_EDGE('',*,*,#4251,.F.);
#4301 = ORIENTED_EDGE('',*,*,#1732,.T.);
#4302 = ADVANCED_FACE('',(#4303),#1783,.T.);
#4303 = FACE_BOUND('',#4304,.T.);
#4304 = EDGE_LOOP('',(#4305,#4327,#4328,#4350));
#4305 = ORIENTED_EDGE('',*,*,#4306,.F.);
#4306 = EDGE_CURVE('',#1770,#4307,#4309,.T.);
#4307 = VERTEX_POINT('',#4308);
#4308 = CARTESIAN_POINT('',(38.500373036,19.301814675,14.95));
#4309 = SURFACE_CURVE('',#4310,(#4313,#4320),.PCURVE_S1.);
#4310 = B_SPLINE_CURVE_WITH_KNOTS('',1,(#4311,#4312),.UNSPECIFIED.,.F.,
  .F.,(2,2),(0.,1.),.PIECEWISE_BEZIER_KNOTS.);
#4311 = CARTESIAN_POINT('',(41.500373036,16.301814675,11.85));
#4312 = CARTESIAN_POINT('',(38.500373036,19.301814675,14.95));
#4313 = PCURVE('',#1783,#4314);
#4314 = DEFINITIONAL_REPRESENTATION('',(#4315),#4319);
#4315 = LINE('',#4316,#4317);
#4316 = CARTESIAN_POINT('',(0.,0.));
#4317 = VECTOR('',#4318,1.);
#4318 = DIRECTION('',(0.,1.));
#4319 = ( GEOMETRIC_REPRESENTATION_CONTEXT(2)
PARAMETRIC_REPRESENTATION_CONTEXT() REPRESENTATION_CONTEXT('2D SPACE',''
  ) );
#4320 = PCURVE('',#1808,#4321);
#4321 = DEFINITIONAL_REPRESENTATION('',(#4322),#4326);
#4322 = LINE('',#4323,#4324);
#4323 = CARTESIAN_POINT('',(8.,0.));
#4324 = VECTOR('',#4325,1.);
#4325 = DIRECTION('',(0.,1.));
#4326 = ( GEOMETRIC_REPRESENTATION_CONTEXT(2)
PARAMETRIC_REPRESENTATION_CONTEXT() REPRESENTATION_CONTEXT('2D SPACE',''
  ) );
#4327 = ORIENTED_EDGE('',*,*,#1767,.F.);
#4328 = ORIENTED_EDGE('',*,*,#4329,.T.);
#4329 = EDGE_CURVE('',#1768,#4330,#4332,.T.);
#4330 = VERTEX_POINT('',#4331);
#4331 = CARTESIAN_POINT('',(38.500373036,21.301814675,14.95));
#4332 = SURFACE_CURVE('',#4333,(#4336,#4343),.PCURVE_S1.);
#4333 = B_SPLINE_CURVE_WITH_KNOTS('',1,(#4334,#4335),.UNSPECIFIED.,.F.,
  .F.,(2,2),(0.,1.),.PIECEWISE_BEZIER_KNOTS.);
#4334 = CARTESIAN_POINT('',(41.500373036,24.301814675,11.85));
#4335 = CARTESIAN_POINT('',(38.500373036,21.301814675,14.95));
#4336 = PCURVE('',#1783,#4337);
#4337 = DEFINITIONAL_REPRESENTATION('',(#4338),#4342);
#4338 = LINE('',#4339,#4340);
#4339 = CARTESIAN_POINT('',(8.,0.));
#4340 = VECTOR('',#4341,1.);
#4341 = DIRECTION('',(0.,1.));
#4342 = ( GEOMETRIC_REPRESENTATION_CONTEXT(2)
PARAMETRIC_REPRESENTATION_CONTEXT() REPRESENTATION_CONTEXT('2D SPACE',''
  ) );
#4343 = PCURVE('',#1856,#4344);
#4344 = DEFINITIONAL_REPRESENTATION('',(#4345),#4349);
#4345 = LINE('',#4346,#4347);
#4346 = CARTESIAN_POINT('',(0.,0.));
#4347 = VECTOR('',#4348,1.);
#4348 = DIRECTION('',(0.,1.));
#4349 = ( GEOMETRIC_REPRESENTATION_CONTEXT(2)
PARAMETRIC_REPRESENTATION_CONTEXT() REPRESENTATION_CONTEXT('2D SPACE',''
  ) );
#4350 = ORIENTED_EDGE('',*,*,#4351,.F.);
#4351 = EDGE_CURVE('',#4307,#4330,#4352,.T.);
#4352 = SURFACE_CURVE('',#4353,(#4357,#4363),.PCURVE_S1.);
#4353 = LINE('',#4354,#4355);
#4354 = CARTESIAN_POINT('',(38.500373036,19.301814675,14.95));
#4355 = VECTOR('',#4356,1.);
#4356 = DIRECTION('',(0.,1.,0.));
#4357 = PCURVE('',#1783,#4358);
#4358 = DEFINITIONAL_REPRESENTATION('',(#4359),#4362);
#4359 = B_SPLINE_CURVE_WITH_KNOTS('',1,(#4360,#4361),.UNSPECIFIED.,.F.,
  .F.,(2,2),(0.,2.),.PIECEWISE_BEZIER_KNOTS.);
#4360 = CARTESIAN_POINT('',(0.,1.));
#4361 = CARTESIAN_POINT('',(8.,1.));
#4362 = ( GEOMETRIC_REPRESENTATION_CONTEXT(2)
PARAMETRIC_REPRESENTATION_CONTEXT() REPRESENTATION_CONTEXT('2D SPACE',''
  ) );
#4363 = PCURVE('',#4364,#4369);
#4364 = PLANE('',#4365);
#4365 = AXIS2_PLACEMENT_3D('',#4366,#4367,#4368);
#4366 = CARTESIAN_POINT('',(36.500373036,19.301814675,14.95));
#4367 = DIRECTION('',(0.,0.,-1.));
#4368 = DIRECTION('',(0.707106781187,0.707106781187,0.));
#4369 = DEFINITIONAL_REPRESENTATION('',(#4370),#4374);
#4370 = LINE('',#4371,#4372);
#4371 = CARTESIAN_POINT('',(1.414213562373,1.414213562373));
#4372 = VECTOR('',#4373,1.);
#4373 = DIRECTION('',(0.707106781187,-0.707106781187));
#4374 = ( GEOMETRIC_REPRESENTATION_CONTEXT(2)
PARAMETRIC_REPRESENTATION_CONTEXT() REPRESENTATION_CONTEXT('2D SPACE',''
  ) );
#4375 = ADVANCED_FACE('',(#4376),#1856,.T.);
#4376 = FACE_BOUND('',#4377,.T.);
#4377 = EDGE_LOOP('',(#4378,#4379,#4380,#4402));
#4378 = ORIENTED_EDGE('',*,*,#4329,.F.);
#4379 = ORIENTED_EDGE('',*,*,#1844,.F.);
#4380 = ORIENTED_EDGE('',*,*,#4381,.T.);
#4381 = EDGE_CURVE('',#1820,#4382,#4384,.T.);
#4382 = VERTEX_POINT('',#4383);
#4383 = CARTESIAN_POINT('',(36.500373036,21.301814675,14.95));
#4384 = SURFACE_CURVE('',#4385,(#4388,#4395),.PCURVE_S1.);
#4385 = B_SPLINE_CURVE_WITH_KNOTS('',1,(#4386,#4387),.UNSPECIFIED.,.F.,
  .F.,(2,2),(0.,1.),.PIECEWISE_BEZIER_KNOTS.);
#4386 = CARTESIAN_POINT('',(33.500373036,24.301814675,11.85));
#4387 = CARTESIAN_POINT('',(36.500373036,21.301814675,14.95));
#4388 = PCURVE('',#1856,#4389);
#4389 = DEFINITIONAL_REPRESENTATION('',(#4390),#4394);
#4390 = LINE('',#4391,#4392);
#4391 = CARTESIAN_POINT('',(8.,0.));
#4392 = VECTOR('',#4393,1.);
#4393 = DIRECTION('',(0.,1.));
#4394 = ( GEOMETRIC_REPRESENTATION_CONTEXT(2)
PARAMETRIC_REPRESENTATION_CONTEXT() REPRESENTATION_CONTEXT('2D SPACE',''
  ) );
#4395 = PCURVE('',#1833,#4396);
#4396 = DEFINITIONAL_REPRESENTATION('',(#4397),#4401);
#4397 = LINE('',#4398,#4399);
#4398 = CARTESIAN_POINT('',(0.,0.));
#4399 = VECTOR('',#4400,1.);
#4400 = DIRECTION('',(0.,1.));
#4401 = ( GEOMETRIC_REPRESENTATION_CONTEXT(2)
PARAMETRIC_REPRESENTATION_CONTEXT() REPRESENTATION_CONTEXT('2D SPACE',''
  ) );
#4402 = ORIENTED_EDGE('',*,*,#4403,.F.);
#4403 = EDGE_CURVE('',#4330,#4382,#4404,.T.);
#4404 = SURFACE_CURVE('',#4405,(#4409,#4415),.PCURVE_S1.);
#4405 = LINE('',#4406,#4407);
#4406 = CARTESIAN_POINT('',(38.500373036,21.301814675,14.95));
#4407 = VECTOR('',#4408,1.);
#4408 = DIRECTION('',(-1.,0.,0.));
#4409 = PCURVE('',#1856,#4410);
#4410 = DEFINITIONAL_REPRESENTATION('',(#4411),#4414);
#4411 = B_SPLINE_CURVE_WITH_KNOTS('',1,(#4412,#4413),.UNSPECIFIED.,.F.,
  .F.,(2,2),(0.,2.),.PIECEWISE_BEZIER_KNOTS.);
#4412 = CARTESIAN_POINT('',(0.,1.));
#4413 = CARTESIAN_POINT('',(8.,1.));
#4414 = ( GEOMETRIC_REPRESENTATION_CONTEXT(2)
PARAMETRIC_REPRESENTATION_CONTEXT() REPRESENTATION_CONTEXT('2D SPACE',''
  ) );
#4415 = PCURVE('',#4364,#4416);
#4416 = DEFINITIONAL_REPRESENTATION('',(#4417),#4421);
#4417 = LINE('',#4418,#4419);
#4418 = CARTESIAN_POINT('',(2.828427124746,0.));
#4419 = VECTOR('',#4420,1.);
#4420 = DIRECTION('',(-0.707106781187,-0.707106781187));
#4421 = ( GEOMETRIC_REPRESENTATION_CONTEXT(2)
PARAMETRIC_REPRESENTATION_CONTEXT() REPRESENTATION_CONTEXT('2D SPACE',''
  ) );
#4422 = ADVANCED_FACE('',(#4423),#1808,.T.);
#4423 = FACE_BOUND('',#4424,.T.);
#4424 = EDGE_LOOP('',(#4425,#4447,#4448,#4449));
#4425 = ORIENTED_EDGE('',*,*,#4426,.F.);
#4426 = EDGE_CURVE('',#1795,#4427,#4429,.T.);
#4427 = VERTEX_POINT('',#4428);
#4428 = CARTESIAN_POINT('',(36.500373036,19.301814675,14.95));
#4429 = SURFACE_CURVE('',#4430,(#4433,#4440),.PCURVE_S1.);
#4430 = B_SPLINE_CURVE_WITH_KNOTS('',1,(#4431,#4432),.UNSPECIFIED.,.F.,
  .F.,(2,2),(0.,1.),.PIECEWISE_BEZIER_KNOTS.);
#4431 = CARTESIAN_POINT('',(33.500373036,16.301814675,11.85));
#4432 = CARTESIAN_POINT('',(36.500373036,19.301814675,14.95));
#4433 = PCURVE('',#1808,#4434);
#4434 = DEFINITIONAL_REPRESENTATION('',(#4435),#4439);
#4435 = LINE('',#4436,#4437);
#4436 = CARTESIAN_POINT('',(0.,0.));
#4437 = VECTOR('',#4438,1.);
#4438 = DIRECTION('',(0.,1.));
#4439 = ( GEOMETRIC_REPRESENTATION_CONTEXT(2)
PARAMETRIC_REPRESENTATION_CONTEXT() REPRESENTATION_CONTEXT('2D SPACE',''
  ) );
#4440 = PCURVE('',#1833,#4441);
#4441 = DEFINITIONAL_REPRESENTATION('',(#4442),#4446);
#4442 = LINE('',#4443,#4444);
#4443 = CARTESIAN_POINT('',(8.,0.));
#4444 = VECTOR('',#4445,1.);
#4445 = DIRECTION('',(0.,1.));
#4446 = ( GEOMETRIC_REPRESENTATION_CONTEXT(2)
PARAMETRIC_REPRESENTATION_CONTEXT() REPRESENTATION_CONTEXT('2D SPACE',''
  ) );
#4447 = ORIENTED_EDGE('',*,*,#1794,.F.);
#4448 = ORIENTED_EDGE('',*,*,#4306,.T.);
#4449 = ORIENTED_EDGE('',*,*,#4450,.F.);
#4450 = EDGE_CURVE('',#4427,#4307,#4451,.T.);
#4451 = SURFACE_CURVE('',#4452,(#4456,#4462),.PCURVE_S1.);
#4452 = LINE('',#4453,#4454);
#4453 = CARTESIAN_POINT('',(36.500373036,19.301814675,14.95));
#4454 = VECTOR('',#4455,1.);
#4455 = DIRECTION('',(1.,0.,0.));
#4456 = PCURVE('',#1808,#4457);
#4457 = DEFINITIONAL_REPRESENTATION('',(#4458),#4461);
#4458 = B_SPLINE_CURVE_WITH_KNOTS('',1,(#4459,#4460),.UNSPECIFIED.,.F.,
  .F.,(2,2),(0.,2.),.PIECEWISE_BEZIER_KNOTS.);
#4459 = CARTESIAN_POINT('',(0.,1.));
#4460 = CARTESIAN_POINT('',(8.,1.));
#4461 = ( GEOMETRIC_REPRESENTATION_CONTEXT(2)
PARAMETRIC_REPRESENTATION_CONTEXT() REPRESENTATION_CONTEXT('2D SPACE',''
  ) );
#4462 = PCURVE('',#4364,#4463);
#4463 = DEFINITIONAL_REPRESENTATION('',(#4464),#4468);
#4464 = LINE('',#4465,#4466);
#4465 = CARTESIAN_POINT('',(0.,0.));
#4466 = VECTOR('',#4467,1.);
#4467 = DIRECTION('',(0.707106781187,0.707106781187));
#4468 = ( GEOMETRIC_REPRESENTATION_CONTEXT(2)
PARAMETRIC_REPRESENTATION_CONTEXT() REPRESENTATION_CONTEXT('2D SPACE',''
  ) );
#4469 = ADVANCED_FACE('',(#4470),#1833,.T.);
#4470 = FACE_BOUND('',#4471,.T.);
#4471 = EDGE_LOOP('',(#4472,#4473,#4474,#4475));
#4472 = ORIENTED_EDGE('',*,*,#4381,.F.);
#4473 = ORIENTED_EDGE('',*,*,#1819,.F.);
#4474 = ORIENTED_EDGE('',*,*,#4426,.T.);
#4475 = ORIENTED_EDGE('',*,*,#4476,.F.);
#4476 = EDGE_CURVE('',#4382,#4427,#4477,.T.);
#4477 = SURFACE_CURVE('',#4478,(#4482,#4488),.PCURVE_S1.);
#4478 = LINE('',#4479,#4480);
#4479 = CARTESIAN_POINT('',(36.500373036,21.301814675,14.95));
#4480 = VECTOR('',#4481,1.);
#4481 = DIRECTION('',(0.,-1.,0.));
#4482 = PCURVE('',#1833,#4483);
#4483 = DEFINITIONAL_REPRESENTATION('',(#4484),#4487);
#4484 = B_SPLINE_CURVE_WITH_KNOTS('',1,(#4485,#4486),.UNSPECIFIED.,.F.,
  .F.,(2,2),(0.,2.),.PIECEWISE_BEZIER_KNOTS.);
#4485 = CARTESIAN_POINT('',(0.,1.));
#4486 = CARTESIAN_POINT('',(8.,1.));
#4487 = ( GEOMETRIC_REPRESENTATION_CONTEXT(2)
PARAMETRIC_REPRESENTATION_CONTEXT() REPRESENTATION_CONTEXT('2D SPACE',''
  ) );
#4488 = PCURVE('',#4364,#4489);
#4489 = DEFINITIONAL_REPRESENTATION('',(#4490),#4494);
#4490 = LINE('',#4491,#4492);
#4491 = CARTESIAN_POINT('',(1.414213562373,-1.414213562373));
#4492 = VECTOR('',#4493,1.);
#4493 = DIRECTION('',(-0.707106781187,0.707106781187));
#4494 = ( GEOMETRIC_REPRESENTATION_CONTEXT(2)
PARAMETRIC_REPRESENTATION_CONTEXT() REPRESENTATION_CONTEXT('2D SPACE',''
  ) );
#4495 = ADVANCED_FACE('',(#4496),#1955,.F.);
#4496 = FACE_BOUND('',#4497,.F.);
#4497 = EDGE_LOOP('',(#4498,#4499,#4500,#4521));
#4498 = ORIENTED_EDGE('',*,*,#4000,.F.);
#4499 = ORIENTED_EDGE('',*,*,#3045,.T.);
#4500 = ORIENTED_EDGE('',*,*,#4501,.T.);
#4501 = EDGE_CURVE('',#3025,#1920,#4502,.T.);
#4502 = SURFACE_CURVE('',#4503,(#4507,#4514),.PCURVE_S1.);
#4503 = LINE('',#4504,#4505);
#4504 = CARTESIAN_POINT('',(31.500373036,-81.794234681,-74.99999553));
#4505 = VECTOR('',#4506,1.);
#4506 = DIRECTION('',(0.,1.,0.));
#4507 = PCURVE('',#1955,#4508);
#4508 = DEFINITIONAL_REPRESENTATION('',(#4509),#4513);
#4509 = LINE('',#4510,#4511);
#4510 = CARTESIAN_POINT('',(1.570796326795,0.));
#4511 = VECTOR('',#4512,1.);
#4512 = DIRECTION('',(0.,1.));
#4513 = ( GEOMETRIC_REPRESENTATION_CONTEXT(2)
PARAMETRIC_REPRESENTATION_CONTEXT() REPRESENTATION_CONTEXT('2D SPACE',''
  ) );
#4514 = PCURVE('',#2007,#4515);
#4515 = DEFINITIONAL_REPRESENTATION('',(#4516),#4520);
#4516 = LINE('',#4517,#4518);
#4517 = CARTESIAN_POINT('',(65.000824303,0.));
#4518 = VECTOR('',#4519,1.);
#4519 = DIRECTION('',(0.,1.));
#4520 = ( GEOMETRIC_REPRESENTATION_CONTEXT(2)
PARAMETRIC_REPRESENTATION_CONTEXT() REPRESENTATION_CONTEXT('2D SPACE',''
  ) );
#4521 = ORIENTED_EDGE('',*,*,#1940,.F.);
#4522 = ADVANCED_FACE('',(#4523),#2007,.T.);
#4523 = FACE_BOUND('',#4524,.T.);
#4524 = EDGE_LOOP('',(#4525,#4526,#4527,#4548));
#4525 = ORIENTED_EDGE('',*,*,#4501,.T.);
#4526 = ORIENTED_EDGE('',*,*,#1993,.T.);
#4527 = ORIENTED_EDGE('',*,*,#4528,.F.);
#4528 = EDGE_CURVE('',#3001,#1973,#4529,.T.);
#4529 = SURFACE_CURVE('',#4530,(#4534,#4541),.PCURVE_S1.);
#4530 = LINE('',#4531,#4532);
#4531 = CARTESIAN_POINT('',(-31.500451267,-81.794234681,-74.99999553));
#4532 = VECTOR('',#4533,1.);
#4533 = DIRECTION('',(0.,1.,0.));
#4534 = PCURVE('',#2007,#4535);
#4535 = DEFINITIONAL_REPRESENTATION('',(#4536),#4540);
#4536 = LINE('',#4537,#4538);
#4537 = CARTESIAN_POINT('',(2.,0.));
#4538 = VECTOR('',#4539,1.);
#4539 = DIRECTION('',(0.,1.));
#4540 = ( GEOMETRIC_REPRESENTATION_CONTEXT(2)
PARAMETRIC_REPRESENTATION_CONTEXT() REPRESENTATION_CONTEXT('2D SPACE',''
  ) );
#4541 = PCURVE('',#2060,#4542);
#4542 = DEFINITIONAL_REPRESENTATION('',(#4543),#4547);
#4543 = LINE('',#4544,#4545);
#4544 = CARTESIAN_POINT('',(-1.570796326795,0.));
#4545 = VECTOR('',#4546,1.);
#4546 = DIRECTION('',(-0.,1.));
#4547 = ( GEOMETRIC_REPRESENTATION_CONTEXT(2)
PARAMETRIC_REPRESENTATION_CONTEXT() REPRESENTATION_CONTEXT('2D SPACE',''
  ) );
#4548 = ORIENTED_EDGE('',*,*,#3024,.T.);
#4549 = ADVANCED_FACE('',(#4550),#2060,.F.);
#4550 = FACE_BOUND('',#4551,.T.);
#4551 = EDGE_LOOP('',(#4552,#4573,#4574,#4575));
#4552 = ORIENTED_EDGE('',*,*,#4553,.F.);
#4553 = EDGE_CURVE('',#2980,#2025,#4554,.T.);
#4554 = SURFACE_CURVE('',#4555,(#4559,#4566),.PCURVE_S1.);
#4555 = LINE('',#4556,#4557);
#4556 = CARTESIAN_POINT('',(-33.500451267,-81.794234681,-72.99999553));
#4557 = VECTOR('',#4558,1.);
#4558 = DIRECTION('',(0.,1.,0.));
#4559 = PCURVE('',#2060,#4560);
#4560 = DEFINITIONAL_REPRESENTATION('',(#4561),#4565);
#4561 = LINE('',#4562,#4563);
#4562 = CARTESIAN_POINT('',(-0.,0.));
#4563 = VECTOR('',#4564,1.);
#4564 = DIRECTION('',(-0.,1.));
#4565 = ( GEOMETRIC_REPRESENTATION_CONTEXT(2)
PARAMETRIC_REPRESENTATION_CONTEXT() REPRESENTATION_CONTEXT('2D SPACE',''
  ) );
#4566 = PCURVE('',#2112,#4567);
#4567 = DEFINITIONAL_REPRESENTATION('',(#4568),#4572);
#4568 = LINE('',#4569,#4570);
#4569 = CARTESIAN_POINT('',(2.,0.));
#4570 = VECTOR('',#4571,1.);
#4571 = DIRECTION('',(0.,-1.));
#4572 = ( GEOMETRIC_REPRESENTATION_CONTEXT(2)
PARAMETRIC_REPRESENTATION_CONTEXT() REPRESENTATION_CONTEXT('2D SPACE',''
  ) );
#4573 = ORIENTED_EDGE('',*,*,#3000,.F.);
#4574 = ORIENTED_EDGE('',*,*,#4528,.T.);
#4575 = ORIENTED_EDGE('',*,*,#2045,.T.);
#4576 = ADVANCED_FACE('',(#4577,#4583,#4613,#4643),#2112,.T.);
#4577 = FACE_BOUND('',#4578,.T.);
#4578 = EDGE_LOOP('',(#4579,#4580,#4581,#4582));
#4579 = ORIENTED_EDGE('',*,*,#2098,.T.);
#4580 = ORIENTED_EDGE('',*,*,#2356,.T.);
#4581 = ORIENTED_EDGE('',*,*,#2979,.T.);
#4582 = ORIENTED_EDGE('',*,*,#4553,.T.);
#4583 = FACE_BOUND('',#4584,.T.);
#4584 = EDGE_LOOP('',(#4585));
#4585 = ORIENTED_EDGE('',*,*,#4586,.F.);
#4586 = EDGE_CURVE('',#4587,#4587,#4589,.T.);
#4587 = VERTEX_POINT('',#4588);
#4588 = CARTESIAN_POINT('',(-33.500451267,17.5,-3.5));
#4589 = SURFACE_CURVE('',#4590,(#4595,#4602),.PCURVE_S1.);
#4590 = CIRCLE('',#4591,4.5);
#4591 = AXIS2_PLACEMENT_3D('',#4592,#4593,#4594);
#4592 = CARTESIAN_POINT('',(-33.500451267,17.5,-8.));
#4593 = DIRECTION('',(1.,0.,0.));
#4594 = DIRECTION('',(-0.,0.,1.));
#4595 = PCURVE('',#2112,#4596);
#4596 = DEFINITIONAL_REPRESENTATION('',(#4597),#4601);
#4597 = CIRCLE('',#4598,4.5);
#4598 = AXIS2_PLACEMENT_2D('',#4599,#4600);
#4599 = CARTESIAN_POINT('',(66.99999553,-99.294234681));
#4600 = DIRECTION('',(1.,0.));
#4601 = ( GEOMETRIC_REPRESENTATION_CONTEXT(2)
PARAMETRIC_REPRESENTATION_CONTEXT() REPRESENTATION_CONTEXT('2D SPACE',''
  ) );
#4602 = PCURVE('',#4603,#4608);
#4603 = CONICAL_SURFACE('',#4604,4.5,0.484412677981);
#4604 = AXIS2_PLACEMENT_3D('',#4605,#4606,#4607);
#4605 = CARTESIAN_POINT('',(-33.500451267,17.5,-8.));
#4606 = DIRECTION('',(-1.,-0.,-0.));
#4607 = DIRECTION('',(-0.,0.,1.));
#4608 = DEFINITIONAL_REPRESENTATION('',(#4609),#4612);
#4609 = B_SPLINE_CURVE_WITH_KNOTS('',1,(#4610,#4611),.UNSPECIFIED.,.F.,
  .F.,(2,2),(0.,6.28318530718),.PIECEWISE_BEZIER_KNOTS.);
#4610 = CARTESIAN_POINT('',(0.,0.));
#4611 = CARTESIAN_POINT('',(-6.28318530718,0.));
#4612 = ( GEOMETRIC_REPRESENTATION_CONTEXT(2)
PARAMETRIC_REPRESENTATION_CONTEXT() REPRESENTATION_CONTEXT('2D SPACE',''
  ) );
#4613 = FACE_BOUND('',#4614,.T.);
#4614 = EDGE_LOOP('',(#4615));
#4615 = ORIENTED_EDGE('',*,*,#4616,.F.);
#4616 = EDGE_CURVE('',#4617,#4617,#4619,.T.);
#4617 = VERTEX_POINT('',#4618);
#4618 = CARTESIAN_POINT('',(-33.500451267,-17.5,-3.5));
#4619 = SURFACE_CURVE('',#4620,(#4625,#4632),.PCURVE_S1.);
#4620 = CIRCLE('',#4621,4.5);
#4621 = AXIS2_PLACEMENT_3D('',#4622,#4623,#4624);
#4622 = CARTESIAN_POINT('',(-33.500451267,-17.5,-8.));
#4623 = DIRECTION('',(1.,0.,0.));
#4624 = DIRECTION('',(-0.,0.,1.));
#4625 = PCURVE('',#2112,#4626);
#4626 = DEFINITIONAL_REPRESENTATION('',(#4627),#4631);
#4627 = CIRCLE('',#4628,4.5);
#4628 = AXIS2_PLACEMENT_2D('',#4629,#4630);
#4629 = CARTESIAN_POINT('',(66.99999553,-64.294234681));
#4630 = DIRECTION('',(1.,0.));
#4631 = ( GEOMETRIC_REPRESENTATION_CONTEXT(2)
PARAMETRIC_REPRESENTATION_CONTEXT() REPRESENTATION_CONTEXT('2D SPACE',''
  ) );
#4632 = PCURVE('',#4633,#4638);
#4633 = CONICAL_SURFACE('',#4634,4.5,0.484412677981);
#4634 = AXIS2_PLACEMENT_3D('',#4635,#4636,#4637);
#4635 = CARTESIAN_POINT('',(-33.500451267,-17.5,-8.));
#4636 = DIRECTION('',(-1.,-0.,-0.));
#4637 = DIRECTION('',(-0.,0.,1.));
#4638 = DEFINITIONAL_REPRESENTATION('',(#4639),#4642);
#4639 = B_SPLINE_CURVE_WITH_KNOTS('',1,(#4640,#4641),.UNSPECIFIED.,.F.,
  .F.,(2,2),(0.,6.28318530718),.PIECEWISE_BEZIER_KNOTS.);
#4640 = CARTESIAN_POINT('',(0.,0.));
#4641 = CARTESIAN_POINT('',(-6.28318530718,0.));
#4642 = ( GEOMETRIC_REPRESENTATION_CONTEXT(2)
PARAMETRIC_REPRESENTATION_CONTEXT() REPRESENTATION_CONTEXT('2D SPACE',''
  ) );
#4643 = FACE_BOUND('',#4644,.T.);
#4644 = EDGE_LOOP('',(#4645));
#4645 = ORIENTED_EDGE('',*,*,#4646,.F.);
#4646 = EDGE_CURVE('',#4647,#4647,#4649,.T.);
#4647 = VERTEX_POINT('',#4648);
#4648 = CARTESIAN_POINT('',(-33.500451267,1.224646799147E-15,5.));
#4649 = SURFACE_CURVE('',#4650,(#4655,#4662),.PCURVE_S1.);
#4650 = CIRCLE('',#4651,5.);
#4651 = AXIS2_PLACEMENT_3D('',#4652,#4653,#4654);
#4652 = CARTESIAN_POINT('',(-33.500451267,0.,0.));
#4653 = DIRECTION('',(1.,0.,0.));
#4654 = DIRECTION('',(-0.,0.,1.));
#4655 = PCURVE('',#2112,#4656);
#4656 = DEFINITIONAL_REPRESENTATION('',(#4657),#4661);
#4657 = CIRCLE('',#4658,5.);
#4658 = AXIS2_PLACEMENT_2D('',#4659,#4660);
#4659 = CARTESIAN_POINT('',(74.99999553,-81.794234681));
#4660 = DIRECTION('',(1.,0.));
#4661 = ( GEOMETRIC_REPRESENTATION_CONTEXT(2)
PARAMETRIC_REPRESENTATION_CONTEXT() REPRESENTATION_CONTEXT('2D SPACE',''
  ) );
#4662 = PCURVE('',#4663,#4668);
#4663 = CYLINDRICAL_SURFACE('',#4664,5.);
#4664 = AXIS2_PLACEMENT_3D('',#4665,#4666,#4667);
#4665 = CARTESIAN_POINT('',(-33.550451267,0.,0.));
#4666 = DIRECTION('',(1.,0.,0.));
#4667 = DIRECTION('',(-0.,0.,1.));
#4668 = DEFINITIONAL_REPRESENTATION('',(#4669),#4673);
#4669 = LINE('',#4670,#4671);
#4670 = CARTESIAN_POINT('',(0.,5.E-02));
#4671 = VECTOR('',#4672,1.);
#4672 = DIRECTION('',(1.,0.));
#4673 = ( GEOMETRIC_REPRESENTATION_CONTEXT(2)
PARAMETRIC_REPRESENTATION_CONTEXT() REPRESENTATION_CONTEXT('2D SPACE',''
  ) );
#4674 = ADVANCED_FACE('',(#4675),#2170,.T.);
#4675 = FACE_BOUND('',#4676,.T.);
#4676 = EDGE_LOOP('',(#4677,#4678,#4701,#4723,#4750,#4770));
#4677 = ORIENTED_EDGE('',*,*,#2587,.F.);
#4678 = ORIENTED_EDGE('',*,*,#4679,.T.);
#4679 = EDGE_CURVE('',#392,#4680,#4682,.T.);
#4680 = VERTEX_POINT('',#4681);
#4681 = CARTESIAN_POINT('',(-41.500451267,16.301814675,11.85));
#4682 = SURFACE_CURVE('',#4683,(#4687,#4694),.PCURVE_S1.);
#4683 = LINE('',#4684,#4685);
#4684 = CARTESIAN_POINT('',(-41.500451267,24.301814675,11.85));
#4685 = VECTOR('',#4686,1.);
#4686 = DIRECTION('',(0.,-1.,0.));
#4687 = PCURVE('',#2170,#4688);
#4688 = DEFINITIONAL_REPRESENTATION('',(#4689),#4693);
#4689 = LINE('',#4690,#4691);
#4690 = CARTESIAN_POINT('',(0.,0.));
#4691 = VECTOR('',#4692,1.);
#4692 = DIRECTION('',(1.,0.));
#4693 = ( GEOMETRIC_REPRESENTATION_CONTEXT(2)
PARAMETRIC_REPRESENTATION_CONTEXT() REPRESENTATION_CONTEXT('2D SPACE',''
  ) );
#4694 = PCURVE('',#2713,#4695);
#4695 = DEFINITIONAL_REPRESENTATION('',(#4696),#4700);
#4696 = LINE('',#4697,#4698);
#4697 = CARTESIAN_POINT('',(5.656854249492,-5.656854249492));
#4698 = VECTOR('',#4699,1.);
#4699 = DIRECTION('',(-0.707106781187,0.707106781187));
#4700 = ( GEOMETRIC_REPRESENTATION_CONTEXT(2)
PARAMETRIC_REPRESENTATION_CONTEXT() REPRESENTATION_CONTEXT('2D SPACE',''
  ) );
#4701 = ORIENTED_EDGE('',*,*,#4702,.T.);
#4702 = EDGE_CURVE('',#4680,#4703,#4705,.T.);
#4703 = VERTEX_POINT('',#4704);
#4704 = CARTESIAN_POINT('',(-38.500451267,19.301814675,14.95));
#4705 = SURFACE_CURVE('',#4706,(#4709,#4716),.PCURVE_S1.);
#4706 = B_SPLINE_CURVE_WITH_KNOTS('',1,(#4707,#4708),.UNSPECIFIED.,.F.,
  .F.,(2,2),(0.,1.),.PIECEWISE_BEZIER_KNOTS.);
#4707 = CARTESIAN_POINT('',(-41.500451267,16.301814675,11.85));
#4708 = CARTESIAN_POINT('',(-38.500451267,19.301814675,14.95));
#4709 = PCURVE('',#2170,#4710);
#4710 = DEFINITIONAL_REPRESENTATION('',(#4711),#4715);
#4711 = LINE('',#4712,#4713);
#4712 = CARTESIAN_POINT('',(8.,0.));
#4713 = VECTOR('',#4714,1.);
#4714 = DIRECTION('',(0.,1.));
#4715 = ( GEOMETRIC_REPRESENTATION_CONTEXT(2)
PARAMETRIC_REPRESENTATION_CONTEXT() REPRESENTATION_CONTEXT('2D SPACE',''
  ) );
#4716 = PCURVE('',#2245,#4717);
#4717 = DEFINITIONAL_REPRESENTATION('',(#4718),#4722);
#4718 = LINE('',#4719,#4720);
#4719 = CARTESIAN_POINT('',(0.,0.));
#4720 = VECTOR('',#4721,1.);
#4721 = DIRECTION('',(0.,1.));
#4722 = ( GEOMETRIC_REPRESENTATION_CONTEXT(2)
PARAMETRIC_REPRESENTATION_CONTEXT() REPRESENTATION_CONTEXT('2D SPACE',''
  ) );
#4723 = ORIENTED_EDGE('',*,*,#4724,.F.);
#4724 = EDGE_CURVE('',#4725,#4703,#4727,.T.);
#4725 = VERTEX_POINT('',#4726);
#4726 = CARTESIAN_POINT('',(-38.500451267,21.301814675,14.95));
#4727 = SURFACE_CURVE('',#4728,(#4732,#4738),.PCURVE_S1.);
#4728 = LINE('',#4729,#4730);
#4729 = CARTESIAN_POINT('',(-38.500451267,21.301814675,14.95));
#4730 = VECTOR('',#4731,1.);
#4731 = DIRECTION('',(0.,-1.,0.));
#4732 = PCURVE('',#2170,#4733);
#4733 = DEFINITIONAL_REPRESENTATION('',(#4734),#4737);
#4734 = B_SPLINE_CURVE_WITH_KNOTS('',1,(#4735,#4736),.UNSPECIFIED.,.F.,
  .F.,(2,2),(0.,2.),.PIECEWISE_BEZIER_KNOTS.);
#4735 = CARTESIAN_POINT('',(0.,1.));
#4736 = CARTESIAN_POINT('',(8.,1.));
#4737 = ( GEOMETRIC_REPRESENTATION_CONTEXT(2)
PARAMETRIC_REPRESENTATION_CONTEXT() REPRESENTATION_CONTEXT('2D SPACE',''
  ) );
#4738 = PCURVE('',#4739,#4744);
#4739 = PLANE('',#4740);
#4740 = AXIS2_PLACEMENT_3D('',#4741,#4742,#4743);
#4741 = CARTESIAN_POINT('',(-38.500451267,19.301814675,14.95));
#4742 = DIRECTION('',(0.,0.,-1.));
#4743 = DIRECTION('',(0.707106781187,0.707106781187,0.));
#4744 = DEFINITIONAL_REPRESENTATION('',(#4745),#4749);
#4745 = LINE('',#4746,#4747);
#4746 = CARTESIAN_POINT('',(1.414213562373,-1.414213562373));
#4747 = VECTOR('',#4748,1.);
#4748 = DIRECTION('',(-0.707106781187,0.707106781187));
#4749 = ( GEOMETRIC_REPRESENTATION_CONTEXT(2)
PARAMETRIC_REPRESENTATION_CONTEXT() REPRESENTATION_CONTEXT('2D SPACE',''
  ) );
#4750 = ORIENTED_EDGE('',*,*,#4751,.F.);
#4751 = EDGE_CURVE('',#2157,#4725,#4752,.T.);
#4752 = SURFACE_CURVE('',#4753,(#4756,#4763),.PCURVE_S1.);
#4753 = B_SPLINE_CURVE_WITH_KNOTS('',1,(#4754,#4755),.UNSPECIFIED.,.F.,
  .F.,(2,2),(0.,1.),.PIECEWISE_BEZIER_KNOTS.);
#4754 = CARTESIAN_POINT('',(-41.500451267,24.301814675,11.85));
#4755 = CARTESIAN_POINT('',(-38.500451267,21.301814675,14.95));
#4756 = PCURVE('',#2170,#4757);
#4757 = DEFINITIONAL_REPRESENTATION('',(#4758),#4762);
#4758 = LINE('',#4759,#4760);
#4759 = CARTESIAN_POINT('',(0.,0.));
#4760 = VECTOR('',#4761,1.);
#4761 = DIRECTION('',(0.,1.));
#4762 = ( GEOMETRIC_REPRESENTATION_CONTEXT(2)
PARAMETRIC_REPRESENTATION_CONTEXT() REPRESENTATION_CONTEXT('2D SPACE',''
  ) );
#4763 = PCURVE('',#2195,#4764);
#4764 = DEFINITIONAL_REPRESENTATION('',(#4765),#4769);
#4765 = LINE('',#4766,#4767);
#4766 = CARTESIAN_POINT('',(8.,0.));
#4767 = VECTOR('',#4768,1.);
#4768 = DIRECTION('',(0.,1.));
#4769 = ( GEOMETRIC_REPRESENTATION_CONTEXT(2)
PARAMETRIC_REPRESENTATION_CONTEXT() REPRESENTATION_CONTEXT('2D SPACE',''
  ) );
#4770 = ORIENTED_EDGE('',*,*,#2156,.F.);
#4771 = ADVANCED_FACE('',(#4772),#2195,.T.);
#4772 = FACE_BOUND('',#4773,.T.);
#4773 = EDGE_LOOP('',(#4774,#4796,#4797,#4798));
#4774 = ORIENTED_EDGE('',*,*,#4775,.F.);
#4775 = EDGE_CURVE('',#2182,#4776,#4778,.T.);
#4776 = VERTEX_POINT('',#4777);
#4777 = CARTESIAN_POINT('',(-36.500451267,21.301814675,14.95));
#4778 = SURFACE_CURVE('',#4779,(#4782,#4789),.PCURVE_S1.);
#4779 = B_SPLINE_CURVE_WITH_KNOTS('',1,(#4780,#4781),.UNSPECIFIED.,.F.,
  .F.,(2,2),(0.,1.),.PIECEWISE_BEZIER_KNOTS.);
#4780 = CARTESIAN_POINT('',(-33.500451267,24.301814675,11.85));
#4781 = CARTESIAN_POINT('',(-36.500451267,21.301814675,14.95));
#4782 = PCURVE('',#2195,#4783);
#4783 = DEFINITIONAL_REPRESENTATION('',(#4784),#4788);
#4784 = LINE('',#4785,#4786);
#4785 = CARTESIAN_POINT('',(0.,0.));
#4786 = VECTOR('',#4787,1.);
#4787 = DIRECTION('',(0.,1.));
#4788 = ( GEOMETRIC_REPRESENTATION_CONTEXT(2)
PARAMETRIC_REPRESENTATION_CONTEXT() REPRESENTATION_CONTEXT('2D SPACE',''
  ) );
#4789 = PCURVE('',#2220,#4790);
#4790 = DEFINITIONAL_REPRESENTATION('',(#4791),#4795);
#4791 = LINE('',#4792,#4793);
#4792 = CARTESIAN_POINT('',(8.,0.));
#4793 = VECTOR('',#4794,1.);
#4794 = DIRECTION('',(0.,1.));
#4795 = ( GEOMETRIC_REPRESENTATION_CONTEXT(2)
PARAMETRIC_REPRESENTATION_CONTEXT() REPRESENTATION_CONTEXT('2D SPACE',''
  ) );
#4796 = ORIENTED_EDGE('',*,*,#2181,.F.);
#4797 = ORIENTED_EDGE('',*,*,#4751,.T.);
#4798 = ORIENTED_EDGE('',*,*,#4799,.F.);
#4799 = EDGE_CURVE('',#4776,#4725,#4800,.T.);
#4800 = SURFACE_CURVE('',#4801,(#4805,#4811),.PCURVE_S1.);
#4801 = LINE('',#4802,#4803);
#4802 = CARTESIAN_POINT('',(-36.500451267,21.301814675,14.95));
#4803 = VECTOR('',#4804,1.);
#4804 = DIRECTION('',(-1.,0.,0.));
#4805 = PCURVE('',#2195,#4806);
#4806 = DEFINITIONAL_REPRESENTATION('',(#4807),#4810);
#4807 = B_SPLINE_CURVE_WITH_KNOTS('',1,(#4808,#4809),.UNSPECIFIED.,.F.,
  .F.,(2,2),(0.,2.),.PIECEWISE_BEZIER_KNOTS.);
#4808 = CARTESIAN_POINT('',(0.,1.));
#4809 = CARTESIAN_POINT('',(8.,1.));
#4810 = ( GEOMETRIC_REPRESENTATION_CONTEXT(2)
PARAMETRIC_REPRESENTATION_CONTEXT() REPRESENTATION_CONTEXT('2D SPACE',''
  ) );
#4811 = PCURVE('',#4739,#4812);
#4812 = DEFINITIONAL_REPRESENTATION('',(#4813),#4817);
#4813 = LINE('',#4814,#4815);
#4814 = CARTESIAN_POINT('',(2.828427124746,0.));
#4815 = VECTOR('',#4816,1.);
#4816 = DIRECTION('',(-0.707106781187,-0.707106781187));
#4817 = ( GEOMETRIC_REPRESENTATION_CONTEXT(2)
PARAMETRIC_REPRESENTATION_CONTEXT() REPRESENTATION_CONTEXT('2D SPACE',''
  ) );
#4818 = ADVANCED_FACE('',(#4819),#2220,.T.);
#4819 = FACE_BOUND('',#4820,.T.);
#4820 = EDGE_LOOP('',(#4821,#4843,#4844,#4845));
#4821 = ORIENTED_EDGE('',*,*,#4822,.F.);
#4822 = EDGE_CURVE('',#2207,#4823,#4825,.T.);
#4823 = VERTEX_POINT('',#4824);
#4824 = CARTESIAN_POINT('',(-36.500451267,19.301814675,14.95));
#4825 = SURFACE_CURVE('',#4826,(#4829,#4836),.PCURVE_S1.);
#4826 = B_SPLINE_CURVE_WITH_KNOTS('',1,(#4827,#4828),.UNSPECIFIED.,.F.,
  .F.,(2,2),(0.,1.),.PIECEWISE_BEZIER_KNOTS.);
#4827 = CARTESIAN_POINT('',(-33.500451267,16.301814675,11.85));
#4828 = CARTESIAN_POINT('',(-36.500451267,19.301814675,14.95));
#4829 = PCURVE('',#2220,#4830);
#4830 = DEFINITIONAL_REPRESENTATION('',(#4831),#4835);
#4831 = LINE('',#4832,#4833);
#4832 = CARTESIAN_POINT('',(0.,0.));
#4833 = VECTOR('',#4834,1.);
#4834 = DIRECTION('',(0.,1.));
#4835 = ( GEOMETRIC_REPRESENTATION_CONTEXT(2)
PARAMETRIC_REPRESENTATION_CONTEXT() REPRESENTATION_CONTEXT('2D SPACE',''
  ) );
#4836 = PCURVE('',#2245,#4837);
#4837 = DEFINITIONAL_REPRESENTATION('',(#4838),#4842);
#4838 = LINE('',#4839,#4840);
#4839 = CARTESIAN_POINT('',(8.,0.));
#4840 = VECTOR('',#4841,1.);
#4841 = DIRECTION('',(0.,1.));
#4842 = ( GEOMETRIC_REPRESENTATION_CONTEXT(2)
PARAMETRIC_REPRESENTATION_CONTEXT() REPRESENTATION_CONTEXT('2D SPACE',''
  ) );
#4843 = ORIENTED_EDGE('',*,*,#2206,.F.);
#4844 = ORIENTED_EDGE('',*,*,#4775,.T.);
#4845 = ORIENTED_EDGE('',*,*,#4846,.F.);
#4846 = EDGE_CURVE('',#4823,#4776,#4847,.T.);
#4847 = SURFACE_CURVE('',#4848,(#4852,#4858),.PCURVE_S1.);
#4848 = LINE('',#4849,#4850);
#4849 = CARTESIAN_POINT('',(-36.500451267,19.301814675,14.95));
#4850 = VECTOR('',#4851,1.);
#4851 = DIRECTION('',(0.,1.,0.));
#4852 = PCURVE('',#2220,#4853);
#4853 = DEFINITIONAL_REPRESENTATION('',(#4854),#4857);
#4854 = B_SPLINE_CURVE_WITH_KNOTS('',1,(#4855,#4856),.UNSPECIFIED.,.F.,
  .F.,(2,2),(0.,2.),.PIECEWISE_BEZIER_KNOTS.);
#4855 = CARTESIAN_POINT('',(0.,1.));
#4856 = CARTESIAN_POINT('',(8.,1.));
#4857 = ( GEOMETRIC_REPRESENTATION_CONTEXT(2)
PARAMETRIC_REPRESENTATION_CONTEXT() REPRESENTATION_CONTEXT('2D SPACE',''
  ) );
#4858 = PCURVE('',#4739,#4859);
#4859 = DEFINITIONAL_REPRESENTATION('',(#4860),#4864);
#4860 = LINE('',#4861,#4862);
#4861 = CARTESIAN_POINT('',(1.414213562373,1.414213562373));
#4862 = VECTOR('',#4863,1.);
#4863 = DIRECTION('',(0.707106781187,-0.707106781187));
#4864 = ( GEOMETRIC_REPRESENTATION_CONTEXT(2)
PARAMETRIC_REPRESENTATION_CONTEXT() REPRESENTATION_CONTEXT('2D SPACE',''
  ) );
#4865 = ADVANCED_FACE('',(#4866),#2299,.F.);
#4866 = FACE_BOUND('',#4867,.F.);
#4867 = EDGE_LOOP('',(#4868,#4888,#4889,#4890,#4910));
#4868 = ORIENTED_EDGE('',*,*,#4869,.F.);
#4869 = EDGE_CURVE('',#2257,#4870,#4872,.T.);
#4870 = VERTEX_POINT('',#4871);
#4871 = CARTESIAN_POINT('',(-35.550451267,-19.8431457505,6.3));
#4872 = SURFACE_CURVE('',#4873,(#4876,#4882),.PCURVE_S1.);
#4873 = B_SPLINE_CURVE_WITH_KNOTS('',1,(#4874,#4875),.UNSPECIFIED.,.F.,
  .F.,(2,2),(0.,1.),.PIECEWISE_BEZIER_KNOTS.);
#4874 = CARTESIAN_POINT('',(-41.550451267,-19.8431457505,12.3));
#4875 = CARTESIAN_POINT('',(-35.550451267,-19.8431457505,6.3));
#4876 = PCURVE('',#2299,#4877);
#4877 = DEFINITIONAL_REPRESENTATION('',(#4878),#4881);
#4878 = B_SPLINE_CURVE_WITH_KNOTS('',1,(#4879,#4880),.UNSPECIFIED.,.F.,
  .F.,(2,2),(0.,1.),.PIECEWISE_BEZIER_KNOTS.);
#4879 = CARTESIAN_POINT('',(-3.14159265359,0.));
#4880 = CARTESIAN_POINT('',(-3.14159265359,-6.));
#4881 = ( GEOMETRIC_REPRESENTATION_CONTEXT(2)
PARAMETRIC_REPRESENTATION_CONTEXT() REPRESENTATION_CONTEXT('2D SPACE',''
  ) );
#4882 = PCURVE('',#2271,#4883);
#4883 = DEFINITIONAL_REPRESENTATION('',(#4884),#4887);
#4884 = B_SPLINE_CURVE_WITH_KNOTS('',1,(#4885,#4886),.UNSPECIFIED.,.F.,
  .F.,(2,2),(0.,1.),.PIECEWISE_BEZIER_KNOTS.);
#4885 = CARTESIAN_POINT('',(47.686291501015,-8.485281374239));
#4886 = CARTESIAN_POINT('',(47.686291501015,0.));
#4887 = ( GEOMETRIC_REPRESENTATION_CONTEXT(2)
PARAMETRIC_REPRESENTATION_CONTEXT() REPRESENTATION_CONTEXT('2D SPACE',''
  ) );
#4888 = ORIENTED_EDGE('',*,*,#2282,.T.);
#4889 = ORIENTED_EDGE('',*,*,#2846,.T.);
#4890 = ORIENTED_EDGE('',*,*,#4891,.T.);
#4891 = EDGE_CURVE('',#2821,#4892,#4894,.T.);
#4892 = VERTEX_POINT('',#4893);
#4893 = CARTESIAN_POINT('',(-35.550451267,-27.8431457505,-1.7));
#4894 = SURFACE_CURVE('',#4895,(#4898,#4904),.PCURVE_S1.);
#4895 = B_SPLINE_CURVE_WITH_KNOTS('',1,(#4896,#4897),.UNSPECIFIED.,.F.,
  .F.,(2,2),(0.,1.),.PIECEWISE_BEZIER_KNOTS.);
#4896 = CARTESIAN_POINT('',(-41.550451267,-33.8431457505,-1.7));
#4897 = CARTESIAN_POINT('',(-35.550451267,-27.8431457505,-1.7));
#4898 = PCURVE('',#2299,#4899);
#4899 = DEFINITIONAL_REPRESENTATION('',(#4900),#4903);
#4900 = B_SPLINE_CURVE_WITH_KNOTS('',1,(#4901,#4902),.UNSPECIFIED.,.F.,
  .F.,(2,2),(0.,1.),.PIECEWISE_BEZIER_KNOTS.);
#4901 = CARTESIAN_POINT('',(-4.712388980385,0.));
#4902 = CARTESIAN_POINT('',(-4.712388980385,-6.));
#4903 = ( GEOMETRIC_REPRESENTATION_CONTEXT(2)
PARAMETRIC_REPRESENTATION_CONTEXT() REPRESENTATION_CONTEXT('2D SPACE',''
  ) );
#4904 = PCURVE('',#2835,#4905);
#4905 = DEFINITIONAL_REPRESENTATION('',(#4906),#4909);
#4906 = B_SPLINE_CURVE_WITH_KNOTS('',1,(#4907,#4908),.UNSPECIFIED.,.F.,
  .F.,(2,2),(0.,1.),.PIECEWISE_BEZIER_KNOTS.);
#4907 = CARTESIAN_POINT('',(8.,-8.485281374239));
#4908 = CARTESIAN_POINT('',(8.,0.));
#4909 = ( GEOMETRIC_REPRESENTATION_CONTEXT(2)
PARAMETRIC_REPRESENTATION_CONTEXT() REPRESENTATION_CONTEXT('2D SPACE',''
  ) );
#4910 = ORIENTED_EDGE('',*,*,#4911,.F.);
#4911 = EDGE_CURVE('',#4870,#4892,#4912,.T.);
#4912 = SURFACE_CURVE('',#4913,(#4918,#4925),.PCURVE_S1.);
#4913 = CIRCLE('',#4914,8.);
#4914 = AXIS2_PLACEMENT_3D('',#4915,#4916,#4917);
#4915 = CARTESIAN_POINT('',(-35.550451267,-19.8431457505,-1.7));
#4916 = DIRECTION('',(1.,-0.,0.));
#4917 = DIRECTION('',(0.,0.,-1.));
#4918 = PCURVE('',#2299,#4919);
#4919 = DEFINITIONAL_REPRESENTATION('',(#4920),#4924);
#4920 = LINE('',#4921,#4922);
#4921 = CARTESIAN_POINT('',(-0.,-6.));
#4922 = VECTOR('',#4923,1.);
#4923 = DIRECTION('',(-1.,-0.));
#4924 = ( GEOMETRIC_REPRESENTATION_CONTEXT(2)
PARAMETRIC_REPRESENTATION_CONTEXT() REPRESENTATION_CONTEXT('2D SPACE',''
  ) );
#4925 = PCURVE('',#4926,#4931);
#4926 = CYLINDRICAL_SURFACE('',#4927,8.);
#4927 = AXIS2_PLACEMENT_3D('',#4928,#4929,#4930);
#4928 = CARTESIAN_POINT('',(-35.550451267,-19.8431457505,-1.7));
#4929 = DIRECTION('',(-1.,0.,-0.));
#4930 = DIRECTION('',(0.,0.,-1.));
#4931 = DEFINITIONAL_REPRESENTATION('',(#4932),#4935);
#4932 = B_SPLINE_CURVE_WITH_KNOTS('',1,(#4933,#4934),.UNSPECIFIED.,.F.,
  .F.,(2,2),(3.14159265359,4.712388980385),.PIECEWISE_BEZIER_KNOTS.);
#4933 = CARTESIAN_POINT('',(-3.14159265359,0.));
#4934 = CARTESIAN_POINT('',(-4.712388980385,0.));
#4935 = ( GEOMETRIC_REPRESENTATION_CONTEXT(2)
PARAMETRIC_REPRESENTATION_CONTEXT() REPRESENTATION_CONTEXT('2D SPACE',''
  ) );
#4936 = ADVANCED_FACE('',(#4937),#2245,.T.);
#4937 = FACE_BOUND('',#4938,.T.);
#4938 = EDGE_LOOP('',(#4939,#4940,#4963,#4990,#4991,#4992));
#4939 = ORIENTED_EDGE('',*,*,#4702,.F.);
#4940 = ORIENTED_EDGE('',*,*,#4941,.T.);
#4941 = EDGE_CURVE('',#4680,#4942,#4944,.T.);
#4942 = VERTEX_POINT('',#4943);
#4943 = CARTESIAN_POINT('',(-41.100451267,16.301814675,11.85));
#4944 = SURFACE_CURVE('',#4945,(#4949,#4956),.PCURVE_S1.);
#4945 = LINE('',#4946,#4947);
#4946 = CARTESIAN_POINT('',(-41.500451267,16.301814675,11.85));
#4947 = VECTOR('',#4948,1.);
#4948 = DIRECTION('',(1.,0.,0.));
#4949 = PCURVE('',#2245,#4950);
#4950 = DEFINITIONAL_REPRESENTATION('',(#4951),#4955);
#4951 = LINE('',#4952,#4953);
#4952 = CARTESIAN_POINT('',(0.,0.));
#4953 = VECTOR('',#4954,1.);
#4954 = DIRECTION('',(1.,0.));
#4955 = ( GEOMETRIC_REPRESENTATION_CONTEXT(2)
PARAMETRIC_REPRESENTATION_CONTEXT() REPRESENTATION_CONTEXT('2D SPACE',''
  ) );
#4956 = PCURVE('',#2713,#4957);
#4957 = DEFINITIONAL_REPRESENTATION('',(#4958),#4962);
#4958 = LINE('',#4959,#4960);
#4959 = CARTESIAN_POINT('',(0.,0.));
#4960 = VECTOR('',#4961,1.);
#4961 = DIRECTION('',(0.707106781187,0.707106781187));
#4962 = ( GEOMETRIC_REPRESENTATION_CONTEXT(2)
PARAMETRIC_REPRESENTATION_CONTEXT() REPRESENTATION_CONTEXT('2D SPACE',''
  ) );
#4963 = ORIENTED_EDGE('',*,*,#4964,.T.);
#4964 = EDGE_CURVE('',#4942,#2232,#4965,.T.);
#4965 = SURFACE_CURVE('',#4966,(#4972,#4981),.PCURVE_S1.);
#4966 = B_SPLINE_CURVE_WITH_KNOTS('',4,(#4967,#4968,#4969,#4970,#4971),
  .UNSPECIFIED.,.F.,.F.,(5,5),(0.,1.),.PIECEWISE_BEZIER_KNOTS.);
#4967 = CARTESIAN_POINT('',(-41.100451267,16.301814675,11.85));
#4968 = CARTESIAN_POINT('',(-41.11303348758,16.313991017504,
    11.862582220587));
#4969 = CARTESIAN_POINT('',(-41.12556104881,16.326114463849,
    11.875109781811));
#4970 = CARTESIAN_POINT('',(-41.1380337115,16.338184782589,
    11.887582444509));
#4971 = CARTESIAN_POINT('',(-41.150451267,16.350201771774,11.9));
#4972 = PCURVE('',#2245,#4973);
#4973 = DEFINITIONAL_REPRESENTATION('',(#4974),#4980);
#4974 = B_SPLINE_CURVE_WITH_KNOTS('',4,(#4975,#4976,#4977,#4978,#4979),
  .UNSPECIFIED.,.F.,.F.,(5,5),(0.,1.),.PIECEWISE_BEZIER_KNOTS.);
#4975 = CARTESIAN_POINT('',(0.4,0.));
#4976 = CARTESIAN_POINT('',(0.37645907116,4.05878083452E-03));
#4977 = CARTESIAN_POINT('',(0.352829313256,8.099929616472E-03));
#4978 = CARTESIAN_POINT('',(0.329111419333,1.21233691964E-02));
#4979 = CARTESIAN_POINT('',(0.305306122449,1.612903225807E-02));
#4980 = ( GEOMETRIC_REPRESENTATION_CONTEXT(2)
PARAMETRIC_REPRESENTATION_CONTEXT() REPRESENTATION_CONTEXT('2D SPACE',''
  ) );
#4981 = PCURVE('',#2271,#4982);
#4982 = DEFINITIONAL_REPRESENTATION('',(#4983),#4989);
#4983 = B_SPLINE_CURVE_WITH_KNOTS('',4,(#4984,#4985,#4986,#4987,#4988),
  .UNSPECIFIED.,.F.,.F.,(5,5),(0.,1.),.PIECEWISE_BEZIER_KNOTS.);
#4984 = CARTESIAN_POINT('',(11.541331075508,-7.848885271171));
#4985 = CARTESIAN_POINT('',(11.529154733004,-7.86667921817));
#4986 = CARTESIAN_POINT('',(11.517031286658,-7.884395865156));
#4987 = CARTESIAN_POINT('',(11.504960967918,-7.902034873902));
#4988 = CARTESIAN_POINT('',(11.492943978733,-7.919595949289));
#4989 = ( GEOMETRIC_REPRESENTATION_CONTEXT(2)
PARAMETRIC_REPRESENTATION_CONTEXT() REPRESENTATION_CONTEXT('2D SPACE',''
  ) );
#4990 = ORIENTED_EDGE('',*,*,#2231,.F.);
#4991 = ORIENTED_EDGE('',*,*,#4822,.T.);
#4992 = ORIENTED_EDGE('',*,*,#4993,.F.);
#4993 = EDGE_CURVE('',#4703,#4823,#4994,.T.);
#4994 = SURFACE_CURVE('',#4995,(#4999,#5005),.PCURVE_S1.);
#4995 = LINE('',#4996,#4997);
#4996 = CARTESIAN_POINT('',(-38.500451267,19.301814675,14.95));
#4997 = VECTOR('',#4998,1.);
#4998 = DIRECTION('',(1.,0.,0.));
#4999 = PCURVE('',#2245,#5000);
#5000 = DEFINITIONAL_REPRESENTATION('',(#5001),#5004);
#5001 = B_SPLINE_CURVE_WITH_KNOTS('',1,(#5002,#5003),.UNSPECIFIED.,.F.,
  .F.,(2,2),(0.,2.),.PIECEWISE_BEZIER_KNOTS.);
#5002 = CARTESIAN_POINT('',(0.,1.));
#5003 = CARTESIAN_POINT('',(8.,1.));
#5004 = ( GEOMETRIC_REPRESENTATION_CONTEXT(2)
PARAMETRIC_REPRESENTATION_CONTEXT() REPRESENTATION_CONTEXT('2D SPACE',''
  ) );
#5005 = PCURVE('',#4739,#5006);
#5006 = DEFINITIONAL_REPRESENTATION('',(#5007),#5011);
#5007 = LINE('',#5008,#5009);
#5008 = CARTESIAN_POINT('',(0.,0.));
#5009 = VECTOR('',#5010,1.);
#5010 = DIRECTION('',(0.707106781187,0.707106781187));
#5011 = ( GEOMETRIC_REPRESENTATION_CONTEXT(2)
PARAMETRIC_REPRESENTATION_CONTEXT() REPRESENTATION_CONTEXT('2D SPACE',''
  ) );
#5012 = ADVANCED_FACE('',(#5013),#2271,.F.);
#5013 = FACE_BOUND('',#5014,.F.);
#5014 = EDGE_LOOP('',(#5015,#5016,#5035,#5036,#5037,#5038,#5066,#5094));
#5015 = ORIENTED_EDGE('',*,*,#2725,.F.);
#5016 = ORIENTED_EDGE('',*,*,#5017,.F.);
#5017 = EDGE_CURVE('',#4942,#2694,#5018,.T.);
#5018 = SURFACE_CURVE('',#5019,(#5023,#5029),.PCURVE_S1.);
#5019 = LINE('',#5020,#5021);
#5020 = CARTESIAN_POINT('',(-41.100451267,22.072480212754,11.85));
#5021 = VECTOR('',#5022,1.);
#5022 = DIRECTION('',(-0.,1.,0.));
#5023 = PCURVE('',#2271,#5024);
#5024 = DEFINITIONAL_REPRESENTATION('',(#5025),#5028);
#5025 = B_SPLINE_CURVE_WITH_KNOTS('',1,(#5026,#5027),.UNSPECIFIED.,.F.,
  .F.,(2,2),(-6.170665537754,-2.229334462246),.PIECEWISE_BEZIER_KNOTS.);
#5026 = CARTESIAN_POINT('',(11.941331075508,-7.848885271171));
#5027 = CARTESIAN_POINT('',(8.,-7.848885271171));
#5028 = ( GEOMETRIC_REPRESENTATION_CONTEXT(2)
PARAMETRIC_REPRESENTATION_CONTEXT() REPRESENTATION_CONTEXT('2D SPACE',''
  ) );
#5029 = PCURVE('',#2713,#5030);
#5030 = DEFINITIONAL_REPRESENTATION('',(#5031),#5034);
#5031 = B_SPLINE_CURVE_WITH_KNOTS('',1,(#5032,#5033),.UNSPECIFIED.,.F.,
  .F.,(2,2),(-6.170665537754,-2.229334462246),.PIECEWISE_BEZIER_KNOTS.);
#5032 = CARTESIAN_POINT('',(-5.507461713743E-16,0.565685424949));
#5033 = CARTESIAN_POINT('',(2.786941930393,-2.221256505443));
#5034 = ( GEOMETRIC_REPRESENTATION_CONTEXT(2)
PARAMETRIC_REPRESENTATION_CONTEXT() REPRESENTATION_CONTEXT('2D SPACE',''
  ) );
#5035 = ORIENTED_EDGE('',*,*,#4964,.T.);
#5036 = ORIENTED_EDGE('',*,*,#2256,.T.);
#5037 = ORIENTED_EDGE('',*,*,#4869,.T.);
#5038 = ORIENTED_EDGE('',*,*,#5039,.F.);
#5039 = EDGE_CURVE('',#5040,#4870,#5042,.T.);
#5040 = VERTEX_POINT('',#5041);
#5041 = CARTESIAN_POINT('',(-35.550451267,-3.051229260479,6.3));
#5042 = SURFACE_CURVE('',#5043,(#5047,#5054),.PCURVE_S1.);
#5043 = LINE('',#5044,#5045);
#5044 = CARTESIAN_POINT('',(-35.550451267,27.843145750508,6.3));
#5045 = VECTOR('',#5046,1.);
#5046 = DIRECTION('',(0.,-1.,0.));
#5047 = PCURVE('',#2271,#5048);
#5048 = DEFINITIONAL_REPRESENTATION('',(#5049),#5053);
#5049 = LINE('',#5050,#5051);
#5050 = CARTESIAN_POINT('',(0.,0.));
#5051 = VECTOR('',#5052,1.);
#5052 = DIRECTION('',(1.,0.));
#5053 = ( GEOMETRIC_REPRESENTATION_CONTEXT(2)
PARAMETRIC_REPRESENTATION_CONTEXT() REPRESENTATION_CONTEXT('2D SPACE',''
  ) );
#5054 = PCURVE('',#5055,#5060);
#5055 = PLANE('',#5056);
#5056 = AXIS2_PLACEMENT_3D('',#5057,#5058,#5059);
#5057 = CARTESIAN_POINT('',(-35.550451267,19.843145750508,6.3));
#5058 = DIRECTION('',(0.,0.,-1.));
#5059 = DIRECTION('',(0.,-1.,0.));
#5060 = DEFINITIONAL_REPRESENTATION('',(#5061),#5065);
#5061 = LINE('',#5062,#5063);
#5062 = CARTESIAN_POINT('',(-8.,-0.));
#5063 = VECTOR('',#5064,1.);
#5064 = DIRECTION('',(1.,0.));
#5065 = ( GEOMETRIC_REPRESENTATION_CONTEXT(2)
PARAMETRIC_REPRESENTATION_CONTEXT() REPRESENTATION_CONTEXT('2D SPACE',''
  ) );
#5066 = ORIENTED_EDGE('',*,*,#5067,.F.);
#5067 = EDGE_CURVE('',#5068,#5040,#5070,.T.);
#5068 = VERTEX_POINT('',#5069);
#5069 = CARTESIAN_POINT('',(-35.550451267,3.051229260478,6.3));
#5070 = SURFACE_CURVE('',#5071,(#5075,#5082),.PCURVE_S1.);
#5071 = LINE('',#5072,#5073);
#5072 = CARTESIAN_POINT('',(-35.550451267,27.843145750508,6.3));
#5073 = VECTOR('',#5074,1.);
#5074 = DIRECTION('',(0.,-1.,0.));
#5075 = PCURVE('',#2271,#5076);
#5076 = DEFINITIONAL_REPRESENTATION('',(#5077),#5081);
#5077 = LINE('',#5078,#5079);
#5078 = CARTESIAN_POINT('',(0.,0.));
#5079 = VECTOR('',#5080,1.);
#5080 = DIRECTION('',(1.,0.));
#5081 = ( GEOMETRIC_REPRESENTATION_CONTEXT(2)
PARAMETRIC_REPRESENTATION_CONTEXT() REPRESENTATION_CONTEXT('2D SPACE',''
  ) );
#5082 = PCURVE('',#5083,#5088);
#5083 = PLANE('',#5084);
#5084 = AXIS2_PLACEMENT_3D('',#5085,#5086,#5087);
#5085 = CARTESIAN_POINT('',(-35.550451267,0.,0.));
#5086 = DIRECTION('',(1.,0.,0.));
#5087 = DIRECTION('',(0.,1.,0.));
#5088 = DEFINITIONAL_REPRESENTATION('',(#5089),#5093);
#5089 = LINE('',#5090,#5091);
#5090 = CARTESIAN_POINT('',(27.843145750508,6.3));
#5091 = VECTOR('',#5092,1.);
#5092 = DIRECTION('',(-1.,0.));
#5093 = ( GEOMETRIC_REPRESENTATION_CONTEXT(2)
PARAMETRIC_REPRESENTATION_CONTEXT() REPRESENTATION_CONTEXT('2D SPACE',''
  ) );
#5094 = ORIENTED_EDGE('',*,*,#5095,.F.);
#5095 = EDGE_CURVE('',#2726,#5068,#5096,.T.);
#5096 = SURFACE_CURVE('',#5097,(#5101,#5108),.PCURVE_S1.);
#5097 = LINE('',#5098,#5099);
#5098 = CARTESIAN_POINT('',(-35.550451267,27.843145750508,6.3));
#5099 = VECTOR('',#5100,1.);
#5100 = DIRECTION('',(0.,-1.,0.));
#5101 = PCURVE('',#2271,#5102);
#5102 = DEFINITIONAL_REPRESENTATION('',(#5103),#5107);
#5103 = LINE('',#5104,#5105);
#5104 = CARTESIAN_POINT('',(0.,0.));
#5105 = VECTOR('',#5106,1.);
#5106 = DIRECTION('',(1.,0.));
#5107 = ( GEOMETRIC_REPRESENTATION_CONTEXT(2)
PARAMETRIC_REPRESENTATION_CONTEXT() REPRESENTATION_CONTEXT('2D SPACE',''
  ) );
#5108 = PCURVE('',#5109,#5114);
#5109 = PLANE('',#5110);
#5110 = AXIS2_PLACEMENT_3D('',#5111,#5112,#5113);
#5111 = CARTESIAN_POINT('',(-35.550451267,19.843145750508,6.3));
#5112 = DIRECTION('',(0.,0.,-1.));
#5113 = DIRECTION('',(0.,-1.,0.));
#5114 = DEFINITIONAL_REPRESENTATION('',(#5115),#5119);
#5115 = LINE('',#5116,#5117);
#5116 = CARTESIAN_POINT('',(-8.,-0.));
#5117 = VECTOR('',#5118,1.);
#5118 = DIRECTION('',(1.,0.));
#5119 = ( GEOMETRIC_REPRESENTATION_CONTEXT(2)
PARAMETRIC_REPRESENTATION_CONTEXT() REPRESENTATION_CONTEXT('2D SPACE',''
  ) );
#5120 = ADVANCED_FACE('',(#5121),#2394,.T.);
#5121 = FACE_BOUND('',#5122,.T.);
#5122 = EDGE_LOOP('',(#5123,#5145,#5146,#5168));
#5123 = ORIENTED_EDGE('',*,*,#5124,.F.);
#5124 = EDGE_CURVE('',#2381,#5125,#5127,.T.);
#5125 = VERTEX_POINT('',#5126);
#5126 = CARTESIAN_POINT('',(-36.500451267,-62.744234681,14.95));
#5127 = SURFACE_CURVE('',#5128,(#5131,#5138),.PCURVE_S1.);
#5128 = B_SPLINE_CURVE_WITH_KNOTS('',1,(#5129,#5130),.UNSPECIFIED.,.F.,
  .F.,(2,2),(0.,1.),.PIECEWISE_BEZIER_KNOTS.);
#5129 = CARTESIAN_POINT('',(-33.500451267,-65.744234681,11.85));
#5130 = CARTESIAN_POINT('',(-36.500451267,-62.744234681,14.95));
#5131 = PCURVE('',#2394,#5132);
#5132 = DEFINITIONAL_REPRESENTATION('',(#5133),#5137);
#5133 = LINE('',#5134,#5135);
#5134 = CARTESIAN_POINT('',(0.,0.));
#5135 = VECTOR('',#5136,1.);
#5136 = DIRECTION('',(0.,1.));
#5137 = ( GEOMETRIC_REPRESENTATION_CONTEXT(2)
PARAMETRIC_REPRESENTATION_CONTEXT() REPRESENTATION_CONTEXT('2D SPACE',''
  ) );
#5138 = PCURVE('',#2419,#5139);
#5139 = DEFINITIONAL_REPRESENTATION('',(#5140),#5144);
#5140 = LINE('',#5141,#5142);
#5141 = CARTESIAN_POINT('',(8.,0.));
#5142 = VECTOR('',#5143,1.);
#5143 = DIRECTION('',(0.,1.));
#5144 = ( GEOMETRIC_REPRESENTATION_CONTEXT(2)
PARAMETRIC_REPRESENTATION_CONTEXT() REPRESENTATION_CONTEXT('2D SPACE',''
  ) );
#5145 = ORIENTED_EDGE('',*,*,#2378,.F.);
#5146 = ORIENTED_EDGE('',*,*,#5147,.T.);
#5147 = EDGE_CURVE('',#2379,#5148,#5150,.T.);
#5148 = VERTEX_POINT('',#5149);
#5149 = CARTESIAN_POINT('',(-36.500451267,-60.744234681,14.95));
#5150 = SURFACE_CURVE('',#5151,(#5154,#5161),.PCURVE_S1.);
#5151 = B_SPLINE_CURVE_WITH_KNOTS('',1,(#5152,#5153),.UNSPECIFIED.,.F.,
  .F.,(2,2),(0.,1.),.PIECEWISE_BEZIER_KNOTS.);
#5152 = CARTESIAN_POINT('',(-33.500451267,-57.744234681,11.85));
#5153 = CARTESIAN_POINT('',(-36.500451267,-60.744234681,14.95));
#5154 = PCURVE('',#2394,#5155);
#5155 = DEFINITIONAL_REPRESENTATION('',(#5156),#5160);
#5156 = LINE('',#5157,#5158);
#5157 = CARTESIAN_POINT('',(8.,0.));
#5158 = VECTOR('',#5159,1.);
#5159 = DIRECTION('',(0.,1.));
#5160 = ( GEOMETRIC_REPRESENTATION_CONTEXT(2)
PARAMETRIC_REPRESENTATION_CONTEXT() REPRESENTATION_CONTEXT('2D SPACE',''
  ) );
#5161 = PCURVE('',#2467,#5162);
#5162 = DEFINITIONAL_REPRESENTATION('',(#5163),#5167);
#5163 = LINE('',#5164,#5165);
#5164 = CARTESIAN_POINT('',(0.,0.));
#5165 = VECTOR('',#5166,1.);
#5166 = DIRECTION('',(0.,1.));
#5167 = ( GEOMETRIC_REPRESENTATION_CONTEXT(2)
PARAMETRIC_REPRESENTATION_CONTEXT() REPRESENTATION_CONTEXT('2D SPACE',''
  ) );
#5168 = ORIENTED_EDGE('',*,*,#5169,.F.);
#5169 = EDGE_CURVE('',#5125,#5148,#5170,.T.);
#5170 = SURFACE_CURVE('',#5171,(#5175,#5181),.PCURVE_S1.);
#5171 = LINE('',#5172,#5173);
#5172 = CARTESIAN_POINT('',(-36.500451267,-62.744234681,14.95));
#5173 = VECTOR('',#5174,1.);
#5174 = DIRECTION('',(0.,1.,0.));
#5175 = PCURVE('',#2394,#5176);
#5176 = DEFINITIONAL_REPRESENTATION('',(#5177),#5180);
#5177 = B_SPLINE_CURVE_WITH_KNOTS('',1,(#5178,#5179),.UNSPECIFIED.,.F.,
  .F.,(2,2),(0.,2.),.PIECEWISE_BEZIER_KNOTS.);
#5178 = CARTESIAN_POINT('',(0.,1.));
#5179 = CARTESIAN_POINT('',(8.,1.));
#5180 = ( GEOMETRIC_REPRESENTATION_CONTEXT(2)
PARAMETRIC_REPRESENTATION_CONTEXT() REPRESENTATION_CONTEXT('2D SPACE',''
  ) );
#5181 = PCURVE('',#5182,#5187);
#5182 = PLANE('',#5183);
#5183 = AXIS2_PLACEMENT_3D('',#5184,#5185,#5186);
#5184 = CARTESIAN_POINT('',(-38.500451267,-62.744234681,14.95));
#5185 = DIRECTION('',(0.,0.,-1.));
#5186 = DIRECTION('',(0.707106781187,0.707106781187,0.));
#5187 = DEFINITIONAL_REPRESENTATION('',(#5188),#5192);
#5188 = LINE('',#5189,#5190);
#5189 = CARTESIAN_POINT('',(1.414213562373,1.414213562373));
#5190 = VECTOR('',#5191,1.);
#5191 = DIRECTION('',(0.707106781187,-0.707106781187));
#5192 = ( GEOMETRIC_REPRESENTATION_CONTEXT(2)
PARAMETRIC_REPRESENTATION_CONTEXT() REPRESENTATION_CONTEXT('2D SPACE',''
  ) );
#5193 = ADVANCED_FACE('',(#5194),#2467,.T.);
#5194 = FACE_BOUND('',#5195,.T.);
#5195 = EDGE_LOOP('',(#5196,#5197,#5198,#5220));
#5196 = ORIENTED_EDGE('',*,*,#5147,.F.);
#5197 = ORIENTED_EDGE('',*,*,#2455,.F.);
#5198 = ORIENTED_EDGE('',*,*,#5199,.T.);
#5199 = EDGE_CURVE('',#2431,#5200,#5202,.T.);
#5200 = VERTEX_POINT('',#5201);
#5201 = CARTESIAN_POINT('',(-38.500451267,-60.744234681,14.95));
#5202 = SURFACE_CURVE('',#5203,(#5206,#5213),.PCURVE_S1.);
#5203 = B_SPLINE_CURVE_WITH_KNOTS('',1,(#5204,#5205),.UNSPECIFIED.,.F.,
  .F.,(2,2),(0.,1.),.PIECEWISE_BEZIER_KNOTS.);
#5204 = CARTESIAN_POINT('',(-41.500451267,-57.744234681,11.85));
#5205 = CARTESIAN_POINT('',(-38.500451267,-60.744234681,14.95));
#5206 = PCURVE('',#2467,#5207);
#5207 = DEFINITIONAL_REPRESENTATION('',(#5208),#5212);
#5208 = LINE('',#5209,#5210);
#5209 = CARTESIAN_POINT('',(8.,0.));
#5210 = VECTOR('',#5211,1.);
#5211 = DIRECTION('',(0.,1.));
#5212 = ( GEOMETRIC_REPRESENTATION_CONTEXT(2)
PARAMETRIC_REPRESENTATION_CONTEXT() REPRESENTATION_CONTEXT('2D SPACE',''
  ) );
#5213 = PCURVE('',#2444,#5214);
#5214 = DEFINITIONAL_REPRESENTATION('',(#5215),#5219);
#5215 = LINE('',#5216,#5217);
#5216 = CARTESIAN_POINT('',(0.,0.));
#5217 = VECTOR('',#5218,1.);
#5218 = DIRECTION('',(0.,1.));
#5219 = ( GEOMETRIC_REPRESENTATION_CONTEXT(2)
PARAMETRIC_REPRESENTATION_CONTEXT() REPRESENTATION_CONTEXT('2D SPACE',''
  ) );
#5220 = ORIENTED_EDGE('',*,*,#5221,.F.);
#5221 = EDGE_CURVE('',#5148,#5200,#5222,.T.);
#5222 = SURFACE_CURVE('',#5223,(#5227,#5233),.PCURVE_S1.);
#5223 = LINE('',#5224,#5225);
#5224 = CARTESIAN_POINT('',(-36.500451267,-60.744234681,14.95));
#5225 = VECTOR('',#5226,1.);
#5226 = DIRECTION('',(-1.,0.,0.));
#5227 = PCURVE('',#2467,#5228);
#5228 = DEFINITIONAL_REPRESENTATION('',(#5229),#5232);
#5229 = B_SPLINE_CURVE_WITH_KNOTS('',1,(#5230,#5231),.UNSPECIFIED.,.F.,
  .F.,(2,2),(0.,2.),.PIECEWISE_BEZIER_KNOTS.);
#5230 = CARTESIAN_POINT('',(0.,1.));
#5231 = CARTESIAN_POINT('',(8.,1.));
#5232 = ( GEOMETRIC_REPRESENTATION_CONTEXT(2)
PARAMETRIC_REPRESENTATION_CONTEXT() REPRESENTATION_CONTEXT('2D SPACE',''
  ) );
#5233 = PCURVE('',#5182,#5234);
#5234 = DEFINITIONAL_REPRESENTATION('',(#5235),#5239);
#5235 = LINE('',#5236,#5237);
#5236 = CARTESIAN_POINT('',(2.828427124746,0.));
#5237 = VECTOR('',#5238,1.);
#5238 = DIRECTION('',(-0.707106781187,-0.707106781187));
#5239 = ( GEOMETRIC_REPRESENTATION_CONTEXT(2)
PARAMETRIC_REPRESENTATION_CONTEXT() REPRESENTATION_CONTEXT('2D SPACE',''
  ) );
#5240 = ADVANCED_FACE('',(#5241),#2419,.T.);
#5241 = FACE_BOUND('',#5242,.T.);
#5242 = EDGE_LOOP('',(#5243,#5265,#5266,#5267));
#5243 = ORIENTED_EDGE('',*,*,#5244,.F.);
#5244 = EDGE_CURVE('',#2406,#5245,#5247,.T.);
#5245 = VERTEX_POINT('',#5246);
#5246 = CARTESIAN_POINT('',(-38.500451267,-62.744234681,14.95));
#5247 = SURFACE_CURVE('',#5248,(#5251,#5258),.PCURVE_S1.);
#5248 = B_SPLINE_CURVE_WITH_KNOTS('',1,(#5249,#5250),.UNSPECIFIED.,.F.,
  .F.,(2,2),(0.,1.),.PIECEWISE_BEZIER_KNOTS.);
#5249 = CARTESIAN_POINT('',(-41.500451267,-65.744234681,11.85));
#5250 = CARTESIAN_POINT('',(-38.500451267,-62.744234681,14.95));
#5251 = PCURVE('',#2419,#5252);
#5252 = DEFINITIONAL_REPRESENTATION('',(#5253),#5257);
#5253 = LINE('',#5254,#5255);
#5254 = CARTESIAN_POINT('',(0.,0.));
#5255 = VECTOR('',#5256,1.);
#5256 = DIRECTION('',(0.,1.));
#5257 = ( GEOMETRIC_REPRESENTATION_CONTEXT(2)
PARAMETRIC_REPRESENTATION_CONTEXT() REPRESENTATION_CONTEXT('2D SPACE',''
  ) );
#5258 = PCURVE('',#2444,#5259);
#5259 = DEFINITIONAL_REPRESENTATION('',(#5260),#5264);
#5260 = LINE('',#5261,#5262);
#5261 = CARTESIAN_POINT('',(8.,0.));
#5262 = VECTOR('',#5263,1.);
#5263 = DIRECTION('',(0.,1.));
#5264 = ( GEOMETRIC_REPRESENTATION_CONTEXT(2)
PARAMETRIC_REPRESENTATION_CONTEXT() REPRESENTATION_CONTEXT('2D SPACE',''
  ) );
#5265 = ORIENTED_EDGE('',*,*,#2405,.F.);
#5266 = ORIENTED_EDGE('',*,*,#5124,.T.);
#5267 = ORIENTED_EDGE('',*,*,#5268,.F.);
#5268 = EDGE_CURVE('',#5245,#5125,#5269,.T.);
#5269 = SURFACE_CURVE('',#5270,(#5274,#5280),.PCURVE_S1.);
#5270 = LINE('',#5271,#5272);
#5271 = CARTESIAN_POINT('',(-38.500451267,-62.744234681,14.95));
#5272 = VECTOR('',#5273,1.);
#5273 = DIRECTION('',(1.,0.,0.));
#5274 = PCURVE('',#2419,#5275);
#5275 = DEFINITIONAL_REPRESENTATION('',(#5276),#5279);
#5276 = B_SPLINE_CURVE_WITH_KNOTS('',1,(#5277,#5278),.UNSPECIFIED.,.F.,
  .F.,(2,2),(0.,2.),.PIECEWISE_BEZIER_KNOTS.);
#5277 = CARTESIAN_POINT('',(0.,1.));
#5278 = CARTESIAN_POINT('',(8.,1.));
#5279 = ( GEOMETRIC_REPRESENTATION_CONTEXT(2)
PARAMETRIC_REPRESENTATION_CONTEXT() REPRESENTATION_CONTEXT('2D SPACE',''
  ) );
#5280 = PCURVE('',#5182,#5281);
#5281 = DEFINITIONAL_REPRESENTATION('',(#5282),#5286);
#5282 = LINE('',#5283,#5284);
#5283 = CARTESIAN_POINT('',(0.,0.));
#5284 = VECTOR('',#5285,1.);
#5285 = DIRECTION('',(0.707106781187,0.707106781187));
#5286 = ( GEOMETRIC_REPRESENTATION_CONTEXT(2)
PARAMETRIC_REPRESENTATION_CONTEXT() REPRESENTATION_CONTEXT('2D SPACE',''
  ) );
#5287 = ADVANCED_FACE('',(#5288),#2444,.T.);
#5288 = FACE_BOUND('',#5289,.T.);
#5289 = EDGE_LOOP('',(#5290,#5291,#5292,#5293));
#5290 = ORIENTED_EDGE('',*,*,#5199,.F.);
#5291 = ORIENTED_EDGE('',*,*,#2430,.F.);
#5292 = ORIENTED_EDGE('',*,*,#5244,.T.);
#5293 = ORIENTED_EDGE('',*,*,#5294,.F.);
#5294 = EDGE_CURVE('',#5200,#5245,#5295,.T.);
#5295 = SURFACE_CURVE('',#5296,(#5300,#5306),.PCURVE_S1.);
#5296 = LINE('',#5297,#5298);
#5297 = CARTESIAN_POINT('',(-38.500451267,-60.744234681,14.95));
#5298 = VECTOR('',#5299,1.);
#5299 = DIRECTION('',(0.,-1.,0.));
#5300 = PCURVE('',#2444,#5301);
#5301 = DEFINITIONAL_REPRESENTATION('',(#5302),#5305);
#5302 = B_SPLINE_CURVE_WITH_KNOTS('',1,(#5303,#5304),.UNSPECIFIED.,.F.,
  .F.,(2,2),(0.,2.),.PIECEWISE_BEZIER_KNOTS.);
#5303 = CARTESIAN_POINT('',(0.,1.));
#5304 = CARTESIAN_POINT('',(8.,1.));
#5305 = ( GEOMETRIC_REPRESENTATION_CONTEXT(2)
PARAMETRIC_REPRESENTATION_CONTEXT() REPRESENTATION_CONTEXT('2D SPACE',''
  ) );
#5306 = PCURVE('',#5182,#5307);
#5307 = DEFINITIONAL_REPRESENTATION('',(#5308),#5312);
#5308 = LINE('',#5309,#5310);
#5309 = CARTESIAN_POINT('',(1.414213562373,-1.414213562373));
#5310 = VECTOR('',#5311,1.);
#5311 = DIRECTION('',(-0.707106781187,0.707106781187));
#5312 = ( GEOMETRIC_REPRESENTATION_CONTEXT(2)
PARAMETRIC_REPRESENTATION_CONTEXT() REPRESENTATION_CONTEXT('2D SPACE',''
  ) );
#5313 = ADVANCED_FACE('',(#5314),#2501,.F.);
#5314 = FACE_BOUND('',#5315,.F.);
#5315 = EDGE_LOOP('',(#5316,#5339,#5366,#5367));
#5316 = ORIENTED_EDGE('',*,*,#5317,.T.);
#5317 = EDGE_CURVE('',#2481,#5318,#5320,.T.);
#5318 = VERTEX_POINT('',#5319);
#5319 = CARTESIAN_POINT('',(-39.200451267,-20.721210003,10.7));
#5320 = SEAM_CURVE('',#5321,(#5325,#5332),.PCURVE_S1.);
#5321 = LINE('',#5322,#5323);
#5322 = CARTESIAN_POINT('',(-39.200451267,-20.721210003,11.95));
#5323 = VECTOR('',#5324,1.);
#5324 = DIRECTION('',(0.,0.,-1.));
#5325 = PCURVE('',#2501,#5326);
#5326 = DEFINITIONAL_REPRESENTATION('',(#5327),#5331);
#5327 = LINE('',#5328,#5329);
#5328 = CARTESIAN_POINT('',(6.28318530718,-0.));
#5329 = VECTOR('',#5330,1.);
#5330 = DIRECTION('',(0.,1.));
#5331 = ( GEOMETRIC_REPRESENTATION_CONTEXT(2)
PARAMETRIC_REPRESENTATION_CONTEXT() REPRESENTATION_CONTEXT('2D SPACE',''
  ) );
#5332 = PCURVE('',#2501,#5333);
#5333 = DEFINITIONAL_REPRESENTATION('',(#5334),#5338);
#5334 = LINE('',#5335,#5336);
#5335 = CARTESIAN_POINT('',(0.,-0.));
#5336 = VECTOR('',#5337,1.);
#5337 = DIRECTION('',(0.,1.));
#5338 = ( GEOMETRIC_REPRESENTATION_CONTEXT(2)
PARAMETRIC_REPRESENTATION_CONTEXT() REPRESENTATION_CONTEXT('2D SPACE',''
  ) );
#5339 = ORIENTED_EDGE('',*,*,#5340,.F.);
#5340 = EDGE_CURVE('',#5318,#5318,#5341,.T.);
#5341 = SURFACE_CURVE('',#5342,(#5347,#5354),.PCURVE_S1.);
#5342 = CIRCLE('',#5343,1.7);
#5343 = AXIS2_PLACEMENT_3D('',#5344,#5345,#5346);
#5344 = CARTESIAN_POINT('',(-37.500451267,-20.721210003,10.7));
#5345 = DIRECTION('',(0.,0.,-1.));
#5346 = DIRECTION('',(-1.,0.,-0.));
#5347 = PCURVE('',#2501,#5348);
#5348 = DEFINITIONAL_REPRESENTATION('',(#5349),#5353);
#5349 = LINE('',#5350,#5351);
#5350 = CARTESIAN_POINT('',(0.,1.25));
#5351 = VECTOR('',#5352,1.);
#5352 = DIRECTION('',(1.,0.));
#5353 = ( GEOMETRIC_REPRESENTATION_CONTEXT(2)
PARAMETRIC_REPRESENTATION_CONTEXT() REPRESENTATION_CONTEXT('2D SPACE',''
  ) );
#5354 = PCURVE('',#5355,#5360);
#5355 = PLANE('',#5356);
#5356 = AXIS2_PLACEMENT_3D('',#5357,#5358,#5359);
#5357 = CARTESIAN_POINT('',(-37.500451267,-20.721210003,10.7));
#5358 = DIRECTION('',(0.,0.,-1.));
#5359 = DIRECTION('',(-1.,0.,-0.));
#5360 = DEFINITIONAL_REPRESENTATION('',(#5361),#5365);
#5361 = CIRCLE('',#5362,1.7);
#5362 = AXIS2_PLACEMENT_2D('',#5363,#5364);
#5363 = CARTESIAN_POINT('',(0.,0.));
#5364 = DIRECTION('',(1.,0.));
#5365 = ( GEOMETRIC_REPRESENTATION_CONTEXT(2)
PARAMETRIC_REPRESENTATION_CONTEXT() REPRESENTATION_CONTEXT('2D SPACE',''
  ) );
#5366 = ORIENTED_EDGE('',*,*,#5317,.F.);
#5367 = ORIENTED_EDGE('',*,*,#2480,.T.);
#5368 = ADVANCED_FACE('',(#5369),#2573,.F.);
#5369 = FACE_BOUND('',#5370,.T.);
#5370 = EDGE_LOOP('',(#5371,#5394,#5423,#5444));
#5371 = ORIENTED_EDGE('',*,*,#5372,.T.);
#5372 = EDGE_CURVE('',#2517,#5373,#5375,.T.);
#5373 = VERTEX_POINT('',#5374);
#5374 = CARTESIAN_POINT('',(-35.450451267,19.843145750508,-70.3431457505
    ));
#5375 = SURFACE_CURVE('',#5376,(#5380,#5387),.PCURVE_S1.);
#5376 = LINE('',#5377,#5378);
#5377 = CARTESIAN_POINT('',(-35.550451267,19.843145750508,-70.3431457505
    ));
#5378 = VECTOR('',#5379,1.);
#5379 = DIRECTION('',(1.,0.,0.));
#5380 = PCURVE('',#2573,#5381);
#5381 = DEFINITIONAL_REPRESENTATION('',(#5382),#5386);
#5382 = LINE('',#5383,#5384);
#5383 = CARTESIAN_POINT('',(-0.,0.));
#5384 = VECTOR('',#5385,1.);
#5385 = DIRECTION('',(-0.,-1.));
#5386 = ( GEOMETRIC_REPRESENTATION_CONTEXT(2)
PARAMETRIC_REPRESENTATION_CONTEXT() REPRESENTATION_CONTEXT('2D SPACE',''
  ) );
#5387 = PCURVE('',#2960,#5388);
#5388 = DEFINITIONAL_REPRESENTATION('',(#5389),#5393);
#5389 = LINE('',#5390,#5391);
#5390 = CARTESIAN_POINT('',(39.686291501015,0.));
#5391 = VECTOR('',#5392,1.);
#5392 = DIRECTION('',(0.,-1.));
#5393 = ( GEOMETRIC_REPRESENTATION_CONTEXT(2)
PARAMETRIC_REPRESENTATION_CONTEXT() REPRESENTATION_CONTEXT('2D SPACE',''
  ) );
#5394 = ORIENTED_EDGE('',*,*,#5395,.T.);
#5395 = EDGE_CURVE('',#5373,#5396,#5398,.T.);
#5396 = VERTEX_POINT('',#5397);
#5397 = CARTESIAN_POINT('',(-35.450451267,27.843145750508,-62.3431457505
    ));
#5398 = SURFACE_CURVE('',#5399,(#5404,#5411),.PCURVE_S1.);
#5399 = CIRCLE('',#5400,8.);
#5400 = AXIS2_PLACEMENT_3D('',#5401,#5402,#5403);
#5401 = CARTESIAN_POINT('',(-35.450451267,19.843145750508,-62.3431457505
    ));
#5402 = DIRECTION('',(1.,-0.,0.));
#5403 = DIRECTION('',(0.,0.,-1.));
#5404 = PCURVE('',#2573,#5405);
#5405 = DEFINITIONAL_REPRESENTATION('',(#5406),#5410);
#5406 = LINE('',#5407,#5408);
#5407 = CARTESIAN_POINT('',(-0.,-1.E-01));
#5408 = VECTOR('',#5409,1.);
#5409 = DIRECTION('',(-1.,0.));
#5410 = ( GEOMETRIC_REPRESENTATION_CONTEXT(2)
PARAMETRIC_REPRESENTATION_CONTEXT() REPRESENTATION_CONTEXT('2D SPACE',''
  ) );
#5411 = PCURVE('',#5412,#5417);
#5412 = PLANE('',#5413);
#5413 = AXIS2_PLACEMENT_3D('',#5414,#5415,#5416);
#5414 = CARTESIAN_POINT('',(-35.450451267,0.,-32.02157287525));
#5415 = DIRECTION('',(1.,0.,0.));
#5416 = DIRECTION('',(0.,1.,0.));
#5417 = DEFINITIONAL_REPRESENTATION('',(#5418),#5422);
#5418 = CIRCLE('',#5419,8.);
#5419 = AXIS2_PLACEMENT_2D('',#5420,#5421);
#5420 = CARTESIAN_POINT('',(19.843145750508,-30.32157287525));
#5421 = DIRECTION('',(0.,-1.));
#5422 = ( GEOMETRIC_REPRESENTATION_CONTEXT(2)
PARAMETRIC_REPRESENTATION_CONTEXT() REPRESENTATION_CONTEXT('2D SPACE',''
  ) );
#5423 = ORIENTED_EDGE('',*,*,#5424,.F.);
#5424 = EDGE_CURVE('',#2539,#5396,#5425,.T.);
#5425 = SURFACE_CURVE('',#5426,(#5430,#5437),.PCURVE_S1.);
#5426 = LINE('',#5427,#5428);
#5427 = CARTESIAN_POINT('',(-35.550451267,27.843145750508,-62.3431457505
    ));
#5428 = VECTOR('',#5429,1.);
#5429 = DIRECTION('',(1.,0.,0.));
#5430 = PCURVE('',#2573,#5431);
#5431 = DEFINITIONAL_REPRESENTATION('',(#5432),#5436);
#5432 = LINE('',#5433,#5434);
#5433 = CARTESIAN_POINT('',(-1.570796326795,0.));
#5434 = VECTOR('',#5435,1.);
#5435 = DIRECTION('',(-0.,-1.));
#5436 = ( GEOMETRIC_REPRESENTATION_CONTEXT(2)
PARAMETRIC_REPRESENTATION_CONTEXT() REPRESENTATION_CONTEXT('2D SPACE',''
  ) );
#5437 = PCURVE('',#2676,#5438);
#5438 = DEFINITIONAL_REPRESENTATION('',(#5439),#5443);
#5439 = LINE('',#5440,#5441);
#5440 = CARTESIAN_POINT('',(0.,0.));
#5441 = VECTOR('',#5442,1.);
#5442 = DIRECTION('',(0.,-1.));
#5443 = ( GEOMETRIC_REPRESENTATION_CONTEXT(2)
PARAMETRIC_REPRESENTATION_CONTEXT() REPRESENTATION_CONTEXT('2D SPACE',''
  ) );
#5444 = ORIENTED_EDGE('',*,*,#2558,.F.);
#5445 = ADVANCED_FACE('',(#5446),#2676,.T.);
#5446 = FACE_BOUND('',#5447,.T.);
#5447 = EDGE_LOOP('',(#5448,#5449,#5472,#5493));
#5448 = ORIENTED_EDGE('',*,*,#5424,.T.);
#5449 = ORIENTED_EDGE('',*,*,#5450,.T.);
#5450 = EDGE_CURVE('',#5396,#5451,#5453,.T.);
#5451 = VERTEX_POINT('',#5452);
#5452 = CARTESIAN_POINT('',(-35.450451267,27.843145750508,-1.7));
#5453 = SURFACE_CURVE('',#5454,(#5458,#5465),.PCURVE_S1.);
#5454 = LINE('',#5455,#5456);
#5455 = CARTESIAN_POINT('',(-35.450451267,27.843145750508,-70.3431457505
    ));
#5456 = VECTOR('',#5457,1.);
#5457 = DIRECTION('',(0.,0.,1.));
#5458 = PCURVE('',#2676,#5459);
#5459 = DEFINITIONAL_REPRESENTATION('',(#5460),#5464);
#5460 = LINE('',#5461,#5462);
#5461 = CARTESIAN_POINT('',(-8.,-0.1));
#5462 = VECTOR('',#5463,1.);
#5463 = DIRECTION('',(1.,0.));
#5464 = ( GEOMETRIC_REPRESENTATION_CONTEXT(2)
PARAMETRIC_REPRESENTATION_CONTEXT() REPRESENTATION_CONTEXT('2D SPACE',''
  ) );
#5465 = PCURVE('',#5412,#5466);
#5466 = DEFINITIONAL_REPRESENTATION('',(#5467),#5471);
#5467 = LINE('',#5468,#5469);
#5468 = CARTESIAN_POINT('',(27.843145750508,-38.32157287525));
#5469 = VECTOR('',#5470,1.);
#5470 = DIRECTION('',(0.,1.));
#5471 = ( GEOMETRIC_REPRESENTATION_CONTEXT(2)
PARAMETRIC_REPRESENTATION_CONTEXT() REPRESENTATION_CONTEXT('2D SPACE',''
  ) );
#5472 = ORIENTED_EDGE('',*,*,#5473,.F.);
#5473 = EDGE_CURVE('',#2643,#5451,#5474,.T.);
#5474 = SURFACE_CURVE('',#5475,(#5479,#5486),.PCURVE_S1.);
#5475 = LINE('',#5476,#5477);
#5476 = CARTESIAN_POINT('',(-35.550451267,27.843145750508,-1.7));
#5477 = VECTOR('',#5478,1.);
#5478 = DIRECTION('',(1.,0.,0.));
#5479 = PCURVE('',#2676,#5480);
#5480 = DEFINITIONAL_REPRESENTATION('',(#5481),#5485);
#5481 = LINE('',#5482,#5483);
#5482 = CARTESIAN_POINT('',(60.643145750508,0.));
#5483 = VECTOR('',#5484,1.);
#5484 = DIRECTION('',(0.,-1.));
#5485 = ( GEOMETRIC_REPRESENTATION_CONTEXT(2)
PARAMETRIC_REPRESENTATION_CONTEXT() REPRESENTATION_CONTEXT('2D SPACE',''
  ) );
#5486 = PCURVE('',#2760,#5487);
#5487 = DEFINITIONAL_REPRESENTATION('',(#5488),#5492);
#5488 = LINE('',#5489,#5490);
#5489 = CARTESIAN_POINT('',(-1.570796326795,0.));
#5490 = VECTOR('',#5491,1.);
#5491 = DIRECTION('',(-0.,-1.));
#5492 = ( GEOMETRIC_REPRESENTATION_CONTEXT(2)
PARAMETRIC_REPRESENTATION_CONTEXT() REPRESENTATION_CONTEXT('2D SPACE',''
  ) );
#5493 = ORIENTED_EDGE('',*,*,#2662,.F.);
#5494 = ADVANCED_FACE('',(#5495),#2760,.F.);
#5495 = FACE_BOUND('',#5496,.T.);
#5496 = EDGE_LOOP('',(#5497,#5498,#5522,#5543));
#5497 = ORIENTED_EDGE('',*,*,#5473,.T.);
#5498 = ORIENTED_EDGE('',*,*,#5499,.T.);
#5499 = EDGE_CURVE('',#5451,#5500,#5502,.T.);
#5500 = VERTEX_POINT('',#5501);
#5501 = CARTESIAN_POINT('',(-35.450451267,19.843145750508,6.3));
#5502 = SURFACE_CURVE('',#5503,(#5508,#5515),.PCURVE_S1.);
#5503 = CIRCLE('',#5504,8.);
#5504 = AXIS2_PLACEMENT_3D('',#5505,#5506,#5507);
#5505 = CARTESIAN_POINT('',(-35.450451267,19.843145750508,-1.7));
#5506 = DIRECTION('',(1.,-0.,0.));
#5507 = DIRECTION('',(0.,0.,-1.));
#5508 = PCURVE('',#2760,#5509);
#5509 = DEFINITIONAL_REPRESENTATION('',(#5510),#5514);
#5510 = LINE('',#5511,#5512);
#5511 = CARTESIAN_POINT('',(-0.,-1.E-01));
#5512 = VECTOR('',#5513,1.);
#5513 = DIRECTION('',(-1.,0.));
#5514 = ( GEOMETRIC_REPRESENTATION_CONTEXT(2)
PARAMETRIC_REPRESENTATION_CONTEXT() REPRESENTATION_CONTEXT('2D SPACE',''
  ) );
#5515 = PCURVE('',#5412,#5516);
#5516 = DEFINITIONAL_REPRESENTATION('',(#5517),#5521);
#5517 = CIRCLE('',#5518,8.);
#5518 = AXIS2_PLACEMENT_2D('',#5519,#5520);
#5519 = CARTESIAN_POINT('',(19.843145750508,30.321572875254));
#5520 = DIRECTION('',(0.,-1.));
#5521 = ( GEOMETRIC_REPRESENTATION_CONTEXT(2)
PARAMETRIC_REPRESENTATION_CONTEXT() REPRESENTATION_CONTEXT('2D SPACE',''
  ) );
#5522 = ORIENTED_EDGE('',*,*,#5523,.F.);
#5523 = EDGE_CURVE('',#2726,#5500,#5524,.T.);
#5524 = SURFACE_CURVE('',#5525,(#5529,#5536),.PCURVE_S1.);
#5525 = LINE('',#5526,#5527);
#5526 = CARTESIAN_POINT('',(-35.550451267,19.843145750508,6.3));
#5527 = VECTOR('',#5528,1.);
#5528 = DIRECTION('',(1.,0.,0.));
#5529 = PCURVE('',#2760,#5530);
#5530 = DEFINITIONAL_REPRESENTATION('',(#5531),#5535);
#5531 = LINE('',#5532,#5533);
#5532 = CARTESIAN_POINT('',(-3.14159265359,0.));
#5533 = VECTOR('',#5534,1.);
#5534 = DIRECTION('',(-0.,-1.));
#5535 = ( GEOMETRIC_REPRESENTATION_CONTEXT(2)
PARAMETRIC_REPRESENTATION_CONTEXT() REPRESENTATION_CONTEXT('2D SPACE',''
  ) );
#5536 = PCURVE('',#5109,#5537);
#5537 = DEFINITIONAL_REPRESENTATION('',(#5538),#5542);
#5538 = LINE('',#5539,#5540);
#5539 = CARTESIAN_POINT('',(0.,-0.));
#5540 = VECTOR('',#5541,1.);
#5541 = DIRECTION('',(0.,-1.));
#5542 = ( GEOMETRIC_REPRESENTATION_CONTEXT(2)
PARAMETRIC_REPRESENTATION_CONTEXT() REPRESENTATION_CONTEXT('2D SPACE',''
  ) );
#5543 = ORIENTED_EDGE('',*,*,#2745,.F.);
#5544 = ADVANCED_FACE('',(#5545),#2713,.T.);
#5545 = FACE_BOUND('',#5546,.T.);
#5546 = EDGE_LOOP('',(#5547,#5548,#5549,#5550));
#5547 = ORIENTED_EDGE('',*,*,#4941,.F.);
#5548 = ORIENTED_EDGE('',*,*,#4679,.F.);
#5549 = ORIENTED_EDGE('',*,*,#2693,.F.);
#5550 = ORIENTED_EDGE('',*,*,#5017,.F.);
#5551 = ADVANCED_FACE('',(#5552),#2835,.F.);
#5552 = FACE_BOUND('',#5553,.F.);
#5553 = EDGE_LOOP('',(#5554,#5555,#5556,#5557));
#5554 = ORIENTED_EDGE('',*,*,#4891,.F.);
#5555 = ORIENTED_EDGE('',*,*,#2820,.T.);
#5556 = ORIENTED_EDGE('',*,*,#2921,.T.);
#5557 = ORIENTED_EDGE('',*,*,#5558,.F.);
#5558 = EDGE_CURVE('',#4892,#2894,#5559,.T.);
#5559 = SURFACE_CURVE('',#5560,(#5564,#5571),.PCURVE_S1.);
#5560 = LINE('',#5561,#5562);
#5561 = CARTESIAN_POINT('',(-35.550451267,-27.8431457505,6.3));
#5562 = VECTOR('',#5563,1.);
#5563 = DIRECTION('',(0.,0.,-1.));
#5564 = PCURVE('',#2835,#5565);
#5565 = DEFINITIONAL_REPRESENTATION('',(#5566),#5570);
#5566 = LINE('',#5567,#5568);
#5567 = CARTESIAN_POINT('',(0.,0.));
#5568 = VECTOR('',#5569,1.);
#5569 = DIRECTION('',(1.,0.));
#5570 = ( GEOMETRIC_REPRESENTATION_CONTEXT(2)
PARAMETRIC_REPRESENTATION_CONTEXT() REPRESENTATION_CONTEXT('2D SPACE',''
  ) );
#5571 = PCURVE('',#5572,#5577);
#5572 = PLANE('',#5573);
#5573 = AXIS2_PLACEMENT_3D('',#5574,#5575,#5576);
#5574 = CARTESIAN_POINT('',(-35.550451267,-27.8431457505,-1.7));
#5575 = DIRECTION('',(-0.,1.,0.));
#5576 = DIRECTION('',(0.,0.,-1.));
#5577 = DEFINITIONAL_REPRESENTATION('',(#5578),#5582);
#5578 = LINE('',#5579,#5580);
#5579 = CARTESIAN_POINT('',(-8.,0.));
#5580 = VECTOR('',#5581,1.);
#5581 = DIRECTION('',(1.,0.));
#5582 = ( GEOMETRIC_REPRESENTATION_CONTEXT(2)
PARAMETRIC_REPRESENTATION_CONTEXT() REPRESENTATION_CONTEXT('2D SPACE',''
  ) );
#5583 = ADVANCED_FACE('',(#5584),#2910,.F.);
#5584 = FACE_BOUND('',#5585,.F.);
#5585 = EDGE_LOOP('',(#5586,#5609,#5637,#5658));
#5586 = ORIENTED_EDGE('',*,*,#5587,.T.);
#5587 = EDGE_CURVE('',#2874,#5588,#5590,.T.);
#5588 = VERTEX_POINT('',#5589);
#5589 = CARTESIAN_POINT('',(-35.450451267,-19.8431457505,-70.3431457505)
  );
#5590 = SURFACE_CURVE('',#5591,(#5595,#5602),.PCURVE_S1.);
#5591 = LINE('',#5592,#5593);
#5592 = CARTESIAN_POINT('',(-35.550451267,-19.8431457505,-70.3431457505)
  );
#5593 = VECTOR('',#5594,1.);
#5594 = DIRECTION('',(1.,0.,0.));
#5595 = PCURVE('',#2910,#5596);
#5596 = DEFINITIONAL_REPRESENTATION('',(#5597),#5601);
#5597 = LINE('',#5598,#5599);
#5598 = CARTESIAN_POINT('',(0.,0.));
#5599 = VECTOR('',#5600,1.);
#5600 = DIRECTION('',(0.,-1.));
#5601 = ( GEOMETRIC_REPRESENTATION_CONTEXT(2)
PARAMETRIC_REPRESENTATION_CONTEXT() REPRESENTATION_CONTEXT('2D SPACE',''
  ) );
#5602 = PCURVE('',#2960,#5603);
#5603 = DEFINITIONAL_REPRESENTATION('',(#5604),#5608);
#5604 = LINE('',#5605,#5606);
#5605 = CARTESIAN_POINT('',(0.,0.));
#5606 = VECTOR('',#5607,1.);
#5607 = DIRECTION('',(0.,-1.));
#5608 = ( GEOMETRIC_REPRESENTATION_CONTEXT(2)
PARAMETRIC_REPRESENTATION_CONTEXT() REPRESENTATION_CONTEXT('2D SPACE',''
  ) );
#5609 = ORIENTED_EDGE('',*,*,#5610,.T.);
#5610 = EDGE_CURVE('',#5588,#5611,#5613,.T.);
#5611 = VERTEX_POINT('',#5612);
#5612 = CARTESIAN_POINT('',(-35.450451267,-27.8431457505,-62.3431457505)
  );
#5613 = SURFACE_CURVE('',#5614,(#5619,#5626),.PCURVE_S1.);
#5614 = CIRCLE('',#5615,8.);
#5615 = AXIS2_PLACEMENT_3D('',#5616,#5617,#5618);
#5616 = CARTESIAN_POINT('',(-35.450451267,-19.8431457505,-62.3431457505)
  );
#5617 = DIRECTION('',(-1.,-0.,-0.));
#5618 = DIRECTION('',(0.,0.,-1.));
#5619 = PCURVE('',#2910,#5620);
#5620 = DEFINITIONAL_REPRESENTATION('',(#5621),#5625);
#5621 = LINE('',#5622,#5623);
#5622 = CARTESIAN_POINT('',(0.,-1.E-01));
#5623 = VECTOR('',#5624,1.);
#5624 = DIRECTION('',(1.,0.));
#5625 = ( GEOMETRIC_REPRESENTATION_CONTEXT(2)
PARAMETRIC_REPRESENTATION_CONTEXT() REPRESENTATION_CONTEXT('2D SPACE',''
  ) );
#5626 = PCURVE('',#5412,#5627);
#5627 = DEFINITIONAL_REPRESENTATION('',(#5628),#5636);
#5628 = ( BOUNDED_CURVE() B_SPLINE_CURVE(2,(#5629,#5630,#5631,#5632,
#5633,#5634,#5635),.UNSPECIFIED.,.T.,.F.) B_SPLINE_CURVE_WITH_KNOTS((1,2
    ,2,2,2,1),(-2.094395102393,0.,2.094395102393,4.188790204786,
6.28318530718,8.377580409573),.UNSPECIFIED.) CURVE()
GEOMETRIC_REPRESENTATION_ITEM() RATIONAL_B_SPLINE_CURVE((1.,0.5,1.,0.5,
1.,0.5,1.)) REPRESENTATION_ITEM('') );
#5629 = CARTESIAN_POINT('',(-19.8431457505,-38.32157287525));
#5630 = CARTESIAN_POINT('',(-33.69955221105,-38.32157287525));
#5631 = CARTESIAN_POINT('',(-26.77134898078,-26.32157287525));
#5632 = CARTESIAN_POINT('',(-19.8431457505,-14.32157287525));
#5633 = CARTESIAN_POINT('',(-12.91494252023,-26.32157287525));
#5634 = CARTESIAN_POINT('',(-5.986739289957,-38.32157287525));
#5635 = CARTESIAN_POINT('',(-19.8431457505,-38.32157287525));
#5636 = ( GEOMETRIC_REPRESENTATION_CONTEXT(2)
PARAMETRIC_REPRESENTATION_CONTEXT() REPRESENTATION_CONTEXT('2D SPACE',''
  ) );
#5637 = ORIENTED_EDGE('',*,*,#5638,.F.);
#5638 = EDGE_CURVE('',#2894,#5611,#5639,.T.);
#5639 = SURFACE_CURVE('',#5640,(#5644,#5651),.PCURVE_S1.);
#5640 = LINE('',#5641,#5642);
#5641 = CARTESIAN_POINT('',(-35.550451267,-27.8431457505,-62.3431457505)
  );
#5642 = VECTOR('',#5643,1.);
#5643 = DIRECTION('',(1.,0.,0.));
#5644 = PCURVE('',#2910,#5645);
#5645 = DEFINITIONAL_REPRESENTATION('',(#5646),#5650);
#5646 = LINE('',#5647,#5648);
#5647 = CARTESIAN_POINT('',(1.570796326795,0.));
#5648 = VECTOR('',#5649,1.);
#5649 = DIRECTION('',(0.,-1.));
#5650 = ( GEOMETRIC_REPRESENTATION_CONTEXT(2)
PARAMETRIC_REPRESENTATION_CONTEXT() REPRESENTATION_CONTEXT('2D SPACE',''
  ) );
#5651 = PCURVE('',#5572,#5652);
#5652 = DEFINITIONAL_REPRESENTATION('',(#5653),#5657);
#5653 = LINE('',#5654,#5655);
#5654 = CARTESIAN_POINT('',(60.643145750508,0.));
#5655 = VECTOR('',#5656,1.);
#5656 = DIRECTION('',(0.,-1.));
#5657 = ( GEOMETRIC_REPRESENTATION_CONTEXT(2)
PARAMETRIC_REPRESENTATION_CONTEXT() REPRESENTATION_CONTEXT('2D SPACE',''
  ) );
#5658 = ORIENTED_EDGE('',*,*,#2893,.F.);
#5659 = ADVANCED_FACE('',(#5660),#2960,.T.);
#5660 = FACE_BOUND('',#5661,.T.);
#5661 = EDGE_LOOP('',(#5662,#5663,#5684,#5685));
#5662 = ORIENTED_EDGE('',*,*,#5587,.T.);
#5663 = ORIENTED_EDGE('',*,*,#5664,.T.);
#5664 = EDGE_CURVE('',#5588,#5373,#5665,.T.);
#5665 = SURFACE_CURVE('',#5666,(#5670,#5677),.PCURVE_S1.);
#5666 = LINE('',#5667,#5668);
#5667 = CARTESIAN_POINT('',(-35.450451267,-27.8431457505,-70.3431457505)
  );
#5668 = VECTOR('',#5669,1.);
#5669 = DIRECTION('',(0.,1.,0.));
#5670 = PCURVE('',#2960,#5671);
#5671 = DEFINITIONAL_REPRESENTATION('',(#5672),#5676);
#5672 = LINE('',#5673,#5674);
#5673 = CARTESIAN_POINT('',(-8.,-0.1));
#5674 = VECTOR('',#5675,1.);
#5675 = DIRECTION('',(1.,0.));
#5676 = ( GEOMETRIC_REPRESENTATION_CONTEXT(2)
PARAMETRIC_REPRESENTATION_CONTEXT() REPRESENTATION_CONTEXT('2D SPACE',''
  ) );
#5677 = PCURVE('',#5412,#5678);
#5678 = DEFINITIONAL_REPRESENTATION('',(#5679),#5683);
#5679 = LINE('',#5680,#5681);
#5680 = CARTESIAN_POINT('',(-27.8431457505,-38.32157287525));
#5681 = VECTOR('',#5682,1.);
#5682 = DIRECTION('',(1.,0.));
#5683 = ( GEOMETRIC_REPRESENTATION_CONTEXT(2)
PARAMETRIC_REPRESENTATION_CONTEXT() REPRESENTATION_CONTEXT('2D SPACE',''
  ) );
#5684 = ORIENTED_EDGE('',*,*,#5372,.F.);
#5685 = ORIENTED_EDGE('',*,*,#2946,.F.);
#5686 = ADVANCED_FACE('',(#5687),#3131,.T.);
#5687 = FACE_BOUND('',#5688,.F.);
#5688 = EDGE_LOOP('',(#5689,#5690,#5691,#5692));
#5689 = ORIENTED_EDGE('',*,*,#3236,.T.);
#5690 = ORIENTED_EDGE('',*,*,#3116,.T.);
#5691 = ORIENTED_EDGE('',*,*,#3168,.T.);
#5692 = ORIENTED_EDGE('',*,*,#3262,.T.);
#5693 = ADVANCED_FACE('',(#5694),#3324,.T.);
#5694 = FACE_BOUND('',#5695,.F.);
#5695 = EDGE_LOOP('',(#5696,#5697,#5698,#5699));
#5696 = ORIENTED_EDGE('',*,*,#3429,.T.);
#5697 = ORIENTED_EDGE('',*,*,#3309,.T.);
#5698 = ORIENTED_EDGE('',*,*,#3361,.T.);
#5699 = ORIENTED_EDGE('',*,*,#3455,.T.);
#5700 = ADVANCED_FACE('',(#5701),#3517,.T.);
#5701 = FACE_BOUND('',#5702,.F.);
#5702 = EDGE_LOOP('',(#5703,#5704,#5705,#5706));
#5703 = ORIENTED_EDGE('',*,*,#3622,.T.);
#5704 = ORIENTED_EDGE('',*,*,#3502,.T.);
#5705 = ORIENTED_EDGE('',*,*,#3554,.T.);
#5706 = ORIENTED_EDGE('',*,*,#3648,.T.);
#5707 = ADVANCED_FACE('',(#5708),#3711,.F.);
#5708 = FACE_BOUND('',#5709,.F.);
#5709 = EDGE_LOOP('',(#5710));
#5710 = ORIENTED_EDGE('',*,*,#3696,.T.);
#5711 = ADVANCED_FACE('',(#5712),#3765,.T.);
#5712 = FACE_BOUND('',#5713,.F.);
#5713 = EDGE_LOOP('',(#5714,#5715,#5716,#5717));
#5714 = ORIENTED_EDGE('',*,*,#3870,.T.);
#5715 = ORIENTED_EDGE('',*,*,#3750,.T.);
#5716 = ORIENTED_EDGE('',*,*,#3802,.T.);
#5717 = ORIENTED_EDGE('',*,*,#3896,.T.);
#5718 = ADVANCED_FACE('',(#5719),#3962,.F.);
#5719 = FACE_BOUND('',#5720,.F.);
#5720 = EDGE_LOOP('',(#5721,#5744,#5771,#5772,#5773));
#5721 = ORIENTED_EDGE('',*,*,#5722,.T.);
#5722 = EDGE_CURVE('',#3946,#5723,#5725,.T.);
#5723 = VERTEX_POINT('',#5724);
#5724 = CARTESIAN_POINT('',(35.450373036,3.502489845561E-15,-22.3));
#5725 = SEAM_CURVE('',#5726,(#5730,#5737),.PCURVE_S1.);
#5726 = LINE('',#5727,#5728);
#5727 = CARTESIAN_POINT('',(35.550373036,3.502489845561E-15,-22.3));
#5728 = VECTOR('',#5729,1.);
#5729 = DIRECTION('',(-1.,0.,0.));
#5730 = PCURVE('',#3962,#5731);
#5731 = DEFINITIONAL_REPRESENTATION('',(#5732),#5736);
#5732 = LINE('',#5733,#5734);
#5733 = CARTESIAN_POINT('',(6.28318530718,-0.));
#5734 = VECTOR('',#5735,1.);
#5735 = DIRECTION('',(0.,1.));
#5736 = ( GEOMETRIC_REPRESENTATION_CONTEXT(2)
PARAMETRIC_REPRESENTATION_CONTEXT() REPRESENTATION_CONTEXT('2D SPACE',''
  ) );
#5737 = PCURVE('',#3962,#5738);
#5738 = DEFINITIONAL_REPRESENTATION('',(#5739),#5743);
#5739 = LINE('',#5740,#5741);
#5740 = CARTESIAN_POINT('',(0.,-0.));
#5741 = VECTOR('',#5742,1.);
#5742 = DIRECTION('',(0.,1.));
#5743 = ( GEOMETRIC_REPRESENTATION_CONTEXT(2)
PARAMETRIC_REPRESENTATION_CONTEXT() REPRESENTATION_CONTEXT('2D SPACE',''
  ) );
#5744 = ORIENTED_EDGE('',*,*,#5745,.F.);
#5745 = EDGE_CURVE('',#5723,#5723,#5746,.T.);
#5746 = SURFACE_CURVE('',#5747,(#5752,#5759),.PCURVE_S1.);
#5747 = CIRCLE('',#5748,14.3);
#5748 = AXIS2_PLACEMENT_3D('',#5749,#5750,#5751);
#5749 = CARTESIAN_POINT('',(35.450373036,0.,-8.));
#5750 = DIRECTION('',(-1.,0.,0.));
#5751 = DIRECTION('',(0.,0.,-1.));
#5752 = PCURVE('',#3962,#5753);
#5753 = DEFINITIONAL_REPRESENTATION('',(#5754),#5758);
#5754 = LINE('',#5755,#5756);
#5755 = CARTESIAN_POINT('',(0.,1.E-01));
#5756 = VECTOR('',#5757,1.);
#5757 = DIRECTION('',(1.,0.));
#5758 = ( GEOMETRIC_REPRESENTATION_CONTEXT(2)
PARAMETRIC_REPRESENTATION_CONTEXT() REPRESENTATION_CONTEXT('2D SPACE',''
  ) );
#5759 = PCURVE('',#5760,#5765);
#5760 = PLANE('',#5761);
#5761 = AXIS2_PLACEMENT_3D('',#5762,#5763,#5764);
#5762 = CARTESIAN_POINT('',(35.450373036,0.,-8.));
#5763 = DIRECTION('',(-1.,0.,0.));
#5764 = DIRECTION('',(0.,0.,-1.));
#5765 = DEFINITIONAL_REPRESENTATION('',(#5766),#5770);
#5766 = CIRCLE('',#5767,14.3);
#5767 = AXIS2_PLACEMENT_2D('',#5768,#5769);
#5768 = CARTESIAN_POINT('',(0.,0.));
#5769 = DIRECTION('',(1.,0.));
#5770 = ( GEOMETRIC_REPRESENTATION_CONTEXT(2)
PARAMETRIC_REPRESENTATION_CONTEXT() REPRESENTATION_CONTEXT('2D SPACE',''
  ) );
#5771 = ORIENTED_EDGE('',*,*,#5722,.F.);
#5772 = ORIENTED_EDGE('',*,*,#3945,.T.);
#5773 = ORIENTED_EDGE('',*,*,#3973,.T.);
#5774 = ADVANCED_FACE('',(#5775),#4044,.T.);
#5775 = FACE_BOUND('',#5776,.T.);
#5776 = EDGE_LOOP('',(#5777,#5806,#5827,#5828));
#5777 = ORIENTED_EDGE('',*,*,#5778,.F.);
#5778 = EDGE_CURVE('',#5779,#5779,#5781,.T.);
#5779 = VERTEX_POINT('',#5780);
#5780 = CARTESIAN_POINT('',(30.65,7.347880794884E-16,-3.));
#5781 = SURFACE_CURVE('',#5782,(#5787,#5794),.PCURVE_S1.);
#5782 = CIRCLE('',#5783,3.);
#5783 = AXIS2_PLACEMENT_3D('',#5784,#5785,#5786);
#5784 = CARTESIAN_POINT('',(30.65,0.,0.));
#5785 = DIRECTION('',(-1.,0.,0.));
#5786 = DIRECTION('',(0.,0.,-1.));
#5787 = PCURVE('',#4044,#5788);
#5788 = DEFINITIONAL_REPRESENTATION('',(#5789),#5793);
#5789 = LINE('',#5790,#5791);
#5790 = CARTESIAN_POINT('',(-0.,-2.850373036));
#5791 = VECTOR('',#5792,1.);
#5792 = DIRECTION('',(-1.,-0.));
#5793 = ( GEOMETRIC_REPRESENTATION_CONTEXT(2)
PARAMETRIC_REPRESENTATION_CONTEXT() REPRESENTATION_CONTEXT('2D SPACE',''
  ) );
#5794 = PCURVE('',#5795,#5800);
#5795 = PLANE('',#5796);
#5796 = AXIS2_PLACEMENT_3D('',#5797,#5798,#5799);
#5797 = CARTESIAN_POINT('',(30.65,0.,0.));
#5798 = DIRECTION('',(-1.,0.,0.));
#5799 = DIRECTION('',(0.,0.,-1.));
#5800 = DEFINITIONAL_REPRESENTATION('',(#5801),#5805);
#5801 = CIRCLE('',#5802,3.);
#5802 = AXIS2_PLACEMENT_2D('',#5803,#5804);
#5803 = CARTESIAN_POINT('',(0.,0.));
#5804 = DIRECTION('',(1.,0.));
#5805 = ( GEOMETRIC_REPRESENTATION_CONTEXT(2)
PARAMETRIC_REPRESENTATION_CONTEXT() REPRESENTATION_CONTEXT('2D SPACE',''
  ) );
#5806 = ORIENTED_EDGE('',*,*,#5807,.F.);
#5807 = EDGE_CURVE('',#4024,#5779,#5808,.T.);
#5808 = SEAM_CURVE('',#5809,(#5813,#5820),.PCURVE_S1.);
#5809 = LINE('',#5810,#5811);
#5810 = CARTESIAN_POINT('',(33.500373036,1.102182119233E-15,-4.5));
#5811 = VECTOR('',#5812,1.);
#5812 = DIRECTION('',(-0.884943343637,-1.14063284299E-16,0.465698699325)
  );
#5813 = PCURVE('',#4044,#5814);
#5814 = DEFINITIONAL_REPRESENTATION('',(#5815),#5819);
#5815 = LINE('',#5816,#5817);
#5816 = CARTESIAN_POINT('',(-6.28318530718,0.));
#5817 = VECTOR('',#5818,1.);
#5818 = DIRECTION('',(-0.,-1.));
#5819 = ( GEOMETRIC_REPRESENTATION_CONTEXT(2)
PARAMETRIC_REPRESENTATION_CONTEXT() REPRESENTATION_CONTEXT('2D SPACE',''
  ) );
#5820 = PCURVE('',#4044,#5821);
#5821 = DEFINITIONAL_REPRESENTATION('',(#5822),#5826);
#5822 = LINE('',#5823,#5824);
#5823 = CARTESIAN_POINT('',(0.,-0.));
#5824 = VECTOR('',#5825,1.);
#5825 = DIRECTION('',(-0.,-1.));
#5826 = ( GEOMETRIC_REPRESENTATION_CONTEXT(2)
PARAMETRIC_REPRESENTATION_CONTEXT() REPRESENTATION_CONTEXT('2D SPACE',''
  ) );
#5827 = ORIENTED_EDGE('',*,*,#4023,.T.);
#5828 = ORIENTED_EDGE('',*,*,#5807,.T.);
#5829 = ADVANCED_FACE('',(#5830),#4116,.F.);
#5830 = FACE_BOUND('',#5831,.T.);
#5831 = EDGE_LOOP('',(#5832,#5833,#5834,#5835));
#5832 = ORIENTED_EDGE('',*,*,#4202,.T.);
#5833 = ORIENTED_EDGE('',*,*,#4103,.T.);
#5834 = ORIENTED_EDGE('',*,*,#4155,.T.);
#5835 = ORIENTED_EDGE('',*,*,#4228,.T.);
#5836 = ADVANCED_FACE('',(#5837),#4289,.F.);
#5837 = FACE_BOUND('',#5838,.F.);
#5838 = EDGE_LOOP('',(#5839));
#5839 = ORIENTED_EDGE('',*,*,#4274,.T.);
#5840 = ADVANCED_FACE('',(#5841),#4364,.F.);
#5841 = FACE_BOUND('',#5842,.T.);
#5842 = EDGE_LOOP('',(#5843,#5844,#5845,#5846));
#5843 = ORIENTED_EDGE('',*,*,#4450,.T.);
#5844 = ORIENTED_EDGE('',*,*,#4351,.T.);
#5845 = ORIENTED_EDGE('',*,*,#4403,.T.);
#5846 = ORIENTED_EDGE('',*,*,#4476,.T.);
#5847 = ADVANCED_FACE('',(#5848),#4603,.T.);
#5848 = FACE_BOUND('',#5849,.T.);
#5849 = EDGE_LOOP('',(#5850,#5879,#5900,#5901));
#5850 = ORIENTED_EDGE('',*,*,#5851,.F.);
#5851 = EDGE_CURVE('',#5852,#5852,#5854,.T.);
#5852 = VERTEX_POINT('',#5853);
#5853 = CARTESIAN_POINT('',(-30.65,17.5,-5.));
#5854 = SURFACE_CURVE('',#5855,(#5860,#5867),.PCURVE_S1.);
#5855 = CIRCLE('',#5856,3.);
#5856 = AXIS2_PLACEMENT_3D('',#5857,#5858,#5859);
#5857 = CARTESIAN_POINT('',(-30.65,17.5,-8.));
#5858 = DIRECTION('',(1.,0.,0.));
#5859 = DIRECTION('',(-0.,0.,1.));
#5860 = PCURVE('',#4603,#5861);
#5861 = DEFINITIONAL_REPRESENTATION('',(#5862),#5866);
#5862 = LINE('',#5863,#5864);
#5863 = CARTESIAN_POINT('',(-0.,-2.850451267));
#5864 = VECTOR('',#5865,1.);
#5865 = DIRECTION('',(-1.,-0.));
#5866 = ( GEOMETRIC_REPRESENTATION_CONTEXT(2)
PARAMETRIC_REPRESENTATION_CONTEXT() REPRESENTATION_CONTEXT('2D SPACE',''
  ) );
#5867 = PCURVE('',#5868,#5873);
#5868 = PLANE('',#5869);
#5869 = AXIS2_PLACEMENT_3D('',#5870,#5871,#5872);
#5870 = CARTESIAN_POINT('',(-30.65,17.5,-8.));
#5871 = DIRECTION('',(1.,0.,0.));
#5872 = DIRECTION('',(-0.,0.,1.));
#5873 = DEFINITIONAL_REPRESENTATION('',(#5874),#5878);
#5874 = CIRCLE('',#5875,3.);
#5875 = AXIS2_PLACEMENT_2D('',#5876,#5877);
#5876 = CARTESIAN_POINT('',(0.,0.));
#5877 = DIRECTION('',(1.,0.));
#5878 = ( GEOMETRIC_REPRESENTATION_CONTEXT(2)
PARAMETRIC_REPRESENTATION_CONTEXT() REPRESENTATION_CONTEXT('2D SPACE',''
  ) );
#5879 = ORIENTED_EDGE('',*,*,#5880,.F.);
#5880 = EDGE_CURVE('',#4587,#5852,#5881,.T.);
#5881 = SEAM_CURVE('',#5882,(#5886,#5893),.PCURVE_S1.);
#5882 = LINE('',#5883,#5884);
#5883 = CARTESIAN_POINT('',(-33.500451267,17.5,-3.5));
#5884 = VECTOR('',#5885,1.);
#5885 = DIRECTION('',(0.884948610945,-1.140608327197E-16,-0.465688689993
    ));
#5886 = PCURVE('',#4603,#5887);
#5887 = DEFINITIONAL_REPRESENTATION('',(#5888),#5892);
#5888 = LINE('',#5889,#5890);
#5889 = CARTESIAN_POINT('',(-6.28318530718,0.));
#5890 = VECTOR('',#5891,1.);
#5891 = DIRECTION('',(-0.,-1.));
#5892 = ( GEOMETRIC_REPRESENTATION_CONTEXT(2)
PARAMETRIC_REPRESENTATION_CONTEXT() REPRESENTATION_CONTEXT('2D SPACE',''
  ) );
#5893 = PCURVE('',#4603,#5894);
#5894 = DEFINITIONAL_REPRESENTATION('',(#5895),#5899);
#5895 = LINE('',#5896,#5897);
#5896 = CARTESIAN_POINT('',(0.,-0.));
#5897 = VECTOR('',#5898,1.);
#5898 = DIRECTION('',(-0.,-1.));
#5899 = ( GEOMETRIC_REPRESENTATION_CONTEXT(2)
PARAMETRIC_REPRESENTATION_CONTEXT() REPRESENTATION_CONTEXT('2D SPACE',''
  ) );
#5900 = ORIENTED_EDGE('',*,*,#4586,.T.);
#5901 = ORIENTED_EDGE('',*,*,#5880,.T.);
#5902 = ADVANCED_FACE('',(#5903),#4633,.T.);
#5903 = FACE_BOUND('',#5904,.T.);
#5904 = EDGE_LOOP('',(#5905,#5934,#5955,#5956));
#5905 = ORIENTED_EDGE('',*,*,#5906,.F.);
#5906 = EDGE_CURVE('',#5907,#5907,#5909,.T.);
#5907 = VERTEX_POINT('',#5908);
#5908 = CARTESIAN_POINT('',(-30.65,-17.5,-5.));
#5909 = SURFACE_CURVE('',#5910,(#5915,#5922),.PCURVE_S1.);
#5910 = CIRCLE('',#5911,3.);
#5911 = AXIS2_PLACEMENT_3D('',#5912,#5913,#5914);
#5912 = CARTESIAN_POINT('',(-30.65,-17.5,-8.));
#5913 = DIRECTION('',(1.,0.,0.));
#5914 = DIRECTION('',(-0.,0.,1.));
#5915 = PCURVE('',#4633,#5916);
#5916 = DEFINITIONAL_REPRESENTATION('',(#5917),#5921);
#5917 = LINE('',#5918,#5919);
#5918 = CARTESIAN_POINT('',(-0.,-2.850451267));
#5919 = VECTOR('',#5920,1.);
#5920 = DIRECTION('',(-1.,-0.));
#5921 = ( GEOMETRIC_REPRESENTATION_CONTEXT(2)
PARAMETRIC_REPRESENTATION_CONTEXT() REPRESENTATION_CONTEXT('2D SPACE',''
  ) );
#5922 = PCURVE('',#5923,#5928);
#5923 = PLANE('',#5924);
#5924 = AXIS2_PLACEMENT_3D('',#5925,#5926,#5927);
#5925 = CARTESIAN_POINT('',(-30.65,-17.5,-8.));
#5926 = DIRECTION('',(1.,0.,0.));
#5927 = DIRECTION('',(-0.,0.,1.));
#5928 = DEFINITIONAL_REPRESENTATION('',(#5929),#5933);
#5929 = CIRCLE('',#5930,3.);
#5930 = AXIS2_PLACEMENT_2D('',#5931,#5932);
#5931 = CARTESIAN_POINT('',(0.,0.));
#5932 = DIRECTION('',(1.,0.));
#5933 = ( GEOMETRIC_REPRESENTATION_CONTEXT(2)
PARAMETRIC_REPRESENTATION_CONTEXT() REPRESENTATION_CONTEXT('2D SPACE',''
  ) );
#5934 = ORIENTED_EDGE('',*,*,#5935,.F.);
#5935 = EDGE_CURVE('',#4617,#5907,#5936,.T.);
#5936 = SEAM_CURVE('',#5937,(#5941,#5948),.PCURVE_S1.);
#5937 = LINE('',#5938,#5939);
#5938 = CARTESIAN_POINT('',(-33.500451267,-17.5,-3.5));
#5939 = VECTOR('',#5940,1.);
#5940 = DIRECTION('',(0.884948610945,-1.140608327197E-16,-0.465688689993
    ));
#5941 = PCURVE('',#4633,#5942);
#5942 = DEFINITIONAL_REPRESENTATION('',(#5943),#5947);
#5943 = LINE('',#5944,#5945);
#5944 = CARTESIAN_POINT('',(-6.28318530718,0.));
#5945 = VECTOR('',#5946,1.);
#5946 = DIRECTION('',(-0.,-1.));
#5947 = ( GEOMETRIC_REPRESENTATION_CONTEXT(2)
PARAMETRIC_REPRESENTATION_CONTEXT() REPRESENTATION_CONTEXT('2D SPACE',''
  ) );
#5948 = PCURVE('',#4633,#5949);
#5949 = DEFINITIONAL_REPRESENTATION('',(#5950),#5954);
#5950 = LINE('',#5951,#5952);
#5951 = CARTESIAN_POINT('',(0.,-0.));
#5952 = VECTOR('',#5953,1.);
#5953 = DIRECTION('',(-0.,-1.));
#5954 = ( GEOMETRIC_REPRESENTATION_CONTEXT(2)
PARAMETRIC_REPRESENTATION_CONTEXT() REPRESENTATION_CONTEXT('2D SPACE',''
  ) );
#5955 = ORIENTED_EDGE('',*,*,#4616,.T.);
#5956 = ORIENTED_EDGE('',*,*,#5935,.T.);
#5957 = ADVANCED_FACE('',(#5958),#4663,.F.);
#5958 = FACE_BOUND('',#5959,.F.);
#5959 = EDGE_LOOP('',(#5960,#5990,#6011,#6012,#6013));
#5960 = ORIENTED_EDGE('',*,*,#5961,.T.);
#5961 = EDGE_CURVE('',#5962,#5964,#5966,.T.);
#5962 = VERTEX_POINT('',#5963);
#5963 = CARTESIAN_POINT('',(-33.550451267,5.,0.));
#5964 = VERTEX_POINT('',#5965);
#5965 = CARTESIAN_POINT('',(-33.550451267,1.224646799147E-15,5.));
#5966 = SURFACE_CURVE('',#5967,(#5972,#5978),.PCURVE_S1.);
#5967 = CIRCLE('',#5968,5.);
#5968 = AXIS2_PLACEMENT_3D('',#5969,#5970,#5971);
#5969 = CARTESIAN_POINT('',(-33.550451267,0.,0.));
#5970 = DIRECTION('',(1.,0.,0.));
#5971 = DIRECTION('',(0.,1.,0.));
#5972 = PCURVE('',#4663,#5973);
#5973 = DEFINITIONAL_REPRESENTATION('',(#5974),#5977);
#5974 = B_SPLINE_CURVE_WITH_KNOTS('',1,(#5975,#5976),.UNSPECIFIED.,.F.,
  .F.,(2,2),(0.,1.570796326795),.PIECEWISE_BEZIER_KNOTS.);
#5975 = CARTESIAN_POINT('',(4.712388980385,0.));
#5976 = CARTESIAN_POINT('',(6.28318530718,0.));
#5977 = ( GEOMETRIC_REPRESENTATION_CONTEXT(2)
PARAMETRIC_REPRESENTATION_CONTEXT() REPRESENTATION_CONTEXT('2D SPACE',''
  ) );
#5978 = PCURVE('',#5979,#5984);
#5979 = CONICAL_SURFACE('',#5980,7.,0.785398163397);
#5980 = AXIS2_PLACEMENT_3D('',#5981,#5982,#5983);
#5981 = CARTESIAN_POINT('',(-35.550451267,0.,0.));
#5982 = DIRECTION('',(-1.,-0.,-0.));
#5983 = DIRECTION('',(0.,1.,0.));
#5984 = DEFINITIONAL_REPRESENTATION('',(#5985),#5989);
#5985 = LINE('',#5986,#5987);
#5986 = CARTESIAN_POINT('',(-0.,-2.));
#5987 = VECTOR('',#5988,1.);
#5988 = DIRECTION('',(-1.,-0.));
#5989 = ( GEOMETRIC_REPRESENTATION_CONTEXT(2)
PARAMETRIC_REPRESENTATION_CONTEXT() REPRESENTATION_CONTEXT('2D SPACE',''
  ) );
#5990 = ORIENTED_EDGE('',*,*,#5991,.T.);
#5991 = EDGE_CURVE('',#5964,#4647,#5992,.T.);
#5992 = SEAM_CURVE('',#5993,(#5997,#6004),.PCURVE_S1.);
#5993 = LINE('',#5994,#5995);
#5994 = CARTESIAN_POINT('',(-33.550451267,1.224646799147E-15,5.));
#5995 = VECTOR('',#5996,1.);
#5996 = DIRECTION('',(1.,0.,0.));
#5997 = PCURVE('',#4663,#5998);
#5998 = DEFINITIONAL_REPRESENTATION('',(#5999),#6003);
#5999 = LINE('',#6000,#6001);
#6000 = CARTESIAN_POINT('',(0.,-0.));
#6001 = VECTOR('',#6002,1.);
#6002 = DIRECTION('',(0.,1.));
#6003 = ( GEOMETRIC_REPRESENTATION_CONTEXT(2)
PARAMETRIC_REPRESENTATION_CONTEXT() REPRESENTATION_CONTEXT('2D SPACE',''
  ) );
#6004 = PCURVE('',#4663,#6005);
#6005 = DEFINITIONAL_REPRESENTATION('',(#6006),#6010);
#6006 = LINE('',#6007,#6008);
#6007 = CARTESIAN_POINT('',(6.28318530718,-0.));
#6008 = VECTOR('',#6009,1.);
#6009 = DIRECTION('',(0.,1.));
#6010 = ( GEOMETRIC_REPRESENTATION_CONTEXT(2)
PARAMETRIC_REPRESENTATION_CONTEXT() REPRESENTATION_CONTEXT('2D SPACE',''
  ) );
#6011 = ORIENTED_EDGE('',*,*,#4646,.F.);
#6012 = ORIENTED_EDGE('',*,*,#5991,.F.);
#6013 = ORIENTED_EDGE('',*,*,#6014,.T.);
#6014 = EDGE_CURVE('',#5964,#5962,#6015,.T.);
#6015 = SURFACE_CURVE('',#6016,(#6021,#6027),.PCURVE_S1.);
#6016 = CIRCLE('',#6017,5.);
#6017 = AXIS2_PLACEMENT_3D('',#6018,#6019,#6020);
#6018 = CARTESIAN_POINT('',(-33.550451267,0.,0.));
#6019 = DIRECTION('',(1.,0.,0.));
#6020 = DIRECTION('',(0.,1.,0.));
#6021 = PCURVE('',#4663,#6022);
#6022 = DEFINITIONAL_REPRESENTATION('',(#6023),#6026);
#6023 = B_SPLINE_CURVE_WITH_KNOTS('',1,(#6024,#6025),.UNSPECIFIED.,.F.,
  .F.,(2,2),(1.570796326795,6.28318530718),.PIECEWISE_BEZIER_KNOTS.);
#6024 = CARTESIAN_POINT('',(0.,0.));
#6025 = CARTESIAN_POINT('',(4.712388980385,0.));
#6026 = ( GEOMETRIC_REPRESENTATION_CONTEXT(2)
PARAMETRIC_REPRESENTATION_CONTEXT() REPRESENTATION_CONTEXT('2D SPACE',''
  ) );
#6027 = PCURVE('',#5979,#6028);
#6028 = DEFINITIONAL_REPRESENTATION('',(#6029),#6033);
#6029 = LINE('',#6030,#6031);
#6030 = CARTESIAN_POINT('',(-0.,-2.));
#6031 = VECTOR('',#6032,1.);
#6032 = DIRECTION('',(-1.,-0.));
#6033 = ( GEOMETRIC_REPRESENTATION_CONTEXT(2)
PARAMETRIC_REPRESENTATION_CONTEXT() REPRESENTATION_CONTEXT('2D SPACE',''
  ) );
#6034 = ADVANCED_FACE('',(#6035),#4739,.F.);
#6035 = FACE_BOUND('',#6036,.T.);
#6036 = EDGE_LOOP('',(#6037,#6038,#6039,#6040));
#6037 = ORIENTED_EDGE('',*,*,#4993,.T.);
#6038 = ORIENTED_EDGE('',*,*,#4846,.T.);
#6039 = ORIENTED_EDGE('',*,*,#4799,.T.);
#6040 = ORIENTED_EDGE('',*,*,#4724,.T.);
#6041 = ADVANCED_FACE('',(#6042),#4926,.F.);
#6042 = FACE_BOUND('',#6043,.T.);
#6043 = EDGE_LOOP('',(#6044,#6067,#6091,#6112));
#6044 = ORIENTED_EDGE('',*,*,#6045,.T.);
#6045 = EDGE_CURVE('',#4870,#6046,#6048,.T.);
#6046 = VERTEX_POINT('',#6047);
#6047 = CARTESIAN_POINT('',(-35.450451267,-19.8431457505,6.3));
#6048 = SURFACE_CURVE('',#6049,(#6053,#6060),.PCURVE_S1.);
#6049 = LINE('',#6050,#6051);
#6050 = CARTESIAN_POINT('',(-35.550451267,-19.8431457505,6.3));
#6051 = VECTOR('',#6052,1.);
#6052 = DIRECTION('',(1.,0.,0.));
#6053 = PCURVE('',#4926,#6054);
#6054 = DEFINITIONAL_REPRESENTATION('',(#6055),#6059);
#6055 = LINE('',#6056,#6057);
#6056 = CARTESIAN_POINT('',(-3.14159265359,0.));
#6057 = VECTOR('',#6058,1.);
#6058 = DIRECTION('',(-0.,-1.));
#6059 = ( GEOMETRIC_REPRESENTATION_CONTEXT(2)
PARAMETRIC_REPRESENTATION_CONTEXT() REPRESENTATION_CONTEXT('2D SPACE',''
  ) );
#6060 = PCURVE('',#5055,#6061);
#6061 = DEFINITIONAL_REPRESENTATION('',(#6062),#6066);
#6062 = LINE('',#6063,#6064);
#6063 = CARTESIAN_POINT('',(39.686291501015,0.));
#6064 = VECTOR('',#6065,1.);
#6065 = DIRECTION('',(0.,-1.));
#6066 = ( GEOMETRIC_REPRESENTATION_CONTEXT(2)
PARAMETRIC_REPRESENTATION_CONTEXT() REPRESENTATION_CONTEXT('2D SPACE',''
  ) );
#6067 = ORIENTED_EDGE('',*,*,#6068,.T.);
#6068 = EDGE_CURVE('',#6046,#6069,#6071,.T.);
#6069 = VERTEX_POINT('',#6070);
#6070 = CARTESIAN_POINT('',(-35.450451267,-27.8431457505,-1.7));
#6071 = SURFACE_CURVE('',#6072,(#6077,#6084),.PCURVE_S1.);
#6072 = CIRCLE('',#6073,8.);
#6073 = AXIS2_PLACEMENT_3D('',#6074,#6075,#6076);
#6074 = CARTESIAN_POINT('',(-35.450451267,-19.8431457505,-1.7));
#6075 = DIRECTION('',(1.,-0.,0.));
#6076 = DIRECTION('',(0.,0.,-1.));
#6077 = PCURVE('',#4926,#6078);
#6078 = DEFINITIONAL_REPRESENTATION('',(#6079),#6083);
#6079 = LINE('',#6080,#6081);
#6080 = CARTESIAN_POINT('',(-0.,-1.E-01));
#6081 = VECTOR('',#6082,1.);
#6082 = DIRECTION('',(-1.,0.));
#6083 = ( GEOMETRIC_REPRESENTATION_CONTEXT(2)
PARAMETRIC_REPRESENTATION_CONTEXT() REPRESENTATION_CONTEXT('2D SPACE',''
  ) );
#6084 = PCURVE('',#5412,#6085);
#6085 = DEFINITIONAL_REPRESENTATION('',(#6086),#6090);
#6086 = CIRCLE('',#6087,8.);
#6087 = AXIS2_PLACEMENT_2D('',#6088,#6089);
#6088 = CARTESIAN_POINT('',(-19.8431457505,30.321572875254));
#6089 = DIRECTION('',(0.,-1.));
#6090 = ( GEOMETRIC_REPRESENTATION_CONTEXT(2)
PARAMETRIC_REPRESENTATION_CONTEXT() REPRESENTATION_CONTEXT('2D SPACE',''
  ) );
#6091 = ORIENTED_EDGE('',*,*,#6092,.F.);
#6092 = EDGE_CURVE('',#4892,#6069,#6093,.T.);
#6093 = SURFACE_CURVE('',#6094,(#6098,#6105),.PCURVE_S1.);
#6094 = LINE('',#6095,#6096);
#6095 = CARTESIAN_POINT('',(-35.550451267,-27.8431457505,-1.7));
#6096 = VECTOR('',#6097,1.);
#6097 = DIRECTION('',(1.,0.,0.));
#6098 = PCURVE('',#4926,#6099);
#6099 = DEFINITIONAL_REPRESENTATION('',(#6100),#6104);
#6100 = LINE('',#6101,#6102);
#6101 = CARTESIAN_POINT('',(-4.712388980385,0.));
#6102 = VECTOR('',#6103,1.);
#6103 = DIRECTION('',(-0.,-1.));
#6104 = ( GEOMETRIC_REPRESENTATION_CONTEXT(2)
PARAMETRIC_REPRESENTATION_CONTEXT() REPRESENTATION_CONTEXT('2D SPACE',''
  ) );
#6105 = PCURVE('',#5572,#6106);
#6106 = DEFINITIONAL_REPRESENTATION('',(#6107),#6111);
#6107 = LINE('',#6108,#6109);
#6108 = CARTESIAN_POINT('',(0.,0.));
#6109 = VECTOR('',#6110,1.);
#6110 = DIRECTION('',(0.,-1.));
#6111 = ( GEOMETRIC_REPRESENTATION_CONTEXT(2)
PARAMETRIC_REPRESENTATION_CONTEXT() REPRESENTATION_CONTEXT('2D SPACE',''
  ) );
#6112 = ORIENTED_EDGE('',*,*,#4911,.F.);
#6113 = ADVANCED_FACE('',(#6114),#5109,.T.);
#6114 = FACE_BOUND('',#6115,.T.);
#6115 = EDGE_LOOP('',(#6116,#6117,#6118,#6141));
#6116 = ORIENTED_EDGE('',*,*,#5095,.F.);
#6117 = ORIENTED_EDGE('',*,*,#5523,.T.);
#6118 = ORIENTED_EDGE('',*,*,#6119,.T.);
#6119 = EDGE_CURVE('',#5500,#6120,#6122,.T.);
#6120 = VERTEX_POINT('',#6121);
#6121 = CARTESIAN_POINT('',(-35.450451267,2.814249455894,6.3));
#6122 = SURFACE_CURVE('',#6123,(#6127,#6134),.PCURVE_S1.);
#6123 = LINE('',#6124,#6125);
#6124 = CARTESIAN_POINT('',(-35.450451267,27.843145750508,6.3));
#6125 = VECTOR('',#6126,1.);
#6126 = DIRECTION('',(0.,-1.,0.));
#6127 = PCURVE('',#5109,#6128);
#6128 = DEFINITIONAL_REPRESENTATION('',(#6129),#6133);
#6129 = LINE('',#6130,#6131);
#6130 = CARTESIAN_POINT('',(-8.,-0.1));
#6131 = VECTOR('',#6132,1.);
#6132 = DIRECTION('',(1.,0.));
#6133 = ( GEOMETRIC_REPRESENTATION_CONTEXT(2)
PARAMETRIC_REPRESENTATION_CONTEXT() REPRESENTATION_CONTEXT('2D SPACE',''
  ) );
#6134 = PCURVE('',#5412,#6135);
#6135 = DEFINITIONAL_REPRESENTATION('',(#6136),#6140);
#6136 = LINE('',#6137,#6138);
#6137 = CARTESIAN_POINT('',(27.843145750508,38.321572875254));
#6138 = VECTOR('',#6139,1.);
#6139 = DIRECTION('',(-1.,0.));
#6140 = ( GEOMETRIC_REPRESENTATION_CONTEXT(2)
PARAMETRIC_REPRESENTATION_CONTEXT() REPRESENTATION_CONTEXT('2D SPACE',''
  ) );
#6141 = ORIENTED_EDGE('',*,*,#6142,.T.);
#6142 = EDGE_CURVE('',#6120,#5068,#6143,.T.);
#6143 = SURFACE_CURVE('',#6144,(#6149,#6156),.PCURVE_S1.);
#6144 = HYPERBOLA('',#6145,6.3,6.3);
#6145 = AXIS2_PLACEMENT_3D('',#6146,#6147,#6148);
#6146 = CARTESIAN_POINT('',(-28.550451267,0.,6.3));
#6147 = DIRECTION('',(0.,0.,-1.));
#6148 = DIRECTION('',(-1.,-0.,-0.));
#6149 = PCURVE('',#5109,#6150);
#6150 = DEFINITIONAL_REPRESENTATION('',(#6151),#6155);
#6151 = ( BOUNDED_CURVE() B_SPLINE_CURVE(2,(#6152,#6153,#6154),
.UNSPECIFIED.,.F.,.F.) B_SPLINE_CURVE_WITH_KNOTS((3,3),(0.429475237664,
0.467145308103),.PIECEWISE_BEZIER_KNOTS.) CURVE()
GEOMETRIC_REPRESENTATION_ITEM() RATIONAL_B_SPLINE_CURVE((1.,
1.00017738452,1.)) REPRESENTATION_ITEM('') );
#6152 = CARTESIAN_POINT('',(17.053504196472,-0.11));
#6153 = CARTESIAN_POINT('',(16.923746147704,-5.74632155566E-02));
#6154 = CARTESIAN_POINT('',(16.791916490029,8.881784197001E-16));
#6155 = ( GEOMETRIC_REPRESENTATION_CONTEXT(2)
PARAMETRIC_REPRESENTATION_CONTEXT() REPRESENTATION_CONTEXT('2D SPACE',''
  ) );
#6156 = PCURVE('',#5979,#6157);
#6157 = DEFINITIONAL_REPRESENTATION('',(#6158),#6165);
#6158 = B_SPLINE_CURVE_WITH_KNOTS('',5,(#6159,#6160,#6161,#6162,#6163,
    #6164),.UNSPECIFIED.,.F.,.F.,(6,6),(0.429475237664,0.467145308103),
  .PIECEWISE_BEZIER_KNOTS.);
#6159 = CARTESIAN_POINT('',(-1.153945824578,-0.11));
#6160 = CARTESIAN_POINT('',(-1.147056958286,-8.89828012316E-02));
#6161 = CARTESIAN_POINT('',(-1.140194359168,-6.747674517953E-02));
#6162 = CARTESIAN_POINT('',(-1.133358574776,-4.547934649612E-02));
#6163 = CARTESIAN_POINT('',(-1.126550127678,-2.298800423397E-02));
#6164 = CARTESIAN_POINT('',(-1.119769514999,0.));
#6165 = ( GEOMETRIC_REPRESENTATION_CONTEXT(2)
PARAMETRIC_REPRESENTATION_CONTEXT() REPRESENTATION_CONTEXT('2D SPACE',''
  ) );
#6166 = ADVANCED_FACE('',(#6167),#5083,.T.);
#6167 = FACE_BOUND('',#6168,.T.);
#6168 = EDGE_LOOP('',(#6169,#6170));
#6169 = ORIENTED_EDGE('',*,*,#5067,.F.);
#6170 = ORIENTED_EDGE('',*,*,#6171,.T.);
#6171 = EDGE_CURVE('',#5068,#5040,#6172,.T.);
#6172 = SURFACE_CURVE('',#6173,(#6178,#6185),.PCURVE_S1.);
#6173 = CIRCLE('',#6174,7.);
#6174 = AXIS2_PLACEMENT_3D('',#6175,#6176,#6177);
#6175 = CARTESIAN_POINT('',(-35.550451267,0.,0.));
#6176 = DIRECTION('',(1.,0.,0.));
#6177 = DIRECTION('',(0.,1.,0.));
#6178 = PCURVE('',#5083,#6179);
#6179 = DEFINITIONAL_REPRESENTATION('',(#6180),#6184);
#6180 = CIRCLE('',#6181,7.);
#6181 = AXIS2_PLACEMENT_2D('',#6182,#6183);
#6182 = CARTESIAN_POINT('',(0.,0.));
#6183 = DIRECTION('',(1.,0.));
#6184 = ( GEOMETRIC_REPRESENTATION_CONTEXT(2)
PARAMETRIC_REPRESENTATION_CONTEXT() REPRESENTATION_CONTEXT('2D SPACE',''
  ) );
#6185 = PCURVE('',#5979,#6186);
#6186 = DEFINITIONAL_REPRESENTATION('',(#6187),#6191);
#6187 = LINE('',#6188,#6189);
#6188 = CARTESIAN_POINT('',(-0.,-0.));
#6189 = VECTOR('',#6190,1.);
#6190 = DIRECTION('',(-1.,-0.));
#6191 = ( GEOMETRIC_REPRESENTATION_CONTEXT(2)
PARAMETRIC_REPRESENTATION_CONTEXT() REPRESENTATION_CONTEXT('2D SPACE',''
  ) );
#6192 = ADVANCED_FACE('',(#6193),#5055,.T.);
#6193 = FACE_BOUND('',#6194,.T.);
#6194 = EDGE_LOOP('',(#6195,#6196,#6223,#6244));
#6195 = ORIENTED_EDGE('',*,*,#5039,.F.);
#6196 = ORIENTED_EDGE('',*,*,#6197,.T.);
#6197 = EDGE_CURVE('',#5040,#6198,#6200,.T.);
#6198 = VERTEX_POINT('',#6199);
#6199 = CARTESIAN_POINT('',(-35.450451267,-2.814249455894,6.3));
#6200 = SURFACE_CURVE('',#6201,(#6206,#6213),.PCURVE_S1.);
#6201 = HYPERBOLA('',#6202,6.3,6.3);
#6202 = AXIS2_PLACEMENT_3D('',#6203,#6204,#6205);
#6203 = CARTESIAN_POINT('',(-28.550451267,0.,6.3));
#6204 = DIRECTION('',(0.,0.,-1.));
#6205 = DIRECTION('',(-1.,-0.,-0.));
#6206 = PCURVE('',#5055,#6207);
#6207 = DEFINITIONAL_REPRESENTATION('',(#6208),#6212);
#6208 = ( BOUNDED_CURVE() B_SPLINE_CURVE(2,(#6209,#6210,#6211),
.UNSPECIFIED.,.F.,.F.) B_SPLINE_CURVE_WITH_KNOTS((3,3),(-0.467145308103,
-0.429475237664),.PIECEWISE_BEZIER_KNOTS.) CURVE()
GEOMETRIC_REPRESENTATION_ITEM() RATIONAL_B_SPLINE_CURVE((1.,
1.00017738452,1.)) REPRESENTATION_ITEM('') );
#6209 = CARTESIAN_POINT('',(22.894375010986,8.881784197001E-16));
#6210 = CARTESIAN_POINT('',(22.762545353311,-5.746321555659E-02));
#6211 = CARTESIAN_POINT('',(22.632787304543,-0.11));
#6212 = ( GEOMETRIC_REPRESENTATION_CONTEXT(2)
PARAMETRIC_REPRESENTATION_CONTEXT() REPRESENTATION_CONTEXT('2D SPACE',''
  ) );
#6213 = PCURVE('',#5979,#6214);
#6214 = DEFINITIONAL_REPRESENTATION('',(#6215),#6222);
#6215 = B_SPLINE_CURVE_WITH_KNOTS('',5,(#6216,#6217,#6218,#6219,#6220,
    #6221),.UNSPECIFIED.,.F.,.F.,(6,6),(-0.467145308103,-0.429475237664)
  ,.PIECEWISE_BEZIER_KNOTS.);
#6216 = CARTESIAN_POINT('',(-2.021823138591,0.));
#6217 = CARTESIAN_POINT('',(-2.015042525912,-2.298800423397E-02));
#6218 = CARTESIAN_POINT('',(-2.008234078814,-4.547934649612E-02));
#6219 = CARTESIAN_POINT('',(-2.001398294422,-6.747674517953E-02));
#6220 = CARTESIAN_POINT('',(-1.994535695304,-8.89828012316E-02));
#6221 = CARTESIAN_POINT('',(-1.987646829012,-0.11));
#6222 = ( GEOMETRIC_REPRESENTATION_CONTEXT(2)
PARAMETRIC_REPRESENTATION_CONTEXT() REPRESENTATION_CONTEXT('2D SPACE',''
  ) );
#6223 = ORIENTED_EDGE('',*,*,#6224,.T.);
#6224 = EDGE_CURVE('',#6198,#6046,#6225,.T.);
#6225 = SURFACE_CURVE('',#6226,(#6230,#6237),.PCURVE_S1.);
#6226 = LINE('',#6227,#6228);
#6227 = CARTESIAN_POINT('',(-35.450451267,27.843145750508,6.3));
#6228 = VECTOR('',#6229,1.);
#6229 = DIRECTION('',(0.,-1.,0.));
#6230 = PCURVE('',#5055,#6231);
#6231 = DEFINITIONAL_REPRESENTATION('',(#6232),#6236);
#6232 = LINE('',#6233,#6234);
#6233 = CARTESIAN_POINT('',(-8.,-0.1));
#6234 = VECTOR('',#6235,1.);
#6235 = DIRECTION('',(1.,0.));
#6236 = ( GEOMETRIC_REPRESENTATION_CONTEXT(2)
PARAMETRIC_REPRESENTATION_CONTEXT() REPRESENTATION_CONTEXT('2D SPACE',''
  ) );
#6237 = PCURVE('',#5412,#6238);
#6238 = DEFINITIONAL_REPRESENTATION('',(#6239),#6243);
#6239 = LINE('',#6240,#6241);
#6240 = CARTESIAN_POINT('',(27.843145750508,38.321572875254));
#6241 = VECTOR('',#6242,1.);
#6242 = DIRECTION('',(-1.,0.));
#6243 = ( GEOMETRIC_REPRESENTATION_CONTEXT(2)
PARAMETRIC_REPRESENTATION_CONTEXT() REPRESENTATION_CONTEXT('2D SPACE',''
  ) );
#6244 = ORIENTED_EDGE('',*,*,#6045,.F.);
#6245 = ADVANCED_FACE('',(#6246),#5182,.F.);
#6246 = FACE_BOUND('',#6247,.T.);
#6247 = EDGE_LOOP('',(#6248,#6249,#6250,#6251));
#6248 = ORIENTED_EDGE('',*,*,#5268,.T.);
#6249 = ORIENTED_EDGE('',*,*,#5169,.T.);
#6250 = ORIENTED_EDGE('',*,*,#5221,.T.);
#6251 = ORIENTED_EDGE('',*,*,#5294,.T.);
#6252 = ADVANCED_FACE('',(#6253),#5355,.F.);
#6253 = FACE_BOUND('',#6254,.F.);
#6254 = EDGE_LOOP('',(#6255));
#6255 = ORIENTED_EDGE('',*,*,#5340,.T.);
#6256 = ADVANCED_FACE('',(#6257,#6334,#6365),#5412,.F.);
#6257 = FACE_BOUND('',#6258,.F.);
#6258 = EDGE_LOOP('',(#6259,#6260,#6261,#6285,#6307,#6308,#6309,#6330,
    #6331,#6332,#6333));
#6259 = ORIENTED_EDGE('',*,*,#5499,.T.);
#6260 = ORIENTED_EDGE('',*,*,#6119,.T.);
#6261 = ORIENTED_EDGE('',*,*,#6262,.F.);
#6262 = EDGE_CURVE('',#6263,#6120,#6265,.T.);
#6263 = VERTEX_POINT('',#6264);
#6264 = CARTESIAN_POINT('',(-35.450451267,6.9,0.));
#6265 = SURFACE_CURVE('',#6266,(#6271,#6278),.PCURVE_S1.);
#6266 = CIRCLE('',#6267,6.9);
#6267 = AXIS2_PLACEMENT_3D('',#6268,#6269,#6270);
#6268 = CARTESIAN_POINT('',(-35.450451267,0.,0.));
#6269 = DIRECTION('',(1.,0.,0.));
#6270 = DIRECTION('',(-0.,1.,0.));
#6271 = PCURVE('',#5412,#6272);
#6272 = DEFINITIONAL_REPRESENTATION('',(#6273),#6277);
#6273 = CIRCLE('',#6274,6.9);
#6274 = AXIS2_PLACEMENT_2D('',#6275,#6276);
#6275 = CARTESIAN_POINT('',(0.,32.021572875254));
#6276 = DIRECTION('',(1.,0.));
#6277 = ( GEOMETRIC_REPRESENTATION_CONTEXT(2)
PARAMETRIC_REPRESENTATION_CONTEXT() REPRESENTATION_CONTEXT('2D SPACE',''
  ) );
#6278 = PCURVE('',#5979,#6279);
#6279 = DEFINITIONAL_REPRESENTATION('',(#6280),#6284);
#6280 = LINE('',#6281,#6282);
#6281 = CARTESIAN_POINT('',(-0.,-0.1));
#6282 = VECTOR('',#6283,1.);
#6283 = DIRECTION('',(-1.,-0.));
#6284 = ( GEOMETRIC_REPRESENTATION_CONTEXT(2)
PARAMETRIC_REPRESENTATION_CONTEXT() REPRESENTATION_CONTEXT('2D SPACE',''
  ) );
#6285 = ORIENTED_EDGE('',*,*,#6286,.F.);
#6286 = EDGE_CURVE('',#6198,#6263,#6287,.T.);
#6287 = SURFACE_CURVE('',#6288,(#6293,#6300),.PCURVE_S1.);
#6288 = CIRCLE('',#6289,6.9);
#6289 = AXIS2_PLACEMENT_3D('',#6290,#6291,#6292);
#6290 = CARTESIAN_POINT('',(-35.450451267,0.,0.));
#6291 = DIRECTION('',(1.,0.,0.));
#6292 = DIRECTION('',(-0.,1.,0.));
#6293 = PCURVE('',#5412,#6294);
#6294 = DEFINITIONAL_REPRESENTATION('',(#6295),#6299);
#6295 = CIRCLE('',#6296,6.9);
#6296 = AXIS2_PLACEMENT_2D('',#6297,#6298);
#6297 = CARTESIAN_POINT('',(0.,32.021572875254));
#6298 = DIRECTION('',(1.,0.));
#6299 = ( GEOMETRIC_REPRESENTATION_CONTEXT(2)
PARAMETRIC_REPRESENTATION_CONTEXT() REPRESENTATION_CONTEXT('2D SPACE',''
  ) );
#6300 = PCURVE('',#5979,#6301);
#6301 = DEFINITIONAL_REPRESENTATION('',(#6302),#6306);
#6302 = LINE('',#6303,#6304);
#6303 = CARTESIAN_POINT('',(-0.,-0.1));
#6304 = VECTOR('',#6305,1.);
#6305 = DIRECTION('',(-1.,-0.));
#6306 = ( GEOMETRIC_REPRESENTATION_CONTEXT(2)
PARAMETRIC_REPRESENTATION_CONTEXT() REPRESENTATION_CONTEXT('2D SPACE',''
  ) );
#6307 = ORIENTED_EDGE('',*,*,#6224,.T.);
#6308 = ORIENTED_EDGE('',*,*,#6068,.T.);
#6309 = ORIENTED_EDGE('',*,*,#6310,.T.);
#6310 = EDGE_CURVE('',#6069,#5611,#6311,.T.);
#6311 = SURFACE_CURVE('',#6312,(#6316,#6323),.PCURVE_S1.);
#6312 = LINE('',#6313,#6314);
#6313 = CARTESIAN_POINT('',(-35.450451267,-27.8431457505,6.3));
#6314 = VECTOR('',#6315,1.);
#6315 = DIRECTION('',(0.,0.,-1.));
#6316 = PCURVE('',#5412,#6317);
#6317 = DEFINITIONAL_REPRESENTATION('',(#6318),#6322);
#6318 = LINE('',#6319,#6320);
#6319 = CARTESIAN_POINT('',(-27.8431457505,38.321572875254));
#6320 = VECTOR('',#6321,1.);
#6321 = DIRECTION('',(0.,-1.));
#6322 = ( GEOMETRIC_REPRESENTATION_CONTEXT(2)
PARAMETRIC_REPRESENTATION_CONTEXT() REPRESENTATION_CONTEXT('2D SPACE',''
  ) );
#6323 = PCURVE('',#5572,#6324);
#6324 = DEFINITIONAL_REPRESENTATION('',(#6325),#6329);
#6325 = LINE('',#6326,#6327);
#6326 = CARTESIAN_POINT('',(-8.,-0.1));
#6327 = VECTOR('',#6328,1.);
#6328 = DIRECTION('',(1.,0.));
#6329 = ( GEOMETRIC_REPRESENTATION_CONTEXT(2)
PARAMETRIC_REPRESENTATION_CONTEXT() REPRESENTATION_CONTEXT('2D SPACE',''
  ) );
#6330 = ORIENTED_EDGE('',*,*,#5610,.F.);
#6331 = ORIENTED_EDGE('',*,*,#5664,.T.);
#6332 = ORIENTED_EDGE('',*,*,#5395,.T.);
#6333 = ORIENTED_EDGE('',*,*,#5450,.T.);
#6334 = FACE_BOUND('',#6335,.F.);
#6335 = EDGE_LOOP('',(#6336));
#6336 = ORIENTED_EDGE('',*,*,#6337,.F.);
#6337 = EDGE_CURVE('',#6338,#6338,#6340,.T.);
#6338 = VERTEX_POINT('',#6339);
#6339 = CARTESIAN_POINT('',(-35.450451267,-17.5,-3.5));
#6340 = SURFACE_CURVE('',#6341,(#6346,#6353),.PCURVE_S1.);
#6341 = CIRCLE('',#6342,4.5);
#6342 = AXIS2_PLACEMENT_3D('',#6343,#6344,#6345);
#6343 = CARTESIAN_POINT('',(-35.450451267,-17.5,-8.));
#6344 = DIRECTION('',(1.,0.,0.));
#6345 = DIRECTION('',(-0.,0.,1.));
#6346 = PCURVE('',#5412,#6347);
#6347 = DEFINITIONAL_REPRESENTATION('',(#6348),#6352);
#6348 = CIRCLE('',#6349,4.5);
#6349 = AXIS2_PLACEMENT_2D('',#6350,#6351);
#6350 = CARTESIAN_POINT('',(-17.5,24.021572875254));
#6351 = DIRECTION('',(0.,1.));
#6352 = ( GEOMETRIC_REPRESENTATION_CONTEXT(2)
PARAMETRIC_REPRESENTATION_CONTEXT() REPRESENTATION_CONTEXT('2D SPACE',''
  ) );
#6353 = PCURVE('',#6354,#6359);
#6354 = CYLINDRICAL_SURFACE('',#6355,4.5);
#6355 = AXIS2_PLACEMENT_3D('',#6356,#6357,#6358);
#6356 = CARTESIAN_POINT('',(-35.500451267,-17.5,-8.));
#6357 = DIRECTION('',(1.,0.,0.));
#6358 = DIRECTION('',(-0.,0.,1.));
#6359 = DEFINITIONAL_REPRESENTATION('',(#6360),#6364);
#6360 = LINE('',#6361,#6362);
#6361 = CARTESIAN_POINT('',(0.,5.E-02));
#6362 = VECTOR('',#6363,1.);
#6363 = DIRECTION('',(1.,0.));
#6364 = ( GEOMETRIC_REPRESENTATION_CONTEXT(2)
PARAMETRIC_REPRESENTATION_CONTEXT() REPRESENTATION_CONTEXT('2D SPACE',''
  ) );
#6365 = FACE_BOUND('',#6366,.F.);
#6366 = EDGE_LOOP('',(#6367));
#6367 = ORIENTED_EDGE('',*,*,#6368,.F.);
#6368 = EDGE_CURVE('',#6369,#6369,#6371,.T.);
#6369 = VERTEX_POINT('',#6370);
#6370 = CARTESIAN_POINT('',(-35.450451267,17.5,-3.5));
#6371 = SURFACE_CURVE('',#6372,(#6377,#6384),.PCURVE_S1.);
#6372 = CIRCLE('',#6373,4.5);
#6373 = AXIS2_PLACEMENT_3D('',#6374,#6375,#6376);
#6374 = CARTESIAN_POINT('',(-35.450451267,17.5,-8.));
#6375 = DIRECTION('',(1.,0.,0.));
#6376 = DIRECTION('',(-0.,0.,1.));
#6377 = PCURVE('',#5412,#6378);
#6378 = DEFINITIONAL_REPRESENTATION('',(#6379),#6383);
#6379 = CIRCLE('',#6380,4.5);
#6380 = AXIS2_PLACEMENT_2D('',#6381,#6382);
#6381 = CARTESIAN_POINT('',(17.5,24.021572875254));
#6382 = DIRECTION('',(0.,1.));
#6383 = ( GEOMETRIC_REPRESENTATION_CONTEXT(2)
PARAMETRIC_REPRESENTATION_CONTEXT() REPRESENTATION_CONTEXT('2D SPACE',''
  ) );
#6384 = PCURVE('',#6385,#6390);
#6385 = CYLINDRICAL_SURFACE('',#6386,4.5);
#6386 = AXIS2_PLACEMENT_3D('',#6387,#6388,#6389);
#6387 = CARTESIAN_POINT('',(-35.500451267,17.5,-8.));
#6388 = DIRECTION('',(1.,0.,0.));
#6389 = DIRECTION('',(-0.,0.,1.));
#6390 = DEFINITIONAL_REPRESENTATION('',(#6391),#6395);
#6391 = LINE('',#6392,#6393);
#6392 = CARTESIAN_POINT('',(0.,5.E-02));
#6393 = VECTOR('',#6394,1.);
#6394 = DIRECTION('',(1.,0.));
#6395 = ( GEOMETRIC_REPRESENTATION_CONTEXT(2)
PARAMETRIC_REPRESENTATION_CONTEXT() REPRESENTATION_CONTEXT('2D SPACE',''
  ) );
#6396 = ADVANCED_FACE('',(#6397),#5572,.T.);
#6397 = FACE_BOUND('',#6398,.T.);
#6398 = EDGE_LOOP('',(#6399,#6400,#6401,#6402));
#6399 = ORIENTED_EDGE('',*,*,#6092,.T.);
#6400 = ORIENTED_EDGE('',*,*,#6310,.T.);
#6401 = ORIENTED_EDGE('',*,*,#5638,.F.);
#6402 = ORIENTED_EDGE('',*,*,#5558,.F.);
#6403 = ADVANCED_FACE('',(#6404,#6407),#5760,.F.);
#6404 = FACE_BOUND('',#6405,.F.);
#6405 = EDGE_LOOP('',(#6406));
#6406 = ORIENTED_EDGE('',*,*,#5745,.T.);
#6407 = FACE_BOUND('',#6408,.F.);
#6408 = EDGE_LOOP('',(#6409));
#6409 = ORIENTED_EDGE('',*,*,#6410,.F.);
#6410 = EDGE_CURVE('',#6411,#6411,#6413,.T.);
#6411 = VERTEX_POINT('',#6412);
#6412 = CARTESIAN_POINT('',(35.450373036,1.102182119233E-15,-4.5));
#6413 = SURFACE_CURVE('',#6414,(#6419,#6426),.PCURVE_S1.);
#6414 = CIRCLE('',#6415,4.5);
#6415 = AXIS2_PLACEMENT_3D('',#6416,#6417,#6418);
#6416 = CARTESIAN_POINT('',(35.450373036,0.,0.));
#6417 = DIRECTION('',(-1.,0.,0.));
#6418 = DIRECTION('',(0.,0.,-1.));
#6419 = PCURVE('',#5760,#6420);
#6420 = DEFINITIONAL_REPRESENTATION('',(#6421),#6425);
#6421 = CIRCLE('',#6422,4.5);
#6422 = AXIS2_PLACEMENT_2D('',#6423,#6424);
#6423 = CARTESIAN_POINT('',(-8.,0.));
#6424 = DIRECTION('',(1.,0.));
#6425 = ( GEOMETRIC_REPRESENTATION_CONTEXT(2)
PARAMETRIC_REPRESENTATION_CONTEXT() REPRESENTATION_CONTEXT('2D SPACE',''
  ) );
#6426 = PCURVE('',#6427,#6432);
#6427 = CYLINDRICAL_SURFACE('',#6428,4.5);
#6428 = AXIS2_PLACEMENT_3D('',#6429,#6430,#6431);
#6429 = CARTESIAN_POINT('',(35.550373036,0.,0.));
#6430 = DIRECTION('',(-1.,0.,0.));
#6431 = DIRECTION('',(0.,0.,-1.));
#6432 = DEFINITIONAL_REPRESENTATION('',(#6433),#6437);
#6433 = LINE('',#6434,#6435);
#6434 = CARTESIAN_POINT('',(0.,0.1));
#6435 = VECTOR('',#6436,1.);
#6436 = DIRECTION('',(1.,0.));
#6437 = ( GEOMETRIC_REPRESENTATION_CONTEXT(2)
PARAMETRIC_REPRESENTATION_CONTEXT() REPRESENTATION_CONTEXT('2D SPACE',''
  ) );
#6438 = ADVANCED_FACE('',(#6439,#6442),#5795,.T.);
#6439 = FACE_BOUND('',#6440,.T.);
#6440 = EDGE_LOOP('',(#6441));
#6441 = ORIENTED_EDGE('',*,*,#5778,.T.);
#6442 = FACE_BOUND('',#6443,.T.);
#6443 = EDGE_LOOP('',(#6444));
#6444 = ORIENTED_EDGE('',*,*,#6445,.F.);
#6445 = EDGE_CURVE('',#6446,#6446,#6448,.T.);
#6446 = VERTEX_POINT('',#6447);
#6447 = CARTESIAN_POINT('',(30.65,3.184081677783E-16,-1.3));
#6448 = SURFACE_CURVE('',#6449,(#6454,#6461),.PCURVE_S1.);
#6449 = CIRCLE('',#6450,1.3);
#6450 = AXIS2_PLACEMENT_3D('',#6451,#6452,#6453);
#6451 = CARTESIAN_POINT('',(30.65,0.,0.));
#6452 = DIRECTION('',(-1.,0.,0.));
#6453 = DIRECTION('',(0.,0.,-1.));
#6454 = PCURVE('',#5795,#6455);
#6455 = DEFINITIONAL_REPRESENTATION('',(#6456),#6460);
#6456 = CIRCLE('',#6457,1.3);
#6457 = AXIS2_PLACEMENT_2D('',#6458,#6459);
#6458 = CARTESIAN_POINT('',(0.,0.));
#6459 = DIRECTION('',(1.,0.));
#6460 = ( GEOMETRIC_REPRESENTATION_CONTEXT(2)
PARAMETRIC_REPRESENTATION_CONTEXT() REPRESENTATION_CONTEXT('2D SPACE',''
  ) );
#6461 = PCURVE('',#6462,#6467);
#6462 = CYLINDRICAL_SURFACE('',#6463,1.3);
#6463 = AXIS2_PLACEMENT_3D('',#6464,#6465,#6466);
#6464 = CARTESIAN_POINT('',(35.600373036,0.,0.));
#6465 = DIRECTION('',(-1.,0.,0.));
#6466 = DIRECTION('',(0.,0.,-1.));
#6467 = DEFINITIONAL_REPRESENTATION('',(#6468),#6472);
#6468 = LINE('',#6469,#6470);
#6469 = CARTESIAN_POINT('',(0.,4.950373036));
#6470 = VECTOR('',#6471,1.);
#6471 = DIRECTION('',(1.,0.));
#6472 = ( GEOMETRIC_REPRESENTATION_CONTEXT(2)
PARAMETRIC_REPRESENTATION_CONTEXT() REPRESENTATION_CONTEXT('2D SPACE',''
  ) );
#6473 = ADVANCED_FACE('',(#6474,#6477),#5868,.T.);
#6474 = FACE_BOUND('',#6475,.T.);
#6475 = EDGE_LOOP('',(#6476));
#6476 = ORIENTED_EDGE('',*,*,#5851,.T.);
#6477 = FACE_BOUND('',#6478,.T.);
#6478 = EDGE_LOOP('',(#6479));
#6479 = ORIENTED_EDGE('',*,*,#6480,.F.);
#6480 = EDGE_CURVE('',#6481,#6481,#6483,.T.);
#6481 = VERTEX_POINT('',#6482);
#6482 = CARTESIAN_POINT('',(-30.65,17.5,-6.7));
#6483 = SURFACE_CURVE('',#6484,(#6489,#6496),.PCURVE_S1.);
#6484 = CIRCLE('',#6485,1.3);
#6485 = AXIS2_PLACEMENT_3D('',#6486,#6487,#6488);
#6486 = CARTESIAN_POINT('',(-30.65,17.5,-8.));
#6487 = DIRECTION('',(1.,0.,0.));
#6488 = DIRECTION('',(-0.,0.,1.));
#6489 = PCURVE('',#5868,#6490);
#6490 = DEFINITIONAL_REPRESENTATION('',(#6491),#6495);
#6491 = CIRCLE('',#6492,1.3);
#6492 = AXIS2_PLACEMENT_2D('',#6493,#6494);
#6493 = CARTESIAN_POINT('',(0.,0.));
#6494 = DIRECTION('',(1.,0.));
#6495 = ( GEOMETRIC_REPRESENTATION_CONTEXT(2)
PARAMETRIC_REPRESENTATION_CONTEXT() REPRESENTATION_CONTEXT('2D SPACE',''
  ) );
#6496 = PCURVE('',#6497,#6502);
#6497 = CYLINDRICAL_SURFACE('',#6498,1.3);
#6498 = AXIS2_PLACEMENT_3D('',#6499,#6500,#6501);
#6499 = CARTESIAN_POINT('',(-35.550451267,17.5,-8.));
#6500 = DIRECTION('',(1.,0.,0.));
#6501 = DIRECTION('',(-0.,0.,1.));
#6502 = DEFINITIONAL_REPRESENTATION('',(#6503),#6507);
#6503 = LINE('',#6504,#6505);
#6504 = CARTESIAN_POINT('',(0.,4.900451267));
#6505 = VECTOR('',#6506,1.);
#6506 = DIRECTION('',(1.,0.));
#6507 = ( GEOMETRIC_REPRESENTATION_CONTEXT(2)
PARAMETRIC_REPRESENTATION_CONTEXT() REPRESENTATION_CONTEXT('2D SPACE',''
  ) );
#6508 = ADVANCED_FACE('',(#6509,#6512),#5923,.T.);
#6509 = FACE_BOUND('',#6510,.T.);
#6510 = EDGE_LOOP('',(#6511));
#6511 = ORIENTED_EDGE('',*,*,#5906,.T.);
#6512 = FACE_BOUND('',#6513,.T.);
#6513 = EDGE_LOOP('',(#6514));
#6514 = ORIENTED_EDGE('',*,*,#6515,.F.);
#6515 = EDGE_CURVE('',#6516,#6516,#6518,.T.);
#6516 = VERTEX_POINT('',#6517);
#6517 = CARTESIAN_POINT('',(-30.65,-17.5,-6.7));
#6518 = SURFACE_CURVE('',#6519,(#6524,#6531),.PCURVE_S1.);
#6519 = CIRCLE('',#6520,1.3);
#6520 = AXIS2_PLACEMENT_3D('',#6521,#6522,#6523);
#6521 = CARTESIAN_POINT('',(-30.65,-17.5,-8.));
#6522 = DIRECTION('',(1.,0.,0.));
#6523 = DIRECTION('',(-0.,0.,1.));
#6524 = PCURVE('',#5923,#6525);
#6525 = DEFINITIONAL_REPRESENTATION('',(#6526),#6530);
#6526 = CIRCLE('',#6527,1.3);
#6527 = AXIS2_PLACEMENT_2D('',#6528,#6529);
#6528 = CARTESIAN_POINT('',(0.,0.));
#6529 = DIRECTION('',(1.,0.));
#6530 = ( GEOMETRIC_REPRESENTATION_CONTEXT(2)
PARAMETRIC_REPRESENTATION_CONTEXT() REPRESENTATION_CONTEXT('2D SPACE',''
  ) );
#6531 = PCURVE('',#6532,#6537);
#6532 = CYLINDRICAL_SURFACE('',#6533,1.3);
#6533 = AXIS2_PLACEMENT_3D('',#6534,#6535,#6536);
#6534 = CARTESIAN_POINT('',(-35.550451267,-17.5,-8.));
#6535 = DIRECTION('',(1.,0.,0.));
#6536 = DIRECTION('',(-0.,0.,1.));
#6537 = DEFINITIONAL_REPRESENTATION('',(#6538),#6542);
#6538 = LINE('',#6539,#6540);
#6539 = CARTESIAN_POINT('',(0.,4.900451267));
#6540 = VECTOR('',#6541,1.);
#6541 = DIRECTION('',(1.,0.));
#6542 = ( GEOMETRIC_REPRESENTATION_CONTEXT(2)
PARAMETRIC_REPRESENTATION_CONTEXT() REPRESENTATION_CONTEXT('2D SPACE',''
  ) );
#6543 = ADVANCED_FACE('',(#6544),#5979,.F.);
#6544 = FACE_BOUND('',#6545,.F.);
#6545 = EDGE_LOOP('',(#6546,#6547,#6565,#6566,#6567,#6568,#6569,#6570,
    #6571));
#6546 = ORIENTED_EDGE('',*,*,#6286,.T.);
#6547 = ORIENTED_EDGE('',*,*,#6548,.T.);
#6548 = EDGE_CURVE('',#6263,#5962,#6549,.T.);
#6549 = SEAM_CURVE('',#6550,(#6553,#6559),.PCURVE_S1.);
#6550 = B_SPLINE_CURVE_WITH_KNOTS('',1,(#6551,#6552),.UNSPECIFIED.,.F.,
  .F.,(2,2),(0.,1.),.PIECEWISE_BEZIER_KNOTS.);
#6551 = CARTESIAN_POINT('',(-35.550451267,7.,0.));
#6552 = CARTESIAN_POINT('',(-33.550451267,5.,0.));
#6553 = PCURVE('',#5979,#6554);
#6554 = DEFINITIONAL_REPRESENTATION('',(#6555),#6558);
#6555 = B_SPLINE_CURVE_WITH_KNOTS('',1,(#6556,#6557),.UNSPECIFIED.,.F.,
  .F.,(2,2),(0.,1.),.PIECEWISE_BEZIER_KNOTS.);
#6556 = CARTESIAN_POINT('',(0.,0.));
#6557 = CARTESIAN_POINT('',(0.,-2.));
#6558 = ( GEOMETRIC_REPRESENTATION_CONTEXT(2)
PARAMETRIC_REPRESENTATION_CONTEXT() REPRESENTATION_CONTEXT('2D SPACE',''
  ) );
#6559 = PCURVE('',#5979,#6560);
#6560 = DEFINITIONAL_REPRESENTATION('',(#6561),#6564);
#6561 = B_SPLINE_CURVE_WITH_KNOTS('',1,(#6562,#6563),.UNSPECIFIED.,.F.,
  .F.,(2,2),(0.,1.),.PIECEWISE_BEZIER_KNOTS.);
#6562 = CARTESIAN_POINT('',(-6.28318530718,0.));
#6563 = CARTESIAN_POINT('',(-6.28318530718,-2.));
#6564 = ( GEOMETRIC_REPRESENTATION_CONTEXT(2)
PARAMETRIC_REPRESENTATION_CONTEXT() REPRESENTATION_CONTEXT('2D SPACE',''
  ) );
#6565 = ORIENTED_EDGE('',*,*,#6014,.F.);
#6566 = ORIENTED_EDGE('',*,*,#5961,.F.);
#6567 = ORIENTED_EDGE('',*,*,#6548,.F.);
#6568 = ORIENTED_EDGE('',*,*,#6262,.T.);
#6569 = ORIENTED_EDGE('',*,*,#6142,.T.);
#6570 = ORIENTED_EDGE('',*,*,#6171,.T.);
#6571 = ORIENTED_EDGE('',*,*,#6197,.T.);
#6572 = ADVANCED_FACE('',(#6573),#6354,.T.);
#6573 = FACE_BOUND('',#6574,.T.);
#6574 = EDGE_LOOP('',(#6575,#6576,#6599,#6626));
#6575 = ORIENTED_EDGE('',*,*,#6337,.F.);
#6576 = ORIENTED_EDGE('',*,*,#6577,.F.);
#6577 = EDGE_CURVE('',#6578,#6338,#6580,.T.);
#6578 = VERTEX_POINT('',#6579);
#6579 = CARTESIAN_POINT('',(-35.500451267,-17.5,-3.5));
#6580 = SEAM_CURVE('',#6581,(#6585,#6592),.PCURVE_S1.);
#6581 = LINE('',#6582,#6583);
#6582 = CARTESIAN_POINT('',(-35.500451267,-17.5,-3.5));
#6583 = VECTOR('',#6584,1.);
#6584 = DIRECTION('',(1.,0.,0.));
#6585 = PCURVE('',#6354,#6586);
#6586 = DEFINITIONAL_REPRESENTATION('',(#6587),#6591);
#6587 = LINE('',#6588,#6589);
#6588 = CARTESIAN_POINT('',(6.28318530718,-0.));
#6589 = VECTOR('',#6590,1.);
#6590 = DIRECTION('',(0.,1.));
#6591 = ( GEOMETRIC_REPRESENTATION_CONTEXT(2)
PARAMETRIC_REPRESENTATION_CONTEXT() REPRESENTATION_CONTEXT('2D SPACE',''
  ) );
#6592 = PCURVE('',#6354,#6593);
#6593 = DEFINITIONAL_REPRESENTATION('',(#6594),#6598);
#6594 = LINE('',#6595,#6596);
#6595 = CARTESIAN_POINT('',(0.,-0.));
#6596 = VECTOR('',#6597,1.);
#6597 = DIRECTION('',(0.,1.));
#6598 = ( GEOMETRIC_REPRESENTATION_CONTEXT(2)
PARAMETRIC_REPRESENTATION_CONTEXT() REPRESENTATION_CONTEXT('2D SPACE',''
  ) );
#6599 = ORIENTED_EDGE('',*,*,#6600,.T.);
#6600 = EDGE_CURVE('',#6578,#6578,#6601,.T.);
#6601 = SURFACE_CURVE('',#6602,(#6607,#6614),.PCURVE_S1.);
#6602 = CIRCLE('',#6603,4.5);
#6603 = AXIS2_PLACEMENT_3D('',#6604,#6605,#6606);
#6604 = CARTESIAN_POINT('',(-35.500451267,-17.5,-8.));
#6605 = DIRECTION('',(1.,0.,0.));
#6606 = DIRECTION('',(-0.,0.,1.));
#6607 = PCURVE('',#6354,#6608);
#6608 = DEFINITIONAL_REPRESENTATION('',(#6609),#6613);
#6609 = LINE('',#6610,#6611);
#6610 = CARTESIAN_POINT('',(0.,0.));
#6611 = VECTOR('',#6612,1.);
#6612 = DIRECTION('',(1.,0.));
#6613 = ( GEOMETRIC_REPRESENTATION_CONTEXT(2)
PARAMETRIC_REPRESENTATION_CONTEXT() REPRESENTATION_CONTEXT('2D SPACE',''
  ) );
#6614 = PCURVE('',#6615,#6620);
#6615 = PLANE('',#6616);
#6616 = AXIS2_PLACEMENT_3D('',#6617,#6618,#6619);
#6617 = CARTESIAN_POINT('',(-35.500451267,-17.5,-8.));
#6618 = DIRECTION('',(1.,0.,0.));
#6619 = DIRECTION('',(-0.,0.,1.));
#6620 = DEFINITIONAL_REPRESENTATION('',(#6621),#6625);
#6621 = CIRCLE('',#6622,4.5);
#6622 = AXIS2_PLACEMENT_2D('',#6623,#6624);
#6623 = CARTESIAN_POINT('',(0.,0.));
#6624 = DIRECTION('',(1.,0.));
#6625 = ( GEOMETRIC_REPRESENTATION_CONTEXT(2)
PARAMETRIC_REPRESENTATION_CONTEXT() REPRESENTATION_CONTEXT('2D SPACE',''
  ) );
#6626 = ORIENTED_EDGE('',*,*,#6577,.T.);
#6627 = ADVANCED_FACE('',(#6628),#6385,.T.);
#6628 = FACE_BOUND('',#6629,.T.);
#6629 = EDGE_LOOP('',(#6630,#6631,#6654,#6681));
#6630 = ORIENTED_EDGE('',*,*,#6368,.F.);
#6631 = ORIENTED_EDGE('',*,*,#6632,.F.);
#6632 = EDGE_CURVE('',#6633,#6369,#6635,.T.);
#6633 = VERTEX_POINT('',#6634);
#6634 = CARTESIAN_POINT('',(-35.500451267,17.5,-3.5));
#6635 = SEAM_CURVE('',#6636,(#6640,#6647),.PCURVE_S1.);
#6636 = LINE('',#6637,#6638);
#6637 = CARTESIAN_POINT('',(-35.500451267,17.5,-3.5));
#6638 = VECTOR('',#6639,1.);
#6639 = DIRECTION('',(1.,0.,0.));
#6640 = PCURVE('',#6385,#6641);
#6641 = DEFINITIONAL_REPRESENTATION('',(#6642),#6646);
#6642 = LINE('',#6643,#6644);
#6643 = CARTESIAN_POINT('',(6.28318530718,-0.));
#6644 = VECTOR('',#6645,1.);
#6645 = DIRECTION('',(0.,1.));
#6646 = ( GEOMETRIC_REPRESENTATION_CONTEXT(2)
PARAMETRIC_REPRESENTATION_CONTEXT() REPRESENTATION_CONTEXT('2D SPACE',''
  ) );
#6647 = PCURVE('',#6385,#6648);
#6648 = DEFINITIONAL_REPRESENTATION('',(#6649),#6653);
#6649 = LINE('',#6650,#6651);
#6650 = CARTESIAN_POINT('',(0.,-0.));
#6651 = VECTOR('',#6652,1.);
#6652 = DIRECTION('',(0.,1.));
#6653 = ( GEOMETRIC_REPRESENTATION_CONTEXT(2)
PARAMETRIC_REPRESENTATION_CONTEXT() REPRESENTATION_CONTEXT('2D SPACE',''
  ) );
#6654 = ORIENTED_EDGE('',*,*,#6655,.T.);
#6655 = EDGE_CURVE('',#6633,#6633,#6656,.T.);
#6656 = SURFACE_CURVE('',#6657,(#6662,#6669),.PCURVE_S1.);
#6657 = CIRCLE('',#6658,4.5);
#6658 = AXIS2_PLACEMENT_3D('',#6659,#6660,#6661);
#6659 = CARTESIAN_POINT('',(-35.500451267,17.5,-8.));
#6660 = DIRECTION('',(1.,0.,0.));
#6661 = DIRECTION('',(-0.,0.,1.));
#6662 = PCURVE('',#6385,#6663);
#6663 = DEFINITIONAL_REPRESENTATION('',(#6664),#6668);
#6664 = LINE('',#6665,#6666);
#6665 = CARTESIAN_POINT('',(0.,0.));
#6666 = VECTOR('',#6667,1.);
#6667 = DIRECTION('',(1.,0.));
#6668 = ( GEOMETRIC_REPRESENTATION_CONTEXT(2)
PARAMETRIC_REPRESENTATION_CONTEXT() REPRESENTATION_CONTEXT('2D SPACE',''
  ) );
#6669 = PCURVE('',#6670,#6675);
#6670 = PLANE('',#6671);
#6671 = AXIS2_PLACEMENT_3D('',#6672,#6673,#6674);
#6672 = CARTESIAN_POINT('',(-35.500451267,17.5,-8.));
#6673 = DIRECTION('',(1.,0.,0.));
#6674 = DIRECTION('',(-0.,0.,1.));
#6675 = DEFINITIONAL_REPRESENTATION('',(#6676),#6680);
#6676 = CIRCLE('',#6677,4.5);
#6677 = AXIS2_PLACEMENT_2D('',#6678,#6679);
#6678 = CARTESIAN_POINT('',(0.,0.));
#6679 = DIRECTION('',(1.,0.));
#6680 = ( GEOMETRIC_REPRESENTATION_CONTEXT(2)
PARAMETRIC_REPRESENTATION_CONTEXT() REPRESENTATION_CONTEXT('2D SPACE',''
  ) );
#6681 = ORIENTED_EDGE('',*,*,#6632,.T.);
#6682 = ADVANCED_FACE('',(#6683),#6427,.T.);
#6683 = FACE_BOUND('',#6684,.T.);
#6684 = EDGE_LOOP('',(#6685,#6686,#6709,#6736));
#6685 = ORIENTED_EDGE('',*,*,#6410,.F.);
#6686 = ORIENTED_EDGE('',*,*,#6687,.F.);
#6687 = EDGE_CURVE('',#6688,#6411,#6690,.T.);
#6688 = VERTEX_POINT('',#6689);
#6689 = CARTESIAN_POINT('',(35.550373036,1.102182119233E-15,-4.5));
#6690 = SEAM_CURVE('',#6691,(#6695,#6702),.PCURVE_S1.);
#6691 = LINE('',#6692,#6693);
#6692 = CARTESIAN_POINT('',(35.550373036,1.102182119233E-15,-4.5));
#6693 = VECTOR('',#6694,1.);
#6694 = DIRECTION('',(-1.,0.,0.));
#6695 = PCURVE('',#6427,#6696);
#6696 = DEFINITIONAL_REPRESENTATION('',(#6697),#6701);
#6697 = LINE('',#6698,#6699);
#6698 = CARTESIAN_POINT('',(6.28318530718,-0.));
#6699 = VECTOR('',#6700,1.);
#6700 = DIRECTION('',(0.,1.));
#6701 = ( GEOMETRIC_REPRESENTATION_CONTEXT(2)
PARAMETRIC_REPRESENTATION_CONTEXT() REPRESENTATION_CONTEXT('2D SPACE',''
  ) );
#6702 = PCURVE('',#6427,#6703);
#6703 = DEFINITIONAL_REPRESENTATION('',(#6704),#6708);
#6704 = LINE('',#6705,#6706);
#6705 = CARTESIAN_POINT('',(0.,-0.));
#6706 = VECTOR('',#6707,1.);
#6707 = DIRECTION('',(0.,1.));
#6708 = ( GEOMETRIC_REPRESENTATION_CONTEXT(2)
PARAMETRIC_REPRESENTATION_CONTEXT() REPRESENTATION_CONTEXT('2D SPACE',''
  ) );
#6709 = ORIENTED_EDGE('',*,*,#6710,.T.);
#6710 = EDGE_CURVE('',#6688,#6688,#6711,.T.);
#6711 = SURFACE_CURVE('',#6712,(#6717,#6724),.PCURVE_S1.);
#6712 = CIRCLE('',#6713,4.5);
#6713 = AXIS2_PLACEMENT_3D('',#6714,#6715,#6716);
#6714 = CARTESIAN_POINT('',(35.550373036,0.,0.));
#6715 = DIRECTION('',(-1.,0.,0.));
#6716 = DIRECTION('',(0.,0.,-1.));
#6717 = PCURVE('',#6427,#6718);
#6718 = DEFINITIONAL_REPRESENTATION('',(#6719),#6723);
#6719 = LINE('',#6720,#6721);
#6720 = CARTESIAN_POINT('',(0.,0.));
#6721 = VECTOR('',#6722,1.);
#6722 = DIRECTION('',(1.,0.));
#6723 = ( GEOMETRIC_REPRESENTATION_CONTEXT(2)
PARAMETRIC_REPRESENTATION_CONTEXT() REPRESENTATION_CONTEXT('2D SPACE',''
  ) );
#6724 = PCURVE('',#6725,#6730);
#6725 = PLANE('',#6726);
#6726 = AXIS2_PLACEMENT_3D('',#6727,#6728,#6729);
#6727 = CARTESIAN_POINT('',(35.550373036,0.,0.));
#6728 = DIRECTION('',(-1.,0.,0.));
#6729 = DIRECTION('',(0.,0.,-1.));
#6730 = DEFINITIONAL_REPRESENTATION('',(#6731),#6735);
#6731 = CIRCLE('',#6732,4.5);
#6732 = AXIS2_PLACEMENT_2D('',#6733,#6734);
#6733 = CARTESIAN_POINT('',(0.,0.));
#6734 = DIRECTION('',(1.,0.));
#6735 = ( GEOMETRIC_REPRESENTATION_CONTEXT(2)
PARAMETRIC_REPRESENTATION_CONTEXT() REPRESENTATION_CONTEXT('2D SPACE',''
  ) );
#6736 = ORIENTED_EDGE('',*,*,#6687,.T.);
#6737 = ADVANCED_FACE('',(#6738),#6462,.F.);
#6738 = FACE_BOUND('',#6739,.F.);
#6739 = EDGE_LOOP('',(#6740,#6769,#6790,#6791));
#6740 = ORIENTED_EDGE('',*,*,#6741,.T.);
#6741 = EDGE_CURVE('',#6742,#6742,#6744,.T.);
#6742 = VERTEX_POINT('',#6743);
#6743 = CARTESIAN_POINT('',(33.450373036,3.184081677783E-16,-1.3));
#6744 = SURFACE_CURVE('',#6745,(#6750,#6757),.PCURVE_S1.);
#6745 = CIRCLE('',#6746,1.3);
#6746 = AXIS2_PLACEMENT_3D('',#6747,#6748,#6749);
#6747 = CARTESIAN_POINT('',(33.450373036,0.,0.));
#6748 = DIRECTION('',(-1.,0.,0.));
#6749 = DIRECTION('',(0.,0.,-1.));
#6750 = PCURVE('',#6462,#6751);
#6751 = DEFINITIONAL_REPRESENTATION('',(#6752),#6756);
#6752 = LINE('',#6753,#6754);
#6753 = CARTESIAN_POINT('',(0.,2.15));
#6754 = VECTOR('',#6755,1.);
#6755 = DIRECTION('',(1.,0.));
#6756 = ( GEOMETRIC_REPRESENTATION_CONTEXT(2)
PARAMETRIC_REPRESENTATION_CONTEXT() REPRESENTATION_CONTEXT('2D SPACE',''
  ) );
#6757 = PCURVE('',#6758,#6763);
#6758 = PLANE('',#6759);
#6759 = AXIS2_PLACEMENT_3D('',#6760,#6761,#6762);
#6760 = CARTESIAN_POINT('',(33.450373036,0.,0.));
#6761 = DIRECTION('',(-1.,0.,0.));
#6762 = DIRECTION('',(0.,0.,-1.));
#6763 = DEFINITIONAL_REPRESENTATION('',(#6764),#6768);
#6764 = CIRCLE('',#6765,1.3);
#6765 = AXIS2_PLACEMENT_2D('',#6766,#6767);
#6766 = CARTESIAN_POINT('',(0.,0.));
#6767 = DIRECTION('',(1.,0.));
#6768 = ( GEOMETRIC_REPRESENTATION_CONTEXT(2)
PARAMETRIC_REPRESENTATION_CONTEXT() REPRESENTATION_CONTEXT('2D SPACE',''
  ) );
#6769 = ORIENTED_EDGE('',*,*,#6770,.T.);
#6770 = EDGE_CURVE('',#6742,#6446,#6771,.T.);
#6771 = SEAM_CURVE('',#6772,(#6776,#6783),.PCURVE_S1.);
#6772 = LINE('',#6773,#6774);
#6773 = CARTESIAN_POINT('',(35.600373036,3.184081677783E-16,-1.3));
#6774 = VECTOR('',#6775,1.);
#6775 = DIRECTION('',(-1.,0.,0.));
#6776 = PCURVE('',#6462,#6777);
#6777 = DEFINITIONAL_REPRESENTATION('',(#6778),#6782);
#6778 = LINE('',#6779,#6780);
#6779 = CARTESIAN_POINT('',(0.,-0.));
#6780 = VECTOR('',#6781,1.);
#6781 = DIRECTION('',(0.,1.));
#6782 = ( GEOMETRIC_REPRESENTATION_CONTEXT(2)
PARAMETRIC_REPRESENTATION_CONTEXT() REPRESENTATION_CONTEXT('2D SPACE',''
  ) );
#6783 = PCURVE('',#6462,#6784);
#6784 = DEFINITIONAL_REPRESENTATION('',(#6785),#6789);
#6785 = LINE('',#6786,#6787);
#6786 = CARTESIAN_POINT('',(6.28318530718,-0.));
#6787 = VECTOR('',#6788,1.);
#6788 = DIRECTION('',(0.,1.));
#6789 = ( GEOMETRIC_REPRESENTATION_CONTEXT(2)
PARAMETRIC_REPRESENTATION_CONTEXT() REPRESENTATION_CONTEXT('2D SPACE',''
  ) );
#6790 = ORIENTED_EDGE('',*,*,#6445,.F.);
#6791 = ORIENTED_EDGE('',*,*,#6770,.F.);
#6792 = ADVANCED_FACE('',(#6793),#6497,.F.);
#6793 = FACE_BOUND('',#6794,.F.);
#6794 = EDGE_LOOP('',(#6795,#6796,#6819,#6841));
#6795 = ORIENTED_EDGE('',*,*,#6480,.F.);
#6796 = ORIENTED_EDGE('',*,*,#6797,.F.);
#6797 = EDGE_CURVE('',#6798,#6481,#6800,.T.);
#6798 = VERTEX_POINT('',#6799);
#6799 = CARTESIAN_POINT('',(-35.500451267,17.5,-6.7));
#6800 = SEAM_CURVE('',#6801,(#6805,#6812),.PCURVE_S1.);
#6801 = LINE('',#6802,#6803);
#6802 = CARTESIAN_POINT('',(-35.550451267,17.5,-6.7));
#6803 = VECTOR('',#6804,1.);
#6804 = DIRECTION('',(1.,0.,0.));
#6805 = PCURVE('',#6497,#6806);
#6806 = DEFINITIONAL_REPRESENTATION('',(#6807),#6811);
#6807 = LINE('',#6808,#6809);
#6808 = CARTESIAN_POINT('',(6.28318530718,-0.));
#6809 = VECTOR('',#6810,1.);
#6810 = DIRECTION('',(0.,1.));
#6811 = ( GEOMETRIC_REPRESENTATION_CONTEXT(2)
PARAMETRIC_REPRESENTATION_CONTEXT() REPRESENTATION_CONTEXT('2D SPACE',''
  ) );
#6812 = PCURVE('',#6497,#6813);
#6813 = DEFINITIONAL_REPRESENTATION('',(#6814),#6818);
#6814 = LINE('',#6815,#6816);
#6815 = CARTESIAN_POINT('',(0.,-0.));
#6816 = VECTOR('',#6817,1.);
#6817 = DIRECTION('',(0.,1.));
#6818 = ( GEOMETRIC_REPRESENTATION_CONTEXT(2)
PARAMETRIC_REPRESENTATION_CONTEXT() REPRESENTATION_CONTEXT('2D SPACE',''
  ) );
#6819 = ORIENTED_EDGE('',*,*,#6820,.T.);
#6820 = EDGE_CURVE('',#6798,#6798,#6821,.T.);
#6821 = SURFACE_CURVE('',#6822,(#6827,#6834),.PCURVE_S1.);
#6822 = CIRCLE('',#6823,1.3);
#6823 = AXIS2_PLACEMENT_3D('',#6824,#6825,#6826);
#6824 = CARTESIAN_POINT('',(-35.500451267,17.5,-8.));
#6825 = DIRECTION('',(1.,0.,0.));
#6826 = DIRECTION('',(-0.,0.,1.));
#6827 = PCURVE('',#6497,#6828);
#6828 = DEFINITIONAL_REPRESENTATION('',(#6829),#6833);
#6829 = LINE('',#6830,#6831);
#6830 = CARTESIAN_POINT('',(0.,5.E-02));
#6831 = VECTOR('',#6832,1.);
#6832 = DIRECTION('',(1.,0.));
#6833 = ( GEOMETRIC_REPRESENTATION_CONTEXT(2)
PARAMETRIC_REPRESENTATION_CONTEXT() REPRESENTATION_CONTEXT('2D SPACE',''
  ) );
#6834 = PCURVE('',#6670,#6835);
#6835 = DEFINITIONAL_REPRESENTATION('',(#6836),#6840);
#6836 = CIRCLE('',#6837,1.3);
#6837 = AXIS2_PLACEMENT_2D('',#6838,#6839);
#6838 = CARTESIAN_POINT('',(0.,0.));
#6839 = DIRECTION('',(1.,0.));
#6840 = ( GEOMETRIC_REPRESENTATION_CONTEXT(2)
PARAMETRIC_REPRESENTATION_CONTEXT() REPRESENTATION_CONTEXT('2D SPACE',''
  ) );
#6841 = ORIENTED_EDGE('',*,*,#6797,.T.);
#6842 = ADVANCED_FACE('',(#6843),#6532,.F.);
#6843 = FACE_BOUND('',#6844,.F.);
#6844 = EDGE_LOOP('',(#6845,#6846,#6869,#6891));
#6845 = ORIENTED_EDGE('',*,*,#6515,.F.);
#6846 = ORIENTED_EDGE('',*,*,#6847,.F.);
#6847 = EDGE_CURVE('',#6848,#6516,#6850,.T.);
#6848 = VERTEX_POINT('',#6849);
#6849 = CARTESIAN_POINT('',(-35.500451267,-17.5,-6.7));
#6850 = SEAM_CURVE('',#6851,(#6855,#6862),.PCURVE_S1.);
#6851 = LINE('',#6852,#6853);
#6852 = CARTESIAN_POINT('',(-35.550451267,-17.5,-6.7));
#6853 = VECTOR('',#6854,1.);
#6854 = DIRECTION('',(1.,0.,0.));
#6855 = PCURVE('',#6532,#6856);
#6856 = DEFINITIONAL_REPRESENTATION('',(#6857),#6861);
#6857 = LINE('',#6858,#6859);
#6858 = CARTESIAN_POINT('',(6.28318530718,-0.));
#6859 = VECTOR('',#6860,1.);
#6860 = DIRECTION('',(0.,1.));
#6861 = ( GEOMETRIC_REPRESENTATION_CONTEXT(2)
PARAMETRIC_REPRESENTATION_CONTEXT() REPRESENTATION_CONTEXT('2D SPACE',''
  ) );
#6862 = PCURVE('',#6532,#6863);
#6863 = DEFINITIONAL_REPRESENTATION('',(#6864),#6868);
#6864 = LINE('',#6865,#6866);
#6865 = CARTESIAN_POINT('',(0.,-0.));
#6866 = VECTOR('',#6867,1.);
#6867 = DIRECTION('',(0.,1.));
#6868 = ( GEOMETRIC_REPRESENTATION_CONTEXT(2)
PARAMETRIC_REPRESENTATION_CONTEXT() REPRESENTATION_CONTEXT('2D SPACE',''
  ) );
#6869 = ORIENTED_EDGE('',*,*,#6870,.T.);
#6870 = EDGE_CURVE('',#6848,#6848,#6871,.T.);
#6871 = SURFACE_CURVE('',#6872,(#6877,#6884),.PCURVE_S1.);
#6872 = CIRCLE('',#6873,1.3);
#6873 = AXIS2_PLACEMENT_3D('',#6874,#6875,#6876);
#6874 = CARTESIAN_POINT('',(-35.500451267,-17.5,-8.));
#6875 = DIRECTION('',(1.,0.,0.));
#6876 = DIRECTION('',(-0.,0.,1.));
#6877 = PCURVE('',#6532,#6878);
#6878 = DEFINITIONAL_REPRESENTATION('',(#6879),#6883);
#6879 = LINE('',#6880,#6881);
#6880 = CARTESIAN_POINT('',(0.,5.E-02));
#6881 = VECTOR('',#6882,1.);
#6882 = DIRECTION('',(1.,0.));
#6883 = ( GEOMETRIC_REPRESENTATION_CONTEXT(2)
PARAMETRIC_REPRESENTATION_CONTEXT() REPRESENTATION_CONTEXT('2D SPACE',''
  ) );
#6884 = PCURVE('',#6615,#6885);
#6885 = DEFINITIONAL_REPRESENTATION('',(#6886),#6890);
#6886 = CIRCLE('',#6887,1.3);
#6887 = AXIS2_PLACEMENT_2D('',#6888,#6889);
#6888 = CARTESIAN_POINT('',(0.,0.));
#6889 = DIRECTION('',(1.,0.));
#6890 = ( GEOMETRIC_REPRESENTATION_CONTEXT(2)
PARAMETRIC_REPRESENTATION_CONTEXT() REPRESENTATION_CONTEXT('2D SPACE',''
  ) );
#6891 = ORIENTED_EDGE('',*,*,#6847,.T.);
#6892 = ADVANCED_FACE('',(#6893,#6896),#6615,.F.);
#6893 = FACE_BOUND('',#6894,.F.);
#6894 = EDGE_LOOP('',(#6895));
#6895 = ORIENTED_EDGE('',*,*,#6600,.T.);
#6896 = FACE_BOUND('',#6897,.F.);
#6897 = EDGE_LOOP('',(#6898));
#6898 = ORIENTED_EDGE('',*,*,#6870,.F.);
#6899 = ADVANCED_FACE('',(#6900,#6903),#6670,.F.);
#6900 = FACE_BOUND('',#6901,.F.);
#6901 = EDGE_LOOP('',(#6902));
#6902 = ORIENTED_EDGE('',*,*,#6655,.T.);
#6903 = FACE_BOUND('',#6904,.F.);
#6904 = EDGE_LOOP('',(#6905));
#6905 = ORIENTED_EDGE('',*,*,#6820,.F.);
#6906 = ADVANCED_FACE('',(#6907,#6910),#6725,.F.);
#6907 = FACE_BOUND('',#6908,.F.);
#6908 = EDGE_LOOP('',(#6909));
#6909 = ORIENTED_EDGE('',*,*,#6710,.T.);
#6910 = FACE_BOUND('',#6911,.F.);
#6911 = EDGE_LOOP('',(#6912));
#6912 = ORIENTED_EDGE('',*,*,#6913,.F.);
#6913 = EDGE_CURVE('',#6914,#6914,#6916,.T.);
#6914 = VERTEX_POINT('',#6915);
#6915 = CARTESIAN_POINT('',(35.550373036,7.347880794884E-16,-3.));
#6916 = SURFACE_CURVE('',#6917,(#6922,#6929),.PCURVE_S1.);
#6917 = CIRCLE('',#6918,3.);
#6918 = AXIS2_PLACEMENT_3D('',#6919,#6920,#6921);
#6919 = CARTESIAN_POINT('',(35.550373036,0.,0.));
#6920 = DIRECTION('',(-1.,0.,0.));
#6921 = DIRECTION('',(0.,0.,-1.));
#6922 = PCURVE('',#6725,#6923);
#6923 = DEFINITIONAL_REPRESENTATION('',(#6924),#6928);
#6924 = CIRCLE('',#6925,3.);
#6925 = AXIS2_PLACEMENT_2D('',#6926,#6927);
#6926 = CARTESIAN_POINT('',(0.,0.));
#6927 = DIRECTION('',(1.,0.));
#6928 = ( GEOMETRIC_REPRESENTATION_CONTEXT(2)
PARAMETRIC_REPRESENTATION_CONTEXT() REPRESENTATION_CONTEXT('2D SPACE',''
  ) );
#6929 = PCURVE('',#6930,#6935);
#6930 = CYLINDRICAL_SURFACE('',#6931,3.);
#6931 = AXIS2_PLACEMENT_3D('',#6932,#6933,#6934);
#6932 = CARTESIAN_POINT('',(35.550373036,0.,0.));
#6933 = DIRECTION('',(-1.,0.,0.));
#6934 = DIRECTION('',(0.,0.,-1.));
#6935 = DEFINITIONAL_REPRESENTATION('',(#6936),#6940);
#6936 = LINE('',#6937,#6938);
#6937 = CARTESIAN_POINT('',(0.,0.));
#6938 = VECTOR('',#6939,1.);
#6939 = DIRECTION('',(1.,0.));
#6940 = ( GEOMETRIC_REPRESENTATION_CONTEXT(2)
PARAMETRIC_REPRESENTATION_CONTEXT() REPRESENTATION_CONTEXT('2D SPACE',''
  ) );
#6941 = ADVANCED_FACE('',(#6942,#6968),#6758,.F.);
#6942 = FACE_BOUND('',#6943,.F.);
#6943 = EDGE_LOOP('',(#6944));
#6944 = ORIENTED_EDGE('',*,*,#6945,.T.);
#6945 = EDGE_CURVE('',#6946,#6946,#6948,.T.);
#6946 = VERTEX_POINT('',#6947);
#6947 = CARTESIAN_POINT('',(33.450373036,7.347880794884E-16,-3.));
#6948 = SURFACE_CURVE('',#6949,(#6954,#6961),.PCURVE_S1.);
#6949 = CIRCLE('',#6950,3.);
#6950 = AXIS2_PLACEMENT_3D('',#6951,#6952,#6953);
#6951 = CARTESIAN_POINT('',(33.450373036,0.,0.));
#6952 = DIRECTION('',(-1.,0.,0.));
#6953 = DIRECTION('',(0.,0.,-1.));
#6954 = PCURVE('',#6758,#6955);
#6955 = DEFINITIONAL_REPRESENTATION('',(#6956),#6960);
#6956 = CIRCLE('',#6957,3.);
#6957 = AXIS2_PLACEMENT_2D('',#6958,#6959);
#6958 = CARTESIAN_POINT('',(0.,0.));
#6959 = DIRECTION('',(1.,0.));
#6960 = ( GEOMETRIC_REPRESENTATION_CONTEXT(2)
PARAMETRIC_REPRESENTATION_CONTEXT() REPRESENTATION_CONTEXT('2D SPACE',''
  ) );
#6961 = PCURVE('',#6930,#6962);
#6962 = DEFINITIONAL_REPRESENTATION('',(#6963),#6967);
#6963 = LINE('',#6964,#6965);
#6964 = CARTESIAN_POINT('',(0.,2.1));
#6965 = VECTOR('',#6966,1.);
#6966 = DIRECTION('',(1.,0.));
#6967 = ( GEOMETRIC_REPRESENTATION_CONTEXT(2)
PARAMETRIC_REPRESENTATION_CONTEXT() REPRESENTATION_CONTEXT('2D SPACE',''
  ) );
#6968 = FACE_BOUND('',#6969,.F.);
#6969 = EDGE_LOOP('',(#6970));
#6970 = ORIENTED_EDGE('',*,*,#6741,.F.);
#6971 = ADVANCED_FACE('',(#6972),#6930,.F.);
#6972 = FACE_BOUND('',#6973,.F.);
#6973 = EDGE_LOOP('',(#6974,#6975,#6996,#6997));
#6974 = ORIENTED_EDGE('',*,*,#6945,.F.);
#6975 = ORIENTED_EDGE('',*,*,#6976,.F.);
#6976 = EDGE_CURVE('',#6914,#6946,#6977,.T.);
#6977 = SEAM_CURVE('',#6978,(#6982,#6989),.PCURVE_S1.);
#6978 = LINE('',#6979,#6980);
#6979 = CARTESIAN_POINT('',(35.550373036,7.347880794884E-16,-3.));
#6980 = VECTOR('',#6981,1.);
#6981 = DIRECTION('',(-1.,0.,0.));
#6982 = PCURVE('',#6930,#6983);
#6983 = DEFINITIONAL_REPRESENTATION('',(#6984),#6988);
#6984 = LINE('',#6985,#6986);
#6985 = CARTESIAN_POINT('',(6.28318530718,-0.));
#6986 = VECTOR('',#6987,1.);
#6987 = DIRECTION('',(0.,1.));
#6988 = ( GEOMETRIC_REPRESENTATION_CONTEXT(2)
PARAMETRIC_REPRESENTATION_CONTEXT() REPRESENTATION_CONTEXT('2D SPACE',''
  ) );
#6989 = PCURVE('',#6930,#6990);
#6990 = DEFINITIONAL_REPRESENTATION('',(#6991),#6995);
#6991 = LINE('',#6992,#6993);
#6992 = CARTESIAN_POINT('',(0.,-0.));
#6993 = VECTOR('',#6994,1.);
#6994 = DIRECTION('',(0.,1.));
#6995 = ( GEOMETRIC_REPRESENTATION_CONTEXT(2)
PARAMETRIC_REPRESENTATION_CONTEXT() REPRESENTATION_CONTEXT('2D SPACE',''
  ) );
#6996 = ORIENTED_EDGE('',*,*,#6913,.T.);
#6997 = ORIENTED_EDGE('',*,*,#6976,.T.);
#6998 = ( GEOMETRIC_REPRESENTATION_CONTEXT(3)
GLOBAL_UNCERTAINTY_ASSIGNED_CONTEXT((#7002))
GLOBAL_UNIT_ASSIGNED_CONTEXT((#6999,#7000,#7001)) REPRESENTATION_CONTEXT
('Context #1','3D Context with UNIT and UNCERTAINTY') );
#6999 = ( LENGTH_UNIT() NAMED_UNIT(*) SI_UNIT(.MILLI.,.METRE.) );
#7000 = ( NAMED_UNIT(*) PLANE_ANGLE_UNIT() SI_UNIT($,.RADIAN.) );
#7001 = ( NAMED_UNIT(*) SI_UNIT($,.STERADIAN.) SOLID_ANGLE_UNIT() );
#7002 = UNCERTAINTY_MEASURE_WITH_UNIT(LENGTH_MEASURE(1.E-06),#6999,
  'distance_accuracy_value','confusion accuracy');
#7003 = PRODUCT_RELATED_PRODUCT_CATEGORY('part',$,(#7));
ENDSEC;
END-ISO-10303-21;
